/*--------------------------------*- C++ -*----------------------------------*\
  =========                 |
  \\      /  F ield         | OpenFOAM: The Open Source CFD Toolbox
   \\    /   O peration     | Website:  https://openfoam.org
    \\  /    A nd           | Version:  13
     \\/     M anipulation  |
\*---------------------------------------------------------------------------*/
FoamFile
{
    format      ascii;
    class       labelList;
    note        "nPoints: 19493 nCells: 18000 nFaces: 55380 nInternalFaces: 52620";
    location    "constant/polyMesh";
    object      neighbour;
}
// * * * * * * * * * * * * * * * * * * * * * * * * * * * * * * * * * * * * * //


52620
(
1
6
36
3600
2
7
37
3
8
38
4
9
39
5
10
40
11
41
7205
7
12
42
3601
8
13
43
9
14
44
10
15
45
11
16
46
17
47
7204
13
18
48
3602
14
19
49
15
20
50
16
21
51
17
22
52
23
53
7203
19
24
54
3603
20
25
55
21
26
56
22
27
57
23
28
58
29
59
7202
25
30
60
3604
26
31
61
27
32
62
28
33
63
29
34
64
35
65
7201
31
66
3605
14400
32
67
14401
33
68
14402
34
69
14403
35
70
14404
71
7200
14405
37
42
72
3636
38
43
73
39
44
74
40
45
75
41
46
76
47
77
7241
43
48
78
3637
44
49
79
45
50
80
46
51
81
47
52
82
53
83
7240
49
54
84
3638
50
55
85
51
56
86
52
57
87
53
58
88
59
89
7239
55
60
90
3639
56
61
91
57
62
92
58
63
93
59
64
94
65
95
7238
61
66
96
3640
62
67
97
63
68
98
64
69
99
65
70
100
71
101
7237
67
102
3641
14436
68
103
14437
69
104
14438
70
105
14439
71
106
14440
107
7236
14441
73
78
108
3672
74
79
109
75
80
110
76
81
111
77
82
112
83
113
7277
79
84
114
3673
80
85
115
81
86
116
82
87
117
83
88
118
89
119
7276
85
90
120
3674
86
91
121
87
92
122
88
93
123
89
94
124
95
125
7275
91
96
126
3675
92
97
127
93
98
128
94
99
129
95
100
130
101
131
7274
97
102
132
3676
98
103
133
99
104
134
100
105
135
101
106
136
107
137
7273
103
138
3677
14472
104
139
14473
105
140
14474
106
141
14475
107
142
14476
143
7272
14477
109
114
144
3708
110
115
145
111
116
146
112
117
147
113
118
148
119
149
7313
115
120
150
3709
116
121
151
117
122
152
118
123
153
119
124
154
125
155
7312
121
126
156
3710
122
127
157
123
128
158
124
129
159
125
130
160
131
161
7311
127
132
162
3711
128
133
163
129
134
164
130
135
165
131
136
166
137
167
7310
133
138
168
3712
134
139
169
135
140
170
136
141
171
137
142
172
143
173
7309
139
174
3713
14508
140
175
14509
141
176
14510
142
177
14511
143
178
14512
179
7308
14513
145
150
180
3744
146
151
181
147
152
182
148
153
183
149
154
184
155
185
7349
151
156
186
3745
152
157
187
153
158
188
154
159
189
155
160
190
161
191
7348
157
162
192
3746
158
163
193
159
164
194
160
165
195
161
166
196
167
197
7347
163
168
198
3747
164
169
199
165
170
200
166
171
201
167
172
202
173
203
7346
169
174
204
3748
170
175
205
171
176
206
172
177
207
173
178
208
179
209
7345
175
210
3749
14544
176
211
14545
177
212
14546
178
213
14547
179
214
14548
215
7344
14549
181
186
216
3780
182
187
217
183
188
218
184
189
219
185
190
220
191
221
7385
187
192
222
3781
188
193
223
189
194
224
190
195
225
191
196
226
197
227
7384
193
198
228
3782
194
199
229
195
200
230
196
201
231
197
202
232
203
233
7383
199
204
234
3783
200
205
235
201
206
236
202
207
237
203
208
238
209
239
7382
205
210
240
3784
206
211
241
207
212
242
208
213
243
209
214
244
215
245
7381
211
246
3785
14580
212
247
14581
213
248
14582
214
249
14583
215
250
14584
251
7380
14585
217
222
252
3816
218
223
253
219
224
254
220
225
255
221
226
256
227
257
7421
223
228
258
3817
224
229
259
225
230
260
226
231
261
227
232
262
233
263
7420
229
234
264
3818
230
235
265
231
236
266
232
237
267
233
238
268
239
269
7419
235
240
270
3819
236
241
271
237
242
272
238
243
273
239
244
274
245
275
7418
241
246
276
3820
242
247
277
243
248
278
244
249
279
245
250
280
251
281
7417
247
282
3821
14616
248
283
14617
249
284
14618
250
285
14619
251
286
14620
287
7416
14621
253
258
288
3852
254
259
289
255
260
290
256
261
291
257
262
292
263
293
7457
259
264
294
3853
260
265
295
261
266
296
262
267
297
263
268
298
269
299
7456
265
270
300
3854
266
271
301
267
272
302
268
273
303
269
274
304
275
305
7455
271
276
306
3855
272
277
307
273
278
308
274
279
309
275
280
310
281
311
7454
277
282
312
3856
278
283
313
279
284
314
280
285
315
281
286
316
287
317
7453
283
318
3857
14652
284
319
14653
285
320
14654
286
321
14655
287
322
14656
323
7452
14657
289
294
324
3888
290
295
325
291
296
326
292
297
327
293
298
328
299
329
7493
295
300
330
3889
296
301
331
297
302
332
298
303
333
299
304
334
305
335
7492
301
306
336
3890
302
307
337
303
308
338
304
309
339
305
310
340
311
341
7491
307
312
342
3891
308
313
343
309
314
344
310
315
345
311
316
346
317
347
7490
313
318
348
3892
314
319
349
315
320
350
316
321
351
317
322
352
323
353
7489
319
354
3893
14688
320
355
14689
321
356
14690
322
357
14691
323
358
14692
359
7488
14693
325
330
360
3924
326
331
361
327
332
362
328
333
363
329
334
364
335
365
7529
331
336
366
3925
332
337
367
333
338
368
334
339
369
335
340
370
341
371
7528
337
342
372
3926
338
343
373
339
344
374
340
345
375
341
346
376
347
377
7527
343
348
378
3927
344
349
379
345
350
380
346
351
381
347
352
382
353
383
7526
349
354
384
3928
350
355
385
351
356
386
352
357
387
353
358
388
359
389
7525
355
390
3929
14724
356
391
14725
357
392
14726
358
393
14727
359
394
14728
395
7524
14729
361
366
396
3960
362
367
397
363
368
398
364
369
399
365
370
400
371
401
7565
367
372
402
3961
368
373
403
369
374
404
370
375
405
371
376
406
377
407
7564
373
378
408
3962
374
379
409
375
380
410
376
381
411
377
382
412
383
413
7563
379
384
414
3963
380
385
415
381
386
416
382
387
417
383
388
418
389
419
7562
385
390
420
3964
386
391
421
387
392
422
388
393
423
389
394
424
395
425
7561
391
426
3965
14760
392
427
14761
393
428
14762
394
429
14763
395
430
14764
431
7560
14765
397
402
432
3996
398
403
433
399
404
434
400
405
435
401
406
436
407
437
7601
403
408
438
3997
404
409
439
405
410
440
406
411
441
407
412
442
413
443
7600
409
414
444
3998
410
415
445
411
416
446
412
417
447
413
418
448
419
449
7599
415
420
450
3999
416
421
451
417
422
452
418
423
453
419
424
454
425
455
7598
421
426
456
4000
422
427
457
423
428
458
424
429
459
425
430
460
431
461
7597
427
462
4001
14796
428
463
14797
429
464
14798
430
465
14799
431
466
14800
467
7596
14801
433
438
468
4032
434
439
469
435
440
470
436
441
471
437
442
472
443
473
7637
439
444
474
4033
440
445
475
441
446
476
442
447
477
443
448
478
449
479
7636
445
450
480
4034
446
451
481
447
452
482
448
453
483
449
454
484
455
485
7635
451
456
486
4035
452
457
487
453
458
488
454
459
489
455
460
490
461
491
7634
457
462
492
4036
458
463
493
459
464
494
460
465
495
461
466
496
467
497
7633
463
498
4037
14832
464
499
14833
465
500
14834
466
501
14835
467
502
14836
503
7632
14837
469
474
504
4068
470
475
505
471
476
506
472
477
507
473
478
508
479
509
7673
475
480
510
4069
476
481
511
477
482
512
478
483
513
479
484
514
485
515
7672
481
486
516
4070
482
487
517
483
488
518
484
489
519
485
490
520
491
521
7671
487
492
522
4071
488
493
523
489
494
524
490
495
525
491
496
526
497
527
7670
493
498
528
4072
494
499
529
495
500
530
496
501
531
497
502
532
503
533
7669
499
534
4073
14868
500
535
14869
501
536
14870
502
537
14871
503
538
14872
539
7668
14873
505
510
540
4104
506
511
541
507
512
542
508
513
543
509
514
544
515
545
7709
511
516
546
4105
512
517
547
513
518
548
514
519
549
515
520
550
521
551
7708
517
522
552
4106
518
523
553
519
524
554
520
525
555
521
526
556
527
557
7707
523
528
558
4107
524
529
559
525
530
560
526
531
561
527
532
562
533
563
7706
529
534
564
4108
530
535
565
531
536
566
532
537
567
533
538
568
539
569
7705
535
570
4109
14904
536
571
14905
537
572
14906
538
573
14907
539
574
14908
575
7704
14909
541
546
576
4140
542
547
577
543
548
578
544
549
579
545
550
580
551
581
7745
547
552
582
4141
548
553
583
549
554
584
550
555
585
551
556
586
557
587
7744
553
558
588
4142
554
559
589
555
560
590
556
561
591
557
562
592
563
593
7743
559
564
594
4143
560
565
595
561
566
596
562
567
597
563
568
598
569
599
7742
565
570
600
4144
566
571
601
567
572
602
568
573
603
569
574
604
575
605
7741
571
606
4145
14940
572
607
14941
573
608
14942
574
609
14943
575
610
14944
611
7740
14945
577
582
612
4176
578
583
613
579
584
614
580
585
615
581
586
616
587
617
7781
583
588
618
4177
584
589
619
585
590
620
586
591
621
587
592
622
593
623
7780
589
594
624
4178
590
595
625
591
596
626
592
597
627
593
598
628
599
629
7779
595
600
630
4179
596
601
631
597
602
632
598
603
633
599
604
634
605
635
7778
601
606
636
4180
602
607
637
603
608
638
604
609
639
605
610
640
611
641
7777
607
642
4181
14976
608
643
14977
609
644
14978
610
645
14979
611
646
14980
647
7776
14981
613
618
648
4212
614
619
649
615
620
650
616
621
651
617
622
652
623
653
7817
619
624
654
4213
620
625
655
621
626
656
622
627
657
623
628
658
629
659
7816
625
630
660
4214
626
631
661
627
632
662
628
633
663
629
634
664
635
665
7815
631
636
666
4215
632
637
667
633
638
668
634
639
669
635
640
670
641
671
7814
637
642
672
4216
638
643
673
639
644
674
640
645
675
641
646
676
647
677
7813
643
678
4217
15012
644
679
15013
645
680
15014
646
681
15015
647
682
15016
683
7812
15017
649
654
684
4248
650
655
685
651
656
686
652
657
687
653
658
688
659
689
7853
655
660
690
4249
656
661
691
657
662
692
658
663
693
659
664
694
665
695
7852
661
666
696
4250
662
667
697
663
668
698
664
669
699
665
670
700
671
701
7851
667
672
702
4251
668
673
703
669
674
704
670
675
705
671
676
706
677
707
7850
673
678
708
4252
674
679
709
675
680
710
676
681
711
677
682
712
683
713
7849
679
714
4253
15048
680
715
15049
681
716
15050
682
717
15051
683
718
15052
719
7848
15053
685
690
720
4284
686
691
721
687
692
722
688
693
723
689
694
724
695
725
7889
691
696
726
4285
692
697
727
693
698
728
694
699
729
695
700
730
701
731
7888
697
702
732
4286
698
703
733
699
704
734
700
705
735
701
706
736
707
737
7887
703
708
738
4287
704
709
739
705
710
740
706
711
741
707
712
742
713
743
7886
709
714
744
4288
710
715
745
711
716
746
712
717
747
713
718
748
719
749
7885
715
750
4289
15084
716
751
15085
717
752
15086
718
753
15087
719
754
15088
755
7884
15089
721
726
756
4320
722
727
757
723
728
758
724
729
759
725
730
760
731
761
7925
727
732
762
4321
728
733
763
729
734
764
730
735
765
731
736
766
737
767
7924
733
738
768
4322
734
739
769
735
740
770
736
741
771
737
742
772
743
773
7923
739
744
774
4323
740
745
775
741
746
776
742
747
777
743
748
778
749
779
7922
745
750
780
4324
746
751
781
747
752
782
748
753
783
749
754
784
755
785
7921
751
786
4325
15120
752
787
15121
753
788
15122
754
789
15123
755
790
15124
791
7920
15125
757
762
792
4356
758
763
793
759
764
794
760
765
795
761
766
796
767
797
7961
763
768
798
4357
764
769
799
765
770
800
766
771
801
767
772
802
773
803
7960
769
774
804
4358
770
775
805
771
776
806
772
777
807
773
778
808
779
809
7959
775
780
810
4359
776
781
811
777
782
812
778
783
813
779
784
814
785
815
7958
781
786
816
4360
782
787
817
783
788
818
784
789
819
785
790
820
791
821
7957
787
822
4361
15156
788
823
15157
789
824
15158
790
825
15159
791
826
15160
827
7956
15161
793
798
828
4392
794
799
829
795
800
830
796
801
831
797
802
832
803
833
7997
799
804
834
4393
800
805
835
801
806
836
802
807
837
803
808
838
809
839
7996
805
810
840
4394
806
811
841
807
812
842
808
813
843
809
814
844
815
845
7995
811
816
846
4395
812
817
847
813
818
848
814
819
849
815
820
850
821
851
7994
817
822
852
4396
818
823
853
819
824
854
820
825
855
821
826
856
827
857
7993
823
858
4397
15192
824
859
15193
825
860
15194
826
861
15195
827
862
15196
863
7992
15197
829
834
864
4428
830
835
865
831
836
866
832
837
867
833
838
868
839
869
8033
835
840
870
4429
836
841
871
837
842
872
838
843
873
839
844
874
845
875
8032
841
846
876
4430
842
847
877
843
848
878
844
849
879
845
850
880
851
881
8031
847
852
882
4431
848
853
883
849
854
884
850
855
885
851
856
886
857
887
8030
853
858
888
4432
854
859
889
855
860
890
856
861
891
857
862
892
863
893
8029
859
894
4433
15228
860
895
15229
861
896
15230
862
897
15231
863
898
15232
899
8028
15233
865
870
900
4464
866
871
901
867
872
902
868
873
903
869
874
904
875
905
8069
871
876
906
4465
872
877
907
873
878
908
874
879
909
875
880
910
881
911
8068
877
882
912
4466
878
883
913
879
884
914
880
885
915
881
886
916
887
917
8067
883
888
918
4467
884
889
919
885
890
920
886
891
921
887
892
922
893
923
8066
889
894
924
4468
890
895
925
891
896
926
892
897
927
893
898
928
899
929
8065
895
930
4469
15264
896
931
15265
897
932
15266
898
933
15267
899
934
15268
935
8064
15269
901
906
936
4500
902
907
937
903
908
938
904
909
939
905
910
940
911
941
8105
907
912
942
4501
908
913
943
909
914
944
910
915
945
911
916
946
917
947
8104
913
918
948
4502
914
919
949
915
920
950
916
921
951
917
922
952
923
953
8103
919
924
954
4503
920
925
955
921
926
956
922
927
957
923
928
958
929
959
8102
925
930
960
4504
926
931
961
927
932
962
928
933
963
929
934
964
935
965
8101
931
966
4505
15300
932
967
15301
933
968
15302
934
969
15303
935
970
15304
971
8100
15305
937
942
972
4536
938
943
973
939
944
974
940
945
975
941
946
976
947
977
8141
943
948
978
4537
944
949
979
945
950
980
946
951
981
947
952
982
953
983
8140
949
954
984
4538
950
955
985
951
956
986
952
957
987
953
958
988
959
989
8139
955
960
990
4539
956
961
991
957
962
992
958
963
993
959
964
994
965
995
8138
961
966
996
4540
962
967
997
963
968
998
964
969
999
965
970
1000
971
1001
8137
967
1002
4541
15336
968
1003
15337
969
1004
15338
970
1005
15339
971
1006
15340
1007
8136
15341
973
978
1008
4572
974
979
1009
975
980
1010
976
981
1011
977
982
1012
983
1013
8177
979
984
1014
4573
980
985
1015
981
986
1016
982
987
1017
983
988
1018
989
1019
8176
985
990
1020
4574
986
991
1021
987
992
1022
988
993
1023
989
994
1024
995
1025
8175
991
996
1026
4575
992
997
1027
993
998
1028
994
999
1029
995
1000
1030
1001
1031
8174
997
1002
1032
4576
998
1003
1033
999
1004
1034
1000
1005
1035
1001
1006
1036
1007
1037
8173
1003
1038
4577
15372
1004
1039
15373
1005
1040
15374
1006
1041
15375
1007
1042
15376
1043
8172
15377
1009
1014
1044
4608
1010
1015
1045
1011
1016
1046
1012
1017
1047
1013
1018
1048
1019
1049
8213
1015
1020
1050
4609
1016
1021
1051
1017
1022
1052
1018
1023
1053
1019
1024
1054
1025
1055
8212
1021
1026
1056
4610
1022
1027
1057
1023
1028
1058
1024
1029
1059
1025
1030
1060
1031
1061
8211
1027
1032
1062
4611
1028
1033
1063
1029
1034
1064
1030
1035
1065
1031
1036
1066
1037
1067
8210
1033
1038
1068
4612
1034
1039
1069
1035
1040
1070
1036
1041
1071
1037
1042
1072
1043
1073
8209
1039
1074
4613
15408
1040
1075
15409
1041
1076
15410
1042
1077
15411
1043
1078
15412
1079
8208
15413
1045
1050
1080
4644
1046
1051
1081
1047
1052
1082
1048
1053
1083
1049
1054
1084
1055
1085
8249
1051
1056
1086
4645
1052
1057
1087
1053
1058
1088
1054
1059
1089
1055
1060
1090
1061
1091
8248
1057
1062
1092
4646
1058
1063
1093
1059
1064
1094
1060
1065
1095
1061
1066
1096
1067
1097
8247
1063
1068
1098
4647
1064
1069
1099
1065
1070
1100
1066
1071
1101
1067
1072
1102
1073
1103
8246
1069
1074
1104
4648
1070
1075
1105
1071
1076
1106
1072
1077
1107
1073
1078
1108
1079
1109
8245
1075
1110
4649
15444
1076
1111
15445
1077
1112
15446
1078
1113
15447
1079
1114
15448
1115
8244
15449
1081
1086
1116
4680
1082
1087
1117
1083
1088
1118
1084
1089
1119
1085
1090
1120
1091
1121
8285
1087
1092
1122
4681
1088
1093
1123
1089
1094
1124
1090
1095
1125
1091
1096
1126
1097
1127
8284
1093
1098
1128
4682
1094
1099
1129
1095
1100
1130
1096
1101
1131
1097
1102
1132
1103
1133
8283
1099
1104
1134
4683
1100
1105
1135
1101
1106
1136
1102
1107
1137
1103
1108
1138
1109
1139
8282
1105
1110
1140
4684
1106
1111
1141
1107
1112
1142
1108
1113
1143
1109
1114
1144
1115
1145
8281
1111
1146
4685
15480
1112
1147
15481
1113
1148
15482
1114
1149
15483
1115
1150
15484
1151
8280
15485
1117
1122
1152
4716
1118
1123
1153
1119
1124
1154
1120
1125
1155
1121
1126
1156
1127
1157
8321
1123
1128
1158
4717
1124
1129
1159
1125
1130
1160
1126
1131
1161
1127
1132
1162
1133
1163
8320
1129
1134
1164
4718
1130
1135
1165
1131
1136
1166
1132
1137
1167
1133
1138
1168
1139
1169
8319
1135
1140
1170
4719
1136
1141
1171
1137
1142
1172
1138
1143
1173
1139
1144
1174
1145
1175
8318
1141
1146
1176
4720
1142
1147
1177
1143
1148
1178
1144
1149
1179
1145
1150
1180
1151
1181
8317
1147
1182
4721
15516
1148
1183
15517
1149
1184
15518
1150
1185
15519
1151
1186
15520
1187
8316
15521
1153
1158
1188
4752
1154
1159
1189
1155
1160
1190
1156
1161
1191
1157
1162
1192
1163
1193
8357
1159
1164
1194
4753
1160
1165
1195
1161
1166
1196
1162
1167
1197
1163
1168
1198
1169
1199
8356
1165
1170
1200
4754
1166
1171
1201
1167
1172
1202
1168
1173
1203
1169
1174
1204
1175
1205
8355
1171
1176
1206
4755
1172
1177
1207
1173
1178
1208
1174
1179
1209
1175
1180
1210
1181
1211
8354
1177
1182
1212
4756
1178
1183
1213
1179
1184
1214
1180
1185
1215
1181
1186
1216
1187
1217
8353
1183
1218
4757
15552
1184
1219
15553
1185
1220
15554
1186
1221
15555
1187
1222
15556
1223
8352
15557
1189
1194
1224
4788
1190
1195
1225
1191
1196
1226
1192
1197
1227
1193
1198
1228
1199
1229
8393
1195
1200
1230
4789
1196
1201
1231
1197
1202
1232
1198
1203
1233
1199
1204
1234
1205
1235
8392
1201
1206
1236
4790
1202
1207
1237
1203
1208
1238
1204
1209
1239
1205
1210
1240
1211
1241
8391
1207
1212
1242
4791
1208
1213
1243
1209
1214
1244
1210
1215
1245
1211
1216
1246
1217
1247
8390
1213
1218
1248
4792
1214
1219
1249
1215
1220
1250
1216
1221
1251
1217
1222
1252
1223
1253
8389
1219
1254
4793
15588
1220
1255
15589
1221
1256
15590
1222
1257
15591
1223
1258
15592
1259
8388
15593
1225
1230
1260
4824
1226
1231
1261
1227
1232
1262
1228
1233
1263
1229
1234
1264
1235
1265
8429
1231
1236
1266
4825
1232
1237
1267
1233
1238
1268
1234
1239
1269
1235
1240
1270
1241
1271
8428
1237
1242
1272
4826
1238
1243
1273
1239
1244
1274
1240
1245
1275
1241
1246
1276
1247
1277
8427
1243
1248
1278
4827
1244
1249
1279
1245
1250
1280
1246
1251
1281
1247
1252
1282
1253
1283
8426
1249
1254
1284
4828
1250
1255
1285
1251
1256
1286
1252
1257
1287
1253
1258
1288
1259
1289
8425
1255
1290
4829
15624
1256
1291
15625
1257
1292
15626
1258
1293
15627
1259
1294
15628
1295
8424
15629
1261
1266
1296
4860
1262
1267
1297
1263
1268
1298
1264
1269
1299
1265
1270
1300
1271
1301
8465
1267
1272
1302
4861
1268
1273
1303
1269
1274
1304
1270
1275
1305
1271
1276
1306
1277
1307
8464
1273
1278
1308
4862
1274
1279
1309
1275
1280
1310
1276
1281
1311
1277
1282
1312
1283
1313
8463
1279
1284
1314
4863
1280
1285
1315
1281
1286
1316
1282
1287
1317
1283
1288
1318
1289
1319
8462
1285
1290
1320
4864
1286
1291
1321
1287
1292
1322
1288
1293
1323
1289
1294
1324
1295
1325
8461
1291
1326
4865
15660
1292
1327
15661
1293
1328
15662
1294
1329
15663
1295
1330
15664
1331
8460
15665
1297
1302
1332
4896
1298
1303
1333
1299
1304
1334
1300
1305
1335
1301
1306
1336
1307
1337
8501
1303
1308
1338
4897
1304
1309
1339
1305
1310
1340
1306
1311
1341
1307
1312
1342
1313
1343
8500
1309
1314
1344
4898
1310
1315
1345
1311
1316
1346
1312
1317
1347
1313
1318
1348
1319
1349
8499
1315
1320
1350
4899
1316
1321
1351
1317
1322
1352
1318
1323
1353
1319
1324
1354
1325
1355
8498
1321
1326
1356
4900
1322
1327
1357
1323
1328
1358
1324
1329
1359
1325
1330
1360
1331
1361
8497
1327
1362
4901
15696
1328
1363
15697
1329
1364
15698
1330
1365
15699
1331
1366
15700
1367
8496
15701
1333
1338
1368
4932
1334
1339
1369
1335
1340
1370
1336
1341
1371
1337
1342
1372
1343
1373
8537
1339
1344
1374
4933
1340
1345
1375
1341
1346
1376
1342
1347
1377
1343
1348
1378
1349
1379
8536
1345
1350
1380
4934
1346
1351
1381
1347
1352
1382
1348
1353
1383
1349
1354
1384
1355
1385
8535
1351
1356
1386
4935
1352
1357
1387
1353
1358
1388
1354
1359
1389
1355
1360
1390
1361
1391
8534
1357
1362
1392
4936
1358
1363
1393
1359
1364
1394
1360
1365
1395
1361
1366
1396
1367
1397
8533
1363
1398
4937
15732
1364
1399
15733
1365
1400
15734
1366
1401
15735
1367
1402
15736
1403
8532
15737
1369
1374
1404
4968
1370
1375
1405
1371
1376
1406
1372
1377
1407
1373
1378
1408
1379
1409
8573
1375
1380
1410
4969
1376
1381
1411
1377
1382
1412
1378
1383
1413
1379
1384
1414
1385
1415
8572
1381
1386
1416
4970
1382
1387
1417
1383
1388
1418
1384
1389
1419
1385
1390
1420
1391
1421
8571
1387
1392
1422
4971
1388
1393
1423
1389
1394
1424
1390
1395
1425
1391
1396
1426
1397
1427
8570
1393
1398
1428
4972
1394
1399
1429
1395
1400
1430
1396
1401
1431
1397
1402
1432
1403
1433
8569
1399
1434
4973
15768
1400
1435
15769
1401
1436
15770
1402
1437
15771
1403
1438
15772
1439
8568
15773
1405
1410
1440
5004
1406
1411
1441
1407
1412
1442
1408
1413
1443
1409
1414
1444
1415
1445
8609
1411
1416
1446
5005
1412
1417
1447
1413
1418
1448
1414
1419
1449
1415
1420
1450
1421
1451
8608
1417
1422
1452
5006
1418
1423
1453
1419
1424
1454
1420
1425
1455
1421
1426
1456
1427
1457
8607
1423
1428
1458
5007
1424
1429
1459
1425
1430
1460
1426
1431
1461
1427
1432
1462
1433
1463
8606
1429
1434
1464
5008
1430
1435
1465
1431
1436
1466
1432
1437
1467
1433
1438
1468
1439
1469
8605
1435
1470
5009
15804
1436
1471
15805
1437
1472
15806
1438
1473
15807
1439
1474
15808
1475
8604
15809
1441
1446
1476
5040
1442
1447
1477
1443
1448
1478
1444
1449
1479
1445
1450
1480
1451
1481
8645
1447
1452
1482
5041
1448
1453
1483
1449
1454
1484
1450
1455
1485
1451
1456
1486
1457
1487
8644
1453
1458
1488
5042
1454
1459
1489
1455
1460
1490
1456
1461
1491
1457
1462
1492
1463
1493
8643
1459
1464
1494
5043
1460
1465
1495
1461
1466
1496
1462
1467
1497
1463
1468
1498
1469
1499
8642
1465
1470
1500
5044
1466
1471
1501
1467
1472
1502
1468
1473
1503
1469
1474
1504
1475
1505
8641
1471
1506
5045
15840
1472
1507
15841
1473
1508
15842
1474
1509
15843
1475
1510
15844
1511
8640
15845
1477
1482
1512
5076
1478
1483
1513
1479
1484
1514
1480
1485
1515
1481
1486
1516
1487
1517
8681
1483
1488
1518
5077
1484
1489
1519
1485
1490
1520
1486
1491
1521
1487
1492
1522
1493
1523
8680
1489
1494
1524
5078
1490
1495
1525
1491
1496
1526
1492
1497
1527
1493
1498
1528
1499
1529
8679
1495
1500
1530
5079
1496
1501
1531
1497
1502
1532
1498
1503
1533
1499
1504
1534
1505
1535
8678
1501
1506
1536
5080
1502
1507
1537
1503
1508
1538
1504
1509
1539
1505
1510
1540
1511
1541
8677
1507
1542
5081
15876
1508
1543
15877
1509
1544
15878
1510
1545
15879
1511
1546
15880
1547
8676
15881
1513
1518
1548
5112
1514
1519
1549
1515
1520
1550
1516
1521
1551
1517
1522
1552
1523
1553
8717
1519
1524
1554
5113
1520
1525
1555
1521
1526
1556
1522
1527
1557
1523
1528
1558
1529
1559
8716
1525
1530
1560
5114
1526
1531
1561
1527
1532
1562
1528
1533
1563
1529
1534
1564
1535
1565
8715
1531
1536
1566
5115
1532
1537
1567
1533
1538
1568
1534
1539
1569
1535
1540
1570
1541
1571
8714
1537
1542
1572
5116
1538
1543
1573
1539
1544
1574
1540
1545
1575
1541
1546
1576
1547
1577
8713
1543
1578
5117
15912
1544
1579
15913
1545
1580
15914
1546
1581
15915
1547
1582
15916
1583
8712
15917
1549
1554
1584
5148
1550
1555
1585
1551
1556
1586
1552
1557
1587
1553
1558
1588
1559
1589
8753
1555
1560
1590
5149
1556
1561
1591
1557
1562
1592
1558
1563
1593
1559
1564
1594
1565
1595
8752
1561
1566
1596
5150
1562
1567
1597
1563
1568
1598
1564
1569
1599
1565
1570
1600
1571
1601
8751
1567
1572
1602
5151
1568
1573
1603
1569
1574
1604
1570
1575
1605
1571
1576
1606
1577
1607
8750
1573
1578
1608
5152
1574
1579
1609
1575
1580
1610
1576
1581
1611
1577
1582
1612
1583
1613
8749
1579
1614
5153
15948
1580
1615
15949
1581
1616
15950
1582
1617
15951
1583
1618
15952
1619
8748
15953
1585
1590
1620
5184
1586
1591
1621
1587
1592
1622
1588
1593
1623
1589
1594
1624
1595
1625
8789
1591
1596
1626
5185
1592
1597
1627
1593
1598
1628
1594
1599
1629
1595
1600
1630
1601
1631
8788
1597
1602
1632
5186
1598
1603
1633
1599
1604
1634
1600
1605
1635
1601
1606
1636
1607
1637
8787
1603
1608
1638
5187
1604
1609
1639
1605
1610
1640
1606
1611
1641
1607
1612
1642
1613
1643
8786
1609
1614
1644
5188
1610
1615
1645
1611
1616
1646
1612
1617
1647
1613
1618
1648
1619
1649
8785
1615
1650
5189
15984
1616
1651
15985
1617
1652
15986
1618
1653
15987
1619
1654
15988
1655
8784
15989
1621
1626
1656
5220
1622
1627
1657
1623
1628
1658
1624
1629
1659
1625
1630
1660
1631
1661
8825
1627
1632
1662
5221
1628
1633
1663
1629
1634
1664
1630
1635
1665
1631
1636
1666
1637
1667
8824
1633
1638
1668
5222
1634
1639
1669
1635
1640
1670
1636
1641
1671
1637
1642
1672
1643
1673
8823
1639
1644
1674
5223
1640
1645
1675
1641
1646
1676
1642
1647
1677
1643
1648
1678
1649
1679
8822
1645
1650
1680
5224
1646
1651
1681
1647
1652
1682
1648
1653
1683
1649
1654
1684
1655
1685
8821
1651
1686
5225
16020
1652
1687
16021
1653
1688
16022
1654
1689
16023
1655
1690
16024
1691
8820
16025
1657
1662
1692
5256
1658
1663
1693
1659
1664
1694
1660
1665
1695
1661
1666
1696
1667
1697
8861
1663
1668
1698
5257
1664
1669
1699
1665
1670
1700
1666
1671
1701
1667
1672
1702
1673
1703
8860
1669
1674
1704
5258
1670
1675
1705
1671
1676
1706
1672
1677
1707
1673
1678
1708
1679
1709
8859
1675
1680
1710
5259
1676
1681
1711
1677
1682
1712
1678
1683
1713
1679
1684
1714
1685
1715
8858
1681
1686
1716
5260
1682
1687
1717
1683
1688
1718
1684
1689
1719
1685
1690
1720
1691
1721
8857
1687
1722
5261
16056
1688
1723
16057
1689
1724
16058
1690
1725
16059
1691
1726
16060
1727
8856
16061
1693
1698
1728
5292
1694
1699
1729
1695
1700
1730
1696
1701
1731
1697
1702
1732
1703
1733
8897
1699
1704
1734
5293
1700
1705
1735
1701
1706
1736
1702
1707
1737
1703
1708
1738
1709
1739
8896
1705
1710
1740
5294
1706
1711
1741
1707
1712
1742
1708
1713
1743
1709
1714
1744
1715
1745
8895
1711
1716
1746
5295
1712
1717
1747
1713
1718
1748
1714
1719
1749
1715
1720
1750
1721
1751
8894
1717
1722
1752
5296
1718
1723
1753
1719
1724
1754
1720
1725
1755
1721
1726
1756
1727
1757
8893
1723
1758
5297
16092
1724
1759
16093
1725
1760
16094
1726
1761
16095
1727
1762
16096
1763
8892
16097
1729
1734
1764
5328
1730
1735
1765
1731
1736
1766
1732
1737
1767
1733
1738
1768
1739
1769
8933
1735
1740
1770
5329
1736
1741
1771
1737
1742
1772
1738
1743
1773
1739
1744
1774
1745
1775
8932
1741
1746
1776
5330
1742
1747
1777
1743
1748
1778
1744
1749
1779
1745
1750
1780
1751
1781
8931
1747
1752
1782
5331
1748
1753
1783
1749
1754
1784
1750
1755
1785
1751
1756
1786
1757
1787
8930
1753
1758
1788
5332
1754
1759
1789
1755
1760
1790
1756
1761
1791
1757
1762
1792
1763
1793
8929
1759
1794
5333
16128
1760
1795
16129
1761
1796
16130
1762
1797
16131
1763
1798
16132
1799
8928
16133
1765
1770
1800
5364
1766
1771
1801
1767
1772
1802
1768
1773
1803
1769
1774
1804
1775
1805
8969
1771
1776
1806
5365
1772
1777
1807
1773
1778
1808
1774
1779
1809
1775
1780
1810
1781
1811
8968
1777
1782
1812
5366
1778
1783
1813
1779
1784
1814
1780
1785
1815
1781
1786
1816
1787
1817
8967
1783
1788
1818
5367
1784
1789
1819
1785
1790
1820
1786
1791
1821
1787
1792
1822
1793
1823
8966
1789
1794
1824
5368
1790
1795
1825
1791
1796
1826
1792
1797
1827
1793
1798
1828
1799
1829
8965
1795
1830
5369
16164
1796
1831
16165
1797
1832
16166
1798
1833
16167
1799
1834
16168
1835
8964
16169
1801
1806
1836
5400
1802
1807
1837
1803
1808
1838
1804
1809
1839
1805
1810
1840
1811
1841
9005
1807
1812
1842
5401
1808
1813
1843
1809
1814
1844
1810
1815
1845
1811
1816
1846
1817
1847
9004
1813
1818
1848
5402
1814
1819
1849
1815
1820
1850
1816
1821
1851
1817
1822
1852
1823
1853
9003
1819
1824
1854
5403
1820
1825
1855
1821
1826
1856
1822
1827
1857
1823
1828
1858
1829
1859
9002
1825
1830
1860
5404
1826
1831
1861
1827
1832
1862
1828
1833
1863
1829
1834
1864
1835
1865
9001
1831
1866
5405
16200
1832
1867
16201
1833
1868
16202
1834
1869
16203
1835
1870
16204
1871
9000
16205
1837
1842
1872
5436
1838
1843
1873
1839
1844
1874
1840
1845
1875
1841
1846
1876
1847
1877
9041
1843
1848
1878
5437
1844
1849
1879
1845
1850
1880
1846
1851
1881
1847
1852
1882
1853
1883
9040
1849
1854
1884
5438
1850
1855
1885
1851
1856
1886
1852
1857
1887
1853
1858
1888
1859
1889
9039
1855
1860
1890
5439
1856
1861
1891
1857
1862
1892
1858
1863
1893
1859
1864
1894
1865
1895
9038
1861
1866
1896
5440
1862
1867
1897
1863
1868
1898
1864
1869
1899
1865
1870
1900
1871
1901
9037
1867
1902
5441
16236
1868
1903
16237
1869
1904
16238
1870
1905
16239
1871
1906
16240
1907
9036
16241
1873
1878
1908
5472
1874
1879
1909
1875
1880
1910
1876
1881
1911
1877
1882
1912
1883
1913
9077
1879
1884
1914
5473
1880
1885
1915
1881
1886
1916
1882
1887
1917
1883
1888
1918
1889
1919
9076
1885
1890
1920
5474
1886
1891
1921
1887
1892
1922
1888
1893
1923
1889
1894
1924
1895
1925
9075
1891
1896
1926
5475
1892
1897
1927
1893
1898
1928
1894
1899
1929
1895
1900
1930
1901
1931
9074
1897
1902
1932
5476
1898
1903
1933
1899
1904
1934
1900
1905
1935
1901
1906
1936
1907
1937
9073
1903
1938
5477
16272
1904
1939
16273
1905
1940
16274
1906
1941
16275
1907
1942
16276
1943
9072
16277
1909
1914
1944
5508
1910
1915
1945
1911
1916
1946
1912
1917
1947
1913
1918
1948
1919
1949
9113
1915
1920
1950
5509
1916
1921
1951
1917
1922
1952
1918
1923
1953
1919
1924
1954
1925
1955
9112
1921
1926
1956
5510
1922
1927
1957
1923
1928
1958
1924
1929
1959
1925
1930
1960
1931
1961
9111
1927
1932
1962
5511
1928
1933
1963
1929
1934
1964
1930
1935
1965
1931
1936
1966
1937
1967
9110
1933
1938
1968
5512
1934
1939
1969
1935
1940
1970
1936
1941
1971
1937
1942
1972
1943
1973
9109
1939
1974
5513
16308
1940
1975
16309
1941
1976
16310
1942
1977
16311
1943
1978
16312
1979
9108
16313
1945
1950
1980
5544
1946
1951
1981
1947
1952
1982
1948
1953
1983
1949
1954
1984
1955
1985
9149
1951
1956
1986
5545
1952
1957
1987
1953
1958
1988
1954
1959
1989
1955
1960
1990
1961
1991
9148
1957
1962
1992
5546
1958
1963
1993
1959
1964
1994
1960
1965
1995
1961
1966
1996
1967
1997
9147
1963
1968
1998
5547
1964
1969
1999
1965
1970
2000
1966
1971
2001
1967
1972
2002
1973
2003
9146
1969
1974
2004
5548
1970
1975
2005
1971
1976
2006
1972
1977
2007
1973
1978
2008
1979
2009
9145
1975
2010
5549
16344
1976
2011
16345
1977
2012
16346
1978
2013
16347
1979
2014
16348
2015
9144
16349
1981
1986
2016
5580
1982
1987
2017
1983
1988
2018
1984
1989
2019
1985
1990
2020
1991
2021
9185
1987
1992
2022
5581
1988
1993
2023
1989
1994
2024
1990
1995
2025
1991
1996
2026
1997
2027
9184
1993
1998
2028
5582
1994
1999
2029
1995
2000
2030
1996
2001
2031
1997
2002
2032
2003
2033
9183
1999
2004
2034
5583
2000
2005
2035
2001
2006
2036
2002
2007
2037
2003
2008
2038
2009
2039
9182
2005
2010
2040
5584
2006
2011
2041
2007
2012
2042
2008
2013
2043
2009
2014
2044
2015
2045
9181
2011
2046
5585
16380
2012
2047
16381
2013
2048
16382
2014
2049
16383
2015
2050
16384
2051
9180
16385
2017
2022
2052
5616
2018
2023
2053
2019
2024
2054
2020
2025
2055
2021
2026
2056
2027
2057
9221
2023
2028
2058
5617
2024
2029
2059
2025
2030
2060
2026
2031
2061
2027
2032
2062
2033
2063
9220
2029
2034
2064
5618
2030
2035
2065
2031
2036
2066
2032
2037
2067
2033
2038
2068
2039
2069
9219
2035
2040
2070
5619
2036
2041
2071
2037
2042
2072
2038
2043
2073
2039
2044
2074
2045
2075
9218
2041
2046
2076
5620
2042
2047
2077
2043
2048
2078
2044
2049
2079
2045
2050
2080
2051
2081
9217
2047
2082
5621
16416
2048
2083
16417
2049
2084
16418
2050
2085
16419
2051
2086
16420
2087
9216
16421
2053
2058
2088
5652
2054
2059
2089
2055
2060
2090
2056
2061
2091
2057
2062
2092
2063
2093
9257
2059
2064
2094
5653
2060
2065
2095
2061
2066
2096
2062
2067
2097
2063
2068
2098
2069
2099
9256
2065
2070
2100
5654
2066
2071
2101
2067
2072
2102
2068
2073
2103
2069
2074
2104
2075
2105
9255
2071
2076
2106
5655
2072
2077
2107
2073
2078
2108
2074
2079
2109
2075
2080
2110
2081
2111
9254
2077
2082
2112
5656
2078
2083
2113
2079
2084
2114
2080
2085
2115
2081
2086
2116
2087
2117
9253
2083
2118
5657
16452
2084
2119
16453
2085
2120
16454
2086
2121
16455
2087
2122
16456
2123
9252
16457
2089
2094
2124
5688
2090
2095
2125
2091
2096
2126
2092
2097
2127
2093
2098
2128
2099
2129
9293
2095
2100
2130
5689
2096
2101
2131
2097
2102
2132
2098
2103
2133
2099
2104
2134
2105
2135
9292
2101
2106
2136
5690
2102
2107
2137
2103
2108
2138
2104
2109
2139
2105
2110
2140
2111
2141
9291
2107
2112
2142
5691
2108
2113
2143
2109
2114
2144
2110
2115
2145
2111
2116
2146
2117
2147
9290
2113
2118
2148
5692
2114
2119
2149
2115
2120
2150
2116
2121
2151
2117
2122
2152
2123
2153
9289
2119
2154
5693
16488
2120
2155
16489
2121
2156
16490
2122
2157
16491
2123
2158
16492
2159
9288
16493
2125
2130
2160
5724
2126
2131
2161
2127
2132
2162
2128
2133
2163
2129
2134
2164
2135
2165
9329
2131
2136
2166
5725
2132
2137
2167
2133
2138
2168
2134
2139
2169
2135
2140
2170
2141
2171
9328
2137
2142
2172
5726
2138
2143
2173
2139
2144
2174
2140
2145
2175
2141
2146
2176
2147
2177
9327
2143
2148
2178
5727
2144
2149
2179
2145
2150
2180
2146
2151
2181
2147
2152
2182
2153
2183
9326
2149
2154
2184
5728
2150
2155
2185
2151
2156
2186
2152
2157
2187
2153
2158
2188
2159
2189
9325
2155
2190
5729
16524
2156
2191
16525
2157
2192
16526
2158
2193
16527
2159
2194
16528
2195
9324
16529
2161
2166
2196
5760
2162
2167
2197
2163
2168
2198
2164
2169
2199
2165
2170
2200
2171
2201
9365
2167
2172
2202
5761
2168
2173
2203
2169
2174
2204
2170
2175
2205
2171
2176
2206
2177
2207
9364
2173
2178
2208
5762
2174
2179
2209
2175
2180
2210
2176
2181
2211
2177
2182
2212
2183
2213
9363
2179
2184
2214
5763
2180
2185
2215
2181
2186
2216
2182
2187
2217
2183
2188
2218
2189
2219
9362
2185
2190
2220
5764
2186
2191
2221
2187
2192
2222
2188
2193
2223
2189
2194
2224
2195
2225
9361
2191
2226
5765
16560
2192
2227
16561
2193
2228
16562
2194
2229
16563
2195
2230
16564
2231
9360
16565
2197
2202
2232
5796
2198
2203
2233
2199
2204
2234
2200
2205
2235
2201
2206
2236
2207
2237
9401
2203
2208
2238
5797
2204
2209
2239
2205
2210
2240
2206
2211
2241
2207
2212
2242
2213
2243
9400
2209
2214
2244
5798
2210
2215
2245
2211
2216
2246
2212
2217
2247
2213
2218
2248
2219
2249
9399
2215
2220
2250
5799
2216
2221
2251
2217
2222
2252
2218
2223
2253
2219
2224
2254
2225
2255
9398
2221
2226
2256
5800
2222
2227
2257
2223
2228
2258
2224
2229
2259
2225
2230
2260
2231
2261
9397
2227
2262
5801
16596
2228
2263
16597
2229
2264
16598
2230
2265
16599
2231
2266
16600
2267
9396
16601
2233
2238
2268
5832
2234
2239
2269
2235
2240
2270
2236
2241
2271
2237
2242
2272
2243
2273
9437
2239
2244
2274
5833
2240
2245
2275
2241
2246
2276
2242
2247
2277
2243
2248
2278
2249
2279
9436
2245
2250
2280
5834
2246
2251
2281
2247
2252
2282
2248
2253
2283
2249
2254
2284
2255
2285
9435
2251
2256
2286
5835
2252
2257
2287
2253
2258
2288
2254
2259
2289
2255
2260
2290
2261
2291
9434
2257
2262
2292
5836
2258
2263
2293
2259
2264
2294
2260
2265
2295
2261
2266
2296
2267
2297
9433
2263
2298
5837
16632
2264
2299
16633
2265
2300
16634
2266
2301
16635
2267
2302
16636
2303
9432
16637
2269
2274
2304
5868
2270
2275
2305
2271
2276
2306
2272
2277
2307
2273
2278
2308
2279
2309
9473
2275
2280
2310
5869
2276
2281
2311
2277
2282
2312
2278
2283
2313
2279
2284
2314
2285
2315
9472
2281
2286
2316
5870
2282
2287
2317
2283
2288
2318
2284
2289
2319
2285
2290
2320
2291
2321
9471
2287
2292
2322
5871
2288
2293
2323
2289
2294
2324
2290
2295
2325
2291
2296
2326
2297
2327
9470
2293
2298
2328
5872
2294
2299
2329
2295
2300
2330
2296
2301
2331
2297
2302
2332
2303
2333
9469
2299
2334
5873
16668
2300
2335
16669
2301
2336
16670
2302
2337
16671
2303
2338
16672
2339
9468
16673
2305
2310
2340
5904
2306
2311
2341
2307
2312
2342
2308
2313
2343
2309
2314
2344
2315
2345
9509
2311
2316
2346
5905
2312
2317
2347
2313
2318
2348
2314
2319
2349
2315
2320
2350
2321
2351
9508
2317
2322
2352
5906
2318
2323
2353
2319
2324
2354
2320
2325
2355
2321
2326
2356
2327
2357
9507
2323
2328
2358
5907
2324
2329
2359
2325
2330
2360
2326
2331
2361
2327
2332
2362
2333
2363
9506
2329
2334
2364
5908
2330
2335
2365
2331
2336
2366
2332
2337
2367
2333
2338
2368
2339
2369
9505
2335
2370
5909
16704
2336
2371
16705
2337
2372
16706
2338
2373
16707
2339
2374
16708
2375
9504
16709
2341
2346
2376
5940
2342
2347
2377
2343
2348
2378
2344
2349
2379
2345
2350
2380
2351
2381
9545
2347
2352
2382
5941
2348
2353
2383
2349
2354
2384
2350
2355
2385
2351
2356
2386
2357
2387
9544
2353
2358
2388
5942
2354
2359
2389
2355
2360
2390
2356
2361
2391
2357
2362
2392
2363
2393
9543
2359
2364
2394
5943
2360
2365
2395
2361
2366
2396
2362
2367
2397
2363
2368
2398
2369
2399
9542
2365
2370
2400
5944
2366
2371
2401
2367
2372
2402
2368
2373
2403
2369
2374
2404
2375
2405
9541
2371
2406
5945
16740
2372
2407
16741
2373
2408
16742
2374
2409
16743
2375
2410
16744
2411
9540
16745
2377
2382
2412
5976
2378
2383
2413
2379
2384
2414
2380
2385
2415
2381
2386
2416
2387
2417
9581
2383
2388
2418
5977
2384
2389
2419
2385
2390
2420
2386
2391
2421
2387
2392
2422
2393
2423
9580
2389
2394
2424
5978
2390
2395
2425
2391
2396
2426
2392
2397
2427
2393
2398
2428
2399
2429
9579
2395
2400
2430
5979
2396
2401
2431
2397
2402
2432
2398
2403
2433
2399
2404
2434
2405
2435
9578
2401
2406
2436
5980
2402
2407
2437
2403
2408
2438
2404
2409
2439
2405
2410
2440
2411
2441
9577
2407
2442
5981
16776
2408
2443
16777
2409
2444
16778
2410
2445
16779
2411
2446
16780
2447
9576
16781
2413
2418
2448
6012
2414
2419
2449
2415
2420
2450
2416
2421
2451
2417
2422
2452
2423
2453
9617
2419
2424
2454
6013
2420
2425
2455
2421
2426
2456
2422
2427
2457
2423
2428
2458
2429
2459
9616
2425
2430
2460
6014
2426
2431
2461
2427
2432
2462
2428
2433
2463
2429
2434
2464
2435
2465
9615
2431
2436
2466
6015
2432
2437
2467
2433
2438
2468
2434
2439
2469
2435
2440
2470
2441
2471
9614
2437
2442
2472
6016
2438
2443
2473
2439
2444
2474
2440
2445
2475
2441
2446
2476
2447
2477
9613
2443
2478
6017
16812
2444
2479
16813
2445
2480
16814
2446
2481
16815
2447
2482
16816
2483
9612
16817
2449
2454
2484
6048
2450
2455
2485
2451
2456
2486
2452
2457
2487
2453
2458
2488
2459
2489
9653
2455
2460
2490
6049
2456
2461
2491
2457
2462
2492
2458
2463
2493
2459
2464
2494
2465
2495
9652
2461
2466
2496
6050
2462
2467
2497
2463
2468
2498
2464
2469
2499
2465
2470
2500
2471
2501
9651
2467
2472
2502
6051
2468
2473
2503
2469
2474
2504
2470
2475
2505
2471
2476
2506
2477
2507
9650
2473
2478
2508
6052
2474
2479
2509
2475
2480
2510
2476
2481
2511
2477
2482
2512
2483
2513
9649
2479
2514
6053
16848
2480
2515
16849
2481
2516
16850
2482
2517
16851
2483
2518
16852
2519
9648
16853
2485
2490
2520
6084
2486
2491
2521
2487
2492
2522
2488
2493
2523
2489
2494
2524
2495
2525
9689
2491
2496
2526
6085
2492
2497
2527
2493
2498
2528
2494
2499
2529
2495
2500
2530
2501
2531
9688
2497
2502
2532
6086
2498
2503
2533
2499
2504
2534
2500
2505
2535
2501
2506
2536
2507
2537
9687
2503
2508
2538
6087
2504
2509
2539
2505
2510
2540
2506
2511
2541
2507
2512
2542
2513
2543
9686
2509
2514
2544
6088
2510
2515
2545
2511
2516
2546
2512
2517
2547
2513
2518
2548
2519
2549
9685
2515
2550
6089
16884
2516
2551
16885
2517
2552
16886
2518
2553
16887
2519
2554
16888
2555
9684
16889
2521
2526
2556
6120
2522
2527
2557
2523
2528
2558
2524
2529
2559
2525
2530
2560
2531
2561
9725
2527
2532
2562
6121
2528
2533
2563
2529
2534
2564
2530
2535
2565
2531
2536
2566
2537
2567
9724
2533
2538
2568
6122
2534
2539
2569
2535
2540
2570
2536
2541
2571
2537
2542
2572
2543
2573
9723
2539
2544
2574
6123
2540
2545
2575
2541
2546
2576
2542
2547
2577
2543
2548
2578
2549
2579
9722
2545
2550
2580
6124
2546
2551
2581
2547
2552
2582
2548
2553
2583
2549
2554
2584
2555
2585
9721
2551
2586
6125
16920
2552
2587
16921
2553
2588
16922
2554
2589
16923
2555
2590
16924
2591
9720
16925
2557
2562
2592
6156
2558
2563
2593
2559
2564
2594
2560
2565
2595
2561
2566
2596
2567
2597
9761
2563
2568
2598
6157
2564
2569
2599
2565
2570
2600
2566
2571
2601
2567
2572
2602
2573
2603
9760
2569
2574
2604
6158
2570
2575
2605
2571
2576
2606
2572
2577
2607
2573
2578
2608
2579
2609
9759
2575
2580
2610
6159
2576
2581
2611
2577
2582
2612
2578
2583
2613
2579
2584
2614
2585
2615
9758
2581
2586
2616
6160
2582
2587
2617
2583
2588
2618
2584
2589
2619
2585
2590
2620
2591
2621
9757
2587
2622
6161
16956
2588
2623
16957
2589
2624
16958
2590
2625
16959
2591
2626
16960
2627
9756
16961
2593
2598
2628
6192
2594
2599
2629
2595
2600
2630
2596
2601
2631
2597
2602
2632
2603
2633
9797
2599
2604
2634
6193
2600
2605
2635
2601
2606
2636
2602
2607
2637
2603
2608
2638
2609
2639
9796
2605
2610
2640
6194
2606
2611
2641
2607
2612
2642
2608
2613
2643
2609
2614
2644
2615
2645
9795
2611
2616
2646
6195
2612
2617
2647
2613
2618
2648
2614
2619
2649
2615
2620
2650
2621
2651
9794
2617
2622
2652
6196
2618
2623
2653
2619
2624
2654
2620
2625
2655
2621
2626
2656
2627
2657
9793
2623
2658
6197
16992
2624
2659
16993
2625
2660
16994
2626
2661
16995
2627
2662
16996
2663
9792
16997
2629
2634
2664
6228
2630
2635
2665
2631
2636
2666
2632
2637
2667
2633
2638
2668
2639
2669
9833
2635
2640
2670
6229
2636
2641
2671
2637
2642
2672
2638
2643
2673
2639
2644
2674
2645
2675
9832
2641
2646
2676
6230
2642
2647
2677
2643
2648
2678
2644
2649
2679
2645
2650
2680
2651
2681
9831
2647
2652
2682
6231
2648
2653
2683
2649
2654
2684
2650
2655
2685
2651
2656
2686
2657
2687
9830
2653
2658
2688
6232
2654
2659
2689
2655
2660
2690
2656
2661
2691
2657
2662
2692
2663
2693
9829
2659
2694
6233
17028
2660
2695
17029
2661
2696
17030
2662
2697
17031
2663
2698
17032
2699
9828
17033
2665
2670
2700
6264
2666
2671
2701
2667
2672
2702
2668
2673
2703
2669
2674
2704
2675
2705
9869
2671
2676
2706
6265
2672
2677
2707
2673
2678
2708
2674
2679
2709
2675
2680
2710
2681
2711
9868
2677
2682
2712
6266
2678
2683
2713
2679
2684
2714
2680
2685
2715
2681
2686
2716
2687
2717
9867
2683
2688
2718
6267
2684
2689
2719
2685
2690
2720
2686
2691
2721
2687
2692
2722
2693
2723
9866
2689
2694
2724
6268
2690
2695
2725
2691
2696
2726
2692
2697
2727
2693
2698
2728
2699
2729
9865
2695
2730
6269
17064
2696
2731
17065
2697
2732
17066
2698
2733
17067
2699
2734
17068
2735
9864
17069
2701
2706
2736
6300
2702
2707
2737
2703
2708
2738
2704
2709
2739
2705
2710
2740
2711
2741
9905
2707
2712
2742
6301
2708
2713
2743
2709
2714
2744
2710
2715
2745
2711
2716
2746
2717
2747
9904
2713
2718
2748
6302
2714
2719
2749
2715
2720
2750
2716
2721
2751
2717
2722
2752
2723
2753
9903
2719
2724
2754
6303
2720
2725
2755
2721
2726
2756
2722
2727
2757
2723
2728
2758
2729
2759
9902
2725
2730
2760
6304
2726
2731
2761
2727
2732
2762
2728
2733
2763
2729
2734
2764
2735
2765
9901
2731
2766
6305
17100
2732
2767
17101
2733
2768
17102
2734
2769
17103
2735
2770
17104
2771
9900
17105
2737
2742
2772
6336
2738
2743
2773
2739
2744
2774
2740
2745
2775
2741
2746
2776
2747
2777
9941
2743
2748
2778
6337
2744
2749
2779
2745
2750
2780
2746
2751
2781
2747
2752
2782
2753
2783
9940
2749
2754
2784
6338
2750
2755
2785
2751
2756
2786
2752
2757
2787
2753
2758
2788
2759
2789
9939
2755
2760
2790
6339
2756
2761
2791
2757
2762
2792
2758
2763
2793
2759
2764
2794
2765
2795
9938
2761
2766
2796
6340
2762
2767
2797
2763
2768
2798
2764
2769
2799
2765
2770
2800
2771
2801
9937
2767
2802
6341
17136
2768
2803
17137
2769
2804
17138
2770
2805
17139
2771
2806
17140
2807
9936
17141
2773
2778
2808
6372
2774
2779
2809
2775
2780
2810
2776
2781
2811
2777
2782
2812
2783
2813
9977
2779
2784
2814
6373
2780
2785
2815
2781
2786
2816
2782
2787
2817
2783
2788
2818
2789
2819
9976
2785
2790
2820
6374
2786
2791
2821
2787
2792
2822
2788
2793
2823
2789
2794
2824
2795
2825
9975
2791
2796
2826
6375
2792
2797
2827
2793
2798
2828
2794
2799
2829
2795
2800
2830
2801
2831
9974
2797
2802
2832
6376
2798
2803
2833
2799
2804
2834
2800
2805
2835
2801
2806
2836
2807
2837
9973
2803
2838
6377
17172
2804
2839
17173
2805
2840
17174
2806
2841
17175
2807
2842
17176
2843
9972
17177
2809
2814
2844
6408
2810
2815
2845
2811
2816
2846
2812
2817
2847
2813
2818
2848
2819
2849
10013
2815
2820
2850
6409
2816
2821
2851
2817
2822
2852
2818
2823
2853
2819
2824
2854
2825
2855
10012
2821
2826
2856
6410
2822
2827
2857
2823
2828
2858
2824
2829
2859
2825
2830
2860
2831
2861
10011
2827
2832
2862
6411
2828
2833
2863
2829
2834
2864
2830
2835
2865
2831
2836
2866
2837
2867
10010
2833
2838
2868
6412
2834
2839
2869
2835
2840
2870
2836
2841
2871
2837
2842
2872
2843
2873
10009
2839
2874
6413
17208
2840
2875
17209
2841
2876
17210
2842
2877
17211
2843
2878
17212
2879
10008
17213
2845
2850
2880
6444
2846
2851
2881
2847
2852
2882
2848
2853
2883
2849
2854
2884
2855
2885
10049
2851
2856
2886
6445
2852
2857
2887
2853
2858
2888
2854
2859
2889
2855
2860
2890
2861
2891
10048
2857
2862
2892
6446
2858
2863
2893
2859
2864
2894
2860
2865
2895
2861
2866
2896
2867
2897
10047
2863
2868
2898
6447
2864
2869
2899
2865
2870
2900
2866
2871
2901
2867
2872
2902
2873
2903
10046
2869
2874
2904
6448
2870
2875
2905
2871
2876
2906
2872
2877
2907
2873
2878
2908
2879
2909
10045
2875
2910
6449
17244
2876
2911
17245
2877
2912
17246
2878
2913
17247
2879
2914
17248
2915
10044
17249
2881
2886
2916
6480
2882
2887
2917
2883
2888
2918
2884
2889
2919
2885
2890
2920
2891
2921
10085
2887
2892
2922
6481
2888
2893
2923
2889
2894
2924
2890
2895
2925
2891
2896
2926
2897
2927
10084
2893
2898
2928
6482
2894
2899
2929
2895
2900
2930
2896
2901
2931
2897
2902
2932
2903
2933
10083
2899
2904
2934
6483
2900
2905
2935
2901
2906
2936
2902
2907
2937
2903
2908
2938
2909
2939
10082
2905
2910
2940
6484
2906
2911
2941
2907
2912
2942
2908
2913
2943
2909
2914
2944
2915
2945
10081
2911
2946
6485
17280
2912
2947
17281
2913
2948
17282
2914
2949
17283
2915
2950
17284
2951
10080
17285
2917
2922
2952
6516
2918
2923
2953
2919
2924
2954
2920
2925
2955
2921
2926
2956
2927
2957
10121
2923
2928
2958
6517
2924
2929
2959
2925
2930
2960
2926
2931
2961
2927
2932
2962
2933
2963
10120
2929
2934
2964
6518
2930
2935
2965
2931
2936
2966
2932
2937
2967
2933
2938
2968
2939
2969
10119
2935
2940
2970
6519
2936
2941
2971
2937
2942
2972
2938
2943
2973
2939
2944
2974
2945
2975
10118
2941
2946
2976
6520
2942
2947
2977
2943
2948
2978
2944
2949
2979
2945
2950
2980
2951
2981
10117
2947
2982
6521
17316
2948
2983
17317
2949
2984
17318
2950
2985
17319
2951
2986
17320
2987
10116
17321
2953
2958
2988
6552
2954
2959
2989
2955
2960
2990
2956
2961
2991
2957
2962
2992
2963
2993
10157
2959
2964
2994
6553
2960
2965
2995
2961
2966
2996
2962
2967
2997
2963
2968
2998
2969
2999
10156
2965
2970
3000
6554
2966
2971
3001
2967
2972
3002
2968
2973
3003
2969
2974
3004
2975
3005
10155
2971
2976
3006
6555
2972
2977
3007
2973
2978
3008
2974
2979
3009
2975
2980
3010
2981
3011
10154
2977
2982
3012
6556
2978
2983
3013
2979
2984
3014
2980
2985
3015
2981
2986
3016
2987
3017
10153
2983
3018
6557
17352
2984
3019
17353
2985
3020
17354
2986
3021
17355
2987
3022
17356
3023
10152
17357
2989
2994
3024
6588
2990
2995
3025
2991
2996
3026
2992
2997
3027
2993
2998
3028
2999
3029
10193
2995
3000
3030
6589
2996
3001
3031
2997
3002
3032
2998
3003
3033
2999
3004
3034
3005
3035
10192
3001
3006
3036
6590
3002
3007
3037
3003
3008
3038
3004
3009
3039
3005
3010
3040
3011
3041
10191
3007
3012
3042
6591
3008
3013
3043
3009
3014
3044
3010
3015
3045
3011
3016
3046
3017
3047
10190
3013
3018
3048
6592
3014
3019
3049
3015
3020
3050
3016
3021
3051
3017
3022
3052
3023
3053
10189
3019
3054
6593
17388
3020
3055
17389
3021
3056
17390
3022
3057
17391
3023
3058
17392
3059
10188
17393
3025
3030
3060
6624
3026
3031
3061
3027
3032
3062
3028
3033
3063
3029
3034
3064
3035
3065
10229
3031
3036
3066
6625
3032
3037
3067
3033
3038
3068
3034
3039
3069
3035
3040
3070
3041
3071
10228
3037
3042
3072
6626
3038
3043
3073
3039
3044
3074
3040
3045
3075
3041
3046
3076
3047
3077
10227
3043
3048
3078
6627
3044
3049
3079
3045
3050
3080
3046
3051
3081
3047
3052
3082
3053
3083
10226
3049
3054
3084
6628
3050
3055
3085
3051
3056
3086
3052
3057
3087
3053
3058
3088
3059
3089
10225
3055
3090
6629
17424
3056
3091
17425
3057
3092
17426
3058
3093
17427
3059
3094
17428
3095
10224
17429
3061
3066
3096
6660
3062
3067
3097
3063
3068
3098
3064
3069
3099
3065
3070
3100
3071
3101
10265
3067
3072
3102
6661
3068
3073
3103
3069
3074
3104
3070
3075
3105
3071
3076
3106
3077
3107
10264
3073
3078
3108
6662
3074
3079
3109
3075
3080
3110
3076
3081
3111
3077
3082
3112
3083
3113
10263
3079
3084
3114
6663
3080
3085
3115
3081
3086
3116
3082
3087
3117
3083
3088
3118
3089
3119
10262
3085
3090
3120
6664
3086
3091
3121
3087
3092
3122
3088
3093
3123
3089
3094
3124
3095
3125
10261
3091
3126
6665
17460
3092
3127
17461
3093
3128
17462
3094
3129
17463
3095
3130
17464
3131
10260
17465
3097
3102
3132
6696
3098
3103
3133
3099
3104
3134
3100
3105
3135
3101
3106
3136
3107
3137
10301
3103
3108
3138
6697
3104
3109
3139
3105
3110
3140
3106
3111
3141
3107
3112
3142
3113
3143
10300
3109
3114
3144
6698
3110
3115
3145
3111
3116
3146
3112
3117
3147
3113
3118
3148
3119
3149
10299
3115
3120
3150
6699
3116
3121
3151
3117
3122
3152
3118
3123
3153
3119
3124
3154
3125
3155
10298
3121
3126
3156
6700
3122
3127
3157
3123
3128
3158
3124
3129
3159
3125
3130
3160
3131
3161
10297
3127
3162
6701
17496
3128
3163
17497
3129
3164
17498
3130
3165
17499
3131
3166
17500
3167
10296
17501
3133
3138
3168
6732
3134
3139
3169
3135
3140
3170
3136
3141
3171
3137
3142
3172
3143
3173
10337
3139
3144
3174
6733
3140
3145
3175
3141
3146
3176
3142
3147
3177
3143
3148
3178
3149
3179
10336
3145
3150
3180
6734
3146
3151
3181
3147
3152
3182
3148
3153
3183
3149
3154
3184
3155
3185
10335
3151
3156
3186
6735
3152
3157
3187
3153
3158
3188
3154
3159
3189
3155
3160
3190
3161
3191
10334
3157
3162
3192
6736
3158
3163
3193
3159
3164
3194
3160
3165
3195
3161
3166
3196
3167
3197
10333
3163
3198
6737
17532
3164
3199
17533
3165
3200
17534
3166
3201
17535
3167
3202
17536
3203
10332
17537
3169
3174
3204
6768
3170
3175
3205
3171
3176
3206
3172
3177
3207
3173
3178
3208
3179
3209
10373
3175
3180
3210
6769
3176
3181
3211
3177
3182
3212
3178
3183
3213
3179
3184
3214
3185
3215
10372
3181
3186
3216
6770
3182
3187
3217
3183
3188
3218
3184
3189
3219
3185
3190
3220
3191
3221
10371
3187
3192
3222
6771
3188
3193
3223
3189
3194
3224
3190
3195
3225
3191
3196
3226
3197
3227
10370
3193
3198
3228
6772
3194
3199
3229
3195
3200
3230
3196
3201
3231
3197
3202
3232
3203
3233
10369
3199
3234
6773
17568
3200
3235
17569
3201
3236
17570
3202
3237
17571
3203
3238
17572
3239
10368
17573
3205
3210
3240
6804
3206
3211
3241
3207
3212
3242
3208
3213
3243
3209
3214
3244
3215
3245
10409
3211
3216
3246
6805
3212
3217
3247
3213
3218
3248
3214
3219
3249
3215
3220
3250
3221
3251
10408
3217
3222
3252
6806
3218
3223
3253
3219
3224
3254
3220
3225
3255
3221
3226
3256
3227
3257
10407
3223
3228
3258
6807
3224
3229
3259
3225
3230
3260
3226
3231
3261
3227
3232
3262
3233
3263
10406
3229
3234
3264
6808
3230
3235
3265
3231
3236
3266
3232
3237
3267
3233
3238
3268
3239
3269
10405
3235
3270
6809
17604
3236
3271
17605
3237
3272
17606
3238
3273
17607
3239
3274
17608
3275
10404
17609
3241
3246
3276
6840
3242
3247
3277
3243
3248
3278
3244
3249
3279
3245
3250
3280
3251
3281
10445
3247
3252
3282
6841
3248
3253
3283
3249
3254
3284
3250
3255
3285
3251
3256
3286
3257
3287
10444
3253
3258
3288
6842
3254
3259
3289
3255
3260
3290
3256
3261
3291
3257
3262
3292
3263
3293
10443
3259
3264
3294
6843
3260
3265
3295
3261
3266
3296
3262
3267
3297
3263
3268
3298
3269
3299
10442
3265
3270
3300
6844
3266
3271
3301
3267
3272
3302
3268
3273
3303
3269
3274
3304
3275
3305
10441
3271
3306
6845
17640
3272
3307
17641
3273
3308
17642
3274
3309
17643
3275
3310
17644
3311
10440
17645
3277
3282
3312
6876
3278
3283
3313
3279
3284
3314
3280
3285
3315
3281
3286
3316
3287
3317
10481
3283
3288
3318
6877
3284
3289
3319
3285
3290
3320
3286
3291
3321
3287
3292
3322
3293
3323
10480
3289
3294
3324
6878
3290
3295
3325
3291
3296
3326
3292
3297
3327
3293
3298
3328
3299
3329
10479
3295
3300
3330
6879
3296
3301
3331
3297
3302
3332
3298
3303
3333
3299
3304
3334
3305
3335
10478
3301
3306
3336
6880
3302
3307
3337
3303
3308
3338
3304
3309
3339
3305
3310
3340
3311
3341
10477
3307
3342
6881
17676
3308
3343
17677
3309
3344
17678
3310
3345
17679
3311
3346
17680
3347
10476
17681
3313
3318
3348
6912
3314
3319
3349
3315
3320
3350
3316
3321
3351
3317
3322
3352
3323
3353
10517
3319
3324
3354
6913
3320
3325
3355
3321
3326
3356
3322
3327
3357
3323
3328
3358
3329
3359
10516
3325
3330
3360
6914
3326
3331
3361
3327
3332
3362
3328
3333
3363
3329
3334
3364
3335
3365
10515
3331
3336
3366
6915
3332
3337
3367
3333
3338
3368
3334
3339
3369
3335
3340
3370
3341
3371
10514
3337
3342
3372
6916
3338
3343
3373
3339
3344
3374
3340
3345
3375
3341
3346
3376
3347
3377
10513
3343
3378
6917
17712
3344
3379
17713
3345
3380
17714
3346
3381
17715
3347
3382
17716
3383
10512
17717
3349
3354
3384
6948
3350
3355
3385
3351
3356
3386
3352
3357
3387
3353
3358
3388
3359
3389
10553
3355
3360
3390
6949
3356
3361
3391
3357
3362
3392
3358
3363
3393
3359
3364
3394
3365
3395
10552
3361
3366
3396
6950
3362
3367
3397
3363
3368
3398
3364
3369
3399
3365
3370
3400
3371
3401
10551
3367
3372
3402
6951
3368
3373
3403
3369
3374
3404
3370
3375
3405
3371
3376
3406
3377
3407
10550
3373
3378
3408
6952
3374
3379
3409
3375
3380
3410
3376
3381
3411
3377
3382
3412
3383
3413
10549
3379
3414
6953
17748
3380
3415
17749
3381
3416
17750
3382
3417
17751
3383
3418
17752
3419
10548
17753
3385
3390
3420
6984
3386
3391
3421
3387
3392
3422
3388
3393
3423
3389
3394
3424
3395
3425
10589
3391
3396
3426
6985
3392
3397
3427
3393
3398
3428
3394
3399
3429
3395
3400
3430
3401
3431
10588
3397
3402
3432
6986
3398
3403
3433
3399
3404
3434
3400
3405
3435
3401
3406
3436
3407
3437
10587
3403
3408
3438
6987
3404
3409
3439
3405
3410
3440
3406
3411
3441
3407
3412
3442
3413
3443
10586
3409
3414
3444
6988
3410
3415
3445
3411
3416
3446
3412
3417
3447
3413
3418
3448
3419
3449
10585
3415
3450
6989
17784
3416
3451
17785
3417
3452
17786
3418
3453
17787
3419
3454
17788
3455
10584
17789
3421
3426
3456
7020
3422
3427
3457
3423
3428
3458
3424
3429
3459
3425
3430
3460
3431
3461
10625
3427
3432
3462
7021
3428
3433
3463
3429
3434
3464
3430
3435
3465
3431
3436
3466
3437
3467
10624
3433
3438
3468
7022
3434
3439
3469
3435
3440
3470
3436
3441
3471
3437
3442
3472
3443
3473
10623
3439
3444
3474
7023
3440
3445
3475
3441
3446
3476
3442
3447
3477
3443
3448
3478
3449
3479
10622
3445
3450
3480
7024
3446
3451
3481
3447
3452
3482
3448
3453
3483
3449
3454
3484
3455
3485
10621
3451
3486
7025
17820
3452
3487
17821
3453
3488
17822
3454
3489
17823
3455
3490
17824
3491
10620
17825
3457
3462
3492
7056
3458
3463
3493
3459
3464
3494
3460
3465
3495
3461
3466
3496
3467
3497
10661
3463
3468
3498
7057
3464
3469
3499
3465
3470
3500
3466
3471
3501
3467
3472
3502
3473
3503
10660
3469
3474
3504
7058
3470
3475
3505
3471
3476
3506
3472
3477
3507
3473
3478
3508
3479
3509
10659
3475
3480
3510
7059
3476
3481
3511
3477
3482
3512
3478
3483
3513
3479
3484
3514
3485
3515
10658
3481
3486
3516
7060
3482
3487
3517
3483
3488
3518
3484
3489
3519
3485
3490
3520
3491
3521
10657
3487
3522
7061
17856
3488
3523
17857
3489
3524
17858
3490
3525
17859
3491
3526
17860
3527
10656
17861
3493
3498
3528
7092
3494
3499
3529
3495
3500
3530
3496
3501
3531
3497
3502
3532
3503
3533
10697
3499
3504
3534
7093
3500
3505
3535
3501
3506
3536
3502
3507
3537
3503
3508
3538
3509
3539
10696
3505
3510
3540
7094
3506
3511
3541
3507
3512
3542
3508
3513
3543
3509
3514
3544
3515
3545
10695
3511
3516
3546
7095
3512
3517
3547
3513
3518
3548
3514
3519
3549
3515
3520
3550
3521
3551
10694
3517
3522
3552
7096
3518
3523
3553
3519
3524
3554
3520
3525
3555
3521
3526
3556
3527
3557
10693
3523
3558
7097
17892
3524
3559
17893
3525
3560
17894
3526
3561
17895
3527
3562
17896
3563
10692
17897
3529
3534
3564
7128
3530
3535
3565
3531
3536
3566
3532
3537
3567
3533
3538
3568
3539
3569
10733
3535
3540
3570
7129
3536
3541
3571
3537
3542
3572
3538
3543
3573
3539
3544
3574
3545
3575
10732
3541
3546
3576
7130
3542
3547
3577
3543
3548
3578
3544
3549
3579
3545
3550
3580
3551
3581
10731
3547
3552
3582
7131
3548
3553
3583
3549
3554
3584
3550
3555
3585
3551
3556
3586
3557
3587
10730
3553
3558
3588
7132
3554
3559
3589
3555
3560
3590
3556
3561
3591
3557
3562
3592
3563
3593
10729
3559
3594
7133
17928
3560
3595
17929
3561
3596
17930
3562
3597
17931
3563
3598
17932
3599
10728
17933
3565
3570
7164
3566
3571
3567
3572
3568
3573
3569
3574
3575
10769
3571
3576
7165
3572
3577
3573
3578
3574
3579
3575
3580
3581
10768
3577
3582
7166
3578
3583
3579
3584
3580
3585
3581
3586
3587
10767
3583
3588
7167
3584
3589
3585
3590
3586
3591
3587
3592
3593
10766
3589
3594
7168
3590
3595
3591
3596
3592
3597
3593
3598
3599
10765
3595
7169
17964
3596
17965
3597
17966
3598
17967
3599
17968
10764
17969
3601
3606
3636
3602
3607
3637
3603
3608
3638
3604
3609
3639
3605
3610
3640
3611
3641
14400
3607
3612
3642
3608
3613
3643
3609
3614
3644
3610
3615
3645
3611
3616
3646
3617
3647
14406
3613
3618
3648
3614
3619
3649
3615
3620
3650
3616
3621
3651
3617
3622
3652
3623
3653
14412
3619
3624
3654
3620
3625
3655
3621
3626
3656
3622
3627
3657
3623
3628
3658
3629
3659
14418
3625
3630
3660
3626
3631
3661
3627
3632
3662
3628
3633
3663
3629
3634
3664
3635
3665
14424
3631
3666
10830
3632
3667
10824
3633
3668
10818
3634
3669
10812
3635
3670
10806
3671
10800
14430
3637
3642
3672
3638
3643
3673
3639
3644
3674
3640
3645
3675
3641
3646
3676
3647
3677
14436
3643
3648
3678
3644
3649
3679
3645
3650
3680
3646
3651
3681
3647
3652
3682
3653
3683
14442
3649
3654
3684
3650
3655
3685
3651
3656
3686
3652
3657
3687
3653
3658
3688
3659
3689
14448
3655
3660
3690
3656
3661
3691
3657
3662
3692
3658
3663
3693
3659
3664
3694
3665
3695
14454
3661
3666
3696
3662
3667
3697
3663
3668
3698
3664
3669
3699
3665
3670
3700
3671
3701
14460
3667
3702
10866
3668
3703
10860
3669
3704
10854
3670
3705
10848
3671
3706
10842
3707
10836
14466
3673
3678
3708
3674
3679
3709
3675
3680
3710
3676
3681
3711
3677
3682
3712
3683
3713
14472
3679
3684
3714
3680
3685
3715
3681
3686
3716
3682
3687
3717
3683
3688
3718
3689
3719
14478
3685
3690
3720
3686
3691
3721
3687
3692
3722
3688
3693
3723
3689
3694
3724
3695
3725
14484
3691
3696
3726
3692
3697
3727
3693
3698
3728
3694
3699
3729
3695
3700
3730
3701
3731
14490
3697
3702
3732
3698
3703
3733
3699
3704
3734
3700
3705
3735
3701
3706
3736
3707
3737
14496
3703
3738
10902
3704
3739
10896
3705
3740
10890
3706
3741
10884
3707
3742
10878
3743
10872
14502
3709
3714
3744
3710
3715
3745
3711
3716
3746
3712
3717
3747
3713
3718
3748
3719
3749
14508
3715
3720
3750
3716
3721
3751
3717
3722
3752
3718
3723
3753
3719
3724
3754
3725
3755
14514
3721
3726
3756
3722
3727
3757
3723
3728
3758
3724
3729
3759
3725
3730
3760
3731
3761
14520
3727
3732
3762
3728
3733
3763
3729
3734
3764
3730
3735
3765
3731
3736
3766
3737
3767
14526
3733
3738
3768
3734
3739
3769
3735
3740
3770
3736
3741
3771
3737
3742
3772
3743
3773
14532
3739
3774
10938
3740
3775
10932
3741
3776
10926
3742
3777
10920
3743
3778
10914
3779
10908
14538
3745
3750
3780
3746
3751
3781
3747
3752
3782
3748
3753
3783
3749
3754
3784
3755
3785
14544
3751
3756
3786
3752
3757
3787
3753
3758
3788
3754
3759
3789
3755
3760
3790
3761
3791
14550
3757
3762
3792
3758
3763
3793
3759
3764
3794
3760
3765
3795
3761
3766
3796
3767
3797
14556
3763
3768
3798
3764
3769
3799
3765
3770
3800
3766
3771
3801
3767
3772
3802
3773
3803
14562
3769
3774
3804
3770
3775
3805
3771
3776
3806
3772
3777
3807
3773
3778
3808
3779
3809
14568
3775
3810
10974
3776
3811
10968
3777
3812
10962
3778
3813
10956
3779
3814
10950
3815
10944
14574
3781
3786
3816
3782
3787
3817
3783
3788
3818
3784
3789
3819
3785
3790
3820
3791
3821
14580
3787
3792
3822
3788
3793
3823
3789
3794
3824
3790
3795
3825
3791
3796
3826
3797
3827
14586
3793
3798
3828
3794
3799
3829
3795
3800
3830
3796
3801
3831
3797
3802
3832
3803
3833
14592
3799
3804
3834
3800
3805
3835
3801
3806
3836
3802
3807
3837
3803
3808
3838
3809
3839
14598
3805
3810
3840
3806
3811
3841
3807
3812
3842
3808
3813
3843
3809
3814
3844
3815
3845
14604
3811
3846
11010
3812
3847
11004
3813
3848
10998
3814
3849
10992
3815
3850
10986
3851
10980
14610
3817
3822
3852
3818
3823
3853
3819
3824
3854
3820
3825
3855
3821
3826
3856
3827
3857
14616
3823
3828
3858
3824
3829
3859
3825
3830
3860
3826
3831
3861
3827
3832
3862
3833
3863
14622
3829
3834
3864
3830
3835
3865
3831
3836
3866
3832
3837
3867
3833
3838
3868
3839
3869
14628
3835
3840
3870
3836
3841
3871
3837
3842
3872
3838
3843
3873
3839
3844
3874
3845
3875
14634
3841
3846
3876
3842
3847
3877
3843
3848
3878
3844
3849
3879
3845
3850
3880
3851
3881
14640
3847
3882
11046
3848
3883
11040
3849
3884
11034
3850
3885
11028
3851
3886
11022
3887
11016
14646
3853
3858
3888
3854
3859
3889
3855
3860
3890
3856
3861
3891
3857
3862
3892
3863
3893
14652
3859
3864
3894
3860
3865
3895
3861
3866
3896
3862
3867
3897
3863
3868
3898
3869
3899
14658
3865
3870
3900
3866
3871
3901
3867
3872
3902
3868
3873
3903
3869
3874
3904
3875
3905
14664
3871
3876
3906
3872
3877
3907
3873
3878
3908
3874
3879
3909
3875
3880
3910
3881
3911
14670
3877
3882
3912
3878
3883
3913
3879
3884
3914
3880
3885
3915
3881
3886
3916
3887
3917
14676
3883
3918
11082
3884
3919
11076
3885
3920
11070
3886
3921
11064
3887
3922
11058
3923
11052
14682
3889
3894
3924
3890
3895
3925
3891
3896
3926
3892
3897
3927
3893
3898
3928
3899
3929
14688
3895
3900
3930
3896
3901
3931
3897
3902
3932
3898
3903
3933
3899
3904
3934
3905
3935
14694
3901
3906
3936
3902
3907
3937
3903
3908
3938
3904
3909
3939
3905
3910
3940
3911
3941
14700
3907
3912
3942
3908
3913
3943
3909
3914
3944
3910
3915
3945
3911
3916
3946
3917
3947
14706
3913
3918
3948
3914
3919
3949
3915
3920
3950
3916
3921
3951
3917
3922
3952
3923
3953
14712
3919
3954
11118
3920
3955
11112
3921
3956
11106
3922
3957
11100
3923
3958
11094
3959
11088
14718
3925
3930
3960
3926
3931
3961
3927
3932
3962
3928
3933
3963
3929
3934
3964
3935
3965
14724
3931
3936
3966
3932
3937
3967
3933
3938
3968
3934
3939
3969
3935
3940
3970
3941
3971
14730
3937
3942
3972
3938
3943
3973
3939
3944
3974
3940
3945
3975
3941
3946
3976
3947
3977
14736
3943
3948
3978
3944
3949
3979
3945
3950
3980
3946
3951
3981
3947
3952
3982
3953
3983
14742
3949
3954
3984
3950
3955
3985
3951
3956
3986
3952
3957
3987
3953
3958
3988
3959
3989
14748
3955
3990
11154
3956
3991
11148
3957
3992
11142
3958
3993
11136
3959
3994
11130
3995
11124
14754
3961
3966
3996
3962
3967
3997
3963
3968
3998
3964
3969
3999
3965
3970
4000
3971
4001
14760
3967
3972
4002
3968
3973
4003
3969
3974
4004
3970
3975
4005
3971
3976
4006
3977
4007
14766
3973
3978
4008
3974
3979
4009
3975
3980
4010
3976
3981
4011
3977
3982
4012
3983
4013
14772
3979
3984
4014
3980
3985
4015
3981
3986
4016
3982
3987
4017
3983
3988
4018
3989
4019
14778
3985
3990
4020
3986
3991
4021
3987
3992
4022
3988
3993
4023
3989
3994
4024
3995
4025
14784
3991
4026
11190
3992
4027
11184
3993
4028
11178
3994
4029
11172
3995
4030
11166
4031
11160
14790
3997
4002
4032
3998
4003
4033
3999
4004
4034
4000
4005
4035
4001
4006
4036
4007
4037
14796
4003
4008
4038
4004
4009
4039
4005
4010
4040
4006
4011
4041
4007
4012
4042
4013
4043
14802
4009
4014
4044
4010
4015
4045
4011
4016
4046
4012
4017
4047
4013
4018
4048
4019
4049
14808
4015
4020
4050
4016
4021
4051
4017
4022
4052
4018
4023
4053
4019
4024
4054
4025
4055
14814
4021
4026
4056
4022
4027
4057
4023
4028
4058
4024
4029
4059
4025
4030
4060
4031
4061
14820
4027
4062
11226
4028
4063
11220
4029
4064
11214
4030
4065
11208
4031
4066
11202
4067
11196
14826
4033
4038
4068
4034
4039
4069
4035
4040
4070
4036
4041
4071
4037
4042
4072
4043
4073
14832
4039
4044
4074
4040
4045
4075
4041
4046
4076
4042
4047
4077
4043
4048
4078
4049
4079
14838
4045
4050
4080
4046
4051
4081
4047
4052
4082
4048
4053
4083
4049
4054
4084
4055
4085
14844
4051
4056
4086
4052
4057
4087
4053
4058
4088
4054
4059
4089
4055
4060
4090
4061
4091
14850
4057
4062
4092
4058
4063
4093
4059
4064
4094
4060
4065
4095
4061
4066
4096
4067
4097
14856
4063
4098
11262
4064
4099
11256
4065
4100
11250
4066
4101
11244
4067
4102
11238
4103
11232
14862
4069
4074
4104
4070
4075
4105
4071
4076
4106
4072
4077
4107
4073
4078
4108
4079
4109
14868
4075
4080
4110
4076
4081
4111
4077
4082
4112
4078
4083
4113
4079
4084
4114
4085
4115
14874
4081
4086
4116
4082
4087
4117
4083
4088
4118
4084
4089
4119
4085
4090
4120
4091
4121
14880
4087
4092
4122
4088
4093
4123
4089
4094
4124
4090
4095
4125
4091
4096
4126
4097
4127
14886
4093
4098
4128
4094
4099
4129
4095
4100
4130
4096
4101
4131
4097
4102
4132
4103
4133
14892
4099
4134
11298
4100
4135
11292
4101
4136
11286
4102
4137
11280
4103
4138
11274
4139
11268
14898
4105
4110
4140
4106
4111
4141
4107
4112
4142
4108
4113
4143
4109
4114
4144
4115
4145
14904
4111
4116
4146
4112
4117
4147
4113
4118
4148
4114
4119
4149
4115
4120
4150
4121
4151
14910
4117
4122
4152
4118
4123
4153
4119
4124
4154
4120
4125
4155
4121
4126
4156
4127
4157
14916
4123
4128
4158
4124
4129
4159
4125
4130
4160
4126
4131
4161
4127
4132
4162
4133
4163
14922
4129
4134
4164
4130
4135
4165
4131
4136
4166
4132
4137
4167
4133
4138
4168
4139
4169
14928
4135
4170
11334
4136
4171
11328
4137
4172
11322
4138
4173
11316
4139
4174
11310
4175
11304
14934
4141
4146
4176
4142
4147
4177
4143
4148
4178
4144
4149
4179
4145
4150
4180
4151
4181
14940
4147
4152
4182
4148
4153
4183
4149
4154
4184
4150
4155
4185
4151
4156
4186
4157
4187
14946
4153
4158
4188
4154
4159
4189
4155
4160
4190
4156
4161
4191
4157
4162
4192
4163
4193
14952
4159
4164
4194
4160
4165
4195
4161
4166
4196
4162
4167
4197
4163
4168
4198
4169
4199
14958
4165
4170
4200
4166
4171
4201
4167
4172
4202
4168
4173
4203
4169
4174
4204
4175
4205
14964
4171
4206
11370
4172
4207
11364
4173
4208
11358
4174
4209
11352
4175
4210
11346
4211
11340
14970
4177
4182
4212
4178
4183
4213
4179
4184
4214
4180
4185
4215
4181
4186
4216
4187
4217
14976
4183
4188
4218
4184
4189
4219
4185
4190
4220
4186
4191
4221
4187
4192
4222
4193
4223
14982
4189
4194
4224
4190
4195
4225
4191
4196
4226
4192
4197
4227
4193
4198
4228
4199
4229
14988
4195
4200
4230
4196
4201
4231
4197
4202
4232
4198
4203
4233
4199
4204
4234
4205
4235
14994
4201
4206
4236
4202
4207
4237
4203
4208
4238
4204
4209
4239
4205
4210
4240
4211
4241
15000
4207
4242
11406
4208
4243
11400
4209
4244
11394
4210
4245
11388
4211
4246
11382
4247
11376
15006
4213
4218
4248
4214
4219
4249
4215
4220
4250
4216
4221
4251
4217
4222
4252
4223
4253
15012
4219
4224
4254
4220
4225
4255
4221
4226
4256
4222
4227
4257
4223
4228
4258
4229
4259
15018
4225
4230
4260
4226
4231
4261
4227
4232
4262
4228
4233
4263
4229
4234
4264
4235
4265
15024
4231
4236
4266
4232
4237
4267
4233
4238
4268
4234
4239
4269
4235
4240
4270
4241
4271
15030
4237
4242
4272
4238
4243
4273
4239
4244
4274
4240
4245
4275
4241
4246
4276
4247
4277
15036
4243
4278
11442
4244
4279
11436
4245
4280
11430
4246
4281
11424
4247
4282
11418
4283
11412
15042
4249
4254
4284
4250
4255
4285
4251
4256
4286
4252
4257
4287
4253
4258
4288
4259
4289
15048
4255
4260
4290
4256
4261
4291
4257
4262
4292
4258
4263
4293
4259
4264
4294
4265
4295
15054
4261
4266
4296
4262
4267
4297
4263
4268
4298
4264
4269
4299
4265
4270
4300
4271
4301
15060
4267
4272
4302
4268
4273
4303
4269
4274
4304
4270
4275
4305
4271
4276
4306
4277
4307
15066
4273
4278
4308
4274
4279
4309
4275
4280
4310
4276
4281
4311
4277
4282
4312
4283
4313
15072
4279
4314
11478
4280
4315
11472
4281
4316
11466
4282
4317
11460
4283
4318
11454
4319
11448
15078
4285
4290
4320
4286
4291
4321
4287
4292
4322
4288
4293
4323
4289
4294
4324
4295
4325
15084
4291
4296
4326
4292
4297
4327
4293
4298
4328
4294
4299
4329
4295
4300
4330
4301
4331
15090
4297
4302
4332
4298
4303
4333
4299
4304
4334
4300
4305
4335
4301
4306
4336
4307
4337
15096
4303
4308
4338
4304
4309
4339
4305
4310
4340
4306
4311
4341
4307
4312
4342
4313
4343
15102
4309
4314
4344
4310
4315
4345
4311
4316
4346
4312
4317
4347
4313
4318
4348
4319
4349
15108
4315
4350
11514
4316
4351
11508
4317
4352
11502
4318
4353
11496
4319
4354
11490
4355
11484
15114
4321
4326
4356
4322
4327
4357
4323
4328
4358
4324
4329
4359
4325
4330
4360
4331
4361
15120
4327
4332
4362
4328
4333
4363
4329
4334
4364
4330
4335
4365
4331
4336
4366
4337
4367
15126
4333
4338
4368
4334
4339
4369
4335
4340
4370
4336
4341
4371
4337
4342
4372
4343
4373
15132
4339
4344
4374
4340
4345
4375
4341
4346
4376
4342
4347
4377
4343
4348
4378
4349
4379
15138
4345
4350
4380
4346
4351
4381
4347
4352
4382
4348
4353
4383
4349
4354
4384
4355
4385
15144
4351
4386
11550
4352
4387
11544
4353
4388
11538
4354
4389
11532
4355
4390
11526
4391
11520
15150
4357
4362
4392
4358
4363
4393
4359
4364
4394
4360
4365
4395
4361
4366
4396
4367
4397
15156
4363
4368
4398
4364
4369
4399
4365
4370
4400
4366
4371
4401
4367
4372
4402
4373
4403
15162
4369
4374
4404
4370
4375
4405
4371
4376
4406
4372
4377
4407
4373
4378
4408
4379
4409
15168
4375
4380
4410
4376
4381
4411
4377
4382
4412
4378
4383
4413
4379
4384
4414
4385
4415
15174
4381
4386
4416
4382
4387
4417
4383
4388
4418
4384
4389
4419
4385
4390
4420
4391
4421
15180
4387
4422
11586
4388
4423
11580
4389
4424
11574
4390
4425
11568
4391
4426
11562
4427
11556
15186
4393
4398
4428
4394
4399
4429
4395
4400
4430
4396
4401
4431
4397
4402
4432
4403
4433
15192
4399
4404
4434
4400
4405
4435
4401
4406
4436
4402
4407
4437
4403
4408
4438
4409
4439
15198
4405
4410
4440
4406
4411
4441
4407
4412
4442
4408
4413
4443
4409
4414
4444
4415
4445
15204
4411
4416
4446
4412
4417
4447
4413
4418
4448
4414
4419
4449
4415
4420
4450
4421
4451
15210
4417
4422
4452
4418
4423
4453
4419
4424
4454
4420
4425
4455
4421
4426
4456
4427
4457
15216
4423
4458
11622
4424
4459
11616
4425
4460
11610
4426
4461
11604
4427
4462
11598
4463
11592
15222
4429
4434
4464
4430
4435
4465
4431
4436
4466
4432
4437
4467
4433
4438
4468
4439
4469
15228
4435
4440
4470
4436
4441
4471
4437
4442
4472
4438
4443
4473
4439
4444
4474
4445
4475
15234
4441
4446
4476
4442
4447
4477
4443
4448
4478
4444
4449
4479
4445
4450
4480
4451
4481
15240
4447
4452
4482
4448
4453
4483
4449
4454
4484
4450
4455
4485
4451
4456
4486
4457
4487
15246
4453
4458
4488
4454
4459
4489
4455
4460
4490
4456
4461
4491
4457
4462
4492
4463
4493
15252
4459
4494
11658
4460
4495
11652
4461
4496
11646
4462
4497
11640
4463
4498
11634
4499
11628
15258
4465
4470
4500
4466
4471
4501
4467
4472
4502
4468
4473
4503
4469
4474
4504
4475
4505
15264
4471
4476
4506
4472
4477
4507
4473
4478
4508
4474
4479
4509
4475
4480
4510
4481
4511
15270
4477
4482
4512
4478
4483
4513
4479
4484
4514
4480
4485
4515
4481
4486
4516
4487
4517
15276
4483
4488
4518
4484
4489
4519
4485
4490
4520
4486
4491
4521
4487
4492
4522
4493
4523
15282
4489
4494
4524
4490
4495
4525
4491
4496
4526
4492
4497
4527
4493
4498
4528
4499
4529
15288
4495
4530
11694
4496
4531
11688
4497
4532
11682
4498
4533
11676
4499
4534
11670
4535
11664
15294
4501
4506
4536
4502
4507
4537
4503
4508
4538
4504
4509
4539
4505
4510
4540
4511
4541
15300
4507
4512
4542
4508
4513
4543
4509
4514
4544
4510
4515
4545
4511
4516
4546
4517
4547
15306
4513
4518
4548
4514
4519
4549
4515
4520
4550
4516
4521
4551
4517
4522
4552
4523
4553
15312
4519
4524
4554
4520
4525
4555
4521
4526
4556
4522
4527
4557
4523
4528
4558
4529
4559
15318
4525
4530
4560
4526
4531
4561
4527
4532
4562
4528
4533
4563
4529
4534
4564
4535
4565
15324
4531
4566
11730
4532
4567
11724
4533
4568
11718
4534
4569
11712
4535
4570
11706
4571
11700
15330
4537
4542
4572
4538
4543
4573
4539
4544
4574
4540
4545
4575
4541
4546
4576
4547
4577
15336
4543
4548
4578
4544
4549
4579
4545
4550
4580
4546
4551
4581
4547
4552
4582
4553
4583
15342
4549
4554
4584
4550
4555
4585
4551
4556
4586
4552
4557
4587
4553
4558
4588
4559
4589
15348
4555
4560
4590
4556
4561
4591
4557
4562
4592
4558
4563
4593
4559
4564
4594
4565
4595
15354
4561
4566
4596
4562
4567
4597
4563
4568
4598
4564
4569
4599
4565
4570
4600
4571
4601
15360
4567
4602
11766
4568
4603
11760
4569
4604
11754
4570
4605
11748
4571
4606
11742
4607
11736
15366
4573
4578
4608
4574
4579
4609
4575
4580
4610
4576
4581
4611
4577
4582
4612
4583
4613
15372
4579
4584
4614
4580
4585
4615
4581
4586
4616
4582
4587
4617
4583
4588
4618
4589
4619
15378
4585
4590
4620
4586
4591
4621
4587
4592
4622
4588
4593
4623
4589
4594
4624
4595
4625
15384
4591
4596
4626
4592
4597
4627
4593
4598
4628
4594
4599
4629
4595
4600
4630
4601
4631
15390
4597
4602
4632
4598
4603
4633
4599
4604
4634
4600
4605
4635
4601
4606
4636
4607
4637
15396
4603
4638
11802
4604
4639
11796
4605
4640
11790
4606
4641
11784
4607
4642
11778
4643
11772
15402
4609
4614
4644
4610
4615
4645
4611
4616
4646
4612
4617
4647
4613
4618
4648
4619
4649
15408
4615
4620
4650
4616
4621
4651
4617
4622
4652
4618
4623
4653
4619
4624
4654
4625
4655
15414
4621
4626
4656
4622
4627
4657
4623
4628
4658
4624
4629
4659
4625
4630
4660
4631
4661
15420
4627
4632
4662
4628
4633
4663
4629
4634
4664
4630
4635
4665
4631
4636
4666
4637
4667
15426
4633
4638
4668
4634
4639
4669
4635
4640
4670
4636
4641
4671
4637
4642
4672
4643
4673
15432
4639
4674
11838
4640
4675
11832
4641
4676
11826
4642
4677
11820
4643
4678
11814
4679
11808
15438
4645
4650
4680
4646
4651
4681
4647
4652
4682
4648
4653
4683
4649
4654
4684
4655
4685
15444
4651
4656
4686
4652
4657
4687
4653
4658
4688
4654
4659
4689
4655
4660
4690
4661
4691
15450
4657
4662
4692
4658
4663
4693
4659
4664
4694
4660
4665
4695
4661
4666
4696
4667
4697
15456
4663
4668
4698
4664
4669
4699
4665
4670
4700
4666
4671
4701
4667
4672
4702
4673
4703
15462
4669
4674
4704
4670
4675
4705
4671
4676
4706
4672
4677
4707
4673
4678
4708
4679
4709
15468
4675
4710
11874
4676
4711
11868
4677
4712
11862
4678
4713
11856
4679
4714
11850
4715
11844
15474
4681
4686
4716
4682
4687
4717
4683
4688
4718
4684
4689
4719
4685
4690
4720
4691
4721
15480
4687
4692
4722
4688
4693
4723
4689
4694
4724
4690
4695
4725
4691
4696
4726
4697
4727
15486
4693
4698
4728
4694
4699
4729
4695
4700
4730
4696
4701
4731
4697
4702
4732
4703
4733
15492
4699
4704
4734
4700
4705
4735
4701
4706
4736
4702
4707
4737
4703
4708
4738
4709
4739
15498
4705
4710
4740
4706
4711
4741
4707
4712
4742
4708
4713
4743
4709
4714
4744
4715
4745
15504
4711
4746
11910
4712
4747
11904
4713
4748
11898
4714
4749
11892
4715
4750
11886
4751
11880
15510
4717
4722
4752
4718
4723
4753
4719
4724
4754
4720
4725
4755
4721
4726
4756
4727
4757
15516
4723
4728
4758
4724
4729
4759
4725
4730
4760
4726
4731
4761
4727
4732
4762
4733
4763
15522
4729
4734
4764
4730
4735
4765
4731
4736
4766
4732
4737
4767
4733
4738
4768
4739
4769
15528
4735
4740
4770
4736
4741
4771
4737
4742
4772
4738
4743
4773
4739
4744
4774
4745
4775
15534
4741
4746
4776
4742
4747
4777
4743
4748
4778
4744
4749
4779
4745
4750
4780
4751
4781
15540
4747
4782
11946
4748
4783
11940
4749
4784
11934
4750
4785
11928
4751
4786
11922
4787
11916
15546
4753
4758
4788
4754
4759
4789
4755
4760
4790
4756
4761
4791
4757
4762
4792
4763
4793
15552
4759
4764
4794
4760
4765
4795
4761
4766
4796
4762
4767
4797
4763
4768
4798
4769
4799
15558
4765
4770
4800
4766
4771
4801
4767
4772
4802
4768
4773
4803
4769
4774
4804
4775
4805
15564
4771
4776
4806
4772
4777
4807
4773
4778
4808
4774
4779
4809
4775
4780
4810
4781
4811
15570
4777
4782
4812
4778
4783
4813
4779
4784
4814
4780
4785
4815
4781
4786
4816
4787
4817
15576
4783
4818
11982
4784
4819
11976
4785
4820
11970
4786
4821
11964
4787
4822
11958
4823
11952
15582
4789
4794
4824
4790
4795
4825
4791
4796
4826
4792
4797
4827
4793
4798
4828
4799
4829
15588
4795
4800
4830
4796
4801
4831
4797
4802
4832
4798
4803
4833
4799
4804
4834
4805
4835
15594
4801
4806
4836
4802
4807
4837
4803
4808
4838
4804
4809
4839
4805
4810
4840
4811
4841
15600
4807
4812
4842
4808
4813
4843
4809
4814
4844
4810
4815
4845
4811
4816
4846
4817
4847
15606
4813
4818
4848
4814
4819
4849
4815
4820
4850
4816
4821
4851
4817
4822
4852
4823
4853
15612
4819
4854
12018
4820
4855
12012
4821
4856
12006
4822
4857
12000
4823
4858
11994
4859
11988
15618
4825
4830
4860
4826
4831
4861
4827
4832
4862
4828
4833
4863
4829
4834
4864
4835
4865
15624
4831
4836
4866
4832
4837
4867
4833
4838
4868
4834
4839
4869
4835
4840
4870
4841
4871
15630
4837
4842
4872
4838
4843
4873
4839
4844
4874
4840
4845
4875
4841
4846
4876
4847
4877
15636
4843
4848
4878
4844
4849
4879
4845
4850
4880
4846
4851
4881
4847
4852
4882
4853
4883
15642
4849
4854
4884
4850
4855
4885
4851
4856
4886
4852
4857
4887
4853
4858
4888
4859
4889
15648
4855
4890
12054
4856
4891
12048
4857
4892
12042
4858
4893
12036
4859
4894
12030
4895
12024
15654
4861
4866
4896
4862
4867
4897
4863
4868
4898
4864
4869
4899
4865
4870
4900
4871
4901
15660
4867
4872
4902
4868
4873
4903
4869
4874
4904
4870
4875
4905
4871
4876
4906
4877
4907
15666
4873
4878
4908
4874
4879
4909
4875
4880
4910
4876
4881
4911
4877
4882
4912
4883
4913
15672
4879
4884
4914
4880
4885
4915
4881
4886
4916
4882
4887
4917
4883
4888
4918
4889
4919
15678
4885
4890
4920
4886
4891
4921
4887
4892
4922
4888
4893
4923
4889
4894
4924
4895
4925
15684
4891
4926
12090
4892
4927
12084
4893
4928
12078
4894
4929
12072
4895
4930
12066
4931
12060
15690
4897
4902
4932
4898
4903
4933
4899
4904
4934
4900
4905
4935
4901
4906
4936
4907
4937
15696
4903
4908
4938
4904
4909
4939
4905
4910
4940
4906
4911
4941
4907
4912
4942
4913
4943
15702
4909
4914
4944
4910
4915
4945
4911
4916
4946
4912
4917
4947
4913
4918
4948
4919
4949
15708
4915
4920
4950
4916
4921
4951
4917
4922
4952
4918
4923
4953
4919
4924
4954
4925
4955
15714
4921
4926
4956
4922
4927
4957
4923
4928
4958
4924
4929
4959
4925
4930
4960
4931
4961
15720
4927
4962
12126
4928
4963
12120
4929
4964
12114
4930
4965
12108
4931
4966
12102
4967
12096
15726
4933
4938
4968
4934
4939
4969
4935
4940
4970
4936
4941
4971
4937
4942
4972
4943
4973
15732
4939
4944
4974
4940
4945
4975
4941
4946
4976
4942
4947
4977
4943
4948
4978
4949
4979
15738
4945
4950
4980
4946
4951
4981
4947
4952
4982
4948
4953
4983
4949
4954
4984
4955
4985
15744
4951
4956
4986
4952
4957
4987
4953
4958
4988
4954
4959
4989
4955
4960
4990
4961
4991
15750
4957
4962
4992
4958
4963
4993
4959
4964
4994
4960
4965
4995
4961
4966
4996
4967
4997
15756
4963
4998
12162
4964
4999
12156
4965
5000
12150
4966
5001
12144
4967
5002
12138
5003
12132
15762
4969
4974
5004
4970
4975
5005
4971
4976
5006
4972
4977
5007
4973
4978
5008
4979
5009
15768
4975
4980
5010
4976
4981
5011
4977
4982
5012
4978
4983
5013
4979
4984
5014
4985
5015
15774
4981
4986
5016
4982
4987
5017
4983
4988
5018
4984
4989
5019
4985
4990
5020
4991
5021
15780
4987
4992
5022
4988
4993
5023
4989
4994
5024
4990
4995
5025
4991
4996
5026
4997
5027
15786
4993
4998
5028
4994
4999
5029
4995
5000
5030
4996
5001
5031
4997
5002
5032
5003
5033
15792
4999
5034
12198
5000
5035
12192
5001
5036
12186
5002
5037
12180
5003
5038
12174
5039
12168
15798
5005
5010
5040
5006
5011
5041
5007
5012
5042
5008
5013
5043
5009
5014
5044
5015
5045
15804
5011
5016
5046
5012
5017
5047
5013
5018
5048
5014
5019
5049
5015
5020
5050
5021
5051
15810
5017
5022
5052
5018
5023
5053
5019
5024
5054
5020
5025
5055
5021
5026
5056
5027
5057
15816
5023
5028
5058
5024
5029
5059
5025
5030
5060
5026
5031
5061
5027
5032
5062
5033
5063
15822
5029
5034
5064
5030
5035
5065
5031
5036
5066
5032
5037
5067
5033
5038
5068
5039
5069
15828
5035
5070
12234
5036
5071
12228
5037
5072
12222
5038
5073
12216
5039
5074
12210
5075
12204
15834
5041
5046
5076
5042
5047
5077
5043
5048
5078
5044
5049
5079
5045
5050
5080
5051
5081
15840
5047
5052
5082
5048
5053
5083
5049
5054
5084
5050
5055
5085
5051
5056
5086
5057
5087
15846
5053
5058
5088
5054
5059
5089
5055
5060
5090
5056
5061
5091
5057
5062
5092
5063
5093
15852
5059
5064
5094
5060
5065
5095
5061
5066
5096
5062
5067
5097
5063
5068
5098
5069
5099
15858
5065
5070
5100
5066
5071
5101
5067
5072
5102
5068
5073
5103
5069
5074
5104
5075
5105
15864
5071
5106
12270
5072
5107
12264
5073
5108
12258
5074
5109
12252
5075
5110
12246
5111
12240
15870
5077
5082
5112
5078
5083
5113
5079
5084
5114
5080
5085
5115
5081
5086
5116
5087
5117
15876
5083
5088
5118
5084
5089
5119
5085
5090
5120
5086
5091
5121
5087
5092
5122
5093
5123
15882
5089
5094
5124
5090
5095
5125
5091
5096
5126
5092
5097
5127
5093
5098
5128
5099
5129
15888
5095
5100
5130
5096
5101
5131
5097
5102
5132
5098
5103
5133
5099
5104
5134
5105
5135
15894
5101
5106
5136
5102
5107
5137
5103
5108
5138
5104
5109
5139
5105
5110
5140
5111
5141
15900
5107
5142
12306
5108
5143
12300
5109
5144
12294
5110
5145
12288
5111
5146
12282
5147
12276
15906
5113
5118
5148
5114
5119
5149
5115
5120
5150
5116
5121
5151
5117
5122
5152
5123
5153
15912
5119
5124
5154
5120
5125
5155
5121
5126
5156
5122
5127
5157
5123
5128
5158
5129
5159
15918
5125
5130
5160
5126
5131
5161
5127
5132
5162
5128
5133
5163
5129
5134
5164
5135
5165
15924
5131
5136
5166
5132
5137
5167
5133
5138
5168
5134
5139
5169
5135
5140
5170
5141
5171
15930
5137
5142
5172
5138
5143
5173
5139
5144
5174
5140
5145
5175
5141
5146
5176
5147
5177
15936
5143
5178
12342
5144
5179
12336
5145
5180
12330
5146
5181
12324
5147
5182
12318
5183
12312
15942
5149
5154
5184
5150
5155
5185
5151
5156
5186
5152
5157
5187
5153
5158
5188
5159
5189
15948
5155
5160
5190
5156
5161
5191
5157
5162
5192
5158
5163
5193
5159
5164
5194
5165
5195
15954
5161
5166
5196
5162
5167
5197
5163
5168
5198
5164
5169
5199
5165
5170
5200
5171
5201
15960
5167
5172
5202
5168
5173
5203
5169
5174
5204
5170
5175
5205
5171
5176
5206
5177
5207
15966
5173
5178
5208
5174
5179
5209
5175
5180
5210
5176
5181
5211
5177
5182
5212
5183
5213
15972
5179
5214
12378
5180
5215
12372
5181
5216
12366
5182
5217
12360
5183
5218
12354
5219
12348
15978
5185
5190
5220
5186
5191
5221
5187
5192
5222
5188
5193
5223
5189
5194
5224
5195
5225
15984
5191
5196
5226
5192
5197
5227
5193
5198
5228
5194
5199
5229
5195
5200
5230
5201
5231
15990
5197
5202
5232
5198
5203
5233
5199
5204
5234
5200
5205
5235
5201
5206
5236
5207
5237
15996
5203
5208
5238
5204
5209
5239
5205
5210
5240
5206
5211
5241
5207
5212
5242
5213
5243
16002
5209
5214
5244
5210
5215
5245
5211
5216
5246
5212
5217
5247
5213
5218
5248
5219
5249
16008
5215
5250
12414
5216
5251
12408
5217
5252
12402
5218
5253
12396
5219
5254
12390
5255
12384
16014
5221
5226
5256
5222
5227
5257
5223
5228
5258
5224
5229
5259
5225
5230
5260
5231
5261
16020
5227
5232
5262
5228
5233
5263
5229
5234
5264
5230
5235
5265
5231
5236
5266
5237
5267
16026
5233
5238
5268
5234
5239
5269
5235
5240
5270
5236
5241
5271
5237
5242
5272
5243
5273
16032
5239
5244
5274
5240
5245
5275
5241
5246
5276
5242
5247
5277
5243
5248
5278
5249
5279
16038
5245
5250
5280
5246
5251
5281
5247
5252
5282
5248
5253
5283
5249
5254
5284
5255
5285
16044
5251
5286
12450
5252
5287
12444
5253
5288
12438
5254
5289
12432
5255
5290
12426
5291
12420
16050
5257
5262
5292
5258
5263
5293
5259
5264
5294
5260
5265
5295
5261
5266
5296
5267
5297
16056
5263
5268
5298
5264
5269
5299
5265
5270
5300
5266
5271
5301
5267
5272
5302
5273
5303
16062
5269
5274
5304
5270
5275
5305
5271
5276
5306
5272
5277
5307
5273
5278
5308
5279
5309
16068
5275
5280
5310
5276
5281
5311
5277
5282
5312
5278
5283
5313
5279
5284
5314
5285
5315
16074
5281
5286
5316
5282
5287
5317
5283
5288
5318
5284
5289
5319
5285
5290
5320
5291
5321
16080
5287
5322
12486
5288
5323
12480
5289
5324
12474
5290
5325
12468
5291
5326
12462
5327
12456
16086
5293
5298
5328
5294
5299
5329
5295
5300
5330
5296
5301
5331
5297
5302
5332
5303
5333
16092
5299
5304
5334
5300
5305
5335
5301
5306
5336
5302
5307
5337
5303
5308
5338
5309
5339
16098
5305
5310
5340
5306
5311
5341
5307
5312
5342
5308
5313
5343
5309
5314
5344
5315
5345
16104
5311
5316
5346
5312
5317
5347
5313
5318
5348
5314
5319
5349
5315
5320
5350
5321
5351
16110
5317
5322
5352
5318
5323
5353
5319
5324
5354
5320
5325
5355
5321
5326
5356
5327
5357
16116
5323
5358
12522
5324
5359
12516
5325
5360
12510
5326
5361
12504
5327
5362
12498
5363
12492
16122
5329
5334
5364
5330
5335
5365
5331
5336
5366
5332
5337
5367
5333
5338
5368
5339
5369
16128
5335
5340
5370
5336
5341
5371
5337
5342
5372
5338
5343
5373
5339
5344
5374
5345
5375
16134
5341
5346
5376
5342
5347
5377
5343
5348
5378
5344
5349
5379
5345
5350
5380
5351
5381
16140
5347
5352
5382
5348
5353
5383
5349
5354
5384
5350
5355
5385
5351
5356
5386
5357
5387
16146
5353
5358
5388
5354
5359
5389
5355
5360
5390
5356
5361
5391
5357
5362
5392
5363
5393
16152
5359
5394
12558
5360
5395
12552
5361
5396
12546
5362
5397
12540
5363
5398
12534
5399
12528
16158
5365
5370
5400
5366
5371
5401
5367
5372
5402
5368
5373
5403
5369
5374
5404
5375
5405
16164
5371
5376
5406
5372
5377
5407
5373
5378
5408
5374
5379
5409
5375
5380
5410
5381
5411
16170
5377
5382
5412
5378
5383
5413
5379
5384
5414
5380
5385
5415
5381
5386
5416
5387
5417
16176
5383
5388
5418
5384
5389
5419
5385
5390
5420
5386
5391
5421
5387
5392
5422
5393
5423
16182
5389
5394
5424
5390
5395
5425
5391
5396
5426
5392
5397
5427
5393
5398
5428
5399
5429
16188
5395
5430
12594
5396
5431
12588
5397
5432
12582
5398
5433
12576
5399
5434
12570
5435
12564
16194
5401
5406
5436
5402
5407
5437
5403
5408
5438
5404
5409
5439
5405
5410
5440
5411
5441
16200
5407
5412
5442
5408
5413
5443
5409
5414
5444
5410
5415
5445
5411
5416
5446
5417
5447
16206
5413
5418
5448
5414
5419
5449
5415
5420
5450
5416
5421
5451
5417
5422
5452
5423
5453
16212
5419
5424
5454
5420
5425
5455
5421
5426
5456
5422
5427
5457
5423
5428
5458
5429
5459
16218
5425
5430
5460
5426
5431
5461
5427
5432
5462
5428
5433
5463
5429
5434
5464
5435
5465
16224
5431
5466
12630
5432
5467
12624
5433
5468
12618
5434
5469
12612
5435
5470
12606
5471
12600
16230
5437
5442
5472
5438
5443
5473
5439
5444
5474
5440
5445
5475
5441
5446
5476
5447
5477
16236
5443
5448
5478
5444
5449
5479
5445
5450
5480
5446
5451
5481
5447
5452
5482
5453
5483
16242
5449
5454
5484
5450
5455
5485
5451
5456
5486
5452
5457
5487
5453
5458
5488
5459
5489
16248
5455
5460
5490
5456
5461
5491
5457
5462
5492
5458
5463
5493
5459
5464
5494
5465
5495
16254
5461
5466
5496
5462
5467
5497
5463
5468
5498
5464
5469
5499
5465
5470
5500
5471
5501
16260
5467
5502
12666
5468
5503
12660
5469
5504
12654
5470
5505
12648
5471
5506
12642
5507
12636
16266
5473
5478
5508
5474
5479
5509
5475
5480
5510
5476
5481
5511
5477
5482
5512
5483
5513
16272
5479
5484
5514
5480
5485
5515
5481
5486
5516
5482
5487
5517
5483
5488
5518
5489
5519
16278
5485
5490
5520
5486
5491
5521
5487
5492
5522
5488
5493
5523
5489
5494
5524
5495
5525
16284
5491
5496
5526
5492
5497
5527
5493
5498
5528
5494
5499
5529
5495
5500
5530
5501
5531
16290
5497
5502
5532
5498
5503
5533
5499
5504
5534
5500
5505
5535
5501
5506
5536
5507
5537
16296
5503
5538
12702
5504
5539
12696
5505
5540
12690
5506
5541
12684
5507
5542
12678
5543
12672
16302
5509
5514
5544
5510
5515
5545
5511
5516
5546
5512
5517
5547
5513
5518
5548
5519
5549
16308
5515
5520
5550
5516
5521
5551
5517
5522
5552
5518
5523
5553
5519
5524
5554
5525
5555
16314
5521
5526
5556
5522
5527
5557
5523
5528
5558
5524
5529
5559
5525
5530
5560
5531
5561
16320
5527
5532
5562
5528
5533
5563
5529
5534
5564
5530
5535
5565
5531
5536
5566
5537
5567
16326
5533
5538
5568
5534
5539
5569
5535
5540
5570
5536
5541
5571
5537
5542
5572
5543
5573
16332
5539
5574
12738
5540
5575
12732
5541
5576
12726
5542
5577
12720
5543
5578
12714
5579
12708
16338
5545
5550
5580
5546
5551
5581
5547
5552
5582
5548
5553
5583
5549
5554
5584
5555
5585
16344
5551
5556
5586
5552
5557
5587
5553
5558
5588
5554
5559
5589
5555
5560
5590
5561
5591
16350
5557
5562
5592
5558
5563
5593
5559
5564
5594
5560
5565
5595
5561
5566
5596
5567
5597
16356
5563
5568
5598
5564
5569
5599
5565
5570
5600
5566
5571
5601
5567
5572
5602
5573
5603
16362
5569
5574
5604
5570
5575
5605
5571
5576
5606
5572
5577
5607
5573
5578
5608
5579
5609
16368
5575
5610
12774
5576
5611
12768
5577
5612
12762
5578
5613
12756
5579
5614
12750
5615
12744
16374
5581
5586
5616
5582
5587
5617
5583
5588
5618
5584
5589
5619
5585
5590
5620
5591
5621
16380
5587
5592
5622
5588
5593
5623
5589
5594
5624
5590
5595
5625
5591
5596
5626
5597
5627
16386
5593
5598
5628
5594
5599
5629
5595
5600
5630
5596
5601
5631
5597
5602
5632
5603
5633
16392
5599
5604
5634
5600
5605
5635
5601
5606
5636
5602
5607
5637
5603
5608
5638
5609
5639
16398
5605
5610
5640
5606
5611
5641
5607
5612
5642
5608
5613
5643
5609
5614
5644
5615
5645
16404
5611
5646
12810
5612
5647
12804
5613
5648
12798
5614
5649
12792
5615
5650
12786
5651
12780
16410
5617
5622
5652
5618
5623
5653
5619
5624
5654
5620
5625
5655
5621
5626
5656
5627
5657
16416
5623
5628
5658
5624
5629
5659
5625
5630
5660
5626
5631
5661
5627
5632
5662
5633
5663
16422
5629
5634
5664
5630
5635
5665
5631
5636
5666
5632
5637
5667
5633
5638
5668
5639
5669
16428
5635
5640
5670
5636
5641
5671
5637
5642
5672
5638
5643
5673
5639
5644
5674
5645
5675
16434
5641
5646
5676
5642
5647
5677
5643
5648
5678
5644
5649
5679
5645
5650
5680
5651
5681
16440
5647
5682
12846
5648
5683
12840
5649
5684
12834
5650
5685
12828
5651
5686
12822
5687
12816
16446
5653
5658
5688
5654
5659
5689
5655
5660
5690
5656
5661
5691
5657
5662
5692
5663
5693
16452
5659
5664
5694
5660
5665
5695
5661
5666
5696
5662
5667
5697
5663
5668
5698
5669
5699
16458
5665
5670
5700
5666
5671
5701
5667
5672
5702
5668
5673
5703
5669
5674
5704
5675
5705
16464
5671
5676
5706
5672
5677
5707
5673
5678
5708
5674
5679
5709
5675
5680
5710
5681
5711
16470
5677
5682
5712
5678
5683
5713
5679
5684
5714
5680
5685
5715
5681
5686
5716
5687
5717
16476
5683
5718
12882
5684
5719
12876
5685
5720
12870
5686
5721
12864
5687
5722
12858
5723
12852
16482
5689
5694
5724
5690
5695
5725
5691
5696
5726
5692
5697
5727
5693
5698
5728
5699
5729
16488
5695
5700
5730
5696
5701
5731
5697
5702
5732
5698
5703
5733
5699
5704
5734
5705
5735
16494
5701
5706
5736
5702
5707
5737
5703
5708
5738
5704
5709
5739
5705
5710
5740
5711
5741
16500
5707
5712
5742
5708
5713
5743
5709
5714
5744
5710
5715
5745
5711
5716
5746
5717
5747
16506
5713
5718
5748
5714
5719
5749
5715
5720
5750
5716
5721
5751
5717
5722
5752
5723
5753
16512
5719
5754
12918
5720
5755
12912
5721
5756
12906
5722
5757
12900
5723
5758
12894
5759
12888
16518
5725
5730
5760
5726
5731
5761
5727
5732
5762
5728
5733
5763
5729
5734
5764
5735
5765
16524
5731
5736
5766
5732
5737
5767
5733
5738
5768
5734
5739
5769
5735
5740
5770
5741
5771
16530
5737
5742
5772
5738
5743
5773
5739
5744
5774
5740
5745
5775
5741
5746
5776
5747
5777
16536
5743
5748
5778
5744
5749
5779
5745
5750
5780
5746
5751
5781
5747
5752
5782
5753
5783
16542
5749
5754
5784
5750
5755
5785
5751
5756
5786
5752
5757
5787
5753
5758
5788
5759
5789
16548
5755
5790
12954
5756
5791
12948
5757
5792
12942
5758
5793
12936
5759
5794
12930
5795
12924
16554
5761
5766
5796
5762
5767
5797
5763
5768
5798
5764
5769
5799
5765
5770
5800
5771
5801
16560
5767
5772
5802
5768
5773
5803
5769
5774
5804
5770
5775
5805
5771
5776
5806
5777
5807
16566
5773
5778
5808
5774
5779
5809
5775
5780
5810
5776
5781
5811
5777
5782
5812
5783
5813
16572
5779
5784
5814
5780
5785
5815
5781
5786
5816
5782
5787
5817
5783
5788
5818
5789
5819
16578
5785
5790
5820
5786
5791
5821
5787
5792
5822
5788
5793
5823
5789
5794
5824
5795
5825
16584
5791
5826
12990
5792
5827
12984
5793
5828
12978
5794
5829
12972
5795
5830
12966
5831
12960
16590
5797
5802
5832
5798
5803
5833
5799
5804
5834
5800
5805
5835
5801
5806
5836
5807
5837
16596
5803
5808
5838
5804
5809
5839
5805
5810
5840
5806
5811
5841
5807
5812
5842
5813
5843
16602
5809
5814
5844
5810
5815
5845
5811
5816
5846
5812
5817
5847
5813
5818
5848
5819
5849
16608
5815
5820
5850
5816
5821
5851
5817
5822
5852
5818
5823
5853
5819
5824
5854
5825
5855
16614
5821
5826
5856
5822
5827
5857
5823
5828
5858
5824
5829
5859
5825
5830
5860
5831
5861
16620
5827
5862
13026
5828
5863
13020
5829
5864
13014
5830
5865
13008
5831
5866
13002
5867
12996
16626
5833
5838
5868
5834
5839
5869
5835
5840
5870
5836
5841
5871
5837
5842
5872
5843
5873
16632
5839
5844
5874
5840
5845
5875
5841
5846
5876
5842
5847
5877
5843
5848
5878
5849
5879
16638
5845
5850
5880
5846
5851
5881
5847
5852
5882
5848
5853
5883
5849
5854
5884
5855
5885
16644
5851
5856
5886
5852
5857
5887
5853
5858
5888
5854
5859
5889
5855
5860
5890
5861
5891
16650
5857
5862
5892
5858
5863
5893
5859
5864
5894
5860
5865
5895
5861
5866
5896
5867
5897
16656
5863
5898
13062
5864
5899
13056
5865
5900
13050
5866
5901
13044
5867
5902
13038
5903
13032
16662
5869
5874
5904
5870
5875
5905
5871
5876
5906
5872
5877
5907
5873
5878
5908
5879
5909
16668
5875
5880
5910
5876
5881
5911
5877
5882
5912
5878
5883
5913
5879
5884
5914
5885
5915
16674
5881
5886
5916
5882
5887
5917
5883
5888
5918
5884
5889
5919
5885
5890
5920
5891
5921
16680
5887
5892
5922
5888
5893
5923
5889
5894
5924
5890
5895
5925
5891
5896
5926
5897
5927
16686
5893
5898
5928
5894
5899
5929
5895
5900
5930
5896
5901
5931
5897
5902
5932
5903
5933
16692
5899
5934
13098
5900
5935
13092
5901
5936
13086
5902
5937
13080
5903
5938
13074
5939
13068
16698
5905
5910
5940
5906
5911
5941
5907
5912
5942
5908
5913
5943
5909
5914
5944
5915
5945
16704
5911
5916
5946
5912
5917
5947
5913
5918
5948
5914
5919
5949
5915
5920
5950
5921
5951
16710
5917
5922
5952
5918
5923
5953
5919
5924
5954
5920
5925
5955
5921
5926
5956
5927
5957
16716
5923
5928
5958
5924
5929
5959
5925
5930
5960
5926
5931
5961
5927
5932
5962
5933
5963
16722
5929
5934
5964
5930
5935
5965
5931
5936
5966
5932
5937
5967
5933
5938
5968
5939
5969
16728
5935
5970
13134
5936
5971
13128
5937
5972
13122
5938
5973
13116
5939
5974
13110
5975
13104
16734
5941
5946
5976
5942
5947
5977
5943
5948
5978
5944
5949
5979
5945
5950
5980
5951
5981
16740
5947
5952
5982
5948
5953
5983
5949
5954
5984
5950
5955
5985
5951
5956
5986
5957
5987
16746
5953
5958
5988
5954
5959
5989
5955
5960
5990
5956
5961
5991
5957
5962
5992
5963
5993
16752
5959
5964
5994
5960
5965
5995
5961
5966
5996
5962
5967
5997
5963
5968
5998
5969
5999
16758
5965
5970
6000
5966
5971
6001
5967
5972
6002
5968
5973
6003
5969
5974
6004
5975
6005
16764
5971
6006
13170
5972
6007
13164
5973
6008
13158
5974
6009
13152
5975
6010
13146
6011
13140
16770
5977
5982
6012
5978
5983
6013
5979
5984
6014
5980
5985
6015
5981
5986
6016
5987
6017
16776
5983
5988
6018
5984
5989
6019
5985
5990
6020
5986
5991
6021
5987
5992
6022
5993
6023
16782
5989
5994
6024
5990
5995
6025
5991
5996
6026
5992
5997
6027
5993
5998
6028
5999
6029
16788
5995
6000
6030
5996
6001
6031
5997
6002
6032
5998
6003
6033
5999
6004
6034
6005
6035
16794
6001
6006
6036
6002
6007
6037
6003
6008
6038
6004
6009
6039
6005
6010
6040
6011
6041
16800
6007
6042
13206
6008
6043
13200
6009
6044
13194
6010
6045
13188
6011
6046
13182
6047
13176
16806
6013
6018
6048
6014
6019
6049
6015
6020
6050
6016
6021
6051
6017
6022
6052
6023
6053
16812
6019
6024
6054
6020
6025
6055
6021
6026
6056
6022
6027
6057
6023
6028
6058
6029
6059
16818
6025
6030
6060
6026
6031
6061
6027
6032
6062
6028
6033
6063
6029
6034
6064
6035
6065
16824
6031
6036
6066
6032
6037
6067
6033
6038
6068
6034
6039
6069
6035
6040
6070
6041
6071
16830
6037
6042
6072
6038
6043
6073
6039
6044
6074
6040
6045
6075
6041
6046
6076
6047
6077
16836
6043
6078
13242
6044
6079
13236
6045
6080
13230
6046
6081
13224
6047
6082
13218
6083
13212
16842
6049
6054
6084
6050
6055
6085
6051
6056
6086
6052
6057
6087
6053
6058
6088
6059
6089
16848
6055
6060
6090
6056
6061
6091
6057
6062
6092
6058
6063
6093
6059
6064
6094
6065
6095
16854
6061
6066
6096
6062
6067
6097
6063
6068
6098
6064
6069
6099
6065
6070
6100
6071
6101
16860
6067
6072
6102
6068
6073
6103
6069
6074
6104
6070
6075
6105
6071
6076
6106
6077
6107
16866
6073
6078
6108
6074
6079
6109
6075
6080
6110
6076
6081
6111
6077
6082
6112
6083
6113
16872
6079
6114
13278
6080
6115
13272
6081
6116
13266
6082
6117
13260
6083
6118
13254
6119
13248
16878
6085
6090
6120
6086
6091
6121
6087
6092
6122
6088
6093
6123
6089
6094
6124
6095
6125
16884
6091
6096
6126
6092
6097
6127
6093
6098
6128
6094
6099
6129
6095
6100
6130
6101
6131
16890
6097
6102
6132
6098
6103
6133
6099
6104
6134
6100
6105
6135
6101
6106
6136
6107
6137
16896
6103
6108
6138
6104
6109
6139
6105
6110
6140
6106
6111
6141
6107
6112
6142
6113
6143
16902
6109
6114
6144
6110
6115
6145
6111
6116
6146
6112
6117
6147
6113
6118
6148
6119
6149
16908
6115
6150
13314
6116
6151
13308
6117
6152
13302
6118
6153
13296
6119
6154
13290
6155
13284
16914
6121
6126
6156
6122
6127
6157
6123
6128
6158
6124
6129
6159
6125
6130
6160
6131
6161
16920
6127
6132
6162
6128
6133
6163
6129
6134
6164
6130
6135
6165
6131
6136
6166
6137
6167
16926
6133
6138
6168
6134
6139
6169
6135
6140
6170
6136
6141
6171
6137
6142
6172
6143
6173
16932
6139
6144
6174
6140
6145
6175
6141
6146
6176
6142
6147
6177
6143
6148
6178
6149
6179
16938
6145
6150
6180
6146
6151
6181
6147
6152
6182
6148
6153
6183
6149
6154
6184
6155
6185
16944
6151
6186
13350
6152
6187
13344
6153
6188
13338
6154
6189
13332
6155
6190
13326
6191
13320
16950
6157
6162
6192
6158
6163
6193
6159
6164
6194
6160
6165
6195
6161
6166
6196
6167
6197
16956
6163
6168
6198
6164
6169
6199
6165
6170
6200
6166
6171
6201
6167
6172
6202
6173
6203
16962
6169
6174
6204
6170
6175
6205
6171
6176
6206
6172
6177
6207
6173
6178
6208
6179
6209
16968
6175
6180
6210
6176
6181
6211
6177
6182
6212
6178
6183
6213
6179
6184
6214
6185
6215
16974
6181
6186
6216
6182
6187
6217
6183
6188
6218
6184
6189
6219
6185
6190
6220
6191
6221
16980
6187
6222
13386
6188
6223
13380
6189
6224
13374
6190
6225
13368
6191
6226
13362
6227
13356
16986
6193
6198
6228
6194
6199
6229
6195
6200
6230
6196
6201
6231
6197
6202
6232
6203
6233
16992
6199
6204
6234
6200
6205
6235
6201
6206
6236
6202
6207
6237
6203
6208
6238
6209
6239
16998
6205
6210
6240
6206
6211
6241
6207
6212
6242
6208
6213
6243
6209
6214
6244
6215
6245
17004
6211
6216
6246
6212
6217
6247
6213
6218
6248
6214
6219
6249
6215
6220
6250
6221
6251
17010
6217
6222
6252
6218
6223
6253
6219
6224
6254
6220
6225
6255
6221
6226
6256
6227
6257
17016
6223
6258
13422
6224
6259
13416
6225
6260
13410
6226
6261
13404
6227
6262
13398
6263
13392
17022
6229
6234
6264
6230
6235
6265
6231
6236
6266
6232
6237
6267
6233
6238
6268
6239
6269
17028
6235
6240
6270
6236
6241
6271
6237
6242
6272
6238
6243
6273
6239
6244
6274
6245
6275
17034
6241
6246
6276
6242
6247
6277
6243
6248
6278
6244
6249
6279
6245
6250
6280
6251
6281
17040
6247
6252
6282
6248
6253
6283
6249
6254
6284
6250
6255
6285
6251
6256
6286
6257
6287
17046
6253
6258
6288
6254
6259
6289
6255
6260
6290
6256
6261
6291
6257
6262
6292
6263
6293
17052
6259
6294
13458
6260
6295
13452
6261
6296
13446
6262
6297
13440
6263
6298
13434
6299
13428
17058
6265
6270
6300
6266
6271
6301
6267
6272
6302
6268
6273
6303
6269
6274
6304
6275
6305
17064
6271
6276
6306
6272
6277
6307
6273
6278
6308
6274
6279
6309
6275
6280
6310
6281
6311
17070
6277
6282
6312
6278
6283
6313
6279
6284
6314
6280
6285
6315
6281
6286
6316
6287
6317
17076
6283
6288
6318
6284
6289
6319
6285
6290
6320
6286
6291
6321
6287
6292
6322
6293
6323
17082
6289
6294
6324
6290
6295
6325
6291
6296
6326
6292
6297
6327
6293
6298
6328
6299
6329
17088
6295
6330
13494
6296
6331
13488
6297
6332
13482
6298
6333
13476
6299
6334
13470
6335
13464
17094
6301
6306
6336
6302
6307
6337
6303
6308
6338
6304
6309
6339
6305
6310
6340
6311
6341
17100
6307
6312
6342
6308
6313
6343
6309
6314
6344
6310
6315
6345
6311
6316
6346
6317
6347
17106
6313
6318
6348
6314
6319
6349
6315
6320
6350
6316
6321
6351
6317
6322
6352
6323
6353
17112
6319
6324
6354
6320
6325
6355
6321
6326
6356
6322
6327
6357
6323
6328
6358
6329
6359
17118
6325
6330
6360
6326
6331
6361
6327
6332
6362
6328
6333
6363
6329
6334
6364
6335
6365
17124
6331
6366
13530
6332
6367
13524
6333
6368
13518
6334
6369
13512
6335
6370
13506
6371
13500
17130
6337
6342
6372
6338
6343
6373
6339
6344
6374
6340
6345
6375
6341
6346
6376
6347
6377
17136
6343
6348
6378
6344
6349
6379
6345
6350
6380
6346
6351
6381
6347
6352
6382
6353
6383
17142
6349
6354
6384
6350
6355
6385
6351
6356
6386
6352
6357
6387
6353
6358
6388
6359
6389
17148
6355
6360
6390
6356
6361
6391
6357
6362
6392
6358
6363
6393
6359
6364
6394
6365
6395
17154
6361
6366
6396
6362
6367
6397
6363
6368
6398
6364
6369
6399
6365
6370
6400
6371
6401
17160
6367
6402
13566
6368
6403
13560
6369
6404
13554
6370
6405
13548
6371
6406
13542
6407
13536
17166
6373
6378
6408
6374
6379
6409
6375
6380
6410
6376
6381
6411
6377
6382
6412
6383
6413
17172
6379
6384
6414
6380
6385
6415
6381
6386
6416
6382
6387
6417
6383
6388
6418
6389
6419
17178
6385
6390
6420
6386
6391
6421
6387
6392
6422
6388
6393
6423
6389
6394
6424
6395
6425
17184
6391
6396
6426
6392
6397
6427
6393
6398
6428
6394
6399
6429
6395
6400
6430
6401
6431
17190
6397
6402
6432
6398
6403
6433
6399
6404
6434
6400
6405
6435
6401
6406
6436
6407
6437
17196
6403
6438
13602
6404
6439
13596
6405
6440
13590
6406
6441
13584
6407
6442
13578
6443
13572
17202
6409
6414
6444
6410
6415
6445
6411
6416
6446
6412
6417
6447
6413
6418
6448
6419
6449
17208
6415
6420
6450
6416
6421
6451
6417
6422
6452
6418
6423
6453
6419
6424
6454
6425
6455
17214
6421
6426
6456
6422
6427
6457
6423
6428
6458
6424
6429
6459
6425
6430
6460
6431
6461
17220
6427
6432
6462
6428
6433
6463
6429
6434
6464
6430
6435
6465
6431
6436
6466
6437
6467
17226
6433
6438
6468
6434
6439
6469
6435
6440
6470
6436
6441
6471
6437
6442
6472
6443
6473
17232
6439
6474
13638
6440
6475
13632
6441
6476
13626
6442
6477
13620
6443
6478
13614
6479
13608
17238
6445
6450
6480
6446
6451
6481
6447
6452
6482
6448
6453
6483
6449
6454
6484
6455
6485
17244
6451
6456
6486
6452
6457
6487
6453
6458
6488
6454
6459
6489
6455
6460
6490
6461
6491
17250
6457
6462
6492
6458
6463
6493
6459
6464
6494
6460
6465
6495
6461
6466
6496
6467
6497
17256
6463
6468
6498
6464
6469
6499
6465
6470
6500
6466
6471
6501
6467
6472
6502
6473
6503
17262
6469
6474
6504
6470
6475
6505
6471
6476
6506
6472
6477
6507
6473
6478
6508
6479
6509
17268
6475
6510
13674
6476
6511
13668
6477
6512
13662
6478
6513
13656
6479
6514
13650
6515
13644
17274
6481
6486
6516
6482
6487
6517
6483
6488
6518
6484
6489
6519
6485
6490
6520
6491
6521
17280
6487
6492
6522
6488
6493
6523
6489
6494
6524
6490
6495
6525
6491
6496
6526
6497
6527
17286
6493
6498
6528
6494
6499
6529
6495
6500
6530
6496
6501
6531
6497
6502
6532
6503
6533
17292
6499
6504
6534
6500
6505
6535
6501
6506
6536
6502
6507
6537
6503
6508
6538
6509
6539
17298
6505
6510
6540
6506
6511
6541
6507
6512
6542
6508
6513
6543
6509
6514
6544
6515
6545
17304
6511
6546
13710
6512
6547
13704
6513
6548
13698
6514
6549
13692
6515
6550
13686
6551
13680
17310
6517
6522
6552
6518
6523
6553
6519
6524
6554
6520
6525
6555
6521
6526
6556
6527
6557
17316
6523
6528
6558
6524
6529
6559
6525
6530
6560
6526
6531
6561
6527
6532
6562
6533
6563
17322
6529
6534
6564
6530
6535
6565
6531
6536
6566
6532
6537
6567
6533
6538
6568
6539
6569
17328
6535
6540
6570
6536
6541
6571
6537
6542
6572
6538
6543
6573
6539
6544
6574
6545
6575
17334
6541
6546
6576
6542
6547
6577
6543
6548
6578
6544
6549
6579
6545
6550
6580
6551
6581
17340
6547
6582
13746
6548
6583
13740
6549
6584
13734
6550
6585
13728
6551
6586
13722
6587
13716
17346
6553
6558
6588
6554
6559
6589
6555
6560
6590
6556
6561
6591
6557
6562
6592
6563
6593
17352
6559
6564
6594
6560
6565
6595
6561
6566
6596
6562
6567
6597
6563
6568
6598
6569
6599
17358
6565
6570
6600
6566
6571
6601
6567
6572
6602
6568
6573
6603
6569
6574
6604
6575
6605
17364
6571
6576
6606
6572
6577
6607
6573
6578
6608
6574
6579
6609
6575
6580
6610
6581
6611
17370
6577
6582
6612
6578
6583
6613
6579
6584
6614
6580
6585
6615
6581
6586
6616
6587
6617
17376
6583
6618
13782
6584
6619
13776
6585
6620
13770
6586
6621
13764
6587
6622
13758
6623
13752
17382
6589
6594
6624
6590
6595
6625
6591
6596
6626
6592
6597
6627
6593
6598
6628
6599
6629
17388
6595
6600
6630
6596
6601
6631
6597
6602
6632
6598
6603
6633
6599
6604
6634
6605
6635
17394
6601
6606
6636
6602
6607
6637
6603
6608
6638
6604
6609
6639
6605
6610
6640
6611
6641
17400
6607
6612
6642
6608
6613
6643
6609
6614
6644
6610
6615
6645
6611
6616
6646
6617
6647
17406
6613
6618
6648
6614
6619
6649
6615
6620
6650
6616
6621
6651
6617
6622
6652
6623
6653
17412
6619
6654
13818
6620
6655
13812
6621
6656
13806
6622
6657
13800
6623
6658
13794
6659
13788
17418
6625
6630
6660
6626
6631
6661
6627
6632
6662
6628
6633
6663
6629
6634
6664
6635
6665
17424
6631
6636
6666
6632
6637
6667
6633
6638
6668
6634
6639
6669
6635
6640
6670
6641
6671
17430
6637
6642
6672
6638
6643
6673
6639
6644
6674
6640
6645
6675
6641
6646
6676
6647
6677
17436
6643
6648
6678
6644
6649
6679
6645
6650
6680
6646
6651
6681
6647
6652
6682
6653
6683
17442
6649
6654
6684
6650
6655
6685
6651
6656
6686
6652
6657
6687
6653
6658
6688
6659
6689
17448
6655
6690
13854
6656
6691
13848
6657
6692
13842
6658
6693
13836
6659
6694
13830
6695
13824
17454
6661
6666
6696
6662
6667
6697
6663
6668
6698
6664
6669
6699
6665
6670
6700
6671
6701
17460
6667
6672
6702
6668
6673
6703
6669
6674
6704
6670
6675
6705
6671
6676
6706
6677
6707
17466
6673
6678
6708
6674
6679
6709
6675
6680
6710
6676
6681
6711
6677
6682
6712
6683
6713
17472
6679
6684
6714
6680
6685
6715
6681
6686
6716
6682
6687
6717
6683
6688
6718
6689
6719
17478
6685
6690
6720
6686
6691
6721
6687
6692
6722
6688
6693
6723
6689
6694
6724
6695
6725
17484
6691
6726
13890
6692
6727
13884
6693
6728
13878
6694
6729
13872
6695
6730
13866
6731
13860
17490
6697
6702
6732
6698
6703
6733
6699
6704
6734
6700
6705
6735
6701
6706
6736
6707
6737
17496
6703
6708
6738
6704
6709
6739
6705
6710
6740
6706
6711
6741
6707
6712
6742
6713
6743
17502
6709
6714
6744
6710
6715
6745
6711
6716
6746
6712
6717
6747
6713
6718
6748
6719
6749
17508
6715
6720
6750
6716
6721
6751
6717
6722
6752
6718
6723
6753
6719
6724
6754
6725
6755
17514
6721
6726
6756
6722
6727
6757
6723
6728
6758
6724
6729
6759
6725
6730
6760
6731
6761
17520
6727
6762
13926
6728
6763
13920
6729
6764
13914
6730
6765
13908
6731
6766
13902
6767
13896
17526
6733
6738
6768
6734
6739
6769
6735
6740
6770
6736
6741
6771
6737
6742
6772
6743
6773
17532
6739
6744
6774
6740
6745
6775
6741
6746
6776
6742
6747
6777
6743
6748
6778
6749
6779
17538
6745
6750
6780
6746
6751
6781
6747
6752
6782
6748
6753
6783
6749
6754
6784
6755
6785
17544
6751
6756
6786
6752
6757
6787
6753
6758
6788
6754
6759
6789
6755
6760
6790
6761
6791
17550
6757
6762
6792
6758
6763
6793
6759
6764
6794
6760
6765
6795
6761
6766
6796
6767
6797
17556
6763
6798
13962
6764
6799
13956
6765
6800
13950
6766
6801
13944
6767
6802
13938
6803
13932
17562
6769
6774
6804
6770
6775
6805
6771
6776
6806
6772
6777
6807
6773
6778
6808
6779
6809
17568
6775
6780
6810
6776
6781
6811
6777
6782
6812
6778
6783
6813
6779
6784
6814
6785
6815
17574
6781
6786
6816
6782
6787
6817
6783
6788
6818
6784
6789
6819
6785
6790
6820
6791
6821
17580
6787
6792
6822
6788
6793
6823
6789
6794
6824
6790
6795
6825
6791
6796
6826
6797
6827
17586
6793
6798
6828
6794
6799
6829
6795
6800
6830
6796
6801
6831
6797
6802
6832
6803
6833
17592
6799
6834
13998
6800
6835
13992
6801
6836
13986
6802
6837
13980
6803
6838
13974
6839
13968
17598
6805
6810
6840
6806
6811
6841
6807
6812
6842
6808
6813
6843
6809
6814
6844
6815
6845
17604
6811
6816
6846
6812
6817
6847
6813
6818
6848
6814
6819
6849
6815
6820
6850
6821
6851
17610
6817
6822
6852
6818
6823
6853
6819
6824
6854
6820
6825
6855
6821
6826
6856
6827
6857
17616
6823
6828
6858
6824
6829
6859
6825
6830
6860
6826
6831
6861
6827
6832
6862
6833
6863
17622
6829
6834
6864
6830
6835
6865
6831
6836
6866
6832
6837
6867
6833
6838
6868
6839
6869
17628
6835
6870
14034
6836
6871
14028
6837
6872
14022
6838
6873
14016
6839
6874
14010
6875
14004
17634
6841
6846
6876
6842
6847
6877
6843
6848
6878
6844
6849
6879
6845
6850
6880
6851
6881
17640
6847
6852
6882
6848
6853
6883
6849
6854
6884
6850
6855
6885
6851
6856
6886
6857
6887
17646
6853
6858
6888
6854
6859
6889
6855
6860
6890
6856
6861
6891
6857
6862
6892
6863
6893
17652
6859
6864
6894
6860
6865
6895
6861
6866
6896
6862
6867
6897
6863
6868
6898
6869
6899
17658
6865
6870
6900
6866
6871
6901
6867
6872
6902
6868
6873
6903
6869
6874
6904
6875
6905
17664
6871
6906
14070
6872
6907
14064
6873
6908
14058
6874
6909
14052
6875
6910
14046
6911
14040
17670
6877
6882
6912
6878
6883
6913
6879
6884
6914
6880
6885
6915
6881
6886
6916
6887
6917
17676
6883
6888
6918
6884
6889
6919
6885
6890
6920
6886
6891
6921
6887
6892
6922
6893
6923
17682
6889
6894
6924
6890
6895
6925
6891
6896
6926
6892
6897
6927
6893
6898
6928
6899
6929
17688
6895
6900
6930
6896
6901
6931
6897
6902
6932
6898
6903
6933
6899
6904
6934
6905
6935
17694
6901
6906
6936
6902
6907
6937
6903
6908
6938
6904
6909
6939
6905
6910
6940
6911
6941
17700
6907
6942
14106
6908
6943
14100
6909
6944
14094
6910
6945
14088
6911
6946
14082
6947
14076
17706
6913
6918
6948
6914
6919
6949
6915
6920
6950
6916
6921
6951
6917
6922
6952
6923
6953
17712
6919
6924
6954
6920
6925
6955
6921
6926
6956
6922
6927
6957
6923
6928
6958
6929
6959
17718
6925
6930
6960
6926
6931
6961
6927
6932
6962
6928
6933
6963
6929
6934
6964
6935
6965
17724
6931
6936
6966
6932
6937
6967
6933
6938
6968
6934
6939
6969
6935
6940
6970
6941
6971
17730
6937
6942
6972
6938
6943
6973
6939
6944
6974
6940
6945
6975
6941
6946
6976
6947
6977
17736
6943
6978
14142
6944
6979
14136
6945
6980
14130
6946
6981
14124
6947
6982
14118
6983
14112
17742
6949
6954
6984
6950
6955
6985
6951
6956
6986
6952
6957
6987
6953
6958
6988
6959
6989
17748
6955
6960
6990
6956
6961
6991
6957
6962
6992
6958
6963
6993
6959
6964
6994
6965
6995
17754
6961
6966
6996
6962
6967
6997
6963
6968
6998
6964
6969
6999
6965
6970
7000
6971
7001
17760
6967
6972
7002
6968
6973
7003
6969
6974
7004
6970
6975
7005
6971
6976
7006
6977
7007
17766
6973
6978
7008
6974
6979
7009
6975
6980
7010
6976
6981
7011
6977
6982
7012
6983
7013
17772
6979
7014
14178
6980
7015
14172
6981
7016
14166
6982
7017
14160
6983
7018
14154
7019
14148
17778
6985
6990
7020
6986
6991
7021
6987
6992
7022
6988
6993
7023
6989
6994
7024
6995
7025
17784
6991
6996
7026
6992
6997
7027
6993
6998
7028
6994
6999
7029
6995
7000
7030
7001
7031
17790
6997
7002
7032
6998
7003
7033
6999
7004
7034
7000
7005
7035
7001
7006
7036
7007
7037
17796
7003
7008
7038
7004
7009
7039
7005
7010
7040
7006
7011
7041
7007
7012
7042
7013
7043
17802
7009
7014
7044
7010
7015
7045
7011
7016
7046
7012
7017
7047
7013
7018
7048
7019
7049
17808
7015
7050
14214
7016
7051
14208
7017
7052
14202
7018
7053
14196
7019
7054
14190
7055
14184
17814
7021
7026
7056
7022
7027
7057
7023
7028
7058
7024
7029
7059
7025
7030
7060
7031
7061
17820
7027
7032
7062
7028
7033
7063
7029
7034
7064
7030
7035
7065
7031
7036
7066
7037
7067
17826
7033
7038
7068
7034
7039
7069
7035
7040
7070
7036
7041
7071
7037
7042
7072
7043
7073
17832
7039
7044
7074
7040
7045
7075
7041
7046
7076
7042
7047
7077
7043
7048
7078
7049
7079
17838
7045
7050
7080
7046
7051
7081
7047
7052
7082
7048
7053
7083
7049
7054
7084
7055
7085
17844
7051
7086
14250
7052
7087
14244
7053
7088
14238
7054
7089
14232
7055
7090
14226
7091
14220
17850
7057
7062
7092
7058
7063
7093
7059
7064
7094
7060
7065
7095
7061
7066
7096
7067
7097
17856
7063
7068
7098
7064
7069
7099
7065
7070
7100
7066
7071
7101
7067
7072
7102
7073
7103
17862
7069
7074
7104
7070
7075
7105
7071
7076
7106
7072
7077
7107
7073
7078
7108
7079
7109
17868
7075
7080
7110
7076
7081
7111
7077
7082
7112
7078
7083
7113
7079
7084
7114
7085
7115
17874
7081
7086
7116
7082
7087
7117
7083
7088
7118
7084
7089
7119
7085
7090
7120
7091
7121
17880
7087
7122
14286
7088
7123
14280
7089
7124
14274
7090
7125
14268
7091
7126
14262
7127
14256
17886
7093
7098
7128
7094
7099
7129
7095
7100
7130
7096
7101
7131
7097
7102
7132
7103
7133
17892
7099
7104
7134
7100
7105
7135
7101
7106
7136
7102
7107
7137
7103
7108
7138
7109
7139
17898
7105
7110
7140
7106
7111
7141
7107
7112
7142
7108
7113
7143
7109
7114
7144
7115
7145
17904
7111
7116
7146
7112
7117
7147
7113
7118
7148
7114
7119
7149
7115
7120
7150
7121
7151
17910
7117
7122
7152
7118
7123
7153
7119
7124
7154
7120
7125
7155
7121
7126
7156
7127
7157
17916
7123
7158
14322
7124
7159
14316
7125
7160
14310
7126
7161
14304
7127
7162
14298
7163
14292
17922
7129
7134
7164
7130
7135
7165
7131
7136
7166
7132
7137
7167
7133
7138
7168
7139
7169
17928
7135
7140
7170
7136
7141
7171
7137
7142
7172
7138
7143
7173
7139
7144
7174
7145
7175
17934
7141
7146
7176
7142
7147
7177
7143
7148
7178
7144
7149
7179
7145
7150
7180
7151
7181
17940
7147
7152
7182
7148
7153
7183
7149
7154
7184
7150
7155
7185
7151
7156
7186
7157
7187
17946
7153
7158
7188
7154
7159
7189
7155
7160
7190
7156
7161
7191
7157
7162
7192
7163
7193
17952
7159
7194
14358
7160
7195
14352
7161
7196
14346
7162
7197
14340
7163
7198
14334
7199
14328
17958
7165
7170
7166
7171
7167
7172
7168
7173
7169
7174
7175
17964
7171
7176
7172
7177
7173
7178
7174
7179
7175
7180
7181
17970
7177
7182
7178
7183
7179
7184
7180
7185
7181
7186
7187
17976
7183
7188
7184
7189
7185
7190
7186
7191
7187
7192
7193
17982
7189
7194
7190
7195
7191
7196
7192
7197
7193
7198
7199
17988
7195
14394
7196
14388
7197
14382
7198
14376
7199
14370
14364
17994
7201
7206
7236
14405
7202
7207
7237
7203
7208
7238
7204
7209
7239
7205
7210
7240
7211
7241
7207
7212
7242
14411
7208
7213
7243
7209
7214
7244
7210
7215
7245
7211
7216
7246
7217
7247
7213
7218
7248
14417
7214
7219
7249
7215
7220
7250
7216
7221
7251
7217
7222
7252
7223
7253
7219
7224
7254
14423
7220
7225
7255
7221
7226
7256
7222
7227
7257
7223
7228
7258
7229
7259
7225
7230
7260
14429
7226
7231
7261
7227
7232
7262
7228
7233
7263
7229
7234
7264
7235
7265
7231
7266
10805
14435
7232
7267
10811
7233
7268
10817
7234
7269
10823
7235
7270
10829
7271
10835
7237
7242
7272
14441
7238
7243
7273
7239
7244
7274
7240
7245
7275
7241
7246
7276
7247
7277
7243
7248
7278
14447
7244
7249
7279
7245
7250
7280
7246
7251
7281
7247
7252
7282
7253
7283
7249
7254
7284
14453
7250
7255
7285
7251
7256
7286
7252
7257
7287
7253
7258
7288
7259
7289
7255
7260
7290
14459
7256
7261
7291
7257
7262
7292
7258
7263
7293
7259
7264
7294
7265
7295
7261
7266
7296
14465
7262
7267
7297
7263
7268
7298
7264
7269
7299
7265
7270
7300
7271
7301
7267
7302
10841
14471
7268
7303
10847
7269
7304
10853
7270
7305
10859
7271
7306
10865
7307
10871
7273
7278
7308
14477
7274
7279
7309
7275
7280
7310
7276
7281
7311
7277
7282
7312
7283
7313
7279
7284
7314
14483
7280
7285
7315
7281
7286
7316
7282
7287
7317
7283
7288
7318
7289
7319
7285
7290
7320
14489
7286
7291
7321
7287
7292
7322
7288
7293
7323
7289
7294
7324
7295
7325
7291
7296
7326
14495
7292
7297
7327
7293
7298
7328
7294
7299
7329
7295
7300
7330
7301
7331
7297
7302
7332
14501
7298
7303
7333
7299
7304
7334
7300
7305
7335
7301
7306
7336
7307
7337
7303
7338
10877
14507
7304
7339
10883
7305
7340
10889
7306
7341
10895
7307
7342
10901
7343
10907
7309
7314
7344
14513
7310
7315
7345
7311
7316
7346
7312
7317
7347
7313
7318
7348
7319
7349
7315
7320
7350
14519
7316
7321
7351
7317
7322
7352
7318
7323
7353
7319
7324
7354
7325
7355
7321
7326
7356
14525
7322
7327
7357
7323
7328
7358
7324
7329
7359
7325
7330
7360
7331
7361
7327
7332
7362
14531
7328
7333
7363
7329
7334
7364
7330
7335
7365
7331
7336
7366
7337
7367
7333
7338
7368
14537
7334
7339
7369
7335
7340
7370
7336
7341
7371
7337
7342
7372
7343
7373
7339
7374
10913
14543
7340
7375
10919
7341
7376
10925
7342
7377
10931
7343
7378
10937
7379
10943
7345
7350
7380
14549
7346
7351
7381
7347
7352
7382
7348
7353
7383
7349
7354
7384
7355
7385
7351
7356
7386
14555
7352
7357
7387
7353
7358
7388
7354
7359
7389
7355
7360
7390
7361
7391
7357
7362
7392
14561
7358
7363
7393
7359
7364
7394
7360
7365
7395
7361
7366
7396
7367
7397
7363
7368
7398
14567
7364
7369
7399
7365
7370
7400
7366
7371
7401
7367
7372
7402
7373
7403
7369
7374
7404
14573
7370
7375
7405
7371
7376
7406
7372
7377
7407
7373
7378
7408
7379
7409
7375
7410
10949
14579
7376
7411
10955
7377
7412
10961
7378
7413
10967
7379
7414
10973
7415
10979
7381
7386
7416
14585
7382
7387
7417
7383
7388
7418
7384
7389
7419
7385
7390
7420
7391
7421
7387
7392
7422
14591
7388
7393
7423
7389
7394
7424
7390
7395
7425
7391
7396
7426
7397
7427
7393
7398
7428
14597
7394
7399
7429
7395
7400
7430
7396
7401
7431
7397
7402
7432
7403
7433
7399
7404
7434
14603
7400
7405
7435
7401
7406
7436
7402
7407
7437
7403
7408
7438
7409
7439
7405
7410
7440
14609
7406
7411
7441
7407
7412
7442
7408
7413
7443
7409
7414
7444
7415
7445
7411
7446
10985
14615
7412
7447
10991
7413
7448
10997
7414
7449
11003
7415
7450
11009
7451
11015
7417
7422
7452
14621
7418
7423
7453
7419
7424
7454
7420
7425
7455
7421
7426
7456
7427
7457
7423
7428
7458
14627
7424
7429
7459
7425
7430
7460
7426
7431
7461
7427
7432
7462
7433
7463
7429
7434
7464
14633
7430
7435
7465
7431
7436
7466
7432
7437
7467
7433
7438
7468
7439
7469
7435
7440
7470
14639
7436
7441
7471
7437
7442
7472
7438
7443
7473
7439
7444
7474
7445
7475
7441
7446
7476
14645
7442
7447
7477
7443
7448
7478
7444
7449
7479
7445
7450
7480
7451
7481
7447
7482
11021
14651
7448
7483
11027
7449
7484
11033
7450
7485
11039
7451
7486
11045
7487
11051
7453
7458
7488
14657
7454
7459
7489
7455
7460
7490
7456
7461
7491
7457
7462
7492
7463
7493
7459
7464
7494
14663
7460
7465
7495
7461
7466
7496
7462
7467
7497
7463
7468
7498
7469
7499
7465
7470
7500
14669
7466
7471
7501
7467
7472
7502
7468
7473
7503
7469
7474
7504
7475
7505
7471
7476
7506
14675
7472
7477
7507
7473
7478
7508
7474
7479
7509
7475
7480
7510
7481
7511
7477
7482
7512
14681
7478
7483
7513
7479
7484
7514
7480
7485
7515
7481
7486
7516
7487
7517
7483
7518
11057
14687
7484
7519
11063
7485
7520
11069
7486
7521
11075
7487
7522
11081
7523
11087
7489
7494
7524
14693
7490
7495
7525
7491
7496
7526
7492
7497
7527
7493
7498
7528
7499
7529
7495
7500
7530
14699
7496
7501
7531
7497
7502
7532
7498
7503
7533
7499
7504
7534
7505
7535
7501
7506
7536
14705
7502
7507
7537
7503
7508
7538
7504
7509
7539
7505
7510
7540
7511
7541
7507
7512
7542
14711
7508
7513
7543
7509
7514
7544
7510
7515
7545
7511
7516
7546
7517
7547
7513
7518
7548
14717
7514
7519
7549
7515
7520
7550
7516
7521
7551
7517
7522
7552
7523
7553
7519
7554
11093
14723
7520
7555
11099
7521
7556
11105
7522
7557
11111
7523
7558
11117
7559
11123
7525
7530
7560
14729
7526
7531
7561
7527
7532
7562
7528
7533
7563
7529
7534
7564
7535
7565
7531
7536
7566
14735
7532
7537
7567
7533
7538
7568
7534
7539
7569
7535
7540
7570
7541
7571
7537
7542
7572
14741
7538
7543
7573
7539
7544
7574
7540
7545
7575
7541
7546
7576
7547
7577
7543
7548
7578
14747
7544
7549
7579
7545
7550
7580
7546
7551
7581
7547
7552
7582
7553
7583
7549
7554
7584
14753
7550
7555
7585
7551
7556
7586
7552
7557
7587
7553
7558
7588
7559
7589
7555
7590
11129
14759
7556
7591
11135
7557
7592
11141
7558
7593
11147
7559
7594
11153
7595
11159
7561
7566
7596
14765
7562
7567
7597
7563
7568
7598
7564
7569
7599
7565
7570
7600
7571
7601
7567
7572
7602
14771
7568
7573
7603
7569
7574
7604
7570
7575
7605
7571
7576
7606
7577
7607
7573
7578
7608
14777
7574
7579
7609
7575
7580
7610
7576
7581
7611
7577
7582
7612
7583
7613
7579
7584
7614
14783
7580
7585
7615
7581
7586
7616
7582
7587
7617
7583
7588
7618
7589
7619
7585
7590
7620
14789
7586
7591
7621
7587
7592
7622
7588
7593
7623
7589
7594
7624
7595
7625
7591
7626
11165
14795
7592
7627
11171
7593
7628
11177
7594
7629
11183
7595
7630
11189
7631
11195
7597
7602
7632
14801
7598
7603
7633
7599
7604
7634
7600
7605
7635
7601
7606
7636
7607
7637
7603
7608
7638
14807
7604
7609
7639
7605
7610
7640
7606
7611
7641
7607
7612
7642
7613
7643
7609
7614
7644
14813
7610
7615
7645
7611
7616
7646
7612
7617
7647
7613
7618
7648
7619
7649
7615
7620
7650
14819
7616
7621
7651
7617
7622
7652
7618
7623
7653
7619
7624
7654
7625
7655
7621
7626
7656
14825
7622
7627
7657
7623
7628
7658
7624
7629
7659
7625
7630
7660
7631
7661
7627
7662
11201
14831
7628
7663
11207
7629
7664
11213
7630
7665
11219
7631
7666
11225
7667
11231
7633
7638
7668
14837
7634
7639
7669
7635
7640
7670
7636
7641
7671
7637
7642
7672
7643
7673
7639
7644
7674
14843
7640
7645
7675
7641
7646
7676
7642
7647
7677
7643
7648
7678
7649
7679
7645
7650
7680
14849
7646
7651
7681
7647
7652
7682
7648
7653
7683
7649
7654
7684
7655
7685
7651
7656
7686
14855
7652
7657
7687
7653
7658
7688
7654
7659
7689
7655
7660
7690
7661
7691
7657
7662
7692
14861
7658
7663
7693
7659
7664
7694
7660
7665
7695
7661
7666
7696
7667
7697
7663
7698
11237
14867
7664
7699
11243
7665
7700
11249
7666
7701
11255
7667
7702
11261
7703
11267
7669
7674
7704
14873
7670
7675
7705
7671
7676
7706
7672
7677
7707
7673
7678
7708
7679
7709
7675
7680
7710
14879
7676
7681
7711
7677
7682
7712
7678
7683
7713
7679
7684
7714
7685
7715
7681
7686
7716
14885
7682
7687
7717
7683
7688
7718
7684
7689
7719
7685
7690
7720
7691
7721
7687
7692
7722
14891
7688
7693
7723
7689
7694
7724
7690
7695
7725
7691
7696
7726
7697
7727
7693
7698
7728
14897
7694
7699
7729
7695
7700
7730
7696
7701
7731
7697
7702
7732
7703
7733
7699
7734
11273
14903
7700
7735
11279
7701
7736
11285
7702
7737
11291
7703
7738
11297
7739
11303
7705
7710
7740
14909
7706
7711
7741
7707
7712
7742
7708
7713
7743
7709
7714
7744
7715
7745
7711
7716
7746
14915
7712
7717
7747
7713
7718
7748
7714
7719
7749
7715
7720
7750
7721
7751
7717
7722
7752
14921
7718
7723
7753
7719
7724
7754
7720
7725
7755
7721
7726
7756
7727
7757
7723
7728
7758
14927
7724
7729
7759
7725
7730
7760
7726
7731
7761
7727
7732
7762
7733
7763
7729
7734
7764
14933
7730
7735
7765
7731
7736
7766
7732
7737
7767
7733
7738
7768
7739
7769
7735
7770
11309
14939
7736
7771
11315
7737
7772
11321
7738
7773
11327
7739
7774
11333
7775
11339
7741
7746
7776
14945
7742
7747
7777
7743
7748
7778
7744
7749
7779
7745
7750
7780
7751
7781
7747
7752
7782
14951
7748
7753
7783
7749
7754
7784
7750
7755
7785
7751
7756
7786
7757
7787
7753
7758
7788
14957
7754
7759
7789
7755
7760
7790
7756
7761
7791
7757
7762
7792
7763
7793
7759
7764
7794
14963
7760
7765
7795
7761
7766
7796
7762
7767
7797
7763
7768
7798
7769
7799
7765
7770
7800
14969
7766
7771
7801
7767
7772
7802
7768
7773
7803
7769
7774
7804
7775
7805
7771
7806
11345
14975
7772
7807
11351
7773
7808
11357
7774
7809
11363
7775
7810
11369
7811
11375
7777
7782
7812
14981
7778
7783
7813
7779
7784
7814
7780
7785
7815
7781
7786
7816
7787
7817
7783
7788
7818
14987
7784
7789
7819
7785
7790
7820
7786
7791
7821
7787
7792
7822
7793
7823
7789
7794
7824
14993
7790
7795
7825
7791
7796
7826
7792
7797
7827
7793
7798
7828
7799
7829
7795
7800
7830
14999
7796
7801
7831
7797
7802
7832
7798
7803
7833
7799
7804
7834
7805
7835
7801
7806
7836
15005
7802
7807
7837
7803
7808
7838
7804
7809
7839
7805
7810
7840
7811
7841
7807
7842
11381
15011
7808
7843
11387
7809
7844
11393
7810
7845
11399
7811
7846
11405
7847
11411
7813
7818
7848
15017
7814
7819
7849
7815
7820
7850
7816
7821
7851
7817
7822
7852
7823
7853
7819
7824
7854
15023
7820
7825
7855
7821
7826
7856
7822
7827
7857
7823
7828
7858
7829
7859
7825
7830
7860
15029
7826
7831
7861
7827
7832
7862
7828
7833
7863
7829
7834
7864
7835
7865
7831
7836
7866
15035
7832
7837
7867
7833
7838
7868
7834
7839
7869
7835
7840
7870
7841
7871
7837
7842
7872
15041
7838
7843
7873
7839
7844
7874
7840
7845
7875
7841
7846
7876
7847
7877
7843
7878
11417
15047
7844
7879
11423
7845
7880
11429
7846
7881
11435
7847
7882
11441
7883
11447
7849
7854
7884
15053
7850
7855
7885
7851
7856
7886
7852
7857
7887
7853
7858
7888
7859
7889
7855
7860
7890
15059
7856
7861
7891
7857
7862
7892
7858
7863
7893
7859
7864
7894
7865
7895
7861
7866
7896
15065
7862
7867
7897
7863
7868
7898
7864
7869
7899
7865
7870
7900
7871
7901
7867
7872
7902
15071
7868
7873
7903
7869
7874
7904
7870
7875
7905
7871
7876
7906
7877
7907
7873
7878
7908
15077
7874
7879
7909
7875
7880
7910
7876
7881
7911
7877
7882
7912
7883
7913
7879
7914
11453
15083
7880
7915
11459
7881
7916
11465
7882
7917
11471
7883
7918
11477
7919
11483
7885
7890
7920
15089
7886
7891
7921
7887
7892
7922
7888
7893
7923
7889
7894
7924
7895
7925
7891
7896
7926
15095
7892
7897
7927
7893
7898
7928
7894
7899
7929
7895
7900
7930
7901
7931
7897
7902
7932
15101
7898
7903
7933
7899
7904
7934
7900
7905
7935
7901
7906
7936
7907
7937
7903
7908
7938
15107
7904
7909
7939
7905
7910
7940
7906
7911
7941
7907
7912
7942
7913
7943
7909
7914
7944
15113
7910
7915
7945
7911
7916
7946
7912
7917
7947
7913
7918
7948
7919
7949
7915
7950
11489
15119
7916
7951
11495
7917
7952
11501
7918
7953
11507
7919
7954
11513
7955
11519
7921
7926
7956
15125
7922
7927
7957
7923
7928
7958
7924
7929
7959
7925
7930
7960
7931
7961
7927
7932
7962
15131
7928
7933
7963
7929
7934
7964
7930
7935
7965
7931
7936
7966
7937
7967
7933
7938
7968
15137
7934
7939
7969
7935
7940
7970
7936
7941
7971
7937
7942
7972
7943
7973
7939
7944
7974
15143
7940
7945
7975
7941
7946
7976
7942
7947
7977
7943
7948
7978
7949
7979
7945
7950
7980
15149
7946
7951
7981
7947
7952
7982
7948
7953
7983
7949
7954
7984
7955
7985
7951
7986
11525
15155
7952
7987
11531
7953
7988
11537
7954
7989
11543
7955
7990
11549
7991
11555
7957
7962
7992
15161
7958
7963
7993
7959
7964
7994
7960
7965
7995
7961
7966
7996
7967
7997
7963
7968
7998
15167
7964
7969
7999
7965
7970
8000
7966
7971
8001
7967
7972
8002
7973
8003
7969
7974
8004
15173
7970
7975
8005
7971
7976
8006
7972
7977
8007
7973
7978
8008
7979
8009
7975
7980
8010
15179
7976
7981
8011
7977
7982
8012
7978
7983
8013
7979
7984
8014
7985
8015
7981
7986
8016
15185
7982
7987
8017
7983
7988
8018
7984
7989
8019
7985
7990
8020
7991
8021
7987
8022
11561
15191
7988
8023
11567
7989
8024
11573
7990
8025
11579
7991
8026
11585
8027
11591
7993
7998
8028
15197
7994
7999
8029
7995
8000
8030
7996
8001
8031
7997
8002
8032
8003
8033
7999
8004
8034
15203
8000
8005
8035
8001
8006
8036
8002
8007
8037
8003
8008
8038
8009
8039
8005
8010
8040
15209
8006
8011
8041
8007
8012
8042
8008
8013
8043
8009
8014
8044
8015
8045
8011
8016
8046
15215
8012
8017
8047
8013
8018
8048
8014
8019
8049
8015
8020
8050
8021
8051
8017
8022
8052
15221
8018
8023
8053
8019
8024
8054
8020
8025
8055
8021
8026
8056
8027
8057
8023
8058
11597
15227
8024
8059
11603
8025
8060
11609
8026
8061
11615
8027
8062
11621
8063
11627
8029
8034
8064
15233
8030
8035
8065
8031
8036
8066
8032
8037
8067
8033
8038
8068
8039
8069
8035
8040
8070
15239
8036
8041
8071
8037
8042
8072
8038
8043
8073
8039
8044
8074
8045
8075
8041
8046
8076
15245
8042
8047
8077
8043
8048
8078
8044
8049
8079
8045
8050
8080
8051
8081
8047
8052
8082
15251
8048
8053
8083
8049
8054
8084
8050
8055
8085
8051
8056
8086
8057
8087
8053
8058
8088
15257
8054
8059
8089
8055
8060
8090
8056
8061
8091
8057
8062
8092
8063
8093
8059
8094
11633
15263
8060
8095
11639
8061
8096
11645
8062
8097
11651
8063
8098
11657
8099
11663
8065
8070
8100
15269
8066
8071
8101
8067
8072
8102
8068
8073
8103
8069
8074
8104
8075
8105
8071
8076
8106
15275
8072
8077
8107
8073
8078
8108
8074
8079
8109
8075
8080
8110
8081
8111
8077
8082
8112
15281
8078
8083
8113
8079
8084
8114
8080
8085
8115
8081
8086
8116
8087
8117
8083
8088
8118
15287
8084
8089
8119
8085
8090
8120
8086
8091
8121
8087
8092
8122
8093
8123
8089
8094
8124
15293
8090
8095
8125
8091
8096
8126
8092
8097
8127
8093
8098
8128
8099
8129
8095
8130
11669
15299
8096
8131
11675
8097
8132
11681
8098
8133
11687
8099
8134
11693
8135
11699
8101
8106
8136
15305
8102
8107
8137
8103
8108
8138
8104
8109
8139
8105
8110
8140
8111
8141
8107
8112
8142
15311
8108
8113
8143
8109
8114
8144
8110
8115
8145
8111
8116
8146
8117
8147
8113
8118
8148
15317
8114
8119
8149
8115
8120
8150
8116
8121
8151
8117
8122
8152
8123
8153
8119
8124
8154
15323
8120
8125
8155
8121
8126
8156
8122
8127
8157
8123
8128
8158
8129
8159
8125
8130
8160
15329
8126
8131
8161
8127
8132
8162
8128
8133
8163
8129
8134
8164
8135
8165
8131
8166
11705
15335
8132
8167
11711
8133
8168
11717
8134
8169
11723
8135
8170
11729
8171
11735
8137
8142
8172
15341
8138
8143
8173
8139
8144
8174
8140
8145
8175
8141
8146
8176
8147
8177
8143
8148
8178
15347
8144
8149
8179
8145
8150
8180
8146
8151
8181
8147
8152
8182
8153
8183
8149
8154
8184
15353
8150
8155
8185
8151
8156
8186
8152
8157
8187
8153
8158
8188
8159
8189
8155
8160
8190
15359
8156
8161
8191
8157
8162
8192
8158
8163
8193
8159
8164
8194
8165
8195
8161
8166
8196
15365
8162
8167
8197
8163
8168
8198
8164
8169
8199
8165
8170
8200
8171
8201
8167
8202
11741
15371
8168
8203
11747
8169
8204
11753
8170
8205
11759
8171
8206
11765
8207
11771
8173
8178
8208
15377
8174
8179
8209
8175
8180
8210
8176
8181
8211
8177
8182
8212
8183
8213
8179
8184
8214
15383
8180
8185
8215
8181
8186
8216
8182
8187
8217
8183
8188
8218
8189
8219
8185
8190
8220
15389
8186
8191
8221
8187
8192
8222
8188
8193
8223
8189
8194
8224
8195
8225
8191
8196
8226
15395
8192
8197
8227
8193
8198
8228
8194
8199
8229
8195
8200
8230
8201
8231
8197
8202
8232
15401
8198
8203
8233
8199
8204
8234
8200
8205
8235
8201
8206
8236
8207
8237
8203
8238
11777
15407
8204
8239
11783
8205
8240
11789
8206
8241
11795
8207
8242
11801
8243
11807
8209
8214
8244
15413
8210
8215
8245
8211
8216
8246
8212
8217
8247
8213
8218
8248
8219
8249
8215
8220
8250
15419
8216
8221
8251
8217
8222
8252
8218
8223
8253
8219
8224
8254
8225
8255
8221
8226
8256
15425
8222
8227
8257
8223
8228
8258
8224
8229
8259
8225
8230
8260
8231
8261
8227
8232
8262
15431
8228
8233
8263
8229
8234
8264
8230
8235
8265
8231
8236
8266
8237
8267
8233
8238
8268
15437
8234
8239
8269
8235
8240
8270
8236
8241
8271
8237
8242
8272
8243
8273
8239
8274
11813
15443
8240
8275
11819
8241
8276
11825
8242
8277
11831
8243
8278
11837
8279
11843
8245
8250
8280
15449
8246
8251
8281
8247
8252
8282
8248
8253
8283
8249
8254
8284
8255
8285
8251
8256
8286
15455
8252
8257
8287
8253
8258
8288
8254
8259
8289
8255
8260
8290
8261
8291
8257
8262
8292
15461
8258
8263
8293
8259
8264
8294
8260
8265
8295
8261
8266
8296
8267
8297
8263
8268
8298
15467
8264
8269
8299
8265
8270
8300
8266
8271
8301
8267
8272
8302
8273
8303
8269
8274
8304
15473
8270
8275
8305
8271
8276
8306
8272
8277
8307
8273
8278
8308
8279
8309
8275
8310
11849
15479
8276
8311
11855
8277
8312
11861
8278
8313
11867
8279
8314
11873
8315
11879
8281
8286
8316
15485
8282
8287
8317
8283
8288
8318
8284
8289
8319
8285
8290
8320
8291
8321
8287
8292
8322
15491
8288
8293
8323
8289
8294
8324
8290
8295
8325
8291
8296
8326
8297
8327
8293
8298
8328
15497
8294
8299
8329
8295
8300
8330
8296
8301
8331
8297
8302
8332
8303
8333
8299
8304
8334
15503
8300
8305
8335
8301
8306
8336
8302
8307
8337
8303
8308
8338
8309
8339
8305
8310
8340
15509
8306
8311
8341
8307
8312
8342
8308
8313
8343
8309
8314
8344
8315
8345
8311
8346
11885
15515
8312
8347
11891
8313
8348
11897
8314
8349
11903
8315
8350
11909
8351
11915
8317
8322
8352
15521
8318
8323
8353
8319
8324
8354
8320
8325
8355
8321
8326
8356
8327
8357
8323
8328
8358
15527
8324
8329
8359
8325
8330
8360
8326
8331
8361
8327
8332
8362
8333
8363
8329
8334
8364
15533
8330
8335
8365
8331
8336
8366
8332
8337
8367
8333
8338
8368
8339
8369
8335
8340
8370
15539
8336
8341
8371
8337
8342
8372
8338
8343
8373
8339
8344
8374
8345
8375
8341
8346
8376
15545
8342
8347
8377
8343
8348
8378
8344
8349
8379
8345
8350
8380
8351
8381
8347
8382
11921
15551
8348
8383
11927
8349
8384
11933
8350
8385
11939
8351
8386
11945
8387
11951
8353
8358
8388
15557
8354
8359
8389
8355
8360
8390
8356
8361
8391
8357
8362
8392
8363
8393
8359
8364
8394
15563
8360
8365
8395
8361
8366
8396
8362
8367
8397
8363
8368
8398
8369
8399
8365
8370
8400
15569
8366
8371
8401
8367
8372
8402
8368
8373
8403
8369
8374
8404
8375
8405
8371
8376
8406
15575
8372
8377
8407
8373
8378
8408
8374
8379
8409
8375
8380
8410
8381
8411
8377
8382
8412
15581
8378
8383
8413
8379
8384
8414
8380
8385
8415
8381
8386
8416
8387
8417
8383
8418
11957
15587
8384
8419
11963
8385
8420
11969
8386
8421
11975
8387
8422
11981
8423
11987
8389
8394
8424
15593
8390
8395
8425
8391
8396
8426
8392
8397
8427
8393
8398
8428
8399
8429
8395
8400
8430
15599
8396
8401
8431
8397
8402
8432
8398
8403
8433
8399
8404
8434
8405
8435
8401
8406
8436
15605
8402
8407
8437
8403
8408
8438
8404
8409
8439
8405
8410
8440
8411
8441
8407
8412
8442
15611
8408
8413
8443
8409
8414
8444
8410
8415
8445
8411
8416
8446
8417
8447
8413
8418
8448
15617
8414
8419
8449
8415
8420
8450
8416
8421
8451
8417
8422
8452
8423
8453
8419
8454
11993
15623
8420
8455
11999
8421
8456
12005
8422
8457
12011
8423
8458
12017
8459
12023
8425
8430
8460
15629
8426
8431
8461
8427
8432
8462
8428
8433
8463
8429
8434
8464
8435
8465
8431
8436
8466
15635
8432
8437
8467
8433
8438
8468
8434
8439
8469
8435
8440
8470
8441
8471
8437
8442
8472
15641
8438
8443
8473
8439
8444
8474
8440
8445
8475
8441
8446
8476
8447
8477
8443
8448
8478
15647
8444
8449
8479
8445
8450
8480
8446
8451
8481
8447
8452
8482
8453
8483
8449
8454
8484
15653
8450
8455
8485
8451
8456
8486
8452
8457
8487
8453
8458
8488
8459
8489
8455
8490
12029
15659
8456
8491
12035
8457
8492
12041
8458
8493
12047
8459
8494
12053
8495
12059
8461
8466
8496
15665
8462
8467
8497
8463
8468
8498
8464
8469
8499
8465
8470
8500
8471
8501
8467
8472
8502
15671
8468
8473
8503
8469
8474
8504
8470
8475
8505
8471
8476
8506
8477
8507
8473
8478
8508
15677
8474
8479
8509
8475
8480
8510
8476
8481
8511
8477
8482
8512
8483
8513
8479
8484
8514
15683
8480
8485
8515
8481
8486
8516
8482
8487
8517
8483
8488
8518
8489
8519
8485
8490
8520
15689
8486
8491
8521
8487
8492
8522
8488
8493
8523
8489
8494
8524
8495
8525
8491
8526
12065
15695
8492
8527
12071
8493
8528
12077
8494
8529
12083
8495
8530
12089
8531
12095
8497
8502
8532
15701
8498
8503
8533
8499
8504
8534
8500
8505
8535
8501
8506
8536
8507
8537
8503
8508
8538
15707
8504
8509
8539
8505
8510
8540
8506
8511
8541
8507
8512
8542
8513
8543
8509
8514
8544
15713
8510
8515
8545
8511
8516
8546
8512
8517
8547
8513
8518
8548
8519
8549
8515
8520
8550
15719
8516
8521
8551
8517
8522
8552
8518
8523
8553
8519
8524
8554
8525
8555
8521
8526
8556
15725
8522
8527
8557
8523
8528
8558
8524
8529
8559
8525
8530
8560
8531
8561
8527
8562
12101
15731
8528
8563
12107
8529
8564
12113
8530
8565
12119
8531
8566
12125
8567
12131
8533
8538
8568
15737
8534
8539
8569
8535
8540
8570
8536
8541
8571
8537
8542
8572
8543
8573
8539
8544
8574
15743
8540
8545
8575
8541
8546
8576
8542
8547
8577
8543
8548
8578
8549
8579
8545
8550
8580
15749
8546
8551
8581
8547
8552
8582
8548
8553
8583
8549
8554
8584
8555
8585
8551
8556
8586
15755
8552
8557
8587
8553
8558
8588
8554
8559
8589
8555
8560
8590
8561
8591
8557
8562
8592
15761
8558
8563
8593
8559
8564
8594
8560
8565
8595
8561
8566
8596
8567
8597
8563
8598
12137
15767
8564
8599
12143
8565
8600
12149
8566
8601
12155
8567
8602
12161
8603
12167
8569
8574
8604
15773
8570
8575
8605
8571
8576
8606
8572
8577
8607
8573
8578
8608
8579
8609
8575
8580
8610
15779
8576
8581
8611
8577
8582
8612
8578
8583
8613
8579
8584
8614
8585
8615
8581
8586
8616
15785
8582
8587
8617
8583
8588
8618
8584
8589
8619
8585
8590
8620
8591
8621
8587
8592
8622
15791
8588
8593
8623
8589
8594
8624
8590
8595
8625
8591
8596
8626
8597
8627
8593
8598
8628
15797
8594
8599
8629
8595
8600
8630
8596
8601
8631
8597
8602
8632
8603
8633
8599
8634
12173
15803
8600
8635
12179
8601
8636
12185
8602
8637
12191
8603
8638
12197
8639
12203
8605
8610
8640
15809
8606
8611
8641
8607
8612
8642
8608
8613
8643
8609
8614
8644
8615
8645
8611
8616
8646
15815
8612
8617
8647
8613
8618
8648
8614
8619
8649
8615
8620
8650
8621
8651
8617
8622
8652
15821
8618
8623
8653
8619
8624
8654
8620
8625
8655
8621
8626
8656
8627
8657
8623
8628
8658
15827
8624
8629
8659
8625
8630
8660
8626
8631
8661
8627
8632
8662
8633
8663
8629
8634
8664
15833
8630
8635
8665
8631
8636
8666
8632
8637
8667
8633
8638
8668
8639
8669
8635
8670
12209
15839
8636
8671
12215
8637
8672
12221
8638
8673
12227
8639
8674
12233
8675
12239
8641
8646
8676
15845
8642
8647
8677
8643
8648
8678
8644
8649
8679
8645
8650
8680
8651
8681
8647
8652
8682
15851
8648
8653
8683
8649
8654
8684
8650
8655
8685
8651
8656
8686
8657
8687
8653
8658
8688
15857
8654
8659
8689
8655
8660
8690
8656
8661
8691
8657
8662
8692
8663
8693
8659
8664
8694
15863
8660
8665
8695
8661
8666
8696
8662
8667
8697
8663
8668
8698
8669
8699
8665
8670
8700
15869
8666
8671
8701
8667
8672
8702
8668
8673
8703
8669
8674
8704
8675
8705
8671
8706
12245
15875
8672
8707
12251
8673
8708
12257
8674
8709
12263
8675
8710
12269
8711
12275
8677
8682
8712
15881
8678
8683
8713
8679
8684
8714
8680
8685
8715
8681
8686
8716
8687
8717
8683
8688
8718
15887
8684
8689
8719
8685
8690
8720
8686
8691
8721
8687
8692
8722
8693
8723
8689
8694
8724
15893
8690
8695
8725
8691
8696
8726
8692
8697
8727
8693
8698
8728
8699
8729
8695
8700
8730
15899
8696
8701
8731
8697
8702
8732
8698
8703
8733
8699
8704
8734
8705
8735
8701
8706
8736
15905
8702
8707
8737
8703
8708
8738
8704
8709
8739
8705
8710
8740
8711
8741
8707
8742
12281
15911
8708
8743
12287
8709
8744
12293
8710
8745
12299
8711
8746
12305
8747
12311
8713
8718
8748
15917
8714
8719
8749
8715
8720
8750
8716
8721
8751
8717
8722
8752
8723
8753
8719
8724
8754
15923
8720
8725
8755
8721
8726
8756
8722
8727
8757
8723
8728
8758
8729
8759
8725
8730
8760
15929
8726
8731
8761
8727
8732
8762
8728
8733
8763
8729
8734
8764
8735
8765
8731
8736
8766
15935
8732
8737
8767
8733
8738
8768
8734
8739
8769
8735
8740
8770
8741
8771
8737
8742
8772
15941
8738
8743
8773
8739
8744
8774
8740
8745
8775
8741
8746
8776
8747
8777
8743
8778
12317
15947
8744
8779
12323
8745
8780
12329
8746
8781
12335
8747
8782
12341
8783
12347
8749
8754
8784
15953
8750
8755
8785
8751
8756
8786
8752
8757
8787
8753
8758
8788
8759
8789
8755
8760
8790
15959
8756
8761
8791
8757
8762
8792
8758
8763
8793
8759
8764
8794
8765
8795
8761
8766
8796
15965
8762
8767
8797
8763
8768
8798
8764
8769
8799
8765
8770
8800
8771
8801
8767
8772
8802
15971
8768
8773
8803
8769
8774
8804
8770
8775
8805
8771
8776
8806
8777
8807
8773
8778
8808
15977
8774
8779
8809
8775
8780
8810
8776
8781
8811
8777
8782
8812
8783
8813
8779
8814
12353
15983
8780
8815
12359
8781
8816
12365
8782
8817
12371
8783
8818
12377
8819
12383
8785
8790
8820
15989
8786
8791
8821
8787
8792
8822
8788
8793
8823
8789
8794
8824
8795
8825
8791
8796
8826
15995
8792
8797
8827
8793
8798
8828
8794
8799
8829
8795
8800
8830
8801
8831
8797
8802
8832
16001
8798
8803
8833
8799
8804
8834
8800
8805
8835
8801
8806
8836
8807
8837
8803
8808
8838
16007
8804
8809
8839
8805
8810
8840
8806
8811
8841
8807
8812
8842
8813
8843
8809
8814
8844
16013
8810
8815
8845
8811
8816
8846
8812
8817
8847
8813
8818
8848
8819
8849
8815
8850
12389
16019
8816
8851
12395
8817
8852
12401
8818
8853
12407
8819
8854
12413
8855
12419
8821
8826
8856
16025
8822
8827
8857
8823
8828
8858
8824
8829
8859
8825
8830
8860
8831
8861
8827
8832
8862
16031
8828
8833
8863
8829
8834
8864
8830
8835
8865
8831
8836
8866
8837
8867
8833
8838
8868
16037
8834
8839
8869
8835
8840
8870
8836
8841
8871
8837
8842
8872
8843
8873
8839
8844
8874
16043
8840
8845
8875
8841
8846
8876
8842
8847
8877
8843
8848
8878
8849
8879
8845
8850
8880
16049
8846
8851
8881
8847
8852
8882
8848
8853
8883
8849
8854
8884
8855
8885
8851
8886
12425
16055
8852
8887
12431
8853
8888
12437
8854
8889
12443
8855
8890
12449
8891
12455
8857
8862
8892
16061
8858
8863
8893
8859
8864
8894
8860
8865
8895
8861
8866
8896
8867
8897
8863
8868
8898
16067
8864
8869
8899
8865
8870
8900
8866
8871
8901
8867
8872
8902
8873
8903
8869
8874
8904
16073
8870
8875
8905
8871
8876
8906
8872
8877
8907
8873
8878
8908
8879
8909
8875
8880
8910
16079
8876
8881
8911
8877
8882
8912
8878
8883
8913
8879
8884
8914
8885
8915
8881
8886
8916
16085
8882
8887
8917
8883
8888
8918
8884
8889
8919
8885
8890
8920
8891
8921
8887
8922
12461
16091
8888
8923
12467
8889
8924
12473
8890
8925
12479
8891
8926
12485
8927
12491
8893
8898
8928
16097
8894
8899
8929
8895
8900
8930
8896
8901
8931
8897
8902
8932
8903
8933
8899
8904
8934
16103
8900
8905
8935
8901
8906
8936
8902
8907
8937
8903
8908
8938
8909
8939
8905
8910
8940
16109
8906
8911
8941
8907
8912
8942
8908
8913
8943
8909
8914
8944
8915
8945
8911
8916
8946
16115
8912
8917
8947
8913
8918
8948
8914
8919
8949
8915
8920
8950
8921
8951
8917
8922
8952
16121
8918
8923
8953
8919
8924
8954
8920
8925
8955
8921
8926
8956
8927
8957
8923
8958
12497
16127
8924
8959
12503
8925
8960
12509
8926
8961
12515
8927
8962
12521
8963
12527
8929
8934
8964
16133
8930
8935
8965
8931
8936
8966
8932
8937
8967
8933
8938
8968
8939
8969
8935
8940
8970
16139
8936
8941
8971
8937
8942
8972
8938
8943
8973
8939
8944
8974
8945
8975
8941
8946
8976
16145
8942
8947
8977
8943
8948
8978
8944
8949
8979
8945
8950
8980
8951
8981
8947
8952
8982
16151
8948
8953
8983
8949
8954
8984
8950
8955
8985
8951
8956
8986
8957
8987
8953
8958
8988
16157
8954
8959
8989
8955
8960
8990
8956
8961
8991
8957
8962
8992
8963
8993
8959
8994
12533
16163
8960
8995
12539
8961
8996
12545
8962
8997
12551
8963
8998
12557
8999
12563
8965
8970
9000
16169
8966
8971
9001
8967
8972
9002
8968
8973
9003
8969
8974
9004
8975
9005
8971
8976
9006
16175
8972
8977
9007
8973
8978
9008
8974
8979
9009
8975
8980
9010
8981
9011
8977
8982
9012
16181
8978
8983
9013
8979
8984
9014
8980
8985
9015
8981
8986
9016
8987
9017
8983
8988
9018
16187
8984
8989
9019
8985
8990
9020
8986
8991
9021
8987
8992
9022
8993
9023
8989
8994
9024
16193
8990
8995
9025
8991
8996
9026
8992
8997
9027
8993
8998
9028
8999
9029
8995
9030
12569
16199
8996
9031
12575
8997
9032
12581
8998
9033
12587
8999
9034
12593
9035
12599
9001
9006
9036
16205
9002
9007
9037
9003
9008
9038
9004
9009
9039
9005
9010
9040
9011
9041
9007
9012
9042
16211
9008
9013
9043
9009
9014
9044
9010
9015
9045
9011
9016
9046
9017
9047
9013
9018
9048
16217
9014
9019
9049
9015
9020
9050
9016
9021
9051
9017
9022
9052
9023
9053
9019
9024
9054
16223
9020
9025
9055
9021
9026
9056
9022
9027
9057
9023
9028
9058
9029
9059
9025
9030
9060
16229
9026
9031
9061
9027
9032
9062
9028
9033
9063
9029
9034
9064
9035
9065
9031
9066
12605
16235
9032
9067
12611
9033
9068
12617
9034
9069
12623
9035
9070
12629
9071
12635
9037
9042
9072
16241
9038
9043
9073
9039
9044
9074
9040
9045
9075
9041
9046
9076
9047
9077
9043
9048
9078
16247
9044
9049
9079
9045
9050
9080
9046
9051
9081
9047
9052
9082
9053
9083
9049
9054
9084
16253
9050
9055
9085
9051
9056
9086
9052
9057
9087
9053
9058
9088
9059
9089
9055
9060
9090
16259
9056
9061
9091
9057
9062
9092
9058
9063
9093
9059
9064
9094
9065
9095
9061
9066
9096
16265
9062
9067
9097
9063
9068
9098
9064
9069
9099
9065
9070
9100
9071
9101
9067
9102
12641
16271
9068
9103
12647
9069
9104
12653
9070
9105
12659
9071
9106
12665
9107
12671
9073
9078
9108
16277
9074
9079
9109
9075
9080
9110
9076
9081
9111
9077
9082
9112
9083
9113
9079
9084
9114
16283
9080
9085
9115
9081
9086
9116
9082
9087
9117
9083
9088
9118
9089
9119
9085
9090
9120
16289
9086
9091
9121
9087
9092
9122
9088
9093
9123
9089
9094
9124
9095
9125
9091
9096
9126
16295
9092
9097
9127
9093
9098
9128
9094
9099
9129
9095
9100
9130
9101
9131
9097
9102
9132
16301
9098
9103
9133
9099
9104
9134
9100
9105
9135
9101
9106
9136
9107
9137
9103
9138
12677
16307
9104
9139
12683
9105
9140
12689
9106
9141
12695
9107
9142
12701
9143
12707
9109
9114
9144
16313
9110
9115
9145
9111
9116
9146
9112
9117
9147
9113
9118
9148
9119
9149
9115
9120
9150
16319
9116
9121
9151
9117
9122
9152
9118
9123
9153
9119
9124
9154
9125
9155
9121
9126
9156
16325
9122
9127
9157
9123
9128
9158
9124
9129
9159
9125
9130
9160
9131
9161
9127
9132
9162
16331
9128
9133
9163
9129
9134
9164
9130
9135
9165
9131
9136
9166
9137
9167
9133
9138
9168
16337
9134
9139
9169
9135
9140
9170
9136
9141
9171
9137
9142
9172
9143
9173
9139
9174
12713
16343
9140
9175
12719
9141
9176
12725
9142
9177
12731
9143
9178
12737
9179
12743
9145
9150
9180
16349
9146
9151
9181
9147
9152
9182
9148
9153
9183
9149
9154
9184
9155
9185
9151
9156
9186
16355
9152
9157
9187
9153
9158
9188
9154
9159
9189
9155
9160
9190
9161
9191
9157
9162
9192
16361
9158
9163
9193
9159
9164
9194
9160
9165
9195
9161
9166
9196
9167
9197
9163
9168
9198
16367
9164
9169
9199
9165
9170
9200
9166
9171
9201
9167
9172
9202
9173
9203
9169
9174
9204
16373
9170
9175
9205
9171
9176
9206
9172
9177
9207
9173
9178
9208
9179
9209
9175
9210
12749
16379
9176
9211
12755
9177
9212
12761
9178
9213
12767
9179
9214
12773
9215
12779
9181
9186
9216
16385
9182
9187
9217
9183
9188
9218
9184
9189
9219
9185
9190
9220
9191
9221
9187
9192
9222
16391
9188
9193
9223
9189
9194
9224
9190
9195
9225
9191
9196
9226
9197
9227
9193
9198
9228
16397
9194
9199
9229
9195
9200
9230
9196
9201
9231
9197
9202
9232
9203
9233
9199
9204
9234
16403
9200
9205
9235
9201
9206
9236
9202
9207
9237
9203
9208
9238
9209
9239
9205
9210
9240
16409
9206
9211
9241
9207
9212
9242
9208
9213
9243
9209
9214
9244
9215
9245
9211
9246
12785
16415
9212
9247
12791
9213
9248
12797
9214
9249
12803
9215
9250
12809
9251
12815
9217
9222
9252
16421
9218
9223
9253
9219
9224
9254
9220
9225
9255
9221
9226
9256
9227
9257
9223
9228
9258
16427
9224
9229
9259
9225
9230
9260
9226
9231
9261
9227
9232
9262
9233
9263
9229
9234
9264
16433
9230
9235
9265
9231
9236
9266
9232
9237
9267
9233
9238
9268
9239
9269
9235
9240
9270
16439
9236
9241
9271
9237
9242
9272
9238
9243
9273
9239
9244
9274
9245
9275
9241
9246
9276
16445
9242
9247
9277
9243
9248
9278
9244
9249
9279
9245
9250
9280
9251
9281
9247
9282
12821
16451
9248
9283
12827
9249
9284
12833
9250
9285
12839
9251
9286
12845
9287
12851
9253
9258
9288
16457
9254
9259
9289
9255
9260
9290
9256
9261
9291
9257
9262
9292
9263
9293
9259
9264
9294
16463
9260
9265
9295
9261
9266
9296
9262
9267
9297
9263
9268
9298
9269
9299
9265
9270
9300
16469
9266
9271
9301
9267
9272
9302
9268
9273
9303
9269
9274
9304
9275
9305
9271
9276
9306
16475
9272
9277
9307
9273
9278
9308
9274
9279
9309
9275
9280
9310
9281
9311
9277
9282
9312
16481
9278
9283
9313
9279
9284
9314
9280
9285
9315
9281
9286
9316
9287
9317
9283
9318
12857
16487
9284
9319
12863
9285
9320
12869
9286
9321
12875
9287
9322
12881
9323
12887
9289
9294
9324
16493
9290
9295
9325
9291
9296
9326
9292
9297
9327
9293
9298
9328
9299
9329
9295
9300
9330
16499
9296
9301
9331
9297
9302
9332
9298
9303
9333
9299
9304
9334
9305
9335
9301
9306
9336
16505
9302
9307
9337
9303
9308
9338
9304
9309
9339
9305
9310
9340
9311
9341
9307
9312
9342
16511
9308
9313
9343
9309
9314
9344
9310
9315
9345
9311
9316
9346
9317
9347
9313
9318
9348
16517
9314
9319
9349
9315
9320
9350
9316
9321
9351
9317
9322
9352
9323
9353
9319
9354
12893
16523
9320
9355
12899
9321
9356
12905
9322
9357
12911
9323
9358
12917
9359
12923
9325
9330
9360
16529
9326
9331
9361
9327
9332
9362
9328
9333
9363
9329
9334
9364
9335
9365
9331
9336
9366
16535
9332
9337
9367
9333
9338
9368
9334
9339
9369
9335
9340
9370
9341
9371
9337
9342
9372
16541
9338
9343
9373
9339
9344
9374
9340
9345
9375
9341
9346
9376
9347
9377
9343
9348
9378
16547
9344
9349
9379
9345
9350
9380
9346
9351
9381
9347
9352
9382
9353
9383
9349
9354
9384
16553
9350
9355
9385
9351
9356
9386
9352
9357
9387
9353
9358
9388
9359
9389
9355
9390
12929
16559
9356
9391
12935
9357
9392
12941
9358
9393
12947
9359
9394
12953
9395
12959
9361
9366
9396
16565
9362
9367
9397
9363
9368
9398
9364
9369
9399
9365
9370
9400
9371
9401
9367
9372
9402
16571
9368
9373
9403
9369
9374
9404
9370
9375
9405
9371
9376
9406
9377
9407
9373
9378
9408
16577
9374
9379
9409
9375
9380
9410
9376
9381
9411
9377
9382
9412
9383
9413
9379
9384
9414
16583
9380
9385
9415
9381
9386
9416
9382
9387
9417
9383
9388
9418
9389
9419
9385
9390
9420
16589
9386
9391
9421
9387
9392
9422
9388
9393
9423
9389
9394
9424
9395
9425
9391
9426
12965
16595
9392
9427
12971
9393
9428
12977
9394
9429
12983
9395
9430
12989
9431
12995
9397
9402
9432
16601
9398
9403
9433
9399
9404
9434
9400
9405
9435
9401
9406
9436
9407
9437
9403
9408
9438
16607
9404
9409
9439
9405
9410
9440
9406
9411
9441
9407
9412
9442
9413
9443
9409
9414
9444
16613
9410
9415
9445
9411
9416
9446
9412
9417
9447
9413
9418
9448
9419
9449
9415
9420
9450
16619
9416
9421
9451
9417
9422
9452
9418
9423
9453
9419
9424
9454
9425
9455
9421
9426
9456
16625
9422
9427
9457
9423
9428
9458
9424
9429
9459
9425
9430
9460
9431
9461
9427
9462
13001
16631
9428
9463
13007
9429
9464
13013
9430
9465
13019
9431
9466
13025
9467
13031
9433
9438
9468
16637
9434
9439
9469
9435
9440
9470
9436
9441
9471
9437
9442
9472
9443
9473
9439
9444
9474
16643
9440
9445
9475
9441
9446
9476
9442
9447
9477
9443
9448
9478
9449
9479
9445
9450
9480
16649
9446
9451
9481
9447
9452
9482
9448
9453
9483
9449
9454
9484
9455
9485
9451
9456
9486
16655
9452
9457
9487
9453
9458
9488
9454
9459
9489
9455
9460
9490
9461
9491
9457
9462
9492
16661
9458
9463
9493
9459
9464
9494
9460
9465
9495
9461
9466
9496
9467
9497
9463
9498
13037
16667
9464
9499
13043
9465
9500
13049
9466
9501
13055
9467
9502
13061
9503
13067
9469
9474
9504
16673
9470
9475
9505
9471
9476
9506
9472
9477
9507
9473
9478
9508
9479
9509
9475
9480
9510
16679
9476
9481
9511
9477
9482
9512
9478
9483
9513
9479
9484
9514
9485
9515
9481
9486
9516
16685
9482
9487
9517
9483
9488
9518
9484
9489
9519
9485
9490
9520
9491
9521
9487
9492
9522
16691
9488
9493
9523
9489
9494
9524
9490
9495
9525
9491
9496
9526
9497
9527
9493
9498
9528
16697
9494
9499
9529
9495
9500
9530
9496
9501
9531
9497
9502
9532
9503
9533
9499
9534
13073
16703
9500
9535
13079
9501
9536
13085
9502
9537
13091
9503
9538
13097
9539
13103
9505
9510
9540
16709
9506
9511
9541
9507
9512
9542
9508
9513
9543
9509
9514
9544
9515
9545
9511
9516
9546
16715
9512
9517
9547
9513
9518
9548
9514
9519
9549
9515
9520
9550
9521
9551
9517
9522
9552
16721
9518
9523
9553
9519
9524
9554
9520
9525
9555
9521
9526
9556
9527
9557
9523
9528
9558
16727
9524
9529
9559
9525
9530
9560
9526
9531
9561
9527
9532
9562
9533
9563
9529
9534
9564
16733
9530
9535
9565
9531
9536
9566
9532
9537
9567
9533
9538
9568
9539
9569
9535
9570
13109
16739
9536
9571
13115
9537
9572
13121
9538
9573
13127
9539
9574
13133
9575
13139
9541
9546
9576
16745
9542
9547
9577
9543
9548
9578
9544
9549
9579
9545
9550
9580
9551
9581
9547
9552
9582
16751
9548
9553
9583
9549
9554
9584
9550
9555
9585
9551
9556
9586
9557
9587
9553
9558
9588
16757
9554
9559
9589
9555
9560
9590
9556
9561
9591
9557
9562
9592
9563
9593
9559
9564
9594
16763
9560
9565
9595
9561
9566
9596
9562
9567
9597
9563
9568
9598
9569
9599
9565
9570
9600
16769
9566
9571
9601
9567
9572
9602
9568
9573
9603
9569
9574
9604
9575
9605
9571
9606
13145
16775
9572
9607
13151
9573
9608
13157
9574
9609
13163
9575
9610
13169
9611
13175
9577
9582
9612
16781
9578
9583
9613
9579
9584
9614
9580
9585
9615
9581
9586
9616
9587
9617
9583
9588
9618
16787
9584
9589
9619
9585
9590
9620
9586
9591
9621
9587
9592
9622
9593
9623
9589
9594
9624
16793
9590
9595
9625
9591
9596
9626
9592
9597
9627
9593
9598
9628
9599
9629
9595
9600
9630
16799
9596
9601
9631
9597
9602
9632
9598
9603
9633
9599
9604
9634
9605
9635
9601
9606
9636
16805
9602
9607
9637
9603
9608
9638
9604
9609
9639
9605
9610
9640
9611
9641
9607
9642
13181
16811
9608
9643
13187
9609
9644
13193
9610
9645
13199
9611
9646
13205
9647
13211
9613
9618
9648
16817
9614
9619
9649
9615
9620
9650
9616
9621
9651
9617
9622
9652
9623
9653
9619
9624
9654
16823
9620
9625
9655
9621
9626
9656
9622
9627
9657
9623
9628
9658
9629
9659
9625
9630
9660
16829
9626
9631
9661
9627
9632
9662
9628
9633
9663
9629
9634
9664
9635
9665
9631
9636
9666
16835
9632
9637
9667
9633
9638
9668
9634
9639
9669
9635
9640
9670
9641
9671
9637
9642
9672
16841
9638
9643
9673
9639
9644
9674
9640
9645
9675
9641
9646
9676
9647
9677
9643
9678
13217
16847
9644
9679
13223
9645
9680
13229
9646
9681
13235
9647
9682
13241
9683
13247
9649
9654
9684
16853
9650
9655
9685
9651
9656
9686
9652
9657
9687
9653
9658
9688
9659
9689
9655
9660
9690
16859
9656
9661
9691
9657
9662
9692
9658
9663
9693
9659
9664
9694
9665
9695
9661
9666
9696
16865
9662
9667
9697
9663
9668
9698
9664
9669
9699
9665
9670
9700
9671
9701
9667
9672
9702
16871
9668
9673
9703
9669
9674
9704
9670
9675
9705
9671
9676
9706
9677
9707
9673
9678
9708
16877
9674
9679
9709
9675
9680
9710
9676
9681
9711
9677
9682
9712
9683
9713
9679
9714
13253
16883
9680
9715
13259
9681
9716
13265
9682
9717
13271
9683
9718
13277
9719
13283
9685
9690
9720
16889
9686
9691
9721
9687
9692
9722
9688
9693
9723
9689
9694
9724
9695
9725
9691
9696
9726
16895
9692
9697
9727
9693
9698
9728
9694
9699
9729
9695
9700
9730
9701
9731
9697
9702
9732
16901
9698
9703
9733
9699
9704
9734
9700
9705
9735
9701
9706
9736
9707
9737
9703
9708
9738
16907
9704
9709
9739
9705
9710
9740
9706
9711
9741
9707
9712
9742
9713
9743
9709
9714
9744
16913
9710
9715
9745
9711
9716
9746
9712
9717
9747
9713
9718
9748
9719
9749
9715
9750
13289
16919
9716
9751
13295
9717
9752
13301
9718
9753
13307
9719
9754
13313
9755
13319
9721
9726
9756
16925
9722
9727
9757
9723
9728
9758
9724
9729
9759
9725
9730
9760
9731
9761
9727
9732
9762
16931
9728
9733
9763
9729
9734
9764
9730
9735
9765
9731
9736
9766
9737
9767
9733
9738
9768
16937
9734
9739
9769
9735
9740
9770
9736
9741
9771
9737
9742
9772
9743
9773
9739
9744
9774
16943
9740
9745
9775
9741
9746
9776
9742
9747
9777
9743
9748
9778
9749
9779
9745
9750
9780
16949
9746
9751
9781
9747
9752
9782
9748
9753
9783
9749
9754
9784
9755
9785
9751
9786
13325
16955
9752
9787
13331
9753
9788
13337
9754
9789
13343
9755
9790
13349
9791
13355
9757
9762
9792
16961
9758
9763
9793
9759
9764
9794
9760
9765
9795
9761
9766
9796
9767
9797
9763
9768
9798
16967
9764
9769
9799
9765
9770
9800
9766
9771
9801
9767
9772
9802
9773
9803
9769
9774
9804
16973
9770
9775
9805
9771
9776
9806
9772
9777
9807
9773
9778
9808
9779
9809
9775
9780
9810
16979
9776
9781
9811
9777
9782
9812
9778
9783
9813
9779
9784
9814
9785
9815
9781
9786
9816
16985
9782
9787
9817
9783
9788
9818
9784
9789
9819
9785
9790
9820
9791
9821
9787
9822
13361
16991
9788
9823
13367
9789
9824
13373
9790
9825
13379
9791
9826
13385
9827
13391
9793
9798
9828
16997
9794
9799
9829
9795
9800
9830
9796
9801
9831
9797
9802
9832
9803
9833
9799
9804
9834
17003
9800
9805
9835
9801
9806
9836
9802
9807
9837
9803
9808
9838
9809
9839
9805
9810
9840
17009
9806
9811
9841
9807
9812
9842
9808
9813
9843
9809
9814
9844
9815
9845
9811
9816
9846
17015
9812
9817
9847
9813
9818
9848
9814
9819
9849
9815
9820
9850
9821
9851
9817
9822
9852
17021
9818
9823
9853
9819
9824
9854
9820
9825
9855
9821
9826
9856
9827
9857
9823
9858
13397
17027
9824
9859
13403
9825
9860
13409
9826
9861
13415
9827
9862
13421
9863
13427
9829
9834
9864
17033
9830
9835
9865
9831
9836
9866
9832
9837
9867
9833
9838
9868
9839
9869
9835
9840
9870
17039
9836
9841
9871
9837
9842
9872
9838
9843
9873
9839
9844
9874
9845
9875
9841
9846
9876
17045
9842
9847
9877
9843
9848
9878
9844
9849
9879
9845
9850
9880
9851
9881
9847
9852
9882
17051
9848
9853
9883
9849
9854
9884
9850
9855
9885
9851
9856
9886
9857
9887
9853
9858
9888
17057
9854
9859
9889
9855
9860
9890
9856
9861
9891
9857
9862
9892
9863
9893
9859
9894
13433
17063
9860
9895
13439
9861
9896
13445
9862
9897
13451
9863
9898
13457
9899
13463
9865
9870
9900
17069
9866
9871
9901
9867
9872
9902
9868
9873
9903
9869
9874
9904
9875
9905
9871
9876
9906
17075
9872
9877
9907
9873
9878
9908
9874
9879
9909
9875
9880
9910
9881
9911
9877
9882
9912
17081
9878
9883
9913
9879
9884
9914
9880
9885
9915
9881
9886
9916
9887
9917
9883
9888
9918
17087
9884
9889
9919
9885
9890
9920
9886
9891
9921
9887
9892
9922
9893
9923
9889
9894
9924
17093
9890
9895
9925
9891
9896
9926
9892
9897
9927
9893
9898
9928
9899
9929
9895
9930
13469
17099
9896
9931
13475
9897
9932
13481
9898
9933
13487
9899
9934
13493
9935
13499
9901
9906
9936
17105
9902
9907
9937
9903
9908
9938
9904
9909
9939
9905
9910
9940
9911
9941
9907
9912
9942
17111
9908
9913
9943
9909
9914
9944
9910
9915
9945
9911
9916
9946
9917
9947
9913
9918
9948
17117
9914
9919
9949
9915
9920
9950
9916
9921
9951
9917
9922
9952
9923
9953
9919
9924
9954
17123
9920
9925
9955
9921
9926
9956
9922
9927
9957
9923
9928
9958
9929
9959
9925
9930
9960
17129
9926
9931
9961
9927
9932
9962
9928
9933
9963
9929
9934
9964
9935
9965
9931
9966
13505
17135
9932
9967
13511
9933
9968
13517
9934
9969
13523
9935
9970
13529
9971
13535
9937
9942
9972
17141
9938
9943
9973
9939
9944
9974
9940
9945
9975
9941
9946
9976
9947
9977
9943
9948
9978
17147
9944
9949
9979
9945
9950
9980
9946
9951
9981
9947
9952
9982
9953
9983
9949
9954
9984
17153
9950
9955
9985
9951
9956
9986
9952
9957
9987
9953
9958
9988
9959
9989
9955
9960
9990
17159
9956
9961
9991
9957
9962
9992
9958
9963
9993
9959
9964
9994
9965
9995
9961
9966
9996
17165
9962
9967
9997
9963
9968
9998
9964
9969
9999
9965
9970
10000
9971
10001
9967
10002
13541
17171
9968
10003
13547
9969
10004
13553
9970
10005
13559
9971
10006
13565
10007
13571
9973
9978
10008
17177
9974
9979
10009
9975
9980
10010
9976
9981
10011
9977
9982
10012
9983
10013
9979
9984
10014
17183
9980
9985
10015
9981
9986
10016
9982
9987
10017
9983
9988
10018
9989
10019
9985
9990
10020
17189
9986
9991
10021
9987
9992
10022
9988
9993
10023
9989
9994
10024
9995
10025
9991
9996
10026
17195
9992
9997
10027
9993
9998
10028
9994
9999
10029
9995
10000
10030
10001
10031
9997
10002
10032
17201
9998
10003
10033
9999
10004
10034
10000
10005
10035
10001
10006
10036
10007
10037
10003
10038
13577
17207
10004
10039
13583
10005
10040
13589
10006
10041
13595
10007
10042
13601
10043
13607
10009
10014
10044
17213
10010
10015
10045
10011
10016
10046
10012
10017
10047
10013
10018
10048
10019
10049
10015
10020
10050
17219
10016
10021
10051
10017
10022
10052
10018
10023
10053
10019
10024
10054
10025
10055
10021
10026
10056
17225
10022
10027
10057
10023
10028
10058
10024
10029
10059
10025
10030
10060
10031
10061
10027
10032
10062
17231
10028
10033
10063
10029
10034
10064
10030
10035
10065
10031
10036
10066
10037
10067
10033
10038
10068
17237
10034
10039
10069
10035
10040
10070
10036
10041
10071
10037
10042
10072
10043
10073
10039
10074
13613
17243
10040
10075
13619
10041
10076
13625
10042
10077
13631
10043
10078
13637
10079
13643
10045
10050
10080
17249
10046
10051
10081
10047
10052
10082
10048
10053
10083
10049
10054
10084
10055
10085
10051
10056
10086
17255
10052
10057
10087
10053
10058
10088
10054
10059
10089
10055
10060
10090
10061
10091
10057
10062
10092
17261
10058
10063
10093
10059
10064
10094
10060
10065
10095
10061
10066
10096
10067
10097
10063
10068
10098
17267
10064
10069
10099
10065
10070
10100
10066
10071
10101
10067
10072
10102
10073
10103
10069
10074
10104
17273
10070
10075
10105
10071
10076
10106
10072
10077
10107
10073
10078
10108
10079
10109
10075
10110
13649
17279
10076
10111
13655
10077
10112
13661
10078
10113
13667
10079
10114
13673
10115
13679
10081
10086
10116
17285
10082
10087
10117
10083
10088
10118
10084
10089
10119
10085
10090
10120
10091
10121
10087
10092
10122
17291
10088
10093
10123
10089
10094
10124
10090
10095
10125
10091
10096
10126
10097
10127
10093
10098
10128
17297
10094
10099
10129
10095
10100
10130
10096
10101
10131
10097
10102
10132
10103
10133
10099
10104
10134
17303
10100
10105
10135
10101
10106
10136
10102
10107
10137
10103
10108
10138
10109
10139
10105
10110
10140
17309
10106
10111
10141
10107
10112
10142
10108
10113
10143
10109
10114
10144
10115
10145
10111
10146
13685
17315
10112
10147
13691
10113
10148
13697
10114
10149
13703
10115
10150
13709
10151
13715
10117
10122
10152
17321
10118
10123
10153
10119
10124
10154
10120
10125
10155
10121
10126
10156
10127
10157
10123
10128
10158
17327
10124
10129
10159
10125
10130
10160
10126
10131
10161
10127
10132
10162
10133
10163
10129
10134
10164
17333
10130
10135
10165
10131
10136
10166
10132
10137
10167
10133
10138
10168
10139
10169
10135
10140
10170
17339
10136
10141
10171
10137
10142
10172
10138
10143
10173
10139
10144
10174
10145
10175
10141
10146
10176
17345
10142
10147
10177
10143
10148
10178
10144
10149
10179
10145
10150
10180
10151
10181
10147
10182
13721
17351
10148
10183
13727
10149
10184
13733
10150
10185
13739
10151
10186
13745
10187
13751
10153
10158
10188
17357
10154
10159
10189
10155
10160
10190
10156
10161
10191
10157
10162
10192
10163
10193
10159
10164
10194
17363
10160
10165
10195
10161
10166
10196
10162
10167
10197
10163
10168
10198
10169
10199
10165
10170
10200
17369
10166
10171
10201
10167
10172
10202
10168
10173
10203
10169
10174
10204
10175
10205
10171
10176
10206
17375
10172
10177
10207
10173
10178
10208
10174
10179
10209
10175
10180
10210
10181
10211
10177
10182
10212
17381
10178
10183
10213
10179
10184
10214
10180
10185
10215
10181
10186
10216
10187
10217
10183
10218
13757
17387
10184
10219
13763
10185
10220
13769
10186
10221
13775
10187
10222
13781
10223
13787
10189
10194
10224
17393
10190
10195
10225
10191
10196
10226
10192
10197
10227
10193
10198
10228
10199
10229
10195
10200
10230
17399
10196
10201
10231
10197
10202
10232
10198
10203
10233
10199
10204
10234
10205
10235
10201
10206
10236
17405
10202
10207
10237
10203
10208
10238
10204
10209
10239
10205
10210
10240
10211
10241
10207
10212
10242
17411
10208
10213
10243
10209
10214
10244
10210
10215
10245
10211
10216
10246
10217
10247
10213
10218
10248
17417
10214
10219
10249
10215
10220
10250
10216
10221
10251
10217
10222
10252
10223
10253
10219
10254
13793
17423
10220
10255
13799
10221
10256
13805
10222
10257
13811
10223
10258
13817
10259
13823
10225
10230
10260
17429
10226
10231
10261
10227
10232
10262
10228
10233
10263
10229
10234
10264
10235
10265
10231
10236
10266
17435
10232
10237
10267
10233
10238
10268
10234
10239
10269
10235
10240
10270
10241
10271
10237
10242
10272
17441
10238
10243
10273
10239
10244
10274
10240
10245
10275
10241
10246
10276
10247
10277
10243
10248
10278
17447
10244
10249
10279
10245
10250
10280
10246
10251
10281
10247
10252
10282
10253
10283
10249
10254
10284
17453
10250
10255
10285
10251
10256
10286
10252
10257
10287
10253
10258
10288
10259
10289
10255
10290
13829
17459
10256
10291
13835
10257
10292
13841
10258
10293
13847
10259
10294
13853
10295
13859
10261
10266
10296
17465
10262
10267
10297
10263
10268
10298
10264
10269
10299
10265
10270
10300
10271
10301
10267
10272
10302
17471
10268
10273
10303
10269
10274
10304
10270
10275
10305
10271
10276
10306
10277
10307
10273
10278
10308
17477
10274
10279
10309
10275
10280
10310
10276
10281
10311
10277
10282
10312
10283
10313
10279
10284
10314
17483
10280
10285
10315
10281
10286
10316
10282
10287
10317
10283
10288
10318
10289
10319
10285
10290
10320
17489
10286
10291
10321
10287
10292
10322
10288
10293
10323
10289
10294
10324
10295
10325
10291
10326
13865
17495
10292
10327
13871
10293
10328
13877
10294
10329
13883
10295
10330
13889
10331
13895
10297
10302
10332
17501
10298
10303
10333
10299
10304
10334
10300
10305
10335
10301
10306
10336
10307
10337
10303
10308
10338
17507
10304
10309
10339
10305
10310
10340
10306
10311
10341
10307
10312
10342
10313
10343
10309
10314
10344
17513
10310
10315
10345
10311
10316
10346
10312
10317
10347
10313
10318
10348
10319
10349
10315
10320
10350
17519
10316
10321
10351
10317
10322
10352
10318
10323
10353
10319
10324
10354
10325
10355
10321
10326
10356
17525
10322
10327
10357
10323
10328
10358
10324
10329
10359
10325
10330
10360
10331
10361
10327
10362
13901
17531
10328
10363
13907
10329
10364
13913
10330
10365
13919
10331
10366
13925
10367
13931
10333
10338
10368
17537
10334
10339
10369
10335
10340
10370
10336
10341
10371
10337
10342
10372
10343
10373
10339
10344
10374
17543
10340
10345
10375
10341
10346
10376
10342
10347
10377
10343
10348
10378
10349
10379
10345
10350
10380
17549
10346
10351
10381
10347
10352
10382
10348
10353
10383
10349
10354
10384
10355
10385
10351
10356
10386
17555
10352
10357
10387
10353
10358
10388
10354
10359
10389
10355
10360
10390
10361
10391
10357
10362
10392
17561
10358
10363
10393
10359
10364
10394
10360
10365
10395
10361
10366
10396
10367
10397
10363
10398
13937
17567
10364
10399
13943
10365
10400
13949
10366
10401
13955
10367
10402
13961
10403
13967
10369
10374
10404
17573
10370
10375
10405
10371
10376
10406
10372
10377
10407
10373
10378
10408
10379
10409
10375
10380
10410
17579
10376
10381
10411
10377
10382
10412
10378
10383
10413
10379
10384
10414
10385
10415
10381
10386
10416
17585
10382
10387
10417
10383
10388
10418
10384
10389
10419
10385
10390
10420
10391
10421
10387
10392
10422
17591
10388
10393
10423
10389
10394
10424
10390
10395
10425
10391
10396
10426
10397
10427
10393
10398
10428
17597
10394
10399
10429
10395
10400
10430
10396
10401
10431
10397
10402
10432
10403
10433
10399
10434
13973
17603
10400
10435
13979
10401
10436
13985
10402
10437
13991
10403
10438
13997
10439
14003
10405
10410
10440
17609
10406
10411
10441
10407
10412
10442
10408
10413
10443
10409
10414
10444
10415
10445
10411
10416
10446
17615
10412
10417
10447
10413
10418
10448
10414
10419
10449
10415
10420
10450
10421
10451
10417
10422
10452
17621
10418
10423
10453
10419
10424
10454
10420
10425
10455
10421
10426
10456
10427
10457
10423
10428
10458
17627
10424
10429
10459
10425
10430
10460
10426
10431
10461
10427
10432
10462
10433
10463
10429
10434
10464
17633
10430
10435
10465
10431
10436
10466
10432
10437
10467
10433
10438
10468
10439
10469
10435
10470
14009
17639
10436
10471
14015
10437
10472
14021
10438
10473
14027
10439
10474
14033
10475
14039
10441
10446
10476
17645
10442
10447
10477
10443
10448
10478
10444
10449
10479
10445
10450
10480
10451
10481
10447
10452
10482
17651
10448
10453
10483
10449
10454
10484
10450
10455
10485
10451
10456
10486
10457
10487
10453
10458
10488
17657
10454
10459
10489
10455
10460
10490
10456
10461
10491
10457
10462
10492
10463
10493
10459
10464
10494
17663
10460
10465
10495
10461
10466
10496
10462
10467
10497
10463
10468
10498
10469
10499
10465
10470
10500
17669
10466
10471
10501
10467
10472
10502
10468
10473
10503
10469
10474
10504
10475
10505
10471
10506
14045
17675
10472
10507
14051
10473
10508
14057
10474
10509
14063
10475
10510
14069
10511
14075
10477
10482
10512
17681
10478
10483
10513
10479
10484
10514
10480
10485
10515
10481
10486
10516
10487
10517
10483
10488
10518
17687
10484
10489
10519
10485
10490
10520
10486
10491
10521
10487
10492
10522
10493
10523
10489
10494
10524
17693
10490
10495
10525
10491
10496
10526
10492
10497
10527
10493
10498
10528
10499
10529
10495
10500
10530
17699
10496
10501
10531
10497
10502
10532
10498
10503
10533
10499
10504
10534
10505
10535
10501
10506
10536
17705
10502
10507
10537
10503
10508
10538
10504
10509
10539
10505
10510
10540
10511
10541
10507
10542
14081
17711
10508
10543
14087
10509
10544
14093
10510
10545
14099
10511
10546
14105
10547
14111
10513
10518
10548
17717
10514
10519
10549
10515
10520
10550
10516
10521
10551
10517
10522
10552
10523
10553
10519
10524
10554
17723
10520
10525
10555
10521
10526
10556
10522
10527
10557
10523
10528
10558
10529
10559
10525
10530
10560
17729
10526
10531
10561
10527
10532
10562
10528
10533
10563
10529
10534
10564
10535
10565
10531
10536
10566
17735
10532
10537
10567
10533
10538
10568
10534
10539
10569
10535
10540
10570
10541
10571
10537
10542
10572
17741
10538
10543
10573
10539
10544
10574
10540
10545
10575
10541
10546
10576
10547
10577
10543
10578
14117
17747
10544
10579
14123
10545
10580
14129
10546
10581
14135
10547
10582
14141
10583
14147
10549
10554
10584
17753
10550
10555
10585
10551
10556
10586
10552
10557
10587
10553
10558
10588
10559
10589
10555
10560
10590
17759
10556
10561
10591
10557
10562
10592
10558
10563
10593
10559
10564
10594
10565
10595
10561
10566
10596
17765
10562
10567
10597
10563
10568
10598
10564
10569
10599
10565
10570
10600
10571
10601
10567
10572
10602
17771
10568
10573
10603
10569
10574
10604
10570
10575
10605
10571
10576
10606
10577
10607
10573
10578
10608
17777
10574
10579
10609
10575
10580
10610
10576
10581
10611
10577
10582
10612
10583
10613
10579
10614
14153
17783
10580
10615
14159
10581
10616
14165
10582
10617
14171
10583
10618
14177
10619
14183
10585
10590
10620
17789
10586
10591
10621
10587
10592
10622
10588
10593
10623
10589
10594
10624
10595
10625
10591
10596
10626
17795
10592
10597
10627
10593
10598
10628
10594
10599
10629
10595
10600
10630
10601
10631
10597
10602
10632
17801
10598
10603
10633
10599
10604
10634
10600
10605
10635
10601
10606
10636
10607
10637
10603
10608
10638
17807
10604
10609
10639
10605
10610
10640
10606
10611
10641
10607
10612
10642
10613
10643
10609
10614
10644
17813
10610
10615
10645
10611
10616
10646
10612
10617
10647
10613
10618
10648
10619
10649
10615
10650
14189
17819
10616
10651
14195
10617
10652
14201
10618
10653
14207
10619
10654
14213
10655
14219
10621
10626
10656
17825
10622
10627
10657
10623
10628
10658
10624
10629
10659
10625
10630
10660
10631
10661
10627
10632
10662
17831
10628
10633
10663
10629
10634
10664
10630
10635
10665
10631
10636
10666
10637
10667
10633
10638
10668
17837
10634
10639
10669
10635
10640
10670
10636
10641
10671
10637
10642
10672
10643
10673
10639
10644
10674
17843
10640
10645
10675
10641
10646
10676
10642
10647
10677
10643
10648
10678
10649
10679
10645
10650
10680
17849
10646
10651
10681
10647
10652
10682
10648
10653
10683
10649
10654
10684
10655
10685
10651
10686
14225
17855
10652
10687
14231
10653
10688
14237
10654
10689
14243
10655
10690
14249
10691
14255
10657
10662
10692
17861
10658
10663
10693
10659
10664
10694
10660
10665
10695
10661
10666
10696
10667
10697
10663
10668
10698
17867
10664
10669
10699
10665
10670
10700
10666
10671
10701
10667
10672
10702
10673
10703
10669
10674
10704
17873
10670
10675
10705
10671
10676
10706
10672
10677
10707
10673
10678
10708
10679
10709
10675
10680
10710
17879
10676
10681
10711
10677
10682
10712
10678
10683
10713
10679
10684
10714
10685
10715
10681
10686
10716
17885
10682
10687
10717
10683
10688
10718
10684
10689
10719
10685
10690
10720
10691
10721
10687
10722
14261
17891
10688
10723
14267
10689
10724
14273
10690
10725
14279
10691
10726
14285
10727
14291
10693
10698
10728
17897
10694
10699
10729
10695
10700
10730
10696
10701
10731
10697
10702
10732
10703
10733
10699
10704
10734
17903
10700
10705
10735
10701
10706
10736
10702
10707
10737
10703
10708
10738
10709
10739
10705
10710
10740
17909
10706
10711
10741
10707
10712
10742
10708
10713
10743
10709
10714
10744
10715
10745
10711
10716
10746
17915
10712
10717
10747
10713
10718
10748
10714
10719
10749
10715
10720
10750
10721
10751
10717
10722
10752
17921
10718
10723
10753
10719
10724
10754
10720
10725
10755
10721
10726
10756
10727
10757
10723
10758
14297
17927
10724
10759
14303
10725
10760
14309
10726
10761
14315
10727
10762
14321
10763
14327
10729
10734
10764
17933
10730
10735
10765
10731
10736
10766
10732
10737
10767
10733
10738
10768
10739
10769
10735
10740
10770
17939
10736
10741
10771
10737
10742
10772
10738
10743
10773
10739
10744
10774
10745
10775
10741
10746
10776
17945
10742
10747
10777
10743
10748
10778
10744
10749
10779
10745
10750
10780
10751
10781
10747
10752
10782
17951
10748
10753
10783
10749
10754
10784
10750
10755
10785
10751
10756
10786
10757
10787
10753
10758
10788
17957
10754
10759
10789
10755
10760
10790
10756
10761
10791
10757
10762
10792
10763
10793
10759
10794
14333
17963
10760
10795
14339
10761
10796
14345
10762
10797
14351
10763
10798
14357
10799
14363
10765
10770
17969
10766
10771
10767
10772
10768
10773
10769
10774
10775
10771
10776
17975
10772
10777
10773
10778
10774
10779
10775
10780
10781
10777
10782
17981
10778
10783
10779
10784
10780
10785
10781
10786
10787
10783
10788
17987
10784
10789
10785
10790
10786
10791
10787
10792
10793
10789
10794
17993
10790
10795
10791
10796
10792
10797
10793
10798
10799
10795
14369
17999
10796
14375
10797
14381
10798
14387
10799
14393
14399
10801
10806
10836
14430
10802
10807
10837
14431
10803
10808
10838
14432
10804
10809
10839
14433
10805
10810
10840
14434
10811
10841
14435
10807
10812
10842
10808
10813
10843
10809
10814
10844
10810
10815
10845
10811
10816
10846
10817
10847
10813
10818
10848
10814
10819
10849
10815
10820
10850
10816
10821
10851
10817
10822
10852
10823
10853
10819
10824
10854
10820
10825
10855
10821
10826
10856
10822
10827
10857
10823
10828
10858
10829
10859
10825
10830
10860
10826
10831
10861
10827
10832
10862
10828
10833
10863
10829
10834
10864
10835
10865
10831
10866
10832
10867
10833
10868
10834
10869
10835
10870
10871
10837
10842
10872
14466
10838
10843
10873
14467
10839
10844
10874
14468
10840
10845
10875
14469
10841
10846
10876
14470
10847
10877
14471
10843
10848
10878
10844
10849
10879
10845
10850
10880
10846
10851
10881
10847
10852
10882
10853
10883
10849
10854
10884
10850
10855
10885
10851
10856
10886
10852
10857
10887
10853
10858
10888
10859
10889
10855
10860
10890
10856
10861
10891
10857
10862
10892
10858
10863
10893
10859
10864
10894
10865
10895
10861
10866
10896
10862
10867
10897
10863
10868
10898
10864
10869
10899
10865
10870
10900
10871
10901
10867
10902
10868
10903
10869
10904
10870
10905
10871
10906
10907
10873
10878
10908
14502
10874
10879
10909
14503
10875
10880
10910
14504
10876
10881
10911
14505
10877
10882
10912
14506
10883
10913
14507
10879
10884
10914
10880
10885
10915
10881
10886
10916
10882
10887
10917
10883
10888
10918
10889
10919
10885
10890
10920
10886
10891
10921
10887
10892
10922
10888
10893
10923
10889
10894
10924
10895
10925
10891
10896
10926
10892
10897
10927
10893
10898
10928
10894
10899
10929
10895
10900
10930
10901
10931
10897
10902
10932
10898
10903
10933
10899
10904
10934
10900
10905
10935
10901
10906
10936
10907
10937
10903
10938
10904
10939
10905
10940
10906
10941
10907
10942
10943
10909
10914
10944
14538
10910
10915
10945
14539
10911
10916
10946
14540
10912
10917
10947
14541
10913
10918
10948
14542
10919
10949
14543
10915
10920
10950
10916
10921
10951
10917
10922
10952
10918
10923
10953
10919
10924
10954
10925
10955
10921
10926
10956
10922
10927
10957
10923
10928
10958
10924
10929
10959
10925
10930
10960
10931
10961
10927
10932
10962
10928
10933
10963
10929
10934
10964
10930
10935
10965
10931
10936
10966
10937
10967
10933
10938
10968
10934
10939
10969
10935
10940
10970
10936
10941
10971
10937
10942
10972
10943
10973
10939
10974
10940
10975
10941
10976
10942
10977
10943
10978
10979
10945
10950
10980
14574
10946
10951
10981
14575
10947
10952
10982
14576
10948
10953
10983
14577
10949
10954
10984
14578
10955
10985
14579
10951
10956
10986
10952
10957
10987
10953
10958
10988
10954
10959
10989
10955
10960
10990
10961
10991
10957
10962
10992
10958
10963
10993
10959
10964
10994
10960
10965
10995
10961
10966
10996
10967
10997
10963
10968
10998
10964
10969
10999
10965
10970
11000
10966
10971
11001
10967
10972
11002
10973
11003
10969
10974
11004
10970
10975
11005
10971
10976
11006
10972
10977
11007
10973
10978
11008
10979
11009
10975
11010
10976
11011
10977
11012
10978
11013
10979
11014
11015
10981
10986
11016
14610
10982
10987
11017
14611
10983
10988
11018
14612
10984
10989
11019
14613
10985
10990
11020
14614
10991
11021
14615
10987
10992
11022
10988
10993
11023
10989
10994
11024
10990
10995
11025
10991
10996
11026
10997
11027
10993
10998
11028
10994
10999
11029
10995
11000
11030
10996
11001
11031
10997
11002
11032
11003
11033
10999
11004
11034
11000
11005
11035
11001
11006
11036
11002
11007
11037
11003
11008
11038
11009
11039
11005
11010
11040
11006
11011
11041
11007
11012
11042
11008
11013
11043
11009
11014
11044
11015
11045
11011
11046
11012
11047
11013
11048
11014
11049
11015
11050
11051
11017
11022
11052
14646
11018
11023
11053
14647
11019
11024
11054
14648
11020
11025
11055
14649
11021
11026
11056
14650
11027
11057
14651
11023
11028
11058
11024
11029
11059
11025
11030
11060
11026
11031
11061
11027
11032
11062
11033
11063
11029
11034
11064
11030
11035
11065
11031
11036
11066
11032
11037
11067
11033
11038
11068
11039
11069
11035
11040
11070
11036
11041
11071
11037
11042
11072
11038
11043
11073
11039
11044
11074
11045
11075
11041
11046
11076
11042
11047
11077
11043
11048
11078
11044
11049
11079
11045
11050
11080
11051
11081
11047
11082
11048
11083
11049
11084
11050
11085
11051
11086
11087
11053
11058
11088
14682
11054
11059
11089
14683
11055
11060
11090
14684
11056
11061
11091
14685
11057
11062
11092
14686
11063
11093
14687
11059
11064
11094
11060
11065
11095
11061
11066
11096
11062
11067
11097
11063
11068
11098
11069
11099
11065
11070
11100
11066
11071
11101
11067
11072
11102
11068
11073
11103
11069
11074
11104
11075
11105
11071
11076
11106
11072
11077
11107
11073
11078
11108
11074
11079
11109
11075
11080
11110
11081
11111
11077
11082
11112
11078
11083
11113
11079
11084
11114
11080
11085
11115
11081
11086
11116
11087
11117
11083
11118
11084
11119
11085
11120
11086
11121
11087
11122
11123
11089
11094
11124
14718
11090
11095
11125
14719
11091
11096
11126
14720
11092
11097
11127
14721
11093
11098
11128
14722
11099
11129
14723
11095
11100
11130
11096
11101
11131
11097
11102
11132
11098
11103
11133
11099
11104
11134
11105
11135
11101
11106
11136
11102
11107
11137
11103
11108
11138
11104
11109
11139
11105
11110
11140
11111
11141
11107
11112
11142
11108
11113
11143
11109
11114
11144
11110
11115
11145
11111
11116
11146
11117
11147
11113
11118
11148
11114
11119
11149
11115
11120
11150
11116
11121
11151
11117
11122
11152
11123
11153
11119
11154
11120
11155
11121
11156
11122
11157
11123
11158
11159
11125
11130
11160
14754
11126
11131
11161
14755
11127
11132
11162
14756
11128
11133
11163
14757
11129
11134
11164
14758
11135
11165
14759
11131
11136
11166
11132
11137
11167
11133
11138
11168
11134
11139
11169
11135
11140
11170
11141
11171
11137
11142
11172
11138
11143
11173
11139
11144
11174
11140
11145
11175
11141
11146
11176
11147
11177
11143
11148
11178
11144
11149
11179
11145
11150
11180
11146
11151
11181
11147
11152
11182
11153
11183
11149
11154
11184
11150
11155
11185
11151
11156
11186
11152
11157
11187
11153
11158
11188
11159
11189
11155
11190
11156
11191
11157
11192
11158
11193
11159
11194
11195
11161
11166
11196
14790
11162
11167
11197
14791
11163
11168
11198
14792
11164
11169
11199
14793
11165
11170
11200
14794
11171
11201
14795
11167
11172
11202
11168
11173
11203
11169
11174
11204
11170
11175
11205
11171
11176
11206
11177
11207
11173
11178
11208
11174
11179
11209
11175
11180
11210
11176
11181
11211
11177
11182
11212
11183
11213
11179
11184
11214
11180
11185
11215
11181
11186
11216
11182
11187
11217
11183
11188
11218
11189
11219
11185
11190
11220
11186
11191
11221
11187
11192
11222
11188
11193
11223
11189
11194
11224
11195
11225
11191
11226
11192
11227
11193
11228
11194
11229
11195
11230
11231
11197
11202
11232
14826
11198
11203
11233
14827
11199
11204
11234
14828
11200
11205
11235
14829
11201
11206
11236
14830
11207
11237
14831
11203
11208
11238
11204
11209
11239
11205
11210
11240
11206
11211
11241
11207
11212
11242
11213
11243
11209
11214
11244
11210
11215
11245
11211
11216
11246
11212
11217
11247
11213
11218
11248
11219
11249
11215
11220
11250
11216
11221
11251
11217
11222
11252
11218
11223
11253
11219
11224
11254
11225
11255
11221
11226
11256
11222
11227
11257
11223
11228
11258
11224
11229
11259
11225
11230
11260
11231
11261
11227
11262
11228
11263
11229
11264
11230
11265
11231
11266
11267
11233
11238
11268
14862
11234
11239
11269
14863
11235
11240
11270
14864
11236
11241
11271
14865
11237
11242
11272
14866
11243
11273
14867
11239
11244
11274
11240
11245
11275
11241
11246
11276
11242
11247
11277
11243
11248
11278
11249
11279
11245
11250
11280
11246
11251
11281
11247
11252
11282
11248
11253
11283
11249
11254
11284
11255
11285
11251
11256
11286
11252
11257
11287
11253
11258
11288
11254
11259
11289
11255
11260
11290
11261
11291
11257
11262
11292
11258
11263
11293
11259
11264
11294
11260
11265
11295
11261
11266
11296
11267
11297
11263
11298
11264
11299
11265
11300
11266
11301
11267
11302
11303
11269
11274
11304
14898
11270
11275
11305
14899
11271
11276
11306
14900
11272
11277
11307
14901
11273
11278
11308
14902
11279
11309
14903
11275
11280
11310
11276
11281
11311
11277
11282
11312
11278
11283
11313
11279
11284
11314
11285
11315
11281
11286
11316
11282
11287
11317
11283
11288
11318
11284
11289
11319
11285
11290
11320
11291
11321
11287
11292
11322
11288
11293
11323
11289
11294
11324
11290
11295
11325
11291
11296
11326
11297
11327
11293
11298
11328
11294
11299
11329
11295
11300
11330
11296
11301
11331
11297
11302
11332
11303
11333
11299
11334
11300
11335
11301
11336
11302
11337
11303
11338
11339
11305
11310
11340
14934
11306
11311
11341
14935
11307
11312
11342
14936
11308
11313
11343
14937
11309
11314
11344
14938
11315
11345
14939
11311
11316
11346
11312
11317
11347
11313
11318
11348
11314
11319
11349
11315
11320
11350
11321
11351
11317
11322
11352
11318
11323
11353
11319
11324
11354
11320
11325
11355
11321
11326
11356
11327
11357
11323
11328
11358
11324
11329
11359
11325
11330
11360
11326
11331
11361
11327
11332
11362
11333
11363
11329
11334
11364
11330
11335
11365
11331
11336
11366
11332
11337
11367
11333
11338
11368
11339
11369
11335
11370
11336
11371
11337
11372
11338
11373
11339
11374
11375
11341
11346
11376
14970
11342
11347
11377
14971
11343
11348
11378
14972
11344
11349
11379
14973
11345
11350
11380
14974
11351
11381
14975
11347
11352
11382
11348
11353
11383
11349
11354
11384
11350
11355
11385
11351
11356
11386
11357
11387
11353
11358
11388
11354
11359
11389
11355
11360
11390
11356
11361
11391
11357
11362
11392
11363
11393
11359
11364
11394
11360
11365
11395
11361
11366
11396
11362
11367
11397
11363
11368
11398
11369
11399
11365
11370
11400
11366
11371
11401
11367
11372
11402
11368
11373
11403
11369
11374
11404
11375
11405
11371
11406
11372
11407
11373
11408
11374
11409
11375
11410
11411
11377
11382
11412
15006
11378
11383
11413
15007
11379
11384
11414
15008
11380
11385
11415
15009
11381
11386
11416
15010
11387
11417
15011
11383
11388
11418
11384
11389
11419
11385
11390
11420
11386
11391
11421
11387
11392
11422
11393
11423
11389
11394
11424
11390
11395
11425
11391
11396
11426
11392
11397
11427
11393
11398
11428
11399
11429
11395
11400
11430
11396
11401
11431
11397
11402
11432
11398
11403
11433
11399
11404
11434
11405
11435
11401
11406
11436
11402
11407
11437
11403
11408
11438
11404
11409
11439
11405
11410
11440
11411
11441
11407
11442
11408
11443
11409
11444
11410
11445
11411
11446
11447
11413
11418
11448
15042
11414
11419
11449
15043
11415
11420
11450
15044
11416
11421
11451
15045
11417
11422
11452
15046
11423
11453
15047
11419
11424
11454
11420
11425
11455
11421
11426
11456
11422
11427
11457
11423
11428
11458
11429
11459
11425
11430
11460
11426
11431
11461
11427
11432
11462
11428
11433
11463
11429
11434
11464
11435
11465
11431
11436
11466
11432
11437
11467
11433
11438
11468
11434
11439
11469
11435
11440
11470
11441
11471
11437
11442
11472
11438
11443
11473
11439
11444
11474
11440
11445
11475
11441
11446
11476
11447
11477
11443
11478
11444
11479
11445
11480
11446
11481
11447
11482
11483
11449
11454
11484
15078
11450
11455
11485
15079
11451
11456
11486
15080
11452
11457
11487
15081
11453
11458
11488
15082
11459
11489
15083
11455
11460
11490
11456
11461
11491
11457
11462
11492
11458
11463
11493
11459
11464
11494
11465
11495
11461
11466
11496
11462
11467
11497
11463
11468
11498
11464
11469
11499
11465
11470
11500
11471
11501
11467
11472
11502
11468
11473
11503
11469
11474
11504
11470
11475
11505
11471
11476
11506
11477
11507
11473
11478
11508
11474
11479
11509
11475
11480
11510
11476
11481
11511
11477
11482
11512
11483
11513
11479
11514
11480
11515
11481
11516
11482
11517
11483
11518
11519
11485
11490
11520
15114
11486
11491
11521
15115
11487
11492
11522
15116
11488
11493
11523
15117
11489
11494
11524
15118
11495
11525
15119
11491
11496
11526
11492
11497
11527
11493
11498
11528
11494
11499
11529
11495
11500
11530
11501
11531
11497
11502
11532
11498
11503
11533
11499
11504
11534
11500
11505
11535
11501
11506
11536
11507
11537
11503
11508
11538
11504
11509
11539
11505
11510
11540
11506
11511
11541
11507
11512
11542
11513
11543
11509
11514
11544
11510
11515
11545
11511
11516
11546
11512
11517
11547
11513
11518
11548
11519
11549
11515
11550
11516
11551
11517
11552
11518
11553
11519
11554
11555
11521
11526
11556
15150
11522
11527
11557
15151
11523
11528
11558
15152
11524
11529
11559
15153
11525
11530
11560
15154
11531
11561
15155
11527
11532
11562
11528
11533
11563
11529
11534
11564
11530
11535
11565
11531
11536
11566
11537
11567
11533
11538
11568
11534
11539
11569
11535
11540
11570
11536
11541
11571
11537
11542
11572
11543
11573
11539
11544
11574
11540
11545
11575
11541
11546
11576
11542
11547
11577
11543
11548
11578
11549
11579
11545
11550
11580
11546
11551
11581
11547
11552
11582
11548
11553
11583
11549
11554
11584
11555
11585
11551
11586
11552
11587
11553
11588
11554
11589
11555
11590
11591
11557
11562
11592
15186
11558
11563
11593
15187
11559
11564
11594
15188
11560
11565
11595
15189
11561
11566
11596
15190
11567
11597
15191
11563
11568
11598
11564
11569
11599
11565
11570
11600
11566
11571
11601
11567
11572
11602
11573
11603
11569
11574
11604
11570
11575
11605
11571
11576
11606
11572
11577
11607
11573
11578
11608
11579
11609
11575
11580
11610
11576
11581
11611
11577
11582
11612
11578
11583
11613
11579
11584
11614
11585
11615
11581
11586
11616
11582
11587
11617
11583
11588
11618
11584
11589
11619
11585
11590
11620
11591
11621
11587
11622
11588
11623
11589
11624
11590
11625
11591
11626
11627
11593
11598
11628
15222
11594
11599
11629
15223
11595
11600
11630
15224
11596
11601
11631
15225
11597
11602
11632
15226
11603
11633
15227
11599
11604
11634
11600
11605
11635
11601
11606
11636
11602
11607
11637
11603
11608
11638
11609
11639
11605
11610
11640
11606
11611
11641
11607
11612
11642
11608
11613
11643
11609
11614
11644
11615
11645
11611
11616
11646
11612
11617
11647
11613
11618
11648
11614
11619
11649
11615
11620
11650
11621
11651
11617
11622
11652
11618
11623
11653
11619
11624
11654
11620
11625
11655
11621
11626
11656
11627
11657
11623
11658
11624
11659
11625
11660
11626
11661
11627
11662
11663
11629
11634
11664
15258
11630
11635
11665
15259
11631
11636
11666
15260
11632
11637
11667
15261
11633
11638
11668
15262
11639
11669
15263
11635
11640
11670
11636
11641
11671
11637
11642
11672
11638
11643
11673
11639
11644
11674
11645
11675
11641
11646
11676
11642
11647
11677
11643
11648
11678
11644
11649
11679
11645
11650
11680
11651
11681
11647
11652
11682
11648
11653
11683
11649
11654
11684
11650
11655
11685
11651
11656
11686
11657
11687
11653
11658
11688
11654
11659
11689
11655
11660
11690
11656
11661
11691
11657
11662
11692
11663
11693
11659
11694
11660
11695
11661
11696
11662
11697
11663
11698
11699
11665
11670
11700
15294
11666
11671
11701
15295
11667
11672
11702
15296
11668
11673
11703
15297
11669
11674
11704
15298
11675
11705
15299
11671
11676
11706
11672
11677
11707
11673
11678
11708
11674
11679
11709
11675
11680
11710
11681
11711
11677
11682
11712
11678
11683
11713
11679
11684
11714
11680
11685
11715
11681
11686
11716
11687
11717
11683
11688
11718
11684
11689
11719
11685
11690
11720
11686
11691
11721
11687
11692
11722
11693
11723
11689
11694
11724
11690
11695
11725
11691
11696
11726
11692
11697
11727
11693
11698
11728
11699
11729
11695
11730
11696
11731
11697
11732
11698
11733
11699
11734
11735
11701
11706
11736
15330
11702
11707
11737
15331
11703
11708
11738
15332
11704
11709
11739
15333
11705
11710
11740
15334
11711
11741
15335
11707
11712
11742
11708
11713
11743
11709
11714
11744
11710
11715
11745
11711
11716
11746
11717
11747
11713
11718
11748
11714
11719
11749
11715
11720
11750
11716
11721
11751
11717
11722
11752
11723
11753
11719
11724
11754
11720
11725
11755
11721
11726
11756
11722
11727
11757
11723
11728
11758
11729
11759
11725
11730
11760
11726
11731
11761
11727
11732
11762
11728
11733
11763
11729
11734
11764
11735
11765
11731
11766
11732
11767
11733
11768
11734
11769
11735
11770
11771
11737
11742
11772
15366
11738
11743
11773
15367
11739
11744
11774
15368
11740
11745
11775
15369
11741
11746
11776
15370
11747
11777
15371
11743
11748
11778
11744
11749
11779
11745
11750
11780
11746
11751
11781
11747
11752
11782
11753
11783
11749
11754
11784
11750
11755
11785
11751
11756
11786
11752
11757
11787
11753
11758
11788
11759
11789
11755
11760
11790
11756
11761
11791
11757
11762
11792
11758
11763
11793
11759
11764
11794
11765
11795
11761
11766
11796
11762
11767
11797
11763
11768
11798
11764
11769
11799
11765
11770
11800
11771
11801
11767
11802
11768
11803
11769
11804
11770
11805
11771
11806
11807
11773
11778
11808
15402
11774
11779
11809
15403
11775
11780
11810
15404
11776
11781
11811
15405
11777
11782
11812
15406
11783
11813
15407
11779
11784
11814
11780
11785
11815
11781
11786
11816
11782
11787
11817
11783
11788
11818
11789
11819
11785
11790
11820
11786
11791
11821
11787
11792
11822
11788
11793
11823
11789
11794
11824
11795
11825
11791
11796
11826
11792
11797
11827
11793
11798
11828
11794
11799
11829
11795
11800
11830
11801
11831
11797
11802
11832
11798
11803
11833
11799
11804
11834
11800
11805
11835
11801
11806
11836
11807
11837
11803
11838
11804
11839
11805
11840
11806
11841
11807
11842
11843
11809
11814
11844
15438
11810
11815
11845
15439
11811
11816
11846
15440
11812
11817
11847
15441
11813
11818
11848
15442
11819
11849
15443
11815
11820
11850
11816
11821
11851
11817
11822
11852
11818
11823
11853
11819
11824
11854
11825
11855
11821
11826
11856
11822
11827
11857
11823
11828
11858
11824
11829
11859
11825
11830
11860
11831
11861
11827
11832
11862
11828
11833
11863
11829
11834
11864
11830
11835
11865
11831
11836
11866
11837
11867
11833
11838
11868
11834
11839
11869
11835
11840
11870
11836
11841
11871
11837
11842
11872
11843
11873
11839
11874
11840
11875
11841
11876
11842
11877
11843
11878
11879
11845
11850
11880
15474
11846
11851
11881
15475
11847
11852
11882
15476
11848
11853
11883
15477
11849
11854
11884
15478
11855
11885
15479
11851
11856
11886
11852
11857
11887
11853
11858
11888
11854
11859
11889
11855
11860
11890
11861
11891
11857
11862
11892
11858
11863
11893
11859
11864
11894
11860
11865
11895
11861
11866
11896
11867
11897
11863
11868
11898
11864
11869
11899
11865
11870
11900
11866
11871
11901
11867
11872
11902
11873
11903
11869
11874
11904
11870
11875
11905
11871
11876
11906
11872
11877
11907
11873
11878
11908
11879
11909
11875
11910
11876
11911
11877
11912
11878
11913
11879
11914
11915
11881
11886
11916
15510
11882
11887
11917
15511
11883
11888
11918
15512
11884
11889
11919
15513
11885
11890
11920
15514
11891
11921
15515
11887
11892
11922
11888
11893
11923
11889
11894
11924
11890
11895
11925
11891
11896
11926
11897
11927
11893
11898
11928
11894
11899
11929
11895
11900
11930
11896
11901
11931
11897
11902
11932
11903
11933
11899
11904
11934
11900
11905
11935
11901
11906
11936
11902
11907
11937
11903
11908
11938
11909
11939
11905
11910
11940
11906
11911
11941
11907
11912
11942
11908
11913
11943
11909
11914
11944
11915
11945
11911
11946
11912
11947
11913
11948
11914
11949
11915
11950
11951
11917
11922
11952
15546
11918
11923
11953
15547
11919
11924
11954
15548
11920
11925
11955
15549
11921
11926
11956
15550
11927
11957
15551
11923
11928
11958
11924
11929
11959
11925
11930
11960
11926
11931
11961
11927
11932
11962
11933
11963
11929
11934
11964
11930
11935
11965
11931
11936
11966
11932
11937
11967
11933
11938
11968
11939
11969
11935
11940
11970
11936
11941
11971
11937
11942
11972
11938
11943
11973
11939
11944
11974
11945
11975
11941
11946
11976
11942
11947
11977
11943
11948
11978
11944
11949
11979
11945
11950
11980
11951
11981
11947
11982
11948
11983
11949
11984
11950
11985
11951
11986
11987
11953
11958
11988
15582
11954
11959
11989
15583
11955
11960
11990
15584
11956
11961
11991
15585
11957
11962
11992
15586
11963
11993
15587
11959
11964
11994
11960
11965
11995
11961
11966
11996
11962
11967
11997
11963
11968
11998
11969
11999
11965
11970
12000
11966
11971
12001
11967
11972
12002
11968
11973
12003
11969
11974
12004
11975
12005
11971
11976
12006
11972
11977
12007
11973
11978
12008
11974
11979
12009
11975
11980
12010
11981
12011
11977
11982
12012
11978
11983
12013
11979
11984
12014
11980
11985
12015
11981
11986
12016
11987
12017
11983
12018
11984
12019
11985
12020
11986
12021
11987
12022
12023
11989
11994
12024
15618
11990
11995
12025
15619
11991
11996
12026
15620
11992
11997
12027
15621
11993
11998
12028
15622
11999
12029
15623
11995
12000
12030
11996
12001
12031
11997
12002
12032
11998
12003
12033
11999
12004
12034
12005
12035
12001
12006
12036
12002
12007
12037
12003
12008
12038
12004
12009
12039
12005
12010
12040
12011
12041
12007
12012
12042
12008
12013
12043
12009
12014
12044
12010
12015
12045
12011
12016
12046
12017
12047
12013
12018
12048
12014
12019
12049
12015
12020
12050
12016
12021
12051
12017
12022
12052
12023
12053
12019
12054
12020
12055
12021
12056
12022
12057
12023
12058
12059
12025
12030
12060
15654
12026
12031
12061
15655
12027
12032
12062
15656
12028
12033
12063
15657
12029
12034
12064
15658
12035
12065
15659
12031
12036
12066
12032
12037
12067
12033
12038
12068
12034
12039
12069
12035
12040
12070
12041
12071
12037
12042
12072
12038
12043
12073
12039
12044
12074
12040
12045
12075
12041
12046
12076
12047
12077
12043
12048
12078
12044
12049
12079
12045
12050
12080
12046
12051
12081
12047
12052
12082
12053
12083
12049
12054
12084
12050
12055
12085
12051
12056
12086
12052
12057
12087
12053
12058
12088
12059
12089
12055
12090
12056
12091
12057
12092
12058
12093
12059
12094
12095
12061
12066
12096
15690
12062
12067
12097
15691
12063
12068
12098
15692
12064
12069
12099
15693
12065
12070
12100
15694
12071
12101
15695
12067
12072
12102
12068
12073
12103
12069
12074
12104
12070
12075
12105
12071
12076
12106
12077
12107
12073
12078
12108
12074
12079
12109
12075
12080
12110
12076
12081
12111
12077
12082
12112
12083
12113
12079
12084
12114
12080
12085
12115
12081
12086
12116
12082
12087
12117
12083
12088
12118
12089
12119
12085
12090
12120
12086
12091
12121
12087
12092
12122
12088
12093
12123
12089
12094
12124
12095
12125
12091
12126
12092
12127
12093
12128
12094
12129
12095
12130
12131
12097
12102
12132
15726
12098
12103
12133
15727
12099
12104
12134
15728
12100
12105
12135
15729
12101
12106
12136
15730
12107
12137
15731
12103
12108
12138
12104
12109
12139
12105
12110
12140
12106
12111
12141
12107
12112
12142
12113
12143
12109
12114
12144
12110
12115
12145
12111
12116
12146
12112
12117
12147
12113
12118
12148
12119
12149
12115
12120
12150
12116
12121
12151
12117
12122
12152
12118
12123
12153
12119
12124
12154
12125
12155
12121
12126
12156
12122
12127
12157
12123
12128
12158
12124
12129
12159
12125
12130
12160
12131
12161
12127
12162
12128
12163
12129
12164
12130
12165
12131
12166
12167
12133
12138
12168
15762
12134
12139
12169
15763
12135
12140
12170
15764
12136
12141
12171
15765
12137
12142
12172
15766
12143
12173
15767
12139
12144
12174
12140
12145
12175
12141
12146
12176
12142
12147
12177
12143
12148
12178
12149
12179
12145
12150
12180
12146
12151
12181
12147
12152
12182
12148
12153
12183
12149
12154
12184
12155
12185
12151
12156
12186
12152
12157
12187
12153
12158
12188
12154
12159
12189
12155
12160
12190
12161
12191
12157
12162
12192
12158
12163
12193
12159
12164
12194
12160
12165
12195
12161
12166
12196
12167
12197
12163
12198
12164
12199
12165
12200
12166
12201
12167
12202
12203
12169
12174
12204
15798
12170
12175
12205
15799
12171
12176
12206
15800
12172
12177
12207
15801
12173
12178
12208
15802
12179
12209
15803
12175
12180
12210
12176
12181
12211
12177
12182
12212
12178
12183
12213
12179
12184
12214
12185
12215
12181
12186
12216
12182
12187
12217
12183
12188
12218
12184
12189
12219
12185
12190
12220
12191
12221
12187
12192
12222
12188
12193
12223
12189
12194
12224
12190
12195
12225
12191
12196
12226
12197
12227
12193
12198
12228
12194
12199
12229
12195
12200
12230
12196
12201
12231
12197
12202
12232
12203
12233
12199
12234
12200
12235
12201
12236
12202
12237
12203
12238
12239
12205
12210
12240
15834
12206
12211
12241
15835
12207
12212
12242
15836
12208
12213
12243
15837
12209
12214
12244
15838
12215
12245
15839
12211
12216
12246
12212
12217
12247
12213
12218
12248
12214
12219
12249
12215
12220
12250
12221
12251
12217
12222
12252
12218
12223
12253
12219
12224
12254
12220
12225
12255
12221
12226
12256
12227
12257
12223
12228
12258
12224
12229
12259
12225
12230
12260
12226
12231
12261
12227
12232
12262
12233
12263
12229
12234
12264
12230
12235
12265
12231
12236
12266
12232
12237
12267
12233
12238
12268
12239
12269
12235
12270
12236
12271
12237
12272
12238
12273
12239
12274
12275
12241
12246
12276
15870
12242
12247
12277
15871
12243
12248
12278
15872
12244
12249
12279
15873
12245
12250
12280
15874
12251
12281
15875
12247
12252
12282
12248
12253
12283
12249
12254
12284
12250
12255
12285
12251
12256
12286
12257
12287
12253
12258
12288
12254
12259
12289
12255
12260
12290
12256
12261
12291
12257
12262
12292
12263
12293
12259
12264
12294
12260
12265
12295
12261
12266
12296
12262
12267
12297
12263
12268
12298
12269
12299
12265
12270
12300
12266
12271
12301
12267
12272
12302
12268
12273
12303
12269
12274
12304
12275
12305
12271
12306
12272
12307
12273
12308
12274
12309
12275
12310
12311
12277
12282
12312
15906
12278
12283
12313
15907
12279
12284
12314
15908
12280
12285
12315
15909
12281
12286
12316
15910
12287
12317
15911
12283
12288
12318
12284
12289
12319
12285
12290
12320
12286
12291
12321
12287
12292
12322
12293
12323
12289
12294
12324
12290
12295
12325
12291
12296
12326
12292
12297
12327
12293
12298
12328
12299
12329
12295
12300
12330
12296
12301
12331
12297
12302
12332
12298
12303
12333
12299
12304
12334
12305
12335
12301
12306
12336
12302
12307
12337
12303
12308
12338
12304
12309
12339
12305
12310
12340
12311
12341
12307
12342
12308
12343
12309
12344
12310
12345
12311
12346
12347
12313
12318
12348
15942
12314
12319
12349
15943
12315
12320
12350
15944
12316
12321
12351
15945
12317
12322
12352
15946
12323
12353
15947
12319
12324
12354
12320
12325
12355
12321
12326
12356
12322
12327
12357
12323
12328
12358
12329
12359
12325
12330
12360
12326
12331
12361
12327
12332
12362
12328
12333
12363
12329
12334
12364
12335
12365
12331
12336
12366
12332
12337
12367
12333
12338
12368
12334
12339
12369
12335
12340
12370
12341
12371
12337
12342
12372
12338
12343
12373
12339
12344
12374
12340
12345
12375
12341
12346
12376
12347
12377
12343
12378
12344
12379
12345
12380
12346
12381
12347
12382
12383
12349
12354
12384
15978
12350
12355
12385
15979
12351
12356
12386
15980
12352
12357
12387
15981
12353
12358
12388
15982
12359
12389
15983
12355
12360
12390
12356
12361
12391
12357
12362
12392
12358
12363
12393
12359
12364
12394
12365
12395
12361
12366
12396
12362
12367
12397
12363
12368
12398
12364
12369
12399
12365
12370
12400
12371
12401
12367
12372
12402
12368
12373
12403
12369
12374
12404
12370
12375
12405
12371
12376
12406
12377
12407
12373
12378
12408
12374
12379
12409
12375
12380
12410
12376
12381
12411
12377
12382
12412
12383
12413
12379
12414
12380
12415
12381
12416
12382
12417
12383
12418
12419
12385
12390
12420
16014
12386
12391
12421
16015
12387
12392
12422
16016
12388
12393
12423
16017
12389
12394
12424
16018
12395
12425
16019
12391
12396
12426
12392
12397
12427
12393
12398
12428
12394
12399
12429
12395
12400
12430
12401
12431
12397
12402
12432
12398
12403
12433
12399
12404
12434
12400
12405
12435
12401
12406
12436
12407
12437
12403
12408
12438
12404
12409
12439
12405
12410
12440
12406
12411
12441
12407
12412
12442
12413
12443
12409
12414
12444
12410
12415
12445
12411
12416
12446
12412
12417
12447
12413
12418
12448
12419
12449
12415
12450
12416
12451
12417
12452
12418
12453
12419
12454
12455
12421
12426
12456
16050
12422
12427
12457
16051
12423
12428
12458
16052
12424
12429
12459
16053
12425
12430
12460
16054
12431
12461
16055
12427
12432
12462
12428
12433
12463
12429
12434
12464
12430
12435
12465
12431
12436
12466
12437
12467
12433
12438
12468
12434
12439
12469
12435
12440
12470
12436
12441
12471
12437
12442
12472
12443
12473
12439
12444
12474
12440
12445
12475
12441
12446
12476
12442
12447
12477
12443
12448
12478
12449
12479
12445
12450
12480
12446
12451
12481
12447
12452
12482
12448
12453
12483
12449
12454
12484
12455
12485
12451
12486
12452
12487
12453
12488
12454
12489
12455
12490
12491
12457
12462
12492
16086
12458
12463
12493
16087
12459
12464
12494
16088
12460
12465
12495
16089
12461
12466
12496
16090
12467
12497
16091
12463
12468
12498
12464
12469
12499
12465
12470
12500
12466
12471
12501
12467
12472
12502
12473
12503
12469
12474
12504
12470
12475
12505
12471
12476
12506
12472
12477
12507
12473
12478
12508
12479
12509
12475
12480
12510
12476
12481
12511
12477
12482
12512
12478
12483
12513
12479
12484
12514
12485
12515
12481
12486
12516
12482
12487
12517
12483
12488
12518
12484
12489
12519
12485
12490
12520
12491
12521
12487
12522
12488
12523
12489
12524
12490
12525
12491
12526
12527
12493
12498
12528
16122
12494
12499
12529
16123
12495
12500
12530
16124
12496
12501
12531
16125
12497
12502
12532
16126
12503
12533
16127
12499
12504
12534
12500
12505
12535
12501
12506
12536
12502
12507
12537
12503
12508
12538
12509
12539
12505
12510
12540
12506
12511
12541
12507
12512
12542
12508
12513
12543
12509
12514
12544
12515
12545
12511
12516
12546
12512
12517
12547
12513
12518
12548
12514
12519
12549
12515
12520
12550
12521
12551
12517
12522
12552
12518
12523
12553
12519
12524
12554
12520
12525
12555
12521
12526
12556
12527
12557
12523
12558
12524
12559
12525
12560
12526
12561
12527
12562
12563
12529
12534
12564
16158
12530
12535
12565
16159
12531
12536
12566
16160
12532
12537
12567
16161
12533
12538
12568
16162
12539
12569
16163
12535
12540
12570
12536
12541
12571
12537
12542
12572
12538
12543
12573
12539
12544
12574
12545
12575
12541
12546
12576
12542
12547
12577
12543
12548
12578
12544
12549
12579
12545
12550
12580
12551
12581
12547
12552
12582
12548
12553
12583
12549
12554
12584
12550
12555
12585
12551
12556
12586
12557
12587
12553
12558
12588
12554
12559
12589
12555
12560
12590
12556
12561
12591
12557
12562
12592
12563
12593
12559
12594
12560
12595
12561
12596
12562
12597
12563
12598
12599
12565
12570
12600
16194
12566
12571
12601
16195
12567
12572
12602
16196
12568
12573
12603
16197
12569
12574
12604
16198
12575
12605
16199
12571
12576
12606
12572
12577
12607
12573
12578
12608
12574
12579
12609
12575
12580
12610
12581
12611
12577
12582
12612
12578
12583
12613
12579
12584
12614
12580
12585
12615
12581
12586
12616
12587
12617
12583
12588
12618
12584
12589
12619
12585
12590
12620
12586
12591
12621
12587
12592
12622
12593
12623
12589
12594
12624
12590
12595
12625
12591
12596
12626
12592
12597
12627
12593
12598
12628
12599
12629
12595
12630
12596
12631
12597
12632
12598
12633
12599
12634
12635
12601
12606
12636
16230
12602
12607
12637
16231
12603
12608
12638
16232
12604
12609
12639
16233
12605
12610
12640
16234
12611
12641
16235
12607
12612
12642
12608
12613
12643
12609
12614
12644
12610
12615
12645
12611
12616
12646
12617
12647
12613
12618
12648
12614
12619
12649
12615
12620
12650
12616
12621
12651
12617
12622
12652
12623
12653
12619
12624
12654
12620
12625
12655
12621
12626
12656
12622
12627
12657
12623
12628
12658
12629
12659
12625
12630
12660
12626
12631
12661
12627
12632
12662
12628
12633
12663
12629
12634
12664
12635
12665
12631
12666
12632
12667
12633
12668
12634
12669
12635
12670
12671
12637
12642
12672
16266
12638
12643
12673
16267
12639
12644
12674
16268
12640
12645
12675
16269
12641
12646
12676
16270
12647
12677
16271
12643
12648
12678
12644
12649
12679
12645
12650
12680
12646
12651
12681
12647
12652
12682
12653
12683
12649
12654
12684
12650
12655
12685
12651
12656
12686
12652
12657
12687
12653
12658
12688
12659
12689
12655
12660
12690
12656
12661
12691
12657
12662
12692
12658
12663
12693
12659
12664
12694
12665
12695
12661
12666
12696
12662
12667
12697
12663
12668
12698
12664
12669
12699
12665
12670
12700
12671
12701
12667
12702
12668
12703
12669
12704
12670
12705
12671
12706
12707
12673
12678
12708
16302
12674
12679
12709
16303
12675
12680
12710
16304
12676
12681
12711
16305
12677
12682
12712
16306
12683
12713
16307
12679
12684
12714
12680
12685
12715
12681
12686
12716
12682
12687
12717
12683
12688
12718
12689
12719
12685
12690
12720
12686
12691
12721
12687
12692
12722
12688
12693
12723
12689
12694
12724
12695
12725
12691
12696
12726
12692
12697
12727
12693
12698
12728
12694
12699
12729
12695
12700
12730
12701
12731
12697
12702
12732
12698
12703
12733
12699
12704
12734
12700
12705
12735
12701
12706
12736
12707
12737
12703
12738
12704
12739
12705
12740
12706
12741
12707
12742
12743
12709
12714
12744
16338
12710
12715
12745
16339
12711
12716
12746
16340
12712
12717
12747
16341
12713
12718
12748
16342
12719
12749
16343
12715
12720
12750
12716
12721
12751
12717
12722
12752
12718
12723
12753
12719
12724
12754
12725
12755
12721
12726
12756
12722
12727
12757
12723
12728
12758
12724
12729
12759
12725
12730
12760
12731
12761
12727
12732
12762
12728
12733
12763
12729
12734
12764
12730
12735
12765
12731
12736
12766
12737
12767
12733
12738
12768
12734
12739
12769
12735
12740
12770
12736
12741
12771
12737
12742
12772
12743
12773
12739
12774
12740
12775
12741
12776
12742
12777
12743
12778
12779
12745
12750
12780
16374
12746
12751
12781
16375
12747
12752
12782
16376
12748
12753
12783
16377
12749
12754
12784
16378
12755
12785
16379
12751
12756
12786
12752
12757
12787
12753
12758
12788
12754
12759
12789
12755
12760
12790
12761
12791
12757
12762
12792
12758
12763
12793
12759
12764
12794
12760
12765
12795
12761
12766
12796
12767
12797
12763
12768
12798
12764
12769
12799
12765
12770
12800
12766
12771
12801
12767
12772
12802
12773
12803
12769
12774
12804
12770
12775
12805
12771
12776
12806
12772
12777
12807
12773
12778
12808
12779
12809
12775
12810
12776
12811
12777
12812
12778
12813
12779
12814
12815
12781
12786
12816
16410
12782
12787
12817
16411
12783
12788
12818
16412
12784
12789
12819
16413
12785
12790
12820
16414
12791
12821
16415
12787
12792
12822
12788
12793
12823
12789
12794
12824
12790
12795
12825
12791
12796
12826
12797
12827
12793
12798
12828
12794
12799
12829
12795
12800
12830
12796
12801
12831
12797
12802
12832
12803
12833
12799
12804
12834
12800
12805
12835
12801
12806
12836
12802
12807
12837
12803
12808
12838
12809
12839
12805
12810
12840
12806
12811
12841
12807
12812
12842
12808
12813
12843
12809
12814
12844
12815
12845
12811
12846
12812
12847
12813
12848
12814
12849
12815
12850
12851
12817
12822
12852
16446
12818
12823
12853
16447
12819
12824
12854
16448
12820
12825
12855
16449
12821
12826
12856
16450
12827
12857
16451
12823
12828
12858
12824
12829
12859
12825
12830
12860
12826
12831
12861
12827
12832
12862
12833
12863
12829
12834
12864
12830
12835
12865
12831
12836
12866
12832
12837
12867
12833
12838
12868
12839
12869
12835
12840
12870
12836
12841
12871
12837
12842
12872
12838
12843
12873
12839
12844
12874
12845
12875
12841
12846
12876
12842
12847
12877
12843
12848
12878
12844
12849
12879
12845
12850
12880
12851
12881
12847
12882
12848
12883
12849
12884
12850
12885
12851
12886
12887
12853
12858
12888
16482
12854
12859
12889
16483
12855
12860
12890
16484
12856
12861
12891
16485
12857
12862
12892
16486
12863
12893
16487
12859
12864
12894
12860
12865
12895
12861
12866
12896
12862
12867
12897
12863
12868
12898
12869
12899
12865
12870
12900
12866
12871
12901
12867
12872
12902
12868
12873
12903
12869
12874
12904
12875
12905
12871
12876
12906
12872
12877
12907
12873
12878
12908
12874
12879
12909
12875
12880
12910
12881
12911
12877
12882
12912
12878
12883
12913
12879
12884
12914
12880
12885
12915
12881
12886
12916
12887
12917
12883
12918
12884
12919
12885
12920
12886
12921
12887
12922
12923
12889
12894
12924
16518
12890
12895
12925
16519
12891
12896
12926
16520
12892
12897
12927
16521
12893
12898
12928
16522
12899
12929
16523
12895
12900
12930
12896
12901
12931
12897
12902
12932
12898
12903
12933
12899
12904
12934
12905
12935
12901
12906
12936
12902
12907
12937
12903
12908
12938
12904
12909
12939
12905
12910
12940
12911
12941
12907
12912
12942
12908
12913
12943
12909
12914
12944
12910
12915
12945
12911
12916
12946
12917
12947
12913
12918
12948
12914
12919
12949
12915
12920
12950
12916
12921
12951
12917
12922
12952
12923
12953
12919
12954
12920
12955
12921
12956
12922
12957
12923
12958
12959
12925
12930
12960
16554
12926
12931
12961
16555
12927
12932
12962
16556
12928
12933
12963
16557
12929
12934
12964
16558
12935
12965
16559
12931
12936
12966
12932
12937
12967
12933
12938
12968
12934
12939
12969
12935
12940
12970
12941
12971
12937
12942
12972
12938
12943
12973
12939
12944
12974
12940
12945
12975
12941
12946
12976
12947
12977
12943
12948
12978
12944
12949
12979
12945
12950
12980
12946
12951
12981
12947
12952
12982
12953
12983
12949
12954
12984
12950
12955
12985
12951
12956
12986
12952
12957
12987
12953
12958
12988
12959
12989
12955
12990
12956
12991
12957
12992
12958
12993
12959
12994
12995
12961
12966
12996
16590
12962
12967
12997
16591
12963
12968
12998
16592
12964
12969
12999
16593
12965
12970
13000
16594
12971
13001
16595
12967
12972
13002
12968
12973
13003
12969
12974
13004
12970
12975
13005
12971
12976
13006
12977
13007
12973
12978
13008
12974
12979
13009
12975
12980
13010
12976
12981
13011
12977
12982
13012
12983
13013
12979
12984
13014
12980
12985
13015
12981
12986
13016
12982
12987
13017
12983
12988
13018
12989
13019
12985
12990
13020
12986
12991
13021
12987
12992
13022
12988
12993
13023
12989
12994
13024
12995
13025
12991
13026
12992
13027
12993
13028
12994
13029
12995
13030
13031
12997
13002
13032
16626
12998
13003
13033
16627
12999
13004
13034
16628
13000
13005
13035
16629
13001
13006
13036
16630
13007
13037
16631
13003
13008
13038
13004
13009
13039
13005
13010
13040
13006
13011
13041
13007
13012
13042
13013
13043
13009
13014
13044
13010
13015
13045
13011
13016
13046
13012
13017
13047
13013
13018
13048
13019
13049
13015
13020
13050
13016
13021
13051
13017
13022
13052
13018
13023
13053
13019
13024
13054
13025
13055
13021
13026
13056
13022
13027
13057
13023
13028
13058
13024
13029
13059
13025
13030
13060
13031
13061
13027
13062
13028
13063
13029
13064
13030
13065
13031
13066
13067
13033
13038
13068
16662
13034
13039
13069
16663
13035
13040
13070
16664
13036
13041
13071
16665
13037
13042
13072
16666
13043
13073
16667
13039
13044
13074
13040
13045
13075
13041
13046
13076
13042
13047
13077
13043
13048
13078
13049
13079
13045
13050
13080
13046
13051
13081
13047
13052
13082
13048
13053
13083
13049
13054
13084
13055
13085
13051
13056
13086
13052
13057
13087
13053
13058
13088
13054
13059
13089
13055
13060
13090
13061
13091
13057
13062
13092
13058
13063
13093
13059
13064
13094
13060
13065
13095
13061
13066
13096
13067
13097
13063
13098
13064
13099
13065
13100
13066
13101
13067
13102
13103
13069
13074
13104
16698
13070
13075
13105
16699
13071
13076
13106
16700
13072
13077
13107
16701
13073
13078
13108
16702
13079
13109
16703
13075
13080
13110
13076
13081
13111
13077
13082
13112
13078
13083
13113
13079
13084
13114
13085
13115
13081
13086
13116
13082
13087
13117
13083
13088
13118
13084
13089
13119
13085
13090
13120
13091
13121
13087
13092
13122
13088
13093
13123
13089
13094
13124
13090
13095
13125
13091
13096
13126
13097
13127
13093
13098
13128
13094
13099
13129
13095
13100
13130
13096
13101
13131
13097
13102
13132
13103
13133
13099
13134
13100
13135
13101
13136
13102
13137
13103
13138
13139
13105
13110
13140
16734
13106
13111
13141
16735
13107
13112
13142
16736
13108
13113
13143
16737
13109
13114
13144
16738
13115
13145
16739
13111
13116
13146
13112
13117
13147
13113
13118
13148
13114
13119
13149
13115
13120
13150
13121
13151
13117
13122
13152
13118
13123
13153
13119
13124
13154
13120
13125
13155
13121
13126
13156
13127
13157
13123
13128
13158
13124
13129
13159
13125
13130
13160
13126
13131
13161
13127
13132
13162
13133
13163
13129
13134
13164
13130
13135
13165
13131
13136
13166
13132
13137
13167
13133
13138
13168
13139
13169
13135
13170
13136
13171
13137
13172
13138
13173
13139
13174
13175
13141
13146
13176
16770
13142
13147
13177
16771
13143
13148
13178
16772
13144
13149
13179
16773
13145
13150
13180
16774
13151
13181
16775
13147
13152
13182
13148
13153
13183
13149
13154
13184
13150
13155
13185
13151
13156
13186
13157
13187
13153
13158
13188
13154
13159
13189
13155
13160
13190
13156
13161
13191
13157
13162
13192
13163
13193
13159
13164
13194
13160
13165
13195
13161
13166
13196
13162
13167
13197
13163
13168
13198
13169
13199
13165
13170
13200
13166
13171
13201
13167
13172
13202
13168
13173
13203
13169
13174
13204
13175
13205
13171
13206
13172
13207
13173
13208
13174
13209
13175
13210
13211
13177
13182
13212
16806
13178
13183
13213
16807
13179
13184
13214
16808
13180
13185
13215
16809
13181
13186
13216
16810
13187
13217
16811
13183
13188
13218
13184
13189
13219
13185
13190
13220
13186
13191
13221
13187
13192
13222
13193
13223
13189
13194
13224
13190
13195
13225
13191
13196
13226
13192
13197
13227
13193
13198
13228
13199
13229
13195
13200
13230
13196
13201
13231
13197
13202
13232
13198
13203
13233
13199
13204
13234
13205
13235
13201
13206
13236
13202
13207
13237
13203
13208
13238
13204
13209
13239
13205
13210
13240
13211
13241
13207
13242
13208
13243
13209
13244
13210
13245
13211
13246
13247
13213
13218
13248
16842
13214
13219
13249
16843
13215
13220
13250
16844
13216
13221
13251
16845
13217
13222
13252
16846
13223
13253
16847
13219
13224
13254
13220
13225
13255
13221
13226
13256
13222
13227
13257
13223
13228
13258
13229
13259
13225
13230
13260
13226
13231
13261
13227
13232
13262
13228
13233
13263
13229
13234
13264
13235
13265
13231
13236
13266
13232
13237
13267
13233
13238
13268
13234
13239
13269
13235
13240
13270
13241
13271
13237
13242
13272
13238
13243
13273
13239
13244
13274
13240
13245
13275
13241
13246
13276
13247
13277
13243
13278
13244
13279
13245
13280
13246
13281
13247
13282
13283
13249
13254
13284
16878
13250
13255
13285
16879
13251
13256
13286
16880
13252
13257
13287
16881
13253
13258
13288
16882
13259
13289
16883
13255
13260
13290
13256
13261
13291
13257
13262
13292
13258
13263
13293
13259
13264
13294
13265
13295
13261
13266
13296
13262
13267
13297
13263
13268
13298
13264
13269
13299
13265
13270
13300
13271
13301
13267
13272
13302
13268
13273
13303
13269
13274
13304
13270
13275
13305
13271
13276
13306
13277
13307
13273
13278
13308
13274
13279
13309
13275
13280
13310
13276
13281
13311
13277
13282
13312
13283
13313
13279
13314
13280
13315
13281
13316
13282
13317
13283
13318
13319
13285
13290
13320
16914
13286
13291
13321
16915
13287
13292
13322
16916
13288
13293
13323
16917
13289
13294
13324
16918
13295
13325
16919
13291
13296
13326
13292
13297
13327
13293
13298
13328
13294
13299
13329
13295
13300
13330
13301
13331
13297
13302
13332
13298
13303
13333
13299
13304
13334
13300
13305
13335
13301
13306
13336
13307
13337
13303
13308
13338
13304
13309
13339
13305
13310
13340
13306
13311
13341
13307
13312
13342
13313
13343
13309
13314
13344
13310
13315
13345
13311
13316
13346
13312
13317
13347
13313
13318
13348
13319
13349
13315
13350
13316
13351
13317
13352
13318
13353
13319
13354
13355
13321
13326
13356
16950
13322
13327
13357
16951
13323
13328
13358
16952
13324
13329
13359
16953
13325
13330
13360
16954
13331
13361
16955
13327
13332
13362
13328
13333
13363
13329
13334
13364
13330
13335
13365
13331
13336
13366
13337
13367
13333
13338
13368
13334
13339
13369
13335
13340
13370
13336
13341
13371
13337
13342
13372
13343
13373
13339
13344
13374
13340
13345
13375
13341
13346
13376
13342
13347
13377
13343
13348
13378
13349
13379
13345
13350
13380
13346
13351
13381
13347
13352
13382
13348
13353
13383
13349
13354
13384
13355
13385
13351
13386
13352
13387
13353
13388
13354
13389
13355
13390
13391
13357
13362
13392
16986
13358
13363
13393
16987
13359
13364
13394
16988
13360
13365
13395
16989
13361
13366
13396
16990
13367
13397
16991
13363
13368
13398
13364
13369
13399
13365
13370
13400
13366
13371
13401
13367
13372
13402
13373
13403
13369
13374
13404
13370
13375
13405
13371
13376
13406
13372
13377
13407
13373
13378
13408
13379
13409
13375
13380
13410
13376
13381
13411
13377
13382
13412
13378
13383
13413
13379
13384
13414
13385
13415
13381
13386
13416
13382
13387
13417
13383
13388
13418
13384
13389
13419
13385
13390
13420
13391
13421
13387
13422
13388
13423
13389
13424
13390
13425
13391
13426
13427
13393
13398
13428
17022
13394
13399
13429
17023
13395
13400
13430
17024
13396
13401
13431
17025
13397
13402
13432
17026
13403
13433
17027
13399
13404
13434
13400
13405
13435
13401
13406
13436
13402
13407
13437
13403
13408
13438
13409
13439
13405
13410
13440
13406
13411
13441
13407
13412
13442
13408
13413
13443
13409
13414
13444
13415
13445
13411
13416
13446
13412
13417
13447
13413
13418
13448
13414
13419
13449
13415
13420
13450
13421
13451
13417
13422
13452
13418
13423
13453
13419
13424
13454
13420
13425
13455
13421
13426
13456
13427
13457
13423
13458
13424
13459
13425
13460
13426
13461
13427
13462
13463
13429
13434
13464
17058
13430
13435
13465
17059
13431
13436
13466
17060
13432
13437
13467
17061
13433
13438
13468
17062
13439
13469
17063
13435
13440
13470
13436
13441
13471
13437
13442
13472
13438
13443
13473
13439
13444
13474
13445
13475
13441
13446
13476
13442
13447
13477
13443
13448
13478
13444
13449
13479
13445
13450
13480
13451
13481
13447
13452
13482
13448
13453
13483
13449
13454
13484
13450
13455
13485
13451
13456
13486
13457
13487
13453
13458
13488
13454
13459
13489
13455
13460
13490
13456
13461
13491
13457
13462
13492
13463
13493
13459
13494
13460
13495
13461
13496
13462
13497
13463
13498
13499
13465
13470
13500
17094
13466
13471
13501
17095
13467
13472
13502
17096
13468
13473
13503
17097
13469
13474
13504
17098
13475
13505
17099
13471
13476
13506
13472
13477
13507
13473
13478
13508
13474
13479
13509
13475
13480
13510
13481
13511
13477
13482
13512
13478
13483
13513
13479
13484
13514
13480
13485
13515
13481
13486
13516
13487
13517
13483
13488
13518
13484
13489
13519
13485
13490
13520
13486
13491
13521
13487
13492
13522
13493
13523
13489
13494
13524
13490
13495
13525
13491
13496
13526
13492
13497
13527
13493
13498
13528
13499
13529
13495
13530
13496
13531
13497
13532
13498
13533
13499
13534
13535
13501
13506
13536
17130
13502
13507
13537
17131
13503
13508
13538
17132
13504
13509
13539
17133
13505
13510
13540
17134
13511
13541
17135
13507
13512
13542
13508
13513
13543
13509
13514
13544
13510
13515
13545
13511
13516
13546
13517
13547
13513
13518
13548
13514
13519
13549
13515
13520
13550
13516
13521
13551
13517
13522
13552
13523
13553
13519
13524
13554
13520
13525
13555
13521
13526
13556
13522
13527
13557
13523
13528
13558
13529
13559
13525
13530
13560
13526
13531
13561
13527
13532
13562
13528
13533
13563
13529
13534
13564
13535
13565
13531
13566
13532
13567
13533
13568
13534
13569
13535
13570
13571
13537
13542
13572
17166
13538
13543
13573
17167
13539
13544
13574
17168
13540
13545
13575
17169
13541
13546
13576
17170
13547
13577
17171
13543
13548
13578
13544
13549
13579
13545
13550
13580
13546
13551
13581
13547
13552
13582
13553
13583
13549
13554
13584
13550
13555
13585
13551
13556
13586
13552
13557
13587
13553
13558
13588
13559
13589
13555
13560
13590
13556
13561
13591
13557
13562
13592
13558
13563
13593
13559
13564
13594
13565
13595
13561
13566
13596
13562
13567
13597
13563
13568
13598
13564
13569
13599
13565
13570
13600
13571
13601
13567
13602
13568
13603
13569
13604
13570
13605
13571
13606
13607
13573
13578
13608
17202
13574
13579
13609
17203
13575
13580
13610
17204
13576
13581
13611
17205
13577
13582
13612
17206
13583
13613
17207
13579
13584
13614
13580
13585
13615
13581
13586
13616
13582
13587
13617
13583
13588
13618
13589
13619
13585
13590
13620
13586
13591
13621
13587
13592
13622
13588
13593
13623
13589
13594
13624
13595
13625
13591
13596
13626
13592
13597
13627
13593
13598
13628
13594
13599
13629
13595
13600
13630
13601
13631
13597
13602
13632
13598
13603
13633
13599
13604
13634
13600
13605
13635
13601
13606
13636
13607
13637
13603
13638
13604
13639
13605
13640
13606
13641
13607
13642
13643
13609
13614
13644
17238
13610
13615
13645
17239
13611
13616
13646
17240
13612
13617
13647
17241
13613
13618
13648
17242
13619
13649
17243
13615
13620
13650
13616
13621
13651
13617
13622
13652
13618
13623
13653
13619
13624
13654
13625
13655
13621
13626
13656
13622
13627
13657
13623
13628
13658
13624
13629
13659
13625
13630
13660
13631
13661
13627
13632
13662
13628
13633
13663
13629
13634
13664
13630
13635
13665
13631
13636
13666
13637
13667
13633
13638
13668
13634
13639
13669
13635
13640
13670
13636
13641
13671
13637
13642
13672
13643
13673
13639
13674
13640
13675
13641
13676
13642
13677
13643
13678
13679
13645
13650
13680
17274
13646
13651
13681
17275
13647
13652
13682
17276
13648
13653
13683
17277
13649
13654
13684
17278
13655
13685
17279
13651
13656
13686
13652
13657
13687
13653
13658
13688
13654
13659
13689
13655
13660
13690
13661
13691
13657
13662
13692
13658
13663
13693
13659
13664
13694
13660
13665
13695
13661
13666
13696
13667
13697
13663
13668
13698
13664
13669
13699
13665
13670
13700
13666
13671
13701
13667
13672
13702
13673
13703
13669
13674
13704
13670
13675
13705
13671
13676
13706
13672
13677
13707
13673
13678
13708
13679
13709
13675
13710
13676
13711
13677
13712
13678
13713
13679
13714
13715
13681
13686
13716
17310
13682
13687
13717
17311
13683
13688
13718
17312
13684
13689
13719
17313
13685
13690
13720
17314
13691
13721
17315
13687
13692
13722
13688
13693
13723
13689
13694
13724
13690
13695
13725
13691
13696
13726
13697
13727
13693
13698
13728
13694
13699
13729
13695
13700
13730
13696
13701
13731
13697
13702
13732
13703
13733
13699
13704
13734
13700
13705
13735
13701
13706
13736
13702
13707
13737
13703
13708
13738
13709
13739
13705
13710
13740
13706
13711
13741
13707
13712
13742
13708
13713
13743
13709
13714
13744
13715
13745
13711
13746
13712
13747
13713
13748
13714
13749
13715
13750
13751
13717
13722
13752
17346
13718
13723
13753
17347
13719
13724
13754
17348
13720
13725
13755
17349
13721
13726
13756
17350
13727
13757
17351
13723
13728
13758
13724
13729
13759
13725
13730
13760
13726
13731
13761
13727
13732
13762
13733
13763
13729
13734
13764
13730
13735
13765
13731
13736
13766
13732
13737
13767
13733
13738
13768
13739
13769
13735
13740
13770
13736
13741
13771
13737
13742
13772
13738
13743
13773
13739
13744
13774
13745
13775
13741
13746
13776
13742
13747
13777
13743
13748
13778
13744
13749
13779
13745
13750
13780
13751
13781
13747
13782
13748
13783
13749
13784
13750
13785
13751
13786
13787
13753
13758
13788
17382
13754
13759
13789
17383
13755
13760
13790
17384
13756
13761
13791
17385
13757
13762
13792
17386
13763
13793
17387
13759
13764
13794
13760
13765
13795
13761
13766
13796
13762
13767
13797
13763
13768
13798
13769
13799
13765
13770
13800
13766
13771
13801
13767
13772
13802
13768
13773
13803
13769
13774
13804
13775
13805
13771
13776
13806
13772
13777
13807
13773
13778
13808
13774
13779
13809
13775
13780
13810
13781
13811
13777
13782
13812
13778
13783
13813
13779
13784
13814
13780
13785
13815
13781
13786
13816
13787
13817
13783
13818
13784
13819
13785
13820
13786
13821
13787
13822
13823
13789
13794
13824
17418
13790
13795
13825
17419
13791
13796
13826
17420
13792
13797
13827
17421
13793
13798
13828
17422
13799
13829
17423
13795
13800
13830
13796
13801
13831
13797
13802
13832
13798
13803
13833
13799
13804
13834
13805
13835
13801
13806
13836
13802
13807
13837
13803
13808
13838
13804
13809
13839
13805
13810
13840
13811
13841
13807
13812
13842
13808
13813
13843
13809
13814
13844
13810
13815
13845
13811
13816
13846
13817
13847
13813
13818
13848
13814
13819
13849
13815
13820
13850
13816
13821
13851
13817
13822
13852
13823
13853
13819
13854
13820
13855
13821
13856
13822
13857
13823
13858
13859
13825
13830
13860
17454
13826
13831
13861
17455
13827
13832
13862
17456
13828
13833
13863
17457
13829
13834
13864
17458
13835
13865
17459
13831
13836
13866
13832
13837
13867
13833
13838
13868
13834
13839
13869
13835
13840
13870
13841
13871
13837
13842
13872
13838
13843
13873
13839
13844
13874
13840
13845
13875
13841
13846
13876
13847
13877
13843
13848
13878
13844
13849
13879
13845
13850
13880
13846
13851
13881
13847
13852
13882
13853
13883
13849
13854
13884
13850
13855
13885
13851
13856
13886
13852
13857
13887
13853
13858
13888
13859
13889
13855
13890
13856
13891
13857
13892
13858
13893
13859
13894
13895
13861
13866
13896
17490
13862
13867
13897
17491
13863
13868
13898
17492
13864
13869
13899
17493
13865
13870
13900
17494
13871
13901
17495
13867
13872
13902
13868
13873
13903
13869
13874
13904
13870
13875
13905
13871
13876
13906
13877
13907
13873
13878
13908
13874
13879
13909
13875
13880
13910
13876
13881
13911
13877
13882
13912
13883
13913
13879
13884
13914
13880
13885
13915
13881
13886
13916
13882
13887
13917
13883
13888
13918
13889
13919
13885
13890
13920
13886
13891
13921
13887
13892
13922
13888
13893
13923
13889
13894
13924
13895
13925
13891
13926
13892
13927
13893
13928
13894
13929
13895
13930
13931
13897
13902
13932
17526
13898
13903
13933
17527
13899
13904
13934
17528
13900
13905
13935
17529
13901
13906
13936
17530
13907
13937
17531
13903
13908
13938
13904
13909
13939
13905
13910
13940
13906
13911
13941
13907
13912
13942
13913
13943
13909
13914
13944
13910
13915
13945
13911
13916
13946
13912
13917
13947
13913
13918
13948
13919
13949
13915
13920
13950
13916
13921
13951
13917
13922
13952
13918
13923
13953
13919
13924
13954
13925
13955
13921
13926
13956
13922
13927
13957
13923
13928
13958
13924
13929
13959
13925
13930
13960
13931
13961
13927
13962
13928
13963
13929
13964
13930
13965
13931
13966
13967
13933
13938
13968
17562
13934
13939
13969
17563
13935
13940
13970
17564
13936
13941
13971
17565
13937
13942
13972
17566
13943
13973
17567
13939
13944
13974
13940
13945
13975
13941
13946
13976
13942
13947
13977
13943
13948
13978
13949
13979
13945
13950
13980
13946
13951
13981
13947
13952
13982
13948
13953
13983
13949
13954
13984
13955
13985
13951
13956
13986
13952
13957
13987
13953
13958
13988
13954
13959
13989
13955
13960
13990
13961
13991
13957
13962
13992
13958
13963
13993
13959
13964
13994
13960
13965
13995
13961
13966
13996
13967
13997
13963
13998
13964
13999
13965
14000
13966
14001
13967
14002
14003
13969
13974
14004
17598
13970
13975
14005
17599
13971
13976
14006
17600
13972
13977
14007
17601
13973
13978
14008
17602
13979
14009
17603
13975
13980
14010
13976
13981
14011
13977
13982
14012
13978
13983
14013
13979
13984
14014
13985
14015
13981
13986
14016
13982
13987
14017
13983
13988
14018
13984
13989
14019
13985
13990
14020
13991
14021
13987
13992
14022
13988
13993
14023
13989
13994
14024
13990
13995
14025
13991
13996
14026
13997
14027
13993
13998
14028
13994
13999
14029
13995
14000
14030
13996
14001
14031
13997
14002
14032
14003
14033
13999
14034
14000
14035
14001
14036
14002
14037
14003
14038
14039
14005
14010
14040
17634
14006
14011
14041
17635
14007
14012
14042
17636
14008
14013
14043
17637
14009
14014
14044
17638
14015
14045
17639
14011
14016
14046
14012
14017
14047
14013
14018
14048
14014
14019
14049
14015
14020
14050
14021
14051
14017
14022
14052
14018
14023
14053
14019
14024
14054
14020
14025
14055
14021
14026
14056
14027
14057
14023
14028
14058
14024
14029
14059
14025
14030
14060
14026
14031
14061
14027
14032
14062
14033
14063
14029
14034
14064
14030
14035
14065
14031
14036
14066
14032
14037
14067
14033
14038
14068
14039
14069
14035
14070
14036
14071
14037
14072
14038
14073
14039
14074
14075
14041
14046
14076
17670
14042
14047
14077
17671
14043
14048
14078
17672
14044
14049
14079
17673
14045
14050
14080
17674
14051
14081
17675
14047
14052
14082
14048
14053
14083
14049
14054
14084
14050
14055
14085
14051
14056
14086
14057
14087
14053
14058
14088
14054
14059
14089
14055
14060
14090
14056
14061
14091
14057
14062
14092
14063
14093
14059
14064
14094
14060
14065
14095
14061
14066
14096
14062
14067
14097
14063
14068
14098
14069
14099
14065
14070
14100
14066
14071
14101
14067
14072
14102
14068
14073
14103
14069
14074
14104
14075
14105
14071
14106
14072
14107
14073
14108
14074
14109
14075
14110
14111
14077
14082
14112
17706
14078
14083
14113
17707
14079
14084
14114
17708
14080
14085
14115
17709
14081
14086
14116
17710
14087
14117
17711
14083
14088
14118
14084
14089
14119
14085
14090
14120
14086
14091
14121
14087
14092
14122
14093
14123
14089
14094
14124
14090
14095
14125
14091
14096
14126
14092
14097
14127
14093
14098
14128
14099
14129
14095
14100
14130
14096
14101
14131
14097
14102
14132
14098
14103
14133
14099
14104
14134
14105
14135
14101
14106
14136
14102
14107
14137
14103
14108
14138
14104
14109
14139
14105
14110
14140
14111
14141
14107
14142
14108
14143
14109
14144
14110
14145
14111
14146
14147
14113
14118
14148
17742
14114
14119
14149
17743
14115
14120
14150
17744
14116
14121
14151
17745
14117
14122
14152
17746
14123
14153
17747
14119
14124
14154
14120
14125
14155
14121
14126
14156
14122
14127
14157
14123
14128
14158
14129
14159
14125
14130
14160
14126
14131
14161
14127
14132
14162
14128
14133
14163
14129
14134
14164
14135
14165
14131
14136
14166
14132
14137
14167
14133
14138
14168
14134
14139
14169
14135
14140
14170
14141
14171
14137
14142
14172
14138
14143
14173
14139
14144
14174
14140
14145
14175
14141
14146
14176
14147
14177
14143
14178
14144
14179
14145
14180
14146
14181
14147
14182
14183
14149
14154
14184
17778
14150
14155
14185
17779
14151
14156
14186
17780
14152
14157
14187
17781
14153
14158
14188
17782
14159
14189
17783
14155
14160
14190
14156
14161
14191
14157
14162
14192
14158
14163
14193
14159
14164
14194
14165
14195
14161
14166
14196
14162
14167
14197
14163
14168
14198
14164
14169
14199
14165
14170
14200
14171
14201
14167
14172
14202
14168
14173
14203
14169
14174
14204
14170
14175
14205
14171
14176
14206
14177
14207
14173
14178
14208
14174
14179
14209
14175
14180
14210
14176
14181
14211
14177
14182
14212
14183
14213
14179
14214
14180
14215
14181
14216
14182
14217
14183
14218
14219
14185
14190
14220
17814
14186
14191
14221
17815
14187
14192
14222
17816
14188
14193
14223
17817
14189
14194
14224
17818
14195
14225
17819
14191
14196
14226
14192
14197
14227
14193
14198
14228
14194
14199
14229
14195
14200
14230
14201
14231
14197
14202
14232
14198
14203
14233
14199
14204
14234
14200
14205
14235
14201
14206
14236
14207
14237
14203
14208
14238
14204
14209
14239
14205
14210
14240
14206
14211
14241
14207
14212
14242
14213
14243
14209
14214
14244
14210
14215
14245
14211
14216
14246
14212
14217
14247
14213
14218
14248
14219
14249
14215
14250
14216
14251
14217
14252
14218
14253
14219
14254
14255
14221
14226
14256
17850
14222
14227
14257
17851
14223
14228
14258
17852
14224
14229
14259
17853
14225
14230
14260
17854
14231
14261
17855
14227
14232
14262
14228
14233
14263
14229
14234
14264
14230
14235
14265
14231
14236
14266
14237
14267
14233
14238
14268
14234
14239
14269
14235
14240
14270
14236
14241
14271
14237
14242
14272
14243
14273
14239
14244
14274
14240
14245
14275
14241
14246
14276
14242
14247
14277
14243
14248
14278
14249
14279
14245
14250
14280
14246
14251
14281
14247
14252
14282
14248
14253
14283
14249
14254
14284
14255
14285
14251
14286
14252
14287
14253
14288
14254
14289
14255
14290
14291
14257
14262
14292
17886
14258
14263
14293
17887
14259
14264
14294
17888
14260
14265
14295
17889
14261
14266
14296
17890
14267
14297
17891
14263
14268
14298
14264
14269
14299
14265
14270
14300
14266
14271
14301
14267
14272
14302
14273
14303
14269
14274
14304
14270
14275
14305
14271
14276
14306
14272
14277
14307
14273
14278
14308
14279
14309
14275
14280
14310
14276
14281
14311
14277
14282
14312
14278
14283
14313
14279
14284
14314
14285
14315
14281
14286
14316
14282
14287
14317
14283
14288
14318
14284
14289
14319
14285
14290
14320
14291
14321
14287
14322
14288
14323
14289
14324
14290
14325
14291
14326
14327
14293
14298
14328
17922
14294
14299
14329
17923
14295
14300
14330
17924
14296
14301
14331
17925
14297
14302
14332
17926
14303
14333
17927
14299
14304
14334
14300
14305
14335
14301
14306
14336
14302
14307
14337
14303
14308
14338
14309
14339
14305
14310
14340
14306
14311
14341
14307
14312
14342
14308
14313
14343
14309
14314
14344
14315
14345
14311
14316
14346
14312
14317
14347
14313
14318
14348
14314
14319
14349
14315
14320
14350
14321
14351
14317
14322
14352
14318
14323
14353
14319
14324
14354
14320
14325
14355
14321
14326
14356
14327
14357
14323
14358
14324
14359
14325
14360
14326
14361
14327
14362
14363
14329
14334
14364
17958
14330
14335
14365
17959
14331
14336
14366
17960
14332
14337
14367
17961
14333
14338
14368
17962
14339
14369
17963
14335
14340
14370
14336
14341
14371
14337
14342
14372
14338
14343
14373
14339
14344
14374
14345
14375
14341
14346
14376
14342
14347
14377
14343
14348
14378
14344
14349
14379
14345
14350
14380
14351
14381
14347
14352
14382
14348
14353
14383
14349
14354
14384
14350
14355
14385
14351
14356
14386
14357
14387
14353
14358
14388
14354
14359
14389
14355
14360
14390
14356
14361
14391
14357
14362
14392
14363
14393
14359
14394
14360
14395
14361
14396
14362
14397
14363
14398
14399
14365
14370
17994
14366
14371
17995
14367
14372
17996
14368
14373
17997
14369
14374
17998
14375
17999
14371
14376
14372
14377
14373
14378
14374
14379
14375
14380
14381
14377
14382
14378
14383
14379
14384
14380
14385
14381
14386
14387
14383
14388
14384
14389
14385
14390
14386
14391
14387
14392
14393
14389
14394
14390
14395
14391
14396
14392
14397
14393
14398
14399
14395
14396
14397
14398
14399
14401
14406
14436
14402
14407
14437
14403
14408
14438
14404
14409
14439
14405
14410
14440
14411
14441
14407
14412
14442
14408
14413
14443
14409
14414
14444
14410
14415
14445
14411
14416
14446
14417
14447
14413
14418
14448
14414
14419
14449
14415
14420
14450
14416
14421
14451
14417
14422
14452
14423
14453
14419
14424
14454
14420
14425
14455
14421
14426
14456
14422
14427
14457
14423
14428
14458
14429
14459
14425
14430
14460
14426
14431
14461
14427
14432
14462
14428
14433
14463
14429
14434
14464
14435
14465
14431
14466
14432
14467
14433
14468
14434
14469
14435
14470
14471
14437
14442
14472
14438
14443
14473
14439
14444
14474
14440
14445
14475
14441
14446
14476
14447
14477
14443
14448
14478
14444
14449
14479
14445
14450
14480
14446
14451
14481
14447
14452
14482
14453
14483
14449
14454
14484
14450
14455
14485
14451
14456
14486
14452
14457
14487
14453
14458
14488
14459
14489
14455
14460
14490
14456
14461
14491
14457
14462
14492
14458
14463
14493
14459
14464
14494
14465
14495
14461
14466
14496
14462
14467
14497
14463
14468
14498
14464
14469
14499
14465
14470
14500
14471
14501
14467
14502
14468
14503
14469
14504
14470
14505
14471
14506
14507
14473
14478
14508
14474
14479
14509
14475
14480
14510
14476
14481
14511
14477
14482
14512
14483
14513
14479
14484
14514
14480
14485
14515
14481
14486
14516
14482
14487
14517
14483
14488
14518
14489
14519
14485
14490
14520
14486
14491
14521
14487
14492
14522
14488
14493
14523
14489
14494
14524
14495
14525
14491
14496
14526
14492
14497
14527
14493
14498
14528
14494
14499
14529
14495
14500
14530
14501
14531
14497
14502
14532
14498
14503
14533
14499
14504
14534
14500
14505
14535
14501
14506
14536
14507
14537
14503
14538
14504
14539
14505
14540
14506
14541
14507
14542
14543
14509
14514
14544
14510
14515
14545
14511
14516
14546
14512
14517
14547
14513
14518
14548
14519
14549
14515
14520
14550
14516
14521
14551
14517
14522
14552
14518
14523
14553
14519
14524
14554
14525
14555
14521
14526
14556
14522
14527
14557
14523
14528
14558
14524
14529
14559
14525
14530
14560
14531
14561
14527
14532
14562
14528
14533
14563
14529
14534
14564
14530
14535
14565
14531
14536
14566
14537
14567
14533
14538
14568
14534
14539
14569
14535
14540
14570
14536
14541
14571
14537
14542
14572
14543
14573
14539
14574
14540
14575
14541
14576
14542
14577
14543
14578
14579
14545
14550
14580
14546
14551
14581
14547
14552
14582
14548
14553
14583
14549
14554
14584
14555
14585
14551
14556
14586
14552
14557
14587
14553
14558
14588
14554
14559
14589
14555
14560
14590
14561
14591
14557
14562
14592
14558
14563
14593
14559
14564
14594
14560
14565
14595
14561
14566
14596
14567
14597
14563
14568
14598
14564
14569
14599
14565
14570
14600
14566
14571
14601
14567
14572
14602
14573
14603
14569
14574
14604
14570
14575
14605
14571
14576
14606
14572
14577
14607
14573
14578
14608
14579
14609
14575
14610
14576
14611
14577
14612
14578
14613
14579
14614
14615
14581
14586
14616
14582
14587
14617
14583
14588
14618
14584
14589
14619
14585
14590
14620
14591
14621
14587
14592
14622
14588
14593
14623
14589
14594
14624
14590
14595
14625
14591
14596
14626
14597
14627
14593
14598
14628
14594
14599
14629
14595
14600
14630
14596
14601
14631
14597
14602
14632
14603
14633
14599
14604
14634
14600
14605
14635
14601
14606
14636
14602
14607
14637
14603
14608
14638
14609
14639
14605
14610
14640
14606
14611
14641
14607
14612
14642
14608
14613
14643
14609
14614
14644
14615
14645
14611
14646
14612
14647
14613
14648
14614
14649
14615
14650
14651
14617
14622
14652
14618
14623
14653
14619
14624
14654
14620
14625
14655
14621
14626
14656
14627
14657
14623
14628
14658
14624
14629
14659
14625
14630
14660
14626
14631
14661
14627
14632
14662
14633
14663
14629
14634
14664
14630
14635
14665
14631
14636
14666
14632
14637
14667
14633
14638
14668
14639
14669
14635
14640
14670
14636
14641
14671
14637
14642
14672
14638
14643
14673
14639
14644
14674
14645
14675
14641
14646
14676
14642
14647
14677
14643
14648
14678
14644
14649
14679
14645
14650
14680
14651
14681
14647
14682
14648
14683
14649
14684
14650
14685
14651
14686
14687
14653
14658
14688
14654
14659
14689
14655
14660
14690
14656
14661
14691
14657
14662
14692
14663
14693
14659
14664
14694
14660
14665
14695
14661
14666
14696
14662
14667
14697
14663
14668
14698
14669
14699
14665
14670
14700
14666
14671
14701
14667
14672
14702
14668
14673
14703
14669
14674
14704
14675
14705
14671
14676
14706
14672
14677
14707
14673
14678
14708
14674
14679
14709
14675
14680
14710
14681
14711
14677
14682
14712
14678
14683
14713
14679
14684
14714
14680
14685
14715
14681
14686
14716
14687
14717
14683
14718
14684
14719
14685
14720
14686
14721
14687
14722
14723
14689
14694
14724
14690
14695
14725
14691
14696
14726
14692
14697
14727
14693
14698
14728
14699
14729
14695
14700
14730
14696
14701
14731
14697
14702
14732
14698
14703
14733
14699
14704
14734
14705
14735
14701
14706
14736
14702
14707
14737
14703
14708
14738
14704
14709
14739
14705
14710
14740
14711
14741
14707
14712
14742
14708
14713
14743
14709
14714
14744
14710
14715
14745
14711
14716
14746
14717
14747
14713
14718
14748
14714
14719
14749
14715
14720
14750
14716
14721
14751
14717
14722
14752
14723
14753
14719
14754
14720
14755
14721
14756
14722
14757
14723
14758
14759
14725
14730
14760
14726
14731
14761
14727
14732
14762
14728
14733
14763
14729
14734
14764
14735
14765
14731
14736
14766
14732
14737
14767
14733
14738
14768
14734
14739
14769
14735
14740
14770
14741
14771
14737
14742
14772
14738
14743
14773
14739
14744
14774
14740
14745
14775
14741
14746
14776
14747
14777
14743
14748
14778
14744
14749
14779
14745
14750
14780
14746
14751
14781
14747
14752
14782
14753
14783
14749
14754
14784
14750
14755
14785
14751
14756
14786
14752
14757
14787
14753
14758
14788
14759
14789
14755
14790
14756
14791
14757
14792
14758
14793
14759
14794
14795
14761
14766
14796
14762
14767
14797
14763
14768
14798
14764
14769
14799
14765
14770
14800
14771
14801
14767
14772
14802
14768
14773
14803
14769
14774
14804
14770
14775
14805
14771
14776
14806
14777
14807
14773
14778
14808
14774
14779
14809
14775
14780
14810
14776
14781
14811
14777
14782
14812
14783
14813
14779
14784
14814
14780
14785
14815
14781
14786
14816
14782
14787
14817
14783
14788
14818
14789
14819
14785
14790
14820
14786
14791
14821
14787
14792
14822
14788
14793
14823
14789
14794
14824
14795
14825
14791
14826
14792
14827
14793
14828
14794
14829
14795
14830
14831
14797
14802
14832
14798
14803
14833
14799
14804
14834
14800
14805
14835
14801
14806
14836
14807
14837
14803
14808
14838
14804
14809
14839
14805
14810
14840
14806
14811
14841
14807
14812
14842
14813
14843
14809
14814
14844
14810
14815
14845
14811
14816
14846
14812
14817
14847
14813
14818
14848
14819
14849
14815
14820
14850
14816
14821
14851
14817
14822
14852
14818
14823
14853
14819
14824
14854
14825
14855
14821
14826
14856
14822
14827
14857
14823
14828
14858
14824
14829
14859
14825
14830
14860
14831
14861
14827
14862
14828
14863
14829
14864
14830
14865
14831
14866
14867
14833
14838
14868
14834
14839
14869
14835
14840
14870
14836
14841
14871
14837
14842
14872
14843
14873
14839
14844
14874
14840
14845
14875
14841
14846
14876
14842
14847
14877
14843
14848
14878
14849
14879
14845
14850
14880
14846
14851
14881
14847
14852
14882
14848
14853
14883
14849
14854
14884
14855
14885
14851
14856
14886
14852
14857
14887
14853
14858
14888
14854
14859
14889
14855
14860
14890
14861
14891
14857
14862
14892
14858
14863
14893
14859
14864
14894
14860
14865
14895
14861
14866
14896
14867
14897
14863
14898
14864
14899
14865
14900
14866
14901
14867
14902
14903
14869
14874
14904
14870
14875
14905
14871
14876
14906
14872
14877
14907
14873
14878
14908
14879
14909
14875
14880
14910
14876
14881
14911
14877
14882
14912
14878
14883
14913
14879
14884
14914
14885
14915
14881
14886
14916
14882
14887
14917
14883
14888
14918
14884
14889
14919
14885
14890
14920
14891
14921
14887
14892
14922
14888
14893
14923
14889
14894
14924
14890
14895
14925
14891
14896
14926
14897
14927
14893
14898
14928
14894
14899
14929
14895
14900
14930
14896
14901
14931
14897
14902
14932
14903
14933
14899
14934
14900
14935
14901
14936
14902
14937
14903
14938
14939
14905
14910
14940
14906
14911
14941
14907
14912
14942
14908
14913
14943
14909
14914
14944
14915
14945
14911
14916
14946
14912
14917
14947
14913
14918
14948
14914
14919
14949
14915
14920
14950
14921
14951
14917
14922
14952
14918
14923
14953
14919
14924
14954
14920
14925
14955
14921
14926
14956
14927
14957
14923
14928
14958
14924
14929
14959
14925
14930
14960
14926
14931
14961
14927
14932
14962
14933
14963
14929
14934
14964
14930
14935
14965
14931
14936
14966
14932
14937
14967
14933
14938
14968
14939
14969
14935
14970
14936
14971
14937
14972
14938
14973
14939
14974
14975
14941
14946
14976
14942
14947
14977
14943
14948
14978
14944
14949
14979
14945
14950
14980
14951
14981
14947
14952
14982
14948
14953
14983
14949
14954
14984
14950
14955
14985
14951
14956
14986
14957
14987
14953
14958
14988
14954
14959
14989
14955
14960
14990
14956
14961
14991
14957
14962
14992
14963
14993
14959
14964
14994
14960
14965
14995
14961
14966
14996
14962
14967
14997
14963
14968
14998
14969
14999
14965
14970
15000
14966
14971
15001
14967
14972
15002
14968
14973
15003
14969
14974
15004
14975
15005
14971
15006
14972
15007
14973
15008
14974
15009
14975
15010
15011
14977
14982
15012
14978
14983
15013
14979
14984
15014
14980
14985
15015
14981
14986
15016
14987
15017
14983
14988
15018
14984
14989
15019
14985
14990
15020
14986
14991
15021
14987
14992
15022
14993
15023
14989
14994
15024
14990
14995
15025
14991
14996
15026
14992
14997
15027
14993
14998
15028
14999
15029
14995
15000
15030
14996
15001
15031
14997
15002
15032
14998
15003
15033
14999
15004
15034
15005
15035
15001
15006
15036
15002
15007
15037
15003
15008
15038
15004
15009
15039
15005
15010
15040
15011
15041
15007
15042
15008
15043
15009
15044
15010
15045
15011
15046
15047
15013
15018
15048
15014
15019
15049
15015
15020
15050
15016
15021
15051
15017
15022
15052
15023
15053
15019
15024
15054
15020
15025
15055
15021
15026
15056
15022
15027
15057
15023
15028
15058
15029
15059
15025
15030
15060
15026
15031
15061
15027
15032
15062
15028
15033
15063
15029
15034
15064
15035
15065
15031
15036
15066
15032
15037
15067
15033
15038
15068
15034
15039
15069
15035
15040
15070
15041
15071
15037
15042
15072
15038
15043
15073
15039
15044
15074
15040
15045
15075
15041
15046
15076
15047
15077
15043
15078
15044
15079
15045
15080
15046
15081
15047
15082
15083
15049
15054
15084
15050
15055
15085
15051
15056
15086
15052
15057
15087
15053
15058
15088
15059
15089
15055
15060
15090
15056
15061
15091
15057
15062
15092
15058
15063
15093
15059
15064
15094
15065
15095
15061
15066
15096
15062
15067
15097
15063
15068
15098
15064
15069
15099
15065
15070
15100
15071
15101
15067
15072
15102
15068
15073
15103
15069
15074
15104
15070
15075
15105
15071
15076
15106
15077
15107
15073
15078
15108
15074
15079
15109
15075
15080
15110
15076
15081
15111
15077
15082
15112
15083
15113
15079
15114
15080
15115
15081
15116
15082
15117
15083
15118
15119
15085
15090
15120
15086
15091
15121
15087
15092
15122
15088
15093
15123
15089
15094
15124
15095
15125
15091
15096
15126
15092
15097
15127
15093
15098
15128
15094
15099
15129
15095
15100
15130
15101
15131
15097
15102
15132
15098
15103
15133
15099
15104
15134
15100
15105
15135
15101
15106
15136
15107
15137
15103
15108
15138
15104
15109
15139
15105
15110
15140
15106
15111
15141
15107
15112
15142
15113
15143
15109
15114
15144
15110
15115
15145
15111
15116
15146
15112
15117
15147
15113
15118
15148
15119
15149
15115
15150
15116
15151
15117
15152
15118
15153
15119
15154
15155
15121
15126
15156
15122
15127
15157
15123
15128
15158
15124
15129
15159
15125
15130
15160
15131
15161
15127
15132
15162
15128
15133
15163
15129
15134
15164
15130
15135
15165
15131
15136
15166
15137
15167
15133
15138
15168
15134
15139
15169
15135
15140
15170
15136
15141
15171
15137
15142
15172
15143
15173
15139
15144
15174
15140
15145
15175
15141
15146
15176
15142
15147
15177
15143
15148
15178
15149
15179
15145
15150
15180
15146
15151
15181
15147
15152
15182
15148
15153
15183
15149
15154
15184
15155
15185
15151
15186
15152
15187
15153
15188
15154
15189
15155
15190
15191
15157
15162
15192
15158
15163
15193
15159
15164
15194
15160
15165
15195
15161
15166
15196
15167
15197
15163
15168
15198
15164
15169
15199
15165
15170
15200
15166
15171
15201
15167
15172
15202
15173
15203
15169
15174
15204
15170
15175
15205
15171
15176
15206
15172
15177
15207
15173
15178
15208
15179
15209
15175
15180
15210
15176
15181
15211
15177
15182
15212
15178
15183
15213
15179
15184
15214
15185
15215
15181
15186
15216
15182
15187
15217
15183
15188
15218
15184
15189
15219
15185
15190
15220
15191
15221
15187
15222
15188
15223
15189
15224
15190
15225
15191
15226
15227
15193
15198
15228
15194
15199
15229
15195
15200
15230
15196
15201
15231
15197
15202
15232
15203
15233
15199
15204
15234
15200
15205
15235
15201
15206
15236
15202
15207
15237
15203
15208
15238
15209
15239
15205
15210
15240
15206
15211
15241
15207
15212
15242
15208
15213
15243
15209
15214
15244
15215
15245
15211
15216
15246
15212
15217
15247
15213
15218
15248
15214
15219
15249
15215
15220
15250
15221
15251
15217
15222
15252
15218
15223
15253
15219
15224
15254
15220
15225
15255
15221
15226
15256
15227
15257
15223
15258
15224
15259
15225
15260
15226
15261
15227
15262
15263
15229
15234
15264
15230
15235
15265
15231
15236
15266
15232
15237
15267
15233
15238
15268
15239
15269
15235
15240
15270
15236
15241
15271
15237
15242
15272
15238
15243
15273
15239
15244
15274
15245
15275
15241
15246
15276
15242
15247
15277
15243
15248
15278
15244
15249
15279
15245
15250
15280
15251
15281
15247
15252
15282
15248
15253
15283
15249
15254
15284
15250
15255
15285
15251
15256
15286
15257
15287
15253
15258
15288
15254
15259
15289
15255
15260
15290
15256
15261
15291
15257
15262
15292
15263
15293
15259
15294
15260
15295
15261
15296
15262
15297
15263
15298
15299
15265
15270
15300
15266
15271
15301
15267
15272
15302
15268
15273
15303
15269
15274
15304
15275
15305
15271
15276
15306
15272
15277
15307
15273
15278
15308
15274
15279
15309
15275
15280
15310
15281
15311
15277
15282
15312
15278
15283
15313
15279
15284
15314
15280
15285
15315
15281
15286
15316
15287
15317
15283
15288
15318
15284
15289
15319
15285
15290
15320
15286
15291
15321
15287
15292
15322
15293
15323
15289
15294
15324
15290
15295
15325
15291
15296
15326
15292
15297
15327
15293
15298
15328
15299
15329
15295
15330
15296
15331
15297
15332
15298
15333
15299
15334
15335
15301
15306
15336
15302
15307
15337
15303
15308
15338
15304
15309
15339
15305
15310
15340
15311
15341
15307
15312
15342
15308
15313
15343
15309
15314
15344
15310
15315
15345
15311
15316
15346
15317
15347
15313
15318
15348
15314
15319
15349
15315
15320
15350
15316
15321
15351
15317
15322
15352
15323
15353
15319
15324
15354
15320
15325
15355
15321
15326
15356
15322
15327
15357
15323
15328
15358
15329
15359
15325
15330
15360
15326
15331
15361
15327
15332
15362
15328
15333
15363
15329
15334
15364
15335
15365
15331
15366
15332
15367
15333
15368
15334
15369
15335
15370
15371
15337
15342
15372
15338
15343
15373
15339
15344
15374
15340
15345
15375
15341
15346
15376
15347
15377
15343
15348
15378
15344
15349
15379
15345
15350
15380
15346
15351
15381
15347
15352
15382
15353
15383
15349
15354
15384
15350
15355
15385
15351
15356
15386
15352
15357
15387
15353
15358
15388
15359
15389
15355
15360
15390
15356
15361
15391
15357
15362
15392
15358
15363
15393
15359
15364
15394
15365
15395
15361
15366
15396
15362
15367
15397
15363
15368
15398
15364
15369
15399
15365
15370
15400
15371
15401
15367
15402
15368
15403
15369
15404
15370
15405
15371
15406
15407
15373
15378
15408
15374
15379
15409
15375
15380
15410
15376
15381
15411
15377
15382
15412
15383
15413
15379
15384
15414
15380
15385
15415
15381
15386
15416
15382
15387
15417
15383
15388
15418
15389
15419
15385
15390
15420
15386
15391
15421
15387
15392
15422
15388
15393
15423
15389
15394
15424
15395
15425
15391
15396
15426
15392
15397
15427
15393
15398
15428
15394
15399
15429
15395
15400
15430
15401
15431
15397
15402
15432
15398
15403
15433
15399
15404
15434
15400
15405
15435
15401
15406
15436
15407
15437
15403
15438
15404
15439
15405
15440
15406
15441
15407
15442
15443
15409
15414
15444
15410
15415
15445
15411
15416
15446
15412
15417
15447
15413
15418
15448
15419
15449
15415
15420
15450
15416
15421
15451
15417
15422
15452
15418
15423
15453
15419
15424
15454
15425
15455
15421
15426
15456
15422
15427
15457
15423
15428
15458
15424
15429
15459
15425
15430
15460
15431
15461
15427
15432
15462
15428
15433
15463
15429
15434
15464
15430
15435
15465
15431
15436
15466
15437
15467
15433
15438
15468
15434
15439
15469
15435
15440
15470
15436
15441
15471
15437
15442
15472
15443
15473
15439
15474
15440
15475
15441
15476
15442
15477
15443
15478
15479
15445
15450
15480
15446
15451
15481
15447
15452
15482
15448
15453
15483
15449
15454
15484
15455
15485
15451
15456
15486
15452
15457
15487
15453
15458
15488
15454
15459
15489
15455
15460
15490
15461
15491
15457
15462
15492
15458
15463
15493
15459
15464
15494
15460
15465
15495
15461
15466
15496
15467
15497
15463
15468
15498
15464
15469
15499
15465
15470
15500
15466
15471
15501
15467
15472
15502
15473
15503
15469
15474
15504
15470
15475
15505
15471
15476
15506
15472
15477
15507
15473
15478
15508
15479
15509
15475
15510
15476
15511
15477
15512
15478
15513
15479
15514
15515
15481
15486
15516
15482
15487
15517
15483
15488
15518
15484
15489
15519
15485
15490
15520
15491
15521
15487
15492
15522
15488
15493
15523
15489
15494
15524
15490
15495
15525
15491
15496
15526
15497
15527
15493
15498
15528
15494
15499
15529
15495
15500
15530
15496
15501
15531
15497
15502
15532
15503
15533
15499
15504
15534
15500
15505
15535
15501
15506
15536
15502
15507
15537
15503
15508
15538
15509
15539
15505
15510
15540
15506
15511
15541
15507
15512
15542
15508
15513
15543
15509
15514
15544
15515
15545
15511
15546
15512
15547
15513
15548
15514
15549
15515
15550
15551
15517
15522
15552
15518
15523
15553
15519
15524
15554
15520
15525
15555
15521
15526
15556
15527
15557
15523
15528
15558
15524
15529
15559
15525
15530
15560
15526
15531
15561
15527
15532
15562
15533
15563
15529
15534
15564
15530
15535
15565
15531
15536
15566
15532
15537
15567
15533
15538
15568
15539
15569
15535
15540
15570
15536
15541
15571
15537
15542
15572
15538
15543
15573
15539
15544
15574
15545
15575
15541
15546
15576
15542
15547
15577
15543
15548
15578
15544
15549
15579
15545
15550
15580
15551
15581
15547
15582
15548
15583
15549
15584
15550
15585
15551
15586
15587
15553
15558
15588
15554
15559
15589
15555
15560
15590
15556
15561
15591
15557
15562
15592
15563
15593
15559
15564
15594
15560
15565
15595
15561
15566
15596
15562
15567
15597
15563
15568
15598
15569
15599
15565
15570
15600
15566
15571
15601
15567
15572
15602
15568
15573
15603
15569
15574
15604
15575
15605
15571
15576
15606
15572
15577
15607
15573
15578
15608
15574
15579
15609
15575
15580
15610
15581
15611
15577
15582
15612
15578
15583
15613
15579
15584
15614
15580
15585
15615
15581
15586
15616
15587
15617
15583
15618
15584
15619
15585
15620
15586
15621
15587
15622
15623
15589
15594
15624
15590
15595
15625
15591
15596
15626
15592
15597
15627
15593
15598
15628
15599
15629
15595
15600
15630
15596
15601
15631
15597
15602
15632
15598
15603
15633
15599
15604
15634
15605
15635
15601
15606
15636
15602
15607
15637
15603
15608
15638
15604
15609
15639
15605
15610
15640
15611
15641
15607
15612
15642
15608
15613
15643
15609
15614
15644
15610
15615
15645
15611
15616
15646
15617
15647
15613
15618
15648
15614
15619
15649
15615
15620
15650
15616
15621
15651
15617
15622
15652
15623
15653
15619
15654
15620
15655
15621
15656
15622
15657
15623
15658
15659
15625
15630
15660
15626
15631
15661
15627
15632
15662
15628
15633
15663
15629
15634
15664
15635
15665
15631
15636
15666
15632
15637
15667
15633
15638
15668
15634
15639
15669
15635
15640
15670
15641
15671
15637
15642
15672
15638
15643
15673
15639
15644
15674
15640
15645
15675
15641
15646
15676
15647
15677
15643
15648
15678
15644
15649
15679
15645
15650
15680
15646
15651
15681
15647
15652
15682
15653
15683
15649
15654
15684
15650
15655
15685
15651
15656
15686
15652
15657
15687
15653
15658
15688
15659
15689
15655
15690
15656
15691
15657
15692
15658
15693
15659
15694
15695
15661
15666
15696
15662
15667
15697
15663
15668
15698
15664
15669
15699
15665
15670
15700
15671
15701
15667
15672
15702
15668
15673
15703
15669
15674
15704
15670
15675
15705
15671
15676
15706
15677
15707
15673
15678
15708
15674
15679
15709
15675
15680
15710
15676
15681
15711
15677
15682
15712
15683
15713
15679
15684
15714
15680
15685
15715
15681
15686
15716
15682
15687
15717
15683
15688
15718
15689
15719
15685
15690
15720
15686
15691
15721
15687
15692
15722
15688
15693
15723
15689
15694
15724
15695
15725
15691
15726
15692
15727
15693
15728
15694
15729
15695
15730
15731
15697
15702
15732
15698
15703
15733
15699
15704
15734
15700
15705
15735
15701
15706
15736
15707
15737
15703
15708
15738
15704
15709
15739
15705
15710
15740
15706
15711
15741
15707
15712
15742
15713
15743
15709
15714
15744
15710
15715
15745
15711
15716
15746
15712
15717
15747
15713
15718
15748
15719
15749
15715
15720
15750
15716
15721
15751
15717
15722
15752
15718
15723
15753
15719
15724
15754
15725
15755
15721
15726
15756
15722
15727
15757
15723
15728
15758
15724
15729
15759
15725
15730
15760
15731
15761
15727
15762
15728
15763
15729
15764
15730
15765
15731
15766
15767
15733
15738
15768
15734
15739
15769
15735
15740
15770
15736
15741
15771
15737
15742
15772
15743
15773
15739
15744
15774
15740
15745
15775
15741
15746
15776
15742
15747
15777
15743
15748
15778
15749
15779
15745
15750
15780
15746
15751
15781
15747
15752
15782
15748
15753
15783
15749
15754
15784
15755
15785
15751
15756
15786
15752
15757
15787
15753
15758
15788
15754
15759
15789
15755
15760
15790
15761
15791
15757
15762
15792
15758
15763
15793
15759
15764
15794
15760
15765
15795
15761
15766
15796
15767
15797
15763
15798
15764
15799
15765
15800
15766
15801
15767
15802
15803
15769
15774
15804
15770
15775
15805
15771
15776
15806
15772
15777
15807
15773
15778
15808
15779
15809
15775
15780
15810
15776
15781
15811
15777
15782
15812
15778
15783
15813
15779
15784
15814
15785
15815
15781
15786
15816
15782
15787
15817
15783
15788
15818
15784
15789
15819
15785
15790
15820
15791
15821
15787
15792
15822
15788
15793
15823
15789
15794
15824
15790
15795
15825
15791
15796
15826
15797
15827
15793
15798
15828
15794
15799
15829
15795
15800
15830
15796
15801
15831
15797
15802
15832
15803
15833
15799
15834
15800
15835
15801
15836
15802
15837
15803
15838
15839
15805
15810
15840
15806
15811
15841
15807
15812
15842
15808
15813
15843
15809
15814
15844
15815
15845
15811
15816
15846
15812
15817
15847
15813
15818
15848
15814
15819
15849
15815
15820
15850
15821
15851
15817
15822
15852
15818
15823
15853
15819
15824
15854
15820
15825
15855
15821
15826
15856
15827
15857
15823
15828
15858
15824
15829
15859
15825
15830
15860
15826
15831
15861
15827
15832
15862
15833
15863
15829
15834
15864
15830
15835
15865
15831
15836
15866
15832
15837
15867
15833
15838
15868
15839
15869
15835
15870
15836
15871
15837
15872
15838
15873
15839
15874
15875
15841
15846
15876
15842
15847
15877
15843
15848
15878
15844
15849
15879
15845
15850
15880
15851
15881
15847
15852
15882
15848
15853
15883
15849
15854
15884
15850
15855
15885
15851
15856
15886
15857
15887
15853
15858
15888
15854
15859
15889
15855
15860
15890
15856
15861
15891
15857
15862
15892
15863
15893
15859
15864
15894
15860
15865
15895
15861
15866
15896
15862
15867
15897
15863
15868
15898
15869
15899
15865
15870
15900
15866
15871
15901
15867
15872
15902
15868
15873
15903
15869
15874
15904
15875
15905
15871
15906
15872
15907
15873
15908
15874
15909
15875
15910
15911
15877
15882
15912
15878
15883
15913
15879
15884
15914
15880
15885
15915
15881
15886
15916
15887
15917
15883
15888
15918
15884
15889
15919
15885
15890
15920
15886
15891
15921
15887
15892
15922
15893
15923
15889
15894
15924
15890
15895
15925
15891
15896
15926
15892
15897
15927
15893
15898
15928
15899
15929
15895
15900
15930
15896
15901
15931
15897
15902
15932
15898
15903
15933
15899
15904
15934
15905
15935
15901
15906
15936
15902
15907
15937
15903
15908
15938
15904
15909
15939
15905
15910
15940
15911
15941
15907
15942
15908
15943
15909
15944
15910
15945
15911
15946
15947
15913
15918
15948
15914
15919
15949
15915
15920
15950
15916
15921
15951
15917
15922
15952
15923
15953
15919
15924
15954
15920
15925
15955
15921
15926
15956
15922
15927
15957
15923
15928
15958
15929
15959
15925
15930
15960
15926
15931
15961
15927
15932
15962
15928
15933
15963
15929
15934
15964
15935
15965
15931
15936
15966
15932
15937
15967
15933
15938
15968
15934
15939
15969
15935
15940
15970
15941
15971
15937
15942
15972
15938
15943
15973
15939
15944
15974
15940
15945
15975
15941
15946
15976
15947
15977
15943
15978
15944
15979
15945
15980
15946
15981
15947
15982
15983
15949
15954
15984
15950
15955
15985
15951
15956
15986
15952
15957
15987
15953
15958
15988
15959
15989
15955
15960
15990
15956
15961
15991
15957
15962
15992
15958
15963
15993
15959
15964
15994
15965
15995
15961
15966
15996
15962
15967
15997
15963
15968
15998
15964
15969
15999
15965
15970
16000
15971
16001
15967
15972
16002
15968
15973
16003
15969
15974
16004
15970
15975
16005
15971
15976
16006
15977
16007
15973
15978
16008
15974
15979
16009
15975
15980
16010
15976
15981
16011
15977
15982
16012
15983
16013
15979
16014
15980
16015
15981
16016
15982
16017
15983
16018
16019
15985
15990
16020
15986
15991
16021
15987
15992
16022
15988
15993
16023
15989
15994
16024
15995
16025
15991
15996
16026
15992
15997
16027
15993
15998
16028
15994
15999
16029
15995
16000
16030
16001
16031
15997
16002
16032
15998
16003
16033
15999
16004
16034
16000
16005
16035
16001
16006
16036
16007
16037
16003
16008
16038
16004
16009
16039
16005
16010
16040
16006
16011
16041
16007
16012
16042
16013
16043
16009
16014
16044
16010
16015
16045
16011
16016
16046
16012
16017
16047
16013
16018
16048
16019
16049
16015
16050
16016
16051
16017
16052
16018
16053
16019
16054
16055
16021
16026
16056
16022
16027
16057
16023
16028
16058
16024
16029
16059
16025
16030
16060
16031
16061
16027
16032
16062
16028
16033
16063
16029
16034
16064
16030
16035
16065
16031
16036
16066
16037
16067
16033
16038
16068
16034
16039
16069
16035
16040
16070
16036
16041
16071
16037
16042
16072
16043
16073
16039
16044
16074
16040
16045
16075
16041
16046
16076
16042
16047
16077
16043
16048
16078
16049
16079
16045
16050
16080
16046
16051
16081
16047
16052
16082
16048
16053
16083
16049
16054
16084
16055
16085
16051
16086
16052
16087
16053
16088
16054
16089
16055
16090
16091
16057
16062
16092
16058
16063
16093
16059
16064
16094
16060
16065
16095
16061
16066
16096
16067
16097
16063
16068
16098
16064
16069
16099
16065
16070
16100
16066
16071
16101
16067
16072
16102
16073
16103
16069
16074
16104
16070
16075
16105
16071
16076
16106
16072
16077
16107
16073
16078
16108
16079
16109
16075
16080
16110
16076
16081
16111
16077
16082
16112
16078
16083
16113
16079
16084
16114
16085
16115
16081
16086
16116
16082
16087
16117
16083
16088
16118
16084
16089
16119
16085
16090
16120
16091
16121
16087
16122
16088
16123
16089
16124
16090
16125
16091
16126
16127
16093
16098
16128
16094
16099
16129
16095
16100
16130
16096
16101
16131
16097
16102
16132
16103
16133
16099
16104
16134
16100
16105
16135
16101
16106
16136
16102
16107
16137
16103
16108
16138
16109
16139
16105
16110
16140
16106
16111
16141
16107
16112
16142
16108
16113
16143
16109
16114
16144
16115
16145
16111
16116
16146
16112
16117
16147
16113
16118
16148
16114
16119
16149
16115
16120
16150
16121
16151
16117
16122
16152
16118
16123
16153
16119
16124
16154
16120
16125
16155
16121
16126
16156
16127
16157
16123
16158
16124
16159
16125
16160
16126
16161
16127
16162
16163
16129
16134
16164
16130
16135
16165
16131
16136
16166
16132
16137
16167
16133
16138
16168
16139
16169
16135
16140
16170
16136
16141
16171
16137
16142
16172
16138
16143
16173
16139
16144
16174
16145
16175
16141
16146
16176
16142
16147
16177
16143
16148
16178
16144
16149
16179
16145
16150
16180
16151
16181
16147
16152
16182
16148
16153
16183
16149
16154
16184
16150
16155
16185
16151
16156
16186
16157
16187
16153
16158
16188
16154
16159
16189
16155
16160
16190
16156
16161
16191
16157
16162
16192
16163
16193
16159
16194
16160
16195
16161
16196
16162
16197
16163
16198
16199
16165
16170
16200
16166
16171
16201
16167
16172
16202
16168
16173
16203
16169
16174
16204
16175
16205
16171
16176
16206
16172
16177
16207
16173
16178
16208
16174
16179
16209
16175
16180
16210
16181
16211
16177
16182
16212
16178
16183
16213
16179
16184
16214
16180
16185
16215
16181
16186
16216
16187
16217
16183
16188
16218
16184
16189
16219
16185
16190
16220
16186
16191
16221
16187
16192
16222
16193
16223
16189
16194
16224
16190
16195
16225
16191
16196
16226
16192
16197
16227
16193
16198
16228
16199
16229
16195
16230
16196
16231
16197
16232
16198
16233
16199
16234
16235
16201
16206
16236
16202
16207
16237
16203
16208
16238
16204
16209
16239
16205
16210
16240
16211
16241
16207
16212
16242
16208
16213
16243
16209
16214
16244
16210
16215
16245
16211
16216
16246
16217
16247
16213
16218
16248
16214
16219
16249
16215
16220
16250
16216
16221
16251
16217
16222
16252
16223
16253
16219
16224
16254
16220
16225
16255
16221
16226
16256
16222
16227
16257
16223
16228
16258
16229
16259
16225
16230
16260
16226
16231
16261
16227
16232
16262
16228
16233
16263
16229
16234
16264
16235
16265
16231
16266
16232
16267
16233
16268
16234
16269
16235
16270
16271
16237
16242
16272
16238
16243
16273
16239
16244
16274
16240
16245
16275
16241
16246
16276
16247
16277
16243
16248
16278
16244
16249
16279
16245
16250
16280
16246
16251
16281
16247
16252
16282
16253
16283
16249
16254
16284
16250
16255
16285
16251
16256
16286
16252
16257
16287
16253
16258
16288
16259
16289
16255
16260
16290
16256
16261
16291
16257
16262
16292
16258
16263
16293
16259
16264
16294
16265
16295
16261
16266
16296
16262
16267
16297
16263
16268
16298
16264
16269
16299
16265
16270
16300
16271
16301
16267
16302
16268
16303
16269
16304
16270
16305
16271
16306
16307
16273
16278
16308
16274
16279
16309
16275
16280
16310
16276
16281
16311
16277
16282
16312
16283
16313
16279
16284
16314
16280
16285
16315
16281
16286
16316
16282
16287
16317
16283
16288
16318
16289
16319
16285
16290
16320
16286
16291
16321
16287
16292
16322
16288
16293
16323
16289
16294
16324
16295
16325
16291
16296
16326
16292
16297
16327
16293
16298
16328
16294
16299
16329
16295
16300
16330
16301
16331
16297
16302
16332
16298
16303
16333
16299
16304
16334
16300
16305
16335
16301
16306
16336
16307
16337
16303
16338
16304
16339
16305
16340
16306
16341
16307
16342
16343
16309
16314
16344
16310
16315
16345
16311
16316
16346
16312
16317
16347
16313
16318
16348
16319
16349
16315
16320
16350
16316
16321
16351
16317
16322
16352
16318
16323
16353
16319
16324
16354
16325
16355
16321
16326
16356
16322
16327
16357
16323
16328
16358
16324
16329
16359
16325
16330
16360
16331
16361
16327
16332
16362
16328
16333
16363
16329
16334
16364
16330
16335
16365
16331
16336
16366
16337
16367
16333
16338
16368
16334
16339
16369
16335
16340
16370
16336
16341
16371
16337
16342
16372
16343
16373
16339
16374
16340
16375
16341
16376
16342
16377
16343
16378
16379
16345
16350
16380
16346
16351
16381
16347
16352
16382
16348
16353
16383
16349
16354
16384
16355
16385
16351
16356
16386
16352
16357
16387
16353
16358
16388
16354
16359
16389
16355
16360
16390
16361
16391
16357
16362
16392
16358
16363
16393
16359
16364
16394
16360
16365
16395
16361
16366
16396
16367
16397
16363
16368
16398
16364
16369
16399
16365
16370
16400
16366
16371
16401
16367
16372
16402
16373
16403
16369
16374
16404
16370
16375
16405
16371
16376
16406
16372
16377
16407
16373
16378
16408
16379
16409
16375
16410
16376
16411
16377
16412
16378
16413
16379
16414
16415
16381
16386
16416
16382
16387
16417
16383
16388
16418
16384
16389
16419
16385
16390
16420
16391
16421
16387
16392
16422
16388
16393
16423
16389
16394
16424
16390
16395
16425
16391
16396
16426
16397
16427
16393
16398
16428
16394
16399
16429
16395
16400
16430
16396
16401
16431
16397
16402
16432
16403
16433
16399
16404
16434
16400
16405
16435
16401
16406
16436
16402
16407
16437
16403
16408
16438
16409
16439
16405
16410
16440
16406
16411
16441
16407
16412
16442
16408
16413
16443
16409
16414
16444
16415
16445
16411
16446
16412
16447
16413
16448
16414
16449
16415
16450
16451
16417
16422
16452
16418
16423
16453
16419
16424
16454
16420
16425
16455
16421
16426
16456
16427
16457
16423
16428
16458
16424
16429
16459
16425
16430
16460
16426
16431
16461
16427
16432
16462
16433
16463
16429
16434
16464
16430
16435
16465
16431
16436
16466
16432
16437
16467
16433
16438
16468
16439
16469
16435
16440
16470
16436
16441
16471
16437
16442
16472
16438
16443
16473
16439
16444
16474
16445
16475
16441
16446
16476
16442
16447
16477
16443
16448
16478
16444
16449
16479
16445
16450
16480
16451
16481
16447
16482
16448
16483
16449
16484
16450
16485
16451
16486
16487
16453
16458
16488
16454
16459
16489
16455
16460
16490
16456
16461
16491
16457
16462
16492
16463
16493
16459
16464
16494
16460
16465
16495
16461
16466
16496
16462
16467
16497
16463
16468
16498
16469
16499
16465
16470
16500
16466
16471
16501
16467
16472
16502
16468
16473
16503
16469
16474
16504
16475
16505
16471
16476
16506
16472
16477
16507
16473
16478
16508
16474
16479
16509
16475
16480
16510
16481
16511
16477
16482
16512
16478
16483
16513
16479
16484
16514
16480
16485
16515
16481
16486
16516
16487
16517
16483
16518
16484
16519
16485
16520
16486
16521
16487
16522
16523
16489
16494
16524
16490
16495
16525
16491
16496
16526
16492
16497
16527
16493
16498
16528
16499
16529
16495
16500
16530
16496
16501
16531
16497
16502
16532
16498
16503
16533
16499
16504
16534
16505
16535
16501
16506
16536
16502
16507
16537
16503
16508
16538
16504
16509
16539
16505
16510
16540
16511
16541
16507
16512
16542
16508
16513
16543
16509
16514
16544
16510
16515
16545
16511
16516
16546
16517
16547
16513
16518
16548
16514
16519
16549
16515
16520
16550
16516
16521
16551
16517
16522
16552
16523
16553
16519
16554
16520
16555
16521
16556
16522
16557
16523
16558
16559
16525
16530
16560
16526
16531
16561
16527
16532
16562
16528
16533
16563
16529
16534
16564
16535
16565
16531
16536
16566
16532
16537
16567
16533
16538
16568
16534
16539
16569
16535
16540
16570
16541
16571
16537
16542
16572
16538
16543
16573
16539
16544
16574
16540
16545
16575
16541
16546
16576
16547
16577
16543
16548
16578
16544
16549
16579
16545
16550
16580
16546
16551
16581
16547
16552
16582
16553
16583
16549
16554
16584
16550
16555
16585
16551
16556
16586
16552
16557
16587
16553
16558
16588
16559
16589
16555
16590
16556
16591
16557
16592
16558
16593
16559
16594
16595
16561
16566
16596
16562
16567
16597
16563
16568
16598
16564
16569
16599
16565
16570
16600
16571
16601
16567
16572
16602
16568
16573
16603
16569
16574
16604
16570
16575
16605
16571
16576
16606
16577
16607
16573
16578
16608
16574
16579
16609
16575
16580
16610
16576
16581
16611
16577
16582
16612
16583
16613
16579
16584
16614
16580
16585
16615
16581
16586
16616
16582
16587
16617
16583
16588
16618
16589
16619
16585
16590
16620
16586
16591
16621
16587
16592
16622
16588
16593
16623
16589
16594
16624
16595
16625
16591
16626
16592
16627
16593
16628
16594
16629
16595
16630
16631
16597
16602
16632
16598
16603
16633
16599
16604
16634
16600
16605
16635
16601
16606
16636
16607
16637
16603
16608
16638
16604
16609
16639
16605
16610
16640
16606
16611
16641
16607
16612
16642
16613
16643
16609
16614
16644
16610
16615
16645
16611
16616
16646
16612
16617
16647
16613
16618
16648
16619
16649
16615
16620
16650
16616
16621
16651
16617
16622
16652
16618
16623
16653
16619
16624
16654
16625
16655
16621
16626
16656
16622
16627
16657
16623
16628
16658
16624
16629
16659
16625
16630
16660
16631
16661
16627
16662
16628
16663
16629
16664
16630
16665
16631
16666
16667
16633
16638
16668
16634
16639
16669
16635
16640
16670
16636
16641
16671
16637
16642
16672
16643
16673
16639
16644
16674
16640
16645
16675
16641
16646
16676
16642
16647
16677
16643
16648
16678
16649
16679
16645
16650
16680
16646
16651
16681
16647
16652
16682
16648
16653
16683
16649
16654
16684
16655
16685
16651
16656
16686
16652
16657
16687
16653
16658
16688
16654
16659
16689
16655
16660
16690
16661
16691
16657
16662
16692
16658
16663
16693
16659
16664
16694
16660
16665
16695
16661
16666
16696
16667
16697
16663
16698
16664
16699
16665
16700
16666
16701
16667
16702
16703
16669
16674
16704
16670
16675
16705
16671
16676
16706
16672
16677
16707
16673
16678
16708
16679
16709
16675
16680
16710
16676
16681
16711
16677
16682
16712
16678
16683
16713
16679
16684
16714
16685
16715
16681
16686
16716
16682
16687
16717
16683
16688
16718
16684
16689
16719
16685
16690
16720
16691
16721
16687
16692
16722
16688
16693
16723
16689
16694
16724
16690
16695
16725
16691
16696
16726
16697
16727
16693
16698
16728
16694
16699
16729
16695
16700
16730
16696
16701
16731
16697
16702
16732
16703
16733
16699
16734
16700
16735
16701
16736
16702
16737
16703
16738
16739
16705
16710
16740
16706
16711
16741
16707
16712
16742
16708
16713
16743
16709
16714
16744
16715
16745
16711
16716
16746
16712
16717
16747
16713
16718
16748
16714
16719
16749
16715
16720
16750
16721
16751
16717
16722
16752
16718
16723
16753
16719
16724
16754
16720
16725
16755
16721
16726
16756
16727
16757
16723
16728
16758
16724
16729
16759
16725
16730
16760
16726
16731
16761
16727
16732
16762
16733
16763
16729
16734
16764
16730
16735
16765
16731
16736
16766
16732
16737
16767
16733
16738
16768
16739
16769
16735
16770
16736
16771
16737
16772
16738
16773
16739
16774
16775
16741
16746
16776
16742
16747
16777
16743
16748
16778
16744
16749
16779
16745
16750
16780
16751
16781
16747
16752
16782
16748
16753
16783
16749
16754
16784
16750
16755
16785
16751
16756
16786
16757
16787
16753
16758
16788
16754
16759
16789
16755
16760
16790
16756
16761
16791
16757
16762
16792
16763
16793
16759
16764
16794
16760
16765
16795
16761
16766
16796
16762
16767
16797
16763
16768
16798
16769
16799
16765
16770
16800
16766
16771
16801
16767
16772
16802
16768
16773
16803
16769
16774
16804
16775
16805
16771
16806
16772
16807
16773
16808
16774
16809
16775
16810
16811
16777
16782
16812
16778
16783
16813
16779
16784
16814
16780
16785
16815
16781
16786
16816
16787
16817
16783
16788
16818
16784
16789
16819
16785
16790
16820
16786
16791
16821
16787
16792
16822
16793
16823
16789
16794
16824
16790
16795
16825
16791
16796
16826
16792
16797
16827
16793
16798
16828
16799
16829
16795
16800
16830
16796
16801
16831
16797
16802
16832
16798
16803
16833
16799
16804
16834
16805
16835
16801
16806
16836
16802
16807
16837
16803
16808
16838
16804
16809
16839
16805
16810
16840
16811
16841
16807
16842
16808
16843
16809
16844
16810
16845
16811
16846
16847
16813
16818
16848
16814
16819
16849
16815
16820
16850
16816
16821
16851
16817
16822
16852
16823
16853
16819
16824
16854
16820
16825
16855
16821
16826
16856
16822
16827
16857
16823
16828
16858
16829
16859
16825
16830
16860
16826
16831
16861
16827
16832
16862
16828
16833
16863
16829
16834
16864
16835
16865
16831
16836
16866
16832
16837
16867
16833
16838
16868
16834
16839
16869
16835
16840
16870
16841
16871
16837
16842
16872
16838
16843
16873
16839
16844
16874
16840
16845
16875
16841
16846
16876
16847
16877
16843
16878
16844
16879
16845
16880
16846
16881
16847
16882
16883
16849
16854
16884
16850
16855
16885
16851
16856
16886
16852
16857
16887
16853
16858
16888
16859
16889
16855
16860
16890
16856
16861
16891
16857
16862
16892
16858
16863
16893
16859
16864
16894
16865
16895
16861
16866
16896
16862
16867
16897
16863
16868
16898
16864
16869
16899
16865
16870
16900
16871
16901
16867
16872
16902
16868
16873
16903
16869
16874
16904
16870
16875
16905
16871
16876
16906
16877
16907
16873
16878
16908
16874
16879
16909
16875
16880
16910
16876
16881
16911
16877
16882
16912
16883
16913
16879
16914
16880
16915
16881
16916
16882
16917
16883
16918
16919
16885
16890
16920
16886
16891
16921
16887
16892
16922
16888
16893
16923
16889
16894
16924
16895
16925
16891
16896
16926
16892
16897
16927
16893
16898
16928
16894
16899
16929
16895
16900
16930
16901
16931
16897
16902
16932
16898
16903
16933
16899
16904
16934
16900
16905
16935
16901
16906
16936
16907
16937
16903
16908
16938
16904
16909
16939
16905
16910
16940
16906
16911
16941
16907
16912
16942
16913
16943
16909
16914
16944
16910
16915
16945
16911
16916
16946
16912
16917
16947
16913
16918
16948
16919
16949
16915
16950
16916
16951
16917
16952
16918
16953
16919
16954
16955
16921
16926
16956
16922
16927
16957
16923
16928
16958
16924
16929
16959
16925
16930
16960
16931
16961
16927
16932
16962
16928
16933
16963
16929
16934
16964
16930
16935
16965
16931
16936
16966
16937
16967
16933
16938
16968
16934
16939
16969
16935
16940
16970
16936
16941
16971
16937
16942
16972
16943
16973
16939
16944
16974
16940
16945
16975
16941
16946
16976
16942
16947
16977
16943
16948
16978
16949
16979
16945
16950
16980
16946
16951
16981
16947
16952
16982
16948
16953
16983
16949
16954
16984
16955
16985
16951
16986
16952
16987
16953
16988
16954
16989
16955
16990
16991
16957
16962
16992
16958
16963
16993
16959
16964
16994
16960
16965
16995
16961
16966
16996
16967
16997
16963
16968
16998
16964
16969
16999
16965
16970
17000
16966
16971
17001
16967
16972
17002
16973
17003
16969
16974
17004
16970
16975
17005
16971
16976
17006
16972
16977
17007
16973
16978
17008
16979
17009
16975
16980
17010
16976
16981
17011
16977
16982
17012
16978
16983
17013
16979
16984
17014
16985
17015
16981
16986
17016
16982
16987
17017
16983
16988
17018
16984
16989
17019
16985
16990
17020
16991
17021
16987
17022
16988
17023
16989
17024
16990
17025
16991
17026
17027
16993
16998
17028
16994
16999
17029
16995
17000
17030
16996
17001
17031
16997
17002
17032
17003
17033
16999
17004
17034
17000
17005
17035
17001
17006
17036
17002
17007
17037
17003
17008
17038
17009
17039
17005
17010
17040
17006
17011
17041
17007
17012
17042
17008
17013
17043
17009
17014
17044
17015
17045
17011
17016
17046
17012
17017
17047
17013
17018
17048
17014
17019
17049
17015
17020
17050
17021
17051
17017
17022
17052
17018
17023
17053
17019
17024
17054
17020
17025
17055
17021
17026
17056
17027
17057
17023
17058
17024
17059
17025
17060
17026
17061
17027
17062
17063
17029
17034
17064
17030
17035
17065
17031
17036
17066
17032
17037
17067
17033
17038
17068
17039
17069
17035
17040
17070
17036
17041
17071
17037
17042
17072
17038
17043
17073
17039
17044
17074
17045
17075
17041
17046
17076
17042
17047
17077
17043
17048
17078
17044
17049
17079
17045
17050
17080
17051
17081
17047
17052
17082
17048
17053
17083
17049
17054
17084
17050
17055
17085
17051
17056
17086
17057
17087
17053
17058
17088
17054
17059
17089
17055
17060
17090
17056
17061
17091
17057
17062
17092
17063
17093
17059
17094
17060
17095
17061
17096
17062
17097
17063
17098
17099
17065
17070
17100
17066
17071
17101
17067
17072
17102
17068
17073
17103
17069
17074
17104
17075
17105
17071
17076
17106
17072
17077
17107
17073
17078
17108
17074
17079
17109
17075
17080
17110
17081
17111
17077
17082
17112
17078
17083
17113
17079
17084
17114
17080
17085
17115
17081
17086
17116
17087
17117
17083
17088
17118
17084
17089
17119
17085
17090
17120
17086
17091
17121
17087
17092
17122
17093
17123
17089
17094
17124
17090
17095
17125
17091
17096
17126
17092
17097
17127
17093
17098
17128
17099
17129
17095
17130
17096
17131
17097
17132
17098
17133
17099
17134
17135
17101
17106
17136
17102
17107
17137
17103
17108
17138
17104
17109
17139
17105
17110
17140
17111
17141
17107
17112
17142
17108
17113
17143
17109
17114
17144
17110
17115
17145
17111
17116
17146
17117
17147
17113
17118
17148
17114
17119
17149
17115
17120
17150
17116
17121
17151
17117
17122
17152
17123
17153
17119
17124
17154
17120
17125
17155
17121
17126
17156
17122
17127
17157
17123
17128
17158
17129
17159
17125
17130
17160
17126
17131
17161
17127
17132
17162
17128
17133
17163
17129
17134
17164
17135
17165
17131
17166
17132
17167
17133
17168
17134
17169
17135
17170
17171
17137
17142
17172
17138
17143
17173
17139
17144
17174
17140
17145
17175
17141
17146
17176
17147
17177
17143
17148
17178
17144
17149
17179
17145
17150
17180
17146
17151
17181
17147
17152
17182
17153
17183
17149
17154
17184
17150
17155
17185
17151
17156
17186
17152
17157
17187
17153
17158
17188
17159
17189
17155
17160
17190
17156
17161
17191
17157
17162
17192
17158
17163
17193
17159
17164
17194
17165
17195
17161
17166
17196
17162
17167
17197
17163
17168
17198
17164
17169
17199
17165
17170
17200
17171
17201
17167
17202
17168
17203
17169
17204
17170
17205
17171
17206
17207
17173
17178
17208
17174
17179
17209
17175
17180
17210
17176
17181
17211
17177
17182
17212
17183
17213
17179
17184
17214
17180
17185
17215
17181
17186
17216
17182
17187
17217
17183
17188
17218
17189
17219
17185
17190
17220
17186
17191
17221
17187
17192
17222
17188
17193
17223
17189
17194
17224
17195
17225
17191
17196
17226
17192
17197
17227
17193
17198
17228
17194
17199
17229
17195
17200
17230
17201
17231
17197
17202
17232
17198
17203
17233
17199
17204
17234
17200
17205
17235
17201
17206
17236
17207
17237
17203
17238
17204
17239
17205
17240
17206
17241
17207
17242
17243
17209
17214
17244
17210
17215
17245
17211
17216
17246
17212
17217
17247
17213
17218
17248
17219
17249
17215
17220
17250
17216
17221
17251
17217
17222
17252
17218
17223
17253
17219
17224
17254
17225
17255
17221
17226
17256
17222
17227
17257
17223
17228
17258
17224
17229
17259
17225
17230
17260
17231
17261
17227
17232
17262
17228
17233
17263
17229
17234
17264
17230
17235
17265
17231
17236
17266
17237
17267
17233
17238
17268
17234
17239
17269
17235
17240
17270
17236
17241
17271
17237
17242
17272
17243
17273
17239
17274
17240
17275
17241
17276
17242
17277
17243
17278
17279
17245
17250
17280
17246
17251
17281
17247
17252
17282
17248
17253
17283
17249
17254
17284
17255
17285
17251
17256
17286
17252
17257
17287
17253
17258
17288
17254
17259
17289
17255
17260
17290
17261
17291
17257
17262
17292
17258
17263
17293
17259
17264
17294
17260
17265
17295
17261
17266
17296
17267
17297
17263
17268
17298
17264
17269
17299
17265
17270
17300
17266
17271
17301
17267
17272
17302
17273
17303
17269
17274
17304
17270
17275
17305
17271
17276
17306
17272
17277
17307
17273
17278
17308
17279
17309
17275
17310
17276
17311
17277
17312
17278
17313
17279
17314
17315
17281
17286
17316
17282
17287
17317
17283
17288
17318
17284
17289
17319
17285
17290
17320
17291
17321
17287
17292
17322
17288
17293
17323
17289
17294
17324
17290
17295
17325
17291
17296
17326
17297
17327
17293
17298
17328
17294
17299
17329
17295
17300
17330
17296
17301
17331
17297
17302
17332
17303
17333
17299
17304
17334
17300
17305
17335
17301
17306
17336
17302
17307
17337
17303
17308
17338
17309
17339
17305
17310
17340
17306
17311
17341
17307
17312
17342
17308
17313
17343
17309
17314
17344
17315
17345
17311
17346
17312
17347
17313
17348
17314
17349
17315
17350
17351
17317
17322
17352
17318
17323
17353
17319
17324
17354
17320
17325
17355
17321
17326
17356
17327
17357
17323
17328
17358
17324
17329
17359
17325
17330
17360
17326
17331
17361
17327
17332
17362
17333
17363
17329
17334
17364
17330
17335
17365
17331
17336
17366
17332
17337
17367
17333
17338
17368
17339
17369
17335
17340
17370
17336
17341
17371
17337
17342
17372
17338
17343
17373
17339
17344
17374
17345
17375
17341
17346
17376
17342
17347
17377
17343
17348
17378
17344
17349
17379
17345
17350
17380
17351
17381
17347
17382
17348
17383
17349
17384
17350
17385
17351
17386
17387
17353
17358
17388
17354
17359
17389
17355
17360
17390
17356
17361
17391
17357
17362
17392
17363
17393
17359
17364
17394
17360
17365
17395
17361
17366
17396
17362
17367
17397
17363
17368
17398
17369
17399
17365
17370
17400
17366
17371
17401
17367
17372
17402
17368
17373
17403
17369
17374
17404
17375
17405
17371
17376
17406
17372
17377
17407
17373
17378
17408
17374
17379
17409
17375
17380
17410
17381
17411
17377
17382
17412
17378
17383
17413
17379
17384
17414
17380
17385
17415
17381
17386
17416
17387
17417
17383
17418
17384
17419
17385
17420
17386
17421
17387
17422
17423
17389
17394
17424
17390
17395
17425
17391
17396
17426
17392
17397
17427
17393
17398
17428
17399
17429
17395
17400
17430
17396
17401
17431
17397
17402
17432
17398
17403
17433
17399
17404
17434
17405
17435
17401
17406
17436
17402
17407
17437
17403
17408
17438
17404
17409
17439
17405
17410
17440
17411
17441
17407
17412
17442
17408
17413
17443
17409
17414
17444
17410
17415
17445
17411
17416
17446
17417
17447
17413
17418
17448
17414
17419
17449
17415
17420
17450
17416
17421
17451
17417
17422
17452
17423
17453
17419
17454
17420
17455
17421
17456
17422
17457
17423
17458
17459
17425
17430
17460
17426
17431
17461
17427
17432
17462
17428
17433
17463
17429
17434
17464
17435
17465
17431
17436
17466
17432
17437
17467
17433
17438
17468
17434
17439
17469
17435
17440
17470
17441
17471
17437
17442
17472
17438
17443
17473
17439
17444
17474
17440
17445
17475
17441
17446
17476
17447
17477
17443
17448
17478
17444
17449
17479
17445
17450
17480
17446
17451
17481
17447
17452
17482
17453
17483
17449
17454
17484
17450
17455
17485
17451
17456
17486
17452
17457
17487
17453
17458
17488
17459
17489
17455
17490
17456
17491
17457
17492
17458
17493
17459
17494
17495
17461
17466
17496
17462
17467
17497
17463
17468
17498
17464
17469
17499
17465
17470
17500
17471
17501
17467
17472
17502
17468
17473
17503
17469
17474
17504
17470
17475
17505
17471
17476
17506
17477
17507
17473
17478
17508
17474
17479
17509
17475
17480
17510
17476
17481
17511
17477
17482
17512
17483
17513
17479
17484
17514
17480
17485
17515
17481
17486
17516
17482
17487
17517
17483
17488
17518
17489
17519
17485
17490
17520
17486
17491
17521
17487
17492
17522
17488
17493
17523
17489
17494
17524
17495
17525
17491
17526
17492
17527
17493
17528
17494
17529
17495
17530
17531
17497
17502
17532
17498
17503
17533
17499
17504
17534
17500
17505
17535
17501
17506
17536
17507
17537
17503
17508
17538
17504
17509
17539
17505
17510
17540
17506
17511
17541
17507
17512
17542
17513
17543
17509
17514
17544
17510
17515
17545
17511
17516
17546
17512
17517
17547
17513
17518
17548
17519
17549
17515
17520
17550
17516
17521
17551
17517
17522
17552
17518
17523
17553
17519
17524
17554
17525
17555
17521
17526
17556
17522
17527
17557
17523
17528
17558
17524
17529
17559
17525
17530
17560
17531
17561
17527
17562
17528
17563
17529
17564
17530
17565
17531
17566
17567
17533
17538
17568
17534
17539
17569
17535
17540
17570
17536
17541
17571
17537
17542
17572
17543
17573
17539
17544
17574
17540
17545
17575
17541
17546
17576
17542
17547
17577
17543
17548
17578
17549
17579
17545
17550
17580
17546
17551
17581
17547
17552
17582
17548
17553
17583
17549
17554
17584
17555
17585
17551
17556
17586
17552
17557
17587
17553
17558
17588
17554
17559
17589
17555
17560
17590
17561
17591
17557
17562
17592
17558
17563
17593
17559
17564
17594
17560
17565
17595
17561
17566
17596
17567
17597
17563
17598
17564
17599
17565
17600
17566
17601
17567
17602
17603
17569
17574
17604
17570
17575
17605
17571
17576
17606
17572
17577
17607
17573
17578
17608
17579
17609
17575
17580
17610
17576
17581
17611
17577
17582
17612
17578
17583
17613
17579
17584
17614
17585
17615
17581
17586
17616
17582
17587
17617
17583
17588
17618
17584
17589
17619
17585
17590
17620
17591
17621
17587
17592
17622
17588
17593
17623
17589
17594
17624
17590
17595
17625
17591
17596
17626
17597
17627
17593
17598
17628
17594
17599
17629
17595
17600
17630
17596
17601
17631
17597
17602
17632
17603
17633
17599
17634
17600
17635
17601
17636
17602
17637
17603
17638
17639
17605
17610
17640
17606
17611
17641
17607
17612
17642
17608
17613
17643
17609
17614
17644
17615
17645
17611
17616
17646
17612
17617
17647
17613
17618
17648
17614
17619
17649
17615
17620
17650
17621
17651
17617
17622
17652
17618
17623
17653
17619
17624
17654
17620
17625
17655
17621
17626
17656
17627
17657
17623
17628
17658
17624
17629
17659
17625
17630
17660
17626
17631
17661
17627
17632
17662
17633
17663
17629
17634
17664
17630
17635
17665
17631
17636
17666
17632
17637
17667
17633
17638
17668
17639
17669
17635
17670
17636
17671
17637
17672
17638
17673
17639
17674
17675
17641
17646
17676
17642
17647
17677
17643
17648
17678
17644
17649
17679
17645
17650
17680
17651
17681
17647
17652
17682
17648
17653
17683
17649
17654
17684
17650
17655
17685
17651
17656
17686
17657
17687
17653
17658
17688
17654
17659
17689
17655
17660
17690
17656
17661
17691
17657
17662
17692
17663
17693
17659
17664
17694
17660
17665
17695
17661
17666
17696
17662
17667
17697
17663
17668
17698
17669
17699
17665
17670
17700
17666
17671
17701
17667
17672
17702
17668
17673
17703
17669
17674
17704
17675
17705
17671
17706
17672
17707
17673
17708
17674
17709
17675
17710
17711
17677
17682
17712
17678
17683
17713
17679
17684
17714
17680
17685
17715
17681
17686
17716
17687
17717
17683
17688
17718
17684
17689
17719
17685
17690
17720
17686
17691
17721
17687
17692
17722
17693
17723
17689
17694
17724
17690
17695
17725
17691
17696
17726
17692
17697
17727
17693
17698
17728
17699
17729
17695
17700
17730
17696
17701
17731
17697
17702
17732
17698
17703
17733
17699
17704
17734
17705
17735
17701
17706
17736
17702
17707
17737
17703
17708
17738
17704
17709
17739
17705
17710
17740
17711
17741
17707
17742
17708
17743
17709
17744
17710
17745
17711
17746
17747
17713
17718
17748
17714
17719
17749
17715
17720
17750
17716
17721
17751
17717
17722
17752
17723
17753
17719
17724
17754
17720
17725
17755
17721
17726
17756
17722
17727
17757
17723
17728
17758
17729
17759
17725
17730
17760
17726
17731
17761
17727
17732
17762
17728
17733
17763
17729
17734
17764
17735
17765
17731
17736
17766
17732
17737
17767
17733
17738
17768
17734
17739
17769
17735
17740
17770
17741
17771
17737
17742
17772
17738
17743
17773
17739
17744
17774
17740
17745
17775
17741
17746
17776
17747
17777
17743
17778
17744
17779
17745
17780
17746
17781
17747
17782
17783
17749
17754
17784
17750
17755
17785
17751
17756
17786
17752
17757
17787
17753
17758
17788
17759
17789
17755
17760
17790
17756
17761
17791
17757
17762
17792
17758
17763
17793
17759
17764
17794
17765
17795
17761
17766
17796
17762
17767
17797
17763
17768
17798
17764
17769
17799
17765
17770
17800
17771
17801
17767
17772
17802
17768
17773
17803
17769
17774
17804
17770
17775
17805
17771
17776
17806
17777
17807
17773
17778
17808
17774
17779
17809
17775
17780
17810
17776
17781
17811
17777
17782
17812
17783
17813
17779
17814
17780
17815
17781
17816
17782
17817
17783
17818
17819
17785
17790
17820
17786
17791
17821
17787
17792
17822
17788
17793
17823
17789
17794
17824
17795
17825
17791
17796
17826
17792
17797
17827
17793
17798
17828
17794
17799
17829
17795
17800
17830
17801
17831
17797
17802
17832
17798
17803
17833
17799
17804
17834
17800
17805
17835
17801
17806
17836
17807
17837
17803
17808
17838
17804
17809
17839
17805
17810
17840
17806
17811
17841
17807
17812
17842
17813
17843
17809
17814
17844
17810
17815
17845
17811
17816
17846
17812
17817
17847
17813
17818
17848
17819
17849
17815
17850
17816
17851
17817
17852
17818
17853
17819
17854
17855
17821
17826
17856
17822
17827
17857
17823
17828
17858
17824
17829
17859
17825
17830
17860
17831
17861
17827
17832
17862
17828
17833
17863
17829
17834
17864
17830
17835
17865
17831
17836
17866
17837
17867
17833
17838
17868
17834
17839
17869
17835
17840
17870
17836
17841
17871
17837
17842
17872
17843
17873
17839
17844
17874
17840
17845
17875
17841
17846
17876
17842
17847
17877
17843
17848
17878
17849
17879
17845
17850
17880
17846
17851
17881
17847
17852
17882
17848
17853
17883
17849
17854
17884
17855
17885
17851
17886
17852
17887
17853
17888
17854
17889
17855
17890
17891
17857
17862
17892
17858
17863
17893
17859
17864
17894
17860
17865
17895
17861
17866
17896
17867
17897
17863
17868
17898
17864
17869
17899
17865
17870
17900
17866
17871
17901
17867
17872
17902
17873
17903
17869
17874
17904
17870
17875
17905
17871
17876
17906
17872
17877
17907
17873
17878
17908
17879
17909
17875
17880
17910
17876
17881
17911
17877
17882
17912
17878
17883
17913
17879
17884
17914
17885
17915
17881
17886
17916
17882
17887
17917
17883
17888
17918
17884
17889
17919
17885
17890
17920
17891
17921
17887
17922
17888
17923
17889
17924
17890
17925
17891
17926
17927
17893
17898
17928
17894
17899
17929
17895
17900
17930
17896
17901
17931
17897
17902
17932
17903
17933
17899
17904
17934
17900
17905
17935
17901
17906
17936
17902
17907
17937
17903
17908
17938
17909
17939
17905
17910
17940
17906
17911
17941
17907
17912
17942
17908
17913
17943
17909
17914
17944
17915
17945
17911
17916
17946
17912
17917
17947
17913
17918
17948
17914
17919
17949
17915
17920
17950
17921
17951
17917
17922
17952
17918
17923
17953
17919
17924
17954
17920
17925
17955
17921
17926
17956
17927
17957
17923
17958
17924
17959
17925
17960
17926
17961
17927
17962
17963
17929
17934
17964
17930
17935
17965
17931
17936
17966
17932
17937
17967
17933
17938
17968
17939
17969
17935
17940
17970
17936
17941
17971
17937
17942
17972
17938
17943
17973
17939
17944
17974
17945
17975
17941
17946
17976
17942
17947
17977
17943
17948
17978
17944
17949
17979
17945
17950
17980
17951
17981
17947
17952
17982
17948
17953
17983
17949
17954
17984
17950
17955
17985
17951
17956
17986
17957
17987
17953
17958
17988
17954
17959
17989
17955
17960
17990
17956
17961
17991
17957
17962
17992
17963
17993
17959
17994
17960
17995
17961
17996
17962
17997
17963
17998
17999
17965
17970
17966
17971
17967
17972
17968
17973
17969
17974
17975
17971
17976
17972
17977
17973
17978
17974
17979
17975
17980
17981
17977
17982
17978
17983
17979
17984
17980
17985
17981
17986
17987
17983
17988
17984
17989
17985
17990
17986
17991
17987
17992
17993
17989
17994
17990
17995
17991
17996
17992
17997
17993
17998
17999
17995
17996
17997
17998
17999
)


// ************************************************************************* //
