/*--------------------------------*- C++ -*----------------------------------*\
  =========                 |
  \\      /  F ield         | OpenFOAM: The Open Source CFD Toolbox
   \\    /   O peration     | Website:  https://openfoam.org
    \\  /    A nd           | Version:  13
     \\/     M anipulation  |
\*---------------------------------------------------------------------------*/
FoamFile
{
    format      ascii;
    class       labelList;
    note        "nPoints: 32791 nCells: 27000 nFaces: 86500 nInternalFaces: 75500";
    location    "constant/polyMesh";
    object      neighbour;
}
// * * * * * * * * * * * * * * * * * * * * * * * * * * * * * * * * * * * * * //


75500
(
1
55
550
2
56
551
3
57
552
4
58
553
5
59
554
6
60
555
7
61
556
8
62
557
9
63
558
10
64
559
11
65
560
12
66
561
13
67
562
14
68
563
15
69
564
16
70
565
17
71
566
18
72
567
19
73
568
20
74
569
21
75
570
22
76
571
23
77
572
24
78
573
25
79
574
26
80
575
27
81
576
28
82
577
29
83
578
30
84
579
31
85
580
32
86
581
33
87
582
34
88
583
35
89
584
36
90
585
37
91
586
38
92
587
39
93
588
40
94
589
41
95
590
42
96
591
43
97
592
44
98
593
45
99
594
46
100
595
47
101
596
48
102
597
49
103
598
50
104
599
51
105
600
52
106
601
53
107
602
54
108
603
109
604
5500
56
110
605
57
111
606
58
112
607
59
113
608
60
114
609
61
115
610
62
116
611
63
117
612
64
118
613
65
119
614
66
120
615
67
121
616
68
122
617
69
123
618
70
124
619
71
125
620
72
126
621
73
127
622
74
128
623
75
129
624
76
130
625
77
131
626
78
132
627
79
133
628
80
134
629
81
135
630
82
136
631
83
137
632
84
138
633
85
139
634
86
140
635
87
141
636
88
142
637
89
143
638
90
144
639
91
145
640
92
146
641
93
147
642
94
148
643
95
149
644
96
150
645
97
151
646
98
152
647
99
153
648
100
154
649
101
155
650
102
156
651
103
157
652
104
158
653
105
159
654
106
160
655
107
161
656
108
162
657
109
163
658
164
659
5510
111
165
660
112
166
661
113
167
662
114
168
663
115
169
664
116
170
665
117
171
666
118
172
667
119
173
668
120
174
669
121
175
670
122
176
671
123
177
672
124
178
673
125
179
674
126
180
675
127
181
676
128
182
677
129
183
678
130
184
679
131
185
680
132
186
681
133
187
682
134
188
683
135
189
684
136
190
685
137
191
686
138
192
687
139
193
688
140
194
689
141
195
690
142
196
691
143
197
692
144
198
693
145
199
694
146
200
695
147
201
696
148
202
697
149
203
698
150
204
699
151
205
700
152
206
701
153
207
702
154
208
703
155
209
704
156
210
705
157
211
706
158
212
707
159
213
708
160
214
709
161
215
710
162
216
711
163
217
712
164
218
713
219
714
5520
166
220
715
167
221
716
168
222
717
169
223
718
170
224
719
171
225
720
172
226
721
173
227
722
174
228
723
175
229
724
176
230
725
177
231
726
178
232
727
179
233
728
180
234
729
181
235
730
182
236
731
183
237
732
184
238
733
185
239
734
186
240
735
187
241
736
188
242
737
189
243
738
190
244
739
191
245
740
192
246
741
193
247
742
194
248
743
195
249
744
196
250
745
197
251
746
198
252
747
199
253
748
200
254
749
201
255
750
202
256
751
203
257
752
204
258
753
205
259
754
206
260
755
207
261
756
208
262
757
209
263
758
210
264
759
211
265
760
212
266
761
213
267
762
214
268
763
215
269
764
216
270
765
217
271
766
218
272
767
219
273
768
274
769
5530
221
275
770
222
276
771
223
277
772
224
278
773
225
279
774
226
280
775
227
281
776
228
282
777
229
283
778
230
284
779
231
285
780
232
286
781
233
287
782
234
288
783
235
289
784
236
290
785
237
291
786
238
292
787
239
293
788
240
294
789
241
295
790
242
296
791
243
297
792
244
298
793
245
299
794
246
300
795
247
301
796
248
302
797
249
303
798
250
304
799
251
305
800
252
306
801
253
307
802
254
308
803
255
309
804
256
310
805
257
311
806
258
312
807
259
313
808
260
314
809
261
315
810
262
316
811
263
317
812
264
318
813
265
319
814
266
320
815
267
321
816
268
322
817
269
323
818
270
324
819
271
325
820
272
326
821
273
327
822
274
328
823
329
824
5540
276
330
825
277
331
826
278
332
827
279
333
828
280
334
829
281
335
830
282
336
831
283
337
832
284
338
833
285
339
834
286
340
835
287
341
836
288
342
837
289
343
838
290
344
839
291
345
840
292
346
841
293
347
842
294
348
843
295
349
844
296
350
845
297
351
846
298
352
847
299
353
848
300
354
849
301
355
850
302
356
851
303
357
852
304
358
853
305
359
854
306
360
855
307
361
856
308
362
857
309
363
858
310
364
859
311
365
860
312
366
861
313
367
862
314
368
863
315
369
864
316
370
865
317
371
866
318
372
867
319
373
868
320
374
869
321
375
870
322
376
871
323
377
872
324
378
873
325
379
874
326
380
875
327
381
876
328
382
877
329
383
878
384
879
5550
331
385
880
332
386
881
333
387
882
334
388
883
335
389
884
336
390
885
337
391
886
338
392
887
339
393
888
340
394
889
341
395
890
342
396
891
343
397
892
344
398
893
345
399
894
346
400
895
347
401
896
348
402
897
349
403
898
350
404
899
351
405
900
352
406
901
353
407
902
354
408
903
355
409
904
356
410
905
357
411
906
358
412
907
359
413
908
360
414
909
361
415
910
362
416
911
363
417
912
364
418
913
365
419
914
366
420
915
367
421
916
368
422
917
369
423
918
370
424
919
371
425
920
372
426
921
373
427
922
374
428
923
375
429
924
376
430
925
377
431
926
378
432
927
379
433
928
380
434
929
381
435
930
382
436
931
383
437
932
384
438
933
439
934
5560
386
440
935
387
441
936
388
442
937
389
443
938
390
444
939
391
445
940
392
446
941
393
447
942
394
448
943
395
449
944
396
450
945
397
451
946
398
452
947
399
453
948
400
454
949
401
455
950
402
456
951
403
457
952
404
458
953
405
459
954
406
460
955
407
461
956
408
462
957
409
463
958
410
464
959
411
465
960
412
466
961
413
467
962
414
468
963
415
469
964
416
470
965
417
471
966
418
472
967
419
473
968
420
474
969
421
475
970
422
476
971
423
477
972
424
478
973
425
479
974
426
480
975
427
481
976
428
482
977
429
483
978
430
484
979
431
485
980
432
486
981
433
487
982
434
488
983
435
489
984
436
490
985
437
491
986
438
492
987
439
493
988
494
989
5570
441
495
990
442
496
991
443
497
992
444
498
993
445
499
994
446
500
995
447
501
996
448
502
997
449
503
998
450
504
999
451
505
1000
452
506
1001
453
507
1002
454
508
1003
455
509
1004
456
510
1005
457
511
1006
458
512
1007
459
513
1008
460
514
1009
461
515
1010
462
516
1011
463
517
1012
464
518
1013
465
519
1014
466
520
1015
467
521
1016
468
522
1017
469
523
1018
470
524
1019
471
525
1020
472
526
1021
473
527
1022
474
528
1023
475
529
1024
476
530
1025
477
531
1026
478
532
1027
479
533
1028
480
534
1029
481
535
1030
482
536
1031
483
537
1032
484
538
1033
485
539
1034
486
540
1035
487
541
1036
488
542
1037
489
543
1038
490
544
1039
491
545
1040
492
546
1041
493
547
1042
494
548
1043
549
1044
5580
496
1045
497
1046
498
1047
499
1048
500
1049
501
1050
502
1051
503
1052
504
1053
505
1054
506
1055
507
1056
508
1057
509
1058
510
1059
511
1060
512
1061
513
1062
514
1063
515
1064
516
1065
517
1066
518
1067
519
1068
520
1069
521
1070
522
1071
523
1072
524
1073
525
1074
526
1075
527
1076
528
1077
529
1078
530
1079
531
1080
532
1081
533
1082
534
1083
535
1084
536
1085
537
1086
538
1087
539
1088
540
1089
541
1090
542
1091
543
1092
544
1093
545
1094
546
1095
547
1096
548
1097
549
1098
1099
5590
551
605
1100
552
606
1101
553
607
1102
554
608
1103
555
609
1104
556
610
1105
557
611
1106
558
612
1107
559
613
1108
560
614
1109
561
615
1110
562
616
1111
563
617
1112
564
618
1113
565
619
1114
566
620
1115
567
621
1116
568
622
1117
569
623
1118
570
624
1119
571
625
1120
572
626
1121
573
627
1122
574
628
1123
575
629
1124
576
630
1125
577
631
1126
578
632
1127
579
633
1128
580
634
1129
581
635
1130
582
636
1131
583
637
1132
584
638
1133
585
639
1134
586
640
1135
587
641
1136
588
642
1137
589
643
1138
590
644
1139
591
645
1140
592
646
1141
593
647
1142
594
648
1143
595
649
1144
596
650
1145
597
651
1146
598
652
1147
599
653
1148
600
654
1149
601
655
1150
602
656
1151
603
657
1152
604
658
1153
659
1154
5600
606
660
1155
607
661
1156
608
662
1157
609
663
1158
610
664
1159
611
665
1160
612
666
1161
613
667
1162
614
668
1163
615
669
1164
616
670
1165
617
671
1166
618
672
1167
619
673
1168
620
674
1169
621
675
1170
622
676
1171
623
677
1172
624
678
1173
625
679
1174
626
680
1175
627
681
1176
628
682
1177
629
683
1178
630
684
1179
631
685
1180
632
686
1181
633
687
1182
634
688
1183
635
689
1184
636
690
1185
637
691
1186
638
692
1187
639
693
1188
640
694
1189
641
695
1190
642
696
1191
643
697
1192
644
698
1193
645
699
1194
646
700
1195
647
701
1196
648
702
1197
649
703
1198
650
704
1199
651
705
1200
652
706
1201
653
707
1202
654
708
1203
655
709
1204
656
710
1205
657
711
1206
658
712
1207
659
713
1208
714
1209
5610
661
715
1210
662
716
1211
663
717
1212
664
718
1213
665
719
1214
666
720
1215
667
721
1216
668
722
1217
669
723
1218
670
724
1219
671
725
1220
672
726
1221
673
727
1222
674
728
1223
675
729
1224
676
730
1225
677
731
1226
678
732
1227
679
733
1228
680
734
1229
681
735
1230
682
736
1231
683
737
1232
684
738
1233
685
739
1234
686
740
1235
687
741
1236
688
742
1237
689
743
1238
690
744
1239
691
745
1240
692
746
1241
693
747
1242
694
748
1243
695
749
1244
696
750
1245
697
751
1246
698
752
1247
699
753
1248
700
754
1249
701
755
1250
702
756
1251
703
757
1252
704
758
1253
705
759
1254
706
760
1255
707
761
1256
708
762
1257
709
763
1258
710
764
1259
711
765
1260
712
766
1261
713
767
1262
714
768
1263
769
1264
5620
716
770
1265
717
771
1266
718
772
1267
719
773
1268
720
774
1269
721
775
1270
722
776
1271
723
777
1272
724
778
1273
725
779
1274
726
780
1275
727
781
1276
728
782
1277
729
783
1278
730
784
1279
731
785
1280
732
786
1281
733
787
1282
734
788
1283
735
789
1284
736
790
1285
737
791
1286
738
792
1287
739
793
1288
740
794
1289
741
795
1290
742
796
1291
743
797
1292
744
798
1293
745
799
1294
746
800
1295
747
801
1296
748
802
1297
749
803
1298
750
804
1299
751
805
1300
752
806
1301
753
807
1302
754
808
1303
755
809
1304
756
810
1305
757
811
1306
758
812
1307
759
813
1308
760
814
1309
761
815
1310
762
816
1311
763
817
1312
764
818
1313
765
819
1314
766
820
1315
767
821
1316
768
822
1317
769
823
1318
824
1319
5630
771
825
1320
772
826
1321
773
827
1322
774
828
1323
775
829
1324
776
830
1325
777
831
1326
778
832
1327
779
833
1328
780
834
1329
781
835
1330
782
836
1331
783
837
1332
784
838
1333
785
839
1334
786
840
1335
787
841
1336
788
842
1337
789
843
1338
790
844
1339
791
845
1340
792
846
1341
793
847
1342
794
848
1343
795
849
1344
796
850
1345
797
851
1346
798
852
1347
799
853
1348
800
854
1349
801
855
1350
802
856
1351
803
857
1352
804
858
1353
805
859
1354
806
860
1355
807
861
1356
808
862
1357
809
863
1358
810
864
1359
811
865
1360
812
866
1361
813
867
1362
814
868
1363
815
869
1364
816
870
1365
817
871
1366
818
872
1367
819
873
1368
820
874
1369
821
875
1370
822
876
1371
823
877
1372
824
878
1373
879
1374
5640
826
880
1375
827
881
1376
828
882
1377
829
883
1378
830
884
1379
831
885
1380
832
886
1381
833
887
1382
834
888
1383
835
889
1384
836
890
1385
837
891
1386
838
892
1387
839
893
1388
840
894
1389
841
895
1390
842
896
1391
843
897
1392
844
898
1393
845
899
1394
846
900
1395
847
901
1396
848
902
1397
849
903
1398
850
904
1399
851
905
1400
852
906
1401
853
907
1402
854
908
1403
855
909
1404
856
910
1405
857
911
1406
858
912
1407
859
913
1408
860
914
1409
861
915
1410
862
916
1411
863
917
1412
864
918
1413
865
919
1414
866
920
1415
867
921
1416
868
922
1417
869
923
1418
870
924
1419
871
925
1420
872
926
1421
873
927
1422
874
928
1423
875
929
1424
876
930
1425
877
931
1426
878
932
1427
879
933
1428
934
1429
5650
881
935
1430
882
936
1431
883
937
1432
884
938
1433
885
939
1434
886
940
1435
887
941
1436
888
942
1437
889
943
1438
890
944
1439
891
945
1440
892
946
1441
893
947
1442
894
948
1443
895
949
1444
896
950
1445
897
951
1446
898
952
1447
899
953
1448
900
954
1449
901
955
1450
902
956
1451
903
957
1452
904
958
1453
905
959
1454
906
960
1455
907
961
1456
908
962
1457
909
963
1458
910
964
1459
911
965
1460
912
966
1461
913
967
1462
914
968
1463
915
969
1464
916
970
1465
917
971
1466
918
972
1467
919
973
1468
920
974
1469
921
975
1470
922
976
1471
923
977
1472
924
978
1473
925
979
1474
926
980
1475
927
981
1476
928
982
1477
929
983
1478
930
984
1479
931
985
1480
932
986
1481
933
987
1482
934
988
1483
989
1484
5660
936
990
1485
937
991
1486
938
992
1487
939
993
1488
940
994
1489
941
995
1490
942
996
1491
943
997
1492
944
998
1493
945
999
1494
946
1000
1495
947
1001
1496
948
1002
1497
949
1003
1498
950
1004
1499
951
1005
1500
952
1006
1501
953
1007
1502
954
1008
1503
955
1009
1504
956
1010
1505
957
1011
1506
958
1012
1507
959
1013
1508
960
1014
1509
961
1015
1510
962
1016
1511
963
1017
1512
964
1018
1513
965
1019
1514
966
1020
1515
967
1021
1516
968
1022
1517
969
1023
1518
970
1024
1519
971
1025
1520
972
1026
1521
973
1027
1522
974
1028
1523
975
1029
1524
976
1030
1525
977
1031
1526
978
1032
1527
979
1033
1528
980
1034
1529
981
1035
1530
982
1036
1531
983
1037
1532
984
1038
1533
985
1039
1534
986
1040
1535
987
1041
1536
988
1042
1537
989
1043
1538
1044
1539
5670
991
1045
1540
992
1046
1541
993
1047
1542
994
1048
1543
995
1049
1544
996
1050
1545
997
1051
1546
998
1052
1547
999
1053
1548
1000
1054
1549
1001
1055
1550
1002
1056
1551
1003
1057
1552
1004
1058
1553
1005
1059
1554
1006
1060
1555
1007
1061
1556
1008
1062
1557
1009
1063
1558
1010
1064
1559
1011
1065
1560
1012
1066
1561
1013
1067
1562
1014
1068
1563
1015
1069
1564
1016
1070
1565
1017
1071
1566
1018
1072
1567
1019
1073
1568
1020
1074
1569
1021
1075
1570
1022
1076
1571
1023
1077
1572
1024
1078
1573
1025
1079
1574
1026
1080
1575
1027
1081
1576
1028
1082
1577
1029
1083
1578
1030
1084
1579
1031
1085
1580
1032
1086
1581
1033
1087
1582
1034
1088
1583
1035
1089
1584
1036
1090
1585
1037
1091
1586
1038
1092
1587
1039
1093
1588
1040
1094
1589
1041
1095
1590
1042
1096
1591
1043
1097
1592
1044
1098
1593
1099
1594
5680
1046
1595
1047
1596
1048
1597
1049
1598
1050
1599
1051
1600
1052
1601
1053
1602
1054
1603
1055
1604
1056
1605
1057
1606
1058
1607
1059
1608
1060
1609
1061
1610
1062
1611
1063
1612
1064
1613
1065
1614
1066
1615
1067
1616
1068
1617
1069
1618
1070
1619
1071
1620
1072
1621
1073
1622
1074
1623
1075
1624
1076
1625
1077
1626
1078
1627
1079
1628
1080
1629
1081
1630
1082
1631
1083
1632
1084
1633
1085
1634
1086
1635
1087
1636
1088
1637
1089
1638
1090
1639
1091
1640
1092
1641
1093
1642
1094
1643
1095
1644
1096
1645
1097
1646
1098
1647
1099
1648
1649
5690
1101
1155
1650
1102
1156
1651
1103
1157
1652
1104
1158
1653
1105
1159
1654
1106
1160
1655
1107
1161
1656
1108
1162
1657
1109
1163
1658
1110
1164
1659
1111
1165
1660
1112
1166
1661
1113
1167
1662
1114
1168
1663
1115
1169
1664
1116
1170
1665
1117
1171
1666
1118
1172
1667
1119
1173
1668
1120
1174
1669
1121
1175
1670
1122
1176
1671
1123
1177
1672
1124
1178
1673
1125
1179
1674
1126
1180
1675
1127
1181
1676
1128
1182
1677
1129
1183
1678
1130
1184
1679
1131
1185
1680
1132
1186
1681
1133
1187
1682
1134
1188
1683
1135
1189
1684
1136
1190
1685
1137
1191
1686
1138
1192
1687
1139
1193
1688
1140
1194
1689
1141
1195
1690
1142
1196
1691
1143
1197
1692
1144
1198
1693
1145
1199
1694
1146
1200
1695
1147
1201
1696
1148
1202
1697
1149
1203
1698
1150
1204
1699
1151
1205
1700
1152
1206
1701
1153
1207
1702
1154
1208
1703
1209
1704
5700
1156
1210
1705
1157
1211
1706
1158
1212
1707
1159
1213
1708
1160
1214
1709
1161
1215
1710
1162
1216
1711
1163
1217
1712
1164
1218
1713
1165
1219
1714
1166
1220
1715
1167
1221
1716
1168
1222
1717
1169
1223
1718
1170
1224
1719
1171
1225
1720
1172
1226
1721
1173
1227
1722
1174
1228
1723
1175
1229
1724
1176
1230
1725
1177
1231
1726
1178
1232
1727
1179
1233
1728
1180
1234
1729
1181
1235
1730
1182
1236
1731
1183
1237
1732
1184
1238
1733
1185
1239
1734
1186
1240
1735
1187
1241
1736
1188
1242
1737
1189
1243
1738
1190
1244
1739
1191
1245
1740
1192
1246
1741
1193
1247
1742
1194
1248
1743
1195
1249
1744
1196
1250
1745
1197
1251
1746
1198
1252
1747
1199
1253
1748
1200
1254
1749
1201
1255
1750
1202
1256
1751
1203
1257
1752
1204
1258
1753
1205
1259
1754
1206
1260
1755
1207
1261
1756
1208
1262
1757
1209
1263
1758
1264
1759
5710
1211
1265
1760
1212
1266
1761
1213
1267
1762
1214
1268
1763
1215
1269
1764
1216
1270
1765
1217
1271
1766
1218
1272
1767
1219
1273
1768
1220
1274
1769
1221
1275
1770
1222
1276
1771
1223
1277
1772
1224
1278
1773
1225
1279
1774
1226
1280
1775
1227
1281
1776
1228
1282
1777
1229
1283
1778
1230
1284
1779
1231
1285
1780
1232
1286
1781
1233
1287
1782
1234
1288
1783
1235
1289
1784
1236
1290
1785
1237
1291
1786
1238
1292
1787
1239
1293
1788
1240
1294
1789
1241
1295
1790
1242
1296
1791
1243
1297
1792
1244
1298
1793
1245
1299
1794
1246
1300
1795
1247
1301
1796
1248
1302
1797
1249
1303
1798
1250
1304
1799
1251
1305
1800
1252
1306
1801
1253
1307
1802
1254
1308
1803
1255
1309
1804
1256
1310
1805
1257
1311
1806
1258
1312
1807
1259
1313
1808
1260
1314
1809
1261
1315
1810
1262
1316
1811
1263
1317
1812
1264
1318
1813
1319
1814
5720
1266
1320
1815
1267
1321
1816
1268
1322
1817
1269
1323
1818
1270
1324
1819
1271
1325
1820
1272
1326
1821
1273
1327
1822
1274
1328
1823
1275
1329
1824
1276
1330
1825
1277
1331
1826
1278
1332
1827
1279
1333
1828
1280
1334
1829
1281
1335
1830
1282
1336
1831
1283
1337
1832
1284
1338
1833
1285
1339
1834
1286
1340
1835
1287
1341
1836
1288
1342
1837
1289
1343
1838
1290
1344
1839
1291
1345
1840
1292
1346
1841
1293
1347
1842
1294
1348
1843
1295
1349
1844
1296
1350
1845
1297
1351
1846
1298
1352
1847
1299
1353
1848
1300
1354
1849
1301
1355
1850
1302
1356
1851
1303
1357
1852
1304
1358
1853
1305
1359
1854
1306
1360
1855
1307
1361
1856
1308
1362
1857
1309
1363
1858
1310
1364
1859
1311
1365
1860
1312
1366
1861
1313
1367
1862
1314
1368
1863
1315
1369
1864
1316
1370
1865
1317
1371
1866
1318
1372
1867
1319
1373
1868
1374
1869
5730
1321
1375
1870
1322
1376
1871
1323
1377
1872
1324
1378
1873
1325
1379
1874
1326
1380
1875
1327
1381
1876
1328
1382
1877
1329
1383
1878
1330
1384
1879
1331
1385
1880
1332
1386
1881
1333
1387
1882
1334
1388
1883
1335
1389
1884
1336
1390
1885
1337
1391
1886
1338
1392
1887
1339
1393
1888
1340
1394
1889
1341
1395
1890
1342
1396
1891
1343
1397
1892
1344
1398
1893
1345
1399
1894
1346
1400
1895
1347
1401
1896
1348
1402
1897
1349
1403
1898
1350
1404
1899
1351
1405
1900
1352
1406
1901
1353
1407
1902
1354
1408
1903
1355
1409
1904
1356
1410
1905
1357
1411
1906
1358
1412
1907
1359
1413
1908
1360
1414
1909
1361
1415
1910
1362
1416
1911
1363
1417
1912
1364
1418
1913
1365
1419
1914
1366
1420
1915
1367
1421
1916
1368
1422
1917
1369
1423
1918
1370
1424
1919
1371
1425
1920
1372
1426
1921
1373
1427
1922
1374
1428
1923
1429
1924
5740
1376
1430
1925
1377
1431
1926
1378
1432
1927
1379
1433
1928
1380
1434
1929
1381
1435
1930
1382
1436
1931
1383
1437
1932
1384
1438
1933
1385
1439
1934
1386
1440
1935
1387
1441
1936
1388
1442
1937
1389
1443
1938
1390
1444
1939
1391
1445
1940
1392
1446
1941
1393
1447
1942
1394
1448
1943
1395
1449
1944
1396
1450
1945
1397
1451
1946
1398
1452
1947
1399
1453
1948
1400
1454
1949
1401
1455
1950
1402
1456
1951
1403
1457
1952
1404
1458
1953
1405
1459
1954
1406
1460
1955
1407
1461
1956
1408
1462
1957
1409
1463
1958
1410
1464
1959
1411
1465
1960
1412
1466
1961
1413
1467
1962
1414
1468
1963
1415
1469
1964
1416
1470
1965
1417
1471
1966
1418
1472
1967
1419
1473
1968
1420
1474
1969
1421
1475
1970
1422
1476
1971
1423
1477
1972
1424
1478
1973
1425
1479
1974
1426
1480
1975
1427
1481
1976
1428
1482
1977
1429
1483
1978
1484
1979
5750
1431
1485
1980
1432
1486
1981
1433
1487
1982
1434
1488
1983
1435
1489
1984
1436
1490
1985
1437
1491
1986
1438
1492
1987
1439
1493
1988
1440
1494
1989
1441
1495
1990
1442
1496
1991
1443
1497
1992
1444
1498
1993
1445
1499
1994
1446
1500
1995
1447
1501
1996
1448
1502
1997
1449
1503
1998
1450
1504
1999
1451
1505
2000
1452
1506
2001
1453
1507
2002
1454
1508
2003
1455
1509
2004
1456
1510
2005
1457
1511
2006
1458
1512
2007
1459
1513
2008
1460
1514
2009
1461
1515
2010
1462
1516
2011
1463
1517
2012
1464
1518
2013
1465
1519
2014
1466
1520
2015
1467
1521
2016
1468
1522
2017
1469
1523
2018
1470
1524
2019
1471
1525
2020
1472
1526
2021
1473
1527
2022
1474
1528
2023
1475
1529
2024
1476
1530
2025
1477
1531
2026
1478
1532
2027
1479
1533
2028
1480
1534
2029
1481
1535
2030
1482
1536
2031
1483
1537
2032
1484
1538
2033
1539
2034
5760
1486
1540
2035
1487
1541
2036
1488
1542
2037
1489
1543
2038
1490
1544
2039
1491
1545
2040
1492
1546
2041
1493
1547
2042
1494
1548
2043
1495
1549
2044
1496
1550
2045
1497
1551
2046
1498
1552
2047
1499
1553
2048
1500
1554
2049
1501
1555
2050
1502
1556
2051
1503
1557
2052
1504
1558
2053
1505
1559
2054
1506
1560
2055
1507
1561
2056
1508
1562
2057
1509
1563
2058
1510
1564
2059
1511
1565
2060
1512
1566
2061
1513
1567
2062
1514
1568
2063
1515
1569
2064
1516
1570
2065
1517
1571
2066
1518
1572
2067
1519
1573
2068
1520
1574
2069
1521
1575
2070
1522
1576
2071
1523
1577
2072
1524
1578
2073
1525
1579
2074
1526
1580
2075
1527
1581
2076
1528
1582
2077
1529
1583
2078
1530
1584
2079
1531
1585
2080
1532
1586
2081
1533
1587
2082
1534
1588
2083
1535
1589
2084
1536
1590
2085
1537
1591
2086
1538
1592
2087
1539
1593
2088
1594
2089
5770
1541
1595
2090
1542
1596
2091
1543
1597
2092
1544
1598
2093
1545
1599
2094
1546
1600
2095
1547
1601
2096
1548
1602
2097
1549
1603
2098
1550
1604
2099
1551
1605
2100
1552
1606
2101
1553
1607
2102
1554
1608
2103
1555
1609
2104
1556
1610
2105
1557
1611
2106
1558
1612
2107
1559
1613
2108
1560
1614
2109
1561
1615
2110
1562
1616
2111
1563
1617
2112
1564
1618
2113
1565
1619
2114
1566
1620
2115
1567
1621
2116
1568
1622
2117
1569
1623
2118
1570
1624
2119
1571
1625
2120
1572
1626
2121
1573
1627
2122
1574
1628
2123
1575
1629
2124
1576
1630
2125
1577
1631
2126
1578
1632
2127
1579
1633
2128
1580
1634
2129
1581
1635
2130
1582
1636
2131
1583
1637
2132
1584
1638
2133
1585
1639
2134
1586
1640
2135
1587
1641
2136
1588
1642
2137
1589
1643
2138
1590
1644
2139
1591
1645
2140
1592
1646
2141
1593
1647
2142
1594
1648
2143
1649
2144
5780
1596
2145
1597
2146
1598
2147
1599
2148
1600
2149
1601
2150
1602
2151
1603
2152
1604
2153
1605
2154
1606
2155
1607
2156
1608
2157
1609
2158
1610
2159
1611
2160
1612
2161
1613
2162
1614
2163
1615
2164
1616
2165
1617
2166
1618
2167
1619
2168
1620
2169
1621
2170
1622
2171
1623
2172
1624
2173
1625
2174
1626
2175
1627
2176
1628
2177
1629
2178
1630
2179
1631
2180
1632
2181
1633
2182
1634
2183
1635
2184
1636
2185
1637
2186
1638
2187
1639
2188
1640
2189
1641
2190
1642
2191
1643
2192
1644
2193
1645
2194
1646
2195
1647
2196
1648
2197
1649
2198
2199
5790
1651
1705
2200
1652
1706
2201
1653
1707
2202
1654
1708
2203
1655
1709
2204
1656
1710
2205
1657
1711
2206
1658
1712
2207
1659
1713
2208
1660
1714
2209
1661
1715
2210
1662
1716
2211
1663
1717
2212
1664
1718
2213
1665
1719
2214
1666
1720
2215
1667
1721
2216
1668
1722
2217
1669
1723
2218
1670
1724
2219
1671
1725
2220
1672
1726
2221
1673
1727
2222
1674
1728
2223
1675
1729
2224
1676
1730
2225
1677
1731
2226
1678
1732
2227
1679
1733
2228
1680
1734
2229
1681
1735
2230
1682
1736
2231
1683
1737
2232
1684
1738
2233
1685
1739
2234
1686
1740
2235
1687
1741
2236
1688
1742
2237
1689
1743
2238
1690
1744
2239
1691
1745
2240
1692
1746
2241
1693
1747
2242
1694
1748
2243
1695
1749
2244
1696
1750
2245
1697
1751
2246
1698
1752
2247
1699
1753
2248
1700
1754
2249
1701
1755
2250
1702
1756
2251
1703
1757
2252
1704
1758
2253
1759
2254
5800
1706
1760
2255
1707
1761
2256
1708
1762
2257
1709
1763
2258
1710
1764
2259
1711
1765
2260
1712
1766
2261
1713
1767
2262
1714
1768
2263
1715
1769
2264
1716
1770
2265
1717
1771
2266
1718
1772
2267
1719
1773
2268
1720
1774
2269
1721
1775
2270
1722
1776
2271
1723
1777
2272
1724
1778
2273
1725
1779
2274
1726
1780
2275
1727
1781
2276
1728
1782
2277
1729
1783
2278
1730
1784
2279
1731
1785
2280
1732
1786
2281
1733
1787
2282
1734
1788
2283
1735
1789
2284
1736
1790
2285
1737
1791
2286
1738
1792
2287
1739
1793
2288
1740
1794
2289
1741
1795
2290
1742
1796
2291
1743
1797
2292
1744
1798
2293
1745
1799
2294
1746
1800
2295
1747
1801
2296
1748
1802
2297
1749
1803
2298
1750
1804
2299
1751
1805
2300
1752
1806
2301
1753
1807
2302
1754
1808
2303
1755
1809
2304
1756
1810
2305
1757
1811
2306
1758
1812
2307
1759
1813
2308
1814
2309
5810
1761
1815
2310
1762
1816
2311
1763
1817
2312
1764
1818
2313
1765
1819
2314
1766
1820
2315
1767
1821
2316
1768
1822
2317
1769
1823
2318
1770
1824
2319
1771
1825
2320
1772
1826
2321
1773
1827
2322
1774
1828
2323
1775
1829
2324
1776
1830
2325
1777
1831
2326
1778
1832
2327
1779
1833
2328
1780
1834
2329
1781
1835
2330
1782
1836
2331
1783
1837
2332
1784
1838
2333
1785
1839
2334
1786
1840
2335
1787
1841
2336
1788
1842
2337
1789
1843
2338
1790
1844
2339
1791
1845
2340
1792
1846
2341
1793
1847
2342
1794
1848
2343
1795
1849
2344
1796
1850
2345
1797
1851
2346
1798
1852
2347
1799
1853
2348
1800
1854
2349
1801
1855
2350
1802
1856
2351
1803
1857
2352
1804
1858
2353
1805
1859
2354
1806
1860
2355
1807
1861
2356
1808
1862
2357
1809
1863
2358
1810
1864
2359
1811
1865
2360
1812
1866
2361
1813
1867
2362
1814
1868
2363
1869
2364
5820
1816
1870
2365
1817
1871
2366
1818
1872
2367
1819
1873
2368
1820
1874
2369
1821
1875
2370
1822
1876
2371
1823
1877
2372
1824
1878
2373
1825
1879
2374
1826
1880
2375
1827
1881
2376
1828
1882
2377
1829
1883
2378
1830
1884
2379
1831
1885
2380
1832
1886
2381
1833
1887
2382
1834
1888
2383
1835
1889
2384
1836
1890
2385
1837
1891
2386
1838
1892
2387
1839
1893
2388
1840
1894
2389
1841
1895
2390
1842
1896
2391
1843
1897
2392
1844
1898
2393
1845
1899
2394
1846
1900
2395
1847
1901
2396
1848
1902
2397
1849
1903
2398
1850
1904
2399
1851
1905
2400
1852
1906
2401
1853
1907
2402
1854
1908
2403
1855
1909
2404
1856
1910
2405
1857
1911
2406
1858
1912
2407
1859
1913
2408
1860
1914
2409
1861
1915
2410
1862
1916
2411
1863
1917
2412
1864
1918
2413
1865
1919
2414
1866
1920
2415
1867
1921
2416
1868
1922
2417
1869
1923
2418
1924
2419
5830
1871
1925
2420
1872
1926
2421
1873
1927
2422
1874
1928
2423
1875
1929
2424
1876
1930
2425
1877
1931
2426
1878
1932
2427
1879
1933
2428
1880
1934
2429
1881
1935
2430
1882
1936
2431
1883
1937
2432
1884
1938
2433
1885
1939
2434
1886
1940
2435
1887
1941
2436
1888
1942
2437
1889
1943
2438
1890
1944
2439
1891
1945
2440
1892
1946
2441
1893
1947
2442
1894
1948
2443
1895
1949
2444
1896
1950
2445
1897
1951
2446
1898
1952
2447
1899
1953
2448
1900
1954
2449
1901
1955
2450
1902
1956
2451
1903
1957
2452
1904
1958
2453
1905
1959
2454
1906
1960
2455
1907
1961
2456
1908
1962
2457
1909
1963
2458
1910
1964
2459
1911
1965
2460
1912
1966
2461
1913
1967
2462
1914
1968
2463
1915
1969
2464
1916
1970
2465
1917
1971
2466
1918
1972
2467
1919
1973
2468
1920
1974
2469
1921
1975
2470
1922
1976
2471
1923
1977
2472
1924
1978
2473
1979
2474
5840
1926
1980
2475
1927
1981
2476
1928
1982
2477
1929
1983
2478
1930
1984
2479
1931
1985
2480
1932
1986
2481
1933
1987
2482
1934
1988
2483
1935
1989
2484
1936
1990
2485
1937
1991
2486
1938
1992
2487
1939
1993
2488
1940
1994
2489
1941
1995
2490
1942
1996
2491
1943
1997
2492
1944
1998
2493
1945
1999
2494
1946
2000
2495
1947
2001
2496
1948
2002
2497
1949
2003
2498
1950
2004
2499
1951
2005
2500
1952
2006
2501
1953
2007
2502
1954
2008
2503
1955
2009
2504
1956
2010
2505
1957
2011
2506
1958
2012
2507
1959
2013
2508
1960
2014
2509
1961
2015
2510
1962
2016
2511
1963
2017
2512
1964
2018
2513
1965
2019
2514
1966
2020
2515
1967
2021
2516
1968
2022
2517
1969
2023
2518
1970
2024
2519
1971
2025
2520
1972
2026
2521
1973
2027
2522
1974
2028
2523
1975
2029
2524
1976
2030
2525
1977
2031
2526
1978
2032
2527
1979
2033
2528
2034
2529
5850
1981
2035
2530
1982
2036
2531
1983
2037
2532
1984
2038
2533
1985
2039
2534
1986
2040
2535
1987
2041
2536
1988
2042
2537
1989
2043
2538
1990
2044
2539
1991
2045
2540
1992
2046
2541
1993
2047
2542
1994
2048
2543
1995
2049
2544
1996
2050
2545
1997
2051
2546
1998
2052
2547
1999
2053
2548
2000
2054
2549
2001
2055
2550
2002
2056
2551
2003
2057
2552
2004
2058
2553
2005
2059
2554
2006
2060
2555
2007
2061
2556
2008
2062
2557
2009
2063
2558
2010
2064
2559
2011
2065
2560
2012
2066
2561
2013
2067
2562
2014
2068
2563
2015
2069
2564
2016
2070
2565
2017
2071
2566
2018
2072
2567
2019
2073
2568
2020
2074
2569
2021
2075
2570
2022
2076
2571
2023
2077
2572
2024
2078
2573
2025
2079
2574
2026
2080
2575
2027
2081
2576
2028
2082
2577
2029
2083
2578
2030
2084
2579
2031
2085
2580
2032
2086
2581
2033
2087
2582
2034
2088
2583
2089
2584
5860
2036
2090
2585
2037
2091
2586
2038
2092
2587
2039
2093
2588
2040
2094
2589
2041
2095
2590
2042
2096
2591
2043
2097
2592
2044
2098
2593
2045
2099
2594
2046
2100
2595
2047
2101
2596
2048
2102
2597
2049
2103
2598
2050
2104
2599
2051
2105
2600
2052
2106
2601
2053
2107
2602
2054
2108
2603
2055
2109
2604
2056
2110
2605
2057
2111
2606
2058
2112
2607
2059
2113
2608
2060
2114
2609
2061
2115
2610
2062
2116
2611
2063
2117
2612
2064
2118
2613
2065
2119
2614
2066
2120
2615
2067
2121
2616
2068
2122
2617
2069
2123
2618
2070
2124
2619
2071
2125
2620
2072
2126
2621
2073
2127
2622
2074
2128
2623
2075
2129
2624
2076
2130
2625
2077
2131
2626
2078
2132
2627
2079
2133
2628
2080
2134
2629
2081
2135
2630
2082
2136
2631
2083
2137
2632
2084
2138
2633
2085
2139
2634
2086
2140
2635
2087
2141
2636
2088
2142
2637
2089
2143
2638
2144
2639
5870
2091
2145
2640
2092
2146
2641
2093
2147
2642
2094
2148
2643
2095
2149
2644
2096
2150
2645
2097
2151
2646
2098
2152
2647
2099
2153
2648
2100
2154
2649
2101
2155
2650
2102
2156
2651
2103
2157
2652
2104
2158
2653
2105
2159
2654
2106
2160
2655
2107
2161
2656
2108
2162
2657
2109
2163
2658
2110
2164
2659
2111
2165
2660
2112
2166
2661
2113
2167
2662
2114
2168
2663
2115
2169
2664
2116
2170
2665
2117
2171
2666
2118
2172
2667
2119
2173
2668
2120
2174
2669
2121
2175
2670
2122
2176
2671
2123
2177
2672
2124
2178
2673
2125
2179
2674
2126
2180
2675
2127
2181
2676
2128
2182
2677
2129
2183
2678
2130
2184
2679
2131
2185
2680
2132
2186
2681
2133
2187
2682
2134
2188
2683
2135
2189
2684
2136
2190
2685
2137
2191
2686
2138
2192
2687
2139
2193
2688
2140
2194
2689
2141
2195
2690
2142
2196
2691
2143
2197
2692
2144
2198
2693
2199
2694
5880
2146
2695
2147
2696
2148
2697
2149
2698
2150
2699
2151
2700
2152
2701
2153
2702
2154
2703
2155
2704
2156
2705
2157
2706
2158
2707
2159
2708
2160
2709
2161
2710
2162
2711
2163
2712
2164
2713
2165
2714
2166
2715
2167
2716
2168
2717
2169
2718
2170
2719
2171
2720
2172
2721
2173
2722
2174
2723
2175
2724
2176
2725
2177
2726
2178
2727
2179
2728
2180
2729
2181
2730
2182
2731
2183
2732
2184
2733
2185
2734
2186
2735
2187
2736
2188
2737
2189
2738
2190
2739
2191
2740
2192
2741
2193
2742
2194
2743
2195
2744
2196
2745
2197
2746
2198
2747
2199
2748
2749
5890
2201
2255
2750
2202
2256
2751
2203
2257
2752
2204
2258
2753
2205
2259
2754
2206
2260
2755
2207
2261
2756
2208
2262
2757
2209
2263
2758
2210
2264
2759
2211
2265
2760
2212
2266
2761
2213
2267
2762
2214
2268
2763
2215
2269
2764
2216
2270
2765
2217
2271
2766
2218
2272
2767
2219
2273
2768
2220
2274
2769
2221
2275
2770
2222
2276
2771
2223
2277
2772
2224
2278
2773
2225
2279
2774
2226
2280
2775
2227
2281
2776
2228
2282
2777
2229
2283
2778
2230
2284
2779
2231
2285
2780
2232
2286
2781
2233
2287
2782
2234
2288
2783
2235
2289
2784
2236
2290
2785
2237
2291
2786
2238
2292
2787
2239
2293
2788
2240
2294
2789
2241
2295
2790
2242
2296
2791
2243
2297
2792
2244
2298
2793
2245
2299
2794
2246
2300
2795
2247
2301
2796
2248
2302
2797
2249
2303
2798
2250
2304
2799
2251
2305
2800
2252
2306
2801
2253
2307
2802
2254
2308
2803
2309
2804
5900
2256
2310
2805
2257
2311
2806
2258
2312
2807
2259
2313
2808
2260
2314
2809
2261
2315
2810
2262
2316
2811
2263
2317
2812
2264
2318
2813
2265
2319
2814
2266
2320
2815
2267
2321
2816
2268
2322
2817
2269
2323
2818
2270
2324
2819
2271
2325
2820
2272
2326
2821
2273
2327
2822
2274
2328
2823
2275
2329
2824
2276
2330
2825
2277
2331
2826
2278
2332
2827
2279
2333
2828
2280
2334
2829
2281
2335
2830
2282
2336
2831
2283
2337
2832
2284
2338
2833
2285
2339
2834
2286
2340
2835
2287
2341
2836
2288
2342
2837
2289
2343
2838
2290
2344
2839
2291
2345
2840
2292
2346
2841
2293
2347
2842
2294
2348
2843
2295
2349
2844
2296
2350
2845
2297
2351
2846
2298
2352
2847
2299
2353
2848
2300
2354
2849
2301
2355
2850
2302
2356
2851
2303
2357
2852
2304
2358
2853
2305
2359
2854
2306
2360
2855
2307
2361
2856
2308
2362
2857
2309
2363
2858
2364
2859
5910
2311
2365
2860
2312
2366
2861
2313
2367
2862
2314
2368
2863
2315
2369
2864
2316
2370
2865
2317
2371
2866
2318
2372
2867
2319
2373
2868
2320
2374
2869
2321
2375
2870
2322
2376
2871
2323
2377
2872
2324
2378
2873
2325
2379
2874
2326
2380
2875
2327
2381
2876
2328
2382
2877
2329
2383
2878
2330
2384
2879
2331
2385
2880
2332
2386
2881
2333
2387
2882
2334
2388
2883
2335
2389
2884
2336
2390
2885
2337
2391
2886
2338
2392
2887
2339
2393
2888
2340
2394
2889
2341
2395
2890
2342
2396
2891
2343
2397
2892
2344
2398
2893
2345
2399
2894
2346
2400
2895
2347
2401
2896
2348
2402
2897
2349
2403
2898
2350
2404
2899
2351
2405
2900
2352
2406
2901
2353
2407
2902
2354
2408
2903
2355
2409
2904
2356
2410
2905
2357
2411
2906
2358
2412
2907
2359
2413
2908
2360
2414
2909
2361
2415
2910
2362
2416
2911
2363
2417
2912
2364
2418
2913
2419
2914
5920
2366
2420
2915
2367
2421
2916
2368
2422
2917
2369
2423
2918
2370
2424
2919
2371
2425
2920
2372
2426
2921
2373
2427
2922
2374
2428
2923
2375
2429
2924
2376
2430
2925
2377
2431
2926
2378
2432
2927
2379
2433
2928
2380
2434
2929
2381
2435
2930
2382
2436
2931
2383
2437
2932
2384
2438
2933
2385
2439
2934
2386
2440
2935
2387
2441
2936
2388
2442
2937
2389
2443
2938
2390
2444
2939
2391
2445
2940
2392
2446
2941
2393
2447
2942
2394
2448
2943
2395
2449
2944
2396
2450
2945
2397
2451
2946
2398
2452
2947
2399
2453
2948
2400
2454
2949
2401
2455
2950
2402
2456
2951
2403
2457
2952
2404
2458
2953
2405
2459
2954
2406
2460
2955
2407
2461
2956
2408
2462
2957
2409
2463
2958
2410
2464
2959
2411
2465
2960
2412
2466
2961
2413
2467
2962
2414
2468
2963
2415
2469
2964
2416
2470
2965
2417
2471
2966
2418
2472
2967
2419
2473
2968
2474
2969
5930
2421
2475
2970
2422
2476
2971
2423
2477
2972
2424
2478
2973
2425
2479
2974
2426
2480
2975
2427
2481
2976
2428
2482
2977
2429
2483
2978
2430
2484
2979
2431
2485
2980
2432
2486
2981
2433
2487
2982
2434
2488
2983
2435
2489
2984
2436
2490
2985
2437
2491
2986
2438
2492
2987
2439
2493
2988
2440
2494
2989
2441
2495
2990
2442
2496
2991
2443
2497
2992
2444
2498
2993
2445
2499
2994
2446
2500
2995
2447
2501
2996
2448
2502
2997
2449
2503
2998
2450
2504
2999
2451
2505
3000
2452
2506
3001
2453
2507
3002
2454
2508
3003
2455
2509
3004
2456
2510
3005
2457
2511
3006
2458
2512
3007
2459
2513
3008
2460
2514
3009
2461
2515
3010
2462
2516
3011
2463
2517
3012
2464
2518
3013
2465
2519
3014
2466
2520
3015
2467
2521
3016
2468
2522
3017
2469
2523
3018
2470
2524
3019
2471
2525
3020
2472
2526
3021
2473
2527
3022
2474
2528
3023
2529
3024
5940
2476
2530
3025
2477
2531
3026
2478
2532
3027
2479
2533
3028
2480
2534
3029
2481
2535
3030
2482
2536
3031
2483
2537
3032
2484
2538
3033
2485
2539
3034
2486
2540
3035
2487
2541
3036
2488
2542
3037
2489
2543
3038
2490
2544
3039
2491
2545
3040
2492
2546
3041
2493
2547
3042
2494
2548
3043
2495
2549
3044
2496
2550
3045
2497
2551
3046
2498
2552
3047
2499
2553
3048
2500
2554
3049
2501
2555
3050
2502
2556
3051
2503
2557
3052
2504
2558
3053
2505
2559
3054
2506
2560
3055
2507
2561
3056
2508
2562
3057
2509
2563
3058
2510
2564
3059
2511
2565
3060
2512
2566
3061
2513
2567
3062
2514
2568
3063
2515
2569
3064
2516
2570
3065
2517
2571
3066
2518
2572
3067
2519
2573
3068
2520
2574
3069
2521
2575
3070
2522
2576
3071
2523
2577
3072
2524
2578
3073
2525
2579
3074
2526
2580
3075
2527
2581
3076
2528
2582
3077
2529
2583
3078
2584
3079
5950
2531
2585
3080
2532
2586
3081
2533
2587
3082
2534
2588
3083
2535
2589
3084
2536
2590
3085
2537
2591
3086
2538
2592
3087
2539
2593
3088
2540
2594
3089
2541
2595
3090
2542
2596
3091
2543
2597
3092
2544
2598
3093
2545
2599
3094
2546
2600
3095
2547
2601
3096
2548
2602
3097
2549
2603
3098
2550
2604
3099
2551
2605
3100
2552
2606
3101
2553
2607
3102
2554
2608
3103
2555
2609
3104
2556
2610
3105
2557
2611
3106
2558
2612
3107
2559
2613
3108
2560
2614
3109
2561
2615
3110
2562
2616
3111
2563
2617
3112
2564
2618
3113
2565
2619
3114
2566
2620
3115
2567
2621
3116
2568
2622
3117
2569
2623
3118
2570
2624
3119
2571
2625
3120
2572
2626
3121
2573
2627
3122
2574
2628
3123
2575
2629
3124
2576
2630
3125
2577
2631
3126
2578
2632
3127
2579
2633
3128
2580
2634
3129
2581
2635
3130
2582
2636
3131
2583
2637
3132
2584
2638
3133
2639
3134
5960
2586
2640
3135
2587
2641
3136
2588
2642
3137
2589
2643
3138
2590
2644
3139
2591
2645
3140
2592
2646
3141
2593
2647
3142
2594
2648
3143
2595
2649
3144
2596
2650
3145
2597
2651
3146
2598
2652
3147
2599
2653
3148
2600
2654
3149
2601
2655
3150
2602
2656
3151
2603
2657
3152
2604
2658
3153
2605
2659
3154
2606
2660
3155
2607
2661
3156
2608
2662
3157
2609
2663
3158
2610
2664
3159
2611
2665
3160
2612
2666
3161
2613
2667
3162
2614
2668
3163
2615
2669
3164
2616
2670
3165
2617
2671
3166
2618
2672
3167
2619
2673
3168
2620
2674
3169
2621
2675
3170
2622
2676
3171
2623
2677
3172
2624
2678
3173
2625
2679
3174
2626
2680
3175
2627
2681
3176
2628
2682
3177
2629
2683
3178
2630
2684
3179
2631
2685
3180
2632
2686
3181
2633
2687
3182
2634
2688
3183
2635
2689
3184
2636
2690
3185
2637
2691
3186
2638
2692
3187
2639
2693
3188
2694
3189
5970
2641
2695
3190
2642
2696
3191
2643
2697
3192
2644
2698
3193
2645
2699
3194
2646
2700
3195
2647
2701
3196
2648
2702
3197
2649
2703
3198
2650
2704
3199
2651
2705
3200
2652
2706
3201
2653
2707
3202
2654
2708
3203
2655
2709
3204
2656
2710
3205
2657
2711
3206
2658
2712
3207
2659
2713
3208
2660
2714
3209
2661
2715
3210
2662
2716
3211
2663
2717
3212
2664
2718
3213
2665
2719
3214
2666
2720
3215
2667
2721
3216
2668
2722
3217
2669
2723
3218
2670
2724
3219
2671
2725
3220
2672
2726
3221
2673
2727
3222
2674
2728
3223
2675
2729
3224
2676
2730
3225
2677
2731
3226
2678
2732
3227
2679
2733
3228
2680
2734
3229
2681
2735
3230
2682
2736
3231
2683
2737
3232
2684
2738
3233
2685
2739
3234
2686
2740
3235
2687
2741
3236
2688
2742
3237
2689
2743
3238
2690
2744
3239
2691
2745
3240
2692
2746
3241
2693
2747
3242
2694
2748
3243
2749
3244
5980
2696
3245
2697
3246
2698
3247
2699
3248
2700
3249
2701
3250
2702
3251
2703
3252
2704
3253
2705
3254
2706
3255
2707
3256
2708
3257
2709
3258
2710
3259
2711
3260
2712
3261
2713
3262
2714
3263
2715
3264
2716
3265
2717
3266
2718
3267
2719
3268
2720
3269
2721
3270
2722
3271
2723
3272
2724
3273
2725
3274
2726
3275
2727
3276
2728
3277
2729
3278
2730
3279
2731
3280
2732
3281
2733
3282
2734
3283
2735
3284
2736
3285
2737
3286
2738
3287
2739
3288
2740
3289
2741
3290
2742
3291
2743
3292
2744
3293
2745
3294
2746
3295
2747
3296
2748
3297
2749
3298
3299
5990
2751
2805
3300
2752
2806
3301
2753
2807
3302
2754
2808
3303
2755
2809
3304
2756
2810
3305
2757
2811
3306
2758
2812
3307
2759
2813
3308
2760
2814
3309
2761
2815
3310
2762
2816
3311
2763
2817
3312
2764
2818
3313
2765
2819
3314
2766
2820
3315
2767
2821
3316
2768
2822
3317
2769
2823
3318
2770
2824
3319
2771
2825
3320
2772
2826
3321
2773
2827
3322
2774
2828
3323
2775
2829
3324
2776
2830
3325
2777
2831
3326
2778
2832
3327
2779
2833
3328
2780
2834
3329
2781
2835
3330
2782
2836
3331
2783
2837
3332
2784
2838
3333
2785
2839
3334
2786
2840
3335
2787
2841
3336
2788
2842
3337
2789
2843
3338
2790
2844
3339
2791
2845
3340
2792
2846
3341
2793
2847
3342
2794
2848
3343
2795
2849
3344
2796
2850
3345
2797
2851
3346
2798
2852
3347
2799
2853
3348
2800
2854
3349
2801
2855
3350
2802
2856
3351
2803
2857
3352
2804
2858
3353
2859
3354
6000
2806
2860
3355
2807
2861
3356
2808
2862
3357
2809
2863
3358
2810
2864
3359
2811
2865
3360
2812
2866
3361
2813
2867
3362
2814
2868
3363
2815
2869
3364
2816
2870
3365
2817
2871
3366
2818
2872
3367
2819
2873
3368
2820
2874
3369
2821
2875
3370
2822
2876
3371
2823
2877
3372
2824
2878
3373
2825
2879
3374
2826
2880
3375
2827
2881
3376
2828
2882
3377
2829
2883
3378
2830
2884
3379
2831
2885
3380
2832
2886
3381
2833
2887
3382
2834
2888
3383
2835
2889
3384
2836
2890
3385
2837
2891
3386
2838
2892
3387
2839
2893
3388
2840
2894
3389
2841
2895
3390
2842
2896
3391
2843
2897
3392
2844
2898
3393
2845
2899
3394
2846
2900
3395
2847
2901
3396
2848
2902
3397
2849
2903
3398
2850
2904
3399
2851
2905
3400
2852
2906
3401
2853
2907
3402
2854
2908
3403
2855
2909
3404
2856
2910
3405
2857
2911
3406
2858
2912
3407
2859
2913
3408
2914
3409
6010
2861
2915
3410
2862
2916
3411
2863
2917
3412
2864
2918
3413
2865
2919
3414
2866
2920
3415
2867
2921
3416
2868
2922
3417
2869
2923
3418
2870
2924
3419
2871
2925
3420
2872
2926
3421
2873
2927
3422
2874
2928
3423
2875
2929
3424
2876
2930
3425
2877
2931
3426
2878
2932
3427
2879
2933
3428
2880
2934
3429
2881
2935
3430
2882
2936
3431
2883
2937
3432
2884
2938
3433
2885
2939
3434
2886
2940
3435
2887
2941
3436
2888
2942
3437
2889
2943
3438
2890
2944
3439
2891
2945
3440
2892
2946
3441
2893
2947
3442
2894
2948
3443
2895
2949
3444
2896
2950
3445
2897
2951
3446
2898
2952
3447
2899
2953
3448
2900
2954
3449
2901
2955
3450
2902
2956
3451
2903
2957
3452
2904
2958
3453
2905
2959
3454
2906
2960
3455
2907
2961
3456
2908
2962
3457
2909
2963
3458
2910
2964
3459
2911
2965
3460
2912
2966
3461
2913
2967
3462
2914
2968
3463
2969
3464
6020
2916
2970
3465
2917
2971
3466
2918
2972
3467
2919
2973
3468
2920
2974
3469
2921
2975
3470
2922
2976
3471
2923
2977
3472
2924
2978
3473
2925
2979
3474
2926
2980
3475
2927
2981
3476
2928
2982
3477
2929
2983
3478
2930
2984
3479
2931
2985
3480
2932
2986
3481
2933
2987
3482
2934
2988
3483
2935
2989
3484
2936
2990
3485
2937
2991
3486
2938
2992
3487
2939
2993
3488
2940
2994
3489
2941
2995
3490
2942
2996
3491
2943
2997
3492
2944
2998
3493
2945
2999
3494
2946
3000
3495
2947
3001
3496
2948
3002
3497
2949
3003
3498
2950
3004
3499
2951
3005
3500
2952
3006
3501
2953
3007
3502
2954
3008
3503
2955
3009
3504
2956
3010
3505
2957
3011
3506
2958
3012
3507
2959
3013
3508
2960
3014
3509
2961
3015
3510
2962
3016
3511
2963
3017
3512
2964
3018
3513
2965
3019
3514
2966
3020
3515
2967
3021
3516
2968
3022
3517
2969
3023
3518
3024
3519
6030
2971
3025
3520
2972
3026
3521
2973
3027
3522
2974
3028
3523
2975
3029
3524
2976
3030
3525
2977
3031
3526
2978
3032
3527
2979
3033
3528
2980
3034
3529
2981
3035
3530
2982
3036
3531
2983
3037
3532
2984
3038
3533
2985
3039
3534
2986
3040
3535
2987
3041
3536
2988
3042
3537
2989
3043
3538
2990
3044
3539
2991
3045
3540
2992
3046
3541
2993
3047
3542
2994
3048
3543
2995
3049
3544
2996
3050
3545
2997
3051
3546
2998
3052
3547
2999
3053
3548
3000
3054
3549
3001
3055
3550
3002
3056
3551
3003
3057
3552
3004
3058
3553
3005
3059
3554
3006
3060
3555
3007
3061
3556
3008
3062
3557
3009
3063
3558
3010
3064
3559
3011
3065
3560
3012
3066
3561
3013
3067
3562
3014
3068
3563
3015
3069
3564
3016
3070
3565
3017
3071
3566
3018
3072
3567
3019
3073
3568
3020
3074
3569
3021
3075
3570
3022
3076
3571
3023
3077
3572
3024
3078
3573
3079
3574
6040
3026
3080
3575
3027
3081
3576
3028
3082
3577
3029
3083
3578
3030
3084
3579
3031
3085
3580
3032
3086
3581
3033
3087
3582
3034
3088
3583
3035
3089
3584
3036
3090
3585
3037
3091
3586
3038
3092
3587
3039
3093
3588
3040
3094
3589
3041
3095
3590
3042
3096
3591
3043
3097
3592
3044
3098
3593
3045
3099
3594
3046
3100
3595
3047
3101
3596
3048
3102
3597
3049
3103
3598
3050
3104
3599
3051
3105
3600
3052
3106
3601
3053
3107
3602
3054
3108
3603
3055
3109
3604
3056
3110
3605
3057
3111
3606
3058
3112
3607
3059
3113
3608
3060
3114
3609
3061
3115
3610
3062
3116
3611
3063
3117
3612
3064
3118
3613
3065
3119
3614
3066
3120
3615
3067
3121
3616
3068
3122
3617
3069
3123
3618
3070
3124
3619
3071
3125
3620
3072
3126
3621
3073
3127
3622
3074
3128
3623
3075
3129
3624
3076
3130
3625
3077
3131
3626
3078
3132
3627
3079
3133
3628
3134
3629
6050
3081
3135
3630
3082
3136
3631
3083
3137
3632
3084
3138
3633
3085
3139
3634
3086
3140
3635
3087
3141
3636
3088
3142
3637
3089
3143
3638
3090
3144
3639
3091
3145
3640
3092
3146
3641
3093
3147
3642
3094
3148
3643
3095
3149
3644
3096
3150
3645
3097
3151
3646
3098
3152
3647
3099
3153
3648
3100
3154
3649
3101
3155
3650
3102
3156
3651
3103
3157
3652
3104
3158
3653
3105
3159
3654
3106
3160
3655
3107
3161
3656
3108
3162
3657
3109
3163
3658
3110
3164
3659
3111
3165
3660
3112
3166
3661
3113
3167
3662
3114
3168
3663
3115
3169
3664
3116
3170
3665
3117
3171
3666
3118
3172
3667
3119
3173
3668
3120
3174
3669
3121
3175
3670
3122
3176
3671
3123
3177
3672
3124
3178
3673
3125
3179
3674
3126
3180
3675
3127
3181
3676
3128
3182
3677
3129
3183
3678
3130
3184
3679
3131
3185
3680
3132
3186
3681
3133
3187
3682
3134
3188
3683
3189
3684
6060
3136
3190
3685
3137
3191
3686
3138
3192
3687
3139
3193
3688
3140
3194
3689
3141
3195
3690
3142
3196
3691
3143
3197
3692
3144
3198
3693
3145
3199
3694
3146
3200
3695
3147
3201
3696
3148
3202
3697
3149
3203
3698
3150
3204
3699
3151
3205
3700
3152
3206
3701
3153
3207
3702
3154
3208
3703
3155
3209
3704
3156
3210
3705
3157
3211
3706
3158
3212
3707
3159
3213
3708
3160
3214
3709
3161
3215
3710
3162
3216
3711
3163
3217
3712
3164
3218
3713
3165
3219
3714
3166
3220
3715
3167
3221
3716
3168
3222
3717
3169
3223
3718
3170
3224
3719
3171
3225
3720
3172
3226
3721
3173
3227
3722
3174
3228
3723
3175
3229
3724
3176
3230
3725
3177
3231
3726
3178
3232
3727
3179
3233
3728
3180
3234
3729
3181
3235
3730
3182
3236
3731
3183
3237
3732
3184
3238
3733
3185
3239
3734
3186
3240
3735
3187
3241
3736
3188
3242
3737
3189
3243
3738
3244
3739
6070
3191
3245
3740
3192
3246
3741
3193
3247
3742
3194
3248
3743
3195
3249
3744
3196
3250
3745
3197
3251
3746
3198
3252
3747
3199
3253
3748
3200
3254
3749
3201
3255
3750
3202
3256
3751
3203
3257
3752
3204
3258
3753
3205
3259
3754
3206
3260
3755
3207
3261
3756
3208
3262
3757
3209
3263
3758
3210
3264
3759
3211
3265
3760
3212
3266
3761
3213
3267
3762
3214
3268
3763
3215
3269
3764
3216
3270
3765
3217
3271
3766
3218
3272
3767
3219
3273
3768
3220
3274
3769
3221
3275
3770
3222
3276
3771
3223
3277
3772
3224
3278
3773
3225
3279
3774
3226
3280
3775
3227
3281
3776
3228
3282
3777
3229
3283
3778
3230
3284
3779
3231
3285
3780
3232
3286
3781
3233
3287
3782
3234
3288
3783
3235
3289
3784
3236
3290
3785
3237
3291
3786
3238
3292
3787
3239
3293
3788
3240
3294
3789
3241
3295
3790
3242
3296
3791
3243
3297
3792
3244
3298
3793
3299
3794
6080
3246
3795
3247
3796
3248
3797
3249
3798
3250
3799
3251
3800
3252
3801
3253
3802
3254
3803
3255
3804
3256
3805
3257
3806
3258
3807
3259
3808
3260
3809
3261
3810
3262
3811
3263
3812
3264
3813
3265
3814
3266
3815
3267
3816
3268
3817
3269
3818
3270
3819
3271
3820
3272
3821
3273
3822
3274
3823
3275
3824
3276
3825
3277
3826
3278
3827
3279
3828
3280
3829
3281
3830
3282
3831
3283
3832
3284
3833
3285
3834
3286
3835
3287
3836
3288
3837
3289
3838
3290
3839
3291
3840
3292
3841
3293
3842
3294
3843
3295
3844
3296
3845
3297
3846
3298
3847
3299
3848
3849
6090
3301
3355
3850
3302
3356
3851
3303
3357
3852
3304
3358
3853
3305
3359
3854
3306
3360
3855
3307
3361
3856
3308
3362
3857
3309
3363
3858
3310
3364
3859
3311
3365
3860
3312
3366
3861
3313
3367
3862
3314
3368
3863
3315
3369
3864
3316
3370
3865
3317
3371
3866
3318
3372
3867
3319
3373
3868
3320
3374
3869
3321
3375
3870
3322
3376
3871
3323
3377
3872
3324
3378
3873
3325
3379
3874
3326
3380
3875
3327
3381
3876
3328
3382
3877
3329
3383
3878
3330
3384
3879
3331
3385
3880
3332
3386
3881
3333
3387
3882
3334
3388
3883
3335
3389
3884
3336
3390
3885
3337
3391
3886
3338
3392
3887
3339
3393
3888
3340
3394
3889
3341
3395
3890
3342
3396
3891
3343
3397
3892
3344
3398
3893
3345
3399
3894
3346
3400
3895
3347
3401
3896
3348
3402
3897
3349
3403
3898
3350
3404
3899
3351
3405
3900
3352
3406
3901
3353
3407
3902
3354
3408
3903
3409
3904
6100
3356
3410
3905
3357
3411
3906
3358
3412
3907
3359
3413
3908
3360
3414
3909
3361
3415
3910
3362
3416
3911
3363
3417
3912
3364
3418
3913
3365
3419
3914
3366
3420
3915
3367
3421
3916
3368
3422
3917
3369
3423
3918
3370
3424
3919
3371
3425
3920
3372
3426
3921
3373
3427
3922
3374
3428
3923
3375
3429
3924
3376
3430
3925
3377
3431
3926
3378
3432
3927
3379
3433
3928
3380
3434
3929
3381
3435
3930
3382
3436
3931
3383
3437
3932
3384
3438
3933
3385
3439
3934
3386
3440
3935
3387
3441
3936
3388
3442
3937
3389
3443
3938
3390
3444
3939
3391
3445
3940
3392
3446
3941
3393
3447
3942
3394
3448
3943
3395
3449
3944
3396
3450
3945
3397
3451
3946
3398
3452
3947
3399
3453
3948
3400
3454
3949
3401
3455
3950
3402
3456
3951
3403
3457
3952
3404
3458
3953
3405
3459
3954
3406
3460
3955
3407
3461
3956
3408
3462
3957
3409
3463
3958
3464
3959
6110
3411
3465
3960
3412
3466
3961
3413
3467
3962
3414
3468
3963
3415
3469
3964
3416
3470
3965
3417
3471
3966
3418
3472
3967
3419
3473
3968
3420
3474
3969
3421
3475
3970
3422
3476
3971
3423
3477
3972
3424
3478
3973
3425
3479
3974
3426
3480
3975
3427
3481
3976
3428
3482
3977
3429
3483
3978
3430
3484
3979
3431
3485
3980
3432
3486
3981
3433
3487
3982
3434
3488
3983
3435
3489
3984
3436
3490
3985
3437
3491
3986
3438
3492
3987
3439
3493
3988
3440
3494
3989
3441
3495
3990
3442
3496
3991
3443
3497
3992
3444
3498
3993
3445
3499
3994
3446
3500
3995
3447
3501
3996
3448
3502
3997
3449
3503
3998
3450
3504
3999
3451
3505
4000
3452
3506
4001
3453
3507
4002
3454
3508
4003
3455
3509
4004
3456
3510
4005
3457
3511
4006
3458
3512
4007
3459
3513
4008
3460
3514
4009
3461
3515
4010
3462
3516
4011
3463
3517
4012
3464
3518
4013
3519
4014
6120
3466
3520
4015
3467
3521
4016
3468
3522
4017
3469
3523
4018
3470
3524
4019
3471
3525
4020
3472
3526
4021
3473
3527
4022
3474
3528
4023
3475
3529
4024
3476
3530
4025
3477
3531
4026
3478
3532
4027
3479
3533
4028
3480
3534
4029
3481
3535
4030
3482
3536
4031
3483
3537
4032
3484
3538
4033
3485
3539
4034
3486
3540
4035
3487
3541
4036
3488
3542
4037
3489
3543
4038
3490
3544
4039
3491
3545
4040
3492
3546
4041
3493
3547
4042
3494
3548
4043
3495
3549
4044
3496
3550
4045
3497
3551
4046
3498
3552
4047
3499
3553
4048
3500
3554
4049
3501
3555
4050
3502
3556
4051
3503
3557
4052
3504
3558
4053
3505
3559
4054
3506
3560
4055
3507
3561
4056
3508
3562
4057
3509
3563
4058
3510
3564
4059
3511
3565
4060
3512
3566
4061
3513
3567
4062
3514
3568
4063
3515
3569
4064
3516
3570
4065
3517
3571
4066
3518
3572
4067
3519
3573
4068
3574
4069
6130
3521
3575
4070
3522
3576
4071
3523
3577
4072
3524
3578
4073
3525
3579
4074
3526
3580
4075
3527
3581
4076
3528
3582
4077
3529
3583
4078
3530
3584
4079
3531
3585
4080
3532
3586
4081
3533
3587
4082
3534
3588
4083
3535
3589
4084
3536
3590
4085
3537
3591
4086
3538
3592
4087
3539
3593
4088
3540
3594
4089
3541
3595
4090
3542
3596
4091
3543
3597
4092
3544
3598
4093
3545
3599
4094
3546
3600
4095
3547
3601
4096
3548
3602
4097
3549
3603
4098
3550
3604
4099
3551
3605
4100
3552
3606
4101
3553
3607
4102
3554
3608
4103
3555
3609
4104
3556
3610
4105
3557
3611
4106
3558
3612
4107
3559
3613
4108
3560
3614
4109
3561
3615
4110
3562
3616
4111
3563
3617
4112
3564
3618
4113
3565
3619
4114
3566
3620
4115
3567
3621
4116
3568
3622
4117
3569
3623
4118
3570
3624
4119
3571
3625
4120
3572
3626
4121
3573
3627
4122
3574
3628
4123
3629
4124
6140
3576
3630
4125
3577
3631
4126
3578
3632
4127
3579
3633
4128
3580
3634
4129
3581
3635
4130
3582
3636
4131
3583
3637
4132
3584
3638
4133
3585
3639
4134
3586
3640
4135
3587
3641
4136
3588
3642
4137
3589
3643
4138
3590
3644
4139
3591
3645
4140
3592
3646
4141
3593
3647
4142
3594
3648
4143
3595
3649
4144
3596
3650
4145
3597
3651
4146
3598
3652
4147
3599
3653
4148
3600
3654
4149
3601
3655
4150
3602
3656
4151
3603
3657
4152
3604
3658
4153
3605
3659
4154
3606
3660
4155
3607
3661
4156
3608
3662
4157
3609
3663
4158
3610
3664
4159
3611
3665
4160
3612
3666
4161
3613
3667
4162
3614
3668
4163
3615
3669
4164
3616
3670
4165
3617
3671
4166
3618
3672
4167
3619
3673
4168
3620
3674
4169
3621
3675
4170
3622
3676
4171
3623
3677
4172
3624
3678
4173
3625
3679
4174
3626
3680
4175
3627
3681
4176
3628
3682
4177
3629
3683
4178
3684
4179
6150
3631
3685
4180
3632
3686
4181
3633
3687
4182
3634
3688
4183
3635
3689
4184
3636
3690
4185
3637
3691
4186
3638
3692
4187
3639
3693
4188
3640
3694
4189
3641
3695
4190
3642
3696
4191
3643
3697
4192
3644
3698
4193
3645
3699
4194
3646
3700
4195
3647
3701
4196
3648
3702
4197
3649
3703
4198
3650
3704
4199
3651
3705
4200
3652
3706
4201
3653
3707
4202
3654
3708
4203
3655
3709
4204
3656
3710
4205
3657
3711
4206
3658
3712
4207
3659
3713
4208
3660
3714
4209
3661
3715
4210
3662
3716
4211
3663
3717
4212
3664
3718
4213
3665
3719
4214
3666
3720
4215
3667
3721
4216
3668
3722
4217
3669
3723
4218
3670
3724
4219
3671
3725
4220
3672
3726
4221
3673
3727
4222
3674
3728
4223
3675
3729
4224
3676
3730
4225
3677
3731
4226
3678
3732
4227
3679
3733
4228
3680
3734
4229
3681
3735
4230
3682
3736
4231
3683
3737
4232
3684
3738
4233
3739
4234
6160
3686
3740
4235
3687
3741
4236
3688
3742
4237
3689
3743
4238
3690
3744
4239
3691
3745
4240
3692
3746
4241
3693
3747
4242
3694
3748
4243
3695
3749
4244
3696
3750
4245
3697
3751
4246
3698
3752
4247
3699
3753
4248
3700
3754
4249
3701
3755
4250
3702
3756
4251
3703
3757
4252
3704
3758
4253
3705
3759
4254
3706
3760
4255
3707
3761
4256
3708
3762
4257
3709
3763
4258
3710
3764
4259
3711
3765
4260
3712
3766
4261
3713
3767
4262
3714
3768
4263
3715
3769
4264
3716
3770
4265
3717
3771
4266
3718
3772
4267
3719
3773
4268
3720
3774
4269
3721
3775
4270
3722
3776
4271
3723
3777
4272
3724
3778
4273
3725
3779
4274
3726
3780
4275
3727
3781
4276
3728
3782
4277
3729
3783
4278
3730
3784
4279
3731
3785
4280
3732
3786
4281
3733
3787
4282
3734
3788
4283
3735
3789
4284
3736
3790
4285
3737
3791
4286
3738
3792
4287
3739
3793
4288
3794
4289
6170
3741
3795
4290
3742
3796
4291
3743
3797
4292
3744
3798
4293
3745
3799
4294
3746
3800
4295
3747
3801
4296
3748
3802
4297
3749
3803
4298
3750
3804
4299
3751
3805
4300
3752
3806
4301
3753
3807
4302
3754
3808
4303
3755
3809
4304
3756
3810
4305
3757
3811
4306
3758
3812
4307
3759
3813
4308
3760
3814
4309
3761
3815
4310
3762
3816
4311
3763
3817
4312
3764
3818
4313
3765
3819
4314
3766
3820
4315
3767
3821
4316
3768
3822
4317
3769
3823
4318
3770
3824
4319
3771
3825
4320
3772
3826
4321
3773
3827
4322
3774
3828
4323
3775
3829
4324
3776
3830
4325
3777
3831
4326
3778
3832
4327
3779
3833
4328
3780
3834
4329
3781
3835
4330
3782
3836
4331
3783
3837
4332
3784
3838
4333
3785
3839
4334
3786
3840
4335
3787
3841
4336
3788
3842
4337
3789
3843
4338
3790
3844
4339
3791
3845
4340
3792
3846
4341
3793
3847
4342
3794
3848
4343
3849
4344
6180
3796
4345
3797
4346
3798
4347
3799
4348
3800
4349
3801
4350
3802
4351
3803
4352
3804
4353
3805
4354
3806
4355
3807
4356
3808
4357
3809
4358
3810
4359
3811
4360
3812
4361
3813
4362
3814
4363
3815
4364
3816
4365
3817
4366
3818
4367
3819
4368
3820
4369
3821
4370
3822
4371
3823
4372
3824
4373
3825
4374
3826
4375
3827
4376
3828
4377
3829
4378
3830
4379
3831
4380
3832
4381
3833
4382
3834
4383
3835
4384
3836
4385
3837
4386
3838
4387
3839
4388
3840
4389
3841
4390
3842
4391
3843
4392
3844
4393
3845
4394
3846
4395
3847
4396
3848
4397
3849
4398
4399
6190
3851
3905
4400
3852
3906
4401
3853
3907
4402
3854
3908
4403
3855
3909
4404
3856
3910
4405
3857
3911
4406
3858
3912
4407
3859
3913
4408
3860
3914
4409
3861
3915
4410
3862
3916
4411
3863
3917
4412
3864
3918
4413
3865
3919
4414
3866
3920
4415
3867
3921
4416
3868
3922
4417
3869
3923
4418
3870
3924
4419
3871
3925
4420
3872
3926
4421
3873
3927
4422
3874
3928
4423
3875
3929
4424
3876
3930
4425
3877
3931
4426
3878
3932
4427
3879
3933
4428
3880
3934
4429
3881
3935
4430
3882
3936
4431
3883
3937
4432
3884
3938
4433
3885
3939
4434
3886
3940
4435
3887
3941
4436
3888
3942
4437
3889
3943
4438
3890
3944
4439
3891
3945
4440
3892
3946
4441
3893
3947
4442
3894
3948
4443
3895
3949
4444
3896
3950
4445
3897
3951
4446
3898
3952
4447
3899
3953
4448
3900
3954
4449
3901
3955
4450
3902
3956
4451
3903
3957
4452
3904
3958
4453
3959
4454
6200
3906
3960
4455
3907
3961
4456
3908
3962
4457
3909
3963
4458
3910
3964
4459
3911
3965
4460
3912
3966
4461
3913
3967
4462
3914
3968
4463
3915
3969
4464
3916
3970
4465
3917
3971
4466
3918
3972
4467
3919
3973
4468
3920
3974
4469
3921
3975
4470
3922
3976
4471
3923
3977
4472
3924
3978
4473
3925
3979
4474
3926
3980
4475
3927
3981
4476
3928
3982
4477
3929
3983
4478
3930
3984
4479
3931
3985
4480
3932
3986
4481
3933
3987
4482
3934
3988
4483
3935
3989
4484
3936
3990
4485
3937
3991
4486
3938
3992
4487
3939
3993
4488
3940
3994
4489
3941
3995
4490
3942
3996
4491
3943
3997
4492
3944
3998
4493
3945
3999
4494
3946
4000
4495
3947
4001
4496
3948
4002
4497
3949
4003
4498
3950
4004
4499
3951
4005
4500
3952
4006
4501
3953
4007
4502
3954
4008
4503
3955
4009
4504
3956
4010
4505
3957
4011
4506
3958
4012
4507
3959
4013
4508
4014
4509
6210
3961
4015
4510
3962
4016
4511
3963
4017
4512
3964
4018
4513
3965
4019
4514
3966
4020
4515
3967
4021
4516
3968
4022
4517
3969
4023
4518
3970
4024
4519
3971
4025
4520
3972
4026
4521
3973
4027
4522
3974
4028
4523
3975
4029
4524
3976
4030
4525
3977
4031
4526
3978
4032
4527
3979
4033
4528
3980
4034
4529
3981
4035
4530
3982
4036
4531
3983
4037
4532
3984
4038
4533
3985
4039
4534
3986
4040
4535
3987
4041
4536
3988
4042
4537
3989
4043
4538
3990
4044
4539
3991
4045
4540
3992
4046
4541
3993
4047
4542
3994
4048
4543
3995
4049
4544
3996
4050
4545
3997
4051
4546
3998
4052
4547
3999
4053
4548
4000
4054
4549
4001
4055
4550
4002
4056
4551
4003
4057
4552
4004
4058
4553
4005
4059
4554
4006
4060
4555
4007
4061
4556
4008
4062
4557
4009
4063
4558
4010
4064
4559
4011
4065
4560
4012
4066
4561
4013
4067
4562
4014
4068
4563
4069
4564
6220
4016
4070
4565
4017
4071
4566
4018
4072
4567
4019
4073
4568
4020
4074
4569
4021
4075
4570
4022
4076
4571
4023
4077
4572
4024
4078
4573
4025
4079
4574
4026
4080
4575
4027
4081
4576
4028
4082
4577
4029
4083
4578
4030
4084
4579
4031
4085
4580
4032
4086
4581
4033
4087
4582
4034
4088
4583
4035
4089
4584
4036
4090
4585
4037
4091
4586
4038
4092
4587
4039
4093
4588
4040
4094
4589
4041
4095
4590
4042
4096
4591
4043
4097
4592
4044
4098
4593
4045
4099
4594
4046
4100
4595
4047
4101
4596
4048
4102
4597
4049
4103
4598
4050
4104
4599
4051
4105
4600
4052
4106
4601
4053
4107
4602
4054
4108
4603
4055
4109
4604
4056
4110
4605
4057
4111
4606
4058
4112
4607
4059
4113
4608
4060
4114
4609
4061
4115
4610
4062
4116
4611
4063
4117
4612
4064
4118
4613
4065
4119
4614
4066
4120
4615
4067
4121
4616
4068
4122
4617
4069
4123
4618
4124
4619
6230
4071
4125
4620
4072
4126
4621
4073
4127
4622
4074
4128
4623
4075
4129
4624
4076
4130
4625
4077
4131
4626
4078
4132
4627
4079
4133
4628
4080
4134
4629
4081
4135
4630
4082
4136
4631
4083
4137
4632
4084
4138
4633
4085
4139
4634
4086
4140
4635
4087
4141
4636
4088
4142
4637
4089
4143
4638
4090
4144
4639
4091
4145
4640
4092
4146
4641
4093
4147
4642
4094
4148
4643
4095
4149
4644
4096
4150
4645
4097
4151
4646
4098
4152
4647
4099
4153
4648
4100
4154
4649
4101
4155
4650
4102
4156
4651
4103
4157
4652
4104
4158
4653
4105
4159
4654
4106
4160
4655
4107
4161
4656
4108
4162
4657
4109
4163
4658
4110
4164
4659
4111
4165
4660
4112
4166
4661
4113
4167
4662
4114
4168
4663
4115
4169
4664
4116
4170
4665
4117
4171
4666
4118
4172
4667
4119
4173
4668
4120
4174
4669
4121
4175
4670
4122
4176
4671
4123
4177
4672
4124
4178
4673
4179
4674
6240
4126
4180
4675
4127
4181
4676
4128
4182
4677
4129
4183
4678
4130
4184
4679
4131
4185
4680
4132
4186
4681
4133
4187
4682
4134
4188
4683
4135
4189
4684
4136
4190
4685
4137
4191
4686
4138
4192
4687
4139
4193
4688
4140
4194
4689
4141
4195
4690
4142
4196
4691
4143
4197
4692
4144
4198
4693
4145
4199
4694
4146
4200
4695
4147
4201
4696
4148
4202
4697
4149
4203
4698
4150
4204
4699
4151
4205
4700
4152
4206
4701
4153
4207
4702
4154
4208
4703
4155
4209
4704
4156
4210
4705
4157
4211
4706
4158
4212
4707
4159
4213
4708
4160
4214
4709
4161
4215
4710
4162
4216
4711
4163
4217
4712
4164
4218
4713
4165
4219
4714
4166
4220
4715
4167
4221
4716
4168
4222
4717
4169
4223
4718
4170
4224
4719
4171
4225
4720
4172
4226
4721
4173
4227
4722
4174
4228
4723
4175
4229
4724
4176
4230
4725
4177
4231
4726
4178
4232
4727
4179
4233
4728
4234
4729
6250
4181
4235
4730
4182
4236
4731
4183
4237
4732
4184
4238
4733
4185
4239
4734
4186
4240
4735
4187
4241
4736
4188
4242
4737
4189
4243
4738
4190
4244
4739
4191
4245
4740
4192
4246
4741
4193
4247
4742
4194
4248
4743
4195
4249
4744
4196
4250
4745
4197
4251
4746
4198
4252
4747
4199
4253
4748
4200
4254
4749
4201
4255
4750
4202
4256
4751
4203
4257
4752
4204
4258
4753
4205
4259
4754
4206
4260
4755
4207
4261
4756
4208
4262
4757
4209
4263
4758
4210
4264
4759
4211
4265
4760
4212
4266
4761
4213
4267
4762
4214
4268
4763
4215
4269
4764
4216
4270
4765
4217
4271
4766
4218
4272
4767
4219
4273
4768
4220
4274
4769
4221
4275
4770
4222
4276
4771
4223
4277
4772
4224
4278
4773
4225
4279
4774
4226
4280
4775
4227
4281
4776
4228
4282
4777
4229
4283
4778
4230
4284
4779
4231
4285
4780
4232
4286
4781
4233
4287
4782
4234
4288
4783
4289
4784
6260
4236
4290
4785
4237
4291
4786
4238
4292
4787
4239
4293
4788
4240
4294
4789
4241
4295
4790
4242
4296
4791
4243
4297
4792
4244
4298
4793
4245
4299
4794
4246
4300
4795
4247
4301
4796
4248
4302
4797
4249
4303
4798
4250
4304
4799
4251
4305
4800
4252
4306
4801
4253
4307
4802
4254
4308
4803
4255
4309
4804
4256
4310
4805
4257
4311
4806
4258
4312
4807
4259
4313
4808
4260
4314
4809
4261
4315
4810
4262
4316
4811
4263
4317
4812
4264
4318
4813
4265
4319
4814
4266
4320
4815
4267
4321
4816
4268
4322
4817
4269
4323
4818
4270
4324
4819
4271
4325
4820
4272
4326
4821
4273
4327
4822
4274
4328
4823
4275
4329
4824
4276
4330
4825
4277
4331
4826
4278
4332
4827
4279
4333
4828
4280
4334
4829
4281
4335
4830
4282
4336
4831
4283
4337
4832
4284
4338
4833
4285
4339
4834
4286
4340
4835
4287
4341
4836
4288
4342
4837
4289
4343
4838
4344
4839
6270
4291
4345
4840
4292
4346
4841
4293
4347
4842
4294
4348
4843
4295
4349
4844
4296
4350
4845
4297
4351
4846
4298
4352
4847
4299
4353
4848
4300
4354
4849
4301
4355
4850
4302
4356
4851
4303
4357
4852
4304
4358
4853
4305
4359
4854
4306
4360
4855
4307
4361
4856
4308
4362
4857
4309
4363
4858
4310
4364
4859
4311
4365
4860
4312
4366
4861
4313
4367
4862
4314
4368
4863
4315
4369
4864
4316
4370
4865
4317
4371
4866
4318
4372
4867
4319
4373
4868
4320
4374
4869
4321
4375
4870
4322
4376
4871
4323
4377
4872
4324
4378
4873
4325
4379
4874
4326
4380
4875
4327
4381
4876
4328
4382
4877
4329
4383
4878
4330
4384
4879
4331
4385
4880
4332
4386
4881
4333
4387
4882
4334
4388
4883
4335
4389
4884
4336
4390
4885
4337
4391
4886
4338
4392
4887
4339
4393
4888
4340
4394
4889
4341
4395
4890
4342
4396
4891
4343
4397
4892
4344
4398
4893
4399
4894
6280
4346
4895
4347
4896
4348
4897
4349
4898
4350
4899
4351
4900
4352
4901
4353
4902
4354
4903
4355
4904
4356
4905
4357
4906
4358
4907
4359
4908
4360
4909
4361
4910
4362
4911
4363
4912
4364
4913
4365
4914
4366
4915
4367
4916
4368
4917
4369
4918
4370
4919
4371
4920
4372
4921
4373
4922
4374
4923
4375
4924
4376
4925
4377
4926
4378
4927
4379
4928
4380
4929
4381
4930
4382
4931
4383
4932
4384
4933
4385
4934
4386
4935
4387
4936
4388
4937
4389
4938
4390
4939
4391
4940
4392
4941
4393
4942
4394
4943
4395
4944
4396
4945
4397
4946
4398
4947
4399
4948
4949
6290
4401
4455
4950
4402
4456
4951
4403
4457
4952
4404
4458
4953
4405
4459
4954
4406
4460
4955
4407
4461
4956
4408
4462
4957
4409
4463
4958
4410
4464
4959
4411
4465
4960
4412
4466
4961
4413
4467
4962
4414
4468
4963
4415
4469
4964
4416
4470
4965
4417
4471
4966
4418
4472
4967
4419
4473
4968
4420
4474
4969
4421
4475
4970
4422
4476
4971
4423
4477
4972
4424
4478
4973
4425
4479
4974
4426
4480
4975
4427
4481
4976
4428
4482
4977
4429
4483
4978
4430
4484
4979
4431
4485
4980
4432
4486
4981
4433
4487
4982
4434
4488
4983
4435
4489
4984
4436
4490
4985
4437
4491
4986
4438
4492
4987
4439
4493
4988
4440
4494
4989
4441
4495
4990
4442
4496
4991
4443
4497
4992
4444
4498
4993
4445
4499
4994
4446
4500
4995
4447
4501
4996
4448
4502
4997
4449
4503
4998
4450
4504
4999
4451
4505
5000
4452
4506
5001
4453
4507
5002
4454
4508
5003
4509
5004
6300
4456
4510
5005
4457
4511
5006
4458
4512
5007
4459
4513
5008
4460
4514
5009
4461
4515
5010
4462
4516
5011
4463
4517
5012
4464
4518
5013
4465
4519
5014
4466
4520
5015
4467
4521
5016
4468
4522
5017
4469
4523
5018
4470
4524
5019
4471
4525
5020
4472
4526
5021
4473
4527
5022
4474
4528
5023
4475
4529
5024
4476
4530
5025
4477
4531
5026
4478
4532
5027
4479
4533
5028
4480
4534
5029
4481
4535
5030
4482
4536
5031
4483
4537
5032
4484
4538
5033
4485
4539
5034
4486
4540
5035
4487
4541
5036
4488
4542
5037
4489
4543
5038
4490
4544
5039
4491
4545
5040
4492
4546
5041
4493
4547
5042
4494
4548
5043
4495
4549
5044
4496
4550
5045
4497
4551
5046
4498
4552
5047
4499
4553
5048
4500
4554
5049
4501
4555
5050
4502
4556
5051
4503
4557
5052
4504
4558
5053
4505
4559
5054
4506
4560
5055
4507
4561
5056
4508
4562
5057
4509
4563
5058
4564
5059
6310
4511
4565
5060
4512
4566
5061
4513
4567
5062
4514
4568
5063
4515
4569
5064
4516
4570
5065
4517
4571
5066
4518
4572
5067
4519
4573
5068
4520
4574
5069
4521
4575
5070
4522
4576
5071
4523
4577
5072
4524
4578
5073
4525
4579
5074
4526
4580
5075
4527
4581
5076
4528
4582
5077
4529
4583
5078
4530
4584
5079
4531
4585
5080
4532
4586
5081
4533
4587
5082
4534
4588
5083
4535
4589
5084
4536
4590
5085
4537
4591
5086
4538
4592
5087
4539
4593
5088
4540
4594
5089
4541
4595
5090
4542
4596
5091
4543
4597
5092
4544
4598
5093
4545
4599
5094
4546
4600
5095
4547
4601
5096
4548
4602
5097
4549
4603
5098
4550
4604
5099
4551
4605
5100
4552
4606
5101
4553
4607
5102
4554
4608
5103
4555
4609
5104
4556
4610
5105
4557
4611
5106
4558
4612
5107
4559
4613
5108
4560
4614
5109
4561
4615
5110
4562
4616
5111
4563
4617
5112
4564
4618
5113
4619
5114
6320
4566
4620
5115
4567
4621
5116
4568
4622
5117
4569
4623
5118
4570
4624
5119
4571
4625
5120
4572
4626
5121
4573
4627
5122
4574
4628
5123
4575
4629
5124
4576
4630
5125
4577
4631
5126
4578
4632
5127
4579
4633
5128
4580
4634
5129
4581
4635
5130
4582
4636
5131
4583
4637
5132
4584
4638
5133
4585
4639
5134
4586
4640
5135
4587
4641
5136
4588
4642
5137
4589
4643
5138
4590
4644
5139
4591
4645
5140
4592
4646
5141
4593
4647
5142
4594
4648
5143
4595
4649
5144
4596
4650
5145
4597
4651
5146
4598
4652
5147
4599
4653
5148
4600
4654
5149
4601
4655
5150
4602
4656
5151
4603
4657
5152
4604
4658
5153
4605
4659
5154
4606
4660
5155
4607
4661
5156
4608
4662
5157
4609
4663
5158
4610
4664
5159
4611
4665
5160
4612
4666
5161
4613
4667
5162
4614
4668
5163
4615
4669
5164
4616
4670
5165
4617
4671
5166
4618
4672
5167
4619
4673
5168
4674
5169
6330
4621
4675
5170
4622
4676
5171
4623
4677
5172
4624
4678
5173
4625
4679
5174
4626
4680
5175
4627
4681
5176
4628
4682
5177
4629
4683
5178
4630
4684
5179
4631
4685
5180
4632
4686
5181
4633
4687
5182
4634
4688
5183
4635
4689
5184
4636
4690
5185
4637
4691
5186
4638
4692
5187
4639
4693
5188
4640
4694
5189
4641
4695
5190
4642
4696
5191
4643
4697
5192
4644
4698
5193
4645
4699
5194
4646
4700
5195
4647
4701
5196
4648
4702
5197
4649
4703
5198
4650
4704
5199
4651
4705
5200
4652
4706
5201
4653
4707
5202
4654
4708
5203
4655
4709
5204
4656
4710
5205
4657
4711
5206
4658
4712
5207
4659
4713
5208
4660
4714
5209
4661
4715
5210
4662
4716
5211
4663
4717
5212
4664
4718
5213
4665
4719
5214
4666
4720
5215
4667
4721
5216
4668
4722
5217
4669
4723
5218
4670
4724
5219
4671
4725
5220
4672
4726
5221
4673
4727
5222
4674
4728
5223
4729
5224
6340
4676
4730
5225
4677
4731
5226
4678
4732
5227
4679
4733
5228
4680
4734
5229
4681
4735
5230
4682
4736
5231
4683
4737
5232
4684
4738
5233
4685
4739
5234
4686
4740
5235
4687
4741
5236
4688
4742
5237
4689
4743
5238
4690
4744
5239
4691
4745
5240
4692
4746
5241
4693
4747
5242
4694
4748
5243
4695
4749
5244
4696
4750
5245
4697
4751
5246
4698
4752
5247
4699
4753
5248
4700
4754
5249
4701
4755
5250
4702
4756
5251
4703
4757
5252
4704
4758
5253
4705
4759
5254
4706
4760
5255
4707
4761
5256
4708
4762
5257
4709
4763
5258
4710
4764
5259
4711
4765
5260
4712
4766
5261
4713
4767
5262
4714
4768
5263
4715
4769
5264
4716
4770
5265
4717
4771
5266
4718
4772
5267
4719
4773
5268
4720
4774
5269
4721
4775
5270
4722
4776
5271
4723
4777
5272
4724
4778
5273
4725
4779
5274
4726
4780
5275
4727
4781
5276
4728
4782
5277
4729
4783
5278
4784
5279
6350
4731
4785
5280
4732
4786
5281
4733
4787
5282
4734
4788
5283
4735
4789
5284
4736
4790
5285
4737
4791
5286
4738
4792
5287
4739
4793
5288
4740
4794
5289
4741
4795
5290
4742
4796
5291
4743
4797
5292
4744
4798
5293
4745
4799
5294
4746
4800
5295
4747
4801
5296
4748
4802
5297
4749
4803
5298
4750
4804
5299
4751
4805
5300
4752
4806
5301
4753
4807
5302
4754
4808
5303
4755
4809
5304
4756
4810
5305
4757
4811
5306
4758
4812
5307
4759
4813
5308
4760
4814
5309
4761
4815
5310
4762
4816
5311
4763
4817
5312
4764
4818
5313
4765
4819
5314
4766
4820
5315
4767
4821
5316
4768
4822
5317
4769
4823
5318
4770
4824
5319
4771
4825
5320
4772
4826
5321
4773
4827
5322
4774
4828
5323
4775
4829
5324
4776
4830
5325
4777
4831
5326
4778
4832
5327
4779
4833
5328
4780
4834
5329
4781
4835
5330
4782
4836
5331
4783
4837
5332
4784
4838
5333
4839
5334
6360
4786
4840
5335
4787
4841
5336
4788
4842
5337
4789
4843
5338
4790
4844
5339
4791
4845
5340
4792
4846
5341
4793
4847
5342
4794
4848
5343
4795
4849
5344
4796
4850
5345
4797
4851
5346
4798
4852
5347
4799
4853
5348
4800
4854
5349
4801
4855
5350
4802
4856
5351
4803
4857
5352
4804
4858
5353
4805
4859
5354
4806
4860
5355
4807
4861
5356
4808
4862
5357
4809
4863
5358
4810
4864
5359
4811
4865
5360
4812
4866
5361
4813
4867
5362
4814
4868
5363
4815
4869
5364
4816
4870
5365
4817
4871
5366
4818
4872
5367
4819
4873
5368
4820
4874
5369
4821
4875
5370
4822
4876
5371
4823
4877
5372
4824
4878
5373
4825
4879
5374
4826
4880
5375
4827
4881
5376
4828
4882
5377
4829
4883
5378
4830
4884
5379
4831
4885
5380
4832
4886
5381
4833
4887
5382
4834
4888
5383
4835
4889
5384
4836
4890
5385
4837
4891
5386
4838
4892
5387
4839
4893
5388
4894
5389
6370
4841
4895
5390
4842
4896
5391
4843
4897
5392
4844
4898
5393
4845
4899
5394
4846
4900
5395
4847
4901
5396
4848
4902
5397
4849
4903
5398
4850
4904
5399
4851
4905
5400
4852
4906
5401
4853
4907
5402
4854
4908
5403
4855
4909
5404
4856
4910
5405
4857
4911
5406
4858
4912
5407
4859
4913
5408
4860
4914
5409
4861
4915
5410
4862
4916
5411
4863
4917
5412
4864
4918
5413
4865
4919
5414
4866
4920
5415
4867
4921
5416
4868
4922
5417
4869
4923
5418
4870
4924
5419
4871
4925
5420
4872
4926
5421
4873
4927
5422
4874
4928
5423
4875
4929
5424
4876
4930
5425
4877
4931
5426
4878
4932
5427
4879
4933
5428
4880
4934
5429
4881
4935
5430
4882
4936
5431
4883
4937
5432
4884
4938
5433
4885
4939
5434
4886
4940
5435
4887
4941
5436
4888
4942
5437
4889
4943
5438
4890
4944
5439
4891
4945
5440
4892
4946
5441
4893
4947
5442
4894
4948
5443
4949
5444
6380
4896
5445
4897
5446
4898
5447
4899
5448
4900
5449
4901
5450
4902
5451
4903
5452
4904
5453
4905
5454
4906
5455
4907
5456
4908
5457
4909
5458
4910
5459
4911
5460
4912
5461
4913
5462
4914
5463
4915
5464
4916
5465
4917
5466
4918
5467
4919
5468
4920
5469
4921
5470
4922
5471
4923
5472
4924
5473
4925
5474
4926
5475
4927
5476
4928
5477
4929
5478
4930
5479
4931
5480
4932
5481
4933
5482
4934
5483
4935
5484
4936
5485
4937
5486
4938
5487
4939
5488
4940
5489
4941
5490
4942
5491
4943
5492
4944
5493
4945
5494
4946
5495
4947
5496
4948
5497
4949
5498
5499
6390
4951
5005
4952
5006
4953
5007
4954
5008
4955
5009
4956
5010
4957
5011
4958
5012
4959
5013
4960
5014
4961
5015
4962
5016
4963
5017
4964
5018
4965
5019
4966
5020
4967
5021
4968
5022
4969
5023
4970
5024
4971
5025
4972
5026
4973
5027
4974
5028
4975
5029
4976
5030
4977
5031
4978
5032
4979
5033
4980
5034
4981
5035
4982
5036
4983
5037
4984
5038
4985
5039
4986
5040
4987
5041
4988
5042
4989
5043
4990
5044
4991
5045
4992
5046
4993
5047
4994
5048
4995
5049
4996
5050
4997
5051
4998
5052
4999
5053
5000
5054
5001
5055
5002
5056
5003
5057
5004
5058
5059
6400
5006
5060
5007
5061
5008
5062
5009
5063
5010
5064
5011
5065
5012
5066
5013
5067
5014
5068
5015
5069
5016
5070
5017
5071
5018
5072
5019
5073
5020
5074
5021
5075
5022
5076
5023
5077
5024
5078
5025
5079
5026
5080
5027
5081
5028
5082
5029
5083
5030
5084
5031
5085
5032
5086
5033
5087
5034
5088
5035
5089
5036
5090
5037
5091
5038
5092
5039
5093
5040
5094
5041
5095
5042
5096
5043
5097
5044
5098
5045
5099
5046
5100
5047
5101
5048
5102
5049
5103
5050
5104
5051
5105
5052
5106
5053
5107
5054
5108
5055
5109
5056
5110
5057
5111
5058
5112
5059
5113
5114
6410
5061
5115
5062
5116
5063
5117
5064
5118
5065
5119
5066
5120
5067
5121
5068
5122
5069
5123
5070
5124
5071
5125
5072
5126
5073
5127
5074
5128
5075
5129
5076
5130
5077
5131
5078
5132
5079
5133
5080
5134
5081
5135
5082
5136
5083
5137
5084
5138
5085
5139
5086
5140
5087
5141
5088
5142
5089
5143
5090
5144
5091
5145
5092
5146
5093
5147
5094
5148
5095
5149
5096
5150
5097
5151
5098
5152
5099
5153
5100
5154
5101
5155
5102
5156
5103
5157
5104
5158
5105
5159
5106
5160
5107
5161
5108
5162
5109
5163
5110
5164
5111
5165
5112
5166
5113
5167
5114
5168
5169
6420
5116
5170
5117
5171
5118
5172
5119
5173
5120
5174
5121
5175
5122
5176
5123
5177
5124
5178
5125
5179
5126
5180
5127
5181
5128
5182
5129
5183
5130
5184
5131
5185
5132
5186
5133
5187
5134
5188
5135
5189
5136
5190
5137
5191
5138
5192
5139
5193
5140
5194
5141
5195
5142
5196
5143
5197
5144
5198
5145
5199
5146
5200
5147
5201
5148
5202
5149
5203
5150
5204
5151
5205
5152
5206
5153
5207
5154
5208
5155
5209
5156
5210
5157
5211
5158
5212
5159
5213
5160
5214
5161
5215
5162
5216
5163
5217
5164
5218
5165
5219
5166
5220
5167
5221
5168
5222
5169
5223
5224
6430
5171
5225
5172
5226
5173
5227
5174
5228
5175
5229
5176
5230
5177
5231
5178
5232
5179
5233
5180
5234
5181
5235
5182
5236
5183
5237
5184
5238
5185
5239
5186
5240
5187
5241
5188
5242
5189
5243
5190
5244
5191
5245
5192
5246
5193
5247
5194
5248
5195
5249
5196
5250
5197
5251
5198
5252
5199
5253
5200
5254
5201
5255
5202
5256
5203
5257
5204
5258
5205
5259
5206
5260
5207
5261
5208
5262
5209
5263
5210
5264
5211
5265
5212
5266
5213
5267
5214
5268
5215
5269
5216
5270
5217
5271
5218
5272
5219
5273
5220
5274
5221
5275
5222
5276
5223
5277
5224
5278
5279
6440
5226
5280
5227
5281
5228
5282
5229
5283
5230
5284
5231
5285
5232
5286
5233
5287
5234
5288
5235
5289
5236
5290
5237
5291
5238
5292
5239
5293
5240
5294
5241
5295
5242
5296
5243
5297
5244
5298
5245
5299
5246
5300
5247
5301
5248
5302
5249
5303
5250
5304
5251
5305
5252
5306
5253
5307
5254
5308
5255
5309
5256
5310
5257
5311
5258
5312
5259
5313
5260
5314
5261
5315
5262
5316
5263
5317
5264
5318
5265
5319
5266
5320
5267
5321
5268
5322
5269
5323
5270
5324
5271
5325
5272
5326
5273
5327
5274
5328
5275
5329
5276
5330
5277
5331
5278
5332
5279
5333
5334
6450
5281
5335
5282
5336
5283
5337
5284
5338
5285
5339
5286
5340
5287
5341
5288
5342
5289
5343
5290
5344
5291
5345
5292
5346
5293
5347
5294
5348
5295
5349
5296
5350
5297
5351
5298
5352
5299
5353
5300
5354
5301
5355
5302
5356
5303
5357
5304
5358
5305
5359
5306
5360
5307
5361
5308
5362
5309
5363
5310
5364
5311
5365
5312
5366
5313
5367
5314
5368
5315
5369
5316
5370
5317
5371
5318
5372
5319
5373
5320
5374
5321
5375
5322
5376
5323
5377
5324
5378
5325
5379
5326
5380
5327
5381
5328
5382
5329
5383
5330
5384
5331
5385
5332
5386
5333
5387
5334
5388
5389
6460
5336
5390
5337
5391
5338
5392
5339
5393
5340
5394
5341
5395
5342
5396
5343
5397
5344
5398
5345
5399
5346
5400
5347
5401
5348
5402
5349
5403
5350
5404
5351
5405
5352
5406
5353
5407
5354
5408
5355
5409
5356
5410
5357
5411
5358
5412
5359
5413
5360
5414
5361
5415
5362
5416
5363
5417
5364
5418
5365
5419
5366
5420
5367
5421
5368
5422
5369
5423
5370
5424
5371
5425
5372
5426
5373
5427
5374
5428
5375
5429
5376
5430
5377
5431
5378
5432
5379
5433
5380
5434
5381
5435
5382
5436
5383
5437
5384
5438
5385
5439
5386
5440
5387
5441
5388
5442
5389
5443
5444
6470
5391
5445
5392
5446
5393
5447
5394
5448
5395
5449
5396
5450
5397
5451
5398
5452
5399
5453
5400
5454
5401
5455
5402
5456
5403
5457
5404
5458
5405
5459
5406
5460
5407
5461
5408
5462
5409
5463
5410
5464
5411
5465
5412
5466
5413
5467
5414
5468
5415
5469
5416
5470
5417
5471
5418
5472
5419
5473
5420
5474
5421
5475
5422
5476
5423
5477
5424
5478
5425
5479
5426
5480
5427
5481
5428
5482
5429
5483
5430
5484
5431
5485
5432
5486
5433
5487
5434
5488
5435
5489
5436
5490
5437
5491
5438
5492
5439
5493
5440
5494
5441
5495
5442
5496
5443
5497
5444
5498
5499
6480
5446
5447
5448
5449
5450
5451
5452
5453
5454
5455
5456
5457
5458
5459
5460
5461
5462
5463
5464
5465
5466
5467
5468
5469
5470
5471
5472
5473
5474
5475
5476
5477
5478
5479
5480
5481
5482
5483
5484
5485
5486
5487
5488
5489
5490
5491
5492
5493
5494
5495
5496
5497
5498
5499
6490
5501
5510
5600
5502
5511
5601
5503
5512
5602
5504
5513
5603
5505
5514
5604
5506
5515
5605
5507
5516
5606
5508
5517
5607
5509
5518
5608
5519
5609
6500
5511
5520
5610
5512
5521
5611
5513
5522
5612
5514
5523
5613
5515
5524
5614
5516
5525
5615
5517
5526
5616
5518
5527
5617
5519
5528
5618
5529
5619
6645
5521
5530
5620
5522
5531
5621
5523
5532
5622
5524
5533
5623
5525
5534
5624
5526
5535
5625
5527
5536
5626
5528
5537
5627
5529
5538
5628
5539
5629
6790
5531
5540
5630
5532
5541
5631
5533
5542
5632
5534
5543
5633
5535
5544
5634
5536
5545
5635
5537
5546
5636
5538
5547
5637
5539
5548
5638
5549
5639
6935
5541
5550
5640
5542
5551
5641
5543
5552
5642
5544
5553
5643
5545
5554
5644
5546
5555
5645
5547
5556
5646
5548
5557
5647
5549
5558
5648
5559
5649
7080
5551
5560
5650
5552
5561
5651
5553
5562
5652
5554
5563
5653
5555
5564
5654
5556
5565
5655
5557
5566
5656
5558
5567
5657
5559
5568
5658
5569
5659
7225
5561
5570
5660
5562
5571
5661
5563
5572
5662
5564
5573
5663
5565
5574
5664
5566
5575
5665
5567
5576
5666
5568
5577
5667
5569
5578
5668
5579
5669
7370
5571
5580
5670
5572
5581
5671
5573
5582
5672
5574
5583
5673
5575
5584
5674
5576
5585
5675
5577
5586
5676
5578
5587
5677
5579
5588
5678
5589
5679
7515
5581
5590
5680
5582
5591
5681
5583
5592
5682
5584
5593
5683
5585
5594
5684
5586
5595
5685
5587
5596
5686
5588
5597
5687
5589
5598
5688
5599
5689
7660
5591
5690
21000
5592
5691
21001
5593
5692
21002
5594
5693
21003
5595
5694
21004
5596
5695
21005
5597
5696
21006
5598
5697
21007
5599
5698
21008
5699
7805
21009
5601
5610
5700
5602
5611
5701
5603
5612
5702
5604
5613
5703
5605
5614
5704
5606
5615
5705
5607
5616
5706
5608
5617
5707
5609
5618
5708
5619
5709
7950
5611
5620
5710
5612
5621
5711
5613
5622
5712
5614
5623
5713
5615
5624
5714
5616
5625
5715
5617
5626
5716
5618
5627
5717
5619
5628
5718
5629
5719
8095
5621
5630
5720
5622
5631
5721
5623
5632
5722
5624
5633
5723
5625
5634
5724
5626
5635
5725
5627
5636
5726
5628
5637
5727
5629
5638
5728
5639
5729
8240
5631
5640
5730
5632
5641
5731
5633
5642
5732
5634
5643
5733
5635
5644
5734
5636
5645
5735
5637
5646
5736
5638
5647
5737
5639
5648
5738
5649
5739
8385
5641
5650
5740
5642
5651
5741
5643
5652
5742
5644
5653
5743
5645
5654
5744
5646
5655
5745
5647
5656
5746
5648
5657
5747
5649
5658
5748
5659
5749
8530
5651
5660
5750
5652
5661
5751
5653
5662
5752
5654
5663
5753
5655
5664
5754
5656
5665
5755
5657
5666
5756
5658
5667
5757
5659
5668
5758
5669
5759
8675
5661
5670
5760
5662
5671
5761
5663
5672
5762
5664
5673
5763
5665
5674
5764
5666
5675
5765
5667
5676
5766
5668
5677
5767
5669
5678
5768
5679
5769
8820
5671
5680
5770
5672
5681
5771
5673
5682
5772
5674
5683
5773
5675
5684
5774
5676
5685
5775
5677
5686
5776
5678
5687
5777
5679
5688
5778
5689
5779
8965
5681
5690
5780
5682
5691
5781
5683
5692
5782
5684
5693
5783
5685
5694
5784
5686
5695
5785
5687
5696
5786
5688
5697
5787
5689
5698
5788
5699
5789
9110
5691
5790
21600
5692
5791
21601
5693
5792
21602
5694
5793
21603
5695
5794
21604
5696
5795
21605
5697
5796
21606
5698
5797
21607
5699
5798
21608
5799
9255
21609
5701
5710
5800
5702
5711
5801
5703
5712
5802
5704
5713
5803
5705
5714
5804
5706
5715
5805
5707
5716
5806
5708
5717
5807
5709
5718
5808
5719
5809
9400
5711
5720
5810
5712
5721
5811
5713
5722
5812
5714
5723
5813
5715
5724
5814
5716
5725
5815
5717
5726
5816
5718
5727
5817
5719
5728
5818
5729
5819
9545
5721
5730
5820
5722
5731
5821
5723
5732
5822
5724
5733
5823
5725
5734
5824
5726
5735
5825
5727
5736
5826
5728
5737
5827
5729
5738
5828
5739
5829
9690
5731
5740
5830
5732
5741
5831
5733
5742
5832
5734
5743
5833
5735
5744
5834
5736
5745
5835
5737
5746
5836
5738
5747
5837
5739
5748
5838
5749
5839
9835
5741
5750
5840
5742
5751
5841
5743
5752
5842
5744
5753
5843
5745
5754
5844
5746
5755
5845
5747
5756
5846
5748
5757
5847
5749
5758
5848
5759
5849
9980
5751
5760
5850
5752
5761
5851
5753
5762
5852
5754
5763
5853
5755
5764
5854
5756
5765
5855
5757
5766
5856
5758
5767
5857
5759
5768
5858
5769
5859
10125
5761
5770
5860
5762
5771
5861
5763
5772
5862
5764
5773
5863
5765
5774
5864
5766
5775
5865
5767
5776
5866
5768
5777
5867
5769
5778
5868
5779
5869
10270
5771
5780
5870
5772
5781
5871
5773
5782
5872
5774
5783
5873
5775
5784
5874
5776
5785
5875
5777
5786
5876
5778
5787
5877
5779
5788
5878
5789
5879
10415
5781
5790
5880
5782
5791
5881
5783
5792
5882
5784
5793
5883
5785
5794
5884
5786
5795
5885
5787
5796
5886
5788
5797
5887
5789
5798
5888
5799
5889
10560
5791
5890
22200
5792
5891
22201
5793
5892
22202
5794
5893
22203
5795
5894
22204
5796
5895
22205
5797
5896
22206
5798
5897
22207
5799
5898
22208
5899
10705
22209
5801
5810
5900
5802
5811
5901
5803
5812
5902
5804
5813
5903
5805
5814
5904
5806
5815
5905
5807
5816
5906
5808
5817
5907
5809
5818
5908
5819
5909
10850
5811
5820
5910
5812
5821
5911
5813
5822
5912
5814
5823
5913
5815
5824
5914
5816
5825
5915
5817
5826
5916
5818
5827
5917
5819
5828
5918
5829
5919
10995
5821
5830
5920
5822
5831
5921
5823
5832
5922
5824
5833
5923
5825
5834
5924
5826
5835
5925
5827
5836
5926
5828
5837
5927
5829
5838
5928
5839
5929
11140
5831
5840
5930
5832
5841
5931
5833
5842
5932
5834
5843
5933
5835
5844
5934
5836
5845
5935
5837
5846
5936
5838
5847
5937
5839
5848
5938
5849
5939
11285
5841
5850
5940
5842
5851
5941
5843
5852
5942
5844
5853
5943
5845
5854
5944
5846
5855
5945
5847
5856
5946
5848
5857
5947
5849
5858
5948
5859
5949
11430
5851
5860
5950
5852
5861
5951
5853
5862
5952
5854
5863
5953
5855
5864
5954
5856
5865
5955
5857
5866
5956
5858
5867
5957
5859
5868
5958
5869
5959
11575
5861
5870
5960
5862
5871
5961
5863
5872
5962
5864
5873
5963
5865
5874
5964
5866
5875
5965
5867
5876
5966
5868
5877
5967
5869
5878
5968
5879
5969
11720
5871
5880
5970
5872
5881
5971
5873
5882
5972
5874
5883
5973
5875
5884
5974
5876
5885
5975
5877
5886
5976
5878
5887
5977
5879
5888
5978
5889
5979
11865
5881
5890
5980
5882
5891
5981
5883
5892
5982
5884
5893
5983
5885
5894
5984
5886
5895
5985
5887
5896
5986
5888
5897
5987
5889
5898
5988
5899
5989
12010
5891
5990
22800
5892
5991
22801
5893
5992
22802
5894
5993
22803
5895
5994
22804
5896
5995
22805
5897
5996
22806
5898
5997
22807
5899
5998
22808
5999
12155
22809
5901
5910
6000
5902
5911
6001
5903
5912
6002
5904
5913
6003
5905
5914
6004
5906
5915
6005
5907
5916
6006
5908
5917
6007
5909
5918
6008
5919
6009
12300
5911
5920
6010
5912
5921
6011
5913
5922
6012
5914
5923
6013
5915
5924
6014
5916
5925
6015
5917
5926
6016
5918
5927
6017
5919
5928
6018
5929
6019
12445
5921
5930
6020
5922
5931
6021
5923
5932
6022
5924
5933
6023
5925
5934
6024
5926
5935
6025
5927
5936
6026
5928
5937
6027
5929
5938
6028
5939
6029
12590
5931
5940
6030
5932
5941
6031
5933
5942
6032
5934
5943
6033
5935
5944
6034
5936
5945
6035
5937
5946
6036
5938
5947
6037
5939
5948
6038
5949
6039
12735
5941
5950
6040
5942
5951
6041
5943
5952
6042
5944
5953
6043
5945
5954
6044
5946
5955
6045
5947
5956
6046
5948
5957
6047
5949
5958
6048
5959
6049
12880
5951
5960
6050
5952
5961
6051
5953
5962
6052
5954
5963
6053
5955
5964
6054
5956
5965
6055
5957
5966
6056
5958
5967
6057
5959
5968
6058
5969
6059
13025
5961
5970
6060
5962
5971
6061
5963
5972
6062
5964
5973
6063
5965
5974
6064
5966
5975
6065
5967
5976
6066
5968
5977
6067
5969
5978
6068
5979
6069
13170
5971
5980
6070
5972
5981
6071
5973
5982
6072
5974
5983
6073
5975
5984
6074
5976
5985
6075
5977
5986
6076
5978
5987
6077
5979
5988
6078
5989
6079
13315
5981
5990
6080
5982
5991
6081
5983
5992
6082
5984
5993
6083
5985
5994
6084
5986
5995
6085
5987
5996
6086
5988
5997
6087
5989
5998
6088
5999
6089
13460
5991
6090
23400
5992
6091
23401
5993
6092
23402
5994
6093
23403
5995
6094
23404
5996
6095
23405
5997
6096
23406
5998
6097
23407
5999
6098
23408
6099
13605
23409
6001
6010
6100
6002
6011
6101
6003
6012
6102
6004
6013
6103
6005
6014
6104
6006
6015
6105
6007
6016
6106
6008
6017
6107
6009
6018
6108
6019
6109
13750
6011
6020
6110
6012
6021
6111
6013
6022
6112
6014
6023
6113
6015
6024
6114
6016
6025
6115
6017
6026
6116
6018
6027
6117
6019
6028
6118
6029
6119
13895
6021
6030
6120
6022
6031
6121
6023
6032
6122
6024
6033
6123
6025
6034
6124
6026
6035
6125
6027
6036
6126
6028
6037
6127
6029
6038
6128
6039
6129
14040
6031
6040
6130
6032
6041
6131
6033
6042
6132
6034
6043
6133
6035
6044
6134
6036
6045
6135
6037
6046
6136
6038
6047
6137
6039
6048
6138
6049
6139
14185
6041
6050
6140
6042
6051
6141
6043
6052
6142
6044
6053
6143
6045
6054
6144
6046
6055
6145
6047
6056
6146
6048
6057
6147
6049
6058
6148
6059
6149
14330
6051
6060
6150
6052
6061
6151
6053
6062
6152
6054
6063
6153
6055
6064
6154
6056
6065
6155
6057
6066
6156
6058
6067
6157
6059
6068
6158
6069
6159
14475
6061
6070
6160
6062
6071
6161
6063
6072
6162
6064
6073
6163
6065
6074
6164
6066
6075
6165
6067
6076
6166
6068
6077
6167
6069
6078
6168
6079
6169
14620
6071
6080
6170
6072
6081
6171
6073
6082
6172
6074
6083
6173
6075
6084
6174
6076
6085
6175
6077
6086
6176
6078
6087
6177
6079
6088
6178
6089
6179
14765
6081
6090
6180
6082
6091
6181
6083
6092
6182
6084
6093
6183
6085
6094
6184
6086
6095
6185
6087
6096
6186
6088
6097
6187
6089
6098
6188
6099
6189
14910
6091
6190
24000
6092
6191
24001
6093
6192
24002
6094
6193
24003
6095
6194
24004
6096
6195
24005
6097
6196
24006
6098
6197
24007
6099
6198
24008
6199
15055
24009
6101
6110
6200
6102
6111
6201
6103
6112
6202
6104
6113
6203
6105
6114
6204
6106
6115
6205
6107
6116
6206
6108
6117
6207
6109
6118
6208
6119
6209
15200
6111
6120
6210
6112
6121
6211
6113
6122
6212
6114
6123
6213
6115
6124
6214
6116
6125
6215
6117
6126
6216
6118
6127
6217
6119
6128
6218
6129
6219
15345
6121
6130
6220
6122
6131
6221
6123
6132
6222
6124
6133
6223
6125
6134
6224
6126
6135
6225
6127
6136
6226
6128
6137
6227
6129
6138
6228
6139
6229
15490
6131
6140
6230
6132
6141
6231
6133
6142
6232
6134
6143
6233
6135
6144
6234
6136
6145
6235
6137
6146
6236
6138
6147
6237
6139
6148
6238
6149
6239
15635
6141
6150
6240
6142
6151
6241
6143
6152
6242
6144
6153
6243
6145
6154
6244
6146
6155
6245
6147
6156
6246
6148
6157
6247
6149
6158
6248
6159
6249
15780
6151
6160
6250
6152
6161
6251
6153
6162
6252
6154
6163
6253
6155
6164
6254
6156
6165
6255
6157
6166
6256
6158
6167
6257
6159
6168
6258
6169
6259
15925
6161
6170
6260
6162
6171
6261
6163
6172
6262
6164
6173
6263
6165
6174
6264
6166
6175
6265
6167
6176
6266
6168
6177
6267
6169
6178
6268
6179
6269
16070
6171
6180
6270
6172
6181
6271
6173
6182
6272
6174
6183
6273
6175
6184
6274
6176
6185
6275
6177
6186
6276
6178
6187
6277
6179
6188
6278
6189
6279
16215
6181
6190
6280
6182
6191
6281
6183
6192
6282
6184
6193
6283
6185
6194
6284
6186
6195
6285
6187
6196
6286
6188
6197
6287
6189
6198
6288
6199
6289
16360
6191
6290
24600
6192
6291
24601
6193
6292
24602
6194
6293
24603
6195
6294
24604
6196
6295
24605
6197
6296
24606
6198
6297
24607
6199
6298
24608
6299
16505
24609
6201
6210
6300
6202
6211
6301
6203
6212
6302
6204
6213
6303
6205
6214
6304
6206
6215
6305
6207
6216
6306
6208
6217
6307
6209
6218
6308
6219
6309
16650
6211
6220
6310
6212
6221
6311
6213
6222
6312
6214
6223
6313
6215
6224
6314
6216
6225
6315
6217
6226
6316
6218
6227
6317
6219
6228
6318
6229
6319
16795
6221
6230
6320
6222
6231
6321
6223
6232
6322
6224
6233
6323
6225
6234
6324
6226
6235
6325
6227
6236
6326
6228
6237
6327
6229
6238
6328
6239
6329
16940
6231
6240
6330
6232
6241
6331
6233
6242
6332
6234
6243
6333
6235
6244
6334
6236
6245
6335
6237
6246
6336
6238
6247
6337
6239
6248
6338
6249
6339
17085
6241
6250
6340
6242
6251
6341
6243
6252
6342
6244
6253
6343
6245
6254
6344
6246
6255
6345
6247
6256
6346
6248
6257
6347
6249
6258
6348
6259
6349
17230
6251
6260
6350
6252
6261
6351
6253
6262
6352
6254
6263
6353
6255
6264
6354
6256
6265
6355
6257
6266
6356
6258
6267
6357
6259
6268
6358
6269
6359
17375
6261
6270
6360
6262
6271
6361
6263
6272
6362
6264
6273
6363
6265
6274
6364
6266
6275
6365
6267
6276
6366
6268
6277
6367
6269
6278
6368
6279
6369
17520
6271
6280
6370
6272
6281
6371
6273
6282
6372
6274
6283
6373
6275
6284
6374
6276
6285
6375
6277
6286
6376
6278
6287
6377
6279
6288
6378
6289
6379
17665
6281
6290
6380
6282
6291
6381
6283
6292
6382
6284
6293
6383
6285
6294
6384
6286
6295
6385
6287
6296
6386
6288
6297
6387
6289
6298
6388
6299
6389
17810
6291
6390
25200
6292
6391
25201
6293
6392
25202
6294
6393
25203
6295
6394
25204
6296
6395
25205
6297
6396
25206
6298
6397
25207
6299
6398
25208
6399
17955
25209
6301
6310
6400
6302
6311
6401
6303
6312
6402
6304
6313
6403
6305
6314
6404
6306
6315
6405
6307
6316
6406
6308
6317
6407
6309
6318
6408
6319
6409
18100
6311
6320
6410
6312
6321
6411
6313
6322
6412
6314
6323
6413
6315
6324
6414
6316
6325
6415
6317
6326
6416
6318
6327
6417
6319
6328
6418
6329
6419
18245
6321
6330
6420
6322
6331
6421
6323
6332
6422
6324
6333
6423
6325
6334
6424
6326
6335
6425
6327
6336
6426
6328
6337
6427
6329
6338
6428
6339
6429
18390
6331
6340
6430
6332
6341
6431
6333
6342
6432
6334
6343
6433
6335
6344
6434
6336
6345
6435
6337
6346
6436
6338
6347
6437
6339
6348
6438
6349
6439
18535
6341
6350
6440
6342
6351
6441
6343
6352
6442
6344
6353
6443
6345
6354
6444
6346
6355
6445
6347
6356
6446
6348
6357
6447
6349
6358
6448
6359
6449
18680
6351
6360
6450
6352
6361
6451
6353
6362
6452
6354
6363
6453
6355
6364
6454
6356
6365
6455
6357
6366
6456
6358
6367
6457
6359
6368
6458
6369
6459
18825
6361
6370
6460
6362
6371
6461
6363
6372
6462
6364
6373
6463
6365
6374
6464
6366
6375
6465
6367
6376
6466
6368
6377
6467
6369
6378
6468
6379
6469
18970
6371
6380
6470
6372
6381
6471
6373
6382
6472
6374
6383
6473
6375
6384
6474
6376
6385
6475
6377
6386
6476
6378
6387
6477
6379
6388
6478
6389
6479
19115
6381
6390
6480
6382
6391
6481
6383
6392
6482
6384
6393
6483
6385
6394
6484
6386
6395
6485
6387
6396
6486
6388
6397
6487
6389
6398
6488
6399
6489
19260
6391
6490
25800
6392
6491
25801
6393
6492
25802
6394
6493
25803
6395
6494
25804
6396
6495
25805
6397
6496
25806
6398
6497
25807
6399
6498
25808
6499
19405
25809
6401
6410
6402
6411
6403
6412
6404
6413
6405
6414
6406
6415
6407
6416
6408
6417
6409
6418
6419
19550
6411
6420
6412
6421
6413
6422
6414
6423
6415
6424
6416
6425
6417
6426
6418
6427
6419
6428
6429
19695
6421
6430
6422
6431
6423
6432
6424
6433
6425
6434
6426
6435
6427
6436
6428
6437
6429
6438
6439
19840
6431
6440
6432
6441
6433
6442
6434
6443
6435
6444
6436
6445
6437
6446
6438
6447
6439
6448
6449
19985
6441
6450
6442
6451
6443
6452
6444
6453
6445
6454
6446
6455
6447
6456
6448
6457
6449
6458
6459
20130
6451
6460
6452
6461
6453
6462
6454
6463
6455
6464
6456
6465
6457
6466
6458
6467
6459
6468
6469
20275
6461
6470
6462
6471
6463
6472
6464
6473
6465
6474
6466
6475
6467
6476
6468
6477
6469
6478
6479
20420
6471
6480
6472
6481
6473
6482
6474
6483
6475
6484
6476
6485
6477
6486
6478
6487
6479
6488
6489
20565
6481
6490
6482
6491
6483
6492
6484
6493
6485
6494
6486
6495
6487
6496
6488
6497
6489
6498
6499
20710
6491
26400
6492
26401
6493
26402
6494
26403
6495
26404
6496
26405
6497
26406
6498
26407
6499
26408
20855
26409
6501
6645
7950
6502
6646
7951
6503
6647
7952
6504
6648
7953
6505
6649
7954
6506
6650
7955
6507
6651
7956
6508
6652
7957
6509
6653
7958
6510
6654
7959
6511
6655
7960
6512
6656
7961
6513
6657
7962
6514
6658
7963
6515
6659
7964
6516
6660
7965
6517
6661
7966
6518
6662
7967
6519
6663
7968
6520
6664
7969
6521
6665
7970
6522
6666
7971
6523
6667
7972
6524
6668
7973
6525
6669
7974
6526
6670
7975
6527
6671
7976
6528
6672
7977
6529
6673
7978
6530
6674
7979
6531
6675
7980
6532
6676
7981
6533
6677
7982
6534
6678
7983
6535
6679
7984
6536
6680
7985
6537
6681
7986
6538
6682
7987
6539
6683
7988
6540
6684
7989
6541
6685
7990
6542
6686
7991
6543
6687
7992
6544
6688
7993
6545
6689
7994
6546
6690
7995
6547
6691
7996
6548
6692
7997
6549
6693
7998
6550
6694
7999
6551
6695
8000
6552
6696
8001
6553
6697
8002
6554
6698
8003
6555
6699
8004
6556
6700
8005
6557
6701
8006
6558
6702
8007
6559
6703
8008
6560
6704
8009
6561
6705
8010
6562
6706
8011
6563
6707
8012
6564
6708
8013
6565
6709
8014
6566
6710
8015
6567
6711
8016
6568
6712
8017
6569
6713
8018
6570
6714
8019
6571
6715
8020
6572
6716
8021
6573
6717
8022
6574
6718
8023
6575
6719
8024
6576
6720
8025
6577
6721
8026
6578
6722
8027
6579
6723
8028
6580
6724
8029
6581
6725
8030
6582
6726
8031
6583
6727
8032
6584
6728
8033
6585
6729
8034
6586
6730
8035
6587
6731
8036
6588
6732
8037
6589
6733
8038
6590
6734
8039
6591
6735
8040
6592
6736
8041
6593
6737
8042
6594
6738
8043
6595
6739
8044
6596
6740
8045
6597
6741
8046
6598
6742
8047
6599
6743
8048
6600
6744
8049
6601
6745
8050
6602
6746
8051
6603
6747
8052
6604
6748
8053
6605
6749
8054
6606
6750
8055
6607
6751
8056
6608
6752
8057
6609
6753
8058
6610
6754
8059
6611
6755
8060
6612
6756
8061
6613
6757
8062
6614
6758
8063
6615
6759
8064
6616
6760
8065
6617
6761
8066
6618
6762
8067
6619
6763
8068
6620
6764
8069
6621
6765
8070
6622
6766
8071
6623
6767
8072
6624
6768
8073
6625
6769
8074
6626
6770
8075
6627
6771
8076
6628
6772
8077
6629
6773
8078
6630
6774
8079
6631
6775
8080
6632
6776
8081
6633
6777
8082
6634
6778
8083
6635
6779
8084
6636
6780
8085
6637
6781
8086
6638
6782
8087
6639
6783
8088
6640
6784
8089
6641
6785
8090
6642
6786
8091
6643
6787
8092
6644
6788
8093
6789
8094
6646
6790
8095
6647
6791
8096
6648
6792
8097
6649
6793
8098
6650
6794
8099
6651
6795
8100
6652
6796
8101
6653
6797
8102
6654
6798
8103
6655
6799
8104
6656
6800
8105
6657
6801
8106
6658
6802
8107
6659
6803
8108
6660
6804
8109
6661
6805
8110
6662
6806
8111
6663
6807
8112
6664
6808
8113
6665
6809
8114
6666
6810
8115
6667
6811
8116
6668
6812
8117
6669
6813
8118
6670
6814
8119
6671
6815
8120
6672
6816
8121
6673
6817
8122
6674
6818
8123
6675
6819
8124
6676
6820
8125
6677
6821
8126
6678
6822
8127
6679
6823
8128
6680
6824
8129
6681
6825
8130
6682
6826
8131
6683
6827
8132
6684
6828
8133
6685
6829
8134
6686
6830
8135
6687
6831
8136
6688
6832
8137
6689
6833
8138
6690
6834
8139
6691
6835
8140
6692
6836
8141
6693
6837
8142
6694
6838
8143
6695
6839
8144
6696
6840
8145
6697
6841
8146
6698
6842
8147
6699
6843
8148
6700
6844
8149
6701
6845
8150
6702
6846
8151
6703
6847
8152
6704
6848
8153
6705
6849
8154
6706
6850
8155
6707
6851
8156
6708
6852
8157
6709
6853
8158
6710
6854
8159
6711
6855
8160
6712
6856
8161
6713
6857
8162
6714
6858
8163
6715
6859
8164
6716
6860
8165
6717
6861
8166
6718
6862
8167
6719
6863
8168
6720
6864
8169
6721
6865
8170
6722
6866
8171
6723
6867
8172
6724
6868
8173
6725
6869
8174
6726
6870
8175
6727
6871
8176
6728
6872
8177
6729
6873
8178
6730
6874
8179
6731
6875
8180
6732
6876
8181
6733
6877
8182
6734
6878
8183
6735
6879
8184
6736
6880
8185
6737
6881
8186
6738
6882
8187
6739
6883
8188
6740
6884
8189
6741
6885
8190
6742
6886
8191
6743
6887
8192
6744
6888
8193
6745
6889
8194
6746
6890
8195
6747
6891
8196
6748
6892
8197
6749
6893
8198
6750
6894
8199
6751
6895
8200
6752
6896
8201
6753
6897
8202
6754
6898
8203
6755
6899
8204
6756
6900
8205
6757
6901
8206
6758
6902
8207
6759
6903
8208
6760
6904
8209
6761
6905
8210
6762
6906
8211
6763
6907
8212
6764
6908
8213
6765
6909
8214
6766
6910
8215
6767
6911
8216
6768
6912
8217
6769
6913
8218
6770
6914
8219
6771
6915
8220
6772
6916
8221
6773
6917
8222
6774
6918
8223
6775
6919
8224
6776
6920
8225
6777
6921
8226
6778
6922
8227
6779
6923
8228
6780
6924
8229
6781
6925
8230
6782
6926
8231
6783
6927
8232
6784
6928
8233
6785
6929
8234
6786
6930
8235
6787
6931
8236
6788
6932
8237
6789
6933
8238
6934
8239
6791
6935
8240
6792
6936
8241
6793
6937
8242
6794
6938
8243
6795
6939
8244
6796
6940
8245
6797
6941
8246
6798
6942
8247
6799
6943
8248
6800
6944
8249
6801
6945
8250
6802
6946
8251
6803
6947
8252
6804
6948
8253
6805
6949
8254
6806
6950
8255
6807
6951
8256
6808
6952
8257
6809
6953
8258
6810
6954
8259
6811
6955
8260
6812
6956
8261
6813
6957
8262
6814
6958
8263
6815
6959
8264
6816
6960
8265
6817
6961
8266
6818
6962
8267
6819
6963
8268
6820
6964
8269
6821
6965
8270
6822
6966
8271
6823
6967
8272
6824
6968
8273
6825
6969
8274
6826
6970
8275
6827
6971
8276
6828
6972
8277
6829
6973
8278
6830
6974
8279
6831
6975
8280
6832
6976
8281
6833
6977
8282
6834
6978
8283
6835
6979
8284
6836
6980
8285
6837
6981
8286
6838
6982
8287
6839
6983
8288
6840
6984
8289
6841
6985
8290
6842
6986
8291
6843
6987
8292
6844
6988
8293
6845
6989
8294
6846
6990
8295
6847
6991
8296
6848
6992
8297
6849
6993
8298
6850
6994
8299
6851
6995
8300
6852
6996
8301
6853
6997
8302
6854
6998
8303
6855
6999
8304
6856
7000
8305
6857
7001
8306
6858
7002
8307
6859
7003
8308
6860
7004
8309
6861
7005
8310
6862
7006
8311
6863
7007
8312
6864
7008
8313
6865
7009
8314
6866
7010
8315
6867
7011
8316
6868
7012
8317
6869
7013
8318
6870
7014
8319
6871
7015
8320
6872
7016
8321
6873
7017
8322
6874
7018
8323
6875
7019
8324
6876
7020
8325
6877
7021
8326
6878
7022
8327
6879
7023
8328
6880
7024
8329
6881
7025
8330
6882
7026
8331
6883
7027
8332
6884
7028
8333
6885
7029
8334
6886
7030
8335
6887
7031
8336
6888
7032
8337
6889
7033
8338
6890
7034
8339
6891
7035
8340
6892
7036
8341
6893
7037
8342
6894
7038
8343
6895
7039
8344
6896
7040
8345
6897
7041
8346
6898
7042
8347
6899
7043
8348
6900
7044
8349
6901
7045
8350
6902
7046
8351
6903
7047
8352
6904
7048
8353
6905
7049
8354
6906
7050
8355
6907
7051
8356
6908
7052
8357
6909
7053
8358
6910
7054
8359
6911
7055
8360
6912
7056
8361
6913
7057
8362
6914
7058
8363
6915
7059
8364
6916
7060
8365
6917
7061
8366
6918
7062
8367
6919
7063
8368
6920
7064
8369
6921
7065
8370
6922
7066
8371
6923
7067
8372
6924
7068
8373
6925
7069
8374
6926
7070
8375
6927
7071
8376
6928
7072
8377
6929
7073
8378
6930
7074
8379
6931
7075
8380
6932
7076
8381
6933
7077
8382
6934
7078
8383
7079
8384
6936
7080
8385
6937
7081
8386
6938
7082
8387
6939
7083
8388
6940
7084
8389
6941
7085
8390
6942
7086
8391
6943
7087
8392
6944
7088
8393
6945
7089
8394
6946
7090
8395
6947
7091
8396
6948
7092
8397
6949
7093
8398
6950
7094
8399
6951
7095
8400
6952
7096
8401
6953
7097
8402
6954
7098
8403
6955
7099
8404
6956
7100
8405
6957
7101
8406
6958
7102
8407
6959
7103
8408
6960
7104
8409
6961
7105
8410
6962
7106
8411
6963
7107
8412
6964
7108
8413
6965
7109
8414
6966
7110
8415
6967
7111
8416
6968
7112
8417
6969
7113
8418
6970
7114
8419
6971
7115
8420
6972
7116
8421
6973
7117
8422
6974
7118
8423
6975
7119
8424
6976
7120
8425
6977
7121
8426
6978
7122
8427
6979
7123
8428
6980
7124
8429
6981
7125
8430
6982
7126
8431
6983
7127
8432
6984
7128
8433
6985
7129
8434
6986
7130
8435
6987
7131
8436
6988
7132
8437
6989
7133
8438
6990
7134
8439
6991
7135
8440
6992
7136
8441
6993
7137
8442
6994
7138
8443
6995
7139
8444
6996
7140
8445
6997
7141
8446
6998
7142
8447
6999
7143
8448
7000
7144
8449
7001
7145
8450
7002
7146
8451
7003
7147
8452
7004
7148
8453
7005
7149
8454
7006
7150
8455
7007
7151
8456
7008
7152
8457
7009
7153
8458
7010
7154
8459
7011
7155
8460
7012
7156
8461
7013
7157
8462
7014
7158
8463
7015
7159
8464
7016
7160
8465
7017
7161
8466
7018
7162
8467
7019
7163
8468
7020
7164
8469
7021
7165
8470
7022
7166
8471
7023
7167
8472
7024
7168
8473
7025
7169
8474
7026
7170
8475
7027
7171
8476
7028
7172
8477
7029
7173
8478
7030
7174
8479
7031
7175
8480
7032
7176
8481
7033
7177
8482
7034
7178
8483
7035
7179
8484
7036
7180
8485
7037
7181
8486
7038
7182
8487
7039
7183
8488
7040
7184
8489
7041
7185
8490
7042
7186
8491
7043
7187
8492
7044
7188
8493
7045
7189
8494
7046
7190
8495
7047
7191
8496
7048
7192
8497
7049
7193
8498
7050
7194
8499
7051
7195
8500
7052
7196
8501
7053
7197
8502
7054
7198
8503
7055
7199
8504
7056
7200
8505
7057
7201
8506
7058
7202
8507
7059
7203
8508
7060
7204
8509
7061
7205
8510
7062
7206
8511
7063
7207
8512
7064
7208
8513
7065
7209
8514
7066
7210
8515
7067
7211
8516
7068
7212
8517
7069
7213
8518
7070
7214
8519
7071
7215
8520
7072
7216
8521
7073
7217
8522
7074
7218
8523
7075
7219
8524
7076
7220
8525
7077
7221
8526
7078
7222
8527
7079
7223
8528
7224
8529
7081
7225
8530
7082
7226
8531
7083
7227
8532
7084
7228
8533
7085
7229
8534
7086
7230
8535
7087
7231
8536
7088
7232
8537
7089
7233
8538
7090
7234
8539
7091
7235
8540
7092
7236
8541
7093
7237
8542
7094
7238
8543
7095
7239
8544
7096
7240
8545
7097
7241
8546
7098
7242
8547
7099
7243
8548
7100
7244
8549
7101
7245
8550
7102
7246
8551
7103
7247
8552
7104
7248
8553
7105
7249
8554
7106
7250
8555
7107
7251
8556
7108
7252
8557
7109
7253
8558
7110
7254
8559
7111
7255
8560
7112
7256
8561
7113
7257
8562
7114
7258
8563
7115
7259
8564
7116
7260
8565
7117
7261
8566
7118
7262
8567
7119
7263
8568
7120
7264
8569
7121
7265
8570
7122
7266
8571
7123
7267
8572
7124
7268
8573
7125
7269
8574
7126
7270
8575
7127
7271
8576
7128
7272
8577
7129
7273
8578
7130
7274
8579
7131
7275
8580
7132
7276
8581
7133
7277
8582
7134
7278
8583
7135
7279
8584
7136
7280
8585
7137
7281
8586
7138
7282
8587
7139
7283
8588
7140
7284
8589
7141
7285
8590
7142
7286
8591
7143
7287
8592
7144
7288
8593
7145
7289
8594
7146
7290
8595
7147
7291
8596
7148
7292
8597
7149
7293
8598
7150
7294
8599
7151
7295
8600
7152
7296
8601
7153
7297
8602
7154
7298
8603
7155
7299
8604
7156
7300
8605
7157
7301
8606
7158
7302
8607
7159
7303
8608
7160
7304
8609
7161
7305
8610
7162
7306
8611
7163
7307
8612
7164
7308
8613
7165
7309
8614
7166
7310
8615
7167
7311
8616
7168
7312
8617
7169
7313
8618
7170
7314
8619
7171
7315
8620
7172
7316
8621
7173
7317
8622
7174
7318
8623
7175
7319
8624
7176
7320
8625
7177
7321
8626
7178
7322
8627
7179
7323
8628
7180
7324
8629
7181
7325
8630
7182
7326
8631
7183
7327
8632
7184
7328
8633
7185
7329
8634
7186
7330
8635
7187
7331
8636
7188
7332
8637
7189
7333
8638
7190
7334
8639
7191
7335
8640
7192
7336
8641
7193
7337
8642
7194
7338
8643
7195
7339
8644
7196
7340
8645
7197
7341
8646
7198
7342
8647
7199
7343
8648
7200
7344
8649
7201
7345
8650
7202
7346
8651
7203
7347
8652
7204
7348
8653
7205
7349
8654
7206
7350
8655
7207
7351
8656
7208
7352
8657
7209
7353
8658
7210
7354
8659
7211
7355
8660
7212
7356
8661
7213
7357
8662
7214
7358
8663
7215
7359
8664
7216
7360
8665
7217
7361
8666
7218
7362
8667
7219
7363
8668
7220
7364
8669
7221
7365
8670
7222
7366
8671
7223
7367
8672
7224
7368
8673
7369
8674
7226
7370
8675
7227
7371
8676
7228
7372
8677
7229
7373
8678
7230
7374
8679
7231
7375
8680
7232
7376
8681
7233
7377
8682
7234
7378
8683
7235
7379
8684
7236
7380
8685
7237
7381
8686
7238
7382
8687
7239
7383
8688
7240
7384
8689
7241
7385
8690
7242
7386
8691
7243
7387
8692
7244
7388
8693
7245
7389
8694
7246
7390
8695
7247
7391
8696
7248
7392
8697
7249
7393
8698
7250
7394
8699
7251
7395
8700
7252
7396
8701
7253
7397
8702
7254
7398
8703
7255
7399
8704
7256
7400
8705
7257
7401
8706
7258
7402
8707
7259
7403
8708
7260
7404
8709
7261
7405
8710
7262
7406
8711
7263
7407
8712
7264
7408
8713
7265
7409
8714
7266
7410
8715
7267
7411
8716
7268
7412
8717
7269
7413
8718
7270
7414
8719
7271
7415
8720
7272
7416
8721
7273
7417
8722
7274
7418
8723
7275
7419
8724
7276
7420
8725
7277
7421
8726
7278
7422
8727
7279
7423
8728
7280
7424
8729
7281
7425
8730
7282
7426
8731
7283
7427
8732
7284
7428
8733
7285
7429
8734
7286
7430
8735
7287
7431
8736
7288
7432
8737
7289
7433
8738
7290
7434
8739
7291
7435
8740
7292
7436
8741
7293
7437
8742
7294
7438
8743
7295
7439
8744
7296
7440
8745
7297
7441
8746
7298
7442
8747
7299
7443
8748
7300
7444
8749
7301
7445
8750
7302
7446
8751
7303
7447
8752
7304
7448
8753
7305
7449
8754
7306
7450
8755
7307
7451
8756
7308
7452
8757
7309
7453
8758
7310
7454
8759
7311
7455
8760
7312
7456
8761
7313
7457
8762
7314
7458
8763
7315
7459
8764
7316
7460
8765
7317
7461
8766
7318
7462
8767
7319
7463
8768
7320
7464
8769
7321
7465
8770
7322
7466
8771
7323
7467
8772
7324
7468
8773
7325
7469
8774
7326
7470
8775
7327
7471
8776
7328
7472
8777
7329
7473
8778
7330
7474
8779
7331
7475
8780
7332
7476
8781
7333
7477
8782
7334
7478
8783
7335
7479
8784
7336
7480
8785
7337
7481
8786
7338
7482
8787
7339
7483
8788
7340
7484
8789
7341
7485
8790
7342
7486
8791
7343
7487
8792
7344
7488
8793
7345
7489
8794
7346
7490
8795
7347
7491
8796
7348
7492
8797
7349
7493
8798
7350
7494
8799
7351
7495
8800
7352
7496
8801
7353
7497
8802
7354
7498
8803
7355
7499
8804
7356
7500
8805
7357
7501
8806
7358
7502
8807
7359
7503
8808
7360
7504
8809
7361
7505
8810
7362
7506
8811
7363
7507
8812
7364
7508
8813
7365
7509
8814
7366
7510
8815
7367
7511
8816
7368
7512
8817
7369
7513
8818
7514
8819
7371
7515
8820
7372
7516
8821
7373
7517
8822
7374
7518
8823
7375
7519
8824
7376
7520
8825
7377
7521
8826
7378
7522
8827
7379
7523
8828
7380
7524
8829
7381
7525
8830
7382
7526
8831
7383
7527
8832
7384
7528
8833
7385
7529
8834
7386
7530
8835
7387
7531
8836
7388
7532
8837
7389
7533
8838
7390
7534
8839
7391
7535
8840
7392
7536
8841
7393
7537
8842
7394
7538
8843
7395
7539
8844
7396
7540
8845
7397
7541
8846
7398
7542
8847
7399
7543
8848
7400
7544
8849
7401
7545
8850
7402
7546
8851
7403
7547
8852
7404
7548
8853
7405
7549
8854
7406
7550
8855
7407
7551
8856
7408
7552
8857
7409
7553
8858
7410
7554
8859
7411
7555
8860
7412
7556
8861
7413
7557
8862
7414
7558
8863
7415
7559
8864
7416
7560
8865
7417
7561
8866
7418
7562
8867
7419
7563
8868
7420
7564
8869
7421
7565
8870
7422
7566
8871
7423
7567
8872
7424
7568
8873
7425
7569
8874
7426
7570
8875
7427
7571
8876
7428
7572
8877
7429
7573
8878
7430
7574
8879
7431
7575
8880
7432
7576
8881
7433
7577
8882
7434
7578
8883
7435
7579
8884
7436
7580
8885
7437
7581
8886
7438
7582
8887
7439
7583
8888
7440
7584
8889
7441
7585
8890
7442
7586
8891
7443
7587
8892
7444
7588
8893
7445
7589
8894
7446
7590
8895
7447
7591
8896
7448
7592
8897
7449
7593
8898
7450
7594
8899
7451
7595
8900
7452
7596
8901
7453
7597
8902
7454
7598
8903
7455
7599
8904
7456
7600
8905
7457
7601
8906
7458
7602
8907
7459
7603
8908
7460
7604
8909
7461
7605
8910
7462
7606
8911
7463
7607
8912
7464
7608
8913
7465
7609
8914
7466
7610
8915
7467
7611
8916
7468
7612
8917
7469
7613
8918
7470
7614
8919
7471
7615
8920
7472
7616
8921
7473
7617
8922
7474
7618
8923
7475
7619
8924
7476
7620
8925
7477
7621
8926
7478
7622
8927
7479
7623
8928
7480
7624
8929
7481
7625
8930
7482
7626
8931
7483
7627
8932
7484
7628
8933
7485
7629
8934
7486
7630
8935
7487
7631
8936
7488
7632
8937
7489
7633
8938
7490
7634
8939
7491
7635
8940
7492
7636
8941
7493
7637
8942
7494
7638
8943
7495
7639
8944
7496
7640
8945
7497
7641
8946
7498
7642
8947
7499
7643
8948
7500
7644
8949
7501
7645
8950
7502
7646
8951
7503
7647
8952
7504
7648
8953
7505
7649
8954
7506
7650
8955
7507
7651
8956
7508
7652
8957
7509
7653
8958
7510
7654
8959
7511
7655
8960
7512
7656
8961
7513
7657
8962
7514
7658
8963
7659
8964
7516
7660
8965
7517
7661
8966
7518
7662
8967
7519
7663
8968
7520
7664
8969
7521
7665
8970
7522
7666
8971
7523
7667
8972
7524
7668
8973
7525
7669
8974
7526
7670
8975
7527
7671
8976
7528
7672
8977
7529
7673
8978
7530
7674
8979
7531
7675
8980
7532
7676
8981
7533
7677
8982
7534
7678
8983
7535
7679
8984
7536
7680
8985
7537
7681
8986
7538
7682
8987
7539
7683
8988
7540
7684
8989
7541
7685
8990
7542
7686
8991
7543
7687
8992
7544
7688
8993
7545
7689
8994
7546
7690
8995
7547
7691
8996
7548
7692
8997
7549
7693
8998
7550
7694
8999
7551
7695
9000
7552
7696
9001
7553
7697
9002
7554
7698
9003
7555
7699
9004
7556
7700
9005
7557
7701
9006
7558
7702
9007
7559
7703
9008
7560
7704
9009
7561
7705
9010
7562
7706
9011
7563
7707
9012
7564
7708
9013
7565
7709
9014
7566
7710
9015
7567
7711
9016
7568
7712
9017
7569
7713
9018
7570
7714
9019
7571
7715
9020
7572
7716
9021
7573
7717
9022
7574
7718
9023
7575
7719
9024
7576
7720
9025
7577
7721
9026
7578
7722
9027
7579
7723
9028
7580
7724
9029
7581
7725
9030
7582
7726
9031
7583
7727
9032
7584
7728
9033
7585
7729
9034
7586
7730
9035
7587
7731
9036
7588
7732
9037
7589
7733
9038
7590
7734
9039
7591
7735
9040
7592
7736
9041
7593
7737
9042
7594
7738
9043
7595
7739
9044
7596
7740
9045
7597
7741
9046
7598
7742
9047
7599
7743
9048
7600
7744
9049
7601
7745
9050
7602
7746
9051
7603
7747
9052
7604
7748
9053
7605
7749
9054
7606
7750
9055
7607
7751
9056
7608
7752
9057
7609
7753
9058
7610
7754
9059
7611
7755
9060
7612
7756
9061
7613
7757
9062
7614
7758
9063
7615
7759
9064
7616
7760
9065
7617
7761
9066
7618
7762
9067
7619
7763
9068
7620
7764
9069
7621
7765
9070
7622
7766
9071
7623
7767
9072
7624
7768
9073
7625
7769
9074
7626
7770
9075
7627
7771
9076
7628
7772
9077
7629
7773
9078
7630
7774
9079
7631
7775
9080
7632
7776
9081
7633
7777
9082
7634
7778
9083
7635
7779
9084
7636
7780
9085
7637
7781
9086
7638
7782
9087
7639
7783
9088
7640
7784
9089
7641
7785
9090
7642
7786
9091
7643
7787
9092
7644
7788
9093
7645
7789
9094
7646
7790
9095
7647
7791
9096
7648
7792
9097
7649
7793
9098
7650
7794
9099
7651
7795
9100
7652
7796
9101
7653
7797
9102
7654
7798
9103
7655
7799
9104
7656
7800
9105
7657
7801
9106
7658
7802
9107
7659
7803
9108
7804
9109
7661
7805
9110
7662
7806
9111
7663
7807
9112
7664
7808
9113
7665
7809
9114
7666
7810
9115
7667
7811
9116
7668
7812
9117
7669
7813
9118
7670
7814
9119
7671
7815
9120
7672
7816
9121
7673
7817
9122
7674
7818
9123
7675
7819
9124
7676
7820
9125
7677
7821
9126
7678
7822
9127
7679
7823
9128
7680
7824
9129
7681
7825
9130
7682
7826
9131
7683
7827
9132
7684
7828
9133
7685
7829
9134
7686
7830
9135
7687
7831
9136
7688
7832
9137
7689
7833
9138
7690
7834
9139
7691
7835
9140
7692
7836
9141
7693
7837
9142
7694
7838
9143
7695
7839
9144
7696
7840
9145
7697
7841
9146
7698
7842
9147
7699
7843
9148
7700
7844
9149
7701
7845
9150
7702
7846
9151
7703
7847
9152
7704
7848
9153
7705
7849
9154
7706
7850
9155
7707
7851
9156
7708
7852
9157
7709
7853
9158
7710
7854
9159
7711
7855
9160
7712
7856
9161
7713
7857
9162
7714
7858
9163
7715
7859
9164
7716
7860
9165
7717
7861
9166
7718
7862
9167
7719
7863
9168
7720
7864
9169
7721
7865
9170
7722
7866
9171
7723
7867
9172
7724
7868
9173
7725
7869
9174
7726
7870
9175
7727
7871
9176
7728
7872
9177
7729
7873
9178
7730
7874
9179
7731
7875
9180
7732
7876
9181
7733
7877
9182
7734
7878
9183
7735
7879
9184
7736
7880
9185
7737
7881
9186
7738
7882
9187
7739
7883
9188
7740
7884
9189
7741
7885
9190
7742
7886
9191
7743
7887
9192
7744
7888
9193
7745
7889
9194
7746
7890
9195
7747
7891
9196
7748
7892
9197
7749
7893
9198
7750
7894
9199
7751
7895
9200
7752
7896
9201
7753
7897
9202
7754
7898
9203
7755
7899
9204
7756
7900
9205
7757
7901
9206
7758
7902
9207
7759
7903
9208
7760
7904
9209
7761
7905
9210
7762
7906
9211
7763
7907
9212
7764
7908
9213
7765
7909
9214
7766
7910
9215
7767
7911
9216
7768
7912
9217
7769
7913
9218
7770
7914
9219
7771
7915
9220
7772
7916
9221
7773
7917
9222
7774
7918
9223
7775
7919
9224
7776
7920
9225
7777
7921
9226
7778
7922
9227
7779
7923
9228
7780
7924
9229
7781
7925
9230
7782
7926
9231
7783
7927
9232
7784
7928
9233
7785
7929
9234
7786
7930
9235
7787
7931
9236
7788
7932
9237
7789
7933
9238
7790
7934
9239
7791
7935
9240
7792
7936
9241
7793
7937
9242
7794
7938
9243
7795
7939
9244
7796
7940
9245
7797
7941
9246
7798
7942
9247
7799
7943
9248
7800
7944
9249
7801
7945
9250
7802
7946
9251
7803
7947
9252
7804
7948
9253
7949
9254
7806
9255
7807
9256
7808
9257
7809
9258
7810
9259
7811
9260
7812
9261
7813
9262
7814
9263
7815
9264
7816
9265
7817
9266
7818
9267
7819
9268
7820
9269
7821
9270
7822
9271
7823
9272
7824
9273
7825
9274
7826
9275
7827
9276
7828
9277
7829
9278
7830
9279
7831
9280
7832
9281
7833
9282
7834
9283
7835
9284
7836
9285
7837
9286
7838
9287
7839
9288
7840
9289
7841
9290
7842
9291
7843
9292
7844
9293
7845
9294
7846
9295
7847
9296
7848
9297
7849
9298
7850
9299
7851
9300
7852
9301
7853
9302
7854
9303
7855
9304
7856
9305
7857
9306
7858
9307
7859
9308
7860
9309
7861
9310
7862
9311
7863
9312
7864
9313
7865
9314
7866
9315
7867
9316
7868
9317
7869
9318
7870
9319
7871
9320
7872
9321
7873
9322
7874
9323
7875
9324
7876
9325
7877
9326
7878
9327
7879
9328
7880
9329
7881
9330
7882
9331
7883
9332
7884
9333
7885
9334
7886
9335
7887
9336
7888
9337
7889
9338
7890
9339
7891
9340
7892
9341
7893
9342
7894
9343
7895
9344
7896
9345
7897
9346
7898
9347
7899
9348
7900
9349
7901
9350
7902
9351
7903
9352
7904
9353
7905
9354
7906
9355
7907
9356
7908
9357
7909
9358
7910
9359
7911
9360
7912
9361
7913
9362
7914
9363
7915
9364
7916
9365
7917
9366
7918
9367
7919
9368
7920
9369
7921
9370
7922
9371
7923
9372
7924
9373
7925
9374
7926
9375
7927
9376
7928
9377
7929
9378
7930
9379
7931
9380
7932
9381
7933
9382
7934
9383
7935
9384
7936
9385
7937
9386
7938
9387
7939
9388
7940
9389
7941
9390
7942
9391
7943
9392
7944
9393
7945
9394
7946
9395
7947
9396
7948
9397
7949
9398
9399
7951
8095
9400
7952
8096
9401
7953
8097
9402
7954
8098
9403
7955
8099
9404
7956
8100
9405
7957
8101
9406
7958
8102
9407
7959
8103
9408
7960
8104
9409
7961
8105
9410
7962
8106
9411
7963
8107
9412
7964
8108
9413
7965
8109
9414
7966
8110
9415
7967
8111
9416
7968
8112
9417
7969
8113
9418
7970
8114
9419
7971
8115
9420
7972
8116
9421
7973
8117
9422
7974
8118
9423
7975
8119
9424
7976
8120
9425
7977
8121
9426
7978
8122
9427
7979
8123
9428
7980
8124
9429
7981
8125
9430
7982
8126
9431
7983
8127
9432
7984
8128
9433
7985
8129
9434
7986
8130
9435
7987
8131
9436
7988
8132
9437
7989
8133
9438
7990
8134
9439
7991
8135
9440
7992
8136
9441
7993
8137
9442
7994
8138
9443
7995
8139
9444
7996
8140
9445
7997
8141
9446
7998
8142
9447
7999
8143
9448
8000
8144
9449
8001
8145
9450
8002
8146
9451
8003
8147
9452
8004
8148
9453
8005
8149
9454
8006
8150
9455
8007
8151
9456
8008
8152
9457
8009
8153
9458
8010
8154
9459
8011
8155
9460
8012
8156
9461
8013
8157
9462
8014
8158
9463
8015
8159
9464
8016
8160
9465
8017
8161
9466
8018
8162
9467
8019
8163
9468
8020
8164
9469
8021
8165
9470
8022
8166
9471
8023
8167
9472
8024
8168
9473
8025
8169
9474
8026
8170
9475
8027
8171
9476
8028
8172
9477
8029
8173
9478
8030
8174
9479
8031
8175
9480
8032
8176
9481
8033
8177
9482
8034
8178
9483
8035
8179
9484
8036
8180
9485
8037
8181
9486
8038
8182
9487
8039
8183
9488
8040
8184
9489
8041
8185
9490
8042
8186
9491
8043
8187
9492
8044
8188
9493
8045
8189
9494
8046
8190
9495
8047
8191
9496
8048
8192
9497
8049
8193
9498
8050
8194
9499
8051
8195
9500
8052
8196
9501
8053
8197
9502
8054
8198
9503
8055
8199
9504
8056
8200
9505
8057
8201
9506
8058
8202
9507
8059
8203
9508
8060
8204
9509
8061
8205
9510
8062
8206
9511
8063
8207
9512
8064
8208
9513
8065
8209
9514
8066
8210
9515
8067
8211
9516
8068
8212
9517
8069
8213
9518
8070
8214
9519
8071
8215
9520
8072
8216
9521
8073
8217
9522
8074
8218
9523
8075
8219
9524
8076
8220
9525
8077
8221
9526
8078
8222
9527
8079
8223
9528
8080
8224
9529
8081
8225
9530
8082
8226
9531
8083
8227
9532
8084
8228
9533
8085
8229
9534
8086
8230
9535
8087
8231
9536
8088
8232
9537
8089
8233
9538
8090
8234
9539
8091
8235
9540
8092
8236
9541
8093
8237
9542
8094
8238
9543
8239
9544
8096
8240
9545
8097
8241
9546
8098
8242
9547
8099
8243
9548
8100
8244
9549
8101
8245
9550
8102
8246
9551
8103
8247
9552
8104
8248
9553
8105
8249
9554
8106
8250
9555
8107
8251
9556
8108
8252
9557
8109
8253
9558
8110
8254
9559
8111
8255
9560
8112
8256
9561
8113
8257
9562
8114
8258
9563
8115
8259
9564
8116
8260
9565
8117
8261
9566
8118
8262
9567
8119
8263
9568
8120
8264
9569
8121
8265
9570
8122
8266
9571
8123
8267
9572
8124
8268
9573
8125
8269
9574
8126
8270
9575
8127
8271
9576
8128
8272
9577
8129
8273
9578
8130
8274
9579
8131
8275
9580
8132
8276
9581
8133
8277
9582
8134
8278
9583
8135
8279
9584
8136
8280
9585
8137
8281
9586
8138
8282
9587
8139
8283
9588
8140
8284
9589
8141
8285
9590
8142
8286
9591
8143
8287
9592
8144
8288
9593
8145
8289
9594
8146
8290
9595
8147
8291
9596
8148
8292
9597
8149
8293
9598
8150
8294
9599
8151
8295
9600
8152
8296
9601
8153
8297
9602
8154
8298
9603
8155
8299
9604
8156
8300
9605
8157
8301
9606
8158
8302
9607
8159
8303
9608
8160
8304
9609
8161
8305
9610
8162
8306
9611
8163
8307
9612
8164
8308
9613
8165
8309
9614
8166
8310
9615
8167
8311
9616
8168
8312
9617
8169
8313
9618
8170
8314
9619
8171
8315
9620
8172
8316
9621
8173
8317
9622
8174
8318
9623
8175
8319
9624
8176
8320
9625
8177
8321
9626
8178
8322
9627
8179
8323
9628
8180
8324
9629
8181
8325
9630
8182
8326
9631
8183
8327
9632
8184
8328
9633
8185
8329
9634
8186
8330
9635
8187
8331
9636
8188
8332
9637
8189
8333
9638
8190
8334
9639
8191
8335
9640
8192
8336
9641
8193
8337
9642
8194
8338
9643
8195
8339
9644
8196
8340
9645
8197
8341
9646
8198
8342
9647
8199
8343
9648
8200
8344
9649
8201
8345
9650
8202
8346
9651
8203
8347
9652
8204
8348
9653
8205
8349
9654
8206
8350
9655
8207
8351
9656
8208
8352
9657
8209
8353
9658
8210
8354
9659
8211
8355
9660
8212
8356
9661
8213
8357
9662
8214
8358
9663
8215
8359
9664
8216
8360
9665
8217
8361
9666
8218
8362
9667
8219
8363
9668
8220
8364
9669
8221
8365
9670
8222
8366
9671
8223
8367
9672
8224
8368
9673
8225
8369
9674
8226
8370
9675
8227
8371
9676
8228
8372
9677
8229
8373
9678
8230
8374
9679
8231
8375
9680
8232
8376
9681
8233
8377
9682
8234
8378
9683
8235
8379
9684
8236
8380
9685
8237
8381
9686
8238
8382
9687
8239
8383
9688
8384
9689
8241
8385
9690
8242
8386
9691
8243
8387
9692
8244
8388
9693
8245
8389
9694
8246
8390
9695
8247
8391
9696
8248
8392
9697
8249
8393
9698
8250
8394
9699
8251
8395
9700
8252
8396
9701
8253
8397
9702
8254
8398
9703
8255
8399
9704
8256
8400
9705
8257
8401
9706
8258
8402
9707
8259
8403
9708
8260
8404
9709
8261
8405
9710
8262
8406
9711
8263
8407
9712
8264
8408
9713
8265
8409
9714
8266
8410
9715
8267
8411
9716
8268
8412
9717
8269
8413
9718
8270
8414
9719
8271
8415
9720
8272
8416
9721
8273
8417
9722
8274
8418
9723
8275
8419
9724
8276
8420
9725
8277
8421
9726
8278
8422
9727
8279
8423
9728
8280
8424
9729
8281
8425
9730
8282
8426
9731
8283
8427
9732
8284
8428
9733
8285
8429
9734
8286
8430
9735
8287
8431
9736
8288
8432
9737
8289
8433
9738
8290
8434
9739
8291
8435
9740
8292
8436
9741
8293
8437
9742
8294
8438
9743
8295
8439
9744
8296
8440
9745
8297
8441
9746
8298
8442
9747
8299
8443
9748
8300
8444
9749
8301
8445
9750
8302
8446
9751
8303
8447
9752
8304
8448
9753
8305
8449
9754
8306
8450
9755
8307
8451
9756
8308
8452
9757
8309
8453
9758
8310
8454
9759
8311
8455
9760
8312
8456
9761
8313
8457
9762
8314
8458
9763
8315
8459
9764
8316
8460
9765
8317
8461
9766
8318
8462
9767
8319
8463
9768
8320
8464
9769
8321
8465
9770
8322
8466
9771
8323
8467
9772
8324
8468
9773
8325
8469
9774
8326
8470
9775
8327
8471
9776
8328
8472
9777
8329
8473
9778
8330
8474
9779
8331
8475
9780
8332
8476
9781
8333
8477
9782
8334
8478
9783
8335
8479
9784
8336
8480
9785
8337
8481
9786
8338
8482
9787
8339
8483
9788
8340
8484
9789
8341
8485
9790
8342
8486
9791
8343
8487
9792
8344
8488
9793
8345
8489
9794
8346
8490
9795
8347
8491
9796
8348
8492
9797
8349
8493
9798
8350
8494
9799
8351
8495
9800
8352
8496
9801
8353
8497
9802
8354
8498
9803
8355
8499
9804
8356
8500
9805
8357
8501
9806
8358
8502
9807
8359
8503
9808
8360
8504
9809
8361
8505
9810
8362
8506
9811
8363
8507
9812
8364
8508
9813
8365
8509
9814
8366
8510
9815
8367
8511
9816
8368
8512
9817
8369
8513
9818
8370
8514
9819
8371
8515
9820
8372
8516
9821
8373
8517
9822
8374
8518
9823
8375
8519
9824
8376
8520
9825
8377
8521
9826
8378
8522
9827
8379
8523
9828
8380
8524
9829
8381
8525
9830
8382
8526
9831
8383
8527
9832
8384
8528
9833
8529
9834
8386
8530
9835
8387
8531
9836
8388
8532
9837
8389
8533
9838
8390
8534
9839
8391
8535
9840
8392
8536
9841
8393
8537
9842
8394
8538
9843
8395
8539
9844
8396
8540
9845
8397
8541
9846
8398
8542
9847
8399
8543
9848
8400
8544
9849
8401
8545
9850
8402
8546
9851
8403
8547
9852
8404
8548
9853
8405
8549
9854
8406
8550
9855
8407
8551
9856
8408
8552
9857
8409
8553
9858
8410
8554
9859
8411
8555
9860
8412
8556
9861
8413
8557
9862
8414
8558
9863
8415
8559
9864
8416
8560
9865
8417
8561
9866
8418
8562
9867
8419
8563
9868
8420
8564
9869
8421
8565
9870
8422
8566
9871
8423
8567
9872
8424
8568
9873
8425
8569
9874
8426
8570
9875
8427
8571
9876
8428
8572
9877
8429
8573
9878
8430
8574
9879
8431
8575
9880
8432
8576
9881
8433
8577
9882
8434
8578
9883
8435
8579
9884
8436
8580
9885
8437
8581
9886
8438
8582
9887
8439
8583
9888
8440
8584
9889
8441
8585
9890
8442
8586
9891
8443
8587
9892
8444
8588
9893
8445
8589
9894
8446
8590
9895
8447
8591
9896
8448
8592
9897
8449
8593
9898
8450
8594
9899
8451
8595
9900
8452
8596
9901
8453
8597
9902
8454
8598
9903
8455
8599
9904
8456
8600
9905
8457
8601
9906
8458
8602
9907
8459
8603
9908
8460
8604
9909
8461
8605
9910
8462
8606
9911
8463
8607
9912
8464
8608
9913
8465
8609
9914
8466
8610
9915
8467
8611
9916
8468
8612
9917
8469
8613
9918
8470
8614
9919
8471
8615
9920
8472
8616
9921
8473
8617
9922
8474
8618
9923
8475
8619
9924
8476
8620
9925
8477
8621
9926
8478
8622
9927
8479
8623
9928
8480
8624
9929
8481
8625
9930
8482
8626
9931
8483
8627
9932
8484
8628
9933
8485
8629
9934
8486
8630
9935
8487
8631
9936
8488
8632
9937
8489
8633
9938
8490
8634
9939
8491
8635
9940
8492
8636
9941
8493
8637
9942
8494
8638
9943
8495
8639
9944
8496
8640
9945
8497
8641
9946
8498
8642
9947
8499
8643
9948
8500
8644
9949
8501
8645
9950
8502
8646
9951
8503
8647
9952
8504
8648
9953
8505
8649
9954
8506
8650
9955
8507
8651
9956
8508
8652
9957
8509
8653
9958
8510
8654
9959
8511
8655
9960
8512
8656
9961
8513
8657
9962
8514
8658
9963
8515
8659
9964
8516
8660
9965
8517
8661
9966
8518
8662
9967
8519
8663
9968
8520
8664
9969
8521
8665
9970
8522
8666
9971
8523
8667
9972
8524
8668
9973
8525
8669
9974
8526
8670
9975
8527
8671
9976
8528
8672
9977
8529
8673
9978
8674
9979
8531
8675
9980
8532
8676
9981
8533
8677
9982
8534
8678
9983
8535
8679
9984
8536
8680
9985
8537
8681
9986
8538
8682
9987
8539
8683
9988
8540
8684
9989
8541
8685
9990
8542
8686
9991
8543
8687
9992
8544
8688
9993
8545
8689
9994
8546
8690
9995
8547
8691
9996
8548
8692
9997
8549
8693
9998
8550
8694
9999
8551
8695
10000
8552
8696
10001
8553
8697
10002
8554
8698
10003
8555
8699
10004
8556
8700
10005
8557
8701
10006
8558
8702
10007
8559
8703
10008
8560
8704
10009
8561
8705
10010
8562
8706
10011
8563
8707
10012
8564
8708
10013
8565
8709
10014
8566
8710
10015
8567
8711
10016
8568
8712
10017
8569
8713
10018
8570
8714
10019
8571
8715
10020
8572
8716
10021
8573
8717
10022
8574
8718
10023
8575
8719
10024
8576
8720
10025
8577
8721
10026
8578
8722
10027
8579
8723
10028
8580
8724
10029
8581
8725
10030
8582
8726
10031
8583
8727
10032
8584
8728
10033
8585
8729
10034
8586
8730
10035
8587
8731
10036
8588
8732
10037
8589
8733
10038
8590
8734
10039
8591
8735
10040
8592
8736
10041
8593
8737
10042
8594
8738
10043
8595
8739
10044
8596
8740
10045
8597
8741
10046
8598
8742
10047
8599
8743
10048
8600
8744
10049
8601
8745
10050
8602
8746
10051
8603
8747
10052
8604
8748
10053
8605
8749
10054
8606
8750
10055
8607
8751
10056
8608
8752
10057
8609
8753
10058
8610
8754
10059
8611
8755
10060
8612
8756
10061
8613
8757
10062
8614
8758
10063
8615
8759
10064
8616
8760
10065
8617
8761
10066
8618
8762
10067
8619
8763
10068
8620
8764
10069
8621
8765
10070
8622
8766
10071
8623
8767
10072
8624
8768
10073
8625
8769
10074
8626
8770
10075
8627
8771
10076
8628
8772
10077
8629
8773
10078
8630
8774
10079
8631
8775
10080
8632
8776
10081
8633
8777
10082
8634
8778
10083
8635
8779
10084
8636
8780
10085
8637
8781
10086
8638
8782
10087
8639
8783
10088
8640
8784
10089
8641
8785
10090
8642
8786
10091
8643
8787
10092
8644
8788
10093
8645
8789
10094
8646
8790
10095
8647
8791
10096
8648
8792
10097
8649
8793
10098
8650
8794
10099
8651
8795
10100
8652
8796
10101
8653
8797
10102
8654
8798
10103
8655
8799
10104
8656
8800
10105
8657
8801
10106
8658
8802
10107
8659
8803
10108
8660
8804
10109
8661
8805
10110
8662
8806
10111
8663
8807
10112
8664
8808
10113
8665
8809
10114
8666
8810
10115
8667
8811
10116
8668
8812
10117
8669
8813
10118
8670
8814
10119
8671
8815
10120
8672
8816
10121
8673
8817
10122
8674
8818
10123
8819
10124
8676
8820
10125
8677
8821
10126
8678
8822
10127
8679
8823
10128
8680
8824
10129
8681
8825
10130
8682
8826
10131
8683
8827
10132
8684
8828
10133
8685
8829
10134
8686
8830
10135
8687
8831
10136
8688
8832
10137
8689
8833
10138
8690
8834
10139
8691
8835
10140
8692
8836
10141
8693
8837
10142
8694
8838
10143
8695
8839
10144
8696
8840
10145
8697
8841
10146
8698
8842
10147
8699
8843
10148
8700
8844
10149
8701
8845
10150
8702
8846
10151
8703
8847
10152
8704
8848
10153
8705
8849
10154
8706
8850
10155
8707
8851
10156
8708
8852
10157
8709
8853
10158
8710
8854
10159
8711
8855
10160
8712
8856
10161
8713
8857
10162
8714
8858
10163
8715
8859
10164
8716
8860
10165
8717
8861
10166
8718
8862
10167
8719
8863
10168
8720
8864
10169
8721
8865
10170
8722
8866
10171
8723
8867
10172
8724
8868
10173
8725
8869
10174
8726
8870
10175
8727
8871
10176
8728
8872
10177
8729
8873
10178
8730
8874
10179
8731
8875
10180
8732
8876
10181
8733
8877
10182
8734
8878
10183
8735
8879
10184
8736
8880
10185
8737
8881
10186
8738
8882
10187
8739
8883
10188
8740
8884
10189
8741
8885
10190
8742
8886
10191
8743
8887
10192
8744
8888
10193
8745
8889
10194
8746
8890
10195
8747
8891
10196
8748
8892
10197
8749
8893
10198
8750
8894
10199
8751
8895
10200
8752
8896
10201
8753
8897
10202
8754
8898
10203
8755
8899
10204
8756
8900
10205
8757
8901
10206
8758
8902
10207
8759
8903
10208
8760
8904
10209
8761
8905
10210
8762
8906
10211
8763
8907
10212
8764
8908
10213
8765
8909
10214
8766
8910
10215
8767
8911
10216
8768
8912
10217
8769
8913
10218
8770
8914
10219
8771
8915
10220
8772
8916
10221
8773
8917
10222
8774
8918
10223
8775
8919
10224
8776
8920
10225
8777
8921
10226
8778
8922
10227
8779
8923
10228
8780
8924
10229
8781
8925
10230
8782
8926
10231
8783
8927
10232
8784
8928
10233
8785
8929
10234
8786
8930
10235
8787
8931
10236
8788
8932
10237
8789
8933
10238
8790
8934
10239
8791
8935
10240
8792
8936
10241
8793
8937
10242
8794
8938
10243
8795
8939
10244
8796
8940
10245
8797
8941
10246
8798
8942
10247
8799
8943
10248
8800
8944
10249
8801
8945
10250
8802
8946
10251
8803
8947
10252
8804
8948
10253
8805
8949
10254
8806
8950
10255
8807
8951
10256
8808
8952
10257
8809
8953
10258
8810
8954
10259
8811
8955
10260
8812
8956
10261
8813
8957
10262
8814
8958
10263
8815
8959
10264
8816
8960
10265
8817
8961
10266
8818
8962
10267
8819
8963
10268
8964
10269
8821
8965
10270
8822
8966
10271
8823
8967
10272
8824
8968
10273
8825
8969
10274
8826
8970
10275
8827
8971
10276
8828
8972
10277
8829
8973
10278
8830
8974
10279
8831
8975
10280
8832
8976
10281
8833
8977
10282
8834
8978
10283
8835
8979
10284
8836
8980
10285
8837
8981
10286
8838
8982
10287
8839
8983
10288
8840
8984
10289
8841
8985
10290
8842
8986
10291
8843
8987
10292
8844
8988
10293
8845
8989
10294
8846
8990
10295
8847
8991
10296
8848
8992
10297
8849
8993
10298
8850
8994
10299
8851
8995
10300
8852
8996
10301
8853
8997
10302
8854
8998
10303
8855
8999
10304
8856
9000
10305
8857
9001
10306
8858
9002
10307
8859
9003
10308
8860
9004
10309
8861
9005
10310
8862
9006
10311
8863
9007
10312
8864
9008
10313
8865
9009
10314
8866
9010
10315
8867
9011
10316
8868
9012
10317
8869
9013
10318
8870
9014
10319
8871
9015
10320
8872
9016
10321
8873
9017
10322
8874
9018
10323
8875
9019
10324
8876
9020
10325
8877
9021
10326
8878
9022
10327
8879
9023
10328
8880
9024
10329
8881
9025
10330
8882
9026
10331
8883
9027
10332
8884
9028
10333
8885
9029
10334
8886
9030
10335
8887
9031
10336
8888
9032
10337
8889
9033
10338
8890
9034
10339
8891
9035
10340
8892
9036
10341
8893
9037
10342
8894
9038
10343
8895
9039
10344
8896
9040
10345
8897
9041
10346
8898
9042
10347
8899
9043
10348
8900
9044
10349
8901
9045
10350
8902
9046
10351
8903
9047
10352
8904
9048
10353
8905
9049
10354
8906
9050
10355
8907
9051
10356
8908
9052
10357
8909
9053
10358
8910
9054
10359
8911
9055
10360
8912
9056
10361
8913
9057
10362
8914
9058
10363
8915
9059
10364
8916
9060
10365
8917
9061
10366
8918
9062
10367
8919
9063
10368
8920
9064
10369
8921
9065
10370
8922
9066
10371
8923
9067
10372
8924
9068
10373
8925
9069
10374
8926
9070
10375
8927
9071
10376
8928
9072
10377
8929
9073
10378
8930
9074
10379
8931
9075
10380
8932
9076
10381
8933
9077
10382
8934
9078
10383
8935
9079
10384
8936
9080
10385
8937
9081
10386
8938
9082
10387
8939
9083
10388
8940
9084
10389
8941
9085
10390
8942
9086
10391
8943
9087
10392
8944
9088
10393
8945
9089
10394
8946
9090
10395
8947
9091
10396
8948
9092
10397
8949
9093
10398
8950
9094
10399
8951
9095
10400
8952
9096
10401
8953
9097
10402
8954
9098
10403
8955
9099
10404
8956
9100
10405
8957
9101
10406
8958
9102
10407
8959
9103
10408
8960
9104
10409
8961
9105
10410
8962
9106
10411
8963
9107
10412
8964
9108
10413
9109
10414
8966
9110
10415
8967
9111
10416
8968
9112
10417
8969
9113
10418
8970
9114
10419
8971
9115
10420
8972
9116
10421
8973
9117
10422
8974
9118
10423
8975
9119
10424
8976
9120
10425
8977
9121
10426
8978
9122
10427
8979
9123
10428
8980
9124
10429
8981
9125
10430
8982
9126
10431
8983
9127
10432
8984
9128
10433
8985
9129
10434
8986
9130
10435
8987
9131
10436
8988
9132
10437
8989
9133
10438
8990
9134
10439
8991
9135
10440
8992
9136
10441
8993
9137
10442
8994
9138
10443
8995
9139
10444
8996
9140
10445
8997
9141
10446
8998
9142
10447
8999
9143
10448
9000
9144
10449
9001
9145
10450
9002
9146
10451
9003
9147
10452
9004
9148
10453
9005
9149
10454
9006
9150
10455
9007
9151
10456
9008
9152
10457
9009
9153
10458
9010
9154
10459
9011
9155
10460
9012
9156
10461
9013
9157
10462
9014
9158
10463
9015
9159
10464
9016
9160
10465
9017
9161
10466
9018
9162
10467
9019
9163
10468
9020
9164
10469
9021
9165
10470
9022
9166
10471
9023
9167
10472
9024
9168
10473
9025
9169
10474
9026
9170
10475
9027
9171
10476
9028
9172
10477
9029
9173
10478
9030
9174
10479
9031
9175
10480
9032
9176
10481
9033
9177
10482
9034
9178
10483
9035
9179
10484
9036
9180
10485
9037
9181
10486
9038
9182
10487
9039
9183
10488
9040
9184
10489
9041
9185
10490
9042
9186
10491
9043
9187
10492
9044
9188
10493
9045
9189
10494
9046
9190
10495
9047
9191
10496
9048
9192
10497
9049
9193
10498
9050
9194
10499
9051
9195
10500
9052
9196
10501
9053
9197
10502
9054
9198
10503
9055
9199
10504
9056
9200
10505
9057
9201
10506
9058
9202
10507
9059
9203
10508
9060
9204
10509
9061
9205
10510
9062
9206
10511
9063
9207
10512
9064
9208
10513
9065
9209
10514
9066
9210
10515
9067
9211
10516
9068
9212
10517
9069
9213
10518
9070
9214
10519
9071
9215
10520
9072
9216
10521
9073
9217
10522
9074
9218
10523
9075
9219
10524
9076
9220
10525
9077
9221
10526
9078
9222
10527
9079
9223
10528
9080
9224
10529
9081
9225
10530
9082
9226
10531
9083
9227
10532
9084
9228
10533
9085
9229
10534
9086
9230
10535
9087
9231
10536
9088
9232
10537
9089
9233
10538
9090
9234
10539
9091
9235
10540
9092
9236
10541
9093
9237
10542
9094
9238
10543
9095
9239
10544
9096
9240
10545
9097
9241
10546
9098
9242
10547
9099
9243
10548
9100
9244
10549
9101
9245
10550
9102
9246
10551
9103
9247
10552
9104
9248
10553
9105
9249
10554
9106
9250
10555
9107
9251
10556
9108
9252
10557
9109
9253
10558
9254
10559
9111
9255
10560
9112
9256
10561
9113
9257
10562
9114
9258
10563
9115
9259
10564
9116
9260
10565
9117
9261
10566
9118
9262
10567
9119
9263
10568
9120
9264
10569
9121
9265
10570
9122
9266
10571
9123
9267
10572
9124
9268
10573
9125
9269
10574
9126
9270
10575
9127
9271
10576
9128
9272
10577
9129
9273
10578
9130
9274
10579
9131
9275
10580
9132
9276
10581
9133
9277
10582
9134
9278
10583
9135
9279
10584
9136
9280
10585
9137
9281
10586
9138
9282
10587
9139
9283
10588
9140
9284
10589
9141
9285
10590
9142
9286
10591
9143
9287
10592
9144
9288
10593
9145
9289
10594
9146
9290
10595
9147
9291
10596
9148
9292
10597
9149
9293
10598
9150
9294
10599
9151
9295
10600
9152
9296
10601
9153
9297
10602
9154
9298
10603
9155
9299
10604
9156
9300
10605
9157
9301
10606
9158
9302
10607
9159
9303
10608
9160
9304
10609
9161
9305
10610
9162
9306
10611
9163
9307
10612
9164
9308
10613
9165
9309
10614
9166
9310
10615
9167
9311
10616
9168
9312
10617
9169
9313
10618
9170
9314
10619
9171
9315
10620
9172
9316
10621
9173
9317
10622
9174
9318
10623
9175
9319
10624
9176
9320
10625
9177
9321
10626
9178
9322
10627
9179
9323
10628
9180
9324
10629
9181
9325
10630
9182
9326
10631
9183
9327
10632
9184
9328
10633
9185
9329
10634
9186
9330
10635
9187
9331
10636
9188
9332
10637
9189
9333
10638
9190
9334
10639
9191
9335
10640
9192
9336
10641
9193
9337
10642
9194
9338
10643
9195
9339
10644
9196
9340
10645
9197
9341
10646
9198
9342
10647
9199
9343
10648
9200
9344
10649
9201
9345
10650
9202
9346
10651
9203
9347
10652
9204
9348
10653
9205
9349
10654
9206
9350
10655
9207
9351
10656
9208
9352
10657
9209
9353
10658
9210
9354
10659
9211
9355
10660
9212
9356
10661
9213
9357
10662
9214
9358
10663
9215
9359
10664
9216
9360
10665
9217
9361
10666
9218
9362
10667
9219
9363
10668
9220
9364
10669
9221
9365
10670
9222
9366
10671
9223
9367
10672
9224
9368
10673
9225
9369
10674
9226
9370
10675
9227
9371
10676
9228
9372
10677
9229
9373
10678
9230
9374
10679
9231
9375
10680
9232
9376
10681
9233
9377
10682
9234
9378
10683
9235
9379
10684
9236
9380
10685
9237
9381
10686
9238
9382
10687
9239
9383
10688
9240
9384
10689
9241
9385
10690
9242
9386
10691
9243
9387
10692
9244
9388
10693
9245
9389
10694
9246
9390
10695
9247
9391
10696
9248
9392
10697
9249
9393
10698
9250
9394
10699
9251
9395
10700
9252
9396
10701
9253
9397
10702
9254
9398
10703
9399
10704
9256
10705
9257
10706
9258
10707
9259
10708
9260
10709
9261
10710
9262
10711
9263
10712
9264
10713
9265
10714
9266
10715
9267
10716
9268
10717
9269
10718
9270
10719
9271
10720
9272
10721
9273
10722
9274
10723
9275
10724
9276
10725
9277
10726
9278
10727
9279
10728
9280
10729
9281
10730
9282
10731
9283
10732
9284
10733
9285
10734
9286
10735
9287
10736
9288
10737
9289
10738
9290
10739
9291
10740
9292
10741
9293
10742
9294
10743
9295
10744
9296
10745
9297
10746
9298
10747
9299
10748
9300
10749
9301
10750
9302
10751
9303
10752
9304
10753
9305
10754
9306
10755
9307
10756
9308
10757
9309
10758
9310
10759
9311
10760
9312
10761
9313
10762
9314
10763
9315
10764
9316
10765
9317
10766
9318
10767
9319
10768
9320
10769
9321
10770
9322
10771
9323
10772
9324
10773
9325
10774
9326
10775
9327
10776
9328
10777
9329
10778
9330
10779
9331
10780
9332
10781
9333
10782
9334
10783
9335
10784
9336
10785
9337
10786
9338
10787
9339
10788
9340
10789
9341
10790
9342
10791
9343
10792
9344
10793
9345
10794
9346
10795
9347
10796
9348
10797
9349
10798
9350
10799
9351
10800
9352
10801
9353
10802
9354
10803
9355
10804
9356
10805
9357
10806
9358
10807
9359
10808
9360
10809
9361
10810
9362
10811
9363
10812
9364
10813
9365
10814
9366
10815
9367
10816
9368
10817
9369
10818
9370
10819
9371
10820
9372
10821
9373
10822
9374
10823
9375
10824
9376
10825
9377
10826
9378
10827
9379
10828
9380
10829
9381
10830
9382
10831
9383
10832
9384
10833
9385
10834
9386
10835
9387
10836
9388
10837
9389
10838
9390
10839
9391
10840
9392
10841
9393
10842
9394
10843
9395
10844
9396
10845
9397
10846
9398
10847
9399
10848
10849
9401
9545
10850
9402
9546
10851
9403
9547
10852
9404
9548
10853
9405
9549
10854
9406
9550
10855
9407
9551
10856
9408
9552
10857
9409
9553
10858
9410
9554
10859
9411
9555
10860
9412
9556
10861
9413
9557
10862
9414
9558
10863
9415
9559
10864
9416
9560
10865
9417
9561
10866
9418
9562
10867
9419
9563
10868
9420
9564
10869
9421
9565
10870
9422
9566
10871
9423
9567
10872
9424
9568
10873
9425
9569
10874
9426
9570
10875
9427
9571
10876
9428
9572
10877
9429
9573
10878
9430
9574
10879
9431
9575
10880
9432
9576
10881
9433
9577
10882
9434
9578
10883
9435
9579
10884
9436
9580
10885
9437
9581
10886
9438
9582
10887
9439
9583
10888
9440
9584
10889
9441
9585
10890
9442
9586
10891
9443
9587
10892
9444
9588
10893
9445
9589
10894
9446
9590
10895
9447
9591
10896
9448
9592
10897
9449
9593
10898
9450
9594
10899
9451
9595
10900
9452
9596
10901
9453
9597
10902
9454
9598
10903
9455
9599
10904
9456
9600
10905
9457
9601
10906
9458
9602
10907
9459
9603
10908
9460
9604
10909
9461
9605
10910
9462
9606
10911
9463
9607
10912
9464
9608
10913
9465
9609
10914
9466
9610
10915
9467
9611
10916
9468
9612
10917
9469
9613
10918
9470
9614
10919
9471
9615
10920
9472
9616
10921
9473
9617
10922
9474
9618
10923
9475
9619
10924
9476
9620
10925
9477
9621
10926
9478
9622
10927
9479
9623
10928
9480
9624
10929
9481
9625
10930
9482
9626
10931
9483
9627
10932
9484
9628
10933
9485
9629
10934
9486
9630
10935
9487
9631
10936
9488
9632
10937
9489
9633
10938
9490
9634
10939
9491
9635
10940
9492
9636
10941
9493
9637
10942
9494
9638
10943
9495
9639
10944
9496
9640
10945
9497
9641
10946
9498
9642
10947
9499
9643
10948
9500
9644
10949
9501
9645
10950
9502
9646
10951
9503
9647
10952
9504
9648
10953
9505
9649
10954
9506
9650
10955
9507
9651
10956
9508
9652
10957
9509
9653
10958
9510
9654
10959
9511
9655
10960
9512
9656
10961
9513
9657
10962
9514
9658
10963
9515
9659
10964
9516
9660
10965
9517
9661
10966
9518
9662
10967
9519
9663
10968
9520
9664
10969
9521
9665
10970
9522
9666
10971
9523
9667
10972
9524
9668
10973
9525
9669
10974
9526
9670
10975
9527
9671
10976
9528
9672
10977
9529
9673
10978
9530
9674
10979
9531
9675
10980
9532
9676
10981
9533
9677
10982
9534
9678
10983
9535
9679
10984
9536
9680
10985
9537
9681
10986
9538
9682
10987
9539
9683
10988
9540
9684
10989
9541
9685
10990
9542
9686
10991
9543
9687
10992
9544
9688
10993
9689
10994
9546
9690
10995
9547
9691
10996
9548
9692
10997
9549
9693
10998
9550
9694
10999
9551
9695
11000
9552
9696
11001
9553
9697
11002
9554
9698
11003
9555
9699
11004
9556
9700
11005
9557
9701
11006
9558
9702
11007
9559
9703
11008
9560
9704
11009
9561
9705
11010
9562
9706
11011
9563
9707
11012
9564
9708
11013
9565
9709
11014
9566
9710
11015
9567
9711
11016
9568
9712
11017
9569
9713
11018
9570
9714
11019
9571
9715
11020
9572
9716
11021
9573
9717
11022
9574
9718
11023
9575
9719
11024
9576
9720
11025
9577
9721
11026
9578
9722
11027
9579
9723
11028
9580
9724
11029
9581
9725
11030
9582
9726
11031
9583
9727
11032
9584
9728
11033
9585
9729
11034
9586
9730
11035
9587
9731
11036
9588
9732
11037
9589
9733
11038
9590
9734
11039
9591
9735
11040
9592
9736
11041
9593
9737
11042
9594
9738
11043
9595
9739
11044
9596
9740
11045
9597
9741
11046
9598
9742
11047
9599
9743
11048
9600
9744
11049
9601
9745
11050
9602
9746
11051
9603
9747
11052
9604
9748
11053
9605
9749
11054
9606
9750
11055
9607
9751
11056
9608
9752
11057
9609
9753
11058
9610
9754
11059
9611
9755
11060
9612
9756
11061
9613
9757
11062
9614
9758
11063
9615
9759
11064
9616
9760
11065
9617
9761
11066
9618
9762
11067
9619
9763
11068
9620
9764
11069
9621
9765
11070
9622
9766
11071
9623
9767
11072
9624
9768
11073
9625
9769
11074
9626
9770
11075
9627
9771
11076
9628
9772
11077
9629
9773
11078
9630
9774
11079
9631
9775
11080
9632
9776
11081
9633
9777
11082
9634
9778
11083
9635
9779
11084
9636
9780
11085
9637
9781
11086
9638
9782
11087
9639
9783
11088
9640
9784
11089
9641
9785
11090
9642
9786
11091
9643
9787
11092
9644
9788
11093
9645
9789
11094
9646
9790
11095
9647
9791
11096
9648
9792
11097
9649
9793
11098
9650
9794
11099
9651
9795
11100
9652
9796
11101
9653
9797
11102
9654
9798
11103
9655
9799
11104
9656
9800
11105
9657
9801
11106
9658
9802
11107
9659
9803
11108
9660
9804
11109
9661
9805
11110
9662
9806
11111
9663
9807
11112
9664
9808
11113
9665
9809
11114
9666
9810
11115
9667
9811
11116
9668
9812
11117
9669
9813
11118
9670
9814
11119
9671
9815
11120
9672
9816
11121
9673
9817
11122
9674
9818
11123
9675
9819
11124
9676
9820
11125
9677
9821
11126
9678
9822
11127
9679
9823
11128
9680
9824
11129
9681
9825
11130
9682
9826
11131
9683
9827
11132
9684
9828
11133
9685
9829
11134
9686
9830
11135
9687
9831
11136
9688
9832
11137
9689
9833
11138
9834
11139
9691
9835
11140
9692
9836
11141
9693
9837
11142
9694
9838
11143
9695
9839
11144
9696
9840
11145
9697
9841
11146
9698
9842
11147
9699
9843
11148
9700
9844
11149
9701
9845
11150
9702
9846
11151
9703
9847
11152
9704
9848
11153
9705
9849
11154
9706
9850
11155
9707
9851
11156
9708
9852
11157
9709
9853
11158
9710
9854
11159
9711
9855
11160
9712
9856
11161
9713
9857
11162
9714
9858
11163
9715
9859
11164
9716
9860
11165
9717
9861
11166
9718
9862
11167
9719
9863
11168
9720
9864
11169
9721
9865
11170
9722
9866
11171
9723
9867
11172
9724
9868
11173
9725
9869
11174
9726
9870
11175
9727
9871
11176
9728
9872
11177
9729
9873
11178
9730
9874
11179
9731
9875
11180
9732
9876
11181
9733
9877
11182
9734
9878
11183
9735
9879
11184
9736
9880
11185
9737
9881
11186
9738
9882
11187
9739
9883
11188
9740
9884
11189
9741
9885
11190
9742
9886
11191
9743
9887
11192
9744
9888
11193
9745
9889
11194
9746
9890
11195
9747
9891
11196
9748
9892
11197
9749
9893
11198
9750
9894
11199
9751
9895
11200
9752
9896
11201
9753
9897
11202
9754
9898
11203
9755
9899
11204
9756
9900
11205
9757
9901
11206
9758
9902
11207
9759
9903
11208
9760
9904
11209
9761
9905
11210
9762
9906
11211
9763
9907
11212
9764
9908
11213
9765
9909
11214
9766
9910
11215
9767
9911
11216
9768
9912
11217
9769
9913
11218
9770
9914
11219
9771
9915
11220
9772
9916
11221
9773
9917
11222
9774
9918
11223
9775
9919
11224
9776
9920
11225
9777
9921
11226
9778
9922
11227
9779
9923
11228
9780
9924
11229
9781
9925
11230
9782
9926
11231
9783
9927
11232
9784
9928
11233
9785
9929
11234
9786
9930
11235
9787
9931
11236
9788
9932
11237
9789
9933
11238
9790
9934
11239
9791
9935
11240
9792
9936
11241
9793
9937
11242
9794
9938
11243
9795
9939
11244
9796
9940
11245
9797
9941
11246
9798
9942
11247
9799
9943
11248
9800
9944
11249
9801
9945
11250
9802
9946
11251
9803
9947
11252
9804
9948
11253
9805
9949
11254
9806
9950
11255
9807
9951
11256
9808
9952
11257
9809
9953
11258
9810
9954
11259
9811
9955
11260
9812
9956
11261
9813
9957
11262
9814
9958
11263
9815
9959
11264
9816
9960
11265
9817
9961
11266
9818
9962
11267
9819
9963
11268
9820
9964
11269
9821
9965
11270
9822
9966
11271
9823
9967
11272
9824
9968
11273
9825
9969
11274
9826
9970
11275
9827
9971
11276
9828
9972
11277
9829
9973
11278
9830
9974
11279
9831
9975
11280
9832
9976
11281
9833
9977
11282
9834
9978
11283
9979
11284
9836
9980
11285
9837
9981
11286
9838
9982
11287
9839
9983
11288
9840
9984
11289
9841
9985
11290
9842
9986
11291
9843
9987
11292
9844
9988
11293
9845
9989
11294
9846
9990
11295
9847
9991
11296
9848
9992
11297
9849
9993
11298
9850
9994
11299
9851
9995
11300
9852
9996
11301
9853
9997
11302
9854
9998
11303
9855
9999
11304
9856
10000
11305
9857
10001
11306
9858
10002
11307
9859
10003
11308
9860
10004
11309
9861
10005
11310
9862
10006
11311
9863
10007
11312
9864
10008
11313
9865
10009
11314
9866
10010
11315
9867
10011
11316
9868
10012
11317
9869
10013
11318
9870
10014
11319
9871
10015
11320
9872
10016
11321
9873
10017
11322
9874
10018
11323
9875
10019
11324
9876
10020
11325
9877
10021
11326
9878
10022
11327
9879
10023
11328
9880
10024
11329
9881
10025
11330
9882
10026
11331
9883
10027
11332
9884
10028
11333
9885
10029
11334
9886
10030
11335
9887
10031
11336
9888
10032
11337
9889
10033
11338
9890
10034
11339
9891
10035
11340
9892
10036
11341
9893
10037
11342
9894
10038
11343
9895
10039
11344
9896
10040
11345
9897
10041
11346
9898
10042
11347
9899
10043
11348
9900
10044
11349
9901
10045
11350
9902
10046
11351
9903
10047
11352
9904
10048
11353
9905
10049
11354
9906
10050
11355
9907
10051
11356
9908
10052
11357
9909
10053
11358
9910
10054
11359
9911
10055
11360
9912
10056
11361
9913
10057
11362
9914
10058
11363
9915
10059
11364
9916
10060
11365
9917
10061
11366
9918
10062
11367
9919
10063
11368
9920
10064
11369
9921
10065
11370
9922
10066
11371
9923
10067
11372
9924
10068
11373
9925
10069
11374
9926
10070
11375
9927
10071
11376
9928
10072
11377
9929
10073
11378
9930
10074
11379
9931
10075
11380
9932
10076
11381
9933
10077
11382
9934
10078
11383
9935
10079
11384
9936
10080
11385
9937
10081
11386
9938
10082
11387
9939
10083
11388
9940
10084
11389
9941
10085
11390
9942
10086
11391
9943
10087
11392
9944
10088
11393
9945
10089
11394
9946
10090
11395
9947
10091
11396
9948
10092
11397
9949
10093
11398
9950
10094
11399
9951
10095
11400
9952
10096
11401
9953
10097
11402
9954
10098
11403
9955
10099
11404
9956
10100
11405
9957
10101
11406
9958
10102
11407
9959
10103
11408
9960
10104
11409
9961
10105
11410
9962
10106
11411
9963
10107
11412
9964
10108
11413
9965
10109
11414
9966
10110
11415
9967
10111
11416
9968
10112
11417
9969
10113
11418
9970
10114
11419
9971
10115
11420
9972
10116
11421
9973
10117
11422
9974
10118
11423
9975
10119
11424
9976
10120
11425
9977
10121
11426
9978
10122
11427
9979
10123
11428
10124
11429
9981
10125
11430
9982
10126
11431
9983
10127
11432
9984
10128
11433
9985
10129
11434
9986
10130
11435
9987
10131
11436
9988
10132
11437
9989
10133
11438
9990
10134
11439
9991
10135
11440
9992
10136
11441
9993
10137
11442
9994
10138
11443
9995
10139
11444
9996
10140
11445
9997
10141
11446
9998
10142
11447
9999
10143
11448
10000
10144
11449
10001
10145
11450
10002
10146
11451
10003
10147
11452
10004
10148
11453
10005
10149
11454
10006
10150
11455
10007
10151
11456
10008
10152
11457
10009
10153
11458
10010
10154
11459
10011
10155
11460
10012
10156
11461
10013
10157
11462
10014
10158
11463
10015
10159
11464
10016
10160
11465
10017
10161
11466
10018
10162
11467
10019
10163
11468
10020
10164
11469
10021
10165
11470
10022
10166
11471
10023
10167
11472
10024
10168
11473
10025
10169
11474
10026
10170
11475
10027
10171
11476
10028
10172
11477
10029
10173
11478
10030
10174
11479
10031
10175
11480
10032
10176
11481
10033
10177
11482
10034
10178
11483
10035
10179
11484
10036
10180
11485
10037
10181
11486
10038
10182
11487
10039
10183
11488
10040
10184
11489
10041
10185
11490
10042
10186
11491
10043
10187
11492
10044
10188
11493
10045
10189
11494
10046
10190
11495
10047
10191
11496
10048
10192
11497
10049
10193
11498
10050
10194
11499
10051
10195
11500
10052
10196
11501
10053
10197
11502
10054
10198
11503
10055
10199
11504
10056
10200
11505
10057
10201
11506
10058
10202
11507
10059
10203
11508
10060
10204
11509
10061
10205
11510
10062
10206
11511
10063
10207
11512
10064
10208
11513
10065
10209
11514
10066
10210
11515
10067
10211
11516
10068
10212
11517
10069
10213
11518
10070
10214
11519
10071
10215
11520
10072
10216
11521
10073
10217
11522
10074
10218
11523
10075
10219
11524
10076
10220
11525
10077
10221
11526
10078
10222
11527
10079
10223
11528
10080
10224
11529
10081
10225
11530
10082
10226
11531
10083
10227
11532
10084
10228
11533
10085
10229
11534
10086
10230
11535
10087
10231
11536
10088
10232
11537
10089
10233
11538
10090
10234
11539
10091
10235
11540
10092
10236
11541
10093
10237
11542
10094
10238
11543
10095
10239
11544
10096
10240
11545
10097
10241
11546
10098
10242
11547
10099
10243
11548
10100
10244
11549
10101
10245
11550
10102
10246
11551
10103
10247
11552
10104
10248
11553
10105
10249
11554
10106
10250
11555
10107
10251
11556
10108
10252
11557
10109
10253
11558
10110
10254
11559
10111
10255
11560
10112
10256
11561
10113
10257
11562
10114
10258
11563
10115
10259
11564
10116
10260
11565
10117
10261
11566
10118
10262
11567
10119
10263
11568
10120
10264
11569
10121
10265
11570
10122
10266
11571
10123
10267
11572
10124
10268
11573
10269
11574
10126
10270
11575
10127
10271
11576
10128
10272
11577
10129
10273
11578
10130
10274
11579
10131
10275
11580
10132
10276
11581
10133
10277
11582
10134
10278
11583
10135
10279
11584
10136
10280
11585
10137
10281
11586
10138
10282
11587
10139
10283
11588
10140
10284
11589
10141
10285
11590
10142
10286
11591
10143
10287
11592
10144
10288
11593
10145
10289
11594
10146
10290
11595
10147
10291
11596
10148
10292
11597
10149
10293
11598
10150
10294
11599
10151
10295
11600
10152
10296
11601
10153
10297
11602
10154
10298
11603
10155
10299
11604
10156
10300
11605
10157
10301
11606
10158
10302
11607
10159
10303
11608
10160
10304
11609
10161
10305
11610
10162
10306
11611
10163
10307
11612
10164
10308
11613
10165
10309
11614
10166
10310
11615
10167
10311
11616
10168
10312
11617
10169
10313
11618
10170
10314
11619
10171
10315
11620
10172
10316
11621
10173
10317
11622
10174
10318
11623
10175
10319
11624
10176
10320
11625
10177
10321
11626
10178
10322
11627
10179
10323
11628
10180
10324
11629
10181
10325
11630
10182
10326
11631
10183
10327
11632
10184
10328
11633
10185
10329
11634
10186
10330
11635
10187
10331
11636
10188
10332
11637
10189
10333
11638
10190
10334
11639
10191
10335
11640
10192
10336
11641
10193
10337
11642
10194
10338
11643
10195
10339
11644
10196
10340
11645
10197
10341
11646
10198
10342
11647
10199
10343
11648
10200
10344
11649
10201
10345
11650
10202
10346
11651
10203
10347
11652
10204
10348
11653
10205
10349
11654
10206
10350
11655
10207
10351
11656
10208
10352
11657
10209
10353
11658
10210
10354
11659
10211
10355
11660
10212
10356
11661
10213
10357
11662
10214
10358
11663
10215
10359
11664
10216
10360
11665
10217
10361
11666
10218
10362
11667
10219
10363
11668
10220
10364
11669
10221
10365
11670
10222
10366
11671
10223
10367
11672
10224
10368
11673
10225
10369
11674
10226
10370
11675
10227
10371
11676
10228
10372
11677
10229
10373
11678
10230
10374
11679
10231
10375
11680
10232
10376
11681
10233
10377
11682
10234
10378
11683
10235
10379
11684
10236
10380
11685
10237
10381
11686
10238
10382
11687
10239
10383
11688
10240
10384
11689
10241
10385
11690
10242
10386
11691
10243
10387
11692
10244
10388
11693
10245
10389
11694
10246
10390
11695
10247
10391
11696
10248
10392
11697
10249
10393
11698
10250
10394
11699
10251
10395
11700
10252
10396
11701
10253
10397
11702
10254
10398
11703
10255
10399
11704
10256
10400
11705
10257
10401
11706
10258
10402
11707
10259
10403
11708
10260
10404
11709
10261
10405
11710
10262
10406
11711
10263
10407
11712
10264
10408
11713
10265
10409
11714
10266
10410
11715
10267
10411
11716
10268
10412
11717
10269
10413
11718
10414
11719
10271
10415
11720
10272
10416
11721
10273
10417
11722
10274
10418
11723
10275
10419
11724
10276
10420
11725
10277
10421
11726
10278
10422
11727
10279
10423
11728
10280
10424
11729
10281
10425
11730
10282
10426
11731
10283
10427
11732
10284
10428
11733
10285
10429
11734
10286
10430
11735
10287
10431
11736
10288
10432
11737
10289
10433
11738
10290
10434
11739
10291
10435
11740
10292
10436
11741
10293
10437
11742
10294
10438
11743
10295
10439
11744
10296
10440
11745
10297
10441
11746
10298
10442
11747
10299
10443
11748
10300
10444
11749
10301
10445
11750
10302
10446
11751
10303
10447
11752
10304
10448
11753
10305
10449
11754
10306
10450
11755
10307
10451
11756
10308
10452
11757
10309
10453
11758
10310
10454
11759
10311
10455
11760
10312
10456
11761
10313
10457
11762
10314
10458
11763
10315
10459
11764
10316
10460
11765
10317
10461
11766
10318
10462
11767
10319
10463
11768
10320
10464
11769
10321
10465
11770
10322
10466
11771
10323
10467
11772
10324
10468
11773
10325
10469
11774
10326
10470
11775
10327
10471
11776
10328
10472
11777
10329
10473
11778
10330
10474
11779
10331
10475
11780
10332
10476
11781
10333
10477
11782
10334
10478
11783
10335
10479
11784
10336
10480
11785
10337
10481
11786
10338
10482
11787
10339
10483
11788
10340
10484
11789
10341
10485
11790
10342
10486
11791
10343
10487
11792
10344
10488
11793
10345
10489
11794
10346
10490
11795
10347
10491
11796
10348
10492
11797
10349
10493
11798
10350
10494
11799
10351
10495
11800
10352
10496
11801
10353
10497
11802
10354
10498
11803
10355
10499
11804
10356
10500
11805
10357
10501
11806
10358
10502
11807
10359
10503
11808
10360
10504
11809
10361
10505
11810
10362
10506
11811
10363
10507
11812
10364
10508
11813
10365
10509
11814
10366
10510
11815
10367
10511
11816
10368
10512
11817
10369
10513
11818
10370
10514
11819
10371
10515
11820
10372
10516
11821
10373
10517
11822
10374
10518
11823
10375
10519
11824
10376
10520
11825
10377
10521
11826
10378
10522
11827
10379
10523
11828
10380
10524
11829
10381
10525
11830
10382
10526
11831
10383
10527
11832
10384
10528
11833
10385
10529
11834
10386
10530
11835
10387
10531
11836
10388
10532
11837
10389
10533
11838
10390
10534
11839
10391
10535
11840
10392
10536
11841
10393
10537
11842
10394
10538
11843
10395
10539
11844
10396
10540
11845
10397
10541
11846
10398
10542
11847
10399
10543
11848
10400
10544
11849
10401
10545
11850
10402
10546
11851
10403
10547
11852
10404
10548
11853
10405
10549
11854
10406
10550
11855
10407
10551
11856
10408
10552
11857
10409
10553
11858
10410
10554
11859
10411
10555
11860
10412
10556
11861
10413
10557
11862
10414
10558
11863
10559
11864
10416
10560
11865
10417
10561
11866
10418
10562
11867
10419
10563
11868
10420
10564
11869
10421
10565
11870
10422
10566
11871
10423
10567
11872
10424
10568
11873
10425
10569
11874
10426
10570
11875
10427
10571
11876
10428
10572
11877
10429
10573
11878
10430
10574
11879
10431
10575
11880
10432
10576
11881
10433
10577
11882
10434
10578
11883
10435
10579
11884
10436
10580
11885
10437
10581
11886
10438
10582
11887
10439
10583
11888
10440
10584
11889
10441
10585
11890
10442
10586
11891
10443
10587
11892
10444
10588
11893
10445
10589
11894
10446
10590
11895
10447
10591
11896
10448
10592
11897
10449
10593
11898
10450
10594
11899
10451
10595
11900
10452
10596
11901
10453
10597
11902
10454
10598
11903
10455
10599
11904
10456
10600
11905
10457
10601
11906
10458
10602
11907
10459
10603
11908
10460
10604
11909
10461
10605
11910
10462
10606
11911
10463
10607
11912
10464
10608
11913
10465
10609
11914
10466
10610
11915
10467
10611
11916
10468
10612
11917
10469
10613
11918
10470
10614
11919
10471
10615
11920
10472
10616
11921
10473
10617
11922
10474
10618
11923
10475
10619
11924
10476
10620
11925
10477
10621
11926
10478
10622
11927
10479
10623
11928
10480
10624
11929
10481
10625
11930
10482
10626
11931
10483
10627
11932
10484
10628
11933
10485
10629
11934
10486
10630
11935
10487
10631
11936
10488
10632
11937
10489
10633
11938
10490
10634
11939
10491
10635
11940
10492
10636
11941
10493
10637
11942
10494
10638
11943
10495
10639
11944
10496
10640
11945
10497
10641
11946
10498
10642
11947
10499
10643
11948
10500
10644
11949
10501
10645
11950
10502
10646
11951
10503
10647
11952
10504
10648
11953
10505
10649
11954
10506
10650
11955
10507
10651
11956
10508
10652
11957
10509
10653
11958
10510
10654
11959
10511
10655
11960
10512
10656
11961
10513
10657
11962
10514
10658
11963
10515
10659
11964
10516
10660
11965
10517
10661
11966
10518
10662
11967
10519
10663
11968
10520
10664
11969
10521
10665
11970
10522
10666
11971
10523
10667
11972
10524
10668
11973
10525
10669
11974
10526
10670
11975
10527
10671
11976
10528
10672
11977
10529
10673
11978
10530
10674
11979
10531
10675
11980
10532
10676
11981
10533
10677
11982
10534
10678
11983
10535
10679
11984
10536
10680
11985
10537
10681
11986
10538
10682
11987
10539
10683
11988
10540
10684
11989
10541
10685
11990
10542
10686
11991
10543
10687
11992
10544
10688
11993
10545
10689
11994
10546
10690
11995
10547
10691
11996
10548
10692
11997
10549
10693
11998
10550
10694
11999
10551
10695
12000
10552
10696
12001
10553
10697
12002
10554
10698
12003
10555
10699
12004
10556
10700
12005
10557
10701
12006
10558
10702
12007
10559
10703
12008
10704
12009
10561
10705
12010
10562
10706
12011
10563
10707
12012
10564
10708
12013
10565
10709
12014
10566
10710
12015
10567
10711
12016
10568
10712
12017
10569
10713
12018
10570
10714
12019
10571
10715
12020
10572
10716
12021
10573
10717
12022
10574
10718
12023
10575
10719
12024
10576
10720
12025
10577
10721
12026
10578
10722
12027
10579
10723
12028
10580
10724
12029
10581
10725
12030
10582
10726
12031
10583
10727
12032
10584
10728
12033
10585
10729
12034
10586
10730
12035
10587
10731
12036
10588
10732
12037
10589
10733
12038
10590
10734
12039
10591
10735
12040
10592
10736
12041
10593
10737
12042
10594
10738
12043
10595
10739
12044
10596
10740
12045
10597
10741
12046
10598
10742
12047
10599
10743
12048
10600
10744
12049
10601
10745
12050
10602
10746
12051
10603
10747
12052
10604
10748
12053
10605
10749
12054
10606
10750
12055
10607
10751
12056
10608
10752
12057
10609
10753
12058
10610
10754
12059
10611
10755
12060
10612
10756
12061
10613
10757
12062
10614
10758
12063
10615
10759
12064
10616
10760
12065
10617
10761
12066
10618
10762
12067
10619
10763
12068
10620
10764
12069
10621
10765
12070
10622
10766
12071
10623
10767
12072
10624
10768
12073
10625
10769
12074
10626
10770
12075
10627
10771
12076
10628
10772
12077
10629
10773
12078
10630
10774
12079
10631
10775
12080
10632
10776
12081
10633
10777
12082
10634
10778
12083
10635
10779
12084
10636
10780
12085
10637
10781
12086
10638
10782
12087
10639
10783
12088
10640
10784
12089
10641
10785
12090
10642
10786
12091
10643
10787
12092
10644
10788
12093
10645
10789
12094
10646
10790
12095
10647
10791
12096
10648
10792
12097
10649
10793
12098
10650
10794
12099
10651
10795
12100
10652
10796
12101
10653
10797
12102
10654
10798
12103
10655
10799
12104
10656
10800
12105
10657
10801
12106
10658
10802
12107
10659
10803
12108
10660
10804
12109
10661
10805
12110
10662
10806
12111
10663
10807
12112
10664
10808
12113
10665
10809
12114
10666
10810
12115
10667
10811
12116
10668
10812
12117
10669
10813
12118
10670
10814
12119
10671
10815
12120
10672
10816
12121
10673
10817
12122
10674
10818
12123
10675
10819
12124
10676
10820
12125
10677
10821
12126
10678
10822
12127
10679
10823
12128
10680
10824
12129
10681
10825
12130
10682
10826
12131
10683
10827
12132
10684
10828
12133
10685
10829
12134
10686
10830
12135
10687
10831
12136
10688
10832
12137
10689
10833
12138
10690
10834
12139
10691
10835
12140
10692
10836
12141
10693
10837
12142
10694
10838
12143
10695
10839
12144
10696
10840
12145
10697
10841
12146
10698
10842
12147
10699
10843
12148
10700
10844
12149
10701
10845
12150
10702
10846
12151
10703
10847
12152
10704
10848
12153
10849
12154
10706
12155
10707
12156
10708
12157
10709
12158
10710
12159
10711
12160
10712
12161
10713
12162
10714
12163
10715
12164
10716
12165
10717
12166
10718
12167
10719
12168
10720
12169
10721
12170
10722
12171
10723
12172
10724
12173
10725
12174
10726
12175
10727
12176
10728
12177
10729
12178
10730
12179
10731
12180
10732
12181
10733
12182
10734
12183
10735
12184
10736
12185
10737
12186
10738
12187
10739
12188
10740
12189
10741
12190
10742
12191
10743
12192
10744
12193
10745
12194
10746
12195
10747
12196
10748
12197
10749
12198
10750
12199
10751
12200
10752
12201
10753
12202
10754
12203
10755
12204
10756
12205
10757
12206
10758
12207
10759
12208
10760
12209
10761
12210
10762
12211
10763
12212
10764
12213
10765
12214
10766
12215
10767
12216
10768
12217
10769
12218
10770
12219
10771
12220
10772
12221
10773
12222
10774
12223
10775
12224
10776
12225
10777
12226
10778
12227
10779
12228
10780
12229
10781
12230
10782
12231
10783
12232
10784
12233
10785
12234
10786
12235
10787
12236
10788
12237
10789
12238
10790
12239
10791
12240
10792
12241
10793
12242
10794
12243
10795
12244
10796
12245
10797
12246
10798
12247
10799
12248
10800
12249
10801
12250
10802
12251
10803
12252
10804
12253
10805
12254
10806
12255
10807
12256
10808
12257
10809
12258
10810
12259
10811
12260
10812
12261
10813
12262
10814
12263
10815
12264
10816
12265
10817
12266
10818
12267
10819
12268
10820
12269
10821
12270
10822
12271
10823
12272
10824
12273
10825
12274
10826
12275
10827
12276
10828
12277
10829
12278
10830
12279
10831
12280
10832
12281
10833
12282
10834
12283
10835
12284
10836
12285
10837
12286
10838
12287
10839
12288
10840
12289
10841
12290
10842
12291
10843
12292
10844
12293
10845
12294
10846
12295
10847
12296
10848
12297
10849
12298
12299
10851
10995
12300
10852
10996
12301
10853
10997
12302
10854
10998
12303
10855
10999
12304
10856
11000
12305
10857
11001
12306
10858
11002
12307
10859
11003
12308
10860
11004
12309
10861
11005
12310
10862
11006
12311
10863
11007
12312
10864
11008
12313
10865
11009
12314
10866
11010
12315
10867
11011
12316
10868
11012
12317
10869
11013
12318
10870
11014
12319
10871
11015
12320
10872
11016
12321
10873
11017
12322
10874
11018
12323
10875
11019
12324
10876
11020
12325
10877
11021
12326
10878
11022
12327
10879
11023
12328
10880
11024
12329
10881
11025
12330
10882
11026
12331
10883
11027
12332
10884
11028
12333
10885
11029
12334
10886
11030
12335
10887
11031
12336
10888
11032
12337
10889
11033
12338
10890
11034
12339
10891
11035
12340
10892
11036
12341
10893
11037
12342
10894
11038
12343
10895
11039
12344
10896
11040
12345
10897
11041
12346
10898
11042
12347
10899
11043
12348
10900
11044
12349
10901
11045
12350
10902
11046
12351
10903
11047
12352
10904
11048
12353
10905
11049
12354
10906
11050
12355
10907
11051
12356
10908
11052
12357
10909
11053
12358
10910
11054
12359
10911
11055
12360
10912
11056
12361
10913
11057
12362
10914
11058
12363
10915
11059
12364
10916
11060
12365
10917
11061
12366
10918
11062
12367
10919
11063
12368
10920
11064
12369
10921
11065
12370
10922
11066
12371
10923
11067
12372
10924
11068
12373
10925
11069
12374
10926
11070
12375
10927
11071
12376
10928
11072
12377
10929
11073
12378
10930
11074
12379
10931
11075
12380
10932
11076
12381
10933
11077
12382
10934
11078
12383
10935
11079
12384
10936
11080
12385
10937
11081
12386
10938
11082
12387
10939
11083
12388
10940
11084
12389
10941
11085
12390
10942
11086
12391
10943
11087
12392
10944
11088
12393
10945
11089
12394
10946
11090
12395
10947
11091
12396
10948
11092
12397
10949
11093
12398
10950
11094
12399
10951
11095
12400
10952
11096
12401
10953
11097
12402
10954
11098
12403
10955
11099
12404
10956
11100
12405
10957
11101
12406
10958
11102
12407
10959
11103
12408
10960
11104
12409
10961
11105
12410
10962
11106
12411
10963
11107
12412
10964
11108
12413
10965
11109
12414
10966
11110
12415
10967
11111
12416
10968
11112
12417
10969
11113
12418
10970
11114
12419
10971
11115
12420
10972
11116
12421
10973
11117
12422
10974
11118
12423
10975
11119
12424
10976
11120
12425
10977
11121
12426
10978
11122
12427
10979
11123
12428
10980
11124
12429
10981
11125
12430
10982
11126
12431
10983
11127
12432
10984
11128
12433
10985
11129
12434
10986
11130
12435
10987
11131
12436
10988
11132
12437
10989
11133
12438
10990
11134
12439
10991
11135
12440
10992
11136
12441
10993
11137
12442
10994
11138
12443
11139
12444
10996
11140
12445
10997
11141
12446
10998
11142
12447
10999
11143
12448
11000
11144
12449
11001
11145
12450
11002
11146
12451
11003
11147
12452
11004
11148
12453
11005
11149
12454
11006
11150
12455
11007
11151
12456
11008
11152
12457
11009
11153
12458
11010
11154
12459
11011
11155
12460
11012
11156
12461
11013
11157
12462
11014
11158
12463
11015
11159
12464
11016
11160
12465
11017
11161
12466
11018
11162
12467
11019
11163
12468
11020
11164
12469
11021
11165
12470
11022
11166
12471
11023
11167
12472
11024
11168
12473
11025
11169
12474
11026
11170
12475
11027
11171
12476
11028
11172
12477
11029
11173
12478
11030
11174
12479
11031
11175
12480
11032
11176
12481
11033
11177
12482
11034
11178
12483
11035
11179
12484
11036
11180
12485
11037
11181
12486
11038
11182
12487
11039
11183
12488
11040
11184
12489
11041
11185
12490
11042
11186
12491
11043
11187
12492
11044
11188
12493
11045
11189
12494
11046
11190
12495
11047
11191
12496
11048
11192
12497
11049
11193
12498
11050
11194
12499
11051
11195
12500
11052
11196
12501
11053
11197
12502
11054
11198
12503
11055
11199
12504
11056
11200
12505
11057
11201
12506
11058
11202
12507
11059
11203
12508
11060
11204
12509
11061
11205
12510
11062
11206
12511
11063
11207
12512
11064
11208
12513
11065
11209
12514
11066
11210
12515
11067
11211
12516
11068
11212
12517
11069
11213
12518
11070
11214
12519
11071
11215
12520
11072
11216
12521
11073
11217
12522
11074
11218
12523
11075
11219
12524
11076
11220
12525
11077
11221
12526
11078
11222
12527
11079
11223
12528
11080
11224
12529
11081
11225
12530
11082
11226
12531
11083
11227
12532
11084
11228
12533
11085
11229
12534
11086
11230
12535
11087
11231
12536
11088
11232
12537
11089
11233
12538
11090
11234
12539
11091
11235
12540
11092
11236
12541
11093
11237
12542
11094
11238
12543
11095
11239
12544
11096
11240
12545
11097
11241
12546
11098
11242
12547
11099
11243
12548
11100
11244
12549
11101
11245
12550
11102
11246
12551
11103
11247
12552
11104
11248
12553
11105
11249
12554
11106
11250
12555
11107
11251
12556
11108
11252
12557
11109
11253
12558
11110
11254
12559
11111
11255
12560
11112
11256
12561
11113
11257
12562
11114
11258
12563
11115
11259
12564
11116
11260
12565
11117
11261
12566
11118
11262
12567
11119
11263
12568
11120
11264
12569
11121
11265
12570
11122
11266
12571
11123
11267
12572
11124
11268
12573
11125
11269
12574
11126
11270
12575
11127
11271
12576
11128
11272
12577
11129
11273
12578
11130
11274
12579
11131
11275
12580
11132
11276
12581
11133
11277
12582
11134
11278
12583
11135
11279
12584
11136
11280
12585
11137
11281
12586
11138
11282
12587
11139
11283
12588
11284
12589
11141
11285
12590
11142
11286
12591
11143
11287
12592
11144
11288
12593
11145
11289
12594
11146
11290
12595
11147
11291
12596
11148
11292
12597
11149
11293
12598
11150
11294
12599
11151
11295
12600
11152
11296
12601
11153
11297
12602
11154
11298
12603
11155
11299
12604
11156
11300
12605
11157
11301
12606
11158
11302
12607
11159
11303
12608
11160
11304
12609
11161
11305
12610
11162
11306
12611
11163
11307
12612
11164
11308
12613
11165
11309
12614
11166
11310
12615
11167
11311
12616
11168
11312
12617
11169
11313
12618
11170
11314
12619
11171
11315
12620
11172
11316
12621
11173
11317
12622
11174
11318
12623
11175
11319
12624
11176
11320
12625
11177
11321
12626
11178
11322
12627
11179
11323
12628
11180
11324
12629
11181
11325
12630
11182
11326
12631
11183
11327
12632
11184
11328
12633
11185
11329
12634
11186
11330
12635
11187
11331
12636
11188
11332
12637
11189
11333
12638
11190
11334
12639
11191
11335
12640
11192
11336
12641
11193
11337
12642
11194
11338
12643
11195
11339
12644
11196
11340
12645
11197
11341
12646
11198
11342
12647
11199
11343
12648
11200
11344
12649
11201
11345
12650
11202
11346
12651
11203
11347
12652
11204
11348
12653
11205
11349
12654
11206
11350
12655
11207
11351
12656
11208
11352
12657
11209
11353
12658
11210
11354
12659
11211
11355
12660
11212
11356
12661
11213
11357
12662
11214
11358
12663
11215
11359
12664
11216
11360
12665
11217
11361
12666
11218
11362
12667
11219
11363
12668
11220
11364
12669
11221
11365
12670
11222
11366
12671
11223
11367
12672
11224
11368
12673
11225
11369
12674
11226
11370
12675
11227
11371
12676
11228
11372
12677
11229
11373
12678
11230
11374
12679
11231
11375
12680
11232
11376
12681
11233
11377
12682
11234
11378
12683
11235
11379
12684
11236
11380
12685
11237
11381
12686
11238
11382
12687
11239
11383
12688
11240
11384
12689
11241
11385
12690
11242
11386
12691
11243
11387
12692
11244
11388
12693
11245
11389
12694
11246
11390
12695
11247
11391
12696
11248
11392
12697
11249
11393
12698
11250
11394
12699
11251
11395
12700
11252
11396
12701
11253
11397
12702
11254
11398
12703
11255
11399
12704
11256
11400
12705
11257
11401
12706
11258
11402
12707
11259
11403
12708
11260
11404
12709
11261
11405
12710
11262
11406
12711
11263
11407
12712
11264
11408
12713
11265
11409
12714
11266
11410
12715
11267
11411
12716
11268
11412
12717
11269
11413
12718
11270
11414
12719
11271
11415
12720
11272
11416
12721
11273
11417
12722
11274
11418
12723
11275
11419
12724
11276
11420
12725
11277
11421
12726
11278
11422
12727
11279
11423
12728
11280
11424
12729
11281
11425
12730
11282
11426
12731
11283
11427
12732
11284
11428
12733
11429
12734
11286
11430
12735
11287
11431
12736
11288
11432
12737
11289
11433
12738
11290
11434
12739
11291
11435
12740
11292
11436
12741
11293
11437
12742
11294
11438
12743
11295
11439
12744
11296
11440
12745
11297
11441
12746
11298
11442
12747
11299
11443
12748
11300
11444
12749
11301
11445
12750
11302
11446
12751
11303
11447
12752
11304
11448
12753
11305
11449
12754
11306
11450
12755
11307
11451
12756
11308
11452
12757
11309
11453
12758
11310
11454
12759
11311
11455
12760
11312
11456
12761
11313
11457
12762
11314
11458
12763
11315
11459
12764
11316
11460
12765
11317
11461
12766
11318
11462
12767
11319
11463
12768
11320
11464
12769
11321
11465
12770
11322
11466
12771
11323
11467
12772
11324
11468
12773
11325
11469
12774
11326
11470
12775
11327
11471
12776
11328
11472
12777
11329
11473
12778
11330
11474
12779
11331
11475
12780
11332
11476
12781
11333
11477
12782
11334
11478
12783
11335
11479
12784
11336
11480
12785
11337
11481
12786
11338
11482
12787
11339
11483
12788
11340
11484
12789
11341
11485
12790
11342
11486
12791
11343
11487
12792
11344
11488
12793
11345
11489
12794
11346
11490
12795
11347
11491
12796
11348
11492
12797
11349
11493
12798
11350
11494
12799
11351
11495
12800
11352
11496
12801
11353
11497
12802
11354
11498
12803
11355
11499
12804
11356
11500
12805
11357
11501
12806
11358
11502
12807
11359
11503
12808
11360
11504
12809
11361
11505
12810
11362
11506
12811
11363
11507
12812
11364
11508
12813
11365
11509
12814
11366
11510
12815
11367
11511
12816
11368
11512
12817
11369
11513
12818
11370
11514
12819
11371
11515
12820
11372
11516
12821
11373
11517
12822
11374
11518
12823
11375
11519
12824
11376
11520
12825
11377
11521
12826
11378
11522
12827
11379
11523
12828
11380
11524
12829
11381
11525
12830
11382
11526
12831
11383
11527
12832
11384
11528
12833
11385
11529
12834
11386
11530
12835
11387
11531
12836
11388
11532
12837
11389
11533
12838
11390
11534
12839
11391
11535
12840
11392
11536
12841
11393
11537
12842
11394
11538
12843
11395
11539
12844
11396
11540
12845
11397
11541
12846
11398
11542
12847
11399
11543
12848
11400
11544
12849
11401
11545
12850
11402
11546
12851
11403
11547
12852
11404
11548
12853
11405
11549
12854
11406
11550
12855
11407
11551
12856
11408
11552
12857
11409
11553
12858
11410
11554
12859
11411
11555
12860
11412
11556
12861
11413
11557
12862
11414
11558
12863
11415
11559
12864
11416
11560
12865
11417
11561
12866
11418
11562
12867
11419
11563
12868
11420
11564
12869
11421
11565
12870
11422
11566
12871
11423
11567
12872
11424
11568
12873
11425
11569
12874
11426
11570
12875
11427
11571
12876
11428
11572
12877
11429
11573
12878
11574
12879
11431
11575
12880
11432
11576
12881
11433
11577
12882
11434
11578
12883
11435
11579
12884
11436
11580
12885
11437
11581
12886
11438
11582
12887
11439
11583
12888
11440
11584
12889
11441
11585
12890
11442
11586
12891
11443
11587
12892
11444
11588
12893
11445
11589
12894
11446
11590
12895
11447
11591
12896
11448
11592
12897
11449
11593
12898
11450
11594
12899
11451
11595
12900
11452
11596
12901
11453
11597
12902
11454
11598
12903
11455
11599
12904
11456
11600
12905
11457
11601
12906
11458
11602
12907
11459
11603
12908
11460
11604
12909
11461
11605
12910
11462
11606
12911
11463
11607
12912
11464
11608
12913
11465
11609
12914
11466
11610
12915
11467
11611
12916
11468
11612
12917
11469
11613
12918
11470
11614
12919
11471
11615
12920
11472
11616
12921
11473
11617
12922
11474
11618
12923
11475
11619
12924
11476
11620
12925
11477
11621
12926
11478
11622
12927
11479
11623
12928
11480
11624
12929
11481
11625
12930
11482
11626
12931
11483
11627
12932
11484
11628
12933
11485
11629
12934
11486
11630
12935
11487
11631
12936
11488
11632
12937
11489
11633
12938
11490
11634
12939
11491
11635
12940
11492
11636
12941
11493
11637
12942
11494
11638
12943
11495
11639
12944
11496
11640
12945
11497
11641
12946
11498
11642
12947
11499
11643
12948
11500
11644
12949
11501
11645
12950
11502
11646
12951
11503
11647
12952
11504
11648
12953
11505
11649
12954
11506
11650
12955
11507
11651
12956
11508
11652
12957
11509
11653
12958
11510
11654
12959
11511
11655
12960
11512
11656
12961
11513
11657
12962
11514
11658
12963
11515
11659
12964
11516
11660
12965
11517
11661
12966
11518
11662
12967
11519
11663
12968
11520
11664
12969
11521
11665
12970
11522
11666
12971
11523
11667
12972
11524
11668
12973
11525
11669
12974
11526
11670
12975
11527
11671
12976
11528
11672
12977
11529
11673
12978
11530
11674
12979
11531
11675
12980
11532
11676
12981
11533
11677
12982
11534
11678
12983
11535
11679
12984
11536
11680
12985
11537
11681
12986
11538
11682
12987
11539
11683
12988
11540
11684
12989
11541
11685
12990
11542
11686
12991
11543
11687
12992
11544
11688
12993
11545
11689
12994
11546
11690
12995
11547
11691
12996
11548
11692
12997
11549
11693
12998
11550
11694
12999
11551
11695
13000
11552
11696
13001
11553
11697
13002
11554
11698
13003
11555
11699
13004
11556
11700
13005
11557
11701
13006
11558
11702
13007
11559
11703
13008
11560
11704
13009
11561
11705
13010
11562
11706
13011
11563
11707
13012
11564
11708
13013
11565
11709
13014
11566
11710
13015
11567
11711
13016
11568
11712
13017
11569
11713
13018
11570
11714
13019
11571
11715
13020
11572
11716
13021
11573
11717
13022
11574
11718
13023
11719
13024
11576
11720
13025
11577
11721
13026
11578
11722
13027
11579
11723
13028
11580
11724
13029
11581
11725
13030
11582
11726
13031
11583
11727
13032
11584
11728
13033
11585
11729
13034
11586
11730
13035
11587
11731
13036
11588
11732
13037
11589
11733
13038
11590
11734
13039
11591
11735
13040
11592
11736
13041
11593
11737
13042
11594
11738
13043
11595
11739
13044
11596
11740
13045
11597
11741
13046
11598
11742
13047
11599
11743
13048
11600
11744
13049
11601
11745
13050
11602
11746
13051
11603
11747
13052
11604
11748
13053
11605
11749
13054
11606
11750
13055
11607
11751
13056
11608
11752
13057
11609
11753
13058
11610
11754
13059
11611
11755
13060
11612
11756
13061
11613
11757
13062
11614
11758
13063
11615
11759
13064
11616
11760
13065
11617
11761
13066
11618
11762
13067
11619
11763
13068
11620
11764
13069
11621
11765
13070
11622
11766
13071
11623
11767
13072
11624
11768
13073
11625
11769
13074
11626
11770
13075
11627
11771
13076
11628
11772
13077
11629
11773
13078
11630
11774
13079
11631
11775
13080
11632
11776
13081
11633
11777
13082
11634
11778
13083
11635
11779
13084
11636
11780
13085
11637
11781
13086
11638
11782
13087
11639
11783
13088
11640
11784
13089
11641
11785
13090
11642
11786
13091
11643
11787
13092
11644
11788
13093
11645
11789
13094
11646
11790
13095
11647
11791
13096
11648
11792
13097
11649
11793
13098
11650
11794
13099
11651
11795
13100
11652
11796
13101
11653
11797
13102
11654
11798
13103
11655
11799
13104
11656
11800
13105
11657
11801
13106
11658
11802
13107
11659
11803
13108
11660
11804
13109
11661
11805
13110
11662
11806
13111
11663
11807
13112
11664
11808
13113
11665
11809
13114
11666
11810
13115
11667
11811
13116
11668
11812
13117
11669
11813
13118
11670
11814
13119
11671
11815
13120
11672
11816
13121
11673
11817
13122
11674
11818
13123
11675
11819
13124
11676
11820
13125
11677
11821
13126
11678
11822
13127
11679
11823
13128
11680
11824
13129
11681
11825
13130
11682
11826
13131
11683
11827
13132
11684
11828
13133
11685
11829
13134
11686
11830
13135
11687
11831
13136
11688
11832
13137
11689
11833
13138
11690
11834
13139
11691
11835
13140
11692
11836
13141
11693
11837
13142
11694
11838
13143
11695
11839
13144
11696
11840
13145
11697
11841
13146
11698
11842
13147
11699
11843
13148
11700
11844
13149
11701
11845
13150
11702
11846
13151
11703
11847
13152
11704
11848
13153
11705
11849
13154
11706
11850
13155
11707
11851
13156
11708
11852
13157
11709
11853
13158
11710
11854
13159
11711
11855
13160
11712
11856
13161
11713
11857
13162
11714
11858
13163
11715
11859
13164
11716
11860
13165
11717
11861
13166
11718
11862
13167
11719
11863
13168
11864
13169
11721
11865
13170
11722
11866
13171
11723
11867
13172
11724
11868
13173
11725
11869
13174
11726
11870
13175
11727
11871
13176
11728
11872
13177
11729
11873
13178
11730
11874
13179
11731
11875
13180
11732
11876
13181
11733
11877
13182
11734
11878
13183
11735
11879
13184
11736
11880
13185
11737
11881
13186
11738
11882
13187
11739
11883
13188
11740
11884
13189
11741
11885
13190
11742
11886
13191
11743
11887
13192
11744
11888
13193
11745
11889
13194
11746
11890
13195
11747
11891
13196
11748
11892
13197
11749
11893
13198
11750
11894
13199
11751
11895
13200
11752
11896
13201
11753
11897
13202
11754
11898
13203
11755
11899
13204
11756
11900
13205
11757
11901
13206
11758
11902
13207
11759
11903
13208
11760
11904
13209
11761
11905
13210
11762
11906
13211
11763
11907
13212
11764
11908
13213
11765
11909
13214
11766
11910
13215
11767
11911
13216
11768
11912
13217
11769
11913
13218
11770
11914
13219
11771
11915
13220
11772
11916
13221
11773
11917
13222
11774
11918
13223
11775
11919
13224
11776
11920
13225
11777
11921
13226
11778
11922
13227
11779
11923
13228
11780
11924
13229
11781
11925
13230
11782
11926
13231
11783
11927
13232
11784
11928
13233
11785
11929
13234
11786
11930
13235
11787
11931
13236
11788
11932
13237
11789
11933
13238
11790
11934
13239
11791
11935
13240
11792
11936
13241
11793
11937
13242
11794
11938
13243
11795
11939
13244
11796
11940
13245
11797
11941
13246
11798
11942
13247
11799
11943
13248
11800
11944
13249
11801
11945
13250
11802
11946
13251
11803
11947
13252
11804
11948
13253
11805
11949
13254
11806
11950
13255
11807
11951
13256
11808
11952
13257
11809
11953
13258
11810
11954
13259
11811
11955
13260
11812
11956
13261
11813
11957
13262
11814
11958
13263
11815
11959
13264
11816
11960
13265
11817
11961
13266
11818
11962
13267
11819
11963
13268
11820
11964
13269
11821
11965
13270
11822
11966
13271
11823
11967
13272
11824
11968
13273
11825
11969
13274
11826
11970
13275
11827
11971
13276
11828
11972
13277
11829
11973
13278
11830
11974
13279
11831
11975
13280
11832
11976
13281
11833
11977
13282
11834
11978
13283
11835
11979
13284
11836
11980
13285
11837
11981
13286
11838
11982
13287
11839
11983
13288
11840
11984
13289
11841
11985
13290
11842
11986
13291
11843
11987
13292
11844
11988
13293
11845
11989
13294
11846
11990
13295
11847
11991
13296
11848
11992
13297
11849
11993
13298
11850
11994
13299
11851
11995
13300
11852
11996
13301
11853
11997
13302
11854
11998
13303
11855
11999
13304
11856
12000
13305
11857
12001
13306
11858
12002
13307
11859
12003
13308
11860
12004
13309
11861
12005
13310
11862
12006
13311
11863
12007
13312
11864
12008
13313
12009
13314
11866
12010
13315
11867
12011
13316
11868
12012
13317
11869
12013
13318
11870
12014
13319
11871
12015
13320
11872
12016
13321
11873
12017
13322
11874
12018
13323
11875
12019
13324
11876
12020
13325
11877
12021
13326
11878
12022
13327
11879
12023
13328
11880
12024
13329
11881
12025
13330
11882
12026
13331
11883
12027
13332
11884
12028
13333
11885
12029
13334
11886
12030
13335
11887
12031
13336
11888
12032
13337
11889
12033
13338
11890
12034
13339
11891
12035
13340
11892
12036
13341
11893
12037
13342
11894
12038
13343
11895
12039
13344
11896
12040
13345
11897
12041
13346
11898
12042
13347
11899
12043
13348
11900
12044
13349
11901
12045
13350
11902
12046
13351
11903
12047
13352
11904
12048
13353
11905
12049
13354
11906
12050
13355
11907
12051
13356
11908
12052
13357
11909
12053
13358
11910
12054
13359
11911
12055
13360
11912
12056
13361
11913
12057
13362
11914
12058
13363
11915
12059
13364
11916
12060
13365
11917
12061
13366
11918
12062
13367
11919
12063
13368
11920
12064
13369
11921
12065
13370
11922
12066
13371
11923
12067
13372
11924
12068
13373
11925
12069
13374
11926
12070
13375
11927
12071
13376
11928
12072
13377
11929
12073
13378
11930
12074
13379
11931
12075
13380
11932
12076
13381
11933
12077
13382
11934
12078
13383
11935
12079
13384
11936
12080
13385
11937
12081
13386
11938
12082
13387
11939
12083
13388
11940
12084
13389
11941
12085
13390
11942
12086
13391
11943
12087
13392
11944
12088
13393
11945
12089
13394
11946
12090
13395
11947
12091
13396
11948
12092
13397
11949
12093
13398
11950
12094
13399
11951
12095
13400
11952
12096
13401
11953
12097
13402
11954
12098
13403
11955
12099
13404
11956
12100
13405
11957
12101
13406
11958
12102
13407
11959
12103
13408
11960
12104
13409
11961
12105
13410
11962
12106
13411
11963
12107
13412
11964
12108
13413
11965
12109
13414
11966
12110
13415
11967
12111
13416
11968
12112
13417
11969
12113
13418
11970
12114
13419
11971
12115
13420
11972
12116
13421
11973
12117
13422
11974
12118
13423
11975
12119
13424
11976
12120
13425
11977
12121
13426
11978
12122
13427
11979
12123
13428
11980
12124
13429
11981
12125
13430
11982
12126
13431
11983
12127
13432
11984
12128
13433
11985
12129
13434
11986
12130
13435
11987
12131
13436
11988
12132
13437
11989
12133
13438
11990
12134
13439
11991
12135
13440
11992
12136
13441
11993
12137
13442
11994
12138
13443
11995
12139
13444
11996
12140
13445
11997
12141
13446
11998
12142
13447
11999
12143
13448
12000
12144
13449
12001
12145
13450
12002
12146
13451
12003
12147
13452
12004
12148
13453
12005
12149
13454
12006
12150
13455
12007
12151
13456
12008
12152
13457
12009
12153
13458
12154
13459
12011
12155
13460
12012
12156
13461
12013
12157
13462
12014
12158
13463
12015
12159
13464
12016
12160
13465
12017
12161
13466
12018
12162
13467
12019
12163
13468
12020
12164
13469
12021
12165
13470
12022
12166
13471
12023
12167
13472
12024
12168
13473
12025
12169
13474
12026
12170
13475
12027
12171
13476
12028
12172
13477
12029
12173
13478
12030
12174
13479
12031
12175
13480
12032
12176
13481
12033
12177
13482
12034
12178
13483
12035
12179
13484
12036
12180
13485
12037
12181
13486
12038
12182
13487
12039
12183
13488
12040
12184
13489
12041
12185
13490
12042
12186
13491
12043
12187
13492
12044
12188
13493
12045
12189
13494
12046
12190
13495
12047
12191
13496
12048
12192
13497
12049
12193
13498
12050
12194
13499
12051
12195
13500
12052
12196
13501
12053
12197
13502
12054
12198
13503
12055
12199
13504
12056
12200
13505
12057
12201
13506
12058
12202
13507
12059
12203
13508
12060
12204
13509
12061
12205
13510
12062
12206
13511
12063
12207
13512
12064
12208
13513
12065
12209
13514
12066
12210
13515
12067
12211
13516
12068
12212
13517
12069
12213
13518
12070
12214
13519
12071
12215
13520
12072
12216
13521
12073
12217
13522
12074
12218
13523
12075
12219
13524
12076
12220
13525
12077
12221
13526
12078
12222
13527
12079
12223
13528
12080
12224
13529
12081
12225
13530
12082
12226
13531
12083
12227
13532
12084
12228
13533
12085
12229
13534
12086
12230
13535
12087
12231
13536
12088
12232
13537
12089
12233
13538
12090
12234
13539
12091
12235
13540
12092
12236
13541
12093
12237
13542
12094
12238
13543
12095
12239
13544
12096
12240
13545
12097
12241
13546
12098
12242
13547
12099
12243
13548
12100
12244
13549
12101
12245
13550
12102
12246
13551
12103
12247
13552
12104
12248
13553
12105
12249
13554
12106
12250
13555
12107
12251
13556
12108
12252
13557
12109
12253
13558
12110
12254
13559
12111
12255
13560
12112
12256
13561
12113
12257
13562
12114
12258
13563
12115
12259
13564
12116
12260
13565
12117
12261
13566
12118
12262
13567
12119
12263
13568
12120
12264
13569
12121
12265
13570
12122
12266
13571
12123
12267
13572
12124
12268
13573
12125
12269
13574
12126
12270
13575
12127
12271
13576
12128
12272
13577
12129
12273
13578
12130
12274
13579
12131
12275
13580
12132
12276
13581
12133
12277
13582
12134
12278
13583
12135
12279
13584
12136
12280
13585
12137
12281
13586
12138
12282
13587
12139
12283
13588
12140
12284
13589
12141
12285
13590
12142
12286
13591
12143
12287
13592
12144
12288
13593
12145
12289
13594
12146
12290
13595
12147
12291
13596
12148
12292
13597
12149
12293
13598
12150
12294
13599
12151
12295
13600
12152
12296
13601
12153
12297
13602
12154
12298
13603
12299
13604
12156
13605
12157
13606
12158
13607
12159
13608
12160
13609
12161
13610
12162
13611
12163
13612
12164
13613
12165
13614
12166
13615
12167
13616
12168
13617
12169
13618
12170
13619
12171
13620
12172
13621
12173
13622
12174
13623
12175
13624
12176
13625
12177
13626
12178
13627
12179
13628
12180
13629
12181
13630
12182
13631
12183
13632
12184
13633
12185
13634
12186
13635
12187
13636
12188
13637
12189
13638
12190
13639
12191
13640
12192
13641
12193
13642
12194
13643
12195
13644
12196
13645
12197
13646
12198
13647
12199
13648
12200
13649
12201
13650
12202
13651
12203
13652
12204
13653
12205
13654
12206
13655
12207
13656
12208
13657
12209
13658
12210
13659
12211
13660
12212
13661
12213
13662
12214
13663
12215
13664
12216
13665
12217
13666
12218
13667
12219
13668
12220
13669
12221
13670
12222
13671
12223
13672
12224
13673
12225
13674
12226
13675
12227
13676
12228
13677
12229
13678
12230
13679
12231
13680
12232
13681
12233
13682
12234
13683
12235
13684
12236
13685
12237
13686
12238
13687
12239
13688
12240
13689
12241
13690
12242
13691
12243
13692
12244
13693
12245
13694
12246
13695
12247
13696
12248
13697
12249
13698
12250
13699
12251
13700
12252
13701
12253
13702
12254
13703
12255
13704
12256
13705
12257
13706
12258
13707
12259
13708
12260
13709
12261
13710
12262
13711
12263
13712
12264
13713
12265
13714
12266
13715
12267
13716
12268
13717
12269
13718
12270
13719
12271
13720
12272
13721
12273
13722
12274
13723
12275
13724
12276
13725
12277
13726
12278
13727
12279
13728
12280
13729
12281
13730
12282
13731
12283
13732
12284
13733
12285
13734
12286
13735
12287
13736
12288
13737
12289
13738
12290
13739
12291
13740
12292
13741
12293
13742
12294
13743
12295
13744
12296
13745
12297
13746
12298
13747
12299
13748
13749
12301
12445
13750
12302
12446
13751
12303
12447
13752
12304
12448
13753
12305
12449
13754
12306
12450
13755
12307
12451
13756
12308
12452
13757
12309
12453
13758
12310
12454
13759
12311
12455
13760
12312
12456
13761
12313
12457
13762
12314
12458
13763
12315
12459
13764
12316
12460
13765
12317
12461
13766
12318
12462
13767
12319
12463
13768
12320
12464
13769
12321
12465
13770
12322
12466
13771
12323
12467
13772
12324
12468
13773
12325
12469
13774
12326
12470
13775
12327
12471
13776
12328
12472
13777
12329
12473
13778
12330
12474
13779
12331
12475
13780
12332
12476
13781
12333
12477
13782
12334
12478
13783
12335
12479
13784
12336
12480
13785
12337
12481
13786
12338
12482
13787
12339
12483
13788
12340
12484
13789
12341
12485
13790
12342
12486
13791
12343
12487
13792
12344
12488
13793
12345
12489
13794
12346
12490
13795
12347
12491
13796
12348
12492
13797
12349
12493
13798
12350
12494
13799
12351
12495
13800
12352
12496
13801
12353
12497
13802
12354
12498
13803
12355
12499
13804
12356
12500
13805
12357
12501
13806
12358
12502
13807
12359
12503
13808
12360
12504
13809
12361
12505
13810
12362
12506
13811
12363
12507
13812
12364
12508
13813
12365
12509
13814
12366
12510
13815
12367
12511
13816
12368
12512
13817
12369
12513
13818
12370
12514
13819
12371
12515
13820
12372
12516
13821
12373
12517
13822
12374
12518
13823
12375
12519
13824
12376
12520
13825
12377
12521
13826
12378
12522
13827
12379
12523
13828
12380
12524
13829
12381
12525
13830
12382
12526
13831
12383
12527
13832
12384
12528
13833
12385
12529
13834
12386
12530
13835
12387
12531
13836
12388
12532
13837
12389
12533
13838
12390
12534
13839
12391
12535
13840
12392
12536
13841
12393
12537
13842
12394
12538
13843
12395
12539
13844
12396
12540
13845
12397
12541
13846
12398
12542
13847
12399
12543
13848
12400
12544
13849
12401
12545
13850
12402
12546
13851
12403
12547
13852
12404
12548
13853
12405
12549
13854
12406
12550
13855
12407
12551
13856
12408
12552
13857
12409
12553
13858
12410
12554
13859
12411
12555
13860
12412
12556
13861
12413
12557
13862
12414
12558
13863
12415
12559
13864
12416
12560
13865
12417
12561
13866
12418
12562
13867
12419
12563
13868
12420
12564
13869
12421
12565
13870
12422
12566
13871
12423
12567
13872
12424
12568
13873
12425
12569
13874
12426
12570
13875
12427
12571
13876
12428
12572
13877
12429
12573
13878
12430
12574
13879
12431
12575
13880
12432
12576
13881
12433
12577
13882
12434
12578
13883
12435
12579
13884
12436
12580
13885
12437
12581
13886
12438
12582
13887
12439
12583
13888
12440
12584
13889
12441
12585
13890
12442
12586
13891
12443
12587
13892
12444
12588
13893
12589
13894
12446
12590
13895
12447
12591
13896
12448
12592
13897
12449
12593
13898
12450
12594
13899
12451
12595
13900
12452
12596
13901
12453
12597
13902
12454
12598
13903
12455
12599
13904
12456
12600
13905
12457
12601
13906
12458
12602
13907
12459
12603
13908
12460
12604
13909
12461
12605
13910
12462
12606
13911
12463
12607
13912
12464
12608
13913
12465
12609
13914
12466
12610
13915
12467
12611
13916
12468
12612
13917
12469
12613
13918
12470
12614
13919
12471
12615
13920
12472
12616
13921
12473
12617
13922
12474
12618
13923
12475
12619
13924
12476
12620
13925
12477
12621
13926
12478
12622
13927
12479
12623
13928
12480
12624
13929
12481
12625
13930
12482
12626
13931
12483
12627
13932
12484
12628
13933
12485
12629
13934
12486
12630
13935
12487
12631
13936
12488
12632
13937
12489
12633
13938
12490
12634
13939
12491
12635
13940
12492
12636
13941
12493
12637
13942
12494
12638
13943
12495
12639
13944
12496
12640
13945
12497
12641
13946
12498
12642
13947
12499
12643
13948
12500
12644
13949
12501
12645
13950
12502
12646
13951
12503
12647
13952
12504
12648
13953
12505
12649
13954
12506
12650
13955
12507
12651
13956
12508
12652
13957
12509
12653
13958
12510
12654
13959
12511
12655
13960
12512
12656
13961
12513
12657
13962
12514
12658
13963
12515
12659
13964
12516
12660
13965
12517
12661
13966
12518
12662
13967
12519
12663
13968
12520
12664
13969
12521
12665
13970
12522
12666
13971
12523
12667
13972
12524
12668
13973
12525
12669
13974
12526
12670
13975
12527
12671
13976
12528
12672
13977
12529
12673
13978
12530
12674
13979
12531
12675
13980
12532
12676
13981
12533
12677
13982
12534
12678
13983
12535
12679
13984
12536
12680
13985
12537
12681
13986
12538
12682
13987
12539
12683
13988
12540
12684
13989
12541
12685
13990
12542
12686
13991
12543
12687
13992
12544
12688
13993
12545
12689
13994
12546
12690
13995
12547
12691
13996
12548
12692
13997
12549
12693
13998
12550
12694
13999
12551
12695
14000
12552
12696
14001
12553
12697
14002
12554
12698
14003
12555
12699
14004
12556
12700
14005
12557
12701
14006
12558
12702
14007
12559
12703
14008
12560
12704
14009
12561
12705
14010
12562
12706
14011
12563
12707
14012
12564
12708
14013
12565
12709
14014
12566
12710
14015
12567
12711
14016
12568
12712
14017
12569
12713
14018
12570
12714
14019
12571
12715
14020
12572
12716
14021
12573
12717
14022
12574
12718
14023
12575
12719
14024
12576
12720
14025
12577
12721
14026
12578
12722
14027
12579
12723
14028
12580
12724
14029
12581
12725
14030
12582
12726
14031
12583
12727
14032
12584
12728
14033
12585
12729
14034
12586
12730
14035
12587
12731
14036
12588
12732
14037
12589
12733
14038
12734
14039
12591
12735
14040
12592
12736
14041
12593
12737
14042
12594
12738
14043
12595
12739
14044
12596
12740
14045
12597
12741
14046
12598
12742
14047
12599
12743
14048
12600
12744
14049
12601
12745
14050
12602
12746
14051
12603
12747
14052
12604
12748
14053
12605
12749
14054
12606
12750
14055
12607
12751
14056
12608
12752
14057
12609
12753
14058
12610
12754
14059
12611
12755
14060
12612
12756
14061
12613
12757
14062
12614
12758
14063
12615
12759
14064
12616
12760
14065
12617
12761
14066
12618
12762
14067
12619
12763
14068
12620
12764
14069
12621
12765
14070
12622
12766
14071
12623
12767
14072
12624
12768
14073
12625
12769
14074
12626
12770
14075
12627
12771
14076
12628
12772
14077
12629
12773
14078
12630
12774
14079
12631
12775
14080
12632
12776
14081
12633
12777
14082
12634
12778
14083
12635
12779
14084
12636
12780
14085
12637
12781
14086
12638
12782
14087
12639
12783
14088
12640
12784
14089
12641
12785
14090
12642
12786
14091
12643
12787
14092
12644
12788
14093
12645
12789
14094
12646
12790
14095
12647
12791
14096
12648
12792
14097
12649
12793
14098
12650
12794
14099
12651
12795
14100
12652
12796
14101
12653
12797
14102
12654
12798
14103
12655
12799
14104
12656
12800
14105
12657
12801
14106
12658
12802
14107
12659
12803
14108
12660
12804
14109
12661
12805
14110
12662
12806
14111
12663
12807
14112
12664
12808
14113
12665
12809
14114
12666
12810
14115
12667
12811
14116
12668
12812
14117
12669
12813
14118
12670
12814
14119
12671
12815
14120
12672
12816
14121
12673
12817
14122
12674
12818
14123
12675
12819
14124
12676
12820
14125
12677
12821
14126
12678
12822
14127
12679
12823
14128
12680
12824
14129
12681
12825
14130
12682
12826
14131
12683
12827
14132
12684
12828
14133
12685
12829
14134
12686
12830
14135
12687
12831
14136
12688
12832
14137
12689
12833
14138
12690
12834
14139
12691
12835
14140
12692
12836
14141
12693
12837
14142
12694
12838
14143
12695
12839
14144
12696
12840
14145
12697
12841
14146
12698
12842
14147
12699
12843
14148
12700
12844
14149
12701
12845
14150
12702
12846
14151
12703
12847
14152
12704
12848
14153
12705
12849
14154
12706
12850
14155
12707
12851
14156
12708
12852
14157
12709
12853
14158
12710
12854
14159
12711
12855
14160
12712
12856
14161
12713
12857
14162
12714
12858
14163
12715
12859
14164
12716
12860
14165
12717
12861
14166
12718
12862
14167
12719
12863
14168
12720
12864
14169
12721
12865
14170
12722
12866
14171
12723
12867
14172
12724
12868
14173
12725
12869
14174
12726
12870
14175
12727
12871
14176
12728
12872
14177
12729
12873
14178
12730
12874
14179
12731
12875
14180
12732
12876
14181
12733
12877
14182
12734
12878
14183
12879
14184
12736
12880
14185
12737
12881
14186
12738
12882
14187
12739
12883
14188
12740
12884
14189
12741
12885
14190
12742
12886
14191
12743
12887
14192
12744
12888
14193
12745
12889
14194
12746
12890
14195
12747
12891
14196
12748
12892
14197
12749
12893
14198
12750
12894
14199
12751
12895
14200
12752
12896
14201
12753
12897
14202
12754
12898
14203
12755
12899
14204
12756
12900
14205
12757
12901
14206
12758
12902
14207
12759
12903
14208
12760
12904
14209
12761
12905
14210
12762
12906
14211
12763
12907
14212
12764
12908
14213
12765
12909
14214
12766
12910
14215
12767
12911
14216
12768
12912
14217
12769
12913
14218
12770
12914
14219
12771
12915
14220
12772
12916
14221
12773
12917
14222
12774
12918
14223
12775
12919
14224
12776
12920
14225
12777
12921
14226
12778
12922
14227
12779
12923
14228
12780
12924
14229
12781
12925
14230
12782
12926
14231
12783
12927
14232
12784
12928
14233
12785
12929
14234
12786
12930
14235
12787
12931
14236
12788
12932
14237
12789
12933
14238
12790
12934
14239
12791
12935
14240
12792
12936
14241
12793
12937
14242
12794
12938
14243
12795
12939
14244
12796
12940
14245
12797
12941
14246
12798
12942
14247
12799
12943
14248
12800
12944
14249
12801
12945
14250
12802
12946
14251
12803
12947
14252
12804
12948
14253
12805
12949
14254
12806
12950
14255
12807
12951
14256
12808
12952
14257
12809
12953
14258
12810
12954
14259
12811
12955
14260
12812
12956
14261
12813
12957
14262
12814
12958
14263
12815
12959
14264
12816
12960
14265
12817
12961
14266
12818
12962
14267
12819
12963
14268
12820
12964
14269
12821
12965
14270
12822
12966
14271
12823
12967
14272
12824
12968
14273
12825
12969
14274
12826
12970
14275
12827
12971
14276
12828
12972
14277
12829
12973
14278
12830
12974
14279
12831
12975
14280
12832
12976
14281
12833
12977
14282
12834
12978
14283
12835
12979
14284
12836
12980
14285
12837
12981
14286
12838
12982
14287
12839
12983
14288
12840
12984
14289
12841
12985
14290
12842
12986
14291
12843
12987
14292
12844
12988
14293
12845
12989
14294
12846
12990
14295
12847
12991
14296
12848
12992
14297
12849
12993
14298
12850
12994
14299
12851
12995
14300
12852
12996
14301
12853
12997
14302
12854
12998
14303
12855
12999
14304
12856
13000
14305
12857
13001
14306
12858
13002
14307
12859
13003
14308
12860
13004
14309
12861
13005
14310
12862
13006
14311
12863
13007
14312
12864
13008
14313
12865
13009
14314
12866
13010
14315
12867
13011
14316
12868
13012
14317
12869
13013
14318
12870
13014
14319
12871
13015
14320
12872
13016
14321
12873
13017
14322
12874
13018
14323
12875
13019
14324
12876
13020
14325
12877
13021
14326
12878
13022
14327
12879
13023
14328
13024
14329
12881
13025
14330
12882
13026
14331
12883
13027
14332
12884
13028
14333
12885
13029
14334
12886
13030
14335
12887
13031
14336
12888
13032
14337
12889
13033
14338
12890
13034
14339
12891
13035
14340
12892
13036
14341
12893
13037
14342
12894
13038
14343
12895
13039
14344
12896
13040
14345
12897
13041
14346
12898
13042
14347
12899
13043
14348
12900
13044
14349
12901
13045
14350
12902
13046
14351
12903
13047
14352
12904
13048
14353
12905
13049
14354
12906
13050
14355
12907
13051
14356
12908
13052
14357
12909
13053
14358
12910
13054
14359
12911
13055
14360
12912
13056
14361
12913
13057
14362
12914
13058
14363
12915
13059
14364
12916
13060
14365
12917
13061
14366
12918
13062
14367
12919
13063
14368
12920
13064
14369
12921
13065
14370
12922
13066
14371
12923
13067
14372
12924
13068
14373
12925
13069
14374
12926
13070
14375
12927
13071
14376
12928
13072
14377
12929
13073
14378
12930
13074
14379
12931
13075
14380
12932
13076
14381
12933
13077
14382
12934
13078
14383
12935
13079
14384
12936
13080
14385
12937
13081
14386
12938
13082
14387
12939
13083
14388
12940
13084
14389
12941
13085
14390
12942
13086
14391
12943
13087
14392
12944
13088
14393
12945
13089
14394
12946
13090
14395
12947
13091
14396
12948
13092
14397
12949
13093
14398
12950
13094
14399
12951
13095
14400
12952
13096
14401
12953
13097
14402
12954
13098
14403
12955
13099
14404
12956
13100
14405
12957
13101
14406
12958
13102
14407
12959
13103
14408
12960
13104
14409
12961
13105
14410
12962
13106
14411
12963
13107
14412
12964
13108
14413
12965
13109
14414
12966
13110
14415
12967
13111
14416
12968
13112
14417
12969
13113
14418
12970
13114
14419
12971
13115
14420
12972
13116
14421
12973
13117
14422
12974
13118
14423
12975
13119
14424
12976
13120
14425
12977
13121
14426
12978
13122
14427
12979
13123
14428
12980
13124
14429
12981
13125
14430
12982
13126
14431
12983
13127
14432
12984
13128
14433
12985
13129
14434
12986
13130
14435
12987
13131
14436
12988
13132
14437
12989
13133
14438
12990
13134
14439
12991
13135
14440
12992
13136
14441
12993
13137
14442
12994
13138
14443
12995
13139
14444
12996
13140
14445
12997
13141
14446
12998
13142
14447
12999
13143
14448
13000
13144
14449
13001
13145
14450
13002
13146
14451
13003
13147
14452
13004
13148
14453
13005
13149
14454
13006
13150
14455
13007
13151
14456
13008
13152
14457
13009
13153
14458
13010
13154
14459
13011
13155
14460
13012
13156
14461
13013
13157
14462
13014
13158
14463
13015
13159
14464
13016
13160
14465
13017
13161
14466
13018
13162
14467
13019
13163
14468
13020
13164
14469
13021
13165
14470
13022
13166
14471
13023
13167
14472
13024
13168
14473
13169
14474
13026
13170
14475
13027
13171
14476
13028
13172
14477
13029
13173
14478
13030
13174
14479
13031
13175
14480
13032
13176
14481
13033
13177
14482
13034
13178
14483
13035
13179
14484
13036
13180
14485
13037
13181
14486
13038
13182
14487
13039
13183
14488
13040
13184
14489
13041
13185
14490
13042
13186
14491
13043
13187
14492
13044
13188
14493
13045
13189
14494
13046
13190
14495
13047
13191
14496
13048
13192
14497
13049
13193
14498
13050
13194
14499
13051
13195
14500
13052
13196
14501
13053
13197
14502
13054
13198
14503
13055
13199
14504
13056
13200
14505
13057
13201
14506
13058
13202
14507
13059
13203
14508
13060
13204
14509
13061
13205
14510
13062
13206
14511
13063
13207
14512
13064
13208
14513
13065
13209
14514
13066
13210
14515
13067
13211
14516
13068
13212
14517
13069
13213
14518
13070
13214
14519
13071
13215
14520
13072
13216
14521
13073
13217
14522
13074
13218
14523
13075
13219
14524
13076
13220
14525
13077
13221
14526
13078
13222
14527
13079
13223
14528
13080
13224
14529
13081
13225
14530
13082
13226
14531
13083
13227
14532
13084
13228
14533
13085
13229
14534
13086
13230
14535
13087
13231
14536
13088
13232
14537
13089
13233
14538
13090
13234
14539
13091
13235
14540
13092
13236
14541
13093
13237
14542
13094
13238
14543
13095
13239
14544
13096
13240
14545
13097
13241
14546
13098
13242
14547
13099
13243
14548
13100
13244
14549
13101
13245
14550
13102
13246
14551
13103
13247
14552
13104
13248
14553
13105
13249
14554
13106
13250
14555
13107
13251
14556
13108
13252
14557
13109
13253
14558
13110
13254
14559
13111
13255
14560
13112
13256
14561
13113
13257
14562
13114
13258
14563
13115
13259
14564
13116
13260
14565
13117
13261
14566
13118
13262
14567
13119
13263
14568
13120
13264
14569
13121
13265
14570
13122
13266
14571
13123
13267
14572
13124
13268
14573
13125
13269
14574
13126
13270
14575
13127
13271
14576
13128
13272
14577
13129
13273
14578
13130
13274
14579
13131
13275
14580
13132
13276
14581
13133
13277
14582
13134
13278
14583
13135
13279
14584
13136
13280
14585
13137
13281
14586
13138
13282
14587
13139
13283
14588
13140
13284
14589
13141
13285
14590
13142
13286
14591
13143
13287
14592
13144
13288
14593
13145
13289
14594
13146
13290
14595
13147
13291
14596
13148
13292
14597
13149
13293
14598
13150
13294
14599
13151
13295
14600
13152
13296
14601
13153
13297
14602
13154
13298
14603
13155
13299
14604
13156
13300
14605
13157
13301
14606
13158
13302
14607
13159
13303
14608
13160
13304
14609
13161
13305
14610
13162
13306
14611
13163
13307
14612
13164
13308
14613
13165
13309
14614
13166
13310
14615
13167
13311
14616
13168
13312
14617
13169
13313
14618
13314
14619
13171
13315
14620
13172
13316
14621
13173
13317
14622
13174
13318
14623
13175
13319
14624
13176
13320
14625
13177
13321
14626
13178
13322
14627
13179
13323
14628
13180
13324
14629
13181
13325
14630
13182
13326
14631
13183
13327
14632
13184
13328
14633
13185
13329
14634
13186
13330
14635
13187
13331
14636
13188
13332
14637
13189
13333
14638
13190
13334
14639
13191
13335
14640
13192
13336
14641
13193
13337
14642
13194
13338
14643
13195
13339
14644
13196
13340
14645
13197
13341
14646
13198
13342
14647
13199
13343
14648
13200
13344
14649
13201
13345
14650
13202
13346
14651
13203
13347
14652
13204
13348
14653
13205
13349
14654
13206
13350
14655
13207
13351
14656
13208
13352
14657
13209
13353
14658
13210
13354
14659
13211
13355
14660
13212
13356
14661
13213
13357
14662
13214
13358
14663
13215
13359
14664
13216
13360
14665
13217
13361
14666
13218
13362
14667
13219
13363
14668
13220
13364
14669
13221
13365
14670
13222
13366
14671
13223
13367
14672
13224
13368
14673
13225
13369
14674
13226
13370
14675
13227
13371
14676
13228
13372
14677
13229
13373
14678
13230
13374
14679
13231
13375
14680
13232
13376
14681
13233
13377
14682
13234
13378
14683
13235
13379
14684
13236
13380
14685
13237
13381
14686
13238
13382
14687
13239
13383
14688
13240
13384
14689
13241
13385
14690
13242
13386
14691
13243
13387
14692
13244
13388
14693
13245
13389
14694
13246
13390
14695
13247
13391
14696
13248
13392
14697
13249
13393
14698
13250
13394
14699
13251
13395
14700
13252
13396
14701
13253
13397
14702
13254
13398
14703
13255
13399
14704
13256
13400
14705
13257
13401
14706
13258
13402
14707
13259
13403
14708
13260
13404
14709
13261
13405
14710
13262
13406
14711
13263
13407
14712
13264
13408
14713
13265
13409
14714
13266
13410
14715
13267
13411
14716
13268
13412
14717
13269
13413
14718
13270
13414
14719
13271
13415
14720
13272
13416
14721
13273
13417
14722
13274
13418
14723
13275
13419
14724
13276
13420
14725
13277
13421
14726
13278
13422
14727
13279
13423
14728
13280
13424
14729
13281
13425
14730
13282
13426
14731
13283
13427
14732
13284
13428
14733
13285
13429
14734
13286
13430
14735
13287
13431
14736
13288
13432
14737
13289
13433
14738
13290
13434
14739
13291
13435
14740
13292
13436
14741
13293
13437
14742
13294
13438
14743
13295
13439
14744
13296
13440
14745
13297
13441
14746
13298
13442
14747
13299
13443
14748
13300
13444
14749
13301
13445
14750
13302
13446
14751
13303
13447
14752
13304
13448
14753
13305
13449
14754
13306
13450
14755
13307
13451
14756
13308
13452
14757
13309
13453
14758
13310
13454
14759
13311
13455
14760
13312
13456
14761
13313
13457
14762
13314
13458
14763
13459
14764
13316
13460
14765
13317
13461
14766
13318
13462
14767
13319
13463
14768
13320
13464
14769
13321
13465
14770
13322
13466
14771
13323
13467
14772
13324
13468
14773
13325
13469
14774
13326
13470
14775
13327
13471
14776
13328
13472
14777
13329
13473
14778
13330
13474
14779
13331
13475
14780
13332
13476
14781
13333
13477
14782
13334
13478
14783
13335
13479
14784
13336
13480
14785
13337
13481
14786
13338
13482
14787
13339
13483
14788
13340
13484
14789
13341
13485
14790
13342
13486
14791
13343
13487
14792
13344
13488
14793
13345
13489
14794
13346
13490
14795
13347
13491
14796
13348
13492
14797
13349
13493
14798
13350
13494
14799
13351
13495
14800
13352
13496
14801
13353
13497
14802
13354
13498
14803
13355
13499
14804
13356
13500
14805
13357
13501
14806
13358
13502
14807
13359
13503
14808
13360
13504
14809
13361
13505
14810
13362
13506
14811
13363
13507
14812
13364
13508
14813
13365
13509
14814
13366
13510
14815
13367
13511
14816
13368
13512
14817
13369
13513
14818
13370
13514
14819
13371
13515
14820
13372
13516
14821
13373
13517
14822
13374
13518
14823
13375
13519
14824
13376
13520
14825
13377
13521
14826
13378
13522
14827
13379
13523
14828
13380
13524
14829
13381
13525
14830
13382
13526
14831
13383
13527
14832
13384
13528
14833
13385
13529
14834
13386
13530
14835
13387
13531
14836
13388
13532
14837
13389
13533
14838
13390
13534
14839
13391
13535
14840
13392
13536
14841
13393
13537
14842
13394
13538
14843
13395
13539
14844
13396
13540
14845
13397
13541
14846
13398
13542
14847
13399
13543
14848
13400
13544
14849
13401
13545
14850
13402
13546
14851
13403
13547
14852
13404
13548
14853
13405
13549
14854
13406
13550
14855
13407
13551
14856
13408
13552
14857
13409
13553
14858
13410
13554
14859
13411
13555
14860
13412
13556
14861
13413
13557
14862
13414
13558
14863
13415
13559
14864
13416
13560
14865
13417
13561
14866
13418
13562
14867
13419
13563
14868
13420
13564
14869
13421
13565
14870
13422
13566
14871
13423
13567
14872
13424
13568
14873
13425
13569
14874
13426
13570
14875
13427
13571
14876
13428
13572
14877
13429
13573
14878
13430
13574
14879
13431
13575
14880
13432
13576
14881
13433
13577
14882
13434
13578
14883
13435
13579
14884
13436
13580
14885
13437
13581
14886
13438
13582
14887
13439
13583
14888
13440
13584
14889
13441
13585
14890
13442
13586
14891
13443
13587
14892
13444
13588
14893
13445
13589
14894
13446
13590
14895
13447
13591
14896
13448
13592
14897
13449
13593
14898
13450
13594
14899
13451
13595
14900
13452
13596
14901
13453
13597
14902
13454
13598
14903
13455
13599
14904
13456
13600
14905
13457
13601
14906
13458
13602
14907
13459
13603
14908
13604
14909
13461
13605
14910
13462
13606
14911
13463
13607
14912
13464
13608
14913
13465
13609
14914
13466
13610
14915
13467
13611
14916
13468
13612
14917
13469
13613
14918
13470
13614
14919
13471
13615
14920
13472
13616
14921
13473
13617
14922
13474
13618
14923
13475
13619
14924
13476
13620
14925
13477
13621
14926
13478
13622
14927
13479
13623
14928
13480
13624
14929
13481
13625
14930
13482
13626
14931
13483
13627
14932
13484
13628
14933
13485
13629
14934
13486
13630
14935
13487
13631
14936
13488
13632
14937
13489
13633
14938
13490
13634
14939
13491
13635
14940
13492
13636
14941
13493
13637
14942
13494
13638
14943
13495
13639
14944
13496
13640
14945
13497
13641
14946
13498
13642
14947
13499
13643
14948
13500
13644
14949
13501
13645
14950
13502
13646
14951
13503
13647
14952
13504
13648
14953
13505
13649
14954
13506
13650
14955
13507
13651
14956
13508
13652
14957
13509
13653
14958
13510
13654
14959
13511
13655
14960
13512
13656
14961
13513
13657
14962
13514
13658
14963
13515
13659
14964
13516
13660
14965
13517
13661
14966
13518
13662
14967
13519
13663
14968
13520
13664
14969
13521
13665
14970
13522
13666
14971
13523
13667
14972
13524
13668
14973
13525
13669
14974
13526
13670
14975
13527
13671
14976
13528
13672
14977
13529
13673
14978
13530
13674
14979
13531
13675
14980
13532
13676
14981
13533
13677
14982
13534
13678
14983
13535
13679
14984
13536
13680
14985
13537
13681
14986
13538
13682
14987
13539
13683
14988
13540
13684
14989
13541
13685
14990
13542
13686
14991
13543
13687
14992
13544
13688
14993
13545
13689
14994
13546
13690
14995
13547
13691
14996
13548
13692
14997
13549
13693
14998
13550
13694
14999
13551
13695
15000
13552
13696
15001
13553
13697
15002
13554
13698
15003
13555
13699
15004
13556
13700
15005
13557
13701
15006
13558
13702
15007
13559
13703
15008
13560
13704
15009
13561
13705
15010
13562
13706
15011
13563
13707
15012
13564
13708
15013
13565
13709
15014
13566
13710
15015
13567
13711
15016
13568
13712
15017
13569
13713
15018
13570
13714
15019
13571
13715
15020
13572
13716
15021
13573
13717
15022
13574
13718
15023
13575
13719
15024
13576
13720
15025
13577
13721
15026
13578
13722
15027
13579
13723
15028
13580
13724
15029
13581
13725
15030
13582
13726
15031
13583
13727
15032
13584
13728
15033
13585
13729
15034
13586
13730
15035
13587
13731
15036
13588
13732
15037
13589
13733
15038
13590
13734
15039
13591
13735
15040
13592
13736
15041
13593
13737
15042
13594
13738
15043
13595
13739
15044
13596
13740
15045
13597
13741
15046
13598
13742
15047
13599
13743
15048
13600
13744
15049
13601
13745
15050
13602
13746
15051
13603
13747
15052
13604
13748
15053
13749
15054
13606
15055
13607
15056
13608
15057
13609
15058
13610
15059
13611
15060
13612
15061
13613
15062
13614
15063
13615
15064
13616
15065
13617
15066
13618
15067
13619
15068
13620
15069
13621
15070
13622
15071
13623
15072
13624
15073
13625
15074
13626
15075
13627
15076
13628
15077
13629
15078
13630
15079
13631
15080
13632
15081
13633
15082
13634
15083
13635
15084
13636
15085
13637
15086
13638
15087
13639
15088
13640
15089
13641
15090
13642
15091
13643
15092
13644
15093
13645
15094
13646
15095
13647
15096
13648
15097
13649
15098
13650
15099
13651
15100
13652
15101
13653
15102
13654
15103
13655
15104
13656
15105
13657
15106
13658
15107
13659
15108
13660
15109
13661
15110
13662
15111
13663
15112
13664
15113
13665
15114
13666
15115
13667
15116
13668
15117
13669
15118
13670
15119
13671
15120
13672
15121
13673
15122
13674
15123
13675
15124
13676
15125
13677
15126
13678
15127
13679
15128
13680
15129
13681
15130
13682
15131
13683
15132
13684
15133
13685
15134
13686
15135
13687
15136
13688
15137
13689
15138
13690
15139
13691
15140
13692
15141
13693
15142
13694
15143
13695
15144
13696
15145
13697
15146
13698
15147
13699
15148
13700
15149
13701
15150
13702
15151
13703
15152
13704
15153
13705
15154
13706
15155
13707
15156
13708
15157
13709
15158
13710
15159
13711
15160
13712
15161
13713
15162
13714
15163
13715
15164
13716
15165
13717
15166
13718
15167
13719
15168
13720
15169
13721
15170
13722
15171
13723
15172
13724
15173
13725
15174
13726
15175
13727
15176
13728
15177
13729
15178
13730
15179
13731
15180
13732
15181
13733
15182
13734
15183
13735
15184
13736
15185
13737
15186
13738
15187
13739
15188
13740
15189
13741
15190
13742
15191
13743
15192
13744
15193
13745
15194
13746
15195
13747
15196
13748
15197
13749
15198
15199
13751
13895
15200
13752
13896
15201
13753
13897
15202
13754
13898
15203
13755
13899
15204
13756
13900
15205
13757
13901
15206
13758
13902
15207
13759
13903
15208
13760
13904
15209
13761
13905
15210
13762
13906
15211
13763
13907
15212
13764
13908
15213
13765
13909
15214
13766
13910
15215
13767
13911
15216
13768
13912
15217
13769
13913
15218
13770
13914
15219
13771
13915
15220
13772
13916
15221
13773
13917
15222
13774
13918
15223
13775
13919
15224
13776
13920
15225
13777
13921
15226
13778
13922
15227
13779
13923
15228
13780
13924
15229
13781
13925
15230
13782
13926
15231
13783
13927
15232
13784
13928
15233
13785
13929
15234
13786
13930
15235
13787
13931
15236
13788
13932
15237
13789
13933
15238
13790
13934
15239
13791
13935
15240
13792
13936
15241
13793
13937
15242
13794
13938
15243
13795
13939
15244
13796
13940
15245
13797
13941
15246
13798
13942
15247
13799
13943
15248
13800
13944
15249
13801
13945
15250
13802
13946
15251
13803
13947
15252
13804
13948
15253
13805
13949
15254
13806
13950
15255
13807
13951
15256
13808
13952
15257
13809
13953
15258
13810
13954
15259
13811
13955
15260
13812
13956
15261
13813
13957
15262
13814
13958
15263
13815
13959
15264
13816
13960
15265
13817
13961
15266
13818
13962
15267
13819
13963
15268
13820
13964
15269
13821
13965
15270
13822
13966
15271
13823
13967
15272
13824
13968
15273
13825
13969
15274
13826
13970
15275
13827
13971
15276
13828
13972
15277
13829
13973
15278
13830
13974
15279
13831
13975
15280
13832
13976
15281
13833
13977
15282
13834
13978
15283
13835
13979
15284
13836
13980
15285
13837
13981
15286
13838
13982
15287
13839
13983
15288
13840
13984
15289
13841
13985
15290
13842
13986
15291
13843
13987
15292
13844
13988
15293
13845
13989
15294
13846
13990
15295
13847
13991
15296
13848
13992
15297
13849
13993
15298
13850
13994
15299
13851
13995
15300
13852
13996
15301
13853
13997
15302
13854
13998
15303
13855
13999
15304
13856
14000
15305
13857
14001
15306
13858
14002
15307
13859
14003
15308
13860
14004
15309
13861
14005
15310
13862
14006
15311
13863
14007
15312
13864
14008
15313
13865
14009
15314
13866
14010
15315
13867
14011
15316
13868
14012
15317
13869
14013
15318
13870
14014
15319
13871
14015
15320
13872
14016
15321
13873
14017
15322
13874
14018
15323
13875
14019
15324
13876
14020
15325
13877
14021
15326
13878
14022
15327
13879
14023
15328
13880
14024
15329
13881
14025
15330
13882
14026
15331
13883
14027
15332
13884
14028
15333
13885
14029
15334
13886
14030
15335
13887
14031
15336
13888
14032
15337
13889
14033
15338
13890
14034
15339
13891
14035
15340
13892
14036
15341
13893
14037
15342
13894
14038
15343
14039
15344
13896
14040
15345
13897
14041
15346
13898
14042
15347
13899
14043
15348
13900
14044
15349
13901
14045
15350
13902
14046
15351
13903
14047
15352
13904
14048
15353
13905
14049
15354
13906
14050
15355
13907
14051
15356
13908
14052
15357
13909
14053
15358
13910
14054
15359
13911
14055
15360
13912
14056
15361
13913
14057
15362
13914
14058
15363
13915
14059
15364
13916
14060
15365
13917
14061
15366
13918
14062
15367
13919
14063
15368
13920
14064
15369
13921
14065
15370
13922
14066
15371
13923
14067
15372
13924
14068
15373
13925
14069
15374
13926
14070
15375
13927
14071
15376
13928
14072
15377
13929
14073
15378
13930
14074
15379
13931
14075
15380
13932
14076
15381
13933
14077
15382
13934
14078
15383
13935
14079
15384
13936
14080
15385
13937
14081
15386
13938
14082
15387
13939
14083
15388
13940
14084
15389
13941
14085
15390
13942
14086
15391
13943
14087
15392
13944
14088
15393
13945
14089
15394
13946
14090
15395
13947
14091
15396
13948
14092
15397
13949
14093
15398
13950
14094
15399
13951
14095
15400
13952
14096
15401
13953
14097
15402
13954
14098
15403
13955
14099
15404
13956
14100
15405
13957
14101
15406
13958
14102
15407
13959
14103
15408
13960
14104
15409
13961
14105
15410
13962
14106
15411
13963
14107
15412
13964
14108
15413
13965
14109
15414
13966
14110
15415
13967
14111
15416
13968
14112
15417
13969
14113
15418
13970
14114
15419
13971
14115
15420
13972
14116
15421
13973
14117
15422
13974
14118
15423
13975
14119
15424
13976
14120
15425
13977
14121
15426
13978
14122
15427
13979
14123
15428
13980
14124
15429
13981
14125
15430
13982
14126
15431
13983
14127
15432
13984
14128
15433
13985
14129
15434
13986
14130
15435
13987
14131
15436
13988
14132
15437
13989
14133
15438
13990
14134
15439
13991
14135
15440
13992
14136
15441
13993
14137
15442
13994
14138
15443
13995
14139
15444
13996
14140
15445
13997
14141
15446
13998
14142
15447
13999
14143
15448
14000
14144
15449
14001
14145
15450
14002
14146
15451
14003
14147
15452
14004
14148
15453
14005
14149
15454
14006
14150
15455
14007
14151
15456
14008
14152
15457
14009
14153
15458
14010
14154
15459
14011
14155
15460
14012
14156
15461
14013
14157
15462
14014
14158
15463
14015
14159
15464
14016
14160
15465
14017
14161
15466
14018
14162
15467
14019
14163
15468
14020
14164
15469
14021
14165
15470
14022
14166
15471
14023
14167
15472
14024
14168
15473
14025
14169
15474
14026
14170
15475
14027
14171
15476
14028
14172
15477
14029
14173
15478
14030
14174
15479
14031
14175
15480
14032
14176
15481
14033
14177
15482
14034
14178
15483
14035
14179
15484
14036
14180
15485
14037
14181
15486
14038
14182
15487
14039
14183
15488
14184
15489
14041
14185
15490
14042
14186
15491
14043
14187
15492
14044
14188
15493
14045
14189
15494
14046
14190
15495
14047
14191
15496
14048
14192
15497
14049
14193
15498
14050
14194
15499
14051
14195
15500
14052
14196
15501
14053
14197
15502
14054
14198
15503
14055
14199
15504
14056
14200
15505
14057
14201
15506
14058
14202
15507
14059
14203
15508
14060
14204
15509
14061
14205
15510
14062
14206
15511
14063
14207
15512
14064
14208
15513
14065
14209
15514
14066
14210
15515
14067
14211
15516
14068
14212
15517
14069
14213
15518
14070
14214
15519
14071
14215
15520
14072
14216
15521
14073
14217
15522
14074
14218
15523
14075
14219
15524
14076
14220
15525
14077
14221
15526
14078
14222
15527
14079
14223
15528
14080
14224
15529
14081
14225
15530
14082
14226
15531
14083
14227
15532
14084
14228
15533
14085
14229
15534
14086
14230
15535
14087
14231
15536
14088
14232
15537
14089
14233
15538
14090
14234
15539
14091
14235
15540
14092
14236
15541
14093
14237
15542
14094
14238
15543
14095
14239
15544
14096
14240
15545
14097
14241
15546
14098
14242
15547
14099
14243
15548
14100
14244
15549
14101
14245
15550
14102
14246
15551
14103
14247
15552
14104
14248
15553
14105
14249
15554
14106
14250
15555
14107
14251
15556
14108
14252
15557
14109
14253
15558
14110
14254
15559
14111
14255
15560
14112
14256
15561
14113
14257
15562
14114
14258
15563
14115
14259
15564
14116
14260
15565
14117
14261
15566
14118
14262
15567
14119
14263
15568
14120
14264
15569
14121
14265
15570
14122
14266
15571
14123
14267
15572
14124
14268
15573
14125
14269
15574
14126
14270
15575
14127
14271
15576
14128
14272
15577
14129
14273
15578
14130
14274
15579
14131
14275
15580
14132
14276
15581
14133
14277
15582
14134
14278
15583
14135
14279
15584
14136
14280
15585
14137
14281
15586
14138
14282
15587
14139
14283
15588
14140
14284
15589
14141
14285
15590
14142
14286
15591
14143
14287
15592
14144
14288
15593
14145
14289
15594
14146
14290
15595
14147
14291
15596
14148
14292
15597
14149
14293
15598
14150
14294
15599
14151
14295
15600
14152
14296
15601
14153
14297
15602
14154
14298
15603
14155
14299
15604
14156
14300
15605
14157
14301
15606
14158
14302
15607
14159
14303
15608
14160
14304
15609
14161
14305
15610
14162
14306
15611
14163
14307
15612
14164
14308
15613
14165
14309
15614
14166
14310
15615
14167
14311
15616
14168
14312
15617
14169
14313
15618
14170
14314
15619
14171
14315
15620
14172
14316
15621
14173
14317
15622
14174
14318
15623
14175
14319
15624
14176
14320
15625
14177
14321
15626
14178
14322
15627
14179
14323
15628
14180
14324
15629
14181
14325
15630
14182
14326
15631
14183
14327
15632
14184
14328
15633
14329
15634
14186
14330
15635
14187
14331
15636
14188
14332
15637
14189
14333
15638
14190
14334
15639
14191
14335
15640
14192
14336
15641
14193
14337
15642
14194
14338
15643
14195
14339
15644
14196
14340
15645
14197
14341
15646
14198
14342
15647
14199
14343
15648
14200
14344
15649
14201
14345
15650
14202
14346
15651
14203
14347
15652
14204
14348
15653
14205
14349
15654
14206
14350
15655
14207
14351
15656
14208
14352
15657
14209
14353
15658
14210
14354
15659
14211
14355
15660
14212
14356
15661
14213
14357
15662
14214
14358
15663
14215
14359
15664
14216
14360
15665
14217
14361
15666
14218
14362
15667
14219
14363
15668
14220
14364
15669
14221
14365
15670
14222
14366
15671
14223
14367
15672
14224
14368
15673
14225
14369
15674
14226
14370
15675
14227
14371
15676
14228
14372
15677
14229
14373
15678
14230
14374
15679
14231
14375
15680
14232
14376
15681
14233
14377
15682
14234
14378
15683
14235
14379
15684
14236
14380
15685
14237
14381
15686
14238
14382
15687
14239
14383
15688
14240
14384
15689
14241
14385
15690
14242
14386
15691
14243
14387
15692
14244
14388
15693
14245
14389
15694
14246
14390
15695
14247
14391
15696
14248
14392
15697
14249
14393
15698
14250
14394
15699
14251
14395
15700
14252
14396
15701
14253
14397
15702
14254
14398
15703
14255
14399
15704
14256
14400
15705
14257
14401
15706
14258
14402
15707
14259
14403
15708
14260
14404
15709
14261
14405
15710
14262
14406
15711
14263
14407
15712
14264
14408
15713
14265
14409
15714
14266
14410
15715
14267
14411
15716
14268
14412
15717
14269
14413
15718
14270
14414
15719
14271
14415
15720
14272
14416
15721
14273
14417
15722
14274
14418
15723
14275
14419
15724
14276
14420
15725
14277
14421
15726
14278
14422
15727
14279
14423
15728
14280
14424
15729
14281
14425
15730
14282
14426
15731
14283
14427
15732
14284
14428
15733
14285
14429
15734
14286
14430
15735
14287
14431
15736
14288
14432
15737
14289
14433
15738
14290
14434
15739
14291
14435
15740
14292
14436
15741
14293
14437
15742
14294
14438
15743
14295
14439
15744
14296
14440
15745
14297
14441
15746
14298
14442
15747
14299
14443
15748
14300
14444
15749
14301
14445
15750
14302
14446
15751
14303
14447
15752
14304
14448
15753
14305
14449
15754
14306
14450
15755
14307
14451
15756
14308
14452
15757
14309
14453
15758
14310
14454
15759
14311
14455
15760
14312
14456
15761
14313
14457
15762
14314
14458
15763
14315
14459
15764
14316
14460
15765
14317
14461
15766
14318
14462
15767
14319
14463
15768
14320
14464
15769
14321
14465
15770
14322
14466
15771
14323
14467
15772
14324
14468
15773
14325
14469
15774
14326
14470
15775
14327
14471
15776
14328
14472
15777
14329
14473
15778
14474
15779
14331
14475
15780
14332
14476
15781
14333
14477
15782
14334
14478
15783
14335
14479
15784
14336
14480
15785
14337
14481
15786
14338
14482
15787
14339
14483
15788
14340
14484
15789
14341
14485
15790
14342
14486
15791
14343
14487
15792
14344
14488
15793
14345
14489
15794
14346
14490
15795
14347
14491
15796
14348
14492
15797
14349
14493
15798
14350
14494
15799
14351
14495
15800
14352
14496
15801
14353
14497
15802
14354
14498
15803
14355
14499
15804
14356
14500
15805
14357
14501
15806
14358
14502
15807
14359
14503
15808
14360
14504
15809
14361
14505
15810
14362
14506
15811
14363
14507
15812
14364
14508
15813
14365
14509
15814
14366
14510
15815
14367
14511
15816
14368
14512
15817
14369
14513
15818
14370
14514
15819
14371
14515
15820
14372
14516
15821
14373
14517
15822
14374
14518
15823
14375
14519
15824
14376
14520
15825
14377
14521
15826
14378
14522
15827
14379
14523
15828
14380
14524
15829
14381
14525
15830
14382
14526
15831
14383
14527
15832
14384
14528
15833
14385
14529
15834
14386
14530
15835
14387
14531
15836
14388
14532
15837
14389
14533
15838
14390
14534
15839
14391
14535
15840
14392
14536
15841
14393
14537
15842
14394
14538
15843
14395
14539
15844
14396
14540
15845
14397
14541
15846
14398
14542
15847
14399
14543
15848
14400
14544
15849
14401
14545
15850
14402
14546
15851
14403
14547
15852
14404
14548
15853
14405
14549
15854
14406
14550
15855
14407
14551
15856
14408
14552
15857
14409
14553
15858
14410
14554
15859
14411
14555
15860
14412
14556
15861
14413
14557
15862
14414
14558
15863
14415
14559
15864
14416
14560
15865
14417
14561
15866
14418
14562
15867
14419
14563
15868
14420
14564
15869
14421
14565
15870
14422
14566
15871
14423
14567
15872
14424
14568
15873
14425
14569
15874
14426
14570
15875
14427
14571
15876
14428
14572
15877
14429
14573
15878
14430
14574
15879
14431
14575
15880
14432
14576
15881
14433
14577
15882
14434
14578
15883
14435
14579
15884
14436
14580
15885
14437
14581
15886
14438
14582
15887
14439
14583
15888
14440
14584
15889
14441
14585
15890
14442
14586
15891
14443
14587
15892
14444
14588
15893
14445
14589
15894
14446
14590
15895
14447
14591
15896
14448
14592
15897
14449
14593
15898
14450
14594
15899
14451
14595
15900
14452
14596
15901
14453
14597
15902
14454
14598
15903
14455
14599
15904
14456
14600
15905
14457
14601
15906
14458
14602
15907
14459
14603
15908
14460
14604
15909
14461
14605
15910
14462
14606
15911
14463
14607
15912
14464
14608
15913
14465
14609
15914
14466
14610
15915
14467
14611
15916
14468
14612
15917
14469
14613
15918
14470
14614
15919
14471
14615
15920
14472
14616
15921
14473
14617
15922
14474
14618
15923
14619
15924
14476
14620
15925
14477
14621
15926
14478
14622
15927
14479
14623
15928
14480
14624
15929
14481
14625
15930
14482
14626
15931
14483
14627
15932
14484
14628
15933
14485
14629
15934
14486
14630
15935
14487
14631
15936
14488
14632
15937
14489
14633
15938
14490
14634
15939
14491
14635
15940
14492
14636
15941
14493
14637
15942
14494
14638
15943
14495
14639
15944
14496
14640
15945
14497
14641
15946
14498
14642
15947
14499
14643
15948
14500
14644
15949
14501
14645
15950
14502
14646
15951
14503
14647
15952
14504
14648
15953
14505
14649
15954
14506
14650
15955
14507
14651
15956
14508
14652
15957
14509
14653
15958
14510
14654
15959
14511
14655
15960
14512
14656
15961
14513
14657
15962
14514
14658
15963
14515
14659
15964
14516
14660
15965
14517
14661
15966
14518
14662
15967
14519
14663
15968
14520
14664
15969
14521
14665
15970
14522
14666
15971
14523
14667
15972
14524
14668
15973
14525
14669
15974
14526
14670
15975
14527
14671
15976
14528
14672
15977
14529
14673
15978
14530
14674
15979
14531
14675
15980
14532
14676
15981
14533
14677
15982
14534
14678
15983
14535
14679
15984
14536
14680
15985
14537
14681
15986
14538
14682
15987
14539
14683
15988
14540
14684
15989
14541
14685
15990
14542
14686
15991
14543
14687
15992
14544
14688
15993
14545
14689
15994
14546
14690
15995
14547
14691
15996
14548
14692
15997
14549
14693
15998
14550
14694
15999
14551
14695
16000
14552
14696
16001
14553
14697
16002
14554
14698
16003
14555
14699
16004
14556
14700
16005
14557
14701
16006
14558
14702
16007
14559
14703
16008
14560
14704
16009
14561
14705
16010
14562
14706
16011
14563
14707
16012
14564
14708
16013
14565
14709
16014
14566
14710
16015
14567
14711
16016
14568
14712
16017
14569
14713
16018
14570
14714
16019
14571
14715
16020
14572
14716
16021
14573
14717
16022
14574
14718
16023
14575
14719
16024
14576
14720
16025
14577
14721
16026
14578
14722
16027
14579
14723
16028
14580
14724
16029
14581
14725
16030
14582
14726
16031
14583
14727
16032
14584
14728
16033
14585
14729
16034
14586
14730
16035
14587
14731
16036
14588
14732
16037
14589
14733
16038
14590
14734
16039
14591
14735
16040
14592
14736
16041
14593
14737
16042
14594
14738
16043
14595
14739
16044
14596
14740
16045
14597
14741
16046
14598
14742
16047
14599
14743
16048
14600
14744
16049
14601
14745
16050
14602
14746
16051
14603
14747
16052
14604
14748
16053
14605
14749
16054
14606
14750
16055
14607
14751
16056
14608
14752
16057
14609
14753
16058
14610
14754
16059
14611
14755
16060
14612
14756
16061
14613
14757
16062
14614
14758
16063
14615
14759
16064
14616
14760
16065
14617
14761
16066
14618
14762
16067
14619
14763
16068
14764
16069
14621
14765
16070
14622
14766
16071
14623
14767
16072
14624
14768
16073
14625
14769
16074
14626
14770
16075
14627
14771
16076
14628
14772
16077
14629
14773
16078
14630
14774
16079
14631
14775
16080
14632
14776
16081
14633
14777
16082
14634
14778
16083
14635
14779
16084
14636
14780
16085
14637
14781
16086
14638
14782
16087
14639
14783
16088
14640
14784
16089
14641
14785
16090
14642
14786
16091
14643
14787
16092
14644
14788
16093
14645
14789
16094
14646
14790
16095
14647
14791
16096
14648
14792
16097
14649
14793
16098
14650
14794
16099
14651
14795
16100
14652
14796
16101
14653
14797
16102
14654
14798
16103
14655
14799
16104
14656
14800
16105
14657
14801
16106
14658
14802
16107
14659
14803
16108
14660
14804
16109
14661
14805
16110
14662
14806
16111
14663
14807
16112
14664
14808
16113
14665
14809
16114
14666
14810
16115
14667
14811
16116
14668
14812
16117
14669
14813
16118
14670
14814
16119
14671
14815
16120
14672
14816
16121
14673
14817
16122
14674
14818
16123
14675
14819
16124
14676
14820
16125
14677
14821
16126
14678
14822
16127
14679
14823
16128
14680
14824
16129
14681
14825
16130
14682
14826
16131
14683
14827
16132
14684
14828
16133
14685
14829
16134
14686
14830
16135
14687
14831
16136
14688
14832
16137
14689
14833
16138
14690
14834
16139
14691
14835
16140
14692
14836
16141
14693
14837
16142
14694
14838
16143
14695
14839
16144
14696
14840
16145
14697
14841
16146
14698
14842
16147
14699
14843
16148
14700
14844
16149
14701
14845
16150
14702
14846
16151
14703
14847
16152
14704
14848
16153
14705
14849
16154
14706
14850
16155
14707
14851
16156
14708
14852
16157
14709
14853
16158
14710
14854
16159
14711
14855
16160
14712
14856
16161
14713
14857
16162
14714
14858
16163
14715
14859
16164
14716
14860
16165
14717
14861
16166
14718
14862
16167
14719
14863
16168
14720
14864
16169
14721
14865
16170
14722
14866
16171
14723
14867
16172
14724
14868
16173
14725
14869
16174
14726
14870
16175
14727
14871
16176
14728
14872
16177
14729
14873
16178
14730
14874
16179
14731
14875
16180
14732
14876
16181
14733
14877
16182
14734
14878
16183
14735
14879
16184
14736
14880
16185
14737
14881
16186
14738
14882
16187
14739
14883
16188
14740
14884
16189
14741
14885
16190
14742
14886
16191
14743
14887
16192
14744
14888
16193
14745
14889
16194
14746
14890
16195
14747
14891
16196
14748
14892
16197
14749
14893
16198
14750
14894
16199
14751
14895
16200
14752
14896
16201
14753
14897
16202
14754
14898
16203
14755
14899
16204
14756
14900
16205
14757
14901
16206
14758
14902
16207
14759
14903
16208
14760
14904
16209
14761
14905
16210
14762
14906
16211
14763
14907
16212
14764
14908
16213
14909
16214
14766
14910
16215
14767
14911
16216
14768
14912
16217
14769
14913
16218
14770
14914
16219
14771
14915
16220
14772
14916
16221
14773
14917
16222
14774
14918
16223
14775
14919
16224
14776
14920
16225
14777
14921
16226
14778
14922
16227
14779
14923
16228
14780
14924
16229
14781
14925
16230
14782
14926
16231
14783
14927
16232
14784
14928
16233
14785
14929
16234
14786
14930
16235
14787
14931
16236
14788
14932
16237
14789
14933
16238
14790
14934
16239
14791
14935
16240
14792
14936
16241
14793
14937
16242
14794
14938
16243
14795
14939
16244
14796
14940
16245
14797
14941
16246
14798
14942
16247
14799
14943
16248
14800
14944
16249
14801
14945
16250
14802
14946
16251
14803
14947
16252
14804
14948
16253
14805
14949
16254
14806
14950
16255
14807
14951
16256
14808
14952
16257
14809
14953
16258
14810
14954
16259
14811
14955
16260
14812
14956
16261
14813
14957
16262
14814
14958
16263
14815
14959
16264
14816
14960
16265
14817
14961
16266
14818
14962
16267
14819
14963
16268
14820
14964
16269
14821
14965
16270
14822
14966
16271
14823
14967
16272
14824
14968
16273
14825
14969
16274
14826
14970
16275
14827
14971
16276
14828
14972
16277
14829
14973
16278
14830
14974
16279
14831
14975
16280
14832
14976
16281
14833
14977
16282
14834
14978
16283
14835
14979
16284
14836
14980
16285
14837
14981
16286
14838
14982
16287
14839
14983
16288
14840
14984
16289
14841
14985
16290
14842
14986
16291
14843
14987
16292
14844
14988
16293
14845
14989
16294
14846
14990
16295
14847
14991
16296
14848
14992
16297
14849
14993
16298
14850
14994
16299
14851
14995
16300
14852
14996
16301
14853
14997
16302
14854
14998
16303
14855
14999
16304
14856
15000
16305
14857
15001
16306
14858
15002
16307
14859
15003
16308
14860
15004
16309
14861
15005
16310
14862
15006
16311
14863
15007
16312
14864
15008
16313
14865
15009
16314
14866
15010
16315
14867
15011
16316
14868
15012
16317
14869
15013
16318
14870
15014
16319
14871
15015
16320
14872
15016
16321
14873
15017
16322
14874
15018
16323
14875
15019
16324
14876
15020
16325
14877
15021
16326
14878
15022
16327
14879
15023
16328
14880
15024
16329
14881
15025
16330
14882
15026
16331
14883
15027
16332
14884
15028
16333
14885
15029
16334
14886
15030
16335
14887
15031
16336
14888
15032
16337
14889
15033
16338
14890
15034
16339
14891
15035
16340
14892
15036
16341
14893
15037
16342
14894
15038
16343
14895
15039
16344
14896
15040
16345
14897
15041
16346
14898
15042
16347
14899
15043
16348
14900
15044
16349
14901
15045
16350
14902
15046
16351
14903
15047
16352
14904
15048
16353
14905
15049
16354
14906
15050
16355
14907
15051
16356
14908
15052
16357
14909
15053
16358
15054
16359
14911
15055
16360
14912
15056
16361
14913
15057
16362
14914
15058
16363
14915
15059
16364
14916
15060
16365
14917
15061
16366
14918
15062
16367
14919
15063
16368
14920
15064
16369
14921
15065
16370
14922
15066
16371
14923
15067
16372
14924
15068
16373
14925
15069
16374
14926
15070
16375
14927
15071
16376
14928
15072
16377
14929
15073
16378
14930
15074
16379
14931
15075
16380
14932
15076
16381
14933
15077
16382
14934
15078
16383
14935
15079
16384
14936
15080
16385
14937
15081
16386
14938
15082
16387
14939
15083
16388
14940
15084
16389
14941
15085
16390
14942
15086
16391
14943
15087
16392
14944
15088
16393
14945
15089
16394
14946
15090
16395
14947
15091
16396
14948
15092
16397
14949
15093
16398
14950
15094
16399
14951
15095
16400
14952
15096
16401
14953
15097
16402
14954
15098
16403
14955
15099
16404
14956
15100
16405
14957
15101
16406
14958
15102
16407
14959
15103
16408
14960
15104
16409
14961
15105
16410
14962
15106
16411
14963
15107
16412
14964
15108
16413
14965
15109
16414
14966
15110
16415
14967
15111
16416
14968
15112
16417
14969
15113
16418
14970
15114
16419
14971
15115
16420
14972
15116
16421
14973
15117
16422
14974
15118
16423
14975
15119
16424
14976
15120
16425
14977
15121
16426
14978
15122
16427
14979
15123
16428
14980
15124
16429
14981
15125
16430
14982
15126
16431
14983
15127
16432
14984
15128
16433
14985
15129
16434
14986
15130
16435
14987
15131
16436
14988
15132
16437
14989
15133
16438
14990
15134
16439
14991
15135
16440
14992
15136
16441
14993
15137
16442
14994
15138
16443
14995
15139
16444
14996
15140
16445
14997
15141
16446
14998
15142
16447
14999
15143
16448
15000
15144
16449
15001
15145
16450
15002
15146
16451
15003
15147
16452
15004
15148
16453
15005
15149
16454
15006
15150
16455
15007
15151
16456
15008
15152
16457
15009
15153
16458
15010
15154
16459
15011
15155
16460
15012
15156
16461
15013
15157
16462
15014
15158
16463
15015
15159
16464
15016
15160
16465
15017
15161
16466
15018
15162
16467
15019
15163
16468
15020
15164
16469
15021
15165
16470
15022
15166
16471
15023
15167
16472
15024
15168
16473
15025
15169
16474
15026
15170
16475
15027
15171
16476
15028
15172
16477
15029
15173
16478
15030
15174
16479
15031
15175
16480
15032
15176
16481
15033
15177
16482
15034
15178
16483
15035
15179
16484
15036
15180
16485
15037
15181
16486
15038
15182
16487
15039
15183
16488
15040
15184
16489
15041
15185
16490
15042
15186
16491
15043
15187
16492
15044
15188
16493
15045
15189
16494
15046
15190
16495
15047
15191
16496
15048
15192
16497
15049
15193
16498
15050
15194
16499
15051
15195
16500
15052
15196
16501
15053
15197
16502
15054
15198
16503
15199
16504
15056
16505
15057
16506
15058
16507
15059
16508
15060
16509
15061
16510
15062
16511
15063
16512
15064
16513
15065
16514
15066
16515
15067
16516
15068
16517
15069
16518
15070
16519
15071
16520
15072
16521
15073
16522
15074
16523
15075
16524
15076
16525
15077
16526
15078
16527
15079
16528
15080
16529
15081
16530
15082
16531
15083
16532
15084
16533
15085
16534
15086
16535
15087
16536
15088
16537
15089
16538
15090
16539
15091
16540
15092
16541
15093
16542
15094
16543
15095
16544
15096
16545
15097
16546
15098
16547
15099
16548
15100
16549
15101
16550
15102
16551
15103
16552
15104
16553
15105
16554
15106
16555
15107
16556
15108
16557
15109
16558
15110
16559
15111
16560
15112
16561
15113
16562
15114
16563
15115
16564
15116
16565
15117
16566
15118
16567
15119
16568
15120
16569
15121
16570
15122
16571
15123
16572
15124
16573
15125
16574
15126
16575
15127
16576
15128
16577
15129
16578
15130
16579
15131
16580
15132
16581
15133
16582
15134
16583
15135
16584
15136
16585
15137
16586
15138
16587
15139
16588
15140
16589
15141
16590
15142
16591
15143
16592
15144
16593
15145
16594
15146
16595
15147
16596
15148
16597
15149
16598
15150
16599
15151
16600
15152
16601
15153
16602
15154
16603
15155
16604
15156
16605
15157
16606
15158
16607
15159
16608
15160
16609
15161
16610
15162
16611
15163
16612
15164
16613
15165
16614
15166
16615
15167
16616
15168
16617
15169
16618
15170
16619
15171
16620
15172
16621
15173
16622
15174
16623
15175
16624
15176
16625
15177
16626
15178
16627
15179
16628
15180
16629
15181
16630
15182
16631
15183
16632
15184
16633
15185
16634
15186
16635
15187
16636
15188
16637
15189
16638
15190
16639
15191
16640
15192
16641
15193
16642
15194
16643
15195
16644
15196
16645
15197
16646
15198
16647
15199
16648
16649
15201
15345
16650
15202
15346
16651
15203
15347
16652
15204
15348
16653
15205
15349
16654
15206
15350
16655
15207
15351
16656
15208
15352
16657
15209
15353
16658
15210
15354
16659
15211
15355
16660
15212
15356
16661
15213
15357
16662
15214
15358
16663
15215
15359
16664
15216
15360
16665
15217
15361
16666
15218
15362
16667
15219
15363
16668
15220
15364
16669
15221
15365
16670
15222
15366
16671
15223
15367
16672
15224
15368
16673
15225
15369
16674
15226
15370
16675
15227
15371
16676
15228
15372
16677
15229
15373
16678
15230
15374
16679
15231
15375
16680
15232
15376
16681
15233
15377
16682
15234
15378
16683
15235
15379
16684
15236
15380
16685
15237
15381
16686
15238
15382
16687
15239
15383
16688
15240
15384
16689
15241
15385
16690
15242
15386
16691
15243
15387
16692
15244
15388
16693
15245
15389
16694
15246
15390
16695
15247
15391
16696
15248
15392
16697
15249
15393
16698
15250
15394
16699
15251
15395
16700
15252
15396
16701
15253
15397
16702
15254
15398
16703
15255
15399
16704
15256
15400
16705
15257
15401
16706
15258
15402
16707
15259
15403
16708
15260
15404
16709
15261
15405
16710
15262
15406
16711
15263
15407
16712
15264
15408
16713
15265
15409
16714
15266
15410
16715
15267
15411
16716
15268
15412
16717
15269
15413
16718
15270
15414
16719
15271
15415
16720
15272
15416
16721
15273
15417
16722
15274
15418
16723
15275
15419
16724
15276
15420
16725
15277
15421
16726
15278
15422
16727
15279
15423
16728
15280
15424
16729
15281
15425
16730
15282
15426
16731
15283
15427
16732
15284
15428
16733
15285
15429
16734
15286
15430
16735
15287
15431
16736
15288
15432
16737
15289
15433
16738
15290
15434
16739
15291
15435
16740
15292
15436
16741
15293
15437
16742
15294
15438
16743
15295
15439
16744
15296
15440
16745
15297
15441
16746
15298
15442
16747
15299
15443
16748
15300
15444
16749
15301
15445
16750
15302
15446
16751
15303
15447
16752
15304
15448
16753
15305
15449
16754
15306
15450
16755
15307
15451
16756
15308
15452
16757
15309
15453
16758
15310
15454
16759
15311
15455
16760
15312
15456
16761
15313
15457
16762
15314
15458
16763
15315
15459
16764
15316
15460
16765
15317
15461
16766
15318
15462
16767
15319
15463
16768
15320
15464
16769
15321
15465
16770
15322
15466
16771
15323
15467
16772
15324
15468
16773
15325
15469
16774
15326
15470
16775
15327
15471
16776
15328
15472
16777
15329
15473
16778
15330
15474
16779
15331
15475
16780
15332
15476
16781
15333
15477
16782
15334
15478
16783
15335
15479
16784
15336
15480
16785
15337
15481
16786
15338
15482
16787
15339
15483
16788
15340
15484
16789
15341
15485
16790
15342
15486
16791
15343
15487
16792
15344
15488
16793
15489
16794
15346
15490
16795
15347
15491
16796
15348
15492
16797
15349
15493
16798
15350
15494
16799
15351
15495
16800
15352
15496
16801
15353
15497
16802
15354
15498
16803
15355
15499
16804
15356
15500
16805
15357
15501
16806
15358
15502
16807
15359
15503
16808
15360
15504
16809
15361
15505
16810
15362
15506
16811
15363
15507
16812
15364
15508
16813
15365
15509
16814
15366
15510
16815
15367
15511
16816
15368
15512
16817
15369
15513
16818
15370
15514
16819
15371
15515
16820
15372
15516
16821
15373
15517
16822
15374
15518
16823
15375
15519
16824
15376
15520
16825
15377
15521
16826
15378
15522
16827
15379
15523
16828
15380
15524
16829
15381
15525
16830
15382
15526
16831
15383
15527
16832
15384
15528
16833
15385
15529
16834
15386
15530
16835
15387
15531
16836
15388
15532
16837
15389
15533
16838
15390
15534
16839
15391
15535
16840
15392
15536
16841
15393
15537
16842
15394
15538
16843
15395
15539
16844
15396
15540
16845
15397
15541
16846
15398
15542
16847
15399
15543
16848
15400
15544
16849
15401
15545
16850
15402
15546
16851
15403
15547
16852
15404
15548
16853
15405
15549
16854
15406
15550
16855
15407
15551
16856
15408
15552
16857
15409
15553
16858
15410
15554
16859
15411
15555
16860
15412
15556
16861
15413
15557
16862
15414
15558
16863
15415
15559
16864
15416
15560
16865
15417
15561
16866
15418
15562
16867
15419
15563
16868
15420
15564
16869
15421
15565
16870
15422
15566
16871
15423
15567
16872
15424
15568
16873
15425
15569
16874
15426
15570
16875
15427
15571
16876
15428
15572
16877
15429
15573
16878
15430
15574
16879
15431
15575
16880
15432
15576
16881
15433
15577
16882
15434
15578
16883
15435
15579
16884
15436
15580
16885
15437
15581
16886
15438
15582
16887
15439
15583
16888
15440
15584
16889
15441
15585
16890
15442
15586
16891
15443
15587
16892
15444
15588
16893
15445
15589
16894
15446
15590
16895
15447
15591
16896
15448
15592
16897
15449
15593
16898
15450
15594
16899
15451
15595
16900
15452
15596
16901
15453
15597
16902
15454
15598
16903
15455
15599
16904
15456
15600
16905
15457
15601
16906
15458
15602
16907
15459
15603
16908
15460
15604
16909
15461
15605
16910
15462
15606
16911
15463
15607
16912
15464
15608
16913
15465
15609
16914
15466
15610
16915
15467
15611
16916
15468
15612
16917
15469
15613
16918
15470
15614
16919
15471
15615
16920
15472
15616
16921
15473
15617
16922
15474
15618
16923
15475
15619
16924
15476
15620
16925
15477
15621
16926
15478
15622
16927
15479
15623
16928
15480
15624
16929
15481
15625
16930
15482
15626
16931
15483
15627
16932
15484
15628
16933
15485
15629
16934
15486
15630
16935
15487
15631
16936
15488
15632
16937
15489
15633
16938
15634
16939
15491
15635
16940
15492
15636
16941
15493
15637
16942
15494
15638
16943
15495
15639
16944
15496
15640
16945
15497
15641
16946
15498
15642
16947
15499
15643
16948
15500
15644
16949
15501
15645
16950
15502
15646
16951
15503
15647
16952
15504
15648
16953
15505
15649
16954
15506
15650
16955
15507
15651
16956
15508
15652
16957
15509
15653
16958
15510
15654
16959
15511
15655
16960
15512
15656
16961
15513
15657
16962
15514
15658
16963
15515
15659
16964
15516
15660
16965
15517
15661
16966
15518
15662
16967
15519
15663
16968
15520
15664
16969
15521
15665
16970
15522
15666
16971
15523
15667
16972
15524
15668
16973
15525
15669
16974
15526
15670
16975
15527
15671
16976
15528
15672
16977
15529
15673
16978
15530
15674
16979
15531
15675
16980
15532
15676
16981
15533
15677
16982
15534
15678
16983
15535
15679
16984
15536
15680
16985
15537
15681
16986
15538
15682
16987
15539
15683
16988
15540
15684
16989
15541
15685
16990
15542
15686
16991
15543
15687
16992
15544
15688
16993
15545
15689
16994
15546
15690
16995
15547
15691
16996
15548
15692
16997
15549
15693
16998
15550
15694
16999
15551
15695
17000
15552
15696
17001
15553
15697
17002
15554
15698
17003
15555
15699
17004
15556
15700
17005
15557
15701
17006
15558
15702
17007
15559
15703
17008
15560
15704
17009
15561
15705
17010
15562
15706
17011
15563
15707
17012
15564
15708
17013
15565
15709
17014
15566
15710
17015
15567
15711
17016
15568
15712
17017
15569
15713
17018
15570
15714
17019
15571
15715
17020
15572
15716
17021
15573
15717
17022
15574
15718
17023
15575
15719
17024
15576
15720
17025
15577
15721
17026
15578
15722
17027
15579
15723
17028
15580
15724
17029
15581
15725
17030
15582
15726
17031
15583
15727
17032
15584
15728
17033
15585
15729
17034
15586
15730
17035
15587
15731
17036
15588
15732
17037
15589
15733
17038
15590
15734
17039
15591
15735
17040
15592
15736
17041
15593
15737
17042
15594
15738
17043
15595
15739
17044
15596
15740
17045
15597
15741
17046
15598
15742
17047
15599
15743
17048
15600
15744
17049
15601
15745
17050
15602
15746
17051
15603
15747
17052
15604
15748
17053
15605
15749
17054
15606
15750
17055
15607
15751
17056
15608
15752
17057
15609
15753
17058
15610
15754
17059
15611
15755
17060
15612
15756
17061
15613
15757
17062
15614
15758
17063
15615
15759
17064
15616
15760
17065
15617
15761
17066
15618
15762
17067
15619
15763
17068
15620
15764
17069
15621
15765
17070
15622
15766
17071
15623
15767
17072
15624
15768
17073
15625
15769
17074
15626
15770
17075
15627
15771
17076
15628
15772
17077
15629
15773
17078
15630
15774
17079
15631
15775
17080
15632
15776
17081
15633
15777
17082
15634
15778
17083
15779
17084
15636
15780
17085
15637
15781
17086
15638
15782
17087
15639
15783
17088
15640
15784
17089
15641
15785
17090
15642
15786
17091
15643
15787
17092
15644
15788
17093
15645
15789
17094
15646
15790
17095
15647
15791
17096
15648
15792
17097
15649
15793
17098
15650
15794
17099
15651
15795
17100
15652
15796
17101
15653
15797
17102
15654
15798
17103
15655
15799
17104
15656
15800
17105
15657
15801
17106
15658
15802
17107
15659
15803
17108
15660
15804
17109
15661
15805
17110
15662
15806
17111
15663
15807
17112
15664
15808
17113
15665
15809
17114
15666
15810
17115
15667
15811
17116
15668
15812
17117
15669
15813
17118
15670
15814
17119
15671
15815
17120
15672
15816
17121
15673
15817
17122
15674
15818
17123
15675
15819
17124
15676
15820
17125
15677
15821
17126
15678
15822
17127
15679
15823
17128
15680
15824
17129
15681
15825
17130
15682
15826
17131
15683
15827
17132
15684
15828
17133
15685
15829
17134
15686
15830
17135
15687
15831
17136
15688
15832
17137
15689
15833
17138
15690
15834
17139
15691
15835
17140
15692
15836
17141
15693
15837
17142
15694
15838
17143
15695
15839
17144
15696
15840
17145
15697
15841
17146
15698
15842
17147
15699
15843
17148
15700
15844
17149
15701
15845
17150
15702
15846
17151
15703
15847
17152
15704
15848
17153
15705
15849
17154
15706
15850
17155
15707
15851
17156
15708
15852
17157
15709
15853
17158
15710
15854
17159
15711
15855
17160
15712
15856
17161
15713
15857
17162
15714
15858
17163
15715
15859
17164
15716
15860
17165
15717
15861
17166
15718
15862
17167
15719
15863
17168
15720
15864
17169
15721
15865
17170
15722
15866
17171
15723
15867
17172
15724
15868
17173
15725
15869
17174
15726
15870
17175
15727
15871
17176
15728
15872
17177
15729
15873
17178
15730
15874
17179
15731
15875
17180
15732
15876
17181
15733
15877
17182
15734
15878
17183
15735
15879
17184
15736
15880
17185
15737
15881
17186
15738
15882
17187
15739
15883
17188
15740
15884
17189
15741
15885
17190
15742
15886
17191
15743
15887
17192
15744
15888
17193
15745
15889
17194
15746
15890
17195
15747
15891
17196
15748
15892
17197
15749
15893
17198
15750
15894
17199
15751
15895
17200
15752
15896
17201
15753
15897
17202
15754
15898
17203
15755
15899
17204
15756
15900
17205
15757
15901
17206
15758
15902
17207
15759
15903
17208
15760
15904
17209
15761
15905
17210
15762
15906
17211
15763
15907
17212
15764
15908
17213
15765
15909
17214
15766
15910
17215
15767
15911
17216
15768
15912
17217
15769
15913
17218
15770
15914
17219
15771
15915
17220
15772
15916
17221
15773
15917
17222
15774
15918
17223
15775
15919
17224
15776
15920
17225
15777
15921
17226
15778
15922
17227
15779
15923
17228
15924
17229
15781
15925
17230
15782
15926
17231
15783
15927
17232
15784
15928
17233
15785
15929
17234
15786
15930
17235
15787
15931
17236
15788
15932
17237
15789
15933
17238
15790
15934
17239
15791
15935
17240
15792
15936
17241
15793
15937
17242
15794
15938
17243
15795
15939
17244
15796
15940
17245
15797
15941
17246
15798
15942
17247
15799
15943
17248
15800
15944
17249
15801
15945
17250
15802
15946
17251
15803
15947
17252
15804
15948
17253
15805
15949
17254
15806
15950
17255
15807
15951
17256
15808
15952
17257
15809
15953
17258
15810
15954
17259
15811
15955
17260
15812
15956
17261
15813
15957
17262
15814
15958
17263
15815
15959
17264
15816
15960
17265
15817
15961
17266
15818
15962
17267
15819
15963
17268
15820
15964
17269
15821
15965
17270
15822
15966
17271
15823
15967
17272
15824
15968
17273
15825
15969
17274
15826
15970
17275
15827
15971
17276
15828
15972
17277
15829
15973
17278
15830
15974
17279
15831
15975
17280
15832
15976
17281
15833
15977
17282
15834
15978
17283
15835
15979
17284
15836
15980
17285
15837
15981
17286
15838
15982
17287
15839
15983
17288
15840
15984
17289
15841
15985
17290
15842
15986
17291
15843
15987
17292
15844
15988
17293
15845
15989
17294
15846
15990
17295
15847
15991
17296
15848
15992
17297
15849
15993
17298
15850
15994
17299
15851
15995
17300
15852
15996
17301
15853
15997
17302
15854
15998
17303
15855
15999
17304
15856
16000
17305
15857
16001
17306
15858
16002
17307
15859
16003
17308
15860
16004
17309
15861
16005
17310
15862
16006
17311
15863
16007
17312
15864
16008
17313
15865
16009
17314
15866
16010
17315
15867
16011
17316
15868
16012
17317
15869
16013
17318
15870
16014
17319
15871
16015
17320
15872
16016
17321
15873
16017
17322
15874
16018
17323
15875
16019
17324
15876
16020
17325
15877
16021
17326
15878
16022
17327
15879
16023
17328
15880
16024
17329
15881
16025
17330
15882
16026
17331
15883
16027
17332
15884
16028
17333
15885
16029
17334
15886
16030
17335
15887
16031
17336
15888
16032
17337
15889
16033
17338
15890
16034
17339
15891
16035
17340
15892
16036
17341
15893
16037
17342
15894
16038
17343
15895
16039
17344
15896
16040
17345
15897
16041
17346
15898
16042
17347
15899
16043
17348
15900
16044
17349
15901
16045
17350
15902
16046
17351
15903
16047
17352
15904
16048
17353
15905
16049
17354
15906
16050
17355
15907
16051
17356
15908
16052
17357
15909
16053
17358
15910
16054
17359
15911
16055
17360
15912
16056
17361
15913
16057
17362
15914
16058
17363
15915
16059
17364
15916
16060
17365
15917
16061
17366
15918
16062
17367
15919
16063
17368
15920
16064
17369
15921
16065
17370
15922
16066
17371
15923
16067
17372
15924
16068
17373
16069
17374
15926
16070
17375
15927
16071
17376
15928
16072
17377
15929
16073
17378
15930
16074
17379
15931
16075
17380
15932
16076
17381
15933
16077
17382
15934
16078
17383
15935
16079
17384
15936
16080
17385
15937
16081
17386
15938
16082
17387
15939
16083
17388
15940
16084
17389
15941
16085
17390
15942
16086
17391
15943
16087
17392
15944
16088
17393
15945
16089
17394
15946
16090
17395
15947
16091
17396
15948
16092
17397
15949
16093
17398
15950
16094
17399
15951
16095
17400
15952
16096
17401
15953
16097
17402
15954
16098
17403
15955
16099
17404
15956
16100
17405
15957
16101
17406
15958
16102
17407
15959
16103
17408
15960
16104
17409
15961
16105
17410
15962
16106
17411
15963
16107
17412
15964
16108
17413
15965
16109
17414
15966
16110
17415
15967
16111
17416
15968
16112
17417
15969
16113
17418
15970
16114
17419
15971
16115
17420
15972
16116
17421
15973
16117
17422
15974
16118
17423
15975
16119
17424
15976
16120
17425
15977
16121
17426
15978
16122
17427
15979
16123
17428
15980
16124
17429
15981
16125
17430
15982
16126
17431
15983
16127
17432
15984
16128
17433
15985
16129
17434
15986
16130
17435
15987
16131
17436
15988
16132
17437
15989
16133
17438
15990
16134
17439
15991
16135
17440
15992
16136
17441
15993
16137
17442
15994
16138
17443
15995
16139
17444
15996
16140
17445
15997
16141
17446
15998
16142
17447
15999
16143
17448
16000
16144
17449
16001
16145
17450
16002
16146
17451
16003
16147
17452
16004
16148
17453
16005
16149
17454
16006
16150
17455
16007
16151
17456
16008
16152
17457
16009
16153
17458
16010
16154
17459
16011
16155
17460
16012
16156
17461
16013
16157
17462
16014
16158
17463
16015
16159
17464
16016
16160
17465
16017
16161
17466
16018
16162
17467
16019
16163
17468
16020
16164
17469
16021
16165
17470
16022
16166
17471
16023
16167
17472
16024
16168
17473
16025
16169
17474
16026
16170
17475
16027
16171
17476
16028
16172
17477
16029
16173
17478
16030
16174
17479
16031
16175
17480
16032
16176
17481
16033
16177
17482
16034
16178
17483
16035
16179
17484
16036
16180
17485
16037
16181
17486
16038
16182
17487
16039
16183
17488
16040
16184
17489
16041
16185
17490
16042
16186
17491
16043
16187
17492
16044
16188
17493
16045
16189
17494
16046
16190
17495
16047
16191
17496
16048
16192
17497
16049
16193
17498
16050
16194
17499
16051
16195
17500
16052
16196
17501
16053
16197
17502
16054
16198
17503
16055
16199
17504
16056
16200
17505
16057
16201
17506
16058
16202
17507
16059
16203
17508
16060
16204
17509
16061
16205
17510
16062
16206
17511
16063
16207
17512
16064
16208
17513
16065
16209
17514
16066
16210
17515
16067
16211
17516
16068
16212
17517
16069
16213
17518
16214
17519
16071
16215
17520
16072
16216
17521
16073
16217
17522
16074
16218
17523
16075
16219
17524
16076
16220
17525
16077
16221
17526
16078
16222
17527
16079
16223
17528
16080
16224
17529
16081
16225
17530
16082
16226
17531
16083
16227
17532
16084
16228
17533
16085
16229
17534
16086
16230
17535
16087
16231
17536
16088
16232
17537
16089
16233
17538
16090
16234
17539
16091
16235
17540
16092
16236
17541
16093
16237
17542
16094
16238
17543
16095
16239
17544
16096
16240
17545
16097
16241
17546
16098
16242
17547
16099
16243
17548
16100
16244
17549
16101
16245
17550
16102
16246
17551
16103
16247
17552
16104
16248
17553
16105
16249
17554
16106
16250
17555
16107
16251
17556
16108
16252
17557
16109
16253
17558
16110
16254
17559
16111
16255
17560
16112
16256
17561
16113
16257
17562
16114
16258
17563
16115
16259
17564
16116
16260
17565
16117
16261
17566
16118
16262
17567
16119
16263
17568
16120
16264
17569
16121
16265
17570
16122
16266
17571
16123
16267
17572
16124
16268
17573
16125
16269
17574
16126
16270
17575
16127
16271
17576
16128
16272
17577
16129
16273
17578
16130
16274
17579
16131
16275
17580
16132
16276
17581
16133
16277
17582
16134
16278
17583
16135
16279
17584
16136
16280
17585
16137
16281
17586
16138
16282
17587
16139
16283
17588
16140
16284
17589
16141
16285
17590
16142
16286
17591
16143
16287
17592
16144
16288
17593
16145
16289
17594
16146
16290
17595
16147
16291
17596
16148
16292
17597
16149
16293
17598
16150
16294
17599
16151
16295
17600
16152
16296
17601
16153
16297
17602
16154
16298
17603
16155
16299
17604
16156
16300
17605
16157
16301
17606
16158
16302
17607
16159
16303
17608
16160
16304
17609
16161
16305
17610
16162
16306
17611
16163
16307
17612
16164
16308
17613
16165
16309
17614
16166
16310
17615
16167
16311
17616
16168
16312
17617
16169
16313
17618
16170
16314
17619
16171
16315
17620
16172
16316
17621
16173
16317
17622
16174
16318
17623
16175
16319
17624
16176
16320
17625
16177
16321
17626
16178
16322
17627
16179
16323
17628
16180
16324
17629
16181
16325
17630
16182
16326
17631
16183
16327
17632
16184
16328
17633
16185
16329
17634
16186
16330
17635
16187
16331
17636
16188
16332
17637
16189
16333
17638
16190
16334
17639
16191
16335
17640
16192
16336
17641
16193
16337
17642
16194
16338
17643
16195
16339
17644
16196
16340
17645
16197
16341
17646
16198
16342
17647
16199
16343
17648
16200
16344
17649
16201
16345
17650
16202
16346
17651
16203
16347
17652
16204
16348
17653
16205
16349
17654
16206
16350
17655
16207
16351
17656
16208
16352
17657
16209
16353
17658
16210
16354
17659
16211
16355
17660
16212
16356
17661
16213
16357
17662
16214
16358
17663
16359
17664
16216
16360
17665
16217
16361
17666
16218
16362
17667
16219
16363
17668
16220
16364
17669
16221
16365
17670
16222
16366
17671
16223
16367
17672
16224
16368
17673
16225
16369
17674
16226
16370
17675
16227
16371
17676
16228
16372
17677
16229
16373
17678
16230
16374
17679
16231
16375
17680
16232
16376
17681
16233
16377
17682
16234
16378
17683
16235
16379
17684
16236
16380
17685
16237
16381
17686
16238
16382
17687
16239
16383
17688
16240
16384
17689
16241
16385
17690
16242
16386
17691
16243
16387
17692
16244
16388
17693
16245
16389
17694
16246
16390
17695
16247
16391
17696
16248
16392
17697
16249
16393
17698
16250
16394
17699
16251
16395
17700
16252
16396
17701
16253
16397
17702
16254
16398
17703
16255
16399
17704
16256
16400
17705
16257
16401
17706
16258
16402
17707
16259
16403
17708
16260
16404
17709
16261
16405
17710
16262
16406
17711
16263
16407
17712
16264
16408
17713
16265
16409
17714
16266
16410
17715
16267
16411
17716
16268
16412
17717
16269
16413
17718
16270
16414
17719
16271
16415
17720
16272
16416
17721
16273
16417
17722
16274
16418
17723
16275
16419
17724
16276
16420
17725
16277
16421
17726
16278
16422
17727
16279
16423
17728
16280
16424
17729
16281
16425
17730
16282
16426
17731
16283
16427
17732
16284
16428
17733
16285
16429
17734
16286
16430
17735
16287
16431
17736
16288
16432
17737
16289
16433
17738
16290
16434
17739
16291
16435
17740
16292
16436
17741
16293
16437
17742
16294
16438
17743
16295
16439
17744
16296
16440
17745
16297
16441
17746
16298
16442
17747
16299
16443
17748
16300
16444
17749
16301
16445
17750
16302
16446
17751
16303
16447
17752
16304
16448
17753
16305
16449
17754
16306
16450
17755
16307
16451
17756
16308
16452
17757
16309
16453
17758
16310
16454
17759
16311
16455
17760
16312
16456
17761
16313
16457
17762
16314
16458
17763
16315
16459
17764
16316
16460
17765
16317
16461
17766
16318
16462
17767
16319
16463
17768
16320
16464
17769
16321
16465
17770
16322
16466
17771
16323
16467
17772
16324
16468
17773
16325
16469
17774
16326
16470
17775
16327
16471
17776
16328
16472
17777
16329
16473
17778
16330
16474
17779
16331
16475
17780
16332
16476
17781
16333
16477
17782
16334
16478
17783
16335
16479
17784
16336
16480
17785
16337
16481
17786
16338
16482
17787
16339
16483
17788
16340
16484
17789
16341
16485
17790
16342
16486
17791
16343
16487
17792
16344
16488
17793
16345
16489
17794
16346
16490
17795
16347
16491
17796
16348
16492
17797
16349
16493
17798
16350
16494
17799
16351
16495
17800
16352
16496
17801
16353
16497
17802
16354
16498
17803
16355
16499
17804
16356
16500
17805
16357
16501
17806
16358
16502
17807
16359
16503
17808
16504
17809
16361
16505
17810
16362
16506
17811
16363
16507
17812
16364
16508
17813
16365
16509
17814
16366
16510
17815
16367
16511
17816
16368
16512
17817
16369
16513
17818
16370
16514
17819
16371
16515
17820
16372
16516
17821
16373
16517
17822
16374
16518
17823
16375
16519
17824
16376
16520
17825
16377
16521
17826
16378
16522
17827
16379
16523
17828
16380
16524
17829
16381
16525
17830
16382
16526
17831
16383
16527
17832
16384
16528
17833
16385
16529
17834
16386
16530
17835
16387
16531
17836
16388
16532
17837
16389
16533
17838
16390
16534
17839
16391
16535
17840
16392
16536
17841
16393
16537
17842
16394
16538
17843
16395
16539
17844
16396
16540
17845
16397
16541
17846
16398
16542
17847
16399
16543
17848
16400
16544
17849
16401
16545
17850
16402
16546
17851
16403
16547
17852
16404
16548
17853
16405
16549
17854
16406
16550
17855
16407
16551
17856
16408
16552
17857
16409
16553
17858
16410
16554
17859
16411
16555
17860
16412
16556
17861
16413
16557
17862
16414
16558
17863
16415
16559
17864
16416
16560
17865
16417
16561
17866
16418
16562
17867
16419
16563
17868
16420
16564
17869
16421
16565
17870
16422
16566
17871
16423
16567
17872
16424
16568
17873
16425
16569
17874
16426
16570
17875
16427
16571
17876
16428
16572
17877
16429
16573
17878
16430
16574
17879
16431
16575
17880
16432
16576
17881
16433
16577
17882
16434
16578
17883
16435
16579
17884
16436
16580
17885
16437
16581
17886
16438
16582
17887
16439
16583
17888
16440
16584
17889
16441
16585
17890
16442
16586
17891
16443
16587
17892
16444
16588
17893
16445
16589
17894
16446
16590
17895
16447
16591
17896
16448
16592
17897
16449
16593
17898
16450
16594
17899
16451
16595
17900
16452
16596
17901
16453
16597
17902
16454
16598
17903
16455
16599
17904
16456
16600
17905
16457
16601
17906
16458
16602
17907
16459
16603
17908
16460
16604
17909
16461
16605
17910
16462
16606
17911
16463
16607
17912
16464
16608
17913
16465
16609
17914
16466
16610
17915
16467
16611
17916
16468
16612
17917
16469
16613
17918
16470
16614
17919
16471
16615
17920
16472
16616
17921
16473
16617
17922
16474
16618
17923
16475
16619
17924
16476
16620
17925
16477
16621
17926
16478
16622
17927
16479
16623
17928
16480
16624
17929
16481
16625
17930
16482
16626
17931
16483
16627
17932
16484
16628
17933
16485
16629
17934
16486
16630
17935
16487
16631
17936
16488
16632
17937
16489
16633
17938
16490
16634
17939
16491
16635
17940
16492
16636
17941
16493
16637
17942
16494
16638
17943
16495
16639
17944
16496
16640
17945
16497
16641
17946
16498
16642
17947
16499
16643
17948
16500
16644
17949
16501
16645
17950
16502
16646
17951
16503
16647
17952
16504
16648
17953
16649
17954
16506
17955
16507
17956
16508
17957
16509
17958
16510
17959
16511
17960
16512
17961
16513
17962
16514
17963
16515
17964
16516
17965
16517
17966
16518
17967
16519
17968
16520
17969
16521
17970
16522
17971
16523
17972
16524
17973
16525
17974
16526
17975
16527
17976
16528
17977
16529
17978
16530
17979
16531
17980
16532
17981
16533
17982
16534
17983
16535
17984
16536
17985
16537
17986
16538
17987
16539
17988
16540
17989
16541
17990
16542
17991
16543
17992
16544
17993
16545
17994
16546
17995
16547
17996
16548
17997
16549
17998
16550
17999
16551
18000
16552
18001
16553
18002
16554
18003
16555
18004
16556
18005
16557
18006
16558
18007
16559
18008
16560
18009
16561
18010
16562
18011
16563
18012
16564
18013
16565
18014
16566
18015
16567
18016
16568
18017
16569
18018
16570
18019
16571
18020
16572
18021
16573
18022
16574
18023
16575
18024
16576
18025
16577
18026
16578
18027
16579
18028
16580
18029
16581
18030
16582
18031
16583
18032
16584
18033
16585
18034
16586
18035
16587
18036
16588
18037
16589
18038
16590
18039
16591
18040
16592
18041
16593
18042
16594
18043
16595
18044
16596
18045
16597
18046
16598
18047
16599
18048
16600
18049
16601
18050
16602
18051
16603
18052
16604
18053
16605
18054
16606
18055
16607
18056
16608
18057
16609
18058
16610
18059
16611
18060
16612
18061
16613
18062
16614
18063
16615
18064
16616
18065
16617
18066
16618
18067
16619
18068
16620
18069
16621
18070
16622
18071
16623
18072
16624
18073
16625
18074
16626
18075
16627
18076
16628
18077
16629
18078
16630
18079
16631
18080
16632
18081
16633
18082
16634
18083
16635
18084
16636
18085
16637
18086
16638
18087
16639
18088
16640
18089
16641
18090
16642
18091
16643
18092
16644
18093
16645
18094
16646
18095
16647
18096
16648
18097
16649
18098
18099
16651
16795
18100
16652
16796
18101
16653
16797
18102
16654
16798
18103
16655
16799
18104
16656
16800
18105
16657
16801
18106
16658
16802
18107
16659
16803
18108
16660
16804
18109
16661
16805
18110
16662
16806
18111
16663
16807
18112
16664
16808
18113
16665
16809
18114
16666
16810
18115
16667
16811
18116
16668
16812
18117
16669
16813
18118
16670
16814
18119
16671
16815
18120
16672
16816
18121
16673
16817
18122
16674
16818
18123
16675
16819
18124
16676
16820
18125
16677
16821
18126
16678
16822
18127
16679
16823
18128
16680
16824
18129
16681
16825
18130
16682
16826
18131
16683
16827
18132
16684
16828
18133
16685
16829
18134
16686
16830
18135
16687
16831
18136
16688
16832
18137
16689
16833
18138
16690
16834
18139
16691
16835
18140
16692
16836
18141
16693
16837
18142
16694
16838
18143
16695
16839
18144
16696
16840
18145
16697
16841
18146
16698
16842
18147
16699
16843
18148
16700
16844
18149
16701
16845
18150
16702
16846
18151
16703
16847
18152
16704
16848
18153
16705
16849
18154
16706
16850
18155
16707
16851
18156
16708
16852
18157
16709
16853
18158
16710
16854
18159
16711
16855
18160
16712
16856
18161
16713
16857
18162
16714
16858
18163
16715
16859
18164
16716
16860
18165
16717
16861
18166
16718
16862
18167
16719
16863
18168
16720
16864
18169
16721
16865
18170
16722
16866
18171
16723
16867
18172
16724
16868
18173
16725
16869
18174
16726
16870
18175
16727
16871
18176
16728
16872
18177
16729
16873
18178
16730
16874
18179
16731
16875
18180
16732
16876
18181
16733
16877
18182
16734
16878
18183
16735
16879
18184
16736
16880
18185
16737
16881
18186
16738
16882
18187
16739
16883
18188
16740
16884
18189
16741
16885
18190
16742
16886
18191
16743
16887
18192
16744
16888
18193
16745
16889
18194
16746
16890
18195
16747
16891
18196
16748
16892
18197
16749
16893
18198
16750
16894
18199
16751
16895
18200
16752
16896
18201
16753
16897
18202
16754
16898
18203
16755
16899
18204
16756
16900
18205
16757
16901
18206
16758
16902
18207
16759
16903
18208
16760
16904
18209
16761
16905
18210
16762
16906
18211
16763
16907
18212
16764
16908
18213
16765
16909
18214
16766
16910
18215
16767
16911
18216
16768
16912
18217
16769
16913
18218
16770
16914
18219
16771
16915
18220
16772
16916
18221
16773
16917
18222
16774
16918
18223
16775
16919
18224
16776
16920
18225
16777
16921
18226
16778
16922
18227
16779
16923
18228
16780
16924
18229
16781
16925
18230
16782
16926
18231
16783
16927
18232
16784
16928
18233
16785
16929
18234
16786
16930
18235
16787
16931
18236
16788
16932
18237
16789
16933
18238
16790
16934
18239
16791
16935
18240
16792
16936
18241
16793
16937
18242
16794
16938
18243
16939
18244
16796
16940
18245
16797
16941
18246
16798
16942
18247
16799
16943
18248
16800
16944
18249
16801
16945
18250
16802
16946
18251
16803
16947
18252
16804
16948
18253
16805
16949
18254
16806
16950
18255
16807
16951
18256
16808
16952
18257
16809
16953
18258
16810
16954
18259
16811
16955
18260
16812
16956
18261
16813
16957
18262
16814
16958
18263
16815
16959
18264
16816
16960
18265
16817
16961
18266
16818
16962
18267
16819
16963
18268
16820
16964
18269
16821
16965
18270
16822
16966
18271
16823
16967
18272
16824
16968
18273
16825
16969
18274
16826
16970
18275
16827
16971
18276
16828
16972
18277
16829
16973
18278
16830
16974
18279
16831
16975
18280
16832
16976
18281
16833
16977
18282
16834
16978
18283
16835
16979
18284
16836
16980
18285
16837
16981
18286
16838
16982
18287
16839
16983
18288
16840
16984
18289
16841
16985
18290
16842
16986
18291
16843
16987
18292
16844
16988
18293
16845
16989
18294
16846
16990
18295
16847
16991
18296
16848
16992
18297
16849
16993
18298
16850
16994
18299
16851
16995
18300
16852
16996
18301
16853
16997
18302
16854
16998
18303
16855
16999
18304
16856
17000
18305
16857
17001
18306
16858
17002
18307
16859
17003
18308
16860
17004
18309
16861
17005
18310
16862
17006
18311
16863
17007
18312
16864
17008
18313
16865
17009
18314
16866
17010
18315
16867
17011
18316
16868
17012
18317
16869
17013
18318
16870
17014
18319
16871
17015
18320
16872
17016
18321
16873
17017
18322
16874
17018
18323
16875
17019
18324
16876
17020
18325
16877
17021
18326
16878
17022
18327
16879
17023
18328
16880
17024
18329
16881
17025
18330
16882
17026
18331
16883
17027
18332
16884
17028
18333
16885
17029
18334
16886
17030
18335
16887
17031
18336
16888
17032
18337
16889
17033
18338
16890
17034
18339
16891
17035
18340
16892
17036
18341
16893
17037
18342
16894
17038
18343
16895
17039
18344
16896
17040
18345
16897
17041
18346
16898
17042
18347
16899
17043
18348
16900
17044
18349
16901
17045
18350
16902
17046
18351
16903
17047
18352
16904
17048
18353
16905
17049
18354
16906
17050
18355
16907
17051
18356
16908
17052
18357
16909
17053
18358
16910
17054
18359
16911
17055
18360
16912
17056
18361
16913
17057
18362
16914
17058
18363
16915
17059
18364
16916
17060
18365
16917
17061
18366
16918
17062
18367
16919
17063
18368
16920
17064
18369
16921
17065
18370
16922
17066
18371
16923
17067
18372
16924
17068
18373
16925
17069
18374
16926
17070
18375
16927
17071
18376
16928
17072
18377
16929
17073
18378
16930
17074
18379
16931
17075
18380
16932
17076
18381
16933
17077
18382
16934
17078
18383
16935
17079
18384
16936
17080
18385
16937
17081
18386
16938
17082
18387
16939
17083
18388
17084
18389
16941
17085
18390
16942
17086
18391
16943
17087
18392
16944
17088
18393
16945
17089
18394
16946
17090
18395
16947
17091
18396
16948
17092
18397
16949
17093
18398
16950
17094
18399
16951
17095
18400
16952
17096
18401
16953
17097
18402
16954
17098
18403
16955
17099
18404
16956
17100
18405
16957
17101
18406
16958
17102
18407
16959
17103
18408
16960
17104
18409
16961
17105
18410
16962
17106
18411
16963
17107
18412
16964
17108
18413
16965
17109
18414
16966
17110
18415
16967
17111
18416
16968
17112
18417
16969
17113
18418
16970
17114
18419
16971
17115
18420
16972
17116
18421
16973
17117
18422
16974
17118
18423
16975
17119
18424
16976
17120
18425
16977
17121
18426
16978
17122
18427
16979
17123
18428
16980
17124
18429
16981
17125
18430
16982
17126
18431
16983
17127
18432
16984
17128
18433
16985
17129
18434
16986
17130
18435
16987
17131
18436
16988
17132
18437
16989
17133
18438
16990
17134
18439
16991
17135
18440
16992
17136
18441
16993
17137
18442
16994
17138
18443
16995
17139
18444
16996
17140
18445
16997
17141
18446
16998
17142
18447
16999
17143
18448
17000
17144
18449
17001
17145
18450
17002
17146
18451
17003
17147
18452
17004
17148
18453
17005
17149
18454
17006
17150
18455
17007
17151
18456
17008
17152
18457
17009
17153
18458
17010
17154
18459
17011
17155
18460
17012
17156
18461
17013
17157
18462
17014
17158
18463
17015
17159
18464
17016
17160
18465
17017
17161
18466
17018
17162
18467
17019
17163
18468
17020
17164
18469
17021
17165
18470
17022
17166
18471
17023
17167
18472
17024
17168
18473
17025
17169
18474
17026
17170
18475
17027
17171
18476
17028
17172
18477
17029
17173
18478
17030
17174
18479
17031
17175
18480
17032
17176
18481
17033
17177
18482
17034
17178
18483
17035
17179
18484
17036
17180
18485
17037
17181
18486
17038
17182
18487
17039
17183
18488
17040
17184
18489
17041
17185
18490
17042
17186
18491
17043
17187
18492
17044
17188
18493
17045
17189
18494
17046
17190
18495
17047
17191
18496
17048
17192
18497
17049
17193
18498
17050
17194
18499
17051
17195
18500
17052
17196
18501
17053
17197
18502
17054
17198
18503
17055
17199
18504
17056
17200
18505
17057
17201
18506
17058
17202
18507
17059
17203
18508
17060
17204
18509
17061
17205
18510
17062
17206
18511
17063
17207
18512
17064
17208
18513
17065
17209
18514
17066
17210
18515
17067
17211
18516
17068
17212
18517
17069
17213
18518
17070
17214
18519
17071
17215
18520
17072
17216
18521
17073
17217
18522
17074
17218
18523
17075
17219
18524
17076
17220
18525
17077
17221
18526
17078
17222
18527
17079
17223
18528
17080
17224
18529
17081
17225
18530
17082
17226
18531
17083
17227
18532
17084
17228
18533
17229
18534
17086
17230
18535
17087
17231
18536
17088
17232
18537
17089
17233
18538
17090
17234
18539
17091
17235
18540
17092
17236
18541
17093
17237
18542
17094
17238
18543
17095
17239
18544
17096
17240
18545
17097
17241
18546
17098
17242
18547
17099
17243
18548
17100
17244
18549
17101
17245
18550
17102
17246
18551
17103
17247
18552
17104
17248
18553
17105
17249
18554
17106
17250
18555
17107
17251
18556
17108
17252
18557
17109
17253
18558
17110
17254
18559
17111
17255
18560
17112
17256
18561
17113
17257
18562
17114
17258
18563
17115
17259
18564
17116
17260
18565
17117
17261
18566
17118
17262
18567
17119
17263
18568
17120
17264
18569
17121
17265
18570
17122
17266
18571
17123
17267
18572
17124
17268
18573
17125
17269
18574
17126
17270
18575
17127
17271
18576
17128
17272
18577
17129
17273
18578
17130
17274
18579
17131
17275
18580
17132
17276
18581
17133
17277
18582
17134
17278
18583
17135
17279
18584
17136
17280
18585
17137
17281
18586
17138
17282
18587
17139
17283
18588
17140
17284
18589
17141
17285
18590
17142
17286
18591
17143
17287
18592
17144
17288
18593
17145
17289
18594
17146
17290
18595
17147
17291
18596
17148
17292
18597
17149
17293
18598
17150
17294
18599
17151
17295
18600
17152
17296
18601
17153
17297
18602
17154
17298
18603
17155
17299
18604
17156
17300
18605
17157
17301
18606
17158
17302
18607
17159
17303
18608
17160
17304
18609
17161
17305
18610
17162
17306
18611
17163
17307
18612
17164
17308
18613
17165
17309
18614
17166
17310
18615
17167
17311
18616
17168
17312
18617
17169
17313
18618
17170
17314
18619
17171
17315
18620
17172
17316
18621
17173
17317
18622
17174
17318
18623
17175
17319
18624
17176
17320
18625
17177
17321
18626
17178
17322
18627
17179
17323
18628
17180
17324
18629
17181
17325
18630
17182
17326
18631
17183
17327
18632
17184
17328
18633
17185
17329
18634
17186
17330
18635
17187
17331
18636
17188
17332
18637
17189
17333
18638
17190
17334
18639
17191
17335
18640
17192
17336
18641
17193
17337
18642
17194
17338
18643
17195
17339
18644
17196
17340
18645
17197
17341
18646
17198
17342
18647
17199
17343
18648
17200
17344
18649
17201
17345
18650
17202
17346
18651
17203
17347
18652
17204
17348
18653
17205
17349
18654
17206
17350
18655
17207
17351
18656
17208
17352
18657
17209
17353
18658
17210
17354
18659
17211
17355
18660
17212
17356
18661
17213
17357
18662
17214
17358
18663
17215
17359
18664
17216
17360
18665
17217
17361
18666
17218
17362
18667
17219
17363
18668
17220
17364
18669
17221
17365
18670
17222
17366
18671
17223
17367
18672
17224
17368
18673
17225
17369
18674
17226
17370
18675
17227
17371
18676
17228
17372
18677
17229
17373
18678
17374
18679
17231
17375
18680
17232
17376
18681
17233
17377
18682
17234
17378
18683
17235
17379
18684
17236
17380
18685
17237
17381
18686
17238
17382
18687
17239
17383
18688
17240
17384
18689
17241
17385
18690
17242
17386
18691
17243
17387
18692
17244
17388
18693
17245
17389
18694
17246
17390
18695
17247
17391
18696
17248
17392
18697
17249
17393
18698
17250
17394
18699
17251
17395
18700
17252
17396
18701
17253
17397
18702
17254
17398
18703
17255
17399
18704
17256
17400
18705
17257
17401
18706
17258
17402
18707
17259
17403
18708
17260
17404
18709
17261
17405
18710
17262
17406
18711
17263
17407
18712
17264
17408
18713
17265
17409
18714
17266
17410
18715
17267
17411
18716
17268
17412
18717
17269
17413
18718
17270
17414
18719
17271
17415
18720
17272
17416
18721
17273
17417
18722
17274
17418
18723
17275
17419
18724
17276
17420
18725
17277
17421
18726
17278
17422
18727
17279
17423
18728
17280
17424
18729
17281
17425
18730
17282
17426
18731
17283
17427
18732
17284
17428
18733
17285
17429
18734
17286
17430
18735
17287
17431
18736
17288
17432
18737
17289
17433
18738
17290
17434
18739
17291
17435
18740
17292
17436
18741
17293
17437
18742
17294
17438
18743
17295
17439
18744
17296
17440
18745
17297
17441
18746
17298
17442
18747
17299
17443
18748
17300
17444
18749
17301
17445
18750
17302
17446
18751
17303
17447
18752
17304
17448
18753
17305
17449
18754
17306
17450
18755
17307
17451
18756
17308
17452
18757
17309
17453
18758
17310
17454
18759
17311
17455
18760
17312
17456
18761
17313
17457
18762
17314
17458
18763
17315
17459
18764
17316
17460
18765
17317
17461
18766
17318
17462
18767
17319
17463
18768
17320
17464
18769
17321
17465
18770
17322
17466
18771
17323
17467
18772
17324
17468
18773
17325
17469
18774
17326
17470
18775
17327
17471
18776
17328
17472
18777
17329
17473
18778
17330
17474
18779
17331
17475
18780
17332
17476
18781
17333
17477
18782
17334
17478
18783
17335
17479
18784
17336
17480
18785
17337
17481
18786
17338
17482
18787
17339
17483
18788
17340
17484
18789
17341
17485
18790
17342
17486
18791
17343
17487
18792
17344
17488
18793
17345
17489
18794
17346
17490
18795
17347
17491
18796
17348
17492
18797
17349
17493
18798
17350
17494
18799
17351
17495
18800
17352
17496
18801
17353
17497
18802
17354
17498
18803
17355
17499
18804
17356
17500
18805
17357
17501
18806
17358
17502
18807
17359
17503
18808
17360
17504
18809
17361
17505
18810
17362
17506
18811
17363
17507
18812
17364
17508
18813
17365
17509
18814
17366
17510
18815
17367
17511
18816
17368
17512
18817
17369
17513
18818
17370
17514
18819
17371
17515
18820
17372
17516
18821
17373
17517
18822
17374
17518
18823
17519
18824
17376
17520
18825
17377
17521
18826
17378
17522
18827
17379
17523
18828
17380
17524
18829
17381
17525
18830
17382
17526
18831
17383
17527
18832
17384
17528
18833
17385
17529
18834
17386
17530
18835
17387
17531
18836
17388
17532
18837
17389
17533
18838
17390
17534
18839
17391
17535
18840
17392
17536
18841
17393
17537
18842
17394
17538
18843
17395
17539
18844
17396
17540
18845
17397
17541
18846
17398
17542
18847
17399
17543
18848
17400
17544
18849
17401
17545
18850
17402
17546
18851
17403
17547
18852
17404
17548
18853
17405
17549
18854
17406
17550
18855
17407
17551
18856
17408
17552
18857
17409
17553
18858
17410
17554
18859
17411
17555
18860
17412
17556
18861
17413
17557
18862
17414
17558
18863
17415
17559
18864
17416
17560
18865
17417
17561
18866
17418
17562
18867
17419
17563
18868
17420
17564
18869
17421
17565
18870
17422
17566
18871
17423
17567
18872
17424
17568
18873
17425
17569
18874
17426
17570
18875
17427
17571
18876
17428
17572
18877
17429
17573
18878
17430
17574
18879
17431
17575
18880
17432
17576
18881
17433
17577
18882
17434
17578
18883
17435
17579
18884
17436
17580
18885
17437
17581
18886
17438
17582
18887
17439
17583
18888
17440
17584
18889
17441
17585
18890
17442
17586
18891
17443
17587
18892
17444
17588
18893
17445
17589
18894
17446
17590
18895
17447
17591
18896
17448
17592
18897
17449
17593
18898
17450
17594
18899
17451
17595
18900
17452
17596
18901
17453
17597
18902
17454
17598
18903
17455
17599
18904
17456
17600
18905
17457
17601
18906
17458
17602
18907
17459
17603
18908
17460
17604
18909
17461
17605
18910
17462
17606
18911
17463
17607
18912
17464
17608
18913
17465
17609
18914
17466
17610
18915
17467
17611
18916
17468
17612
18917
17469
17613
18918
17470
17614
18919
17471
17615
18920
17472
17616
18921
17473
17617
18922
17474
17618
18923
17475
17619
18924
17476
17620
18925
17477
17621
18926
17478
17622
18927
17479
17623
18928
17480
17624
18929
17481
17625
18930
17482
17626
18931
17483
17627
18932
17484
17628
18933
17485
17629
18934
17486
17630
18935
17487
17631
18936
17488
17632
18937
17489
17633
18938
17490
17634
18939
17491
17635
18940
17492
17636
18941
17493
17637
18942
17494
17638
18943
17495
17639
18944
17496
17640
18945
17497
17641
18946
17498
17642
18947
17499
17643
18948
17500
17644
18949
17501
17645
18950
17502
17646
18951
17503
17647
18952
17504
17648
18953
17505
17649
18954
17506
17650
18955
17507
17651
18956
17508
17652
18957
17509
17653
18958
17510
17654
18959
17511
17655
18960
17512
17656
18961
17513
17657
18962
17514
17658
18963
17515
17659
18964
17516
17660
18965
17517
17661
18966
17518
17662
18967
17519
17663
18968
17664
18969
17521
17665
18970
17522
17666
18971
17523
17667
18972
17524
17668
18973
17525
17669
18974
17526
17670
18975
17527
17671
18976
17528
17672
18977
17529
17673
18978
17530
17674
18979
17531
17675
18980
17532
17676
18981
17533
17677
18982
17534
17678
18983
17535
17679
18984
17536
17680
18985
17537
17681
18986
17538
17682
18987
17539
17683
18988
17540
17684
18989
17541
17685
18990
17542
17686
18991
17543
17687
18992
17544
17688
18993
17545
17689
18994
17546
17690
18995
17547
17691
18996
17548
17692
18997
17549
17693
18998
17550
17694
18999
17551
17695
19000
17552
17696
19001
17553
17697
19002
17554
17698
19003
17555
17699
19004
17556
17700
19005
17557
17701
19006
17558
17702
19007
17559
17703
19008
17560
17704
19009
17561
17705
19010
17562
17706
19011
17563
17707
19012
17564
17708
19013
17565
17709
19014
17566
17710
19015
17567
17711
19016
17568
17712
19017
17569
17713
19018
17570
17714
19019
17571
17715
19020
17572
17716
19021
17573
17717
19022
17574
17718
19023
17575
17719
19024
17576
17720
19025
17577
17721
19026
17578
17722
19027
17579
17723
19028
17580
17724
19029
17581
17725
19030
17582
17726
19031
17583
17727
19032
17584
17728
19033
17585
17729
19034
17586
17730
19035
17587
17731
19036
17588
17732
19037
17589
17733
19038
17590
17734
19039
17591
17735
19040
17592
17736
19041
17593
17737
19042
17594
17738
19043
17595
17739
19044
17596
17740
19045
17597
17741
19046
17598
17742
19047
17599
17743
19048
17600
17744
19049
17601
17745
19050
17602
17746
19051
17603
17747
19052
17604
17748
19053
17605
17749
19054
17606
17750
19055
17607
17751
19056
17608
17752
19057
17609
17753
19058
17610
17754
19059
17611
17755
19060
17612
17756
19061
17613
17757
19062
17614
17758
19063
17615
17759
19064
17616
17760
19065
17617
17761
19066
17618
17762
19067
17619
17763
19068
17620
17764
19069
17621
17765
19070
17622
17766
19071
17623
17767
19072
17624
17768
19073
17625
17769
19074
17626
17770
19075
17627
17771
19076
17628
17772
19077
17629
17773
19078
17630
17774
19079
17631
17775
19080
17632
17776
19081
17633
17777
19082
17634
17778
19083
17635
17779
19084
17636
17780
19085
17637
17781
19086
17638
17782
19087
17639
17783
19088
17640
17784
19089
17641
17785
19090
17642
17786
19091
17643
17787
19092
17644
17788
19093
17645
17789
19094
17646
17790
19095
17647
17791
19096
17648
17792
19097
17649
17793
19098
17650
17794
19099
17651
17795
19100
17652
17796
19101
17653
17797
19102
17654
17798
19103
17655
17799
19104
17656
17800
19105
17657
17801
19106
17658
17802
19107
17659
17803
19108
17660
17804
19109
17661
17805
19110
17662
17806
19111
17663
17807
19112
17664
17808
19113
17809
19114
17666
17810
19115
17667
17811
19116
17668
17812
19117
17669
17813
19118
17670
17814
19119
17671
17815
19120
17672
17816
19121
17673
17817
19122
17674
17818
19123
17675
17819
19124
17676
17820
19125
17677
17821
19126
17678
17822
19127
17679
17823
19128
17680
17824
19129
17681
17825
19130
17682
17826
19131
17683
17827
19132
17684
17828
19133
17685
17829
19134
17686
17830
19135
17687
17831
19136
17688
17832
19137
17689
17833
19138
17690
17834
19139
17691
17835
19140
17692
17836
19141
17693
17837
19142
17694
17838
19143
17695
17839
19144
17696
17840
19145
17697
17841
19146
17698
17842
19147
17699
17843
19148
17700
17844
19149
17701
17845
19150
17702
17846
19151
17703
17847
19152
17704
17848
19153
17705
17849
19154
17706
17850
19155
17707
17851
19156
17708
17852
19157
17709
17853
19158
17710
17854
19159
17711
17855
19160
17712
17856
19161
17713
17857
19162
17714
17858
19163
17715
17859
19164
17716
17860
19165
17717
17861
19166
17718
17862
19167
17719
17863
19168
17720
17864
19169
17721
17865
19170
17722
17866
19171
17723
17867
19172
17724
17868
19173
17725
17869
19174
17726
17870
19175
17727
17871
19176
17728
17872
19177
17729
17873
19178
17730
17874
19179
17731
17875
19180
17732
17876
19181
17733
17877
19182
17734
17878
19183
17735
17879
19184
17736
17880
19185
17737
17881
19186
17738
17882
19187
17739
17883
19188
17740
17884
19189
17741
17885
19190
17742
17886
19191
17743
17887
19192
17744
17888
19193
17745
17889
19194
17746
17890
19195
17747
17891
19196
17748
17892
19197
17749
17893
19198
17750
17894
19199
17751
17895
19200
17752
17896
19201
17753
17897
19202
17754
17898
19203
17755
17899
19204
17756
17900
19205
17757
17901
19206
17758
17902
19207
17759
17903
19208
17760
17904
19209
17761
17905
19210
17762
17906
19211
17763
17907
19212
17764
17908
19213
17765
17909
19214
17766
17910
19215
17767
17911
19216
17768
17912
19217
17769
17913
19218
17770
17914
19219
17771
17915
19220
17772
17916
19221
17773
17917
19222
17774
17918
19223
17775
17919
19224
17776
17920
19225
17777
17921
19226
17778
17922
19227
17779
17923
19228
17780
17924
19229
17781
17925
19230
17782
17926
19231
17783
17927
19232
17784
17928
19233
17785
17929
19234
17786
17930
19235
17787
17931
19236
17788
17932
19237
17789
17933
19238
17790
17934
19239
17791
17935
19240
17792
17936
19241
17793
17937
19242
17794
17938
19243
17795
17939
19244
17796
17940
19245
17797
17941
19246
17798
17942
19247
17799
17943
19248
17800
17944
19249
17801
17945
19250
17802
17946
19251
17803
17947
19252
17804
17948
19253
17805
17949
19254
17806
17950
19255
17807
17951
19256
17808
17952
19257
17809
17953
19258
17954
19259
17811
17955
19260
17812
17956
19261
17813
17957
19262
17814
17958
19263
17815
17959
19264
17816
17960
19265
17817
17961
19266
17818
17962
19267
17819
17963
19268
17820
17964
19269
17821
17965
19270
17822
17966
19271
17823
17967
19272
17824
17968
19273
17825
17969
19274
17826
17970
19275
17827
17971
19276
17828
17972
19277
17829
17973
19278
17830
17974
19279
17831
17975
19280
17832
17976
19281
17833
17977
19282
17834
17978
19283
17835
17979
19284
17836
17980
19285
17837
17981
19286
17838
17982
19287
17839
17983
19288
17840
17984
19289
17841
17985
19290
17842
17986
19291
17843
17987
19292
17844
17988
19293
17845
17989
19294
17846
17990
19295
17847
17991
19296
17848
17992
19297
17849
17993
19298
17850
17994
19299
17851
17995
19300
17852
17996
19301
17853
17997
19302
17854
17998
19303
17855
17999
19304
17856
18000
19305
17857
18001
19306
17858
18002
19307
17859
18003
19308
17860
18004
19309
17861
18005
19310
17862
18006
19311
17863
18007
19312
17864
18008
19313
17865
18009
19314
17866
18010
19315
17867
18011
19316
17868
18012
19317
17869
18013
19318
17870
18014
19319
17871
18015
19320
17872
18016
19321
17873
18017
19322
17874
18018
19323
17875
18019
19324
17876
18020
19325
17877
18021
19326
17878
18022
19327
17879
18023
19328
17880
18024
19329
17881
18025
19330
17882
18026
19331
17883
18027
19332
17884
18028
19333
17885
18029
19334
17886
18030
19335
17887
18031
19336
17888
18032
19337
17889
18033
19338
17890
18034
19339
17891
18035
19340
17892
18036
19341
17893
18037
19342
17894
18038
19343
17895
18039
19344
17896
18040
19345
17897
18041
19346
17898
18042
19347
17899
18043
19348
17900
18044
19349
17901
18045
19350
17902
18046
19351
17903
18047
19352
17904
18048
19353
17905
18049
19354
17906
18050
19355
17907
18051
19356
17908
18052
19357
17909
18053
19358
17910
18054
19359
17911
18055
19360
17912
18056
19361
17913
18057
19362
17914
18058
19363
17915
18059
19364
17916
18060
19365
17917
18061
19366
17918
18062
19367
17919
18063
19368
17920
18064
19369
17921
18065
19370
17922
18066
19371
17923
18067
19372
17924
18068
19373
17925
18069
19374
17926
18070
19375
17927
18071
19376
17928
18072
19377
17929
18073
19378
17930
18074
19379
17931
18075
19380
17932
18076
19381
17933
18077
19382
17934
18078
19383
17935
18079
19384
17936
18080
19385
17937
18081
19386
17938
18082
19387
17939
18083
19388
17940
18084
19389
17941
18085
19390
17942
18086
19391
17943
18087
19392
17944
18088
19393
17945
18089
19394
17946
18090
19395
17947
18091
19396
17948
18092
19397
17949
18093
19398
17950
18094
19399
17951
18095
19400
17952
18096
19401
17953
18097
19402
17954
18098
19403
18099
19404
17956
19405
17957
19406
17958
19407
17959
19408
17960
19409
17961
19410
17962
19411
17963
19412
17964
19413
17965
19414
17966
19415
17967
19416
17968
19417
17969
19418
17970
19419
17971
19420
17972
19421
17973
19422
17974
19423
17975
19424
17976
19425
17977
19426
17978
19427
17979
19428
17980
19429
17981
19430
17982
19431
17983
19432
17984
19433
17985
19434
17986
19435
17987
19436
17988
19437
17989
19438
17990
19439
17991
19440
17992
19441
17993
19442
17994
19443
17995
19444
17996
19445
17997
19446
17998
19447
17999
19448
18000
19449
18001
19450
18002
19451
18003
19452
18004
19453
18005
19454
18006
19455
18007
19456
18008
19457
18009
19458
18010
19459
18011
19460
18012
19461
18013
19462
18014
19463
18015
19464
18016
19465
18017
19466
18018
19467
18019
19468
18020
19469
18021
19470
18022
19471
18023
19472
18024
19473
18025
19474
18026
19475
18027
19476
18028
19477
18029
19478
18030
19479
18031
19480
18032
19481
18033
19482
18034
19483
18035
19484
18036
19485
18037
19486
18038
19487
18039
19488
18040
19489
18041
19490
18042
19491
18043
19492
18044
19493
18045
19494
18046
19495
18047
19496
18048
19497
18049
19498
18050
19499
18051
19500
18052
19501
18053
19502
18054
19503
18055
19504
18056
19505
18057
19506
18058
19507
18059
19508
18060
19509
18061
19510
18062
19511
18063
19512
18064
19513
18065
19514
18066
19515
18067
19516
18068
19517
18069
19518
18070
19519
18071
19520
18072
19521
18073
19522
18074
19523
18075
19524
18076
19525
18077
19526
18078
19527
18079
19528
18080
19529
18081
19530
18082
19531
18083
19532
18084
19533
18085
19534
18086
19535
18087
19536
18088
19537
18089
19538
18090
19539
18091
19540
18092
19541
18093
19542
18094
19543
18095
19544
18096
19545
18097
19546
18098
19547
18099
19548
19549
18101
18245
19550
18102
18246
19551
18103
18247
19552
18104
18248
19553
18105
18249
19554
18106
18250
19555
18107
18251
19556
18108
18252
19557
18109
18253
19558
18110
18254
19559
18111
18255
19560
18112
18256
19561
18113
18257
19562
18114
18258
19563
18115
18259
19564
18116
18260
19565
18117
18261
19566
18118
18262
19567
18119
18263
19568
18120
18264
19569
18121
18265
19570
18122
18266
19571
18123
18267
19572
18124
18268
19573
18125
18269
19574
18126
18270
19575
18127
18271
19576
18128
18272
19577
18129
18273
19578
18130
18274
19579
18131
18275
19580
18132
18276
19581
18133
18277
19582
18134
18278
19583
18135
18279
19584
18136
18280
19585
18137
18281
19586
18138
18282
19587
18139
18283
19588
18140
18284
19589
18141
18285
19590
18142
18286
19591
18143
18287
19592
18144
18288
19593
18145
18289
19594
18146
18290
19595
18147
18291
19596
18148
18292
19597
18149
18293
19598
18150
18294
19599
18151
18295
19600
18152
18296
19601
18153
18297
19602
18154
18298
19603
18155
18299
19604
18156
18300
19605
18157
18301
19606
18158
18302
19607
18159
18303
19608
18160
18304
19609
18161
18305
19610
18162
18306
19611
18163
18307
19612
18164
18308
19613
18165
18309
19614
18166
18310
19615
18167
18311
19616
18168
18312
19617
18169
18313
19618
18170
18314
19619
18171
18315
19620
18172
18316
19621
18173
18317
19622
18174
18318
19623
18175
18319
19624
18176
18320
19625
18177
18321
19626
18178
18322
19627
18179
18323
19628
18180
18324
19629
18181
18325
19630
18182
18326
19631
18183
18327
19632
18184
18328
19633
18185
18329
19634
18186
18330
19635
18187
18331
19636
18188
18332
19637
18189
18333
19638
18190
18334
19639
18191
18335
19640
18192
18336
19641
18193
18337
19642
18194
18338
19643
18195
18339
19644
18196
18340
19645
18197
18341
19646
18198
18342
19647
18199
18343
19648
18200
18344
19649
18201
18345
19650
18202
18346
19651
18203
18347
19652
18204
18348
19653
18205
18349
19654
18206
18350
19655
18207
18351
19656
18208
18352
19657
18209
18353
19658
18210
18354
19659
18211
18355
19660
18212
18356
19661
18213
18357
19662
18214
18358
19663
18215
18359
19664
18216
18360
19665
18217
18361
19666
18218
18362
19667
18219
18363
19668
18220
18364
19669
18221
18365
19670
18222
18366
19671
18223
18367
19672
18224
18368
19673
18225
18369
19674
18226
18370
19675
18227
18371
19676
18228
18372
19677
18229
18373
19678
18230
18374
19679
18231
18375
19680
18232
18376
19681
18233
18377
19682
18234
18378
19683
18235
18379
19684
18236
18380
19685
18237
18381
19686
18238
18382
19687
18239
18383
19688
18240
18384
19689
18241
18385
19690
18242
18386
19691
18243
18387
19692
18244
18388
19693
18389
19694
18246
18390
19695
18247
18391
19696
18248
18392
19697
18249
18393
19698
18250
18394
19699
18251
18395
19700
18252
18396
19701
18253
18397
19702
18254
18398
19703
18255
18399
19704
18256
18400
19705
18257
18401
19706
18258
18402
19707
18259
18403
19708
18260
18404
19709
18261
18405
19710
18262
18406
19711
18263
18407
19712
18264
18408
19713
18265
18409
19714
18266
18410
19715
18267
18411
19716
18268
18412
19717
18269
18413
19718
18270
18414
19719
18271
18415
19720
18272
18416
19721
18273
18417
19722
18274
18418
19723
18275
18419
19724
18276
18420
19725
18277
18421
19726
18278
18422
19727
18279
18423
19728
18280
18424
19729
18281
18425
19730
18282
18426
19731
18283
18427
19732
18284
18428
19733
18285
18429
19734
18286
18430
19735
18287
18431
19736
18288
18432
19737
18289
18433
19738
18290
18434
19739
18291
18435
19740
18292
18436
19741
18293
18437
19742
18294
18438
19743
18295
18439
19744
18296
18440
19745
18297
18441
19746
18298
18442
19747
18299
18443
19748
18300
18444
19749
18301
18445
19750
18302
18446
19751
18303
18447
19752
18304
18448
19753
18305
18449
19754
18306
18450
19755
18307
18451
19756
18308
18452
19757
18309
18453
19758
18310
18454
19759
18311
18455
19760
18312
18456
19761
18313
18457
19762
18314
18458
19763
18315
18459
19764
18316
18460
19765
18317
18461
19766
18318
18462
19767
18319
18463
19768
18320
18464
19769
18321
18465
19770
18322
18466
19771
18323
18467
19772
18324
18468
19773
18325
18469
19774
18326
18470
19775
18327
18471
19776
18328
18472
19777
18329
18473
19778
18330
18474
19779
18331
18475
19780
18332
18476
19781
18333
18477
19782
18334
18478
19783
18335
18479
19784
18336
18480
19785
18337
18481
19786
18338
18482
19787
18339
18483
19788
18340
18484
19789
18341
18485
19790
18342
18486
19791
18343
18487
19792
18344
18488
19793
18345
18489
19794
18346
18490
19795
18347
18491
19796
18348
18492
19797
18349
18493
19798
18350
18494
19799
18351
18495
19800
18352
18496
19801
18353
18497
19802
18354
18498
19803
18355
18499
19804
18356
18500
19805
18357
18501
19806
18358
18502
19807
18359
18503
19808
18360
18504
19809
18361
18505
19810
18362
18506
19811
18363
18507
19812
18364
18508
19813
18365
18509
19814
18366
18510
19815
18367
18511
19816
18368
18512
19817
18369
18513
19818
18370
18514
19819
18371
18515
19820
18372
18516
19821
18373
18517
19822
18374
18518
19823
18375
18519
19824
18376
18520
19825
18377
18521
19826
18378
18522
19827
18379
18523
19828
18380
18524
19829
18381
18525
19830
18382
18526
19831
18383
18527
19832
18384
18528
19833
18385
18529
19834
18386
18530
19835
18387
18531
19836
18388
18532
19837
18389
18533
19838
18534
19839
18391
18535
19840
18392
18536
19841
18393
18537
19842
18394
18538
19843
18395
18539
19844
18396
18540
19845
18397
18541
19846
18398
18542
19847
18399
18543
19848
18400
18544
19849
18401
18545
19850
18402
18546
19851
18403
18547
19852
18404
18548
19853
18405
18549
19854
18406
18550
19855
18407
18551
19856
18408
18552
19857
18409
18553
19858
18410
18554
19859
18411
18555
19860
18412
18556
19861
18413
18557
19862
18414
18558
19863
18415
18559
19864
18416
18560
19865
18417
18561
19866
18418
18562
19867
18419
18563
19868
18420
18564
19869
18421
18565
19870
18422
18566
19871
18423
18567
19872
18424
18568
19873
18425
18569
19874
18426
18570
19875
18427
18571
19876
18428
18572
19877
18429
18573
19878
18430
18574
19879
18431
18575
19880
18432
18576
19881
18433
18577
19882
18434
18578
19883
18435
18579
19884
18436
18580
19885
18437
18581
19886
18438
18582
19887
18439
18583
19888
18440
18584
19889
18441
18585
19890
18442
18586
19891
18443
18587
19892
18444
18588
19893
18445
18589
19894
18446
18590
19895
18447
18591
19896
18448
18592
19897
18449
18593
19898
18450
18594
19899
18451
18595
19900
18452
18596
19901
18453
18597
19902
18454
18598
19903
18455
18599
19904
18456
18600
19905
18457
18601
19906
18458
18602
19907
18459
18603
19908
18460
18604
19909
18461
18605
19910
18462
18606
19911
18463
18607
19912
18464
18608
19913
18465
18609
19914
18466
18610
19915
18467
18611
19916
18468
18612
19917
18469
18613
19918
18470
18614
19919
18471
18615
19920
18472
18616
19921
18473
18617
19922
18474
18618
19923
18475
18619
19924
18476
18620
19925
18477
18621
19926
18478
18622
19927
18479
18623
19928
18480
18624
19929
18481
18625
19930
18482
18626
19931
18483
18627
19932
18484
18628
19933
18485
18629
19934
18486
18630
19935
18487
18631
19936
18488
18632
19937
18489
18633
19938
18490
18634
19939
18491
18635
19940
18492
18636
19941
18493
18637
19942
18494
18638
19943
18495
18639
19944
18496
18640
19945
18497
18641
19946
18498
18642
19947
18499
18643
19948
18500
18644
19949
18501
18645
19950
18502
18646
19951
18503
18647
19952
18504
18648
19953
18505
18649
19954
18506
18650
19955
18507
18651
19956
18508
18652
19957
18509
18653
19958
18510
18654
19959
18511
18655
19960
18512
18656
19961
18513
18657
19962
18514
18658
19963
18515
18659
19964
18516
18660
19965
18517
18661
19966
18518
18662
19967
18519
18663
19968
18520
18664
19969
18521
18665
19970
18522
18666
19971
18523
18667
19972
18524
18668
19973
18525
18669
19974
18526
18670
19975
18527
18671
19976
18528
18672
19977
18529
18673
19978
18530
18674
19979
18531
18675
19980
18532
18676
19981
18533
18677
19982
18534
18678
19983
18679
19984
18536
18680
19985
18537
18681
19986
18538
18682
19987
18539
18683
19988
18540
18684
19989
18541
18685
19990
18542
18686
19991
18543
18687
19992
18544
18688
19993
18545
18689
19994
18546
18690
19995
18547
18691
19996
18548
18692
19997
18549
18693
19998
18550
18694
19999
18551
18695
20000
18552
18696
20001
18553
18697
20002
18554
18698
20003
18555
18699
20004
18556
18700
20005
18557
18701
20006
18558
18702
20007
18559
18703
20008
18560
18704
20009
18561
18705
20010
18562
18706
20011
18563
18707
20012
18564
18708
20013
18565
18709
20014
18566
18710
20015
18567
18711
20016
18568
18712
20017
18569
18713
20018
18570
18714
20019
18571
18715
20020
18572
18716
20021
18573
18717
20022
18574
18718
20023
18575
18719
20024
18576
18720
20025
18577
18721
20026
18578
18722
20027
18579
18723
20028
18580
18724
20029
18581
18725
20030
18582
18726
20031
18583
18727
20032
18584
18728
20033
18585
18729
20034
18586
18730
20035
18587
18731
20036
18588
18732
20037
18589
18733
20038
18590
18734
20039
18591
18735
20040
18592
18736
20041
18593
18737
20042
18594
18738
20043
18595
18739
20044
18596
18740
20045
18597
18741
20046
18598
18742
20047
18599
18743
20048
18600
18744
20049
18601
18745
20050
18602
18746
20051
18603
18747
20052
18604
18748
20053
18605
18749
20054
18606
18750
20055
18607
18751
20056
18608
18752
20057
18609
18753
20058
18610
18754
20059
18611
18755
20060
18612
18756
20061
18613
18757
20062
18614
18758
20063
18615
18759
20064
18616
18760
20065
18617
18761
20066
18618
18762
20067
18619
18763
20068
18620
18764
20069
18621
18765
20070
18622
18766
20071
18623
18767
20072
18624
18768
20073
18625
18769
20074
18626
18770
20075
18627
18771
20076
18628
18772
20077
18629
18773
20078
18630
18774
20079
18631
18775
20080
18632
18776
20081
18633
18777
20082
18634
18778
20083
18635
18779
20084
18636
18780
20085
18637
18781
20086
18638
18782
20087
18639
18783
20088
18640
18784
20089
18641
18785
20090
18642
18786
20091
18643
18787
20092
18644
18788
20093
18645
18789
20094
18646
18790
20095
18647
18791
20096
18648
18792
20097
18649
18793
20098
18650
18794
20099
18651
18795
20100
18652
18796
20101
18653
18797
20102
18654
18798
20103
18655
18799
20104
18656
18800
20105
18657
18801
20106
18658
18802
20107
18659
18803
20108
18660
18804
20109
18661
18805
20110
18662
18806
20111
18663
18807
20112
18664
18808
20113
18665
18809
20114
18666
18810
20115
18667
18811
20116
18668
18812
20117
18669
18813
20118
18670
18814
20119
18671
18815
20120
18672
18816
20121
18673
18817
20122
18674
18818
20123
18675
18819
20124
18676
18820
20125
18677
18821
20126
18678
18822
20127
18679
18823
20128
18824
20129
18681
18825
20130
18682
18826
20131
18683
18827
20132
18684
18828
20133
18685
18829
20134
18686
18830
20135
18687
18831
20136
18688
18832
20137
18689
18833
20138
18690
18834
20139
18691
18835
20140
18692
18836
20141
18693
18837
20142
18694
18838
20143
18695
18839
20144
18696
18840
20145
18697
18841
20146
18698
18842
20147
18699
18843
20148
18700
18844
20149
18701
18845
20150
18702
18846
20151
18703
18847
20152
18704
18848
20153
18705
18849
20154
18706
18850
20155
18707
18851
20156
18708
18852
20157
18709
18853
20158
18710
18854
20159
18711
18855
20160
18712
18856
20161
18713
18857
20162
18714
18858
20163
18715
18859
20164
18716
18860
20165
18717
18861
20166
18718
18862
20167
18719
18863
20168
18720
18864
20169
18721
18865
20170
18722
18866
20171
18723
18867
20172
18724
18868
20173
18725
18869
20174
18726
18870
20175
18727
18871
20176
18728
18872
20177
18729
18873
20178
18730
18874
20179
18731
18875
20180
18732
18876
20181
18733
18877
20182
18734
18878
20183
18735
18879
20184
18736
18880
20185
18737
18881
20186
18738
18882
20187
18739
18883
20188
18740
18884
20189
18741
18885
20190
18742
18886
20191
18743
18887
20192
18744
18888
20193
18745
18889
20194
18746
18890
20195
18747
18891
20196
18748
18892
20197
18749
18893
20198
18750
18894
20199
18751
18895
20200
18752
18896
20201
18753
18897
20202
18754
18898
20203
18755
18899
20204
18756
18900
20205
18757
18901
20206
18758
18902
20207
18759
18903
20208
18760
18904
20209
18761
18905
20210
18762
18906
20211
18763
18907
20212
18764
18908
20213
18765
18909
20214
18766
18910
20215
18767
18911
20216
18768
18912
20217
18769
18913
20218
18770
18914
20219
18771
18915
20220
18772
18916
20221
18773
18917
20222
18774
18918
20223
18775
18919
20224
18776
18920
20225
18777
18921
20226
18778
18922
20227
18779
18923
20228
18780
18924
20229
18781
18925
20230
18782
18926
20231
18783
18927
20232
18784
18928
20233
18785
18929
20234
18786
18930
20235
18787
18931
20236
18788
18932
20237
18789
18933
20238
18790
18934
20239
18791
18935
20240
18792
18936
20241
18793
18937
20242
18794
18938
20243
18795
18939
20244
18796
18940
20245
18797
18941
20246
18798
18942
20247
18799
18943
20248
18800
18944
20249
18801
18945
20250
18802
18946
20251
18803
18947
20252
18804
18948
20253
18805
18949
20254
18806
18950
20255
18807
18951
20256
18808
18952
20257
18809
18953
20258
18810
18954
20259
18811
18955
20260
18812
18956
20261
18813
18957
20262
18814
18958
20263
18815
18959
20264
18816
18960
20265
18817
18961
20266
18818
18962
20267
18819
18963
20268
18820
18964
20269
18821
18965
20270
18822
18966
20271
18823
18967
20272
18824
18968
20273
18969
20274
18826
18970
20275
18827
18971
20276
18828
18972
20277
18829
18973
20278
18830
18974
20279
18831
18975
20280
18832
18976
20281
18833
18977
20282
18834
18978
20283
18835
18979
20284
18836
18980
20285
18837
18981
20286
18838
18982
20287
18839
18983
20288
18840
18984
20289
18841
18985
20290
18842
18986
20291
18843
18987
20292
18844
18988
20293
18845
18989
20294
18846
18990
20295
18847
18991
20296
18848
18992
20297
18849
18993
20298
18850
18994
20299
18851
18995
20300
18852
18996
20301
18853
18997
20302
18854
18998
20303
18855
18999
20304
18856
19000
20305
18857
19001
20306
18858
19002
20307
18859
19003
20308
18860
19004
20309
18861
19005
20310
18862
19006
20311
18863
19007
20312
18864
19008
20313
18865
19009
20314
18866
19010
20315
18867
19011
20316
18868
19012
20317
18869
19013
20318
18870
19014
20319
18871
19015
20320
18872
19016
20321
18873
19017
20322
18874
19018
20323
18875
19019
20324
18876
19020
20325
18877
19021
20326
18878
19022
20327
18879
19023
20328
18880
19024
20329
18881
19025
20330
18882
19026
20331
18883
19027
20332
18884
19028
20333
18885
19029
20334
18886
19030
20335
18887
19031
20336
18888
19032
20337
18889
19033
20338
18890
19034
20339
18891
19035
20340
18892
19036
20341
18893
19037
20342
18894
19038
20343
18895
19039
20344
18896
19040
20345
18897
19041
20346
18898
19042
20347
18899
19043
20348
18900
19044
20349
18901
19045
20350
18902
19046
20351
18903
19047
20352
18904
19048
20353
18905
19049
20354
18906
19050
20355
18907
19051
20356
18908
19052
20357
18909
19053
20358
18910
19054
20359
18911
19055
20360
18912
19056
20361
18913
19057
20362
18914
19058
20363
18915
19059
20364
18916
19060
20365
18917
19061
20366
18918
19062
20367
18919
19063
20368
18920
19064
20369
18921
19065
20370
18922
19066
20371
18923
19067
20372
18924
19068
20373
18925
19069
20374
18926
19070
20375
18927
19071
20376
18928
19072
20377
18929
19073
20378
18930
19074
20379
18931
19075
20380
18932
19076
20381
18933
19077
20382
18934
19078
20383
18935
19079
20384
18936
19080
20385
18937
19081
20386
18938
19082
20387
18939
19083
20388
18940
19084
20389
18941
19085
20390
18942
19086
20391
18943
19087
20392
18944
19088
20393
18945
19089
20394
18946
19090
20395
18947
19091
20396
18948
19092
20397
18949
19093
20398
18950
19094
20399
18951
19095
20400
18952
19096
20401
18953
19097
20402
18954
19098
20403
18955
19099
20404
18956
19100
20405
18957
19101
20406
18958
19102
20407
18959
19103
20408
18960
19104
20409
18961
19105
20410
18962
19106
20411
18963
19107
20412
18964
19108
20413
18965
19109
20414
18966
19110
20415
18967
19111
20416
18968
19112
20417
18969
19113
20418
19114
20419
18971
19115
20420
18972
19116
20421
18973
19117
20422
18974
19118
20423
18975
19119
20424
18976
19120
20425
18977
19121
20426
18978
19122
20427
18979
19123
20428
18980
19124
20429
18981
19125
20430
18982
19126
20431
18983
19127
20432
18984
19128
20433
18985
19129
20434
18986
19130
20435
18987
19131
20436
18988
19132
20437
18989
19133
20438
18990
19134
20439
18991
19135
20440
18992
19136
20441
18993
19137
20442
18994
19138
20443
18995
19139
20444
18996
19140
20445
18997
19141
20446
18998
19142
20447
18999
19143
20448
19000
19144
20449
19001
19145
20450
19002
19146
20451
19003
19147
20452
19004
19148
20453
19005
19149
20454
19006
19150
20455
19007
19151
20456
19008
19152
20457
19009
19153
20458
19010
19154
20459
19011
19155
20460
19012
19156
20461
19013
19157
20462
19014
19158
20463
19015
19159
20464
19016
19160
20465
19017
19161
20466
19018
19162
20467
19019
19163
20468
19020
19164
20469
19021
19165
20470
19022
19166
20471
19023
19167
20472
19024
19168
20473
19025
19169
20474
19026
19170
20475
19027
19171
20476
19028
19172
20477
19029
19173
20478
19030
19174
20479
19031
19175
20480
19032
19176
20481
19033
19177
20482
19034
19178
20483
19035
19179
20484
19036
19180
20485
19037
19181
20486
19038
19182
20487
19039
19183
20488
19040
19184
20489
19041
19185
20490
19042
19186
20491
19043
19187
20492
19044
19188
20493
19045
19189
20494
19046
19190
20495
19047
19191
20496
19048
19192
20497
19049
19193
20498
19050
19194
20499
19051
19195
20500
19052
19196
20501
19053
19197
20502
19054
19198
20503
19055
19199
20504
19056
19200
20505
19057
19201
20506
19058
19202
20507
19059
19203
20508
19060
19204
20509
19061
19205
20510
19062
19206
20511
19063
19207
20512
19064
19208
20513
19065
19209
20514
19066
19210
20515
19067
19211
20516
19068
19212
20517
19069
19213
20518
19070
19214
20519
19071
19215
20520
19072
19216
20521
19073
19217
20522
19074
19218
20523
19075
19219
20524
19076
19220
20525
19077
19221
20526
19078
19222
20527
19079
19223
20528
19080
19224
20529
19081
19225
20530
19082
19226
20531
19083
19227
20532
19084
19228
20533
19085
19229
20534
19086
19230
20535
19087
19231
20536
19088
19232
20537
19089
19233
20538
19090
19234
20539
19091
19235
20540
19092
19236
20541
19093
19237
20542
19094
19238
20543
19095
19239
20544
19096
19240
20545
19097
19241
20546
19098
19242
20547
19099
19243
20548
19100
19244
20549
19101
19245
20550
19102
19246
20551
19103
19247
20552
19104
19248
20553
19105
19249
20554
19106
19250
20555
19107
19251
20556
19108
19252
20557
19109
19253
20558
19110
19254
20559
19111
19255
20560
19112
19256
20561
19113
19257
20562
19114
19258
20563
19259
20564
19116
19260
20565
19117
19261
20566
19118
19262
20567
19119
19263
20568
19120
19264
20569
19121
19265
20570
19122
19266
20571
19123
19267
20572
19124
19268
20573
19125
19269
20574
19126
19270
20575
19127
19271
20576
19128
19272
20577
19129
19273
20578
19130
19274
20579
19131
19275
20580
19132
19276
20581
19133
19277
20582
19134
19278
20583
19135
19279
20584
19136
19280
20585
19137
19281
20586
19138
19282
20587
19139
19283
20588
19140
19284
20589
19141
19285
20590
19142
19286
20591
19143
19287
20592
19144
19288
20593
19145
19289
20594
19146
19290
20595
19147
19291
20596
19148
19292
20597
19149
19293
20598
19150
19294
20599
19151
19295
20600
19152
19296
20601
19153
19297
20602
19154
19298
20603
19155
19299
20604
19156
19300
20605
19157
19301
20606
19158
19302
20607
19159
19303
20608
19160
19304
20609
19161
19305
20610
19162
19306
20611
19163
19307
20612
19164
19308
20613
19165
19309
20614
19166
19310
20615
19167
19311
20616
19168
19312
20617
19169
19313
20618
19170
19314
20619
19171
19315
20620
19172
19316
20621
19173
19317
20622
19174
19318
20623
19175
19319
20624
19176
19320
20625
19177
19321
20626
19178
19322
20627
19179
19323
20628
19180
19324
20629
19181
19325
20630
19182
19326
20631
19183
19327
20632
19184
19328
20633
19185
19329
20634
19186
19330
20635
19187
19331
20636
19188
19332
20637
19189
19333
20638
19190
19334
20639
19191
19335
20640
19192
19336
20641
19193
19337
20642
19194
19338
20643
19195
19339
20644
19196
19340
20645
19197
19341
20646
19198
19342
20647
19199
19343
20648
19200
19344
20649
19201
19345
20650
19202
19346
20651
19203
19347
20652
19204
19348
20653
19205
19349
20654
19206
19350
20655
19207
19351
20656
19208
19352
20657
19209
19353
20658
19210
19354
20659
19211
19355
20660
19212
19356
20661
19213
19357
20662
19214
19358
20663
19215
19359
20664
19216
19360
20665
19217
19361
20666
19218
19362
20667
19219
19363
20668
19220
19364
20669
19221
19365
20670
19222
19366
20671
19223
19367
20672
19224
19368
20673
19225
19369
20674
19226
19370
20675
19227
19371
20676
19228
19372
20677
19229
19373
20678
19230
19374
20679
19231
19375
20680
19232
19376
20681
19233
19377
20682
19234
19378
20683
19235
19379
20684
19236
19380
20685
19237
19381
20686
19238
19382
20687
19239
19383
20688
19240
19384
20689
19241
19385
20690
19242
19386
20691
19243
19387
20692
19244
19388
20693
19245
19389
20694
19246
19390
20695
19247
19391
20696
19248
19392
20697
19249
19393
20698
19250
19394
20699
19251
19395
20700
19252
19396
20701
19253
19397
20702
19254
19398
20703
19255
19399
20704
19256
19400
20705
19257
19401
20706
19258
19402
20707
19259
19403
20708
19404
20709
19261
19405
20710
19262
19406
20711
19263
19407
20712
19264
19408
20713
19265
19409
20714
19266
19410
20715
19267
19411
20716
19268
19412
20717
19269
19413
20718
19270
19414
20719
19271
19415
20720
19272
19416
20721
19273
19417
20722
19274
19418
20723
19275
19419
20724
19276
19420
20725
19277
19421
20726
19278
19422
20727
19279
19423
20728
19280
19424
20729
19281
19425
20730
19282
19426
20731
19283
19427
20732
19284
19428
20733
19285
19429
20734
19286
19430
20735
19287
19431
20736
19288
19432
20737
19289
19433
20738
19290
19434
20739
19291
19435
20740
19292
19436
20741
19293
19437
20742
19294
19438
20743
19295
19439
20744
19296
19440
20745
19297
19441
20746
19298
19442
20747
19299
19443
20748
19300
19444
20749
19301
19445
20750
19302
19446
20751
19303
19447
20752
19304
19448
20753
19305
19449
20754
19306
19450
20755
19307
19451
20756
19308
19452
20757
19309
19453
20758
19310
19454
20759
19311
19455
20760
19312
19456
20761
19313
19457
20762
19314
19458
20763
19315
19459
20764
19316
19460
20765
19317
19461
20766
19318
19462
20767
19319
19463
20768
19320
19464
20769
19321
19465
20770
19322
19466
20771
19323
19467
20772
19324
19468
20773
19325
19469
20774
19326
19470
20775
19327
19471
20776
19328
19472
20777
19329
19473
20778
19330
19474
20779
19331
19475
20780
19332
19476
20781
19333
19477
20782
19334
19478
20783
19335
19479
20784
19336
19480
20785
19337
19481
20786
19338
19482
20787
19339
19483
20788
19340
19484
20789
19341
19485
20790
19342
19486
20791
19343
19487
20792
19344
19488
20793
19345
19489
20794
19346
19490
20795
19347
19491
20796
19348
19492
20797
19349
19493
20798
19350
19494
20799
19351
19495
20800
19352
19496
20801
19353
19497
20802
19354
19498
20803
19355
19499
20804
19356
19500
20805
19357
19501
20806
19358
19502
20807
19359
19503
20808
19360
19504
20809
19361
19505
20810
19362
19506
20811
19363
19507
20812
19364
19508
20813
19365
19509
20814
19366
19510
20815
19367
19511
20816
19368
19512
20817
19369
19513
20818
19370
19514
20819
19371
19515
20820
19372
19516
20821
19373
19517
20822
19374
19518
20823
19375
19519
20824
19376
19520
20825
19377
19521
20826
19378
19522
20827
19379
19523
20828
19380
19524
20829
19381
19525
20830
19382
19526
20831
19383
19527
20832
19384
19528
20833
19385
19529
20834
19386
19530
20835
19387
19531
20836
19388
19532
20837
19389
19533
20838
19390
19534
20839
19391
19535
20840
19392
19536
20841
19393
19537
20842
19394
19538
20843
19395
19539
20844
19396
19540
20845
19397
19541
20846
19398
19542
20847
19399
19543
20848
19400
19544
20849
19401
19545
20850
19402
19546
20851
19403
19547
20852
19404
19548
20853
19549
20854
19406
20855
19407
20856
19408
20857
19409
20858
19410
20859
19411
20860
19412
20861
19413
20862
19414
20863
19415
20864
19416
20865
19417
20866
19418
20867
19419
20868
19420
20869
19421
20870
19422
20871
19423
20872
19424
20873
19425
20874
19426
20875
19427
20876
19428
20877
19429
20878
19430
20879
19431
20880
19432
20881
19433
20882
19434
20883
19435
20884
19436
20885
19437
20886
19438
20887
19439
20888
19440
20889
19441
20890
19442
20891
19443
20892
19444
20893
19445
20894
19446
20895
19447
20896
19448
20897
19449
20898
19450
20899
19451
20900
19452
20901
19453
20902
19454
20903
19455
20904
19456
20905
19457
20906
19458
20907
19459
20908
19460
20909
19461
20910
19462
20911
19463
20912
19464
20913
19465
20914
19466
20915
19467
20916
19468
20917
19469
20918
19470
20919
19471
20920
19472
20921
19473
20922
19474
20923
19475
20924
19476
20925
19477
20926
19478
20927
19479
20928
19480
20929
19481
20930
19482
20931
19483
20932
19484
20933
19485
20934
19486
20935
19487
20936
19488
20937
19489
20938
19490
20939
19491
20940
19492
20941
19493
20942
19494
20943
19495
20944
19496
20945
19497
20946
19498
20947
19499
20948
19500
20949
19501
20950
19502
20951
19503
20952
19504
20953
19505
20954
19506
20955
19507
20956
19508
20957
19509
20958
19510
20959
19511
20960
19512
20961
19513
20962
19514
20963
19515
20964
19516
20965
19517
20966
19518
20967
19519
20968
19520
20969
19521
20970
19522
20971
19523
20972
19524
20973
19525
20974
19526
20975
19527
20976
19528
20977
19529
20978
19530
20979
19531
20980
19532
20981
19533
20982
19534
20983
19535
20984
19536
20985
19537
20986
19538
20987
19539
20988
19540
20989
19541
20990
19542
20991
19543
20992
19544
20993
19545
20994
19546
20995
19547
20996
19548
20997
19549
20998
20999
19551
19695
19552
19696
19553
19697
19554
19698
19555
19699
19556
19700
19557
19701
19558
19702
19559
19703
19560
19704
19561
19705
19562
19706
19563
19707
19564
19708
19565
19709
19566
19710
19567
19711
19568
19712
19569
19713
19570
19714
19571
19715
19572
19716
19573
19717
19574
19718
19575
19719
19576
19720
19577
19721
19578
19722
19579
19723
19580
19724
19581
19725
19582
19726
19583
19727
19584
19728
19585
19729
19586
19730
19587
19731
19588
19732
19589
19733
19590
19734
19591
19735
19592
19736
19593
19737
19594
19738
19595
19739
19596
19740
19597
19741
19598
19742
19599
19743
19600
19744
19601
19745
19602
19746
19603
19747
19604
19748
19605
19749
19606
19750
19607
19751
19608
19752
19609
19753
19610
19754
19611
19755
19612
19756
19613
19757
19614
19758
19615
19759
19616
19760
19617
19761
19618
19762
19619
19763
19620
19764
19621
19765
19622
19766
19623
19767
19624
19768
19625
19769
19626
19770
19627
19771
19628
19772
19629
19773
19630
19774
19631
19775
19632
19776
19633
19777
19634
19778
19635
19779
19636
19780
19637
19781
19638
19782
19639
19783
19640
19784
19641
19785
19642
19786
19643
19787
19644
19788
19645
19789
19646
19790
19647
19791
19648
19792
19649
19793
19650
19794
19651
19795
19652
19796
19653
19797
19654
19798
19655
19799
19656
19800
19657
19801
19658
19802
19659
19803
19660
19804
19661
19805
19662
19806
19663
19807
19664
19808
19665
19809
19666
19810
19667
19811
19668
19812
19669
19813
19670
19814
19671
19815
19672
19816
19673
19817
19674
19818
19675
19819
19676
19820
19677
19821
19678
19822
19679
19823
19680
19824
19681
19825
19682
19826
19683
19827
19684
19828
19685
19829
19686
19830
19687
19831
19688
19832
19689
19833
19690
19834
19691
19835
19692
19836
19693
19837
19694
19838
19839
19696
19840
19697
19841
19698
19842
19699
19843
19700
19844
19701
19845
19702
19846
19703
19847
19704
19848
19705
19849
19706
19850
19707
19851
19708
19852
19709
19853
19710
19854
19711
19855
19712
19856
19713
19857
19714
19858
19715
19859
19716
19860
19717
19861
19718
19862
19719
19863
19720
19864
19721
19865
19722
19866
19723
19867
19724
19868
19725
19869
19726
19870
19727
19871
19728
19872
19729
19873
19730
19874
19731
19875
19732
19876
19733
19877
19734
19878
19735
19879
19736
19880
19737
19881
19738
19882
19739
19883
19740
19884
19741
19885
19742
19886
19743
19887
19744
19888
19745
19889
19746
19890
19747
19891
19748
19892
19749
19893
19750
19894
19751
19895
19752
19896
19753
19897
19754
19898
19755
19899
19756
19900
19757
19901
19758
19902
19759
19903
19760
19904
19761
19905
19762
19906
19763
19907
19764
19908
19765
19909
19766
19910
19767
19911
19768
19912
19769
19913
19770
19914
19771
19915
19772
19916
19773
19917
19774
19918
19775
19919
19776
19920
19777
19921
19778
19922
19779
19923
19780
19924
19781
19925
19782
19926
19783
19927
19784
19928
19785
19929
19786
19930
19787
19931
19788
19932
19789
19933
19790
19934
19791
19935
19792
19936
19793
19937
19794
19938
19795
19939
19796
19940
19797
19941
19798
19942
19799
19943
19800
19944
19801
19945
19802
19946
19803
19947
19804
19948
19805
19949
19806
19950
19807
19951
19808
19952
19809
19953
19810
19954
19811
19955
19812
19956
19813
19957
19814
19958
19815
19959
19816
19960
19817
19961
19818
19962
19819
19963
19820
19964
19821
19965
19822
19966
19823
19967
19824
19968
19825
19969
19826
19970
19827
19971
19828
19972
19829
19973
19830
19974
19831
19975
19832
19976
19833
19977
19834
19978
19835
19979
19836
19980
19837
19981
19838
19982
19839
19983
19984
19841
19985
19842
19986
19843
19987
19844
19988
19845
19989
19846
19990
19847
19991
19848
19992
19849
19993
19850
19994
19851
19995
19852
19996
19853
19997
19854
19998
19855
19999
19856
20000
19857
20001
19858
20002
19859
20003
19860
20004
19861
20005
19862
20006
19863
20007
19864
20008
19865
20009
19866
20010
19867
20011
19868
20012
19869
20013
19870
20014
19871
20015
19872
20016
19873
20017
19874
20018
19875
20019
19876
20020
19877
20021
19878
20022
19879
20023
19880
20024
19881
20025
19882
20026
19883
20027
19884
20028
19885
20029
19886
20030
19887
20031
19888
20032
19889
20033
19890
20034
19891
20035
19892
20036
19893
20037
19894
20038
19895
20039
19896
20040
19897
20041
19898
20042
19899
20043
19900
20044
19901
20045
19902
20046
19903
20047
19904
20048
19905
20049
19906
20050
19907
20051
19908
20052
19909
20053
19910
20054
19911
20055
19912
20056
19913
20057
19914
20058
19915
20059
19916
20060
19917
20061
19918
20062
19919
20063
19920
20064
19921
20065
19922
20066
19923
20067
19924
20068
19925
20069
19926
20070
19927
20071
19928
20072
19929
20073
19930
20074
19931
20075
19932
20076
19933
20077
19934
20078
19935
20079
19936
20080
19937
20081
19938
20082
19939
20083
19940
20084
19941
20085
19942
20086
19943
20087
19944
20088
19945
20089
19946
20090
19947
20091
19948
20092
19949
20093
19950
20094
19951
20095
19952
20096
19953
20097
19954
20098
19955
20099
19956
20100
19957
20101
19958
20102
19959
20103
19960
20104
19961
20105
19962
20106
19963
20107
19964
20108
19965
20109
19966
20110
19967
20111
19968
20112
19969
20113
19970
20114
19971
20115
19972
20116
19973
20117
19974
20118
19975
20119
19976
20120
19977
20121
19978
20122
19979
20123
19980
20124
19981
20125
19982
20126
19983
20127
19984
20128
20129
19986
20130
19987
20131
19988
20132
19989
20133
19990
20134
19991
20135
19992
20136
19993
20137
19994
20138
19995
20139
19996
20140
19997
20141
19998
20142
19999
20143
20000
20144
20001
20145
20002
20146
20003
20147
20004
20148
20005
20149
20006
20150
20007
20151
20008
20152
20009
20153
20010
20154
20011
20155
20012
20156
20013
20157
20014
20158
20015
20159
20016
20160
20017
20161
20018
20162
20019
20163
20020
20164
20021
20165
20022
20166
20023
20167
20024
20168
20025
20169
20026
20170
20027
20171
20028
20172
20029
20173
20030
20174
20031
20175
20032
20176
20033
20177
20034
20178
20035
20179
20036
20180
20037
20181
20038
20182
20039
20183
20040
20184
20041
20185
20042
20186
20043
20187
20044
20188
20045
20189
20046
20190
20047
20191
20048
20192
20049
20193
20050
20194
20051
20195
20052
20196
20053
20197
20054
20198
20055
20199
20056
20200
20057
20201
20058
20202
20059
20203
20060
20204
20061
20205
20062
20206
20063
20207
20064
20208
20065
20209
20066
20210
20067
20211
20068
20212
20069
20213
20070
20214
20071
20215
20072
20216
20073
20217
20074
20218
20075
20219
20076
20220
20077
20221
20078
20222
20079
20223
20080
20224
20081
20225
20082
20226
20083
20227
20084
20228
20085
20229
20086
20230
20087
20231
20088
20232
20089
20233
20090
20234
20091
20235
20092
20236
20093
20237
20094
20238
20095
20239
20096
20240
20097
20241
20098
20242
20099
20243
20100
20244
20101
20245
20102
20246
20103
20247
20104
20248
20105
20249
20106
20250
20107
20251
20108
20252
20109
20253
20110
20254
20111
20255
20112
20256
20113
20257
20114
20258
20115
20259
20116
20260
20117
20261
20118
20262
20119
20263
20120
20264
20121
20265
20122
20266
20123
20267
20124
20268
20125
20269
20126
20270
20127
20271
20128
20272
20129
20273
20274
20131
20275
20132
20276
20133
20277
20134
20278
20135
20279
20136
20280
20137
20281
20138
20282
20139
20283
20140
20284
20141
20285
20142
20286
20143
20287
20144
20288
20145
20289
20146
20290
20147
20291
20148
20292
20149
20293
20150
20294
20151
20295
20152
20296
20153
20297
20154
20298
20155
20299
20156
20300
20157
20301
20158
20302
20159
20303
20160
20304
20161
20305
20162
20306
20163
20307
20164
20308
20165
20309
20166
20310
20167
20311
20168
20312
20169
20313
20170
20314
20171
20315
20172
20316
20173
20317
20174
20318
20175
20319
20176
20320
20177
20321
20178
20322
20179
20323
20180
20324
20181
20325
20182
20326
20183
20327
20184
20328
20185
20329
20186
20330
20187
20331
20188
20332
20189
20333
20190
20334
20191
20335
20192
20336
20193
20337
20194
20338
20195
20339
20196
20340
20197
20341
20198
20342
20199
20343
20200
20344
20201
20345
20202
20346
20203
20347
20204
20348
20205
20349
20206
20350
20207
20351
20208
20352
20209
20353
20210
20354
20211
20355
20212
20356
20213
20357
20214
20358
20215
20359
20216
20360
20217
20361
20218
20362
20219
20363
20220
20364
20221
20365
20222
20366
20223
20367
20224
20368
20225
20369
20226
20370
20227
20371
20228
20372
20229
20373
20230
20374
20231
20375
20232
20376
20233
20377
20234
20378
20235
20379
20236
20380
20237
20381
20238
20382
20239
20383
20240
20384
20241
20385
20242
20386
20243
20387
20244
20388
20245
20389
20246
20390
20247
20391
20248
20392
20249
20393
20250
20394
20251
20395
20252
20396
20253
20397
20254
20398
20255
20399
20256
20400
20257
20401
20258
20402
20259
20403
20260
20404
20261
20405
20262
20406
20263
20407
20264
20408
20265
20409
20266
20410
20267
20411
20268
20412
20269
20413
20270
20414
20271
20415
20272
20416
20273
20417
20274
20418
20419
20276
20420
20277
20421
20278
20422
20279
20423
20280
20424
20281
20425
20282
20426
20283
20427
20284
20428
20285
20429
20286
20430
20287
20431
20288
20432
20289
20433
20290
20434
20291
20435
20292
20436
20293
20437
20294
20438
20295
20439
20296
20440
20297
20441
20298
20442
20299
20443
20300
20444
20301
20445
20302
20446
20303
20447
20304
20448
20305
20449
20306
20450
20307
20451
20308
20452
20309
20453
20310
20454
20311
20455
20312
20456
20313
20457
20314
20458
20315
20459
20316
20460
20317
20461
20318
20462
20319
20463
20320
20464
20321
20465
20322
20466
20323
20467
20324
20468
20325
20469
20326
20470
20327
20471
20328
20472
20329
20473
20330
20474
20331
20475
20332
20476
20333
20477
20334
20478
20335
20479
20336
20480
20337
20481
20338
20482
20339
20483
20340
20484
20341
20485
20342
20486
20343
20487
20344
20488
20345
20489
20346
20490
20347
20491
20348
20492
20349
20493
20350
20494
20351
20495
20352
20496
20353
20497
20354
20498
20355
20499
20356
20500
20357
20501
20358
20502
20359
20503
20360
20504
20361
20505
20362
20506
20363
20507
20364
20508
20365
20509
20366
20510
20367
20511
20368
20512
20369
20513
20370
20514
20371
20515
20372
20516
20373
20517
20374
20518
20375
20519
20376
20520
20377
20521
20378
20522
20379
20523
20380
20524
20381
20525
20382
20526
20383
20527
20384
20528
20385
20529
20386
20530
20387
20531
20388
20532
20389
20533
20390
20534
20391
20535
20392
20536
20393
20537
20394
20538
20395
20539
20396
20540
20397
20541
20398
20542
20399
20543
20400
20544
20401
20545
20402
20546
20403
20547
20404
20548
20405
20549
20406
20550
20407
20551
20408
20552
20409
20553
20410
20554
20411
20555
20412
20556
20413
20557
20414
20558
20415
20559
20416
20560
20417
20561
20418
20562
20419
20563
20564
20421
20565
20422
20566
20423
20567
20424
20568
20425
20569
20426
20570
20427
20571
20428
20572
20429
20573
20430
20574
20431
20575
20432
20576
20433
20577
20434
20578
20435
20579
20436
20580
20437
20581
20438
20582
20439
20583
20440
20584
20441
20585
20442
20586
20443
20587
20444
20588
20445
20589
20446
20590
20447
20591
20448
20592
20449
20593
20450
20594
20451
20595
20452
20596
20453
20597
20454
20598
20455
20599
20456
20600
20457
20601
20458
20602
20459
20603
20460
20604
20461
20605
20462
20606
20463
20607
20464
20608
20465
20609
20466
20610
20467
20611
20468
20612
20469
20613
20470
20614
20471
20615
20472
20616
20473
20617
20474
20618
20475
20619
20476
20620
20477
20621
20478
20622
20479
20623
20480
20624
20481
20625
20482
20626
20483
20627
20484
20628
20485
20629
20486
20630
20487
20631
20488
20632
20489
20633
20490
20634
20491
20635
20492
20636
20493
20637
20494
20638
20495
20639
20496
20640
20497
20641
20498
20642
20499
20643
20500
20644
20501
20645
20502
20646
20503
20647
20504
20648
20505
20649
20506
20650
20507
20651
20508
20652
20509
20653
20510
20654
20511
20655
20512
20656
20513
20657
20514
20658
20515
20659
20516
20660
20517
20661
20518
20662
20519
20663
20520
20664
20521
20665
20522
20666
20523
20667
20524
20668
20525
20669
20526
20670
20527
20671
20528
20672
20529
20673
20530
20674
20531
20675
20532
20676
20533
20677
20534
20678
20535
20679
20536
20680
20537
20681
20538
20682
20539
20683
20540
20684
20541
20685
20542
20686
20543
20687
20544
20688
20545
20689
20546
20690
20547
20691
20548
20692
20549
20693
20550
20694
20551
20695
20552
20696
20553
20697
20554
20698
20555
20699
20556
20700
20557
20701
20558
20702
20559
20703
20560
20704
20561
20705
20562
20706
20563
20707
20564
20708
20709
20566
20710
20567
20711
20568
20712
20569
20713
20570
20714
20571
20715
20572
20716
20573
20717
20574
20718
20575
20719
20576
20720
20577
20721
20578
20722
20579
20723
20580
20724
20581
20725
20582
20726
20583
20727
20584
20728
20585
20729
20586
20730
20587
20731
20588
20732
20589
20733
20590
20734
20591
20735
20592
20736
20593
20737
20594
20738
20595
20739
20596
20740
20597
20741
20598
20742
20599
20743
20600
20744
20601
20745
20602
20746
20603
20747
20604
20748
20605
20749
20606
20750
20607
20751
20608
20752
20609
20753
20610
20754
20611
20755
20612
20756
20613
20757
20614
20758
20615
20759
20616
20760
20617
20761
20618
20762
20619
20763
20620
20764
20621
20765
20622
20766
20623
20767
20624
20768
20625
20769
20626
20770
20627
20771
20628
20772
20629
20773
20630
20774
20631
20775
20632
20776
20633
20777
20634
20778
20635
20779
20636
20780
20637
20781
20638
20782
20639
20783
20640
20784
20641
20785
20642
20786
20643
20787
20644
20788
20645
20789
20646
20790
20647
20791
20648
20792
20649
20793
20650
20794
20651
20795
20652
20796
20653
20797
20654
20798
20655
20799
20656
20800
20657
20801
20658
20802
20659
20803
20660
20804
20661
20805
20662
20806
20663
20807
20664
20808
20665
20809
20666
20810
20667
20811
20668
20812
20669
20813
20670
20814
20671
20815
20672
20816
20673
20817
20674
20818
20675
20819
20676
20820
20677
20821
20678
20822
20679
20823
20680
20824
20681
20825
20682
20826
20683
20827
20684
20828
20685
20829
20686
20830
20687
20831
20688
20832
20689
20833
20690
20834
20691
20835
20692
20836
20693
20837
20694
20838
20695
20839
20696
20840
20697
20841
20698
20842
20699
20843
20700
20844
20701
20845
20702
20846
20703
20847
20704
20848
20705
20849
20706
20850
20707
20851
20708
20852
20709
20853
20854
20711
20855
20712
20856
20713
20857
20714
20858
20715
20859
20716
20860
20717
20861
20718
20862
20719
20863
20720
20864
20721
20865
20722
20866
20723
20867
20724
20868
20725
20869
20726
20870
20727
20871
20728
20872
20729
20873
20730
20874
20731
20875
20732
20876
20733
20877
20734
20878
20735
20879
20736
20880
20737
20881
20738
20882
20739
20883
20740
20884
20741
20885
20742
20886
20743
20887
20744
20888
20745
20889
20746
20890
20747
20891
20748
20892
20749
20893
20750
20894
20751
20895
20752
20896
20753
20897
20754
20898
20755
20899
20756
20900
20757
20901
20758
20902
20759
20903
20760
20904
20761
20905
20762
20906
20763
20907
20764
20908
20765
20909
20766
20910
20767
20911
20768
20912
20769
20913
20770
20914
20771
20915
20772
20916
20773
20917
20774
20918
20775
20919
20776
20920
20777
20921
20778
20922
20779
20923
20780
20924
20781
20925
20782
20926
20783
20927
20784
20928
20785
20929
20786
20930
20787
20931
20788
20932
20789
20933
20790
20934
20791
20935
20792
20936
20793
20937
20794
20938
20795
20939
20796
20940
20797
20941
20798
20942
20799
20943
20800
20944
20801
20945
20802
20946
20803
20947
20804
20948
20805
20949
20806
20950
20807
20951
20808
20952
20809
20953
20810
20954
20811
20955
20812
20956
20813
20957
20814
20958
20815
20959
20816
20960
20817
20961
20818
20962
20819
20963
20820
20964
20821
20965
20822
20966
20823
20967
20824
20968
20825
20969
20826
20970
20827
20971
20828
20972
20829
20973
20830
20974
20831
20975
20832
20976
20833
20977
20834
20978
20835
20979
20836
20980
20837
20981
20838
20982
20839
20983
20840
20984
20841
20985
20842
20986
20843
20987
20844
20988
20845
20989
20846
20990
20847
20991
20848
20992
20849
20993
20850
20994
20851
20995
20852
20996
20853
20997
20854
20998
20999
20856
20857
20858
20859
20860
20861
20862
20863
20864
20865
20866
20867
20868
20869
20870
20871
20872
20873
20874
20875
20876
20877
20878
20879
20880
20881
20882
20883
20884
20885
20886
20887
20888
20889
20890
20891
20892
20893
20894
20895
20896
20897
20898
20899
20900
20901
20902
20903
20904
20905
20906
20907
20908
20909
20910
20911
20912
20913
20914
20915
20916
20917
20918
20919
20920
20921
20922
20923
20924
20925
20926
20927
20928
20929
20930
20931
20932
20933
20934
20935
20936
20937
20938
20939
20940
20941
20942
20943
20944
20945
20946
20947
20948
20949
20950
20951
20952
20953
20954
20955
20956
20957
20958
20959
20960
20961
20962
20963
20964
20965
20966
20967
20968
20969
20970
20971
20972
20973
20974
20975
20976
20977
20978
20979
20980
20981
20982
20983
20984
20985
20986
20987
20988
20989
20990
20991
20992
20993
20994
20995
20996
20997
20998
20999
21001
21010
21600
21002
21011
21601
21003
21012
21602
21004
21013
21603
21005
21014
21604
21006
21015
21605
21007
21016
21606
21008
21017
21607
21009
21018
21608
21019
21609
21011
21020
21610
21012
21021
21611
21013
21022
21612
21014
21023
21613
21015
21024
21614
21016
21025
21615
21017
21026
21616
21018
21027
21617
21019
21028
21618
21029
21619
21021
21030
21620
21022
21031
21621
21023
21032
21622
21024
21033
21623
21025
21034
21624
21026
21035
21625
21027
21036
21626
21028
21037
21627
21029
21038
21628
21039
21629
21031
21040
21630
21032
21041
21631
21033
21042
21632
21034
21043
21633
21035
21044
21634
21036
21045
21635
21037
21046
21636
21038
21047
21637
21039
21048
21638
21049
21639
21041
21050
21640
21042
21051
21641
21043
21052
21642
21044
21053
21643
21045
21054
21644
21046
21055
21645
21047
21056
21646
21048
21057
21647
21049
21058
21648
21059
21649
21051
21060
21650
21052
21061
21651
21053
21062
21652
21054
21063
21653
21055
21064
21654
21056
21065
21655
21057
21066
21656
21058
21067
21657
21059
21068
21658
21069
21659
21061
21070
21660
21062
21071
21661
21063
21072
21662
21064
21073
21663
21065
21074
21664
21066
21075
21665
21067
21076
21666
21068
21077
21667
21069
21078
21668
21079
21669
21071
21080
21670
21072
21081
21671
21073
21082
21672
21074
21083
21673
21075
21084
21674
21076
21085
21675
21077
21086
21676
21078
21087
21677
21079
21088
21678
21089
21679
21081
21090
21680
21082
21091
21681
21083
21092
21682
21084
21093
21683
21085
21094
21684
21086
21095
21685
21087
21096
21686
21088
21097
21687
21089
21098
21688
21099
21689
21091
21100
21690
21092
21101
21691
21093
21102
21692
21094
21103
21693
21095
21104
21694
21096
21105
21695
21097
21106
21696
21098
21107
21697
21099
21108
21698
21109
21699
21101
21110
21700
21102
21111
21701
21103
21112
21702
21104
21113
21703
21105
21114
21704
21106
21115
21705
21107
21116
21706
21108
21117
21707
21109
21118
21708
21119
21709
21111
21120
21710
21112
21121
21711
21113
21122
21712
21114
21123
21713
21115
21124
21714
21116
21125
21715
21117
21126
21716
21118
21127
21717
21119
21128
21718
21129
21719
21121
21130
21720
21122
21131
21721
21123
21132
21722
21124
21133
21723
21125
21134
21724
21126
21135
21725
21127
21136
21726
21128
21137
21727
21129
21138
21728
21139
21729
21131
21140
21730
21132
21141
21731
21133
21142
21732
21134
21143
21733
21135
21144
21734
21136
21145
21735
21137
21146
21736
21138
21147
21737
21139
21148
21738
21149
21739
21141
21150
21740
21142
21151
21741
21143
21152
21742
21144
21153
21743
21145
21154
21744
21146
21155
21745
21147
21156
21746
21148
21157
21747
21149
21158
21748
21159
21749
21151
21160
21750
21152
21161
21751
21153
21162
21752
21154
21163
21753
21155
21164
21754
21156
21165
21755
21157
21166
21756
21158
21167
21757
21159
21168
21758
21169
21759
21161
21170
21760
21162
21171
21761
21163
21172
21762
21164
21173
21763
21165
21174
21764
21166
21175
21765
21167
21176
21766
21168
21177
21767
21169
21178
21768
21179
21769
21171
21180
21770
21172
21181
21771
21173
21182
21772
21174
21183
21773
21175
21184
21774
21176
21185
21775
21177
21186
21776
21178
21187
21777
21179
21188
21778
21189
21779
21181
21190
21780
21182
21191
21781
21183
21192
21782
21184
21193
21783
21185
21194
21784
21186
21195
21785
21187
21196
21786
21188
21197
21787
21189
21198
21788
21199
21789
21191
21200
21790
21192
21201
21791
21193
21202
21792
21194
21203
21793
21195
21204
21794
21196
21205
21795
21197
21206
21796
21198
21207
21797
21199
21208
21798
21209
21799
21201
21210
21800
21202
21211
21801
21203
21212
21802
21204
21213
21803
21205
21214
21804
21206
21215
21805
21207
21216
21806
21208
21217
21807
21209
21218
21808
21219
21809
21211
21220
21810
21212
21221
21811
21213
21222
21812
21214
21223
21813
21215
21224
21814
21216
21225
21815
21217
21226
21816
21218
21227
21817
21219
21228
21818
21229
21819
21221
21230
21820
21222
21231
21821
21223
21232
21822
21224
21233
21823
21225
21234
21824
21226
21235
21825
21227
21236
21826
21228
21237
21827
21229
21238
21828
21239
21829
21231
21240
21830
21232
21241
21831
21233
21242
21832
21234
21243
21833
21235
21244
21834
21236
21245
21835
21237
21246
21836
21238
21247
21837
21239
21248
21838
21249
21839
21241
21250
21840
21242
21251
21841
21243
21252
21842
21244
21253
21843
21245
21254
21844
21246
21255
21845
21247
21256
21846
21248
21257
21847
21249
21258
21848
21259
21849
21251
21260
21850
21252
21261
21851
21253
21262
21852
21254
21263
21853
21255
21264
21854
21256
21265
21855
21257
21266
21856
21258
21267
21857
21259
21268
21858
21269
21859
21261
21270
21860
21262
21271
21861
21263
21272
21862
21264
21273
21863
21265
21274
21864
21266
21275
21865
21267
21276
21866
21268
21277
21867
21269
21278
21868
21279
21869
21271
21280
21870
21272
21281
21871
21273
21282
21872
21274
21283
21873
21275
21284
21874
21276
21285
21875
21277
21286
21876
21278
21287
21877
21279
21288
21878
21289
21879
21281
21290
21880
21282
21291
21881
21283
21292
21882
21284
21293
21883
21285
21294
21884
21286
21295
21885
21287
21296
21886
21288
21297
21887
21289
21298
21888
21299
21889
21291
21300
21890
21292
21301
21891
21293
21302
21892
21294
21303
21893
21295
21304
21894
21296
21305
21895
21297
21306
21896
21298
21307
21897
21299
21308
21898
21309
21899
21301
21310
21900
21302
21311
21901
21303
21312
21902
21304
21313
21903
21305
21314
21904
21306
21315
21905
21307
21316
21906
21308
21317
21907
21309
21318
21908
21319
21909
21311
21320
21910
21312
21321
21911
21313
21322
21912
21314
21323
21913
21315
21324
21914
21316
21325
21915
21317
21326
21916
21318
21327
21917
21319
21328
21918
21329
21919
21321
21330
21920
21322
21331
21921
21323
21332
21922
21324
21333
21923
21325
21334
21924
21326
21335
21925
21327
21336
21926
21328
21337
21927
21329
21338
21928
21339
21929
21331
21340
21930
21332
21341
21931
21333
21342
21932
21334
21343
21933
21335
21344
21934
21336
21345
21935
21337
21346
21936
21338
21347
21937
21339
21348
21938
21349
21939
21341
21350
21940
21342
21351
21941
21343
21352
21942
21344
21353
21943
21345
21354
21944
21346
21355
21945
21347
21356
21946
21348
21357
21947
21349
21358
21948
21359
21949
21351
21360
21950
21352
21361
21951
21353
21362
21952
21354
21363
21953
21355
21364
21954
21356
21365
21955
21357
21366
21956
21358
21367
21957
21359
21368
21958
21369
21959
21361
21370
21960
21362
21371
21961
21363
21372
21962
21364
21373
21963
21365
21374
21964
21366
21375
21965
21367
21376
21966
21368
21377
21967
21369
21378
21968
21379
21969
21371
21380
21970
21372
21381
21971
21373
21382
21972
21374
21383
21973
21375
21384
21974
21376
21385
21975
21377
21386
21976
21378
21387
21977
21379
21388
21978
21389
21979
21381
21390
21980
21382
21391
21981
21383
21392
21982
21384
21393
21983
21385
21394
21984
21386
21395
21985
21387
21396
21986
21388
21397
21987
21389
21398
21988
21399
21989
21391
21400
21990
21392
21401
21991
21393
21402
21992
21394
21403
21993
21395
21404
21994
21396
21405
21995
21397
21406
21996
21398
21407
21997
21399
21408
21998
21409
21999
21401
21410
22000
21402
21411
22001
21403
21412
22002
21404
21413
22003
21405
21414
22004
21406
21415
22005
21407
21416
22006
21408
21417
22007
21409
21418
22008
21419
22009
21411
21420
22010
21412
21421
22011
21413
21422
22012
21414
21423
22013
21415
21424
22014
21416
21425
22015
21417
21426
22016
21418
21427
22017
21419
21428
22018
21429
22019
21421
21430
22020
21422
21431
22021
21423
21432
22022
21424
21433
22023
21425
21434
22024
21426
21435
22025
21427
21436
22026
21428
21437
22027
21429
21438
22028
21439
22029
21431
21440
22030
21432
21441
22031
21433
21442
22032
21434
21443
22033
21435
21444
22034
21436
21445
22035
21437
21446
22036
21438
21447
22037
21439
21448
22038
21449
22039
21441
21450
22040
21442
21451
22041
21443
21452
22042
21444
21453
22043
21445
21454
22044
21446
21455
22045
21447
21456
22046
21448
21457
22047
21449
21458
22048
21459
22049
21451
21460
22050
21452
21461
22051
21453
21462
22052
21454
21463
22053
21455
21464
22054
21456
21465
22055
21457
21466
22056
21458
21467
22057
21459
21468
22058
21469
22059
21461
21470
22060
21462
21471
22061
21463
21472
22062
21464
21473
22063
21465
21474
22064
21466
21475
22065
21467
21476
22066
21468
21477
22067
21469
21478
22068
21479
22069
21471
21480
22070
21472
21481
22071
21473
21482
22072
21474
21483
22073
21475
21484
22074
21476
21485
22075
21477
21486
22076
21478
21487
22077
21479
21488
22078
21489
22079
21481
21490
22080
21482
21491
22081
21483
21492
22082
21484
21493
22083
21485
21494
22084
21486
21495
22085
21487
21496
22086
21488
21497
22087
21489
21498
22088
21499
22089
21491
21500
22090
21492
21501
22091
21493
21502
22092
21494
21503
22093
21495
21504
22094
21496
21505
22095
21497
21506
22096
21498
21507
22097
21499
21508
22098
21509
22099
21501
21510
22100
21502
21511
22101
21503
21512
22102
21504
21513
22103
21505
21514
22104
21506
21515
22105
21507
21516
22106
21508
21517
22107
21509
21518
22108
21519
22109
21511
21520
22110
21512
21521
22111
21513
21522
22112
21514
21523
22113
21515
21524
22114
21516
21525
22115
21517
21526
22116
21518
21527
22117
21519
21528
22118
21529
22119
21521
21530
22120
21522
21531
22121
21523
21532
22122
21524
21533
22123
21525
21534
22124
21526
21535
22125
21527
21536
22126
21528
21537
22127
21529
21538
22128
21539
22129
21531
21540
22130
21532
21541
22131
21533
21542
22132
21534
21543
22133
21535
21544
22134
21536
21545
22135
21537
21546
22136
21538
21547
22137
21539
21548
22138
21549
22139
21541
21550
22140
21542
21551
22141
21543
21552
22142
21544
21553
22143
21545
21554
22144
21546
21555
22145
21547
21556
22146
21548
21557
22147
21549
21558
22148
21559
22149
21551
21560
22150
21552
21561
22151
21553
21562
22152
21554
21563
22153
21555
21564
22154
21556
21565
22155
21557
21566
22156
21558
21567
22157
21559
21568
22158
21569
22159
21561
21570
22160
21562
21571
22161
21563
21572
22162
21564
21573
22163
21565
21574
22164
21566
21575
22165
21567
21576
22166
21568
21577
22167
21569
21578
22168
21579
22169
21571
21580
22170
21572
21581
22171
21573
21582
22172
21574
21583
22173
21575
21584
22174
21576
21585
22175
21577
21586
22176
21578
21587
22177
21579
21588
22178
21589
22179
21581
21590
22180
21582
21591
22181
21583
21592
22182
21584
21593
22183
21585
21594
22184
21586
21595
22185
21587
21596
22186
21588
21597
22187
21589
21598
22188
21599
22189
21591
22190
21592
22191
21593
22192
21594
22193
21595
22194
21596
22195
21597
22196
21598
22197
21599
22198
22199
21601
21610
22200
21602
21611
22201
21603
21612
22202
21604
21613
22203
21605
21614
22204
21606
21615
22205
21607
21616
22206
21608
21617
22207
21609
21618
22208
21619
22209
21611
21620
22210
21612
21621
22211
21613
21622
22212
21614
21623
22213
21615
21624
22214
21616
21625
22215
21617
21626
22216
21618
21627
22217
21619
21628
22218
21629
22219
21621
21630
22220
21622
21631
22221
21623
21632
22222
21624
21633
22223
21625
21634
22224
21626
21635
22225
21627
21636
22226
21628
21637
22227
21629
21638
22228
21639
22229
21631
21640
22230
21632
21641
22231
21633
21642
22232
21634
21643
22233
21635
21644
22234
21636
21645
22235
21637
21646
22236
21638
21647
22237
21639
21648
22238
21649
22239
21641
21650
22240
21642
21651
22241
21643
21652
22242
21644
21653
22243
21645
21654
22244
21646
21655
22245
21647
21656
22246
21648
21657
22247
21649
21658
22248
21659
22249
21651
21660
22250
21652
21661
22251
21653
21662
22252
21654
21663
22253
21655
21664
22254
21656
21665
22255
21657
21666
22256
21658
21667
22257
21659
21668
22258
21669
22259
21661
21670
22260
21662
21671
22261
21663
21672
22262
21664
21673
22263
21665
21674
22264
21666
21675
22265
21667
21676
22266
21668
21677
22267
21669
21678
22268
21679
22269
21671
21680
22270
21672
21681
22271
21673
21682
22272
21674
21683
22273
21675
21684
22274
21676
21685
22275
21677
21686
22276
21678
21687
22277
21679
21688
22278
21689
22279
21681
21690
22280
21682
21691
22281
21683
21692
22282
21684
21693
22283
21685
21694
22284
21686
21695
22285
21687
21696
22286
21688
21697
22287
21689
21698
22288
21699
22289
21691
21700
22290
21692
21701
22291
21693
21702
22292
21694
21703
22293
21695
21704
22294
21696
21705
22295
21697
21706
22296
21698
21707
22297
21699
21708
22298
21709
22299
21701
21710
22300
21702
21711
22301
21703
21712
22302
21704
21713
22303
21705
21714
22304
21706
21715
22305
21707
21716
22306
21708
21717
22307
21709
21718
22308
21719
22309
21711
21720
22310
21712
21721
22311
21713
21722
22312
21714
21723
22313
21715
21724
22314
21716
21725
22315
21717
21726
22316
21718
21727
22317
21719
21728
22318
21729
22319
21721
21730
22320
21722
21731
22321
21723
21732
22322
21724
21733
22323
21725
21734
22324
21726
21735
22325
21727
21736
22326
21728
21737
22327
21729
21738
22328
21739
22329
21731
21740
22330
21732
21741
22331
21733
21742
22332
21734
21743
22333
21735
21744
22334
21736
21745
22335
21737
21746
22336
21738
21747
22337
21739
21748
22338
21749
22339
21741
21750
22340
21742
21751
22341
21743
21752
22342
21744
21753
22343
21745
21754
22344
21746
21755
22345
21747
21756
22346
21748
21757
22347
21749
21758
22348
21759
22349
21751
21760
22350
21752
21761
22351
21753
21762
22352
21754
21763
22353
21755
21764
22354
21756
21765
22355
21757
21766
22356
21758
21767
22357
21759
21768
22358
21769
22359
21761
21770
22360
21762
21771
22361
21763
21772
22362
21764
21773
22363
21765
21774
22364
21766
21775
22365
21767
21776
22366
21768
21777
22367
21769
21778
22368
21779
22369
21771
21780
22370
21772
21781
22371
21773
21782
22372
21774
21783
22373
21775
21784
22374
21776
21785
22375
21777
21786
22376
21778
21787
22377
21779
21788
22378
21789
22379
21781
21790
22380
21782
21791
22381
21783
21792
22382
21784
21793
22383
21785
21794
22384
21786
21795
22385
21787
21796
22386
21788
21797
22387
21789
21798
22388
21799
22389
21791
21800
22390
21792
21801
22391
21793
21802
22392
21794
21803
22393
21795
21804
22394
21796
21805
22395
21797
21806
22396
21798
21807
22397
21799
21808
22398
21809
22399
21801
21810
22400
21802
21811
22401
21803
21812
22402
21804
21813
22403
21805
21814
22404
21806
21815
22405
21807
21816
22406
21808
21817
22407
21809
21818
22408
21819
22409
21811
21820
22410
21812
21821
22411
21813
21822
22412
21814
21823
22413
21815
21824
22414
21816
21825
22415
21817
21826
22416
21818
21827
22417
21819
21828
22418
21829
22419
21821
21830
22420
21822
21831
22421
21823
21832
22422
21824
21833
22423
21825
21834
22424
21826
21835
22425
21827
21836
22426
21828
21837
22427
21829
21838
22428
21839
22429
21831
21840
22430
21832
21841
22431
21833
21842
22432
21834
21843
22433
21835
21844
22434
21836
21845
22435
21837
21846
22436
21838
21847
22437
21839
21848
22438
21849
22439
21841
21850
22440
21842
21851
22441
21843
21852
22442
21844
21853
22443
21845
21854
22444
21846
21855
22445
21847
21856
22446
21848
21857
22447
21849
21858
22448
21859
22449
21851
21860
22450
21852
21861
22451
21853
21862
22452
21854
21863
22453
21855
21864
22454
21856
21865
22455
21857
21866
22456
21858
21867
22457
21859
21868
22458
21869
22459
21861
21870
22460
21862
21871
22461
21863
21872
22462
21864
21873
22463
21865
21874
22464
21866
21875
22465
21867
21876
22466
21868
21877
22467
21869
21878
22468
21879
22469
21871
21880
22470
21872
21881
22471
21873
21882
22472
21874
21883
22473
21875
21884
22474
21876
21885
22475
21877
21886
22476
21878
21887
22477
21879
21888
22478
21889
22479
21881
21890
22480
21882
21891
22481
21883
21892
22482
21884
21893
22483
21885
21894
22484
21886
21895
22485
21887
21896
22486
21888
21897
22487
21889
21898
22488
21899
22489
21891
21900
22490
21892
21901
22491
21893
21902
22492
21894
21903
22493
21895
21904
22494
21896
21905
22495
21897
21906
22496
21898
21907
22497
21899
21908
22498
21909
22499
21901
21910
22500
21902
21911
22501
21903
21912
22502
21904
21913
22503
21905
21914
22504
21906
21915
22505
21907
21916
22506
21908
21917
22507
21909
21918
22508
21919
22509
21911
21920
22510
21912
21921
22511
21913
21922
22512
21914
21923
22513
21915
21924
22514
21916
21925
22515
21917
21926
22516
21918
21927
22517
21919
21928
22518
21929
22519
21921
21930
22520
21922
21931
22521
21923
21932
22522
21924
21933
22523
21925
21934
22524
21926
21935
22525
21927
21936
22526
21928
21937
22527
21929
21938
22528
21939
22529
21931
21940
22530
21932
21941
22531
21933
21942
22532
21934
21943
22533
21935
21944
22534
21936
21945
22535
21937
21946
22536
21938
21947
22537
21939
21948
22538
21949
22539
21941
21950
22540
21942
21951
22541
21943
21952
22542
21944
21953
22543
21945
21954
22544
21946
21955
22545
21947
21956
22546
21948
21957
22547
21949
21958
22548
21959
22549
21951
21960
22550
21952
21961
22551
21953
21962
22552
21954
21963
22553
21955
21964
22554
21956
21965
22555
21957
21966
22556
21958
21967
22557
21959
21968
22558
21969
22559
21961
21970
22560
21962
21971
22561
21963
21972
22562
21964
21973
22563
21965
21974
22564
21966
21975
22565
21967
21976
22566
21968
21977
22567
21969
21978
22568
21979
22569
21971
21980
22570
21972
21981
22571
21973
21982
22572
21974
21983
22573
21975
21984
22574
21976
21985
22575
21977
21986
22576
21978
21987
22577
21979
21988
22578
21989
22579
21981
21990
22580
21982
21991
22581
21983
21992
22582
21984
21993
22583
21985
21994
22584
21986
21995
22585
21987
21996
22586
21988
21997
22587
21989
21998
22588
21999
22589
21991
22000
22590
21992
22001
22591
21993
22002
22592
21994
22003
22593
21995
22004
22594
21996
22005
22595
21997
22006
22596
21998
22007
22597
21999
22008
22598
22009
22599
22001
22010
22600
22002
22011
22601
22003
22012
22602
22004
22013
22603
22005
22014
22604
22006
22015
22605
22007
22016
22606
22008
22017
22607
22009
22018
22608
22019
22609
22011
22020
22610
22012
22021
22611
22013
22022
22612
22014
22023
22613
22015
22024
22614
22016
22025
22615
22017
22026
22616
22018
22027
22617
22019
22028
22618
22029
22619
22021
22030
22620
22022
22031
22621
22023
22032
22622
22024
22033
22623
22025
22034
22624
22026
22035
22625
22027
22036
22626
22028
22037
22627
22029
22038
22628
22039
22629
22031
22040
22630
22032
22041
22631
22033
22042
22632
22034
22043
22633
22035
22044
22634
22036
22045
22635
22037
22046
22636
22038
22047
22637
22039
22048
22638
22049
22639
22041
22050
22640
22042
22051
22641
22043
22052
22642
22044
22053
22643
22045
22054
22644
22046
22055
22645
22047
22056
22646
22048
22057
22647
22049
22058
22648
22059
22649
22051
22060
22650
22052
22061
22651
22053
22062
22652
22054
22063
22653
22055
22064
22654
22056
22065
22655
22057
22066
22656
22058
22067
22657
22059
22068
22658
22069
22659
22061
22070
22660
22062
22071
22661
22063
22072
22662
22064
22073
22663
22065
22074
22664
22066
22075
22665
22067
22076
22666
22068
22077
22667
22069
22078
22668
22079
22669
22071
22080
22670
22072
22081
22671
22073
22082
22672
22074
22083
22673
22075
22084
22674
22076
22085
22675
22077
22086
22676
22078
22087
22677
22079
22088
22678
22089
22679
22081
22090
22680
22082
22091
22681
22083
22092
22682
22084
22093
22683
22085
22094
22684
22086
22095
22685
22087
22096
22686
22088
22097
22687
22089
22098
22688
22099
22689
22091
22100
22690
22092
22101
22691
22093
22102
22692
22094
22103
22693
22095
22104
22694
22096
22105
22695
22097
22106
22696
22098
22107
22697
22099
22108
22698
22109
22699
22101
22110
22700
22102
22111
22701
22103
22112
22702
22104
22113
22703
22105
22114
22704
22106
22115
22705
22107
22116
22706
22108
22117
22707
22109
22118
22708
22119
22709
22111
22120
22710
22112
22121
22711
22113
22122
22712
22114
22123
22713
22115
22124
22714
22116
22125
22715
22117
22126
22716
22118
22127
22717
22119
22128
22718
22129
22719
22121
22130
22720
22122
22131
22721
22123
22132
22722
22124
22133
22723
22125
22134
22724
22126
22135
22725
22127
22136
22726
22128
22137
22727
22129
22138
22728
22139
22729
22131
22140
22730
22132
22141
22731
22133
22142
22732
22134
22143
22733
22135
22144
22734
22136
22145
22735
22137
22146
22736
22138
22147
22737
22139
22148
22738
22149
22739
22141
22150
22740
22142
22151
22741
22143
22152
22742
22144
22153
22743
22145
22154
22744
22146
22155
22745
22147
22156
22746
22148
22157
22747
22149
22158
22748
22159
22749
22151
22160
22750
22152
22161
22751
22153
22162
22752
22154
22163
22753
22155
22164
22754
22156
22165
22755
22157
22166
22756
22158
22167
22757
22159
22168
22758
22169
22759
22161
22170
22760
22162
22171
22761
22163
22172
22762
22164
22173
22763
22165
22174
22764
22166
22175
22765
22167
22176
22766
22168
22177
22767
22169
22178
22768
22179
22769
22171
22180
22770
22172
22181
22771
22173
22182
22772
22174
22183
22773
22175
22184
22774
22176
22185
22775
22177
22186
22776
22178
22187
22777
22179
22188
22778
22189
22779
22181
22190
22780
22182
22191
22781
22183
22192
22782
22184
22193
22783
22185
22194
22784
22186
22195
22785
22187
22196
22786
22188
22197
22787
22189
22198
22788
22199
22789
22191
22790
22192
22791
22193
22792
22194
22793
22195
22794
22196
22795
22197
22796
22198
22797
22199
22798
22799
22201
22210
22800
22202
22211
22801
22203
22212
22802
22204
22213
22803
22205
22214
22804
22206
22215
22805
22207
22216
22806
22208
22217
22807
22209
22218
22808
22219
22809
22211
22220
22810
22212
22221
22811
22213
22222
22812
22214
22223
22813
22215
22224
22814
22216
22225
22815
22217
22226
22816
22218
22227
22817
22219
22228
22818
22229
22819
22221
22230
22820
22222
22231
22821
22223
22232
22822
22224
22233
22823
22225
22234
22824
22226
22235
22825
22227
22236
22826
22228
22237
22827
22229
22238
22828
22239
22829
22231
22240
22830
22232
22241
22831
22233
22242
22832
22234
22243
22833
22235
22244
22834
22236
22245
22835
22237
22246
22836
22238
22247
22837
22239
22248
22838
22249
22839
22241
22250
22840
22242
22251
22841
22243
22252
22842
22244
22253
22843
22245
22254
22844
22246
22255
22845
22247
22256
22846
22248
22257
22847
22249
22258
22848
22259
22849
22251
22260
22850
22252
22261
22851
22253
22262
22852
22254
22263
22853
22255
22264
22854
22256
22265
22855
22257
22266
22856
22258
22267
22857
22259
22268
22858
22269
22859
22261
22270
22860
22262
22271
22861
22263
22272
22862
22264
22273
22863
22265
22274
22864
22266
22275
22865
22267
22276
22866
22268
22277
22867
22269
22278
22868
22279
22869
22271
22280
22870
22272
22281
22871
22273
22282
22872
22274
22283
22873
22275
22284
22874
22276
22285
22875
22277
22286
22876
22278
22287
22877
22279
22288
22878
22289
22879
22281
22290
22880
22282
22291
22881
22283
22292
22882
22284
22293
22883
22285
22294
22884
22286
22295
22885
22287
22296
22886
22288
22297
22887
22289
22298
22888
22299
22889
22291
22300
22890
22292
22301
22891
22293
22302
22892
22294
22303
22893
22295
22304
22894
22296
22305
22895
22297
22306
22896
22298
22307
22897
22299
22308
22898
22309
22899
22301
22310
22900
22302
22311
22901
22303
22312
22902
22304
22313
22903
22305
22314
22904
22306
22315
22905
22307
22316
22906
22308
22317
22907
22309
22318
22908
22319
22909
22311
22320
22910
22312
22321
22911
22313
22322
22912
22314
22323
22913
22315
22324
22914
22316
22325
22915
22317
22326
22916
22318
22327
22917
22319
22328
22918
22329
22919
22321
22330
22920
22322
22331
22921
22323
22332
22922
22324
22333
22923
22325
22334
22924
22326
22335
22925
22327
22336
22926
22328
22337
22927
22329
22338
22928
22339
22929
22331
22340
22930
22332
22341
22931
22333
22342
22932
22334
22343
22933
22335
22344
22934
22336
22345
22935
22337
22346
22936
22338
22347
22937
22339
22348
22938
22349
22939
22341
22350
22940
22342
22351
22941
22343
22352
22942
22344
22353
22943
22345
22354
22944
22346
22355
22945
22347
22356
22946
22348
22357
22947
22349
22358
22948
22359
22949
22351
22360
22950
22352
22361
22951
22353
22362
22952
22354
22363
22953
22355
22364
22954
22356
22365
22955
22357
22366
22956
22358
22367
22957
22359
22368
22958
22369
22959
22361
22370
22960
22362
22371
22961
22363
22372
22962
22364
22373
22963
22365
22374
22964
22366
22375
22965
22367
22376
22966
22368
22377
22967
22369
22378
22968
22379
22969
22371
22380
22970
22372
22381
22971
22373
22382
22972
22374
22383
22973
22375
22384
22974
22376
22385
22975
22377
22386
22976
22378
22387
22977
22379
22388
22978
22389
22979
22381
22390
22980
22382
22391
22981
22383
22392
22982
22384
22393
22983
22385
22394
22984
22386
22395
22985
22387
22396
22986
22388
22397
22987
22389
22398
22988
22399
22989
22391
22400
22990
22392
22401
22991
22393
22402
22992
22394
22403
22993
22395
22404
22994
22396
22405
22995
22397
22406
22996
22398
22407
22997
22399
22408
22998
22409
22999
22401
22410
23000
22402
22411
23001
22403
22412
23002
22404
22413
23003
22405
22414
23004
22406
22415
23005
22407
22416
23006
22408
22417
23007
22409
22418
23008
22419
23009
22411
22420
23010
22412
22421
23011
22413
22422
23012
22414
22423
23013
22415
22424
23014
22416
22425
23015
22417
22426
23016
22418
22427
23017
22419
22428
23018
22429
23019
22421
22430
23020
22422
22431
23021
22423
22432
23022
22424
22433
23023
22425
22434
23024
22426
22435
23025
22427
22436
23026
22428
22437
23027
22429
22438
23028
22439
23029
22431
22440
23030
22432
22441
23031
22433
22442
23032
22434
22443
23033
22435
22444
23034
22436
22445
23035
22437
22446
23036
22438
22447
23037
22439
22448
23038
22449
23039
22441
22450
23040
22442
22451
23041
22443
22452
23042
22444
22453
23043
22445
22454
23044
22446
22455
23045
22447
22456
23046
22448
22457
23047
22449
22458
23048
22459
23049
22451
22460
23050
22452
22461
23051
22453
22462
23052
22454
22463
23053
22455
22464
23054
22456
22465
23055
22457
22466
23056
22458
22467
23057
22459
22468
23058
22469
23059
22461
22470
23060
22462
22471
23061
22463
22472
23062
22464
22473
23063
22465
22474
23064
22466
22475
23065
22467
22476
23066
22468
22477
23067
22469
22478
23068
22479
23069
22471
22480
23070
22472
22481
23071
22473
22482
23072
22474
22483
23073
22475
22484
23074
22476
22485
23075
22477
22486
23076
22478
22487
23077
22479
22488
23078
22489
23079
22481
22490
23080
22482
22491
23081
22483
22492
23082
22484
22493
23083
22485
22494
23084
22486
22495
23085
22487
22496
23086
22488
22497
23087
22489
22498
23088
22499
23089
22491
22500
23090
22492
22501
23091
22493
22502
23092
22494
22503
23093
22495
22504
23094
22496
22505
23095
22497
22506
23096
22498
22507
23097
22499
22508
23098
22509
23099
22501
22510
23100
22502
22511
23101
22503
22512
23102
22504
22513
23103
22505
22514
23104
22506
22515
23105
22507
22516
23106
22508
22517
23107
22509
22518
23108
22519
23109
22511
22520
23110
22512
22521
23111
22513
22522
23112
22514
22523
23113
22515
22524
23114
22516
22525
23115
22517
22526
23116
22518
22527
23117
22519
22528
23118
22529
23119
22521
22530
23120
22522
22531
23121
22523
22532
23122
22524
22533
23123
22525
22534
23124
22526
22535
23125
22527
22536
23126
22528
22537
23127
22529
22538
23128
22539
23129
22531
22540
23130
22532
22541
23131
22533
22542
23132
22534
22543
23133
22535
22544
23134
22536
22545
23135
22537
22546
23136
22538
22547
23137
22539
22548
23138
22549
23139
22541
22550
23140
22542
22551
23141
22543
22552
23142
22544
22553
23143
22545
22554
23144
22546
22555
23145
22547
22556
23146
22548
22557
23147
22549
22558
23148
22559
23149
22551
22560
23150
22552
22561
23151
22553
22562
23152
22554
22563
23153
22555
22564
23154
22556
22565
23155
22557
22566
23156
22558
22567
23157
22559
22568
23158
22569
23159
22561
22570
23160
22562
22571
23161
22563
22572
23162
22564
22573
23163
22565
22574
23164
22566
22575
23165
22567
22576
23166
22568
22577
23167
22569
22578
23168
22579
23169
22571
22580
23170
22572
22581
23171
22573
22582
23172
22574
22583
23173
22575
22584
23174
22576
22585
23175
22577
22586
23176
22578
22587
23177
22579
22588
23178
22589
23179
22581
22590
23180
22582
22591
23181
22583
22592
23182
22584
22593
23183
22585
22594
23184
22586
22595
23185
22587
22596
23186
22588
22597
23187
22589
22598
23188
22599
23189
22591
22600
23190
22592
22601
23191
22593
22602
23192
22594
22603
23193
22595
22604
23194
22596
22605
23195
22597
22606
23196
22598
22607
23197
22599
22608
23198
22609
23199
22601
22610
23200
22602
22611
23201
22603
22612
23202
22604
22613
23203
22605
22614
23204
22606
22615
23205
22607
22616
23206
22608
22617
23207
22609
22618
23208
22619
23209
22611
22620
23210
22612
22621
23211
22613
22622
23212
22614
22623
23213
22615
22624
23214
22616
22625
23215
22617
22626
23216
22618
22627
23217
22619
22628
23218
22629
23219
22621
22630
23220
22622
22631
23221
22623
22632
23222
22624
22633
23223
22625
22634
23224
22626
22635
23225
22627
22636
23226
22628
22637
23227
22629
22638
23228
22639
23229
22631
22640
23230
22632
22641
23231
22633
22642
23232
22634
22643
23233
22635
22644
23234
22636
22645
23235
22637
22646
23236
22638
22647
23237
22639
22648
23238
22649
23239
22641
22650
23240
22642
22651
23241
22643
22652
23242
22644
22653
23243
22645
22654
23244
22646
22655
23245
22647
22656
23246
22648
22657
23247
22649
22658
23248
22659
23249
22651
22660
23250
22652
22661
23251
22653
22662
23252
22654
22663
23253
22655
22664
23254
22656
22665
23255
22657
22666
23256
22658
22667
23257
22659
22668
23258
22669
23259
22661
22670
23260
22662
22671
23261
22663
22672
23262
22664
22673
23263
22665
22674
23264
22666
22675
23265
22667
22676
23266
22668
22677
23267
22669
22678
23268
22679
23269
22671
22680
23270
22672
22681
23271
22673
22682
23272
22674
22683
23273
22675
22684
23274
22676
22685
23275
22677
22686
23276
22678
22687
23277
22679
22688
23278
22689
23279
22681
22690
23280
22682
22691
23281
22683
22692
23282
22684
22693
23283
22685
22694
23284
22686
22695
23285
22687
22696
23286
22688
22697
23287
22689
22698
23288
22699
23289
22691
22700
23290
22692
22701
23291
22693
22702
23292
22694
22703
23293
22695
22704
23294
22696
22705
23295
22697
22706
23296
22698
22707
23297
22699
22708
23298
22709
23299
22701
22710
23300
22702
22711
23301
22703
22712
23302
22704
22713
23303
22705
22714
23304
22706
22715
23305
22707
22716
23306
22708
22717
23307
22709
22718
23308
22719
23309
22711
22720
23310
22712
22721
23311
22713
22722
23312
22714
22723
23313
22715
22724
23314
22716
22725
23315
22717
22726
23316
22718
22727
23317
22719
22728
23318
22729
23319
22721
22730
23320
22722
22731
23321
22723
22732
23322
22724
22733
23323
22725
22734
23324
22726
22735
23325
22727
22736
23326
22728
22737
23327
22729
22738
23328
22739
23329
22731
22740
23330
22732
22741
23331
22733
22742
23332
22734
22743
23333
22735
22744
23334
22736
22745
23335
22737
22746
23336
22738
22747
23337
22739
22748
23338
22749
23339
22741
22750
23340
22742
22751
23341
22743
22752
23342
22744
22753
23343
22745
22754
23344
22746
22755
23345
22747
22756
23346
22748
22757
23347
22749
22758
23348
22759
23349
22751
22760
23350
22752
22761
23351
22753
22762
23352
22754
22763
23353
22755
22764
23354
22756
22765
23355
22757
22766
23356
22758
22767
23357
22759
22768
23358
22769
23359
22761
22770
23360
22762
22771
23361
22763
22772
23362
22764
22773
23363
22765
22774
23364
22766
22775
23365
22767
22776
23366
22768
22777
23367
22769
22778
23368
22779
23369
22771
22780
23370
22772
22781
23371
22773
22782
23372
22774
22783
23373
22775
22784
23374
22776
22785
23375
22777
22786
23376
22778
22787
23377
22779
22788
23378
22789
23379
22781
22790
23380
22782
22791
23381
22783
22792
23382
22784
22793
23383
22785
22794
23384
22786
22795
23385
22787
22796
23386
22788
22797
23387
22789
22798
23388
22799
23389
22791
23390
22792
23391
22793
23392
22794
23393
22795
23394
22796
23395
22797
23396
22798
23397
22799
23398
23399
22801
22810
23400
22802
22811
23401
22803
22812
23402
22804
22813
23403
22805
22814
23404
22806
22815
23405
22807
22816
23406
22808
22817
23407
22809
22818
23408
22819
23409
22811
22820
23410
22812
22821
23411
22813
22822
23412
22814
22823
23413
22815
22824
23414
22816
22825
23415
22817
22826
23416
22818
22827
23417
22819
22828
23418
22829
23419
22821
22830
23420
22822
22831
23421
22823
22832
23422
22824
22833
23423
22825
22834
23424
22826
22835
23425
22827
22836
23426
22828
22837
23427
22829
22838
23428
22839
23429
22831
22840
23430
22832
22841
23431
22833
22842
23432
22834
22843
23433
22835
22844
23434
22836
22845
23435
22837
22846
23436
22838
22847
23437
22839
22848
23438
22849
23439
22841
22850
23440
22842
22851
23441
22843
22852
23442
22844
22853
23443
22845
22854
23444
22846
22855
23445
22847
22856
23446
22848
22857
23447
22849
22858
23448
22859
23449
22851
22860
23450
22852
22861
23451
22853
22862
23452
22854
22863
23453
22855
22864
23454
22856
22865
23455
22857
22866
23456
22858
22867
23457
22859
22868
23458
22869
23459
22861
22870
23460
22862
22871
23461
22863
22872
23462
22864
22873
23463
22865
22874
23464
22866
22875
23465
22867
22876
23466
22868
22877
23467
22869
22878
23468
22879
23469
22871
22880
23470
22872
22881
23471
22873
22882
23472
22874
22883
23473
22875
22884
23474
22876
22885
23475
22877
22886
23476
22878
22887
23477
22879
22888
23478
22889
23479
22881
22890
23480
22882
22891
23481
22883
22892
23482
22884
22893
23483
22885
22894
23484
22886
22895
23485
22887
22896
23486
22888
22897
23487
22889
22898
23488
22899
23489
22891
22900
23490
22892
22901
23491
22893
22902
23492
22894
22903
23493
22895
22904
23494
22896
22905
23495
22897
22906
23496
22898
22907
23497
22899
22908
23498
22909
23499
22901
22910
23500
22902
22911
23501
22903
22912
23502
22904
22913
23503
22905
22914
23504
22906
22915
23505
22907
22916
23506
22908
22917
23507
22909
22918
23508
22919
23509
22911
22920
23510
22912
22921
23511
22913
22922
23512
22914
22923
23513
22915
22924
23514
22916
22925
23515
22917
22926
23516
22918
22927
23517
22919
22928
23518
22929
23519
22921
22930
23520
22922
22931
23521
22923
22932
23522
22924
22933
23523
22925
22934
23524
22926
22935
23525
22927
22936
23526
22928
22937
23527
22929
22938
23528
22939
23529
22931
22940
23530
22932
22941
23531
22933
22942
23532
22934
22943
23533
22935
22944
23534
22936
22945
23535
22937
22946
23536
22938
22947
23537
22939
22948
23538
22949
23539
22941
22950
23540
22942
22951
23541
22943
22952
23542
22944
22953
23543
22945
22954
23544
22946
22955
23545
22947
22956
23546
22948
22957
23547
22949
22958
23548
22959
23549
22951
22960
23550
22952
22961
23551
22953
22962
23552
22954
22963
23553
22955
22964
23554
22956
22965
23555
22957
22966
23556
22958
22967
23557
22959
22968
23558
22969
23559
22961
22970
23560
22962
22971
23561
22963
22972
23562
22964
22973
23563
22965
22974
23564
22966
22975
23565
22967
22976
23566
22968
22977
23567
22969
22978
23568
22979
23569
22971
22980
23570
22972
22981
23571
22973
22982
23572
22974
22983
23573
22975
22984
23574
22976
22985
23575
22977
22986
23576
22978
22987
23577
22979
22988
23578
22989
23579
22981
22990
23580
22982
22991
23581
22983
22992
23582
22984
22993
23583
22985
22994
23584
22986
22995
23585
22987
22996
23586
22988
22997
23587
22989
22998
23588
22999
23589
22991
23000
23590
22992
23001
23591
22993
23002
23592
22994
23003
23593
22995
23004
23594
22996
23005
23595
22997
23006
23596
22998
23007
23597
22999
23008
23598
23009
23599
23001
23010
23600
23002
23011
23601
23003
23012
23602
23004
23013
23603
23005
23014
23604
23006
23015
23605
23007
23016
23606
23008
23017
23607
23009
23018
23608
23019
23609
23011
23020
23610
23012
23021
23611
23013
23022
23612
23014
23023
23613
23015
23024
23614
23016
23025
23615
23017
23026
23616
23018
23027
23617
23019
23028
23618
23029
23619
23021
23030
23620
23022
23031
23621
23023
23032
23622
23024
23033
23623
23025
23034
23624
23026
23035
23625
23027
23036
23626
23028
23037
23627
23029
23038
23628
23039
23629
23031
23040
23630
23032
23041
23631
23033
23042
23632
23034
23043
23633
23035
23044
23634
23036
23045
23635
23037
23046
23636
23038
23047
23637
23039
23048
23638
23049
23639
23041
23050
23640
23042
23051
23641
23043
23052
23642
23044
23053
23643
23045
23054
23644
23046
23055
23645
23047
23056
23646
23048
23057
23647
23049
23058
23648
23059
23649
23051
23060
23650
23052
23061
23651
23053
23062
23652
23054
23063
23653
23055
23064
23654
23056
23065
23655
23057
23066
23656
23058
23067
23657
23059
23068
23658
23069
23659
23061
23070
23660
23062
23071
23661
23063
23072
23662
23064
23073
23663
23065
23074
23664
23066
23075
23665
23067
23076
23666
23068
23077
23667
23069
23078
23668
23079
23669
23071
23080
23670
23072
23081
23671
23073
23082
23672
23074
23083
23673
23075
23084
23674
23076
23085
23675
23077
23086
23676
23078
23087
23677
23079
23088
23678
23089
23679
23081
23090
23680
23082
23091
23681
23083
23092
23682
23084
23093
23683
23085
23094
23684
23086
23095
23685
23087
23096
23686
23088
23097
23687
23089
23098
23688
23099
23689
23091
23100
23690
23092
23101
23691
23093
23102
23692
23094
23103
23693
23095
23104
23694
23096
23105
23695
23097
23106
23696
23098
23107
23697
23099
23108
23698
23109
23699
23101
23110
23700
23102
23111
23701
23103
23112
23702
23104
23113
23703
23105
23114
23704
23106
23115
23705
23107
23116
23706
23108
23117
23707
23109
23118
23708
23119
23709
23111
23120
23710
23112
23121
23711
23113
23122
23712
23114
23123
23713
23115
23124
23714
23116
23125
23715
23117
23126
23716
23118
23127
23717
23119
23128
23718
23129
23719
23121
23130
23720
23122
23131
23721
23123
23132
23722
23124
23133
23723
23125
23134
23724
23126
23135
23725
23127
23136
23726
23128
23137
23727
23129
23138
23728
23139
23729
23131
23140
23730
23132
23141
23731
23133
23142
23732
23134
23143
23733
23135
23144
23734
23136
23145
23735
23137
23146
23736
23138
23147
23737
23139
23148
23738
23149
23739
23141
23150
23740
23142
23151
23741
23143
23152
23742
23144
23153
23743
23145
23154
23744
23146
23155
23745
23147
23156
23746
23148
23157
23747
23149
23158
23748
23159
23749
23151
23160
23750
23152
23161
23751
23153
23162
23752
23154
23163
23753
23155
23164
23754
23156
23165
23755
23157
23166
23756
23158
23167
23757
23159
23168
23758
23169
23759
23161
23170
23760
23162
23171
23761
23163
23172
23762
23164
23173
23763
23165
23174
23764
23166
23175
23765
23167
23176
23766
23168
23177
23767
23169
23178
23768
23179
23769
23171
23180
23770
23172
23181
23771
23173
23182
23772
23174
23183
23773
23175
23184
23774
23176
23185
23775
23177
23186
23776
23178
23187
23777
23179
23188
23778
23189
23779
23181
23190
23780
23182
23191
23781
23183
23192
23782
23184
23193
23783
23185
23194
23784
23186
23195
23785
23187
23196
23786
23188
23197
23787
23189
23198
23788
23199
23789
23191
23200
23790
23192
23201
23791
23193
23202
23792
23194
23203
23793
23195
23204
23794
23196
23205
23795
23197
23206
23796
23198
23207
23797
23199
23208
23798
23209
23799
23201
23210
23800
23202
23211
23801
23203
23212
23802
23204
23213
23803
23205
23214
23804
23206
23215
23805
23207
23216
23806
23208
23217
23807
23209
23218
23808
23219
23809
23211
23220
23810
23212
23221
23811
23213
23222
23812
23214
23223
23813
23215
23224
23814
23216
23225
23815
23217
23226
23816
23218
23227
23817
23219
23228
23818
23229
23819
23221
23230
23820
23222
23231
23821
23223
23232
23822
23224
23233
23823
23225
23234
23824
23226
23235
23825
23227
23236
23826
23228
23237
23827
23229
23238
23828
23239
23829
23231
23240
23830
23232
23241
23831
23233
23242
23832
23234
23243
23833
23235
23244
23834
23236
23245
23835
23237
23246
23836
23238
23247
23837
23239
23248
23838
23249
23839
23241
23250
23840
23242
23251
23841
23243
23252
23842
23244
23253
23843
23245
23254
23844
23246
23255
23845
23247
23256
23846
23248
23257
23847
23249
23258
23848
23259
23849
23251
23260
23850
23252
23261
23851
23253
23262
23852
23254
23263
23853
23255
23264
23854
23256
23265
23855
23257
23266
23856
23258
23267
23857
23259
23268
23858
23269
23859
23261
23270
23860
23262
23271
23861
23263
23272
23862
23264
23273
23863
23265
23274
23864
23266
23275
23865
23267
23276
23866
23268
23277
23867
23269
23278
23868
23279
23869
23271
23280
23870
23272
23281
23871
23273
23282
23872
23274
23283
23873
23275
23284
23874
23276
23285
23875
23277
23286
23876
23278
23287
23877
23279
23288
23878
23289
23879
23281
23290
23880
23282
23291
23881
23283
23292
23882
23284
23293
23883
23285
23294
23884
23286
23295
23885
23287
23296
23886
23288
23297
23887
23289
23298
23888
23299
23889
23291
23300
23890
23292
23301
23891
23293
23302
23892
23294
23303
23893
23295
23304
23894
23296
23305
23895
23297
23306
23896
23298
23307
23897
23299
23308
23898
23309
23899
23301
23310
23900
23302
23311
23901
23303
23312
23902
23304
23313
23903
23305
23314
23904
23306
23315
23905
23307
23316
23906
23308
23317
23907
23309
23318
23908
23319
23909
23311
23320
23910
23312
23321
23911
23313
23322
23912
23314
23323
23913
23315
23324
23914
23316
23325
23915
23317
23326
23916
23318
23327
23917
23319
23328
23918
23329
23919
23321
23330
23920
23322
23331
23921
23323
23332
23922
23324
23333
23923
23325
23334
23924
23326
23335
23925
23327
23336
23926
23328
23337
23927
23329
23338
23928
23339
23929
23331
23340
23930
23332
23341
23931
23333
23342
23932
23334
23343
23933
23335
23344
23934
23336
23345
23935
23337
23346
23936
23338
23347
23937
23339
23348
23938
23349
23939
23341
23350
23940
23342
23351
23941
23343
23352
23942
23344
23353
23943
23345
23354
23944
23346
23355
23945
23347
23356
23946
23348
23357
23947
23349
23358
23948
23359
23949
23351
23360
23950
23352
23361
23951
23353
23362
23952
23354
23363
23953
23355
23364
23954
23356
23365
23955
23357
23366
23956
23358
23367
23957
23359
23368
23958
23369
23959
23361
23370
23960
23362
23371
23961
23363
23372
23962
23364
23373
23963
23365
23374
23964
23366
23375
23965
23367
23376
23966
23368
23377
23967
23369
23378
23968
23379
23969
23371
23380
23970
23372
23381
23971
23373
23382
23972
23374
23383
23973
23375
23384
23974
23376
23385
23975
23377
23386
23976
23378
23387
23977
23379
23388
23978
23389
23979
23381
23390
23980
23382
23391
23981
23383
23392
23982
23384
23393
23983
23385
23394
23984
23386
23395
23985
23387
23396
23986
23388
23397
23987
23389
23398
23988
23399
23989
23391
23990
23392
23991
23393
23992
23394
23993
23395
23994
23396
23995
23397
23996
23398
23997
23399
23998
23999
23401
23410
24000
23402
23411
24001
23403
23412
24002
23404
23413
24003
23405
23414
24004
23406
23415
24005
23407
23416
24006
23408
23417
24007
23409
23418
24008
23419
24009
23411
23420
24010
23412
23421
24011
23413
23422
24012
23414
23423
24013
23415
23424
24014
23416
23425
24015
23417
23426
24016
23418
23427
24017
23419
23428
24018
23429
24019
23421
23430
24020
23422
23431
24021
23423
23432
24022
23424
23433
24023
23425
23434
24024
23426
23435
24025
23427
23436
24026
23428
23437
24027
23429
23438
24028
23439
24029
23431
23440
24030
23432
23441
24031
23433
23442
24032
23434
23443
24033
23435
23444
24034
23436
23445
24035
23437
23446
24036
23438
23447
24037
23439
23448
24038
23449
24039
23441
23450
24040
23442
23451
24041
23443
23452
24042
23444
23453
24043
23445
23454
24044
23446
23455
24045
23447
23456
24046
23448
23457
24047
23449
23458
24048
23459
24049
23451
23460
24050
23452
23461
24051
23453
23462
24052
23454
23463
24053
23455
23464
24054
23456
23465
24055
23457
23466
24056
23458
23467
24057
23459
23468
24058
23469
24059
23461
23470
24060
23462
23471
24061
23463
23472
24062
23464
23473
24063
23465
23474
24064
23466
23475
24065
23467
23476
24066
23468
23477
24067
23469
23478
24068
23479
24069
23471
23480
24070
23472
23481
24071
23473
23482
24072
23474
23483
24073
23475
23484
24074
23476
23485
24075
23477
23486
24076
23478
23487
24077
23479
23488
24078
23489
24079
23481
23490
24080
23482
23491
24081
23483
23492
24082
23484
23493
24083
23485
23494
24084
23486
23495
24085
23487
23496
24086
23488
23497
24087
23489
23498
24088
23499
24089
23491
23500
24090
23492
23501
24091
23493
23502
24092
23494
23503
24093
23495
23504
24094
23496
23505
24095
23497
23506
24096
23498
23507
24097
23499
23508
24098
23509
24099
23501
23510
24100
23502
23511
24101
23503
23512
24102
23504
23513
24103
23505
23514
24104
23506
23515
24105
23507
23516
24106
23508
23517
24107
23509
23518
24108
23519
24109
23511
23520
24110
23512
23521
24111
23513
23522
24112
23514
23523
24113
23515
23524
24114
23516
23525
24115
23517
23526
24116
23518
23527
24117
23519
23528
24118
23529
24119
23521
23530
24120
23522
23531
24121
23523
23532
24122
23524
23533
24123
23525
23534
24124
23526
23535
24125
23527
23536
24126
23528
23537
24127
23529
23538
24128
23539
24129
23531
23540
24130
23532
23541
24131
23533
23542
24132
23534
23543
24133
23535
23544
24134
23536
23545
24135
23537
23546
24136
23538
23547
24137
23539
23548
24138
23549
24139
23541
23550
24140
23542
23551
24141
23543
23552
24142
23544
23553
24143
23545
23554
24144
23546
23555
24145
23547
23556
24146
23548
23557
24147
23549
23558
24148
23559
24149
23551
23560
24150
23552
23561
24151
23553
23562
24152
23554
23563
24153
23555
23564
24154
23556
23565
24155
23557
23566
24156
23558
23567
24157
23559
23568
24158
23569
24159
23561
23570
24160
23562
23571
24161
23563
23572
24162
23564
23573
24163
23565
23574
24164
23566
23575
24165
23567
23576
24166
23568
23577
24167
23569
23578
24168
23579
24169
23571
23580
24170
23572
23581
24171
23573
23582
24172
23574
23583
24173
23575
23584
24174
23576
23585
24175
23577
23586
24176
23578
23587
24177
23579
23588
24178
23589
24179
23581
23590
24180
23582
23591
24181
23583
23592
24182
23584
23593
24183
23585
23594
24184
23586
23595
24185
23587
23596
24186
23588
23597
24187
23589
23598
24188
23599
24189
23591
23600
24190
23592
23601
24191
23593
23602
24192
23594
23603
24193
23595
23604
24194
23596
23605
24195
23597
23606
24196
23598
23607
24197
23599
23608
24198
23609
24199
23601
23610
24200
23602
23611
24201
23603
23612
24202
23604
23613
24203
23605
23614
24204
23606
23615
24205
23607
23616
24206
23608
23617
24207
23609
23618
24208
23619
24209
23611
23620
24210
23612
23621
24211
23613
23622
24212
23614
23623
24213
23615
23624
24214
23616
23625
24215
23617
23626
24216
23618
23627
24217
23619
23628
24218
23629
24219
23621
23630
24220
23622
23631
24221
23623
23632
24222
23624
23633
24223
23625
23634
24224
23626
23635
24225
23627
23636
24226
23628
23637
24227
23629
23638
24228
23639
24229
23631
23640
24230
23632
23641
24231
23633
23642
24232
23634
23643
24233
23635
23644
24234
23636
23645
24235
23637
23646
24236
23638
23647
24237
23639
23648
24238
23649
24239
23641
23650
24240
23642
23651
24241
23643
23652
24242
23644
23653
24243
23645
23654
24244
23646
23655
24245
23647
23656
24246
23648
23657
24247
23649
23658
24248
23659
24249
23651
23660
24250
23652
23661
24251
23653
23662
24252
23654
23663
24253
23655
23664
24254
23656
23665
24255
23657
23666
24256
23658
23667
24257
23659
23668
24258
23669
24259
23661
23670
24260
23662
23671
24261
23663
23672
24262
23664
23673
24263
23665
23674
24264
23666
23675
24265
23667
23676
24266
23668
23677
24267
23669
23678
24268
23679
24269
23671
23680
24270
23672
23681
24271
23673
23682
24272
23674
23683
24273
23675
23684
24274
23676
23685
24275
23677
23686
24276
23678
23687
24277
23679
23688
24278
23689
24279
23681
23690
24280
23682
23691
24281
23683
23692
24282
23684
23693
24283
23685
23694
24284
23686
23695
24285
23687
23696
24286
23688
23697
24287
23689
23698
24288
23699
24289
23691
23700
24290
23692
23701
24291
23693
23702
24292
23694
23703
24293
23695
23704
24294
23696
23705
24295
23697
23706
24296
23698
23707
24297
23699
23708
24298
23709
24299
23701
23710
24300
23702
23711
24301
23703
23712
24302
23704
23713
24303
23705
23714
24304
23706
23715
24305
23707
23716
24306
23708
23717
24307
23709
23718
24308
23719
24309
23711
23720
24310
23712
23721
24311
23713
23722
24312
23714
23723
24313
23715
23724
24314
23716
23725
24315
23717
23726
24316
23718
23727
24317
23719
23728
24318
23729
24319
23721
23730
24320
23722
23731
24321
23723
23732
24322
23724
23733
24323
23725
23734
24324
23726
23735
24325
23727
23736
24326
23728
23737
24327
23729
23738
24328
23739
24329
23731
23740
24330
23732
23741
24331
23733
23742
24332
23734
23743
24333
23735
23744
24334
23736
23745
24335
23737
23746
24336
23738
23747
24337
23739
23748
24338
23749
24339
23741
23750
24340
23742
23751
24341
23743
23752
24342
23744
23753
24343
23745
23754
24344
23746
23755
24345
23747
23756
24346
23748
23757
24347
23749
23758
24348
23759
24349
23751
23760
24350
23752
23761
24351
23753
23762
24352
23754
23763
24353
23755
23764
24354
23756
23765
24355
23757
23766
24356
23758
23767
24357
23759
23768
24358
23769
24359
23761
23770
24360
23762
23771
24361
23763
23772
24362
23764
23773
24363
23765
23774
24364
23766
23775
24365
23767
23776
24366
23768
23777
24367
23769
23778
24368
23779
24369
23771
23780
24370
23772
23781
24371
23773
23782
24372
23774
23783
24373
23775
23784
24374
23776
23785
24375
23777
23786
24376
23778
23787
24377
23779
23788
24378
23789
24379
23781
23790
24380
23782
23791
24381
23783
23792
24382
23784
23793
24383
23785
23794
24384
23786
23795
24385
23787
23796
24386
23788
23797
24387
23789
23798
24388
23799
24389
23791
23800
24390
23792
23801
24391
23793
23802
24392
23794
23803
24393
23795
23804
24394
23796
23805
24395
23797
23806
24396
23798
23807
24397
23799
23808
24398
23809
24399
23801
23810
24400
23802
23811
24401
23803
23812
24402
23804
23813
24403
23805
23814
24404
23806
23815
24405
23807
23816
24406
23808
23817
24407
23809
23818
24408
23819
24409
23811
23820
24410
23812
23821
24411
23813
23822
24412
23814
23823
24413
23815
23824
24414
23816
23825
24415
23817
23826
24416
23818
23827
24417
23819
23828
24418
23829
24419
23821
23830
24420
23822
23831
24421
23823
23832
24422
23824
23833
24423
23825
23834
24424
23826
23835
24425
23827
23836
24426
23828
23837
24427
23829
23838
24428
23839
24429
23831
23840
24430
23832
23841
24431
23833
23842
24432
23834
23843
24433
23835
23844
24434
23836
23845
24435
23837
23846
24436
23838
23847
24437
23839
23848
24438
23849
24439
23841
23850
24440
23842
23851
24441
23843
23852
24442
23844
23853
24443
23845
23854
24444
23846
23855
24445
23847
23856
24446
23848
23857
24447
23849
23858
24448
23859
24449
23851
23860
24450
23852
23861
24451
23853
23862
24452
23854
23863
24453
23855
23864
24454
23856
23865
24455
23857
23866
24456
23858
23867
24457
23859
23868
24458
23869
24459
23861
23870
24460
23862
23871
24461
23863
23872
24462
23864
23873
24463
23865
23874
24464
23866
23875
24465
23867
23876
24466
23868
23877
24467
23869
23878
24468
23879
24469
23871
23880
24470
23872
23881
24471
23873
23882
24472
23874
23883
24473
23875
23884
24474
23876
23885
24475
23877
23886
24476
23878
23887
24477
23879
23888
24478
23889
24479
23881
23890
24480
23882
23891
24481
23883
23892
24482
23884
23893
24483
23885
23894
24484
23886
23895
24485
23887
23896
24486
23888
23897
24487
23889
23898
24488
23899
24489
23891
23900
24490
23892
23901
24491
23893
23902
24492
23894
23903
24493
23895
23904
24494
23896
23905
24495
23897
23906
24496
23898
23907
24497
23899
23908
24498
23909
24499
23901
23910
24500
23902
23911
24501
23903
23912
24502
23904
23913
24503
23905
23914
24504
23906
23915
24505
23907
23916
24506
23908
23917
24507
23909
23918
24508
23919
24509
23911
23920
24510
23912
23921
24511
23913
23922
24512
23914
23923
24513
23915
23924
24514
23916
23925
24515
23917
23926
24516
23918
23927
24517
23919
23928
24518
23929
24519
23921
23930
24520
23922
23931
24521
23923
23932
24522
23924
23933
24523
23925
23934
24524
23926
23935
24525
23927
23936
24526
23928
23937
24527
23929
23938
24528
23939
24529
23931
23940
24530
23932
23941
24531
23933
23942
24532
23934
23943
24533
23935
23944
24534
23936
23945
24535
23937
23946
24536
23938
23947
24537
23939
23948
24538
23949
24539
23941
23950
24540
23942
23951
24541
23943
23952
24542
23944
23953
24543
23945
23954
24544
23946
23955
24545
23947
23956
24546
23948
23957
24547
23949
23958
24548
23959
24549
23951
23960
24550
23952
23961
24551
23953
23962
24552
23954
23963
24553
23955
23964
24554
23956
23965
24555
23957
23966
24556
23958
23967
24557
23959
23968
24558
23969
24559
23961
23970
24560
23962
23971
24561
23963
23972
24562
23964
23973
24563
23965
23974
24564
23966
23975
24565
23967
23976
24566
23968
23977
24567
23969
23978
24568
23979
24569
23971
23980
24570
23972
23981
24571
23973
23982
24572
23974
23983
24573
23975
23984
24574
23976
23985
24575
23977
23986
24576
23978
23987
24577
23979
23988
24578
23989
24579
23981
23990
24580
23982
23991
24581
23983
23992
24582
23984
23993
24583
23985
23994
24584
23986
23995
24585
23987
23996
24586
23988
23997
24587
23989
23998
24588
23999
24589
23991
24590
23992
24591
23993
24592
23994
24593
23995
24594
23996
24595
23997
24596
23998
24597
23999
24598
24599
24001
24010
24600
24002
24011
24601
24003
24012
24602
24004
24013
24603
24005
24014
24604
24006
24015
24605
24007
24016
24606
24008
24017
24607
24009
24018
24608
24019
24609
24011
24020
24610
24012
24021
24611
24013
24022
24612
24014
24023
24613
24015
24024
24614
24016
24025
24615
24017
24026
24616
24018
24027
24617
24019
24028
24618
24029
24619
24021
24030
24620
24022
24031
24621
24023
24032
24622
24024
24033
24623
24025
24034
24624
24026
24035
24625
24027
24036
24626
24028
24037
24627
24029
24038
24628
24039
24629
24031
24040
24630
24032
24041
24631
24033
24042
24632
24034
24043
24633
24035
24044
24634
24036
24045
24635
24037
24046
24636
24038
24047
24637
24039
24048
24638
24049
24639
24041
24050
24640
24042
24051
24641
24043
24052
24642
24044
24053
24643
24045
24054
24644
24046
24055
24645
24047
24056
24646
24048
24057
24647
24049
24058
24648
24059
24649
24051
24060
24650
24052
24061
24651
24053
24062
24652
24054
24063
24653
24055
24064
24654
24056
24065
24655
24057
24066
24656
24058
24067
24657
24059
24068
24658
24069
24659
24061
24070
24660
24062
24071
24661
24063
24072
24662
24064
24073
24663
24065
24074
24664
24066
24075
24665
24067
24076
24666
24068
24077
24667
24069
24078
24668
24079
24669
24071
24080
24670
24072
24081
24671
24073
24082
24672
24074
24083
24673
24075
24084
24674
24076
24085
24675
24077
24086
24676
24078
24087
24677
24079
24088
24678
24089
24679
24081
24090
24680
24082
24091
24681
24083
24092
24682
24084
24093
24683
24085
24094
24684
24086
24095
24685
24087
24096
24686
24088
24097
24687
24089
24098
24688
24099
24689
24091
24100
24690
24092
24101
24691
24093
24102
24692
24094
24103
24693
24095
24104
24694
24096
24105
24695
24097
24106
24696
24098
24107
24697
24099
24108
24698
24109
24699
24101
24110
24700
24102
24111
24701
24103
24112
24702
24104
24113
24703
24105
24114
24704
24106
24115
24705
24107
24116
24706
24108
24117
24707
24109
24118
24708
24119
24709
24111
24120
24710
24112
24121
24711
24113
24122
24712
24114
24123
24713
24115
24124
24714
24116
24125
24715
24117
24126
24716
24118
24127
24717
24119
24128
24718
24129
24719
24121
24130
24720
24122
24131
24721
24123
24132
24722
24124
24133
24723
24125
24134
24724
24126
24135
24725
24127
24136
24726
24128
24137
24727
24129
24138
24728
24139
24729
24131
24140
24730
24132
24141
24731
24133
24142
24732
24134
24143
24733
24135
24144
24734
24136
24145
24735
24137
24146
24736
24138
24147
24737
24139
24148
24738
24149
24739
24141
24150
24740
24142
24151
24741
24143
24152
24742
24144
24153
24743
24145
24154
24744
24146
24155
24745
24147
24156
24746
24148
24157
24747
24149
24158
24748
24159
24749
24151
24160
24750
24152
24161
24751
24153
24162
24752
24154
24163
24753
24155
24164
24754
24156
24165
24755
24157
24166
24756
24158
24167
24757
24159
24168
24758
24169
24759
24161
24170
24760
24162
24171
24761
24163
24172
24762
24164
24173
24763
24165
24174
24764
24166
24175
24765
24167
24176
24766
24168
24177
24767
24169
24178
24768
24179
24769
24171
24180
24770
24172
24181
24771
24173
24182
24772
24174
24183
24773
24175
24184
24774
24176
24185
24775
24177
24186
24776
24178
24187
24777
24179
24188
24778
24189
24779
24181
24190
24780
24182
24191
24781
24183
24192
24782
24184
24193
24783
24185
24194
24784
24186
24195
24785
24187
24196
24786
24188
24197
24787
24189
24198
24788
24199
24789
24191
24200
24790
24192
24201
24791
24193
24202
24792
24194
24203
24793
24195
24204
24794
24196
24205
24795
24197
24206
24796
24198
24207
24797
24199
24208
24798
24209
24799
24201
24210
24800
24202
24211
24801
24203
24212
24802
24204
24213
24803
24205
24214
24804
24206
24215
24805
24207
24216
24806
24208
24217
24807
24209
24218
24808
24219
24809
24211
24220
24810
24212
24221
24811
24213
24222
24812
24214
24223
24813
24215
24224
24814
24216
24225
24815
24217
24226
24816
24218
24227
24817
24219
24228
24818
24229
24819
24221
24230
24820
24222
24231
24821
24223
24232
24822
24224
24233
24823
24225
24234
24824
24226
24235
24825
24227
24236
24826
24228
24237
24827
24229
24238
24828
24239
24829
24231
24240
24830
24232
24241
24831
24233
24242
24832
24234
24243
24833
24235
24244
24834
24236
24245
24835
24237
24246
24836
24238
24247
24837
24239
24248
24838
24249
24839
24241
24250
24840
24242
24251
24841
24243
24252
24842
24244
24253
24843
24245
24254
24844
24246
24255
24845
24247
24256
24846
24248
24257
24847
24249
24258
24848
24259
24849
24251
24260
24850
24252
24261
24851
24253
24262
24852
24254
24263
24853
24255
24264
24854
24256
24265
24855
24257
24266
24856
24258
24267
24857
24259
24268
24858
24269
24859
24261
24270
24860
24262
24271
24861
24263
24272
24862
24264
24273
24863
24265
24274
24864
24266
24275
24865
24267
24276
24866
24268
24277
24867
24269
24278
24868
24279
24869
24271
24280
24870
24272
24281
24871
24273
24282
24872
24274
24283
24873
24275
24284
24874
24276
24285
24875
24277
24286
24876
24278
24287
24877
24279
24288
24878
24289
24879
24281
24290
24880
24282
24291
24881
24283
24292
24882
24284
24293
24883
24285
24294
24884
24286
24295
24885
24287
24296
24886
24288
24297
24887
24289
24298
24888
24299
24889
24291
24300
24890
24292
24301
24891
24293
24302
24892
24294
24303
24893
24295
24304
24894
24296
24305
24895
24297
24306
24896
24298
24307
24897
24299
24308
24898
24309
24899
24301
24310
24900
24302
24311
24901
24303
24312
24902
24304
24313
24903
24305
24314
24904
24306
24315
24905
24307
24316
24906
24308
24317
24907
24309
24318
24908
24319
24909
24311
24320
24910
24312
24321
24911
24313
24322
24912
24314
24323
24913
24315
24324
24914
24316
24325
24915
24317
24326
24916
24318
24327
24917
24319
24328
24918
24329
24919
24321
24330
24920
24322
24331
24921
24323
24332
24922
24324
24333
24923
24325
24334
24924
24326
24335
24925
24327
24336
24926
24328
24337
24927
24329
24338
24928
24339
24929
24331
24340
24930
24332
24341
24931
24333
24342
24932
24334
24343
24933
24335
24344
24934
24336
24345
24935
24337
24346
24936
24338
24347
24937
24339
24348
24938
24349
24939
24341
24350
24940
24342
24351
24941
24343
24352
24942
24344
24353
24943
24345
24354
24944
24346
24355
24945
24347
24356
24946
24348
24357
24947
24349
24358
24948
24359
24949
24351
24360
24950
24352
24361
24951
24353
24362
24952
24354
24363
24953
24355
24364
24954
24356
24365
24955
24357
24366
24956
24358
24367
24957
24359
24368
24958
24369
24959
24361
24370
24960
24362
24371
24961
24363
24372
24962
24364
24373
24963
24365
24374
24964
24366
24375
24965
24367
24376
24966
24368
24377
24967
24369
24378
24968
24379
24969
24371
24380
24970
24372
24381
24971
24373
24382
24972
24374
24383
24973
24375
24384
24974
24376
24385
24975
24377
24386
24976
24378
24387
24977
24379
24388
24978
24389
24979
24381
24390
24980
24382
24391
24981
24383
24392
24982
24384
24393
24983
24385
24394
24984
24386
24395
24985
24387
24396
24986
24388
24397
24987
24389
24398
24988
24399
24989
24391
24400
24990
24392
24401
24991
24393
24402
24992
24394
24403
24993
24395
24404
24994
24396
24405
24995
24397
24406
24996
24398
24407
24997
24399
24408
24998
24409
24999
24401
24410
25000
24402
24411
25001
24403
24412
25002
24404
24413
25003
24405
24414
25004
24406
24415
25005
24407
24416
25006
24408
24417
25007
24409
24418
25008
24419
25009
24411
24420
25010
24412
24421
25011
24413
24422
25012
24414
24423
25013
24415
24424
25014
24416
24425
25015
24417
24426
25016
24418
24427
25017
24419
24428
25018
24429
25019
24421
24430
25020
24422
24431
25021
24423
24432
25022
24424
24433
25023
24425
24434
25024
24426
24435
25025
24427
24436
25026
24428
24437
25027
24429
24438
25028
24439
25029
24431
24440
25030
24432
24441
25031
24433
24442
25032
24434
24443
25033
24435
24444
25034
24436
24445
25035
24437
24446
25036
24438
24447
25037
24439
24448
25038
24449
25039
24441
24450
25040
24442
24451
25041
24443
24452
25042
24444
24453
25043
24445
24454
25044
24446
24455
25045
24447
24456
25046
24448
24457
25047
24449
24458
25048
24459
25049
24451
24460
25050
24452
24461
25051
24453
24462
25052
24454
24463
25053
24455
24464
25054
24456
24465
25055
24457
24466
25056
24458
24467
25057
24459
24468
25058
24469
25059
24461
24470
25060
24462
24471
25061
24463
24472
25062
24464
24473
25063
24465
24474
25064
24466
24475
25065
24467
24476
25066
24468
24477
25067
24469
24478
25068
24479
25069
24471
24480
25070
24472
24481
25071
24473
24482
25072
24474
24483
25073
24475
24484
25074
24476
24485
25075
24477
24486
25076
24478
24487
25077
24479
24488
25078
24489
25079
24481
24490
25080
24482
24491
25081
24483
24492
25082
24484
24493
25083
24485
24494
25084
24486
24495
25085
24487
24496
25086
24488
24497
25087
24489
24498
25088
24499
25089
24491
24500
25090
24492
24501
25091
24493
24502
25092
24494
24503
25093
24495
24504
25094
24496
24505
25095
24497
24506
25096
24498
24507
25097
24499
24508
25098
24509
25099
24501
24510
25100
24502
24511
25101
24503
24512
25102
24504
24513
25103
24505
24514
25104
24506
24515
25105
24507
24516
25106
24508
24517
25107
24509
24518
25108
24519
25109
24511
24520
25110
24512
24521
25111
24513
24522
25112
24514
24523
25113
24515
24524
25114
24516
24525
25115
24517
24526
25116
24518
24527
25117
24519
24528
25118
24529
25119
24521
24530
25120
24522
24531
25121
24523
24532
25122
24524
24533
25123
24525
24534
25124
24526
24535
25125
24527
24536
25126
24528
24537
25127
24529
24538
25128
24539
25129
24531
24540
25130
24532
24541
25131
24533
24542
25132
24534
24543
25133
24535
24544
25134
24536
24545
25135
24537
24546
25136
24538
24547
25137
24539
24548
25138
24549
25139
24541
24550
25140
24542
24551
25141
24543
24552
25142
24544
24553
25143
24545
24554
25144
24546
24555
25145
24547
24556
25146
24548
24557
25147
24549
24558
25148
24559
25149
24551
24560
25150
24552
24561
25151
24553
24562
25152
24554
24563
25153
24555
24564
25154
24556
24565
25155
24557
24566
25156
24558
24567
25157
24559
24568
25158
24569
25159
24561
24570
25160
24562
24571
25161
24563
24572
25162
24564
24573
25163
24565
24574
25164
24566
24575
25165
24567
24576
25166
24568
24577
25167
24569
24578
25168
24579
25169
24571
24580
25170
24572
24581
25171
24573
24582
25172
24574
24583
25173
24575
24584
25174
24576
24585
25175
24577
24586
25176
24578
24587
25177
24579
24588
25178
24589
25179
24581
24590
25180
24582
24591
25181
24583
24592
25182
24584
24593
25183
24585
24594
25184
24586
24595
25185
24587
24596
25186
24588
24597
25187
24589
24598
25188
24599
25189
24591
25190
24592
25191
24593
25192
24594
25193
24595
25194
24596
25195
24597
25196
24598
25197
24599
25198
25199
24601
24610
25200
24602
24611
25201
24603
24612
25202
24604
24613
25203
24605
24614
25204
24606
24615
25205
24607
24616
25206
24608
24617
25207
24609
24618
25208
24619
25209
24611
24620
25210
24612
24621
25211
24613
24622
25212
24614
24623
25213
24615
24624
25214
24616
24625
25215
24617
24626
25216
24618
24627
25217
24619
24628
25218
24629
25219
24621
24630
25220
24622
24631
25221
24623
24632
25222
24624
24633
25223
24625
24634
25224
24626
24635
25225
24627
24636
25226
24628
24637
25227
24629
24638
25228
24639
25229
24631
24640
25230
24632
24641
25231
24633
24642
25232
24634
24643
25233
24635
24644
25234
24636
24645
25235
24637
24646
25236
24638
24647
25237
24639
24648
25238
24649
25239
24641
24650
25240
24642
24651
25241
24643
24652
25242
24644
24653
25243
24645
24654
25244
24646
24655
25245
24647
24656
25246
24648
24657
25247
24649
24658
25248
24659
25249
24651
24660
25250
24652
24661
25251
24653
24662
25252
24654
24663
25253
24655
24664
25254
24656
24665
25255
24657
24666
25256
24658
24667
25257
24659
24668
25258
24669
25259
24661
24670
25260
24662
24671
25261
24663
24672
25262
24664
24673
25263
24665
24674
25264
24666
24675
25265
24667
24676
25266
24668
24677
25267
24669
24678
25268
24679
25269
24671
24680
25270
24672
24681
25271
24673
24682
25272
24674
24683
25273
24675
24684
25274
24676
24685
25275
24677
24686
25276
24678
24687
25277
24679
24688
25278
24689
25279
24681
24690
25280
24682
24691
25281
24683
24692
25282
24684
24693
25283
24685
24694
25284
24686
24695
25285
24687
24696
25286
24688
24697
25287
24689
24698
25288
24699
25289
24691
24700
25290
24692
24701
25291
24693
24702
25292
24694
24703
25293
24695
24704
25294
24696
24705
25295
24697
24706
25296
24698
24707
25297
24699
24708
25298
24709
25299
24701
24710
25300
24702
24711
25301
24703
24712
25302
24704
24713
25303
24705
24714
25304
24706
24715
25305
24707
24716
25306
24708
24717
25307
24709
24718
25308
24719
25309
24711
24720
25310
24712
24721
25311
24713
24722
25312
24714
24723
25313
24715
24724
25314
24716
24725
25315
24717
24726
25316
24718
24727
25317
24719
24728
25318
24729
25319
24721
24730
25320
24722
24731
25321
24723
24732
25322
24724
24733
25323
24725
24734
25324
24726
24735
25325
24727
24736
25326
24728
24737
25327
24729
24738
25328
24739
25329
24731
24740
25330
24732
24741
25331
24733
24742
25332
24734
24743
25333
24735
24744
25334
24736
24745
25335
24737
24746
25336
24738
24747
25337
24739
24748
25338
24749
25339
24741
24750
25340
24742
24751
25341
24743
24752
25342
24744
24753
25343
24745
24754
25344
24746
24755
25345
24747
24756
25346
24748
24757
25347
24749
24758
25348
24759
25349
24751
24760
25350
24752
24761
25351
24753
24762
25352
24754
24763
25353
24755
24764
25354
24756
24765
25355
24757
24766
25356
24758
24767
25357
24759
24768
25358
24769
25359
24761
24770
25360
24762
24771
25361
24763
24772
25362
24764
24773
25363
24765
24774
25364
24766
24775
25365
24767
24776
25366
24768
24777
25367
24769
24778
25368
24779
25369
24771
24780
25370
24772
24781
25371
24773
24782
25372
24774
24783
25373
24775
24784
25374
24776
24785
25375
24777
24786
25376
24778
24787
25377
24779
24788
25378
24789
25379
24781
24790
25380
24782
24791
25381
24783
24792
25382
24784
24793
25383
24785
24794
25384
24786
24795
25385
24787
24796
25386
24788
24797
25387
24789
24798
25388
24799
25389
24791
24800
25390
24792
24801
25391
24793
24802
25392
24794
24803
25393
24795
24804
25394
24796
24805
25395
24797
24806
25396
24798
24807
25397
24799
24808
25398
24809
25399
24801
24810
25400
24802
24811
25401
24803
24812
25402
24804
24813
25403
24805
24814
25404
24806
24815
25405
24807
24816
25406
24808
24817
25407
24809
24818
25408
24819
25409
24811
24820
25410
24812
24821
25411
24813
24822
25412
24814
24823
25413
24815
24824
25414
24816
24825
25415
24817
24826
25416
24818
24827
25417
24819
24828
25418
24829
25419
24821
24830
25420
24822
24831
25421
24823
24832
25422
24824
24833
25423
24825
24834
25424
24826
24835
25425
24827
24836
25426
24828
24837
25427
24829
24838
25428
24839
25429
24831
24840
25430
24832
24841
25431
24833
24842
25432
24834
24843
25433
24835
24844
25434
24836
24845
25435
24837
24846
25436
24838
24847
25437
24839
24848
25438
24849
25439
24841
24850
25440
24842
24851
25441
24843
24852
25442
24844
24853
25443
24845
24854
25444
24846
24855
25445
24847
24856
25446
24848
24857
25447
24849
24858
25448
24859
25449
24851
24860
25450
24852
24861
25451
24853
24862
25452
24854
24863
25453
24855
24864
25454
24856
24865
25455
24857
24866
25456
24858
24867
25457
24859
24868
25458
24869
25459
24861
24870
25460
24862
24871
25461
24863
24872
25462
24864
24873
25463
24865
24874
25464
24866
24875
25465
24867
24876
25466
24868
24877
25467
24869
24878
25468
24879
25469
24871
24880
25470
24872
24881
25471
24873
24882
25472
24874
24883
25473
24875
24884
25474
24876
24885
25475
24877
24886
25476
24878
24887
25477
24879
24888
25478
24889
25479
24881
24890
25480
24882
24891
25481
24883
24892
25482
24884
24893
25483
24885
24894
25484
24886
24895
25485
24887
24896
25486
24888
24897
25487
24889
24898
25488
24899
25489
24891
24900
25490
24892
24901
25491
24893
24902
25492
24894
24903
25493
24895
24904
25494
24896
24905
25495
24897
24906
25496
24898
24907
25497
24899
24908
25498
24909
25499
24901
24910
25500
24902
24911
25501
24903
24912
25502
24904
24913
25503
24905
24914
25504
24906
24915
25505
24907
24916
25506
24908
24917
25507
24909
24918
25508
24919
25509
24911
24920
25510
24912
24921
25511
24913
24922
25512
24914
24923
25513
24915
24924
25514
24916
24925
25515
24917
24926
25516
24918
24927
25517
24919
24928
25518
24929
25519
24921
24930
25520
24922
24931
25521
24923
24932
25522
24924
24933
25523
24925
24934
25524
24926
24935
25525
24927
24936
25526
24928
24937
25527
24929
24938
25528
24939
25529
24931
24940
25530
24932
24941
25531
24933
24942
25532
24934
24943
25533
24935
24944
25534
24936
24945
25535
24937
24946
25536
24938
24947
25537
24939
24948
25538
24949
25539
24941
24950
25540
24942
24951
25541
24943
24952
25542
24944
24953
25543
24945
24954
25544
24946
24955
25545
24947
24956
25546
24948
24957
25547
24949
24958
25548
24959
25549
24951
24960
25550
24952
24961
25551
24953
24962
25552
24954
24963
25553
24955
24964
25554
24956
24965
25555
24957
24966
25556
24958
24967
25557
24959
24968
25558
24969
25559
24961
24970
25560
24962
24971
25561
24963
24972
25562
24964
24973
25563
24965
24974
25564
24966
24975
25565
24967
24976
25566
24968
24977
25567
24969
24978
25568
24979
25569
24971
24980
25570
24972
24981
25571
24973
24982
25572
24974
24983
25573
24975
24984
25574
24976
24985
25575
24977
24986
25576
24978
24987
25577
24979
24988
25578
24989
25579
24981
24990
25580
24982
24991
25581
24983
24992
25582
24984
24993
25583
24985
24994
25584
24986
24995
25585
24987
24996
25586
24988
24997
25587
24989
24998
25588
24999
25589
24991
25000
25590
24992
25001
25591
24993
25002
25592
24994
25003
25593
24995
25004
25594
24996
25005
25595
24997
25006
25596
24998
25007
25597
24999
25008
25598
25009
25599
25001
25010
25600
25002
25011
25601
25003
25012
25602
25004
25013
25603
25005
25014
25604
25006
25015
25605
25007
25016
25606
25008
25017
25607
25009
25018
25608
25019
25609
25011
25020
25610
25012
25021
25611
25013
25022
25612
25014
25023
25613
25015
25024
25614
25016
25025
25615
25017
25026
25616
25018
25027
25617
25019
25028
25618
25029
25619
25021
25030
25620
25022
25031
25621
25023
25032
25622
25024
25033
25623
25025
25034
25624
25026
25035
25625
25027
25036
25626
25028
25037
25627
25029
25038
25628
25039
25629
25031
25040
25630
25032
25041
25631
25033
25042
25632
25034
25043
25633
25035
25044
25634
25036
25045
25635
25037
25046
25636
25038
25047
25637
25039
25048
25638
25049
25639
25041
25050
25640
25042
25051
25641
25043
25052
25642
25044
25053
25643
25045
25054
25644
25046
25055
25645
25047
25056
25646
25048
25057
25647
25049
25058
25648
25059
25649
25051
25060
25650
25052
25061
25651
25053
25062
25652
25054
25063
25653
25055
25064
25654
25056
25065
25655
25057
25066
25656
25058
25067
25657
25059
25068
25658
25069
25659
25061
25070
25660
25062
25071
25661
25063
25072
25662
25064
25073
25663
25065
25074
25664
25066
25075
25665
25067
25076
25666
25068
25077
25667
25069
25078
25668
25079
25669
25071
25080
25670
25072
25081
25671
25073
25082
25672
25074
25083
25673
25075
25084
25674
25076
25085
25675
25077
25086
25676
25078
25087
25677
25079
25088
25678
25089
25679
25081
25090
25680
25082
25091
25681
25083
25092
25682
25084
25093
25683
25085
25094
25684
25086
25095
25685
25087
25096
25686
25088
25097
25687
25089
25098
25688
25099
25689
25091
25100
25690
25092
25101
25691
25093
25102
25692
25094
25103
25693
25095
25104
25694
25096
25105
25695
25097
25106
25696
25098
25107
25697
25099
25108
25698
25109
25699
25101
25110
25700
25102
25111
25701
25103
25112
25702
25104
25113
25703
25105
25114
25704
25106
25115
25705
25107
25116
25706
25108
25117
25707
25109
25118
25708
25119
25709
25111
25120
25710
25112
25121
25711
25113
25122
25712
25114
25123
25713
25115
25124
25714
25116
25125
25715
25117
25126
25716
25118
25127
25717
25119
25128
25718
25129
25719
25121
25130
25720
25122
25131
25721
25123
25132
25722
25124
25133
25723
25125
25134
25724
25126
25135
25725
25127
25136
25726
25128
25137
25727
25129
25138
25728
25139
25729
25131
25140
25730
25132
25141
25731
25133
25142
25732
25134
25143
25733
25135
25144
25734
25136
25145
25735
25137
25146
25736
25138
25147
25737
25139
25148
25738
25149
25739
25141
25150
25740
25142
25151
25741
25143
25152
25742
25144
25153
25743
25145
25154
25744
25146
25155
25745
25147
25156
25746
25148
25157
25747
25149
25158
25748
25159
25749
25151
25160
25750
25152
25161
25751
25153
25162
25752
25154
25163
25753
25155
25164
25754
25156
25165
25755
25157
25166
25756
25158
25167
25757
25159
25168
25758
25169
25759
25161
25170
25760
25162
25171
25761
25163
25172
25762
25164
25173
25763
25165
25174
25764
25166
25175
25765
25167
25176
25766
25168
25177
25767
25169
25178
25768
25179
25769
25171
25180
25770
25172
25181
25771
25173
25182
25772
25174
25183
25773
25175
25184
25774
25176
25185
25775
25177
25186
25776
25178
25187
25777
25179
25188
25778
25189
25779
25181
25190
25780
25182
25191
25781
25183
25192
25782
25184
25193
25783
25185
25194
25784
25186
25195
25785
25187
25196
25786
25188
25197
25787
25189
25198
25788
25199
25789
25191
25790
25192
25791
25193
25792
25194
25793
25195
25794
25196
25795
25197
25796
25198
25797
25199
25798
25799
25201
25210
25800
25202
25211
25801
25203
25212
25802
25204
25213
25803
25205
25214
25804
25206
25215
25805
25207
25216
25806
25208
25217
25807
25209
25218
25808
25219
25809
25211
25220
25810
25212
25221
25811
25213
25222
25812
25214
25223
25813
25215
25224
25814
25216
25225
25815
25217
25226
25816
25218
25227
25817
25219
25228
25818
25229
25819
25221
25230
25820
25222
25231
25821
25223
25232
25822
25224
25233
25823
25225
25234
25824
25226
25235
25825
25227
25236
25826
25228
25237
25827
25229
25238
25828
25239
25829
25231
25240
25830
25232
25241
25831
25233
25242
25832
25234
25243
25833
25235
25244
25834
25236
25245
25835
25237
25246
25836
25238
25247
25837
25239
25248
25838
25249
25839
25241
25250
25840
25242
25251
25841
25243
25252
25842
25244
25253
25843
25245
25254
25844
25246
25255
25845
25247
25256
25846
25248
25257
25847
25249
25258
25848
25259
25849
25251
25260
25850
25252
25261
25851
25253
25262
25852
25254
25263
25853
25255
25264
25854
25256
25265
25855
25257
25266
25856
25258
25267
25857
25259
25268
25858
25269
25859
25261
25270
25860
25262
25271
25861
25263
25272
25862
25264
25273
25863
25265
25274
25864
25266
25275
25865
25267
25276
25866
25268
25277
25867
25269
25278
25868
25279
25869
25271
25280
25870
25272
25281
25871
25273
25282
25872
25274
25283
25873
25275
25284
25874
25276
25285
25875
25277
25286
25876
25278
25287
25877
25279
25288
25878
25289
25879
25281
25290
25880
25282
25291
25881
25283
25292
25882
25284
25293
25883
25285
25294
25884
25286
25295
25885
25287
25296
25886
25288
25297
25887
25289
25298
25888
25299
25889
25291
25300
25890
25292
25301
25891
25293
25302
25892
25294
25303
25893
25295
25304
25894
25296
25305
25895
25297
25306
25896
25298
25307
25897
25299
25308
25898
25309
25899
25301
25310
25900
25302
25311
25901
25303
25312
25902
25304
25313
25903
25305
25314
25904
25306
25315
25905
25307
25316
25906
25308
25317
25907
25309
25318
25908
25319
25909
25311
25320
25910
25312
25321
25911
25313
25322
25912
25314
25323
25913
25315
25324
25914
25316
25325
25915
25317
25326
25916
25318
25327
25917
25319
25328
25918
25329
25919
25321
25330
25920
25322
25331
25921
25323
25332
25922
25324
25333
25923
25325
25334
25924
25326
25335
25925
25327
25336
25926
25328
25337
25927
25329
25338
25928
25339
25929
25331
25340
25930
25332
25341
25931
25333
25342
25932
25334
25343
25933
25335
25344
25934
25336
25345
25935
25337
25346
25936
25338
25347
25937
25339
25348
25938
25349
25939
25341
25350
25940
25342
25351
25941
25343
25352
25942
25344
25353
25943
25345
25354
25944
25346
25355
25945
25347
25356
25946
25348
25357
25947
25349
25358
25948
25359
25949
25351
25360
25950
25352
25361
25951
25353
25362
25952
25354
25363
25953
25355
25364
25954
25356
25365
25955
25357
25366
25956
25358
25367
25957
25359
25368
25958
25369
25959
25361
25370
25960
25362
25371
25961
25363
25372
25962
25364
25373
25963
25365
25374
25964
25366
25375
25965
25367
25376
25966
25368
25377
25967
25369
25378
25968
25379
25969
25371
25380
25970
25372
25381
25971
25373
25382
25972
25374
25383
25973
25375
25384
25974
25376
25385
25975
25377
25386
25976
25378
25387
25977
25379
25388
25978
25389
25979
25381
25390
25980
25382
25391
25981
25383
25392
25982
25384
25393
25983
25385
25394
25984
25386
25395
25985
25387
25396
25986
25388
25397
25987
25389
25398
25988
25399
25989
25391
25400
25990
25392
25401
25991
25393
25402
25992
25394
25403
25993
25395
25404
25994
25396
25405
25995
25397
25406
25996
25398
25407
25997
25399
25408
25998
25409
25999
25401
25410
26000
25402
25411
26001
25403
25412
26002
25404
25413
26003
25405
25414
26004
25406
25415
26005
25407
25416
26006
25408
25417
26007
25409
25418
26008
25419
26009
25411
25420
26010
25412
25421
26011
25413
25422
26012
25414
25423
26013
25415
25424
26014
25416
25425
26015
25417
25426
26016
25418
25427
26017
25419
25428
26018
25429
26019
25421
25430
26020
25422
25431
26021
25423
25432
26022
25424
25433
26023
25425
25434
26024
25426
25435
26025
25427
25436
26026
25428
25437
26027
25429
25438
26028
25439
26029
25431
25440
26030
25432
25441
26031
25433
25442
26032
25434
25443
26033
25435
25444
26034
25436
25445
26035
25437
25446
26036
25438
25447
26037
25439
25448
26038
25449
26039
25441
25450
26040
25442
25451
26041
25443
25452
26042
25444
25453
26043
25445
25454
26044
25446
25455
26045
25447
25456
26046
25448
25457
26047
25449
25458
26048
25459
26049
25451
25460
26050
25452
25461
26051
25453
25462
26052
25454
25463
26053
25455
25464
26054
25456
25465
26055
25457
25466
26056
25458
25467
26057
25459
25468
26058
25469
26059
25461
25470
26060
25462
25471
26061
25463
25472
26062
25464
25473
26063
25465
25474
26064
25466
25475
26065
25467
25476
26066
25468
25477
26067
25469
25478
26068
25479
26069
25471
25480
26070
25472
25481
26071
25473
25482
26072
25474
25483
26073
25475
25484
26074
25476
25485
26075
25477
25486
26076
25478
25487
26077
25479
25488
26078
25489
26079
25481
25490
26080
25482
25491
26081
25483
25492
26082
25484
25493
26083
25485
25494
26084
25486
25495
26085
25487
25496
26086
25488
25497
26087
25489
25498
26088
25499
26089
25491
25500
26090
25492
25501
26091
25493
25502
26092
25494
25503
26093
25495
25504
26094
25496
25505
26095
25497
25506
26096
25498
25507
26097
25499
25508
26098
25509
26099
25501
25510
26100
25502
25511
26101
25503
25512
26102
25504
25513
26103
25505
25514
26104
25506
25515
26105
25507
25516
26106
25508
25517
26107
25509
25518
26108
25519
26109
25511
25520
26110
25512
25521
26111
25513
25522
26112
25514
25523
26113
25515
25524
26114
25516
25525
26115
25517
25526
26116
25518
25527
26117
25519
25528
26118
25529
26119
25521
25530
26120
25522
25531
26121
25523
25532
26122
25524
25533
26123
25525
25534
26124
25526
25535
26125
25527
25536
26126
25528
25537
26127
25529
25538
26128
25539
26129
25531
25540
26130
25532
25541
26131
25533
25542
26132
25534
25543
26133
25535
25544
26134
25536
25545
26135
25537
25546
26136
25538
25547
26137
25539
25548
26138
25549
26139
25541
25550
26140
25542
25551
26141
25543
25552
26142
25544
25553
26143
25545
25554
26144
25546
25555
26145
25547
25556
26146
25548
25557
26147
25549
25558
26148
25559
26149
25551
25560
26150
25552
25561
26151
25553
25562
26152
25554
25563
26153
25555
25564
26154
25556
25565
26155
25557
25566
26156
25558
25567
26157
25559
25568
26158
25569
26159
25561
25570
26160
25562
25571
26161
25563
25572
26162
25564
25573
26163
25565
25574
26164
25566
25575
26165
25567
25576
26166
25568
25577
26167
25569
25578
26168
25579
26169
25571
25580
26170
25572
25581
26171
25573
25582
26172
25574
25583
26173
25575
25584
26174
25576
25585
26175
25577
25586
26176
25578
25587
26177
25579
25588
26178
25589
26179
25581
25590
26180
25582
25591
26181
25583
25592
26182
25584
25593
26183
25585
25594
26184
25586
25595
26185
25587
25596
26186
25588
25597
26187
25589
25598
26188
25599
26189
25591
25600
26190
25592
25601
26191
25593
25602
26192
25594
25603
26193
25595
25604
26194
25596
25605
26195
25597
25606
26196
25598
25607
26197
25599
25608
26198
25609
26199
25601
25610
26200
25602
25611
26201
25603
25612
26202
25604
25613
26203
25605
25614
26204
25606
25615
26205
25607
25616
26206
25608
25617
26207
25609
25618
26208
25619
26209
25611
25620
26210
25612
25621
26211
25613
25622
26212
25614
25623
26213
25615
25624
26214
25616
25625
26215
25617
25626
26216
25618
25627
26217
25619
25628
26218
25629
26219
25621
25630
26220
25622
25631
26221
25623
25632
26222
25624
25633
26223
25625
25634
26224
25626
25635
26225
25627
25636
26226
25628
25637
26227
25629
25638
26228
25639
26229
25631
25640
26230
25632
25641
26231
25633
25642
26232
25634
25643
26233
25635
25644
26234
25636
25645
26235
25637
25646
26236
25638
25647
26237
25639
25648
26238
25649
26239
25641
25650
26240
25642
25651
26241
25643
25652
26242
25644
25653
26243
25645
25654
26244
25646
25655
26245
25647
25656
26246
25648
25657
26247
25649
25658
26248
25659
26249
25651
25660
26250
25652
25661
26251
25653
25662
26252
25654
25663
26253
25655
25664
26254
25656
25665
26255
25657
25666
26256
25658
25667
26257
25659
25668
26258
25669
26259
25661
25670
26260
25662
25671
26261
25663
25672
26262
25664
25673
26263
25665
25674
26264
25666
25675
26265
25667
25676
26266
25668
25677
26267
25669
25678
26268
25679
26269
25671
25680
26270
25672
25681
26271
25673
25682
26272
25674
25683
26273
25675
25684
26274
25676
25685
26275
25677
25686
26276
25678
25687
26277
25679
25688
26278
25689
26279
25681
25690
26280
25682
25691
26281
25683
25692
26282
25684
25693
26283
25685
25694
26284
25686
25695
26285
25687
25696
26286
25688
25697
26287
25689
25698
26288
25699
26289
25691
25700
26290
25692
25701
26291
25693
25702
26292
25694
25703
26293
25695
25704
26294
25696
25705
26295
25697
25706
26296
25698
25707
26297
25699
25708
26298
25709
26299
25701
25710
26300
25702
25711
26301
25703
25712
26302
25704
25713
26303
25705
25714
26304
25706
25715
26305
25707
25716
26306
25708
25717
26307
25709
25718
26308
25719
26309
25711
25720
26310
25712
25721
26311
25713
25722
26312
25714
25723
26313
25715
25724
26314
25716
25725
26315
25717
25726
26316
25718
25727
26317
25719
25728
26318
25729
26319
25721
25730
26320
25722
25731
26321
25723
25732
26322
25724
25733
26323
25725
25734
26324
25726
25735
26325
25727
25736
26326
25728
25737
26327
25729
25738
26328
25739
26329
25731
25740
26330
25732
25741
26331
25733
25742
26332
25734
25743
26333
25735
25744
26334
25736
25745
26335
25737
25746
26336
25738
25747
26337
25739
25748
26338
25749
26339
25741
25750
26340
25742
25751
26341
25743
25752
26342
25744
25753
26343
25745
25754
26344
25746
25755
26345
25747
25756
26346
25748
25757
26347
25749
25758
26348
25759
26349
25751
25760
26350
25752
25761
26351
25753
25762
26352
25754
25763
26353
25755
25764
26354
25756
25765
26355
25757
25766
26356
25758
25767
26357
25759
25768
26358
25769
26359
25761
25770
26360
25762
25771
26361
25763
25772
26362
25764
25773
26363
25765
25774
26364
25766
25775
26365
25767
25776
26366
25768
25777
26367
25769
25778
26368
25779
26369
25771
25780
26370
25772
25781
26371
25773
25782
26372
25774
25783
26373
25775
25784
26374
25776
25785
26375
25777
25786
26376
25778
25787
26377
25779
25788
26378
25789
26379
25781
25790
26380
25782
25791
26381
25783
25792
26382
25784
25793
26383
25785
25794
26384
25786
25795
26385
25787
25796
26386
25788
25797
26387
25789
25798
26388
25799
26389
25791
26390
25792
26391
25793
26392
25794
26393
25795
26394
25796
26395
25797
26396
25798
26397
25799
26398
26399
25801
25810
26400
25802
25811
26401
25803
25812
26402
25804
25813
26403
25805
25814
26404
25806
25815
26405
25807
25816
26406
25808
25817
26407
25809
25818
26408
25819
26409
25811
25820
26410
25812
25821
26411
25813
25822
26412
25814
25823
26413
25815
25824
26414
25816
25825
26415
25817
25826
26416
25818
25827
26417
25819
25828
26418
25829
26419
25821
25830
26420
25822
25831
26421
25823
25832
26422
25824
25833
26423
25825
25834
26424
25826
25835
26425
25827
25836
26426
25828
25837
26427
25829
25838
26428
25839
26429
25831
25840
26430
25832
25841
26431
25833
25842
26432
25834
25843
26433
25835
25844
26434
25836
25845
26435
25837
25846
26436
25838
25847
26437
25839
25848
26438
25849
26439
25841
25850
26440
25842
25851
26441
25843
25852
26442
25844
25853
26443
25845
25854
26444
25846
25855
26445
25847
25856
26446
25848
25857
26447
25849
25858
26448
25859
26449
25851
25860
26450
25852
25861
26451
25853
25862
26452
25854
25863
26453
25855
25864
26454
25856
25865
26455
25857
25866
26456
25858
25867
26457
25859
25868
26458
25869
26459
25861
25870
26460
25862
25871
26461
25863
25872
26462
25864
25873
26463
25865
25874
26464
25866
25875
26465
25867
25876
26466
25868
25877
26467
25869
25878
26468
25879
26469
25871
25880
26470
25872
25881
26471
25873
25882
26472
25874
25883
26473
25875
25884
26474
25876
25885
26475
25877
25886
26476
25878
25887
26477
25879
25888
26478
25889
26479
25881
25890
26480
25882
25891
26481
25883
25892
26482
25884
25893
26483
25885
25894
26484
25886
25895
26485
25887
25896
26486
25888
25897
26487
25889
25898
26488
25899
26489
25891
25900
26490
25892
25901
26491
25893
25902
26492
25894
25903
26493
25895
25904
26494
25896
25905
26495
25897
25906
26496
25898
25907
26497
25899
25908
26498
25909
26499
25901
25910
26500
25902
25911
26501
25903
25912
26502
25904
25913
26503
25905
25914
26504
25906
25915
26505
25907
25916
26506
25908
25917
26507
25909
25918
26508
25919
26509
25911
25920
26510
25912
25921
26511
25913
25922
26512
25914
25923
26513
25915
25924
26514
25916
25925
26515
25917
25926
26516
25918
25927
26517
25919
25928
26518
25929
26519
25921
25930
26520
25922
25931
26521
25923
25932
26522
25924
25933
26523
25925
25934
26524
25926
25935
26525
25927
25936
26526
25928
25937
26527
25929
25938
26528
25939
26529
25931
25940
26530
25932
25941
26531
25933
25942
26532
25934
25943
26533
25935
25944
26534
25936
25945
26535
25937
25946
26536
25938
25947
26537
25939
25948
26538
25949
26539
25941
25950
26540
25942
25951
26541
25943
25952
26542
25944
25953
26543
25945
25954
26544
25946
25955
26545
25947
25956
26546
25948
25957
26547
25949
25958
26548
25959
26549
25951
25960
26550
25952
25961
26551
25953
25962
26552
25954
25963
26553
25955
25964
26554
25956
25965
26555
25957
25966
26556
25958
25967
26557
25959
25968
26558
25969
26559
25961
25970
26560
25962
25971
26561
25963
25972
26562
25964
25973
26563
25965
25974
26564
25966
25975
26565
25967
25976
26566
25968
25977
26567
25969
25978
26568
25979
26569
25971
25980
26570
25972
25981
26571
25973
25982
26572
25974
25983
26573
25975
25984
26574
25976
25985
26575
25977
25986
26576
25978
25987
26577
25979
25988
26578
25989
26579
25981
25990
26580
25982
25991
26581
25983
25992
26582
25984
25993
26583
25985
25994
26584
25986
25995
26585
25987
25996
26586
25988
25997
26587
25989
25998
26588
25999
26589
25991
26000
26590
25992
26001
26591
25993
26002
26592
25994
26003
26593
25995
26004
26594
25996
26005
26595
25997
26006
26596
25998
26007
26597
25999
26008
26598
26009
26599
26001
26010
26600
26002
26011
26601
26003
26012
26602
26004
26013
26603
26005
26014
26604
26006
26015
26605
26007
26016
26606
26008
26017
26607
26009
26018
26608
26019
26609
26011
26020
26610
26012
26021
26611
26013
26022
26612
26014
26023
26613
26015
26024
26614
26016
26025
26615
26017
26026
26616
26018
26027
26617
26019
26028
26618
26029
26619
26021
26030
26620
26022
26031
26621
26023
26032
26622
26024
26033
26623
26025
26034
26624
26026
26035
26625
26027
26036
26626
26028
26037
26627
26029
26038
26628
26039
26629
26031
26040
26630
26032
26041
26631
26033
26042
26632
26034
26043
26633
26035
26044
26634
26036
26045
26635
26037
26046
26636
26038
26047
26637
26039
26048
26638
26049
26639
26041
26050
26640
26042
26051
26641
26043
26052
26642
26044
26053
26643
26045
26054
26644
26046
26055
26645
26047
26056
26646
26048
26057
26647
26049
26058
26648
26059
26649
26051
26060
26650
26052
26061
26651
26053
26062
26652
26054
26063
26653
26055
26064
26654
26056
26065
26655
26057
26066
26656
26058
26067
26657
26059
26068
26658
26069
26659
26061
26070
26660
26062
26071
26661
26063
26072
26662
26064
26073
26663
26065
26074
26664
26066
26075
26665
26067
26076
26666
26068
26077
26667
26069
26078
26668
26079
26669
26071
26080
26670
26072
26081
26671
26073
26082
26672
26074
26083
26673
26075
26084
26674
26076
26085
26675
26077
26086
26676
26078
26087
26677
26079
26088
26678
26089
26679
26081
26090
26680
26082
26091
26681
26083
26092
26682
26084
26093
26683
26085
26094
26684
26086
26095
26685
26087
26096
26686
26088
26097
26687
26089
26098
26688
26099
26689
26091
26100
26690
26092
26101
26691
26093
26102
26692
26094
26103
26693
26095
26104
26694
26096
26105
26695
26097
26106
26696
26098
26107
26697
26099
26108
26698
26109
26699
26101
26110
26700
26102
26111
26701
26103
26112
26702
26104
26113
26703
26105
26114
26704
26106
26115
26705
26107
26116
26706
26108
26117
26707
26109
26118
26708
26119
26709
26111
26120
26710
26112
26121
26711
26113
26122
26712
26114
26123
26713
26115
26124
26714
26116
26125
26715
26117
26126
26716
26118
26127
26717
26119
26128
26718
26129
26719
26121
26130
26720
26122
26131
26721
26123
26132
26722
26124
26133
26723
26125
26134
26724
26126
26135
26725
26127
26136
26726
26128
26137
26727
26129
26138
26728
26139
26729
26131
26140
26730
26132
26141
26731
26133
26142
26732
26134
26143
26733
26135
26144
26734
26136
26145
26735
26137
26146
26736
26138
26147
26737
26139
26148
26738
26149
26739
26141
26150
26740
26142
26151
26741
26143
26152
26742
26144
26153
26743
26145
26154
26744
26146
26155
26745
26147
26156
26746
26148
26157
26747
26149
26158
26748
26159
26749
26151
26160
26750
26152
26161
26751
26153
26162
26752
26154
26163
26753
26155
26164
26754
26156
26165
26755
26157
26166
26756
26158
26167
26757
26159
26168
26758
26169
26759
26161
26170
26760
26162
26171
26761
26163
26172
26762
26164
26173
26763
26165
26174
26764
26166
26175
26765
26167
26176
26766
26168
26177
26767
26169
26178
26768
26179
26769
26171
26180
26770
26172
26181
26771
26173
26182
26772
26174
26183
26773
26175
26184
26774
26176
26185
26775
26177
26186
26776
26178
26187
26777
26179
26188
26778
26189
26779
26181
26190
26780
26182
26191
26781
26183
26192
26782
26184
26193
26783
26185
26194
26784
26186
26195
26785
26187
26196
26786
26188
26197
26787
26189
26198
26788
26199
26789
26191
26200
26790
26192
26201
26791
26193
26202
26792
26194
26203
26793
26195
26204
26794
26196
26205
26795
26197
26206
26796
26198
26207
26797
26199
26208
26798
26209
26799
26201
26210
26800
26202
26211
26801
26203
26212
26802
26204
26213
26803
26205
26214
26804
26206
26215
26805
26207
26216
26806
26208
26217
26807
26209
26218
26808
26219
26809
26211
26220
26810
26212
26221
26811
26213
26222
26812
26214
26223
26813
26215
26224
26814
26216
26225
26815
26217
26226
26816
26218
26227
26817
26219
26228
26818
26229
26819
26221
26230
26820
26222
26231
26821
26223
26232
26822
26224
26233
26823
26225
26234
26824
26226
26235
26825
26227
26236
26826
26228
26237
26827
26229
26238
26828
26239
26829
26231
26240
26830
26232
26241
26831
26233
26242
26832
26234
26243
26833
26235
26244
26834
26236
26245
26835
26237
26246
26836
26238
26247
26837
26239
26248
26838
26249
26839
26241
26250
26840
26242
26251
26841
26243
26252
26842
26244
26253
26843
26245
26254
26844
26246
26255
26845
26247
26256
26846
26248
26257
26847
26249
26258
26848
26259
26849
26251
26260
26850
26252
26261
26851
26253
26262
26852
26254
26263
26853
26255
26264
26854
26256
26265
26855
26257
26266
26856
26258
26267
26857
26259
26268
26858
26269
26859
26261
26270
26860
26262
26271
26861
26263
26272
26862
26264
26273
26863
26265
26274
26864
26266
26275
26865
26267
26276
26866
26268
26277
26867
26269
26278
26868
26279
26869
26271
26280
26870
26272
26281
26871
26273
26282
26872
26274
26283
26873
26275
26284
26874
26276
26285
26875
26277
26286
26876
26278
26287
26877
26279
26288
26878
26289
26879
26281
26290
26880
26282
26291
26881
26283
26292
26882
26284
26293
26883
26285
26294
26884
26286
26295
26885
26287
26296
26886
26288
26297
26887
26289
26298
26888
26299
26889
26291
26300
26890
26292
26301
26891
26293
26302
26892
26294
26303
26893
26295
26304
26894
26296
26305
26895
26297
26306
26896
26298
26307
26897
26299
26308
26898
26309
26899
26301
26310
26900
26302
26311
26901
26303
26312
26902
26304
26313
26903
26305
26314
26904
26306
26315
26905
26307
26316
26906
26308
26317
26907
26309
26318
26908
26319
26909
26311
26320
26910
26312
26321
26911
26313
26322
26912
26314
26323
26913
26315
26324
26914
26316
26325
26915
26317
26326
26916
26318
26327
26917
26319
26328
26918
26329
26919
26321
26330
26920
26322
26331
26921
26323
26332
26922
26324
26333
26923
26325
26334
26924
26326
26335
26925
26327
26336
26926
26328
26337
26927
26329
26338
26928
26339
26929
26331
26340
26930
26332
26341
26931
26333
26342
26932
26334
26343
26933
26335
26344
26934
26336
26345
26935
26337
26346
26936
26338
26347
26937
26339
26348
26938
26349
26939
26341
26350
26940
26342
26351
26941
26343
26352
26942
26344
26353
26943
26345
26354
26944
26346
26355
26945
26347
26356
26946
26348
26357
26947
26349
26358
26948
26359
26949
26351
26360
26950
26352
26361
26951
26353
26362
26952
26354
26363
26953
26355
26364
26954
26356
26365
26955
26357
26366
26956
26358
26367
26957
26359
26368
26958
26369
26959
26361
26370
26960
26362
26371
26961
26363
26372
26962
26364
26373
26963
26365
26374
26964
26366
26375
26965
26367
26376
26966
26368
26377
26967
26369
26378
26968
26379
26969
26371
26380
26970
26372
26381
26971
26373
26382
26972
26374
26383
26973
26375
26384
26974
26376
26385
26975
26377
26386
26976
26378
26387
26977
26379
26388
26978
26389
26979
26381
26390
26980
26382
26391
26981
26383
26392
26982
26384
26393
26983
26385
26394
26984
26386
26395
26985
26387
26396
26986
26388
26397
26987
26389
26398
26988
26399
26989
26391
26990
26392
26991
26393
26992
26394
26993
26395
26994
26396
26995
26397
26996
26398
26997
26399
26998
26999
26401
26410
26402
26411
26403
26412
26404
26413
26405
26414
26406
26415
26407
26416
26408
26417
26409
26418
26419
26411
26420
26412
26421
26413
26422
26414
26423
26415
26424
26416
26425
26417
26426
26418
26427
26419
26428
26429
26421
26430
26422
26431
26423
26432
26424
26433
26425
26434
26426
26435
26427
26436
26428
26437
26429
26438
26439
26431
26440
26432
26441
26433
26442
26434
26443
26435
26444
26436
26445
26437
26446
26438
26447
26439
26448
26449
26441
26450
26442
26451
26443
26452
26444
26453
26445
26454
26446
26455
26447
26456
26448
26457
26449
26458
26459
26451
26460
26452
26461
26453
26462
26454
26463
26455
26464
26456
26465
26457
26466
26458
26467
26459
26468
26469
26461
26470
26462
26471
26463
26472
26464
26473
26465
26474
26466
26475
26467
26476
26468
26477
26469
26478
26479
26471
26480
26472
26481
26473
26482
26474
26483
26475
26484
26476
26485
26477
26486
26478
26487
26479
26488
26489
26481
26490
26482
26491
26483
26492
26484
26493
26485
26494
26486
26495
26487
26496
26488
26497
26489
26498
26499
26491
26500
26492
26501
26493
26502
26494
26503
26495
26504
26496
26505
26497
26506
26498
26507
26499
26508
26509
26501
26510
26502
26511
26503
26512
26504
26513
26505
26514
26506
26515
26507
26516
26508
26517
26509
26518
26519
26511
26520
26512
26521
26513
26522
26514
26523
26515
26524
26516
26525
26517
26526
26518
26527
26519
26528
26529
26521
26530
26522
26531
26523
26532
26524
26533
26525
26534
26526
26535
26527
26536
26528
26537
26529
26538
26539
26531
26540
26532
26541
26533
26542
26534
26543
26535
26544
26536
26545
26537
26546
26538
26547
26539
26548
26549
26541
26550
26542
26551
26543
26552
26544
26553
26545
26554
26546
26555
26547
26556
26548
26557
26549
26558
26559
26551
26560
26552
26561
26553
26562
26554
26563
26555
26564
26556
26565
26557
26566
26558
26567
26559
26568
26569
26561
26570
26562
26571
26563
26572
26564
26573
26565
26574
26566
26575
26567
26576
26568
26577
26569
26578
26579
26571
26580
26572
26581
26573
26582
26574
26583
26575
26584
26576
26585
26577
26586
26578
26587
26579
26588
26589
26581
26590
26582
26591
26583
26592
26584
26593
26585
26594
26586
26595
26587
26596
26588
26597
26589
26598
26599
26591
26600
26592
26601
26593
26602
26594
26603
26595
26604
26596
26605
26597
26606
26598
26607
26599
26608
26609
26601
26610
26602
26611
26603
26612
26604
26613
26605
26614
26606
26615
26607
26616
26608
26617
26609
26618
26619
26611
26620
26612
26621
26613
26622
26614
26623
26615
26624
26616
26625
26617
26626
26618
26627
26619
26628
26629
26621
26630
26622
26631
26623
26632
26624
26633
26625
26634
26626
26635
26627
26636
26628
26637
26629
26638
26639
26631
26640
26632
26641
26633
26642
26634
26643
26635
26644
26636
26645
26637
26646
26638
26647
26639
26648
26649
26641
26650
26642
26651
26643
26652
26644
26653
26645
26654
26646
26655
26647
26656
26648
26657
26649
26658
26659
26651
26660
26652
26661
26653
26662
26654
26663
26655
26664
26656
26665
26657
26666
26658
26667
26659
26668
26669
26661
26670
26662
26671
26663
26672
26664
26673
26665
26674
26666
26675
26667
26676
26668
26677
26669
26678
26679
26671
26680
26672
26681
26673
26682
26674
26683
26675
26684
26676
26685
26677
26686
26678
26687
26679
26688
26689
26681
26690
26682
26691
26683
26692
26684
26693
26685
26694
26686
26695
26687
26696
26688
26697
26689
26698
26699
26691
26700
26692
26701
26693
26702
26694
26703
26695
26704
26696
26705
26697
26706
26698
26707
26699
26708
26709
26701
26710
26702
26711
26703
26712
26704
26713
26705
26714
26706
26715
26707
26716
26708
26717
26709
26718
26719
26711
26720
26712
26721
26713
26722
26714
26723
26715
26724
26716
26725
26717
26726
26718
26727
26719
26728
26729
26721
26730
26722
26731
26723
26732
26724
26733
26725
26734
26726
26735
26727
26736
26728
26737
26729
26738
26739
26731
26740
26732
26741
26733
26742
26734
26743
26735
26744
26736
26745
26737
26746
26738
26747
26739
26748
26749
26741
26750
26742
26751
26743
26752
26744
26753
26745
26754
26746
26755
26747
26756
26748
26757
26749
26758
26759
26751
26760
26752
26761
26753
26762
26754
26763
26755
26764
26756
26765
26757
26766
26758
26767
26759
26768
26769
26761
26770
26762
26771
26763
26772
26764
26773
26765
26774
26766
26775
26767
26776
26768
26777
26769
26778
26779
26771
26780
26772
26781
26773
26782
26774
26783
26775
26784
26776
26785
26777
26786
26778
26787
26779
26788
26789
26781
26790
26782
26791
26783
26792
26784
26793
26785
26794
26786
26795
26787
26796
26788
26797
26789
26798
26799
26791
26800
26792
26801
26793
26802
26794
26803
26795
26804
26796
26805
26797
26806
26798
26807
26799
26808
26809
26801
26810
26802
26811
26803
26812
26804
26813
26805
26814
26806
26815
26807
26816
26808
26817
26809
26818
26819
26811
26820
26812
26821
26813
26822
26814
26823
26815
26824
26816
26825
26817
26826
26818
26827
26819
26828
26829
26821
26830
26822
26831
26823
26832
26824
26833
26825
26834
26826
26835
26827
26836
26828
26837
26829
26838
26839
26831
26840
26832
26841
26833
26842
26834
26843
26835
26844
26836
26845
26837
26846
26838
26847
26839
26848
26849
26841
26850
26842
26851
26843
26852
26844
26853
26845
26854
26846
26855
26847
26856
26848
26857
26849
26858
26859
26851
26860
26852
26861
26853
26862
26854
26863
26855
26864
26856
26865
26857
26866
26858
26867
26859
26868
26869
26861
26870
26862
26871
26863
26872
26864
26873
26865
26874
26866
26875
26867
26876
26868
26877
26869
26878
26879
26871
26880
26872
26881
26873
26882
26874
26883
26875
26884
26876
26885
26877
26886
26878
26887
26879
26888
26889
26881
26890
26882
26891
26883
26892
26884
26893
26885
26894
26886
26895
26887
26896
26888
26897
26889
26898
26899
26891
26900
26892
26901
26893
26902
26894
26903
26895
26904
26896
26905
26897
26906
26898
26907
26899
26908
26909
26901
26910
26902
26911
26903
26912
26904
26913
26905
26914
26906
26915
26907
26916
26908
26917
26909
26918
26919
26911
26920
26912
26921
26913
26922
26914
26923
26915
26924
26916
26925
26917
26926
26918
26927
26919
26928
26929
26921
26930
26922
26931
26923
26932
26924
26933
26925
26934
26926
26935
26927
26936
26928
26937
26929
26938
26939
26931
26940
26932
26941
26933
26942
26934
26943
26935
26944
26936
26945
26937
26946
26938
26947
26939
26948
26949
26941
26950
26942
26951
26943
26952
26944
26953
26945
26954
26946
26955
26947
26956
26948
26957
26949
26958
26959
26951
26960
26952
26961
26953
26962
26954
26963
26955
26964
26956
26965
26957
26966
26958
26967
26959
26968
26969
26961
26970
26962
26971
26963
26972
26964
26973
26965
26974
26966
26975
26967
26976
26968
26977
26969
26978
26979
26971
26980
26972
26981
26973
26982
26974
26983
26975
26984
26976
26985
26977
26986
26978
26987
26979
26988
26989
26981
26990
26982
26991
26983
26992
26984
26993
26985
26994
26986
26995
26987
26996
26988
26997
26989
26998
26999
26991
26992
26993
26994
26995
26996
26997
26998
26999
)


// ************************************************************************* //
