/*--------------------------------*- C++ -*----------------------------------*\
  =========                 |
  \\      /  F ield         | OpenFOAM: The Open Source CFD Toolbox
   \\    /   O peration     | Website:  https://openfoam.org
    \\  /    A nd           | Version:  13
     \\/     M anipulation  |
\*---------------------------------------------------------------------------*/
FoamFile
{
    format      ascii;
    class       vectorField;
    location    "constant/polyMesh";
    object      points;
}
// * * * * * * * * * * * * * * * * * * * * * * * * * * * * * * * * * * * * * //


32791
(
(-0.0006 -5e-05 -5e-05)
(-0.00059 -5e-05 -5e-05)
(-0.00058 -5e-05 -5e-05)
(-0.00057 -5e-05 -5e-05)
(-0.00056 -5e-05 -5e-05)
(-0.00055 -5e-05 -5e-05)
(-0.00054 -5e-05 -5e-05)
(-0.00053 -5e-05 -5e-05)
(-0.00052 -5e-05 -5e-05)
(-0.00051 -5e-05 -5e-05)
(-0.0005 -5e-05 -5e-05)
(-0.00049 -5e-05 -5e-05)
(-0.00048 -5e-05 -5e-05)
(-0.00047 -5e-05 -5e-05)
(-0.00046 -5e-05 -5e-05)
(-0.00045 -5e-05 -5e-05)
(-0.00044 -5e-05 -5e-05)
(-0.00043 -5e-05 -5e-05)
(-0.00042 -5e-05 -5e-05)
(-0.00041 -5e-05 -5e-05)
(-0.0004 -5e-05 -5e-05)
(-0.00039 -5e-05 -5e-05)
(-0.00038 -5e-05 -5e-05)
(-0.00037 -5e-05 -5e-05)
(-0.00036 -5e-05 -5e-05)
(-0.00035 -5e-05 -5e-05)
(-0.00034 -5e-05 -5e-05)
(-0.00033 -5e-05 -5e-05)
(-0.00032 -5e-05 -5e-05)
(-0.00031 -5e-05 -5e-05)
(-0.0003 -5e-05 -5e-05)
(-0.00029 -5e-05 -5e-05)
(-0.00028 -5e-05 -5e-05)
(-0.00027 -5e-05 -5e-05)
(-0.00026 -5e-05 -5e-05)
(-0.00025 -5e-05 -5e-05)
(-0.00024 -5e-05 -5e-05)
(-0.00023 -5e-05 -5e-05)
(-0.00022 -5e-05 -5e-05)
(-0.00021 -5e-05 -5e-05)
(-0.0002 -5e-05 -5e-05)
(-0.00019 -5e-05 -5e-05)
(-0.00018 -5e-05 -5e-05)
(-0.00017 -5e-05 -5e-05)
(-0.00016 -5e-05 -5e-05)
(-0.00015 -5e-05 -5e-05)
(-0.00014 -5e-05 -5e-05)
(-0.00013 -5e-05 -5e-05)
(-0.00012 -5e-05 -5e-05)
(-0.00011 -5e-05 -5e-05)
(-0.0001 -5e-05 -5e-05)
(-9e-05 -5e-05 -5e-05)
(-8e-05 -5e-05 -5e-05)
(-7e-05 -5e-05 -5e-05)
(-6e-05 -5e-05 -5e-05)
(-5e-05 -5e-05 -5e-05)
(-0.0006 -4e-05 -5e-05)
(-0.00059 -4e-05 -5e-05)
(-0.00058 -4e-05 -5e-05)
(-0.00057 -4e-05 -5e-05)
(-0.00056 -4e-05 -5e-05)
(-0.00055 -4e-05 -5e-05)
(-0.00054 -4e-05 -5e-05)
(-0.00053 -4e-05 -5e-05)
(-0.00052 -4e-05 -5e-05)
(-0.00051 -4e-05 -5e-05)
(-0.0005 -4e-05 -5e-05)
(-0.00049 -4e-05 -5e-05)
(-0.00048 -4e-05 -5e-05)
(-0.00047 -4e-05 -5e-05)
(-0.00046 -4e-05 -5e-05)
(-0.00045 -4e-05 -5e-05)
(-0.00044 -4e-05 -5e-05)
(-0.00043 -4e-05 -5e-05)
(-0.00042 -4e-05 -5e-05)
(-0.00041 -4e-05 -5e-05)
(-0.0004 -4e-05 -5e-05)
(-0.00039 -4e-05 -5e-05)
(-0.00038 -4e-05 -5e-05)
(-0.00037 -4e-05 -5e-05)
(-0.00036 -4e-05 -5e-05)
(-0.00035 -4e-05 -5e-05)
(-0.00034 -4e-05 -5e-05)
(-0.00033 -4e-05 -5e-05)
(-0.00032 -4e-05 -5e-05)
(-0.00031 -4e-05 -5e-05)
(-0.0003 -4e-05 -5e-05)
(-0.00029 -4e-05 -5e-05)
(-0.00028 -4e-05 -5e-05)
(-0.00027 -4e-05 -5e-05)
(-0.00026 -4e-05 -5e-05)
(-0.00025 -4e-05 -5e-05)
(-0.00024 -4e-05 -5e-05)
(-0.00023 -4e-05 -5e-05)
(-0.00022 -4e-05 -5e-05)
(-0.00021 -4e-05 -5e-05)
(-0.0002 -4e-05 -5e-05)
(-0.00019 -4e-05 -5e-05)
(-0.00018 -4e-05 -5e-05)
(-0.00017 -4e-05 -5e-05)
(-0.00016 -4e-05 -5e-05)
(-0.00015 -4e-05 -5e-05)
(-0.00014 -4e-05 -5e-05)
(-0.00013 -4e-05 -5e-05)
(-0.00012 -4e-05 -5e-05)
(-0.00011 -4e-05 -5e-05)
(-0.0001 -4e-05 -5e-05)
(-9e-05 -4e-05 -5e-05)
(-8e-05 -4e-05 -5e-05)
(-7e-05 -4e-05 -5e-05)
(-6e-05 -4e-05 -5e-05)
(-5e-05 -4e-05 -5e-05)
(-0.0006 -3e-05 -5e-05)
(-0.00059 -3e-05 -5e-05)
(-0.00058 -3e-05 -5e-05)
(-0.00057 -3e-05 -5e-05)
(-0.00056 -3e-05 -5e-05)
(-0.00055 -3e-05 -5e-05)
(-0.00054 -3e-05 -5e-05)
(-0.00053 -3e-05 -5e-05)
(-0.00052 -3e-05 -5e-05)
(-0.00051 -3e-05 -5e-05)
(-0.0005 -3e-05 -5e-05)
(-0.00049 -3e-05 -5e-05)
(-0.00048 -3e-05 -5e-05)
(-0.00047 -3e-05 -5e-05)
(-0.00046 -3e-05 -5e-05)
(-0.00045 -3e-05 -5e-05)
(-0.00044 -3e-05 -5e-05)
(-0.00043 -3e-05 -5e-05)
(-0.00042 -3e-05 -5e-05)
(-0.00041 -3e-05 -5e-05)
(-0.0004 -3e-05 -5e-05)
(-0.00039 -3e-05 -5e-05)
(-0.00038 -3e-05 -5e-05)
(-0.00037 -3e-05 -5e-05)
(-0.00036 -3e-05 -5e-05)
(-0.00035 -3e-05 -5e-05)
(-0.00034 -3e-05 -5e-05)
(-0.00033 -3e-05 -5e-05)
(-0.00032 -3e-05 -5e-05)
(-0.00031 -3e-05 -5e-05)
(-0.0003 -3e-05 -5e-05)
(-0.00029 -3e-05 -5e-05)
(-0.00028 -3e-05 -5e-05)
(-0.00027 -3e-05 -5e-05)
(-0.00026 -3e-05 -5e-05)
(-0.00025 -3e-05 -5e-05)
(-0.00024 -3e-05 -5e-05)
(-0.00023 -3e-05 -5e-05)
(-0.00022 -3e-05 -5e-05)
(-0.00021 -3e-05 -5e-05)
(-0.0002 -3e-05 -5e-05)
(-0.00019 -3e-05 -5e-05)
(-0.00018 -3e-05 -5e-05)
(-0.00017 -3e-05 -5e-05)
(-0.00016 -3e-05 -5e-05)
(-0.00015 -3e-05 -5e-05)
(-0.00014 -3e-05 -5e-05)
(-0.00013 -3e-05 -5e-05)
(-0.00012 -3e-05 -5e-05)
(-0.00011 -3e-05 -5e-05)
(-0.0001 -3e-05 -5e-05)
(-9e-05 -3e-05 -5e-05)
(-8e-05 -3e-05 -5e-05)
(-7e-05 -3e-05 -5e-05)
(-6e-05 -3e-05 -5e-05)
(-5e-05 -3e-05 -5e-05)
(-0.0006 -2e-05 -5e-05)
(-0.00059 -2e-05 -5e-05)
(-0.00058 -2e-05 -5e-05)
(-0.00057 -2e-05 -5e-05)
(-0.00056 -2e-05 -5e-05)
(-0.00055 -2e-05 -5e-05)
(-0.00054 -2e-05 -5e-05)
(-0.00053 -2e-05 -5e-05)
(-0.00052 -2e-05 -5e-05)
(-0.00051 -2e-05 -5e-05)
(-0.0005 -2e-05 -5e-05)
(-0.00049 -2e-05 -5e-05)
(-0.00048 -2e-05 -5e-05)
(-0.00047 -2e-05 -5e-05)
(-0.00046 -2e-05 -5e-05)
(-0.00045 -2e-05 -5e-05)
(-0.00044 -2e-05 -5e-05)
(-0.00043 -2e-05 -5e-05)
(-0.00042 -2e-05 -5e-05)
(-0.00041 -2e-05 -5e-05)
(-0.0004 -2e-05 -5e-05)
(-0.00039 -2e-05 -5e-05)
(-0.00038 -2e-05 -5e-05)
(-0.00037 -2e-05 -5e-05)
(-0.00036 -2e-05 -5e-05)
(-0.00035 -2e-05 -5e-05)
(-0.00034 -2e-05 -5e-05)
(-0.00033 -2e-05 -5e-05)
(-0.00032 -2e-05 -5e-05)
(-0.00031 -2e-05 -5e-05)
(-0.0003 -2e-05 -5e-05)
(-0.00029 -2e-05 -5e-05)
(-0.00028 -2e-05 -5e-05)
(-0.00027 -2e-05 -5e-05)
(-0.00026 -2e-05 -5e-05)
(-0.00025 -2e-05 -5e-05)
(-0.00024 -2e-05 -5e-05)
(-0.00023 -2e-05 -5e-05)
(-0.00022 -2e-05 -5e-05)
(-0.00021 -2e-05 -5e-05)
(-0.0002 -2e-05 -5e-05)
(-0.00019 -2e-05 -5e-05)
(-0.00018 -2e-05 -5e-05)
(-0.00017 -2e-05 -5e-05)
(-0.00016 -2e-05 -5e-05)
(-0.00015 -2e-05 -5e-05)
(-0.00014 -2e-05 -5e-05)
(-0.00013 -2e-05 -5e-05)
(-0.00012 -2e-05 -5e-05)
(-0.00011 -2e-05 -5e-05)
(-0.0001 -2e-05 -5e-05)
(-9e-05 -2e-05 -5e-05)
(-8e-05 -2e-05 -5e-05)
(-7e-05 -2e-05 -5e-05)
(-6e-05 -2e-05 -5e-05)
(-5e-05 -2e-05 -5e-05)
(-0.0006 -1e-05 -5e-05)
(-0.00059 -1e-05 -5e-05)
(-0.00058 -1e-05 -5e-05)
(-0.00057 -1e-05 -5e-05)
(-0.00056 -1e-05 -5e-05)
(-0.00055 -1e-05 -5e-05)
(-0.00054 -1e-05 -5e-05)
(-0.00053 -1e-05 -5e-05)
(-0.00052 -1e-05 -5e-05)
(-0.00051 -1e-05 -5e-05)
(-0.0005 -1e-05 -5e-05)
(-0.00049 -1e-05 -5e-05)
(-0.00048 -1e-05 -5e-05)
(-0.00047 -1e-05 -5e-05)
(-0.00046 -1e-05 -5e-05)
(-0.00045 -1e-05 -5e-05)
(-0.00044 -1e-05 -5e-05)
(-0.00043 -1e-05 -5e-05)
(-0.00042 -1e-05 -5e-05)
(-0.00041 -1e-05 -5e-05)
(-0.0004 -1e-05 -5e-05)
(-0.00039 -1e-05 -5e-05)
(-0.00038 -1e-05 -5e-05)
(-0.00037 -1e-05 -5e-05)
(-0.00036 -1e-05 -5e-05)
(-0.00035 -1e-05 -5e-05)
(-0.00034 -1e-05 -5e-05)
(-0.00033 -1e-05 -5e-05)
(-0.00032 -1e-05 -5e-05)
(-0.00031 -1e-05 -5e-05)
(-0.0003 -1e-05 -5e-05)
(-0.00029 -1e-05 -5e-05)
(-0.00028 -1e-05 -5e-05)
(-0.00027 -1e-05 -5e-05)
(-0.00026 -1e-05 -5e-05)
(-0.00025 -1e-05 -5e-05)
(-0.00024 -1e-05 -5e-05)
(-0.00023 -1e-05 -5e-05)
(-0.00022 -1e-05 -5e-05)
(-0.00021 -1e-05 -5e-05)
(-0.0002 -1e-05 -5e-05)
(-0.00019 -1e-05 -5e-05)
(-0.00018 -1e-05 -5e-05)
(-0.00017 -1e-05 -5e-05)
(-0.00016 -1e-05 -5e-05)
(-0.00015 -1e-05 -5e-05)
(-0.00014 -1e-05 -5e-05)
(-0.00013 -1e-05 -5e-05)
(-0.00012 -1e-05 -5e-05)
(-0.00011 -1e-05 -5e-05)
(-0.0001 -1e-05 -5e-05)
(-9e-05 -1e-05 -5e-05)
(-8e-05 -1e-05 -5e-05)
(-7e-05 -1e-05 -5e-05)
(-6e-05 -1e-05 -5e-05)
(-5e-05 -1e-05 -5e-05)
(-0.0006 0 -5e-05)
(-0.00059 0 -5e-05)
(-0.00058 0 -5e-05)
(-0.00057 0 -5e-05)
(-0.00056 0 -5e-05)
(-0.00055 0 -5e-05)
(-0.00054 0 -5e-05)
(-0.00053 0 -5e-05)
(-0.00052 0 -5e-05)
(-0.00051 0 -5e-05)
(-0.0005 0 -5e-05)
(-0.00049 0 -5e-05)
(-0.00048 0 -5e-05)
(-0.00047 0 -5e-05)
(-0.00046 0 -5e-05)
(-0.00045 0 -5e-05)
(-0.00044 0 -5e-05)
(-0.00043 0 -5e-05)
(-0.00042 0 -5e-05)
(-0.00041 0 -5e-05)
(-0.0004 0 -5e-05)
(-0.00039 0 -5e-05)
(-0.00038 0 -5e-05)
(-0.00037 5.646886315e-22 -5e-05)
(-0.00036 -5.646886315e-22 -5e-05)
(-0.00035 0 -5e-05)
(-0.00034 -5.646886315e-22 -5e-05)
(-0.00033 5.646886315e-22 -5e-05)
(-0.00032 0 -5e-05)
(-0.00031 0 -5e-05)
(-0.0003 0 -5e-05)
(-0.00029 0 -5e-05)
(-0.00028 0 -5e-05)
(-0.00027 0 -5e-05)
(-0.00026 0 -5e-05)
(-0.00025 0 -5e-05)
(-0.00024 -5.646886315e-22 -5e-05)
(-0.00023 0 -5e-05)
(-0.00022 0 -5e-05)
(-0.00021 2.823443158e-22 -5e-05)
(-0.0002 -2.823443158e-22 -5e-05)
(-0.00019 0 -5e-05)
(-0.00018 2.823443158e-22 -5e-05)
(-0.00017 5.646886315e-22 -5e-05)
(-0.00016 -2.823443158e-22 -5e-05)
(-0.00015 2.823443158e-22 -5e-05)
(-0.00014 2.823443158e-22 -5e-05)
(-0.00013 -4.235164736e-22 -5e-05)
(-0.00012 -1.411721579e-22 -5e-05)
(-0.00011 2.823443158e-22 -5e-05)
(-0.0001 -5.646886315e-22 -5e-05)
(-9e-05 -2.117582368e-22 -5e-05)
(-8e-05 1.411721579e-22 -5e-05)
(-7e-05 4.588095131e-22 -5e-05)
(-6e-05 -3.35283875e-22 -5e-05)
(-5e-05 0 -5e-05)
(-0.0006 1e-05 -5e-05)
(-0.00059 1e-05 -5e-05)
(-0.00058 1e-05 -5e-05)
(-0.00057 1e-05 -5e-05)
(-0.00056 1e-05 -5e-05)
(-0.00055 1e-05 -5e-05)
(-0.00054 1e-05 -5e-05)
(-0.00053 1e-05 -5e-05)
(-0.00052 1e-05 -5e-05)
(-0.00051 1e-05 -5e-05)
(-0.0005 1e-05 -5e-05)
(-0.00049 1e-05 -5e-05)
(-0.00048 1e-05 -5e-05)
(-0.00047 1e-05 -5e-05)
(-0.00046 1e-05 -5e-05)
(-0.00045 1e-05 -5e-05)
(-0.00044 1e-05 -5e-05)
(-0.00043 1e-05 -5e-05)
(-0.00042 1e-05 -5e-05)
(-0.00041 1e-05 -5e-05)
(-0.0004 1e-05 -5e-05)
(-0.00039 1e-05 -5e-05)
(-0.00038 1e-05 -5e-05)
(-0.00037 1e-05 -5e-05)
(-0.00036 1e-05 -5e-05)
(-0.00035 1e-05 -5e-05)
(-0.00034 1e-05 -5e-05)
(-0.00033 1e-05 -5e-05)
(-0.00032 1e-05 -5e-05)
(-0.00031 1e-05 -5e-05)
(-0.0003 1e-05 -5e-05)
(-0.00029 1e-05 -5e-05)
(-0.00028 1e-05 -5e-05)
(-0.00027 1e-05 -5e-05)
(-0.00026 1e-05 -5e-05)
(-0.00025 1e-05 -5e-05)
(-0.00024 1e-05 -5e-05)
(-0.00023 1e-05 -5e-05)
(-0.00022 1e-05 -5e-05)
(-0.00021 1e-05 -5e-05)
(-0.0002 1e-05 -5e-05)
(-0.00019 1e-05 -5e-05)
(-0.00018 1e-05 -5e-05)
(-0.00017 1e-05 -5e-05)
(-0.00016 1e-05 -5e-05)
(-0.00015 1e-05 -5e-05)
(-0.00014 1e-05 -5e-05)
(-0.00013 1e-05 -5e-05)
(-0.00012 1e-05 -5e-05)
(-0.00011 1e-05 -5e-05)
(-0.0001 1e-05 -5e-05)
(-9e-05 1e-05 -5e-05)
(-8e-05 1e-05 -5e-05)
(-7e-05 1e-05 -5e-05)
(-6e-05 1e-05 -5e-05)
(-5e-05 1e-05 -5e-05)
(-0.0006 2e-05 -5e-05)
(-0.00059 2e-05 -5e-05)
(-0.00058 2e-05 -5e-05)
(-0.00057 2e-05 -5e-05)
(-0.00056 2e-05 -5e-05)
(-0.00055 2e-05 -5e-05)
(-0.00054 2e-05 -5e-05)
(-0.00053 2e-05 -5e-05)
(-0.00052 2e-05 -5e-05)
(-0.00051 2e-05 -5e-05)
(-0.0005 2e-05 -5e-05)
(-0.00049 2e-05 -5e-05)
(-0.00048 2e-05 -5e-05)
(-0.00047 2e-05 -5e-05)
(-0.00046 2e-05 -5e-05)
(-0.00045 2e-05 -5e-05)
(-0.00044 2e-05 -5e-05)
(-0.00043 2e-05 -5e-05)
(-0.00042 2e-05 -5e-05)
(-0.00041 2e-05 -5e-05)
(-0.0004 2e-05 -5e-05)
(-0.00039 2e-05 -5e-05)
(-0.00038 2e-05 -5e-05)
(-0.00037 2e-05 -5e-05)
(-0.00036 2e-05 -5e-05)
(-0.00035 2e-05 -5e-05)
(-0.00034 2e-05 -5e-05)
(-0.00033 2e-05 -5e-05)
(-0.00032 2e-05 -5e-05)
(-0.00031 2e-05 -5e-05)
(-0.0003 2e-05 -5e-05)
(-0.00029 2e-05 -5e-05)
(-0.00028 2e-05 -5e-05)
(-0.00027 2e-05 -5e-05)
(-0.00026 2e-05 -5e-05)
(-0.00025 2e-05 -5e-05)
(-0.00024 2e-05 -5e-05)
(-0.00023 2e-05 -5e-05)
(-0.00022 2e-05 -5e-05)
(-0.00021 2e-05 -5e-05)
(-0.0002 2e-05 -5e-05)
(-0.00019 2e-05 -5e-05)
(-0.00018 2e-05 -5e-05)
(-0.00017 2e-05 -5e-05)
(-0.00016 2e-05 -5e-05)
(-0.00015 2e-05 -5e-05)
(-0.00014 2e-05 -5e-05)
(-0.00013 2e-05 -5e-05)
(-0.00012 2e-05 -5e-05)
(-0.00011 2e-05 -5e-05)
(-0.0001 2e-05 -5e-05)
(-9e-05 2e-05 -5e-05)
(-8e-05 2e-05 -5e-05)
(-7e-05 2e-05 -5e-05)
(-6e-05 2e-05 -5e-05)
(-5e-05 2e-05 -5e-05)
(-0.0006 3e-05 -5e-05)
(-0.00059 3e-05 -5e-05)
(-0.00058 3e-05 -5e-05)
(-0.00057 3e-05 -5e-05)
(-0.00056 3e-05 -5e-05)
(-0.00055 3e-05 -5e-05)
(-0.00054 3e-05 -5e-05)
(-0.00053 3e-05 -5e-05)
(-0.00052 3e-05 -5e-05)
(-0.00051 3e-05 -5e-05)
(-0.0005 3e-05 -5e-05)
(-0.00049 3e-05 -5e-05)
(-0.00048 3e-05 -5e-05)
(-0.00047 3e-05 -5e-05)
(-0.00046 3e-05 -5e-05)
(-0.00045 3e-05 -5e-05)
(-0.00044 3e-05 -5e-05)
(-0.00043 3e-05 -5e-05)
(-0.00042 3e-05 -5e-05)
(-0.00041 3e-05 -5e-05)
(-0.0004 3e-05 -5e-05)
(-0.00039 3e-05 -5e-05)
(-0.00038 3e-05 -5e-05)
(-0.00037 3e-05 -5e-05)
(-0.00036 3e-05 -5e-05)
(-0.00035 3e-05 -5e-05)
(-0.00034 3e-05 -5e-05)
(-0.00033 3e-05 -5e-05)
(-0.00032 3e-05 -5e-05)
(-0.00031 3e-05 -5e-05)
(-0.0003 3e-05 -5e-05)
(-0.00029 3e-05 -5e-05)
(-0.00028 3e-05 -5e-05)
(-0.00027 3e-05 -5e-05)
(-0.00026 3e-05 -5e-05)
(-0.00025 3e-05 -5e-05)
(-0.00024 3e-05 -5e-05)
(-0.00023 3e-05 -5e-05)
(-0.00022 3e-05 -5e-05)
(-0.00021 3e-05 -5e-05)
(-0.0002 3e-05 -5e-05)
(-0.00019 3e-05 -5e-05)
(-0.00018 3e-05 -5e-05)
(-0.00017 3e-05 -5e-05)
(-0.00016 3e-05 -5e-05)
(-0.00015 3e-05 -5e-05)
(-0.00014 3e-05 -5e-05)
(-0.00013 3e-05 -5e-05)
(-0.00012 3e-05 -5e-05)
(-0.00011 3e-05 -5e-05)
(-0.0001 3e-05 -5e-05)
(-9e-05 3e-05 -5e-05)
(-8e-05 3e-05 -5e-05)
(-7e-05 3e-05 -5e-05)
(-6e-05 3e-05 -5e-05)
(-5e-05 3e-05 -5e-05)
(-0.0006 4e-05 -5e-05)
(-0.00059 4e-05 -5e-05)
(-0.00058 4e-05 -5e-05)
(-0.00057 4e-05 -5e-05)
(-0.00056 4e-05 -5e-05)
(-0.00055 4e-05 -5e-05)
(-0.00054 4e-05 -5e-05)
(-0.00053 4e-05 -5e-05)
(-0.00052 4e-05 -5e-05)
(-0.00051 4e-05 -5e-05)
(-0.0005 4e-05 -5e-05)
(-0.00049 4e-05 -5e-05)
(-0.00048 4e-05 -5e-05)
(-0.00047 4e-05 -5e-05)
(-0.00046 4e-05 -5e-05)
(-0.00045 4e-05 -5e-05)
(-0.00044 4e-05 -5e-05)
(-0.00043 4e-05 -5e-05)
(-0.00042 4e-05 -5e-05)
(-0.00041 4e-05 -5e-05)
(-0.0004 4e-05 -5e-05)
(-0.00039 4e-05 -5e-05)
(-0.00038 4e-05 -5e-05)
(-0.00037 4e-05 -5e-05)
(-0.00036 4e-05 -5e-05)
(-0.00035 4e-05 -5e-05)
(-0.00034 4e-05 -5e-05)
(-0.00033 4e-05 -5e-05)
(-0.00032 4e-05 -5e-05)
(-0.00031 4e-05 -5e-05)
(-0.0003 4e-05 -5e-05)
(-0.00029 4e-05 -5e-05)
(-0.00028 4e-05 -5e-05)
(-0.00027 4e-05 -5e-05)
(-0.00026 4e-05 -5e-05)
(-0.00025 4e-05 -5e-05)
(-0.00024 4e-05 -5e-05)
(-0.00023 4e-05 -5e-05)
(-0.00022 4e-05 -5e-05)
(-0.00021 4e-05 -5e-05)
(-0.0002 4e-05 -5e-05)
(-0.00019 4e-05 -5e-05)
(-0.00018 4e-05 -5e-05)
(-0.00017 4e-05 -5e-05)
(-0.00016 4e-05 -5e-05)
(-0.00015 4e-05 -5e-05)
(-0.00014 4e-05 -5e-05)
(-0.00013 4e-05 -5e-05)
(-0.00012 4e-05 -5e-05)
(-0.00011 4e-05 -5e-05)
(-0.0001 4e-05 -5e-05)
(-9e-05 4e-05 -5e-05)
(-8e-05 4e-05 -5e-05)
(-7e-05 4e-05 -5e-05)
(-6e-05 4e-05 -5e-05)
(-5e-05 4e-05 -5e-05)
(-0.0006 5e-05 -5e-05)
(-0.00059 5e-05 -5e-05)
(-0.00058 5e-05 -5e-05)
(-0.00057 5e-05 -5e-05)
(-0.00056 5e-05 -5e-05)
(-0.00055 5e-05 -5e-05)
(-0.00054 5e-05 -5e-05)
(-0.00053 5e-05 -5e-05)
(-0.00052 5e-05 -5e-05)
(-0.00051 5e-05 -5e-05)
(-0.0005 5e-05 -5e-05)
(-0.00049 5e-05 -5e-05)
(-0.00048 5e-05 -5e-05)
(-0.00047 5e-05 -5e-05)
(-0.00046 5e-05 -5e-05)
(-0.00045 5e-05 -5e-05)
(-0.00044 5e-05 -5e-05)
(-0.00043 5e-05 -5e-05)
(-0.00042 5e-05 -5e-05)
(-0.00041 5e-05 -5e-05)
(-0.0004 5e-05 -5e-05)
(-0.00039 5e-05 -5e-05)
(-0.00038 5e-05 -5e-05)
(-0.00037 5e-05 -5e-05)
(-0.00036 5e-05 -5e-05)
(-0.00035 5e-05 -5e-05)
(-0.00034 5e-05 -5e-05)
(-0.00033 5e-05 -5e-05)
(-0.00032 5e-05 -5e-05)
(-0.00031 5e-05 -5e-05)
(-0.0003 5e-05 -5e-05)
(-0.00029 5e-05 -5e-05)
(-0.00028 5e-05 -5e-05)
(-0.00027 5e-05 -5e-05)
(-0.00026 5e-05 -5e-05)
(-0.00025 5e-05 -5e-05)
(-0.00024 5e-05 -5e-05)
(-0.00023 5e-05 -5e-05)
(-0.00022 5e-05 -5e-05)
(-0.00021 5e-05 -5e-05)
(-0.0002 5e-05 -5e-05)
(-0.00019 5e-05 -5e-05)
(-0.00018 5e-05 -5e-05)
(-0.00017 5e-05 -5e-05)
(-0.00016 5e-05 -5e-05)
(-0.00015 5e-05 -5e-05)
(-0.00014 5e-05 -5e-05)
(-0.00013 5e-05 -5e-05)
(-0.00012 5e-05 -5e-05)
(-0.00011 5e-05 -5e-05)
(-0.0001 5e-05 -5e-05)
(-9e-05 5e-05 -5e-05)
(-8e-05 5e-05 -5e-05)
(-7e-05 5e-05 -5e-05)
(-6e-05 5e-05 -5e-05)
(-5e-05 5e-05 -5e-05)
(-0.0006 -5e-05 -4e-05)
(-0.00059 -5e-05 -4e-05)
(-0.00058 -5e-05 -4e-05)
(-0.00057 -5e-05 -4e-05)
(-0.00056 -5e-05 -4e-05)
(-0.00055 -5e-05 -4e-05)
(-0.00054 -5e-05 -4e-05)
(-0.00053 -5e-05 -4e-05)
(-0.00052 -5e-05 -4e-05)
(-0.00051 -5e-05 -4e-05)
(-0.0005 -5e-05 -4e-05)
(-0.00049 -5e-05 -4e-05)
(-0.00048 -5e-05 -4e-05)
(-0.00047 -5e-05 -4e-05)
(-0.00046 -5e-05 -4e-05)
(-0.00045 -5e-05 -4e-05)
(-0.00044 -5e-05 -4e-05)
(-0.00043 -5e-05 -4e-05)
(-0.00042 -5e-05 -4e-05)
(-0.00041 -5e-05 -4e-05)
(-0.0004 -5e-05 -4e-05)
(-0.00039 -5e-05 -4e-05)
(-0.00038 -5e-05 -4e-05)
(-0.00037 -5e-05 -4e-05)
(-0.00036 -5e-05 -4e-05)
(-0.00035 -5e-05 -4e-05)
(-0.00034 -5e-05 -4e-05)
(-0.00033 -5e-05 -4e-05)
(-0.00032 -5e-05 -4e-05)
(-0.00031 -5e-05 -4e-05)
(-0.0003 -5e-05 -4e-05)
(-0.00029 -5e-05 -4e-05)
(-0.00028 -5e-05 -4e-05)
(-0.00027 -5e-05 -4e-05)
(-0.00026 -5e-05 -4e-05)
(-0.00025 -5e-05 -4e-05)
(-0.00024 -5e-05 -4e-05)
(-0.00023 -5e-05 -4e-05)
(-0.00022 -5e-05 -4e-05)
(-0.00021 -5e-05 -4e-05)
(-0.0002 -5e-05 -4e-05)
(-0.00019 -5e-05 -4e-05)
(-0.00018 -5e-05 -4e-05)
(-0.00017 -5e-05 -4e-05)
(-0.00016 -5e-05 -4e-05)
(-0.00015 -5e-05 -4e-05)
(-0.00014 -5e-05 -4e-05)
(-0.00013 -5e-05 -4e-05)
(-0.00012 -5e-05 -4e-05)
(-0.00011 -5e-05 -4e-05)
(-0.0001 -5e-05 -4e-05)
(-9e-05 -5e-05 -4e-05)
(-8e-05 -5e-05 -4e-05)
(-7e-05 -5e-05 -4e-05)
(-6e-05 -5e-05 -4e-05)
(-5e-05 -5e-05 -4e-05)
(-0.0006 -4e-05 -4e-05)
(-0.00059 -4e-05 -4e-05)
(-0.00058 -4e-05 -4e-05)
(-0.00057 -4e-05 -4e-05)
(-0.00056 -4e-05 -4e-05)
(-0.00055 -4e-05 -4e-05)
(-0.00054 -4e-05 -4e-05)
(-0.00053 -4e-05 -4e-05)
(-0.00052 -4e-05 -4e-05)
(-0.00051 -4e-05 -4e-05)
(-0.0005 -4e-05 -4e-05)
(-0.00049 -4e-05 -4e-05)
(-0.00048 -4e-05 -4e-05)
(-0.00047 -4e-05 -4e-05)
(-0.00046 -4e-05 -4e-05)
(-0.00045 -4e-05 -4e-05)
(-0.00044 -4e-05 -4e-05)
(-0.00043 -4e-05 -4e-05)
(-0.00042 -4e-05 -4e-05)
(-0.00041 -4e-05 -4e-05)
(-0.0004 -4e-05 -4e-05)
(-0.00039 -4e-05 -4e-05)
(-0.00038 -4e-05 -4e-05)
(-0.00037 -4e-05 -4e-05)
(-0.00036 -4e-05 -4e-05)
(-0.00035 -4e-05 -4e-05)
(-0.00034 -4e-05 -4e-05)
(-0.00033 -4e-05 -4e-05)
(-0.00032 -4e-05 -4e-05)
(-0.00031 -4e-05 -4e-05)
(-0.0003 -4e-05 -4e-05)
(-0.00029 -4e-05 -4e-05)
(-0.00028 -4e-05 -4e-05)
(-0.00027 -4e-05 -4e-05)
(-0.00026 -4e-05 -4e-05)
(-0.00025 -4e-05 -4e-05)
(-0.00024 -4e-05 -4e-05)
(-0.00023 -4e-05 -4e-05)
(-0.00022 -4e-05 -4e-05)
(-0.00021 -4e-05 -4e-05)
(-0.0002 -4e-05 -4e-05)
(-0.00019 -4e-05 -4e-05)
(-0.00018 -4e-05 -4e-05)
(-0.00017 -4e-05 -4e-05)
(-0.00016 -4e-05 -4e-05)
(-0.00015 -4e-05 -4e-05)
(-0.00014 -4e-05 -4e-05)
(-0.00013 -4e-05 -4e-05)
(-0.00012 -4e-05 -4e-05)
(-0.00011 -4e-05 -4e-05)
(-0.0001 -4e-05 -4e-05)
(-9e-05 -4e-05 -4e-05)
(-8e-05 -4e-05 -4e-05)
(-7e-05 -4e-05 -4e-05)
(-6e-05 -4e-05 -4e-05)
(-5e-05 -4e-05 -4e-05)
(-0.0006 -3e-05 -4e-05)
(-0.00059 -3e-05 -4e-05)
(-0.00058 -3e-05 -4e-05)
(-0.00057 -3e-05 -4e-05)
(-0.00056 -3e-05 -4e-05)
(-0.00055 -3e-05 -4e-05)
(-0.00054 -3e-05 -4e-05)
(-0.00053 -3e-05 -4e-05)
(-0.00052 -3e-05 -4e-05)
(-0.00051 -3e-05 -4e-05)
(-0.0005 -3e-05 -4e-05)
(-0.00049 -3e-05 -4e-05)
(-0.00048 -3e-05 -4e-05)
(-0.00047 -3e-05 -4e-05)
(-0.00046 -3e-05 -4e-05)
(-0.00045 -3e-05 -4e-05)
(-0.00044 -3e-05 -4e-05)
(-0.00043 -3e-05 -4e-05)
(-0.00042 -3e-05 -4e-05)
(-0.00041 -3e-05 -4e-05)
(-0.0004 -3e-05 -4e-05)
(-0.00039 -3e-05 -4e-05)
(-0.00038 -3e-05 -4e-05)
(-0.00037 -3e-05 -4e-05)
(-0.00036 -3e-05 -4e-05)
(-0.00035 -3e-05 -4e-05)
(-0.00034 -3e-05 -4e-05)
(-0.00033 -3e-05 -4e-05)
(-0.00032 -3e-05 -4e-05)
(-0.00031 -3e-05 -4e-05)
(-0.0003 -3e-05 -4e-05)
(-0.00029 -3e-05 -4e-05)
(-0.00028 -3e-05 -4e-05)
(-0.00027 -3e-05 -4e-05)
(-0.00026 -3e-05 -4e-05)
(-0.00025 -3e-05 -4e-05)
(-0.00024 -3e-05 -4e-05)
(-0.00023 -3e-05 -4e-05)
(-0.00022 -3e-05 -4e-05)
(-0.00021 -3e-05 -4e-05)
(-0.0002 -3e-05 -4e-05)
(-0.00019 -3e-05 -4e-05)
(-0.00018 -3e-05 -4e-05)
(-0.00017 -3e-05 -4e-05)
(-0.00016 -3e-05 -4e-05)
(-0.00015 -3e-05 -4e-05)
(-0.00014 -3e-05 -4e-05)
(-0.00013 -3e-05 -4e-05)
(-0.00012 -3e-05 -4e-05)
(-0.00011 -3e-05 -4e-05)
(-0.0001 -3e-05 -4e-05)
(-9e-05 -3e-05 -4e-05)
(-8e-05 -3e-05 -4e-05)
(-7e-05 -3e-05 -4e-05)
(-6e-05 -3e-05 -4e-05)
(-5e-05 -3e-05 -4e-05)
(-0.0006 -2e-05 -4e-05)
(-0.00059 -2e-05 -4e-05)
(-0.00058 -2e-05 -4e-05)
(-0.00057 -2e-05 -4e-05)
(-0.00056 -2e-05 -4e-05)
(-0.00055 -2e-05 -4e-05)
(-0.00054 -2e-05 -4e-05)
(-0.00053 -2e-05 -4e-05)
(-0.00052 -2e-05 -4e-05)
(-0.00051 -2e-05 -4e-05)
(-0.0005 -2e-05 -4e-05)
(-0.00049 -2e-05 -4e-05)
(-0.00048 -2e-05 -4e-05)
(-0.00047 -2e-05 -4e-05)
(-0.00046 -2e-05 -4e-05)
(-0.00045 -2e-05 -4e-05)
(-0.00044 -2e-05 -4e-05)
(-0.00043 -2e-05 -4e-05)
(-0.00042 -2e-05 -4e-05)
(-0.00041 -2e-05 -4e-05)
(-0.0004 -2e-05 -4e-05)
(-0.00039 -2e-05 -4e-05)
(-0.00038 -2e-05 -4e-05)
(-0.00037 -2e-05 -4e-05)
(-0.00036 -2e-05 -4e-05)
(-0.00035 -2e-05 -4e-05)
(-0.00034 -2e-05 -4e-05)
(-0.00033 -2e-05 -4e-05)
(-0.00032 -2e-05 -4e-05)
(-0.00031 -2e-05 -4e-05)
(-0.0003 -2e-05 -4e-05)
(-0.00029 -2e-05 -4e-05)
(-0.00028 -2e-05 -4e-05)
(-0.00027 -2e-05 -4e-05)
(-0.00026 -2e-05 -4e-05)
(-0.00025 -2e-05 -4e-05)
(-0.00024 -2e-05 -4e-05)
(-0.00023 -2e-05 -4e-05)
(-0.00022 -2e-05 -4e-05)
(-0.00021 -2e-05 -4e-05)
(-0.0002 -2e-05 -4e-05)
(-0.00019 -2e-05 -4e-05)
(-0.00018 -2e-05 -4e-05)
(-0.00017 -2e-05 -4e-05)
(-0.00016 -2e-05 -4e-05)
(-0.00015 -2e-05 -4e-05)
(-0.00014 -2e-05 -4e-05)
(-0.00013 -2e-05 -4e-05)
(-0.00012 -2e-05 -4e-05)
(-0.00011 -2e-05 -4e-05)
(-0.0001 -2e-05 -4e-05)
(-9e-05 -2e-05 -4e-05)
(-8e-05 -2e-05 -4e-05)
(-7e-05 -2e-05 -4e-05)
(-6e-05 -2e-05 -4e-05)
(-5e-05 -2e-05 -4e-05)
(-0.0006 -1e-05 -4e-05)
(-0.00059 -1e-05 -4e-05)
(-0.00058 -1e-05 -4e-05)
(-0.00057 -1e-05 -4e-05)
(-0.00056 -1e-05 -4e-05)
(-0.00055 -1e-05 -4e-05)
(-0.00054 -1e-05 -4e-05)
(-0.00053 -1e-05 -4e-05)
(-0.00052 -1e-05 -4e-05)
(-0.00051 -1e-05 -4e-05)
(-0.0005 -1e-05 -4e-05)
(-0.00049 -1e-05 -4e-05)
(-0.00048 -1e-05 -4e-05)
(-0.00047 -1e-05 -4e-05)
(-0.00046 -1e-05 -4e-05)
(-0.00045 -1e-05 -4e-05)
(-0.00044 -1e-05 -4e-05)
(-0.00043 -1e-05 -4e-05)
(-0.00042 -1e-05 -4e-05)
(-0.00041 -1e-05 -4e-05)
(-0.0004 -1e-05 -4e-05)
(-0.00039 -1e-05 -4e-05)
(-0.00038 -1e-05 -4e-05)
(-0.00037 -1e-05 -4e-05)
(-0.00036 -1e-05 -4e-05)
(-0.00035 -1e-05 -4e-05)
(-0.00034 -1e-05 -4e-05)
(-0.00033 -1e-05 -4e-05)
(-0.00032 -1e-05 -4e-05)
(-0.00031 -1e-05 -4e-05)
(-0.0003 -1e-05 -4e-05)
(-0.00029 -1e-05 -4e-05)
(-0.00028 -1e-05 -4e-05)
(-0.00027 -1e-05 -4e-05)
(-0.00026 -1e-05 -4e-05)
(-0.00025 -1e-05 -4e-05)
(-0.00024 -1e-05 -4e-05)
(-0.00023 -1e-05 -4e-05)
(-0.00022 -1e-05 -4e-05)
(-0.00021 -1e-05 -4e-05)
(-0.0002 -1e-05 -4e-05)
(-0.00019 -1e-05 -4e-05)
(-0.00018 -1e-05 -4e-05)
(-0.00017 -1e-05 -4e-05)
(-0.00016 -1e-05 -4e-05)
(-0.00015 -1e-05 -4e-05)
(-0.00014 -1e-05 -4e-05)
(-0.00013 -1e-05 -4e-05)
(-0.00012 -1e-05 -4e-05)
(-0.00011 -1e-05 -4e-05)
(-0.0001 -1e-05 -4e-05)
(-9e-05 -1e-05 -4e-05)
(-8e-05 -1e-05 -4e-05)
(-7e-05 -1e-05 -4e-05)
(-6e-05 -1e-05 -4e-05)
(-5e-05 -1e-05 -4e-05)
(-0.0006 0 -4e-05)
(-0.00059 0 -4e-05)
(-0.00058 0 -4e-05)
(-0.00057 0 -4e-05)
(-0.00056 0 -4e-05)
(-0.00055 0 -4e-05)
(-0.00054 0 -4e-05)
(-0.00053 0 -4e-05)
(-0.00052 0 -4e-05)
(-0.00051 0 -4e-05)
(-0.0005 0 -4e-05)
(-0.00049 0 -4e-05)
(-0.00048 0 -4e-05)
(-0.00047 0 -4e-05)
(-0.00046 0 -4e-05)
(-0.00045 0 -4e-05)
(-0.00044 0 -4e-05)
(-0.00043 0 -4e-05)
(-0.00042 0 -4e-05)
(-0.00041 0 -4e-05)
(-0.0004 0 -4e-05)
(-0.00039 0 -4e-05)
(-0.00038 0 -4e-05)
(-0.00037 -5.646886315e-22 -4e-05)
(-0.00036 -5.646886315e-22 -4e-05)
(-0.00035 0 -4e-05)
(-0.00034 0 -4e-05)
(-0.00033 5.646886315e-22 -4e-05)
(-0.00032 0 -4e-05)
(-0.00031 -5.646886315e-22 -4e-05)
(-0.0003 0 -4e-05)
(-0.00029 0 -4e-05)
(-0.00028 0 -4e-05)
(-0.00027 0 -4e-05)
(-0.00026 -5.646886315e-22 -4e-05)
(-0.00025 0 -4e-05)
(-0.00024 -5.646886315e-22 -4e-05)
(-0.00023 0 -4e-05)
(-0.00022 0 -4e-05)
(-0.00021 -2.823443158e-22 -4e-05)
(-0.0002 -2.823443158e-22 -4e-05)
(-0.00019 0 -4e-05)
(-0.00018 2.823443158e-22 -4e-05)
(-0.00017 -5.646886315e-22 -4e-05)
(-0.00016 -2.823443158e-22 -4e-05)
(-0.00015 -5.646886315e-22 -4e-05)
(-0.00014 2.823443158e-22 -4e-05)
(-0.00013 -4.235164736e-22 -4e-05)
(-0.00012 -1.411721579e-22 -4e-05)
(-0.00011 2.823443158e-22 -4e-05)
(-0.0001 -5.646886315e-22 -4e-05)
(-9e-05 -2.117582368e-22 -4e-05)
(-8e-05 1.411721579e-22 -4e-05)
(-7e-05 4.588095131e-22 -4e-05)
(-6e-05 -3.35283875e-22 -4e-05)
(-5e-05 0 -4e-05)
(-0.0006 1e-05 -4e-05)
(-0.00059 1e-05 -4e-05)
(-0.00058 1e-05 -4e-05)
(-0.00057 1e-05 -4e-05)
(-0.00056 1e-05 -4e-05)
(-0.00055 1e-05 -4e-05)
(-0.00054 1e-05 -4e-05)
(-0.00053 1e-05 -4e-05)
(-0.00052 1e-05 -4e-05)
(-0.00051 1e-05 -4e-05)
(-0.0005 1e-05 -4e-05)
(-0.00049 1e-05 -4e-05)
(-0.00048 1e-05 -4e-05)
(-0.00047 1e-05 -4e-05)
(-0.00046 1e-05 -4e-05)
(-0.00045 1e-05 -4e-05)
(-0.00044 1e-05 -4e-05)
(-0.00043 1e-05 -4e-05)
(-0.00042 1e-05 -4e-05)
(-0.00041 1e-05 -4e-05)
(-0.0004 1e-05 -4e-05)
(-0.00039 1e-05 -4e-05)
(-0.00038 1e-05 -4e-05)
(-0.00037 1e-05 -4e-05)
(-0.00036 1e-05 -4e-05)
(-0.00035 1e-05 -4e-05)
(-0.00034 1e-05 -4e-05)
(-0.00033 1e-05 -4e-05)
(-0.00032 1e-05 -4e-05)
(-0.00031 1e-05 -4e-05)
(-0.0003 1e-05 -4e-05)
(-0.00029 1e-05 -4e-05)
(-0.00028 1e-05 -4e-05)
(-0.00027 1e-05 -4e-05)
(-0.00026 1e-05 -4e-05)
(-0.00025 1e-05 -4e-05)
(-0.00024 1e-05 -4e-05)
(-0.00023 1e-05 -4e-05)
(-0.00022 1e-05 -4e-05)
(-0.00021 1e-05 -4e-05)
(-0.0002 1e-05 -4e-05)
(-0.00019 1e-05 -4e-05)
(-0.00018 1e-05 -4e-05)
(-0.00017 1e-05 -4e-05)
(-0.00016 1e-05 -4e-05)
(-0.00015 1e-05 -4e-05)
(-0.00014 1e-05 -4e-05)
(-0.00013 1e-05 -4e-05)
(-0.00012 1e-05 -4e-05)
(-0.00011 1e-05 -4e-05)
(-0.0001 1e-05 -4e-05)
(-9e-05 1e-05 -4e-05)
(-8e-05 1e-05 -4e-05)
(-7e-05 1e-05 -4e-05)
(-6e-05 1e-05 -4e-05)
(-5e-05 1e-05 -4e-05)
(-0.0006 2e-05 -4e-05)
(-0.00059 2e-05 -4e-05)
(-0.00058 2e-05 -4e-05)
(-0.00057 2e-05 -4e-05)
(-0.00056 2e-05 -4e-05)
(-0.00055 2e-05 -4e-05)
(-0.00054 2e-05 -4e-05)
(-0.00053 2e-05 -4e-05)
(-0.00052 2e-05 -4e-05)
(-0.00051 2e-05 -4e-05)
(-0.0005 2e-05 -4e-05)
(-0.00049 2e-05 -4e-05)
(-0.00048 2e-05 -4e-05)
(-0.00047 2e-05 -4e-05)
(-0.00046 2e-05 -4e-05)
(-0.00045 2e-05 -4e-05)
(-0.00044 2e-05 -4e-05)
(-0.00043 2e-05 -4e-05)
(-0.00042 2e-05 -4e-05)
(-0.00041 2e-05 -4e-05)
(-0.0004 2e-05 -4e-05)
(-0.00039 2e-05 -4e-05)
(-0.00038 2e-05 -4e-05)
(-0.00037 2e-05 -4e-05)
(-0.00036 2e-05 -4e-05)
(-0.00035 2e-05 -4e-05)
(-0.00034 2e-05 -4e-05)
(-0.00033 2e-05 -4e-05)
(-0.00032 2e-05 -4e-05)
(-0.00031 2e-05 -4e-05)
(-0.0003 2e-05 -4e-05)
(-0.00029 2e-05 -4e-05)
(-0.00028 2e-05 -4e-05)
(-0.00027 2e-05 -4e-05)
(-0.00026 2e-05 -4e-05)
(-0.00025 2e-05 -4e-05)
(-0.00024 2e-05 -4e-05)
(-0.00023 2e-05 -4e-05)
(-0.00022 2e-05 -4e-05)
(-0.00021 2e-05 -4e-05)
(-0.0002 2e-05 -4e-05)
(-0.00019 2e-05 -4e-05)
(-0.00018 2e-05 -4e-05)
(-0.00017 2e-05 -4e-05)
(-0.00016 2e-05 -4e-05)
(-0.00015 2e-05 -4e-05)
(-0.00014 2e-05 -4e-05)
(-0.00013 2e-05 -4e-05)
(-0.00012 2e-05 -4e-05)
(-0.00011 2e-05 -4e-05)
(-0.0001 2e-05 -4e-05)
(-9e-05 2e-05 -4e-05)
(-8e-05 2e-05 -4e-05)
(-7e-05 2e-05 -4e-05)
(-6e-05 2e-05 -4e-05)
(-5e-05 2e-05 -4e-05)
(-0.0006 3e-05 -4e-05)
(-0.00059 3e-05 -4e-05)
(-0.00058 3e-05 -4e-05)
(-0.00057 3e-05 -4e-05)
(-0.00056 3e-05 -4e-05)
(-0.00055 3e-05 -4e-05)
(-0.00054 3e-05 -4e-05)
(-0.00053 3e-05 -4e-05)
(-0.00052 3e-05 -4e-05)
(-0.00051 3e-05 -4e-05)
(-0.0005 3e-05 -4e-05)
(-0.00049 3e-05 -4e-05)
(-0.00048 3e-05 -4e-05)
(-0.00047 3e-05 -4e-05)
(-0.00046 3e-05 -4e-05)
(-0.00045 3e-05 -4e-05)
(-0.00044 3e-05 -4e-05)
(-0.00043 3e-05 -4e-05)
(-0.00042 3e-05 -4e-05)
(-0.00041 3e-05 -4e-05)
(-0.0004 3e-05 -4e-05)
(-0.00039 3e-05 -4e-05)
(-0.00038 3e-05 -4e-05)
(-0.00037 3e-05 -4e-05)
(-0.00036 3e-05 -4e-05)
(-0.00035 3e-05 -4e-05)
(-0.00034 3e-05 -4e-05)
(-0.00033 3e-05 -4e-05)
(-0.00032 3e-05 -4e-05)
(-0.00031 3e-05 -4e-05)
(-0.0003 3e-05 -4e-05)
(-0.00029 3e-05 -4e-05)
(-0.00028 3e-05 -4e-05)
(-0.00027 3e-05 -4e-05)
(-0.00026 3e-05 -4e-05)
(-0.00025 3e-05 -4e-05)
(-0.00024 3e-05 -4e-05)
(-0.00023 3e-05 -4e-05)
(-0.00022 3e-05 -4e-05)
(-0.00021 3e-05 -4e-05)
(-0.0002 3e-05 -4e-05)
(-0.00019 3e-05 -4e-05)
(-0.00018 3e-05 -4e-05)
(-0.00017 3e-05 -4e-05)
(-0.00016 3e-05 -4e-05)
(-0.00015 3e-05 -4e-05)
(-0.00014 3e-05 -4e-05)
(-0.00013 3e-05 -4e-05)
(-0.00012 3e-05 -4e-05)
(-0.00011 3e-05 -4e-05)
(-0.0001 3e-05 -4e-05)
(-9e-05 3e-05 -4e-05)
(-8e-05 3e-05 -4e-05)
(-7e-05 3e-05 -4e-05)
(-6e-05 3e-05 -4e-05)
(-5e-05 3e-05 -4e-05)
(-0.0006 4e-05 -4e-05)
(-0.00059 4e-05 -4e-05)
(-0.00058 4e-05 -4e-05)
(-0.00057 4e-05 -4e-05)
(-0.00056 4e-05 -4e-05)
(-0.00055 4e-05 -4e-05)
(-0.00054 4e-05 -4e-05)
(-0.00053 4e-05 -4e-05)
(-0.00052 4e-05 -4e-05)
(-0.00051 4e-05 -4e-05)
(-0.0005 4e-05 -4e-05)
(-0.00049 4e-05 -4e-05)
(-0.00048 4e-05 -4e-05)
(-0.00047 4e-05 -4e-05)
(-0.00046 4e-05 -4e-05)
(-0.00045 4e-05 -4e-05)
(-0.00044 4e-05 -4e-05)
(-0.00043 4e-05 -4e-05)
(-0.00042 4e-05 -4e-05)
(-0.00041 4e-05 -4e-05)
(-0.0004 4e-05 -4e-05)
(-0.00039 4e-05 -4e-05)
(-0.00038 4e-05 -4e-05)
(-0.00037 4e-05 -4e-05)
(-0.00036 4e-05 -4e-05)
(-0.00035 4e-05 -4e-05)
(-0.00034 4e-05 -4e-05)
(-0.00033 4e-05 -4e-05)
(-0.00032 4e-05 -4e-05)
(-0.00031 4e-05 -4e-05)
(-0.0003 4e-05 -4e-05)
(-0.00029 4e-05 -4e-05)
(-0.00028 4e-05 -4e-05)
(-0.00027 4e-05 -4e-05)
(-0.00026 4e-05 -4e-05)
(-0.00025 4e-05 -4e-05)
(-0.00024 4e-05 -4e-05)
(-0.00023 4e-05 -4e-05)
(-0.00022 4e-05 -4e-05)
(-0.00021 4e-05 -4e-05)
(-0.0002 4e-05 -4e-05)
(-0.00019 4e-05 -4e-05)
(-0.00018 4e-05 -4e-05)
(-0.00017 4e-05 -4e-05)
(-0.00016 4e-05 -4e-05)
(-0.00015 4e-05 -4e-05)
(-0.00014 4e-05 -4e-05)
(-0.00013 4e-05 -4e-05)
(-0.00012 4e-05 -4e-05)
(-0.00011 4e-05 -4e-05)
(-0.0001 4e-05 -4e-05)
(-9e-05 4e-05 -4e-05)
(-8e-05 4e-05 -4e-05)
(-7e-05 4e-05 -4e-05)
(-6e-05 4e-05 -4e-05)
(-5e-05 4e-05 -4e-05)
(-0.0006 5e-05 -4e-05)
(-0.00059 5e-05 -4e-05)
(-0.00058 5e-05 -4e-05)
(-0.00057 5e-05 -4e-05)
(-0.00056 5e-05 -4e-05)
(-0.00055 5e-05 -4e-05)
(-0.00054 5e-05 -4e-05)
(-0.00053 5e-05 -4e-05)
(-0.00052 5e-05 -4e-05)
(-0.00051 5e-05 -4e-05)
(-0.0005 5e-05 -4e-05)
(-0.00049 5e-05 -4e-05)
(-0.00048 5e-05 -4e-05)
(-0.00047 5e-05 -4e-05)
(-0.00046 5e-05 -4e-05)
(-0.00045 5e-05 -4e-05)
(-0.00044 5e-05 -4e-05)
(-0.00043 5e-05 -4e-05)
(-0.00042 5e-05 -4e-05)
(-0.00041 5e-05 -4e-05)
(-0.0004 5e-05 -4e-05)
(-0.00039 5e-05 -4e-05)
(-0.00038 5e-05 -4e-05)
(-0.00037 5e-05 -4e-05)
(-0.00036 5e-05 -4e-05)
(-0.00035 5e-05 -4e-05)
(-0.00034 5e-05 -4e-05)
(-0.00033 5e-05 -4e-05)
(-0.00032 5e-05 -4e-05)
(-0.00031 5e-05 -4e-05)
(-0.0003 5e-05 -4e-05)
(-0.00029 5e-05 -4e-05)
(-0.00028 5e-05 -4e-05)
(-0.00027 5e-05 -4e-05)
(-0.00026 5e-05 -4e-05)
(-0.00025 5e-05 -4e-05)
(-0.00024 5e-05 -4e-05)
(-0.00023 5e-05 -4e-05)
(-0.00022 5e-05 -4e-05)
(-0.00021 5e-05 -4e-05)
(-0.0002 5e-05 -4e-05)
(-0.00019 5e-05 -4e-05)
(-0.00018 5e-05 -4e-05)
(-0.00017 5e-05 -4e-05)
(-0.00016 5e-05 -4e-05)
(-0.00015 5e-05 -4e-05)
(-0.00014 5e-05 -4e-05)
(-0.00013 5e-05 -4e-05)
(-0.00012 5e-05 -4e-05)
(-0.00011 5e-05 -4e-05)
(-0.0001 5e-05 -4e-05)
(-9e-05 5e-05 -4e-05)
(-8e-05 5e-05 -4e-05)
(-7e-05 5e-05 -4e-05)
(-6e-05 5e-05 -4e-05)
(-5e-05 5e-05 -4e-05)
(-0.0006 -5e-05 -3e-05)
(-0.00059 -5e-05 -3e-05)
(-0.00058 -5e-05 -3e-05)
(-0.00057 -5e-05 -3e-05)
(-0.00056 -5e-05 -3e-05)
(-0.00055 -5e-05 -3e-05)
(-0.00054 -5e-05 -3e-05)
(-0.00053 -5e-05 -3e-05)
(-0.00052 -5e-05 -3e-05)
(-0.00051 -5e-05 -3e-05)
(-0.0005 -5e-05 -3e-05)
(-0.00049 -5e-05 -3e-05)
(-0.00048 -5e-05 -3e-05)
(-0.00047 -5e-05 -3e-05)
(-0.00046 -5e-05 -3e-05)
(-0.00045 -5e-05 -3e-05)
(-0.00044 -5e-05 -3e-05)
(-0.00043 -5e-05 -3e-05)
(-0.00042 -5e-05 -3e-05)
(-0.00041 -5e-05 -3e-05)
(-0.0004 -5e-05 -3e-05)
(-0.00039 -5e-05 -3e-05)
(-0.00038 -5e-05 -3e-05)
(-0.00037 -5e-05 -3e-05)
(-0.00036 -5e-05 -3e-05)
(-0.00035 -5e-05 -3e-05)
(-0.00034 -5e-05 -3e-05)
(-0.00033 -5e-05 -3e-05)
(-0.00032 -5e-05 -3e-05)
(-0.00031 -5e-05 -3e-05)
(-0.0003 -5e-05 -3e-05)
(-0.00029 -5e-05 -3e-05)
(-0.00028 -5e-05 -3e-05)
(-0.00027 -5e-05 -3e-05)
(-0.00026 -5e-05 -3e-05)
(-0.00025 -5e-05 -3e-05)
(-0.00024 -5e-05 -3e-05)
(-0.00023 -5e-05 -3e-05)
(-0.00022 -5e-05 -3e-05)
(-0.00021 -5e-05 -3e-05)
(-0.0002 -5e-05 -3e-05)
(-0.00019 -5e-05 -3e-05)
(-0.00018 -5e-05 -3e-05)
(-0.00017 -5e-05 -3e-05)
(-0.00016 -5e-05 -3e-05)
(-0.00015 -5e-05 -3e-05)
(-0.00014 -5e-05 -3e-05)
(-0.00013 -5e-05 -3e-05)
(-0.00012 -5e-05 -3e-05)
(-0.00011 -5e-05 -3e-05)
(-0.0001 -5e-05 -3e-05)
(-9e-05 -5e-05 -3e-05)
(-8e-05 -5e-05 -3e-05)
(-7e-05 -5e-05 -3e-05)
(-6e-05 -5e-05 -3e-05)
(-5e-05 -5e-05 -3e-05)
(-0.0006 -4e-05 -3e-05)
(-0.00059 -4e-05 -3e-05)
(-0.00058 -4e-05 -3e-05)
(-0.00057 -4e-05 -3e-05)
(-0.00056 -4e-05 -3e-05)
(-0.00055 -4e-05 -3e-05)
(-0.00054 -4e-05 -3e-05)
(-0.00053 -4e-05 -3e-05)
(-0.00052 -4e-05 -3e-05)
(-0.00051 -4e-05 -3e-05)
(-0.0005 -4e-05 -3e-05)
(-0.00049 -4e-05 -3e-05)
(-0.00048 -4e-05 -3e-05)
(-0.00047 -4e-05 -3e-05)
(-0.00046 -4e-05 -3e-05)
(-0.00045 -4e-05 -3e-05)
(-0.00044 -4e-05 -3e-05)
(-0.00043 -4e-05 -3e-05)
(-0.00042 -4e-05 -3e-05)
(-0.00041 -4e-05 -3e-05)
(-0.0004 -4e-05 -3e-05)
(-0.00039 -4e-05 -3e-05)
(-0.00038 -4e-05 -3e-05)
(-0.00037 -4e-05 -3e-05)
(-0.00036 -4e-05 -3e-05)
(-0.00035 -4e-05 -3e-05)
(-0.00034 -4e-05 -3e-05)
(-0.00033 -4e-05 -3e-05)
(-0.00032 -4e-05 -3e-05)
(-0.00031 -4e-05 -3e-05)
(-0.0003 -4e-05 -3e-05)
(-0.00029 -4e-05 -3e-05)
(-0.00028 -4e-05 -3e-05)
(-0.00027 -4e-05 -3e-05)
(-0.00026 -4e-05 -3e-05)
(-0.00025 -4e-05 -3e-05)
(-0.00024 -4e-05 -3e-05)
(-0.00023 -4e-05 -3e-05)
(-0.00022 -4e-05 -3e-05)
(-0.00021 -4e-05 -3e-05)
(-0.0002 -4e-05 -3e-05)
(-0.00019 -4e-05 -3e-05)
(-0.00018 -4e-05 -3e-05)
(-0.00017 -4e-05 -3e-05)
(-0.00016 -4e-05 -3e-05)
(-0.00015 -4e-05 -3e-05)
(-0.00014 -4e-05 -3e-05)
(-0.00013 -4e-05 -3e-05)
(-0.00012 -4e-05 -3e-05)
(-0.00011 -4e-05 -3e-05)
(-0.0001 -4e-05 -3e-05)
(-9e-05 -4e-05 -3e-05)
(-8e-05 -4e-05 -3e-05)
(-7e-05 -4e-05 -3e-05)
(-6e-05 -4e-05 -3e-05)
(-5e-05 -4e-05 -3e-05)
(-0.0006 -3e-05 -3e-05)
(-0.00059 -3e-05 -3e-05)
(-0.00058 -3e-05 -3e-05)
(-0.00057 -3e-05 -3e-05)
(-0.00056 -3e-05 -3e-05)
(-0.00055 -3e-05 -3e-05)
(-0.00054 -3e-05 -3e-05)
(-0.00053 -3e-05 -3e-05)
(-0.00052 -3e-05 -3e-05)
(-0.00051 -3e-05 -3e-05)
(-0.0005 -3e-05 -3e-05)
(-0.00049 -3e-05 -3e-05)
(-0.00048 -3e-05 -3e-05)
(-0.00047 -3e-05 -3e-05)
(-0.00046 -3e-05 -3e-05)
(-0.00045 -3e-05 -3e-05)
(-0.00044 -3e-05 -3e-05)
(-0.00043 -3e-05 -3e-05)
(-0.00042 -3e-05 -3e-05)
(-0.00041 -3e-05 -3e-05)
(-0.0004 -3e-05 -3e-05)
(-0.00039 -3e-05 -3e-05)
(-0.00038 -3e-05 -3e-05)
(-0.00037 -3e-05 -3e-05)
(-0.00036 -3e-05 -3e-05)
(-0.00035 -3e-05 -3e-05)
(-0.00034 -3e-05 -3e-05)
(-0.00033 -3e-05 -3e-05)
(-0.00032 -3e-05 -3e-05)
(-0.00031 -3e-05 -3e-05)
(-0.0003 -3e-05 -3e-05)
(-0.00029 -3e-05 -3e-05)
(-0.00028 -3e-05 -3e-05)
(-0.00027 -3e-05 -3e-05)
(-0.00026 -3e-05 -3e-05)
(-0.00025 -3e-05 -3e-05)
(-0.00024 -3e-05 -3e-05)
(-0.00023 -3e-05 -3e-05)
(-0.00022 -3e-05 -3e-05)
(-0.00021 -3e-05 -3e-05)
(-0.0002 -3e-05 -3e-05)
(-0.00019 -3e-05 -3e-05)
(-0.00018 -3e-05 -3e-05)
(-0.00017 -3e-05 -3e-05)
(-0.00016 -3e-05 -3e-05)
(-0.00015 -3e-05 -3e-05)
(-0.00014 -3e-05 -3e-05)
(-0.00013 -3e-05 -3e-05)
(-0.00012 -3e-05 -3e-05)
(-0.00011 -3e-05 -3e-05)
(-0.0001 -3e-05 -3e-05)
(-9e-05 -3e-05 -3e-05)
(-8e-05 -3e-05 -3e-05)
(-7e-05 -3e-05 -3e-05)
(-6e-05 -3e-05 -3e-05)
(-5e-05 -3e-05 -3e-05)
(-0.0006 -2e-05 -3e-05)
(-0.00059 -2e-05 -3e-05)
(-0.00058 -2e-05 -3e-05)
(-0.00057 -2e-05 -3e-05)
(-0.00056 -2e-05 -3e-05)
(-0.00055 -2e-05 -3e-05)
(-0.00054 -2e-05 -3e-05)
(-0.00053 -2e-05 -3e-05)
(-0.00052 -2e-05 -3e-05)
(-0.00051 -2e-05 -3e-05)
(-0.0005 -2e-05 -3e-05)
(-0.00049 -2e-05 -3e-05)
(-0.00048 -2e-05 -3e-05)
(-0.00047 -2e-05 -3e-05)
(-0.00046 -2e-05 -3e-05)
(-0.00045 -2e-05 -3e-05)
(-0.00044 -2e-05 -3e-05)
(-0.00043 -2e-05 -3e-05)
(-0.00042 -2e-05 -3e-05)
(-0.00041 -2e-05 -3e-05)
(-0.0004 -2e-05 -3e-05)
(-0.00039 -2e-05 -3e-05)
(-0.00038 -2e-05 -3e-05)
(-0.00037 -2e-05 -3e-05)
(-0.00036 -2e-05 -3e-05)
(-0.00035 -2e-05 -3e-05)
(-0.00034 -2e-05 -3e-05)
(-0.00033 -2e-05 -3e-05)
(-0.00032 -2e-05 -3e-05)
(-0.00031 -2e-05 -3e-05)
(-0.0003 -2e-05 -3e-05)
(-0.00029 -2e-05 -3e-05)
(-0.00028 -2e-05 -3e-05)
(-0.00027 -2e-05 -3e-05)
(-0.00026 -2e-05 -3e-05)
(-0.00025 -2e-05 -3e-05)
(-0.00024 -2e-05 -3e-05)
(-0.00023 -2e-05 -3e-05)
(-0.00022 -2e-05 -3e-05)
(-0.00021 -2e-05 -3e-05)
(-0.0002 -2e-05 -3e-05)
(-0.00019 -2e-05 -3e-05)
(-0.00018 -2e-05 -3e-05)
(-0.00017 -2e-05 -3e-05)
(-0.00016 -2e-05 -3e-05)
(-0.00015 -2e-05 -3e-05)
(-0.00014 -2e-05 -3e-05)
(-0.00013 -2e-05 -3e-05)
(-0.00012 -2e-05 -3e-05)
(-0.00011 -2e-05 -3e-05)
(-0.0001 -2e-05 -3e-05)
(-9e-05 -2e-05 -3e-05)
(-8e-05 -2e-05 -3e-05)
(-7e-05 -2e-05 -3e-05)
(-6e-05 -2e-05 -3e-05)
(-5e-05 -2e-05 -3e-05)
(-0.0006 -1e-05 -3e-05)
(-0.00059 -1e-05 -3e-05)
(-0.00058 -1e-05 -3e-05)
(-0.00057 -1e-05 -3e-05)
(-0.00056 -1e-05 -3e-05)
(-0.00055 -1e-05 -3e-05)
(-0.00054 -1e-05 -3e-05)
(-0.00053 -1e-05 -3e-05)
(-0.00052 -1e-05 -3e-05)
(-0.00051 -1e-05 -3e-05)
(-0.0005 -1e-05 -3e-05)
(-0.00049 -1e-05 -3e-05)
(-0.00048 -1e-05 -3e-05)
(-0.00047 -1e-05 -3e-05)
(-0.00046 -1e-05 -3e-05)
(-0.00045 -1e-05 -3e-05)
(-0.00044 -1e-05 -3e-05)
(-0.00043 -1e-05 -3e-05)
(-0.00042 -1e-05 -3e-05)
(-0.00041 -1e-05 -3e-05)
(-0.0004 -1e-05 -3e-05)
(-0.00039 -1e-05 -3e-05)
(-0.00038 -1e-05 -3e-05)
(-0.00037 -1e-05 -3e-05)
(-0.00036 -1e-05 -3e-05)
(-0.00035 -1e-05 -3e-05)
(-0.00034 -1e-05 -3e-05)
(-0.00033 -1e-05 -3e-05)
(-0.00032 -1e-05 -3e-05)
(-0.00031 -1e-05 -3e-05)
(-0.0003 -1e-05 -3e-05)
(-0.00029 -1e-05 -3e-05)
(-0.00028 -1e-05 -3e-05)
(-0.00027 -1e-05 -3e-05)
(-0.00026 -1e-05 -3e-05)
(-0.00025 -1e-05 -3e-05)
(-0.00024 -1e-05 -3e-05)
(-0.00023 -1e-05 -3e-05)
(-0.00022 -1e-05 -3e-05)
(-0.00021 -1e-05 -3e-05)
(-0.0002 -1e-05 -3e-05)
(-0.00019 -1e-05 -3e-05)
(-0.00018 -1e-05 -3e-05)
(-0.00017 -1e-05 -3e-05)
(-0.00016 -1e-05 -3e-05)
(-0.00015 -1e-05 -3e-05)
(-0.00014 -1e-05 -3e-05)
(-0.00013 -1e-05 -3e-05)
(-0.00012 -1e-05 -3e-05)
(-0.00011 -1e-05 -3e-05)
(-0.0001 -1e-05 -3e-05)
(-9e-05 -1e-05 -3e-05)
(-8e-05 -1e-05 -3e-05)
(-7e-05 -1e-05 -3e-05)
(-6e-05 -1e-05 -3e-05)
(-5e-05 -1e-05 -3e-05)
(-0.0006 0 -3e-05)
(-0.00059 0 -3e-05)
(-0.00058 0 -3e-05)
(-0.00057 0 -3e-05)
(-0.00056 0 -3e-05)
(-0.00055 0 -3e-05)
(-0.00054 0 -3e-05)
(-0.00053 0 -3e-05)
(-0.00052 0 -3e-05)
(-0.00051 0 -3e-05)
(-0.0005 0 -3e-05)
(-0.00049 0 -3e-05)
(-0.00048 0 -3e-05)
(-0.00047 0 -3e-05)
(-0.00046 0 -3e-05)
(-0.00045 0 -3e-05)
(-0.00044 0 -3e-05)
(-0.00043 0 -3e-05)
(-0.00042 0 -3e-05)
(-0.00041 0 -3e-05)
(-0.0004 0 -3e-05)
(-0.00039 0 -3e-05)
(-0.00038 -5.646886315e-22 -3e-05)
(-0.00037 5.646886315e-22 -3e-05)
(-0.00036 0 -3e-05)
(-0.00035 0 -3e-05)
(-0.00034 -5.646886315e-22 -3e-05)
(-0.00033 0 -3e-05)
(-0.00032 -5.646886315e-22 -3e-05)
(-0.00031 0 -3e-05)
(-0.0003 -5.646886315e-22 -3e-05)
(-0.00029 0 -3e-05)
(-0.00028 0 -3e-05)
(-0.00027 -5.646886315e-22 -3e-05)
(-0.00026 0 -3e-05)
(-0.00025 0 -3e-05)
(-0.00024 -5.646886315e-22 -3e-05)
(-0.00023 0 -3e-05)
(-0.00022 0 -3e-05)
(-0.00021 2.823443158e-22 -3e-05)
(-0.0002 -2.823443158e-22 -3e-05)
(-0.00019 0 -3e-05)
(-0.00018 -5.646886315e-22 -3e-05)
(-0.00017 -2.823443158e-22 -3e-05)
(-0.00016 -2.823443158e-22 -3e-05)
(-0.00015 2.823443158e-22 -3e-05)
(-0.00014 2.823443158e-22 -3e-05)
(-0.00013 -4.235164736e-22 -3e-05)
(-0.00012 -1.411721579e-22 -3e-05)
(-0.00011 2.823443158e-22 -3e-05)
(-0.0001 -5.646886315e-22 -3e-05)
(-9e-05 -2.117582368e-22 -3e-05)
(-8e-05 1.411721579e-22 -3e-05)
(-7e-05 4.588095131e-22 -3e-05)
(-6e-05 -3.35283875e-22 -3e-05)
(-5e-05 0 -3e-05)
(-0.0006 1e-05 -3e-05)
(-0.00059 1e-05 -3e-05)
(-0.00058 1e-05 -3e-05)
(-0.00057 1e-05 -3e-05)
(-0.00056 1e-05 -3e-05)
(-0.00055 1e-05 -3e-05)
(-0.00054 1e-05 -3e-05)
(-0.00053 1e-05 -3e-05)
(-0.00052 1e-05 -3e-05)
(-0.00051 1e-05 -3e-05)
(-0.0005 1e-05 -3e-05)
(-0.00049 1e-05 -3e-05)
(-0.00048 1e-05 -3e-05)
(-0.00047 1e-05 -3e-05)
(-0.00046 1e-05 -3e-05)
(-0.00045 1e-05 -3e-05)
(-0.00044 1e-05 -3e-05)
(-0.00043 1e-05 -3e-05)
(-0.00042 1e-05 -3e-05)
(-0.00041 1e-05 -3e-05)
(-0.0004 1e-05 -3e-05)
(-0.00039 1e-05 -3e-05)
(-0.00038 1e-05 -3e-05)
(-0.00037 1e-05 -3e-05)
(-0.00036 1e-05 -3e-05)
(-0.00035 1e-05 -3e-05)
(-0.00034 1e-05 -3e-05)
(-0.00033 1e-05 -3e-05)
(-0.00032 1e-05 -3e-05)
(-0.00031 1e-05 -3e-05)
(-0.0003 1e-05 -3e-05)
(-0.00029 1e-05 -3e-05)
(-0.00028 1e-05 -3e-05)
(-0.00027 1e-05 -3e-05)
(-0.00026 1e-05 -3e-05)
(-0.00025 1e-05 -3e-05)
(-0.00024 1e-05 -3e-05)
(-0.00023 1e-05 -3e-05)
(-0.00022 1e-05 -3e-05)
(-0.00021 1e-05 -3e-05)
(-0.0002 1e-05 -3e-05)
(-0.00019 1e-05 -3e-05)
(-0.00018 1e-05 -3e-05)
(-0.00017 1e-05 -3e-05)
(-0.00016 1e-05 -3e-05)
(-0.00015 1e-05 -3e-05)
(-0.00014 1e-05 -3e-05)
(-0.00013 1e-05 -3e-05)
(-0.00012 1e-05 -3e-05)
(-0.00011 1e-05 -3e-05)
(-0.0001 1e-05 -3e-05)
(-9e-05 1e-05 -3e-05)
(-8e-05 1e-05 -3e-05)
(-7e-05 1e-05 -3e-05)
(-6e-05 1e-05 -3e-05)
(-5e-05 1e-05 -3e-05)
(-0.0006 2e-05 -3e-05)
(-0.00059 2e-05 -3e-05)
(-0.00058 2e-05 -3e-05)
(-0.00057 2e-05 -3e-05)
(-0.00056 2e-05 -3e-05)
(-0.00055 2e-05 -3e-05)
(-0.00054 2e-05 -3e-05)
(-0.00053 2e-05 -3e-05)
(-0.00052 2e-05 -3e-05)
(-0.00051 2e-05 -3e-05)
(-0.0005 2e-05 -3e-05)
(-0.00049 2e-05 -3e-05)
(-0.00048 2e-05 -3e-05)
(-0.00047 2e-05 -3e-05)
(-0.00046 2e-05 -3e-05)
(-0.00045 2e-05 -3e-05)
(-0.00044 2e-05 -3e-05)
(-0.00043 2e-05 -3e-05)
(-0.00042 2e-05 -3e-05)
(-0.00041 2e-05 -3e-05)
(-0.0004 2e-05 -3e-05)
(-0.00039 2e-05 -3e-05)
(-0.00038 2e-05 -3e-05)
(-0.00037 2e-05 -3e-05)
(-0.00036 2e-05 -3e-05)
(-0.00035 2e-05 -3e-05)
(-0.00034 2e-05 -3e-05)
(-0.00033 2e-05 -3e-05)
(-0.00032 2e-05 -3e-05)
(-0.00031 2e-05 -3e-05)
(-0.0003 2e-05 -3e-05)
(-0.00029 2e-05 -3e-05)
(-0.00028 2e-05 -3e-05)
(-0.00027 2e-05 -3e-05)
(-0.00026 2e-05 -3e-05)
(-0.00025 2e-05 -3e-05)
(-0.00024 2e-05 -3e-05)
(-0.00023 2e-05 -3e-05)
(-0.00022 2e-05 -3e-05)
(-0.00021 2e-05 -3e-05)
(-0.0002 2e-05 -3e-05)
(-0.00019 2e-05 -3e-05)
(-0.00018 2e-05 -3e-05)
(-0.00017 2e-05 -3e-05)
(-0.00016 2e-05 -3e-05)
(-0.00015 2e-05 -3e-05)
(-0.00014 2e-05 -3e-05)
(-0.00013 2e-05 -3e-05)
(-0.00012 2e-05 -3e-05)
(-0.00011 2e-05 -3e-05)
(-0.0001 2e-05 -3e-05)
(-9e-05 2e-05 -3e-05)
(-8e-05 2e-05 -3e-05)
(-7e-05 2e-05 -3e-05)
(-6e-05 2e-05 -3e-05)
(-5e-05 2e-05 -3e-05)
(-0.0006 3e-05 -3e-05)
(-0.00059 3e-05 -3e-05)
(-0.00058 3e-05 -3e-05)
(-0.00057 3e-05 -3e-05)
(-0.00056 3e-05 -3e-05)
(-0.00055 3e-05 -3e-05)
(-0.00054 3e-05 -3e-05)
(-0.00053 3e-05 -3e-05)
(-0.00052 3e-05 -3e-05)
(-0.00051 3e-05 -3e-05)
(-0.0005 3e-05 -3e-05)
(-0.00049 3e-05 -3e-05)
(-0.00048 3e-05 -3e-05)
(-0.00047 3e-05 -3e-05)
(-0.00046 3e-05 -3e-05)
(-0.00045 3e-05 -3e-05)
(-0.00044 3e-05 -3e-05)
(-0.00043 3e-05 -3e-05)
(-0.00042 3e-05 -3e-05)
(-0.00041 3e-05 -3e-05)
(-0.0004 3e-05 -3e-05)
(-0.00039 3e-05 -3e-05)
(-0.00038 3e-05 -3e-05)
(-0.00037 3e-05 -3e-05)
(-0.00036 3e-05 -3e-05)
(-0.00035 3e-05 -3e-05)
(-0.00034 3e-05 -3e-05)
(-0.00033 3e-05 -3e-05)
(-0.00032 3e-05 -3e-05)
(-0.00031 3e-05 -3e-05)
(-0.0003 3e-05 -3e-05)
(-0.00029 3e-05 -3e-05)
(-0.00028 3e-05 -3e-05)
(-0.00027 3e-05 -3e-05)
(-0.00026 3e-05 -3e-05)
(-0.00025 3e-05 -3e-05)
(-0.00024 3e-05 -3e-05)
(-0.00023 3e-05 -3e-05)
(-0.00022 3e-05 -3e-05)
(-0.00021 3e-05 -3e-05)
(-0.0002 3e-05 -3e-05)
(-0.00019 3e-05 -3e-05)
(-0.00018 3e-05 -3e-05)
(-0.00017 3e-05 -3e-05)
(-0.00016 3e-05 -3e-05)
(-0.00015 3e-05 -3e-05)
(-0.00014 3e-05 -3e-05)
(-0.00013 3e-05 -3e-05)
(-0.00012 3e-05 -3e-05)
(-0.00011 3e-05 -3e-05)
(-0.0001 3e-05 -3e-05)
(-9e-05 3e-05 -3e-05)
(-8e-05 3e-05 -3e-05)
(-7e-05 3e-05 -3e-05)
(-6e-05 3e-05 -3e-05)
(-5e-05 3e-05 -3e-05)
(-0.0006 4e-05 -3e-05)
(-0.00059 4e-05 -3e-05)
(-0.00058 4e-05 -3e-05)
(-0.00057 4e-05 -3e-05)
(-0.00056 4e-05 -3e-05)
(-0.00055 4e-05 -3e-05)
(-0.00054 4e-05 -3e-05)
(-0.00053 4e-05 -3e-05)
(-0.00052 4e-05 -3e-05)
(-0.00051 4e-05 -3e-05)
(-0.0005 4e-05 -3e-05)
(-0.00049 4e-05 -3e-05)
(-0.00048 4e-05 -3e-05)
(-0.00047 4e-05 -3e-05)
(-0.00046 4e-05 -3e-05)
(-0.00045 4e-05 -3e-05)
(-0.00044 4e-05 -3e-05)
(-0.00043 4e-05 -3e-05)
(-0.00042 4e-05 -3e-05)
(-0.00041 4e-05 -3e-05)
(-0.0004 4e-05 -3e-05)
(-0.00039 4e-05 -3e-05)
(-0.00038 4e-05 -3e-05)
(-0.00037 4e-05 -3e-05)
(-0.00036 4e-05 -3e-05)
(-0.00035 4e-05 -3e-05)
(-0.00034 4e-05 -3e-05)
(-0.00033 4e-05 -3e-05)
(-0.00032 4e-05 -3e-05)
(-0.00031 4e-05 -3e-05)
(-0.0003 4e-05 -3e-05)
(-0.00029 4e-05 -3e-05)
(-0.00028 4e-05 -3e-05)
(-0.00027 4e-05 -3e-05)
(-0.00026 4e-05 -3e-05)
(-0.00025 4e-05 -3e-05)
(-0.00024 4e-05 -3e-05)
(-0.00023 4e-05 -3e-05)
(-0.00022 4e-05 -3e-05)
(-0.00021 4e-05 -3e-05)
(-0.0002 4e-05 -3e-05)
(-0.00019 4e-05 -3e-05)
(-0.00018 4e-05 -3e-05)
(-0.00017 4e-05 -3e-05)
(-0.00016 4e-05 -3e-05)
(-0.00015 4e-05 -3e-05)
(-0.00014 4e-05 -3e-05)
(-0.00013 4e-05 -3e-05)
(-0.00012 4e-05 -3e-05)
(-0.00011 4e-05 -3e-05)
(-0.0001 4e-05 -3e-05)
(-9e-05 4e-05 -3e-05)
(-8e-05 4e-05 -3e-05)
(-7e-05 4e-05 -3e-05)
(-6e-05 4e-05 -3e-05)
(-5e-05 4e-05 -3e-05)
(-0.0006 5e-05 -3e-05)
(-0.00059 5e-05 -3e-05)
(-0.00058 5e-05 -3e-05)
(-0.00057 5e-05 -3e-05)
(-0.00056 5e-05 -3e-05)
(-0.00055 5e-05 -3e-05)
(-0.00054 5e-05 -3e-05)
(-0.00053 5e-05 -3e-05)
(-0.00052 5e-05 -3e-05)
(-0.00051 5e-05 -3e-05)
(-0.0005 5e-05 -3e-05)
(-0.00049 5e-05 -3e-05)
(-0.00048 5e-05 -3e-05)
(-0.00047 5e-05 -3e-05)
(-0.00046 5e-05 -3e-05)
(-0.00045 5e-05 -3e-05)
(-0.00044 5e-05 -3e-05)
(-0.00043 5e-05 -3e-05)
(-0.00042 5e-05 -3e-05)
(-0.00041 5e-05 -3e-05)
(-0.0004 5e-05 -3e-05)
(-0.00039 5e-05 -3e-05)
(-0.00038 5e-05 -3e-05)
(-0.00037 5e-05 -3e-05)
(-0.00036 5e-05 -3e-05)
(-0.00035 5e-05 -3e-05)
(-0.00034 5e-05 -3e-05)
(-0.00033 5e-05 -3e-05)
(-0.00032 5e-05 -3e-05)
(-0.00031 5e-05 -3e-05)
(-0.0003 5e-05 -3e-05)
(-0.00029 5e-05 -3e-05)
(-0.00028 5e-05 -3e-05)
(-0.00027 5e-05 -3e-05)
(-0.00026 5e-05 -3e-05)
(-0.00025 5e-05 -3e-05)
(-0.00024 5e-05 -3e-05)
(-0.00023 5e-05 -3e-05)
(-0.00022 5e-05 -3e-05)
(-0.00021 5e-05 -3e-05)
(-0.0002 5e-05 -3e-05)
(-0.00019 5e-05 -3e-05)
(-0.00018 5e-05 -3e-05)
(-0.00017 5e-05 -3e-05)
(-0.00016 5e-05 -3e-05)
(-0.00015 5e-05 -3e-05)
(-0.00014 5e-05 -3e-05)
(-0.00013 5e-05 -3e-05)
(-0.00012 5e-05 -3e-05)
(-0.00011 5e-05 -3e-05)
(-0.0001 5e-05 -3e-05)
(-9e-05 5e-05 -3e-05)
(-8e-05 5e-05 -3e-05)
(-7e-05 5e-05 -3e-05)
(-6e-05 5e-05 -3e-05)
(-5e-05 5e-05 -3e-05)
(-0.0006 -5e-05 -2e-05)
(-0.00059 -5e-05 -2e-05)
(-0.00058 -5e-05 -2e-05)
(-0.00057 -5e-05 -2e-05)
(-0.00056 -5e-05 -2e-05)
(-0.00055 -5e-05 -2e-05)
(-0.00054 -5e-05 -2e-05)
(-0.00053 -5e-05 -2e-05)
(-0.00052 -5e-05 -2e-05)
(-0.00051 -5e-05 -2e-05)
(-0.0005 -5e-05 -2e-05)
(-0.00049 -5e-05 -2e-05)
(-0.00048 -5e-05 -2e-05)
(-0.00047 -5e-05 -2e-05)
(-0.00046 -5e-05 -2e-05)
(-0.00045 -5e-05 -2e-05)
(-0.00044 -5e-05 -2e-05)
(-0.00043 -5e-05 -2e-05)
(-0.00042 -5e-05 -2e-05)
(-0.00041 -5e-05 -2e-05)
(-0.0004 -5e-05 -2e-05)
(-0.00039 -5e-05 -2e-05)
(-0.00038 -5e-05 -2e-05)
(-0.00037 -5e-05 -2e-05)
(-0.00036 -5e-05 -2e-05)
(-0.00035 -5e-05 -2e-05)
(-0.00034 -5e-05 -2e-05)
(-0.00033 -5e-05 -2e-05)
(-0.00032 -5e-05 -2e-05)
(-0.00031 -5e-05 -2e-05)
(-0.0003 -5e-05 -2e-05)
(-0.00029 -5e-05 -2e-05)
(-0.00028 -5e-05 -2e-05)
(-0.00027 -5e-05 -2e-05)
(-0.00026 -5e-05 -2e-05)
(-0.00025 -5e-05 -2e-05)
(-0.00024 -5e-05 -2e-05)
(-0.00023 -5e-05 -2e-05)
(-0.00022 -5e-05 -2e-05)
(-0.00021 -5e-05 -2e-05)
(-0.0002 -5e-05 -2e-05)
(-0.00019 -5e-05 -2e-05)
(-0.00018 -5e-05 -2e-05)
(-0.00017 -5e-05 -2e-05)
(-0.00016 -5e-05 -2e-05)
(-0.00015 -5e-05 -2e-05)
(-0.00014 -5e-05 -2e-05)
(-0.00013 -5e-05 -2e-05)
(-0.00012 -5e-05 -2e-05)
(-0.00011 -5e-05 -2e-05)
(-0.0001 -5e-05 -2e-05)
(-9e-05 -5e-05 -2e-05)
(-8e-05 -5e-05 -2e-05)
(-7e-05 -5e-05 -2e-05)
(-6e-05 -5e-05 -2e-05)
(-5e-05 -5e-05 -2e-05)
(-0.0006 -4e-05 -2e-05)
(-0.00059 -4e-05 -2e-05)
(-0.00058 -4e-05 -2e-05)
(-0.00057 -4e-05 -2e-05)
(-0.00056 -4e-05 -2e-05)
(-0.00055 -4e-05 -2e-05)
(-0.00054 -4e-05 -2e-05)
(-0.00053 -4e-05 -2e-05)
(-0.00052 -4e-05 -2e-05)
(-0.00051 -4e-05 -2e-05)
(-0.0005 -4e-05 -2e-05)
(-0.00049 -4e-05 -2e-05)
(-0.00048 -4e-05 -2e-05)
(-0.00047 -4e-05 -2e-05)
(-0.00046 -4e-05 -2e-05)
(-0.00045 -4e-05 -2e-05)
(-0.00044 -4e-05 -2e-05)
(-0.00043 -4e-05 -2e-05)
(-0.00042 -4e-05 -2e-05)
(-0.00041 -4e-05 -2e-05)
(-0.0004 -4e-05 -2e-05)
(-0.00039 -4e-05 -2e-05)
(-0.00038 -4e-05 -2e-05)
(-0.00037 -4e-05 -2e-05)
(-0.00036 -4e-05 -2e-05)
(-0.00035 -4e-05 -2e-05)
(-0.00034 -4e-05 -2e-05)
(-0.00033 -4e-05 -2e-05)
(-0.00032 -4e-05 -2e-05)
(-0.00031 -4e-05 -2e-05)
(-0.0003 -4e-05 -2e-05)
(-0.00029 -4e-05 -2e-05)
(-0.00028 -4e-05 -2e-05)
(-0.00027 -4e-05 -2e-05)
(-0.00026 -4e-05 -2e-05)
(-0.00025 -4e-05 -2e-05)
(-0.00024 -4e-05 -2e-05)
(-0.00023 -4e-05 -2e-05)
(-0.00022 -4e-05 -2e-05)
(-0.00021 -4e-05 -2e-05)
(-0.0002 -4e-05 -2e-05)
(-0.00019 -4e-05 -2e-05)
(-0.00018 -4e-05 -2e-05)
(-0.00017 -4e-05 -2e-05)
(-0.00016 -4e-05 -2e-05)
(-0.00015 -4e-05 -2e-05)
(-0.00014 -4e-05 -2e-05)
(-0.00013 -4e-05 -2e-05)
(-0.00012 -4e-05 -2e-05)
(-0.00011 -4e-05 -2e-05)
(-0.0001 -4e-05 -2e-05)
(-9e-05 -4e-05 -2e-05)
(-8e-05 -4e-05 -2e-05)
(-7e-05 -4e-05 -2e-05)
(-6e-05 -4e-05 -2e-05)
(-5e-05 -4e-05 -2e-05)
(-0.0006 -3e-05 -2e-05)
(-0.00059 -3e-05 -2e-05)
(-0.00058 -3e-05 -2e-05)
(-0.00057 -3e-05 -2e-05)
(-0.00056 -3e-05 -2e-05)
(-0.00055 -3e-05 -2e-05)
(-0.00054 -3e-05 -2e-05)
(-0.00053 -3e-05 -2e-05)
(-0.00052 -3e-05 -2e-05)
(-0.00051 -3e-05 -2e-05)
(-0.0005 -3e-05 -2e-05)
(-0.00049 -3e-05 -2e-05)
(-0.00048 -3e-05 -2e-05)
(-0.00047 -3e-05 -2e-05)
(-0.00046 -3e-05 -2e-05)
(-0.00045 -3e-05 -2e-05)
(-0.00044 -3e-05 -2e-05)
(-0.00043 -3e-05 -2e-05)
(-0.00042 -3e-05 -2e-05)
(-0.00041 -3e-05 -2e-05)
(-0.0004 -3e-05 -2e-05)
(-0.00039 -3e-05 -2e-05)
(-0.00038 -3e-05 -2e-05)
(-0.00037 -3e-05 -2e-05)
(-0.00036 -3e-05 -2e-05)
(-0.00035 -3e-05 -2e-05)
(-0.00034 -3e-05 -2e-05)
(-0.00033 -3e-05 -2e-05)
(-0.00032 -3e-05 -2e-05)
(-0.00031 -3e-05 -2e-05)
(-0.0003 -3e-05 -2e-05)
(-0.00029 -3e-05 -2e-05)
(-0.00028 -3e-05 -2e-05)
(-0.00027 -3e-05 -2e-05)
(-0.00026 -3e-05 -2e-05)
(-0.00025 -3e-05 -2e-05)
(-0.00024 -3e-05 -2e-05)
(-0.00023 -3e-05 -2e-05)
(-0.00022 -3e-05 -2e-05)
(-0.00021 -3e-05 -2e-05)
(-0.0002 -3e-05 -2e-05)
(-0.00019 -3e-05 -2e-05)
(-0.00018 -3e-05 -2e-05)
(-0.00017 -3e-05 -2e-05)
(-0.00016 -3e-05 -2e-05)
(-0.00015 -3e-05 -2e-05)
(-0.00014 -3e-05 -2e-05)
(-0.00013 -3e-05 -2e-05)
(-0.00012 -3e-05 -2e-05)
(-0.00011 -3e-05 -2e-05)
(-0.0001 -3e-05 -2e-05)
(-9e-05 -3e-05 -2e-05)
(-8e-05 -3e-05 -2e-05)
(-7e-05 -3e-05 -2e-05)
(-6e-05 -3e-05 -2e-05)
(-5e-05 -3e-05 -2e-05)
(-0.0006 -2e-05 -2e-05)
(-0.00059 -2e-05 -2e-05)
(-0.00058 -2e-05 -2e-05)
(-0.00057 -2e-05 -2e-05)
(-0.00056 -2e-05 -2e-05)
(-0.00055 -2e-05 -2e-05)
(-0.00054 -2e-05 -2e-05)
(-0.00053 -2e-05 -2e-05)
(-0.00052 -2e-05 -2e-05)
(-0.00051 -2e-05 -2e-05)
(-0.0005 -2e-05 -2e-05)
(-0.00049 -2e-05 -2e-05)
(-0.00048 -2e-05 -2e-05)
(-0.00047 -2e-05 -2e-05)
(-0.00046 -2e-05 -2e-05)
(-0.00045 -2e-05 -2e-05)
(-0.00044 -2e-05 -2e-05)
(-0.00043 -2e-05 -2e-05)
(-0.00042 -2e-05 -2e-05)
(-0.00041 -2e-05 -2e-05)
(-0.0004 -2e-05 -2e-05)
(-0.00039 -2e-05 -2e-05)
(-0.00038 -2e-05 -2e-05)
(-0.00037 -2e-05 -2e-05)
(-0.00036 -2e-05 -2e-05)
(-0.00035 -2e-05 -2e-05)
(-0.00034 -2e-05 -2e-05)
(-0.00033 -2e-05 -2e-05)
(-0.00032 -2e-05 -2e-05)
(-0.00031 -2e-05 -2e-05)
(-0.0003 -2e-05 -2e-05)
(-0.00029 -2e-05 -2e-05)
(-0.00028 -2e-05 -2e-05)
(-0.00027 -2e-05 -2e-05)
(-0.00026 -2e-05 -2e-05)
(-0.00025 -2e-05 -2e-05)
(-0.00024 -2e-05 -2e-05)
(-0.00023 -2e-05 -2e-05)
(-0.00022 -2e-05 -2e-05)
(-0.00021 -2e-05 -2e-05)
(-0.0002 -2e-05 -2e-05)
(-0.00019 -2e-05 -2e-05)
(-0.00018 -2e-05 -2e-05)
(-0.00017 -2e-05 -2e-05)
(-0.00016 -2e-05 -2e-05)
(-0.00015 -2e-05 -2e-05)
(-0.00014 -2e-05 -2e-05)
(-0.00013 -2e-05 -2e-05)
(-0.00012 -2e-05 -2e-05)
(-0.00011 -2e-05 -2e-05)
(-0.0001 -2e-05 -2e-05)
(-9e-05 -2e-05 -2e-05)
(-8e-05 -2e-05 -2e-05)
(-7e-05 -2e-05 -2e-05)
(-6e-05 -2e-05 -2e-05)
(-5e-05 -2e-05 -2e-05)
(-0.0006 -1e-05 -2e-05)
(-0.00059 -1e-05 -2e-05)
(-0.00058 -1e-05 -2e-05)
(-0.00057 -1e-05 -2e-05)
(-0.00056 -1e-05 -2e-05)
(-0.00055 -1e-05 -2e-05)
(-0.00054 -1e-05 -2e-05)
(-0.00053 -1e-05 -2e-05)
(-0.00052 -1e-05 -2e-05)
(-0.00051 -1e-05 -2e-05)
(-0.0005 -1e-05 -2e-05)
(-0.00049 -1e-05 -2e-05)
(-0.00048 -1e-05 -2e-05)
(-0.00047 -1e-05 -2e-05)
(-0.00046 -1e-05 -2e-05)
(-0.00045 -1e-05 -2e-05)
(-0.00044 -1e-05 -2e-05)
(-0.00043 -1e-05 -2e-05)
(-0.00042 -1e-05 -2e-05)
(-0.00041 -1e-05 -2e-05)
(-0.0004 -1e-05 -2e-05)
(-0.00039 -1e-05 -2e-05)
(-0.00038 -1e-05 -2e-05)
(-0.00037 -1e-05 -2e-05)
(-0.00036 -1e-05 -2e-05)
(-0.00035 -1e-05 -2e-05)
(-0.00034 -1e-05 -2e-05)
(-0.00033 -1e-05 -2e-05)
(-0.00032 -1e-05 -2e-05)
(-0.00031 -1e-05 -2e-05)
(-0.0003 -1e-05 -2e-05)
(-0.00029 -1e-05 -2e-05)
(-0.00028 -1e-05 -2e-05)
(-0.00027 -1e-05 -2e-05)
(-0.00026 -1e-05 -2e-05)
(-0.00025 -1e-05 -2e-05)
(-0.00024 -1e-05 -2e-05)
(-0.00023 -1e-05 -2e-05)
(-0.00022 -1e-05 -2e-05)
(-0.00021 -1e-05 -2e-05)
(-0.0002 -1e-05 -2e-05)
(-0.00019 -1e-05 -2e-05)
(-0.00018 -1e-05 -2e-05)
(-0.00017 -1e-05 -2e-05)
(-0.00016 -1e-05 -2e-05)
(-0.00015 -1e-05 -2e-05)
(-0.00014 -1e-05 -2e-05)
(-0.00013 -1e-05 -2e-05)
(-0.00012 -1e-05 -2e-05)
(-0.00011 -1e-05 -2e-05)
(-0.0001 -1e-05 -2e-05)
(-9e-05 -1e-05 -2e-05)
(-8e-05 -1e-05 -2e-05)
(-7e-05 -1e-05 -2e-05)
(-6e-05 -1e-05 -2e-05)
(-5e-05 -1e-05 -2e-05)
(-0.0006 0 -2e-05)
(-0.00059 0 -2e-05)
(-0.00058 0 -2e-05)
(-0.00057 0 -2e-05)
(-0.00056 0 -2e-05)
(-0.00055 0 -2e-05)
(-0.00054 0 -2e-05)
(-0.00053 0 -2e-05)
(-0.00052 0 -2e-05)
(-0.00051 0 -2e-05)
(-0.0005 -1.129377263e-21 -2e-05)
(-0.00049 0 -2e-05)
(-0.00048 0 -2e-05)
(-0.00047 0 -2e-05)
(-0.00046 0 -2e-05)
(-0.00045 0 -2e-05)
(-0.00044 0 -2e-05)
(-0.00043 0 -2e-05)
(-0.00042 0 -2e-05)
(-0.00041 0 -2e-05)
(-0.0004 0 -2e-05)
(-0.00039 0 -2e-05)
(-0.00038 5.646886315e-22 -2e-05)
(-0.00037 -5.646886315e-22 -2e-05)
(-0.00036 0 -2e-05)
(-0.00035 0 -2e-05)
(-0.00034 0 -2e-05)
(-0.00033 5.646886315e-22 -2e-05)
(-0.00032 5.646886315e-22 -2e-05)
(-0.00031 0 -2e-05)
(-0.0003 0 -2e-05)
(-0.00029 0 -2e-05)
(-0.00028 0 -2e-05)
(-0.00027 5.646886315e-22 -2e-05)
(-0.00026 0 -2e-05)
(-0.00025 0 -2e-05)
(-0.00024 -5.646886315e-22 -2e-05)
(-0.00023 0 -2e-05)
(-0.00022 0 -2e-05)
(-0.00021 2.823443158e-22 -2e-05)
(-0.0002 0 -2e-05)
(-0.00019 0 -2e-05)
(-0.00018 0 -2e-05)
(-0.00017 5.646886315e-22 -2e-05)
(-0.00016 0 -2e-05)
(-0.00015 2.823443158e-22 -2e-05)
(-0.00014 5.646886315e-22 -2e-05)
(-0.00013 -4.235164736e-22 -2e-05)
(-0.00012 -1.411721579e-22 -2e-05)
(-0.00011 2.823443158e-22 -2e-05)
(-0.0001 -5.646886315e-22 -2e-05)
(-9e-05 -2.117582368e-22 -2e-05)
(-8e-05 1.411721579e-22 -2e-05)
(-7e-05 4.941025526e-22 -2e-05)
(-6e-05 -3.35283875e-22 -2e-05)
(-5e-05 0 -2e-05)
(-0.0006 1e-05 -2e-05)
(-0.00059 1e-05 -2e-05)
(-0.00058 1e-05 -2e-05)
(-0.00057 1e-05 -2e-05)
(-0.00056 1e-05 -2e-05)
(-0.00055 1e-05 -2e-05)
(-0.00054 1e-05 -2e-05)
(-0.00053 1e-05 -2e-05)
(-0.00052 1e-05 -2e-05)
(-0.00051 1e-05 -2e-05)
(-0.0005 1e-05 -2e-05)
(-0.00049 1e-05 -2e-05)
(-0.00048 1e-05 -2e-05)
(-0.00047 1e-05 -2e-05)
(-0.00046 1e-05 -2e-05)
(-0.00045 1e-05 -2e-05)
(-0.00044 1e-05 -2e-05)
(-0.00043 1e-05 -2e-05)
(-0.00042 1e-05 -2e-05)
(-0.00041 1e-05 -2e-05)
(-0.0004 1e-05 -2e-05)
(-0.00039 1e-05 -2e-05)
(-0.00038 1e-05 -2e-05)
(-0.00037 1e-05 -2e-05)
(-0.00036 1e-05 -2e-05)
(-0.00035 1e-05 -2e-05)
(-0.00034 1e-05 -2e-05)
(-0.00033 1e-05 -2e-05)
(-0.00032 1e-05 -2e-05)
(-0.00031 1e-05 -2e-05)
(-0.0003 1e-05 -2e-05)
(-0.00029 1e-05 -2e-05)
(-0.00028 1e-05 -2e-05)
(-0.00027 1e-05 -2e-05)
(-0.00026 1e-05 -2e-05)
(-0.00025 1e-05 -2e-05)
(-0.00024 1e-05 -2e-05)
(-0.00023 1e-05 -2e-05)
(-0.00022 1e-05 -2e-05)
(-0.00021 1e-05 -2e-05)
(-0.0002 1e-05 -2e-05)
(-0.00019 1e-05 -2e-05)
(-0.00018 1e-05 -2e-05)
(-0.00017 1e-05 -2e-05)
(-0.00016 1e-05 -2e-05)
(-0.00015 1e-05 -2e-05)
(-0.00014 1e-05 -2e-05)
(-0.00013 1e-05 -2e-05)
(-0.00012 1e-05 -2e-05)
(-0.00011 1e-05 -2e-05)
(-0.0001 1e-05 -2e-05)
(-9e-05 1e-05 -2e-05)
(-8e-05 1e-05 -2e-05)
(-7e-05 1e-05 -2e-05)
(-6e-05 1e-05 -2e-05)
(-5e-05 1e-05 -2e-05)
(-0.0006 2e-05 -2e-05)
(-0.00059 2e-05 -2e-05)
(-0.00058 2e-05 -2e-05)
(-0.00057 2e-05 -2e-05)
(-0.00056 2e-05 -2e-05)
(-0.00055 2e-05 -2e-05)
(-0.00054 2e-05 -2e-05)
(-0.00053 2e-05 -2e-05)
(-0.00052 2e-05 -2e-05)
(-0.00051 2e-05 -2e-05)
(-0.0005 2e-05 -2e-05)
(-0.00049 2e-05 -2e-05)
(-0.00048 2e-05 -2e-05)
(-0.00047 2e-05 -2e-05)
(-0.00046 2e-05 -2e-05)
(-0.00045 2e-05 -2e-05)
(-0.00044 2e-05 -2e-05)
(-0.00043 2e-05 -2e-05)
(-0.00042 2e-05 -2e-05)
(-0.00041 2e-05 -2e-05)
(-0.0004 2e-05 -2e-05)
(-0.00039 2e-05 -2e-05)
(-0.00038 2e-05 -2e-05)
(-0.00037 2e-05 -2e-05)
(-0.00036 2e-05 -2e-05)
(-0.00035 2e-05 -2e-05)
(-0.00034 2e-05 -2e-05)
(-0.00033 2e-05 -2e-05)
(-0.00032 2e-05 -2e-05)
(-0.00031 2e-05 -2e-05)
(-0.0003 2e-05 -2e-05)
(-0.00029 2e-05 -2e-05)
(-0.00028 2e-05 -2e-05)
(-0.00027 2e-05 -2e-05)
(-0.00026 2e-05 -2e-05)
(-0.00025 2e-05 -2e-05)
(-0.00024 2e-05 -2e-05)
(-0.00023 2e-05 -2e-05)
(-0.00022 2e-05 -2e-05)
(-0.00021 2e-05 -2e-05)
(-0.0002 2e-05 -2e-05)
(-0.00019 2e-05 -2e-05)
(-0.00018 2e-05 -2e-05)
(-0.00017 2e-05 -2e-05)
(-0.00016 2e-05 -2e-05)
(-0.00015 2e-05 -2e-05)
(-0.00014 2e-05 -2e-05)
(-0.00013 2e-05 -2e-05)
(-0.00012 2e-05 -2e-05)
(-0.00011 2e-05 -2e-05)
(-0.0001 2e-05 -2e-05)
(-9e-05 2e-05 -2e-05)
(-8e-05 2e-05 -2e-05)
(-7e-05 2e-05 -2e-05)
(-6e-05 2e-05 -2e-05)
(-5e-05 2e-05 -2e-05)
(-0.0006 3e-05 -2e-05)
(-0.00059 3e-05 -2e-05)
(-0.00058 3e-05 -2e-05)
(-0.00057 3e-05 -2e-05)
(-0.00056 3e-05 -2e-05)
(-0.00055 3e-05 -2e-05)
(-0.00054 3e-05 -2e-05)
(-0.00053 3e-05 -2e-05)
(-0.00052 3e-05 -2e-05)
(-0.00051 3e-05 -2e-05)
(-0.0005 3e-05 -2e-05)
(-0.00049 3e-05 -2e-05)
(-0.00048 3e-05 -2e-05)
(-0.00047 3e-05 -2e-05)
(-0.00046 3e-05 -2e-05)
(-0.00045 3e-05 -2e-05)
(-0.00044 3e-05 -2e-05)
(-0.00043 3e-05 -2e-05)
(-0.00042 3e-05 -2e-05)
(-0.00041 3e-05 -2e-05)
(-0.0004 3e-05 -2e-05)
(-0.00039 3e-05 -2e-05)
(-0.00038 3e-05 -2e-05)
(-0.00037 3e-05 -2e-05)
(-0.00036 3e-05 -2e-05)
(-0.00035 3e-05 -2e-05)
(-0.00034 3e-05 -2e-05)
(-0.00033 3e-05 -2e-05)
(-0.00032 3e-05 -2e-05)
(-0.00031 3e-05 -2e-05)
(-0.0003 3e-05 -2e-05)
(-0.00029 3e-05 -2e-05)
(-0.00028 3e-05 -2e-05)
(-0.00027 3e-05 -2e-05)
(-0.00026 3e-05 -2e-05)
(-0.00025 3e-05 -2e-05)
(-0.00024 3e-05 -2e-05)
(-0.00023 3e-05 -2e-05)
(-0.00022 3e-05 -2e-05)
(-0.00021 3e-05 -2e-05)
(-0.0002 3e-05 -2e-05)
(-0.00019 3e-05 -2e-05)
(-0.00018 3e-05 -2e-05)
(-0.00017 3e-05 -2e-05)
(-0.00016 3e-05 -2e-05)
(-0.00015 3e-05 -2e-05)
(-0.00014 3e-05 -2e-05)
(-0.00013 3e-05 -2e-05)
(-0.00012 3e-05 -2e-05)
(-0.00011 3e-05 -2e-05)
(-0.0001 3e-05 -2e-05)
(-9e-05 3e-05 -2e-05)
(-8e-05 3e-05 -2e-05)
(-7e-05 3e-05 -2e-05)
(-6e-05 3e-05 -2e-05)
(-5e-05 3e-05 -2e-05)
(-0.0006 4e-05 -2e-05)
(-0.00059 4e-05 -2e-05)
(-0.00058 4e-05 -2e-05)
(-0.00057 4e-05 -2e-05)
(-0.00056 4e-05 -2e-05)
(-0.00055 4e-05 -2e-05)
(-0.00054 4e-05 -2e-05)
(-0.00053 4e-05 -2e-05)
(-0.00052 4e-05 -2e-05)
(-0.00051 4e-05 -2e-05)
(-0.0005 4e-05 -2e-05)
(-0.00049 4e-05 -2e-05)
(-0.00048 4e-05 -2e-05)
(-0.00047 4e-05 -2e-05)
(-0.00046 4e-05 -2e-05)
(-0.00045 4e-05 -2e-05)
(-0.00044 4e-05 -2e-05)
(-0.00043 4e-05 -2e-05)
(-0.00042 4e-05 -2e-05)
(-0.00041 4e-05 -2e-05)
(-0.0004 4e-05 -2e-05)
(-0.00039 4e-05 -2e-05)
(-0.00038 4e-05 -2e-05)
(-0.00037 4e-05 -2e-05)
(-0.00036 4e-05 -2e-05)
(-0.00035 4e-05 -2e-05)
(-0.00034 4e-05 -2e-05)
(-0.00033 4e-05 -2e-05)
(-0.00032 4e-05 -2e-05)
(-0.00031 4e-05 -2e-05)
(-0.0003 4e-05 -2e-05)
(-0.00029 4e-05 -2e-05)
(-0.00028 4e-05 -2e-05)
(-0.00027 4e-05 -2e-05)
(-0.00026 4e-05 -2e-05)
(-0.00025 4e-05 -2e-05)
(-0.00024 4e-05 -2e-05)
(-0.00023 4e-05 -2e-05)
(-0.00022 4e-05 -2e-05)
(-0.00021 4e-05 -2e-05)
(-0.0002 4e-05 -2e-05)
(-0.00019 4e-05 -2e-05)
(-0.00018 4e-05 -2e-05)
(-0.00017 4e-05 -2e-05)
(-0.00016 4e-05 -2e-05)
(-0.00015 4e-05 -2e-05)
(-0.00014 4e-05 -2e-05)
(-0.00013 4e-05 -2e-05)
(-0.00012 4e-05 -2e-05)
(-0.00011 4e-05 -2e-05)
(-0.0001 4e-05 -2e-05)
(-9e-05 4e-05 -2e-05)
(-8e-05 4e-05 -2e-05)
(-7e-05 4e-05 -2e-05)
(-6e-05 4e-05 -2e-05)
(-5e-05 4e-05 -2e-05)
(-0.0006 5e-05 -2e-05)
(-0.00059 5e-05 -2e-05)
(-0.00058 5e-05 -2e-05)
(-0.00057 5e-05 -2e-05)
(-0.00056 5e-05 -2e-05)
(-0.00055 5e-05 -2e-05)
(-0.00054 5e-05 -2e-05)
(-0.00053 5e-05 -2e-05)
(-0.00052 5e-05 -2e-05)
(-0.00051 5e-05 -2e-05)
(-0.0005 5e-05 -2e-05)
(-0.00049 5e-05 -2e-05)
(-0.00048 5e-05 -2e-05)
(-0.00047 5e-05 -2e-05)
(-0.00046 5e-05 -2e-05)
(-0.00045 5e-05 -2e-05)
(-0.00044 5e-05 -2e-05)
(-0.00043 5e-05 -2e-05)
(-0.00042 5e-05 -2e-05)
(-0.00041 5e-05 -2e-05)
(-0.0004 5e-05 -2e-05)
(-0.00039 5e-05 -2e-05)
(-0.00038 5e-05 -2e-05)
(-0.00037 5e-05 -2e-05)
(-0.00036 5e-05 -2e-05)
(-0.00035 5e-05 -2e-05)
(-0.00034 5e-05 -2e-05)
(-0.00033 5e-05 -2e-05)
(-0.00032 5e-05 -2e-05)
(-0.00031 5e-05 -2e-05)
(-0.0003 5e-05 -2e-05)
(-0.00029 5e-05 -2e-05)
(-0.00028 5e-05 -2e-05)
(-0.00027 5e-05 -2e-05)
(-0.00026 5e-05 -2e-05)
(-0.00025 5e-05 -2e-05)
(-0.00024 5e-05 -2e-05)
(-0.00023 5e-05 -2e-05)
(-0.00022 5e-05 -2e-05)
(-0.00021 5e-05 -2e-05)
(-0.0002 5e-05 -2e-05)
(-0.00019 5e-05 -2e-05)
(-0.00018 5e-05 -2e-05)
(-0.00017 5e-05 -2e-05)
(-0.00016 5e-05 -2e-05)
(-0.00015 5e-05 -2e-05)
(-0.00014 5e-05 -2e-05)
(-0.00013 5e-05 -2e-05)
(-0.00012 5e-05 -2e-05)
(-0.00011 5e-05 -2e-05)
(-0.0001 5e-05 -2e-05)
(-9e-05 5e-05 -2e-05)
(-8e-05 5e-05 -2e-05)
(-7e-05 5e-05 -2e-05)
(-6e-05 5e-05 -2e-05)
(-5e-05 5e-05 -2e-05)
(-0.0006 -5e-05 -1e-05)
(-0.00059 -5e-05 -1e-05)
(-0.00058 -5e-05 -1e-05)
(-0.00057 -5e-05 -1e-05)
(-0.00056 -5e-05 -1e-05)
(-0.00055 -5e-05 -1e-05)
(-0.00054 -5e-05 -1e-05)
(-0.00053 -5e-05 -1e-05)
(-0.00052 -5e-05 -1e-05)
(-0.00051 -5e-05 -1e-05)
(-0.0005 -5e-05 -1e-05)
(-0.00049 -5e-05 -1e-05)
(-0.00048 -5e-05 -1e-05)
(-0.00047 -5e-05 -1e-05)
(-0.00046 -5e-05 -1e-05)
(-0.00045 -5e-05 -1e-05)
(-0.00044 -5e-05 -1e-05)
(-0.00043 -5e-05 -1e-05)
(-0.00042 -5e-05 -1e-05)
(-0.00041 -5e-05 -1e-05)
(-0.0004 -5e-05 -1e-05)
(-0.00039 -5e-05 -1e-05)
(-0.00038 -5e-05 -1e-05)
(-0.00037 -5e-05 -1e-05)
(-0.00036 -5e-05 -1e-05)
(-0.00035 -5e-05 -1e-05)
(-0.00034 -5e-05 -1e-05)
(-0.00033 -5e-05 -1e-05)
(-0.00032 -5e-05 -1e-05)
(-0.00031 -5e-05 -1e-05)
(-0.0003 -5e-05 -1e-05)
(-0.00029 -5e-05 -1e-05)
(-0.00028 -5e-05 -1e-05)
(-0.00027 -5e-05 -1e-05)
(-0.00026 -5e-05 -1e-05)
(-0.00025 -5e-05 -1e-05)
(-0.00024 -5e-05 -1e-05)
(-0.00023 -5e-05 -1e-05)
(-0.00022 -5e-05 -1e-05)
(-0.00021 -5e-05 -1e-05)
(-0.0002 -5e-05 -1e-05)
(-0.00019 -5e-05 -1e-05)
(-0.00018 -5e-05 -1e-05)
(-0.00017 -5e-05 -1e-05)
(-0.00016 -5e-05 -1e-05)
(-0.00015 -5e-05 -1e-05)
(-0.00014 -5e-05 -1e-05)
(-0.00013 -5e-05 -1e-05)
(-0.00012 -5e-05 -1e-05)
(-0.00011 -5e-05 -1e-05)
(-0.0001 -5e-05 -1e-05)
(-9e-05 -5e-05 -1e-05)
(-8e-05 -5e-05 -1e-05)
(-7e-05 -5e-05 -1e-05)
(-6e-05 -5e-05 -1e-05)
(-5e-05 -5e-05 -1e-05)
(-0.0006 -4e-05 -1e-05)
(-0.00059 -4e-05 -1e-05)
(-0.00058 -4e-05 -1e-05)
(-0.00057 -4e-05 -1e-05)
(-0.00056 -4e-05 -1e-05)
(-0.00055 -4e-05 -1e-05)
(-0.00054 -4e-05 -1e-05)
(-0.00053 -4e-05 -1e-05)
(-0.00052 -4e-05 -1e-05)
(-0.00051 -4e-05 -1e-05)
(-0.0005 -4e-05 -1e-05)
(-0.00049 -4e-05 -1e-05)
(-0.00048 -4e-05 -1e-05)
(-0.00047 -4e-05 -1e-05)
(-0.00046 -4e-05 -1e-05)
(-0.00045 -4e-05 -1e-05)
(-0.00044 -4e-05 -1e-05)
(-0.00043 -4e-05 -1e-05)
(-0.00042 -4e-05 -1e-05)
(-0.00041 -4e-05 -1e-05)
(-0.0004 -4e-05 -1e-05)
(-0.00039 -4e-05 -1e-05)
(-0.00038 -4e-05 -1e-05)
(-0.00037 -4e-05 -1e-05)
(-0.00036 -4e-05 -1e-05)
(-0.00035 -4e-05 -1e-05)
(-0.00034 -4e-05 -1e-05)
(-0.00033 -4e-05 -1e-05)
(-0.00032 -4e-05 -1e-05)
(-0.00031 -4e-05 -1e-05)
(-0.0003 -4e-05 -1e-05)
(-0.00029 -4e-05 -1e-05)
(-0.00028 -4e-05 -1e-05)
(-0.00027 -4e-05 -1e-05)
(-0.00026 -4e-05 -1e-05)
(-0.00025 -4e-05 -1e-05)
(-0.00024 -4e-05 -1e-05)
(-0.00023 -4e-05 -1e-05)
(-0.00022 -4e-05 -1e-05)
(-0.00021 -4e-05 -1e-05)
(-0.0002 -4e-05 -1e-05)
(-0.00019 -4e-05 -1e-05)
(-0.00018 -4e-05 -1e-05)
(-0.00017 -4e-05 -1e-05)
(-0.00016 -4e-05 -1e-05)
(-0.00015 -4e-05 -1e-05)
(-0.00014 -4e-05 -1e-05)
(-0.00013 -4e-05 -1e-05)
(-0.00012 -4e-05 -1e-05)
(-0.00011 -4e-05 -1e-05)
(-0.0001 -4e-05 -1e-05)
(-9e-05 -4e-05 -1e-05)
(-8e-05 -4e-05 -1e-05)
(-7e-05 -4e-05 -1e-05)
(-6e-05 -4e-05 -1e-05)
(-5e-05 -4e-05 -1e-05)
(-0.0006 -3e-05 -1e-05)
(-0.00059 -3e-05 -1e-05)
(-0.00058 -3e-05 -1e-05)
(-0.00057 -3e-05 -1e-05)
(-0.00056 -3e-05 -1e-05)
(-0.00055 -3e-05 -1e-05)
(-0.00054 -3e-05 -1e-05)
(-0.00053 -3e-05 -1e-05)
(-0.00052 -3e-05 -1e-05)
(-0.00051 -3e-05 -1e-05)
(-0.0005 -3e-05 -1e-05)
(-0.00049 -3e-05 -1e-05)
(-0.00048 -3e-05 -1e-05)
(-0.00047 -3e-05 -1e-05)
(-0.00046 -3e-05 -1e-05)
(-0.00045 -3e-05 -1e-05)
(-0.00044 -3e-05 -1e-05)
(-0.00043 -3e-05 -1e-05)
(-0.00042 -3e-05 -1e-05)
(-0.00041 -3e-05 -1e-05)
(-0.0004 -3e-05 -1e-05)
(-0.00039 -3e-05 -1e-05)
(-0.00038 -3e-05 -1e-05)
(-0.00037 -3e-05 -1e-05)
(-0.00036 -3e-05 -1e-05)
(-0.00035 -3e-05 -1e-05)
(-0.00034 -3e-05 -1e-05)
(-0.00033 -3e-05 -1e-05)
(-0.00032 -3e-05 -1e-05)
(-0.00031 -3e-05 -1e-05)
(-0.0003 -3e-05 -1e-05)
(-0.00029 -3e-05 -1e-05)
(-0.00028 -3e-05 -1e-05)
(-0.00027 -3e-05 -1e-05)
(-0.00026 -3e-05 -1e-05)
(-0.00025 -3e-05 -1e-05)
(-0.00024 -3e-05 -1e-05)
(-0.00023 -3e-05 -1e-05)
(-0.00022 -3e-05 -1e-05)
(-0.00021 -3e-05 -1e-05)
(-0.0002 -3e-05 -1e-05)
(-0.00019 -3e-05 -1e-05)
(-0.00018 -3e-05 -1e-05)
(-0.00017 -3e-05 -1e-05)
(-0.00016 -3e-05 -1e-05)
(-0.00015 -3e-05 -1e-05)
(-0.00014 -3e-05 -1e-05)
(-0.00013 -3e-05 -1e-05)
(-0.00012 -3e-05 -1e-05)
(-0.00011 -3e-05 -1e-05)
(-0.0001 -3e-05 -1e-05)
(-9e-05 -3e-05 -1e-05)
(-8e-05 -3e-05 -1e-05)
(-7e-05 -3e-05 -1e-05)
(-6e-05 -3e-05 -1e-05)
(-5e-05 -3e-05 -1e-05)
(-0.0006 -2e-05 -1e-05)
(-0.00059 -2e-05 -1e-05)
(-0.00058 -2e-05 -1e-05)
(-0.00057 -2e-05 -1e-05)
(-0.00056 -2e-05 -1e-05)
(-0.00055 -2e-05 -1e-05)
(-0.00054 -2e-05 -1e-05)
(-0.00053 -2e-05 -1e-05)
(-0.00052 -2e-05 -1e-05)
(-0.00051 -2e-05 -1e-05)
(-0.0005 -2e-05 -1e-05)
(-0.00049 -2e-05 -1e-05)
(-0.00048 -2e-05 -1e-05)
(-0.00047 -2e-05 -1e-05)
(-0.00046 -2e-05 -1e-05)
(-0.00045 -2e-05 -1e-05)
(-0.00044 -2e-05 -1e-05)
(-0.00043 -2e-05 -1e-05)
(-0.00042 -2e-05 -1e-05)
(-0.00041 -2e-05 -1e-05)
(-0.0004 -2e-05 -1e-05)
(-0.00039 -2e-05 -1e-05)
(-0.00038 -2e-05 -1e-05)
(-0.00037 -2e-05 -1e-05)
(-0.00036 -2e-05 -1e-05)
(-0.00035 -2e-05 -1e-05)
(-0.00034 -2e-05 -1e-05)
(-0.00033 -2e-05 -1e-05)
(-0.00032 -2e-05 -1e-05)
(-0.00031 -2e-05 -1e-05)
(-0.0003 -2e-05 -1e-05)
(-0.00029 -2e-05 -1e-05)
(-0.00028 -2e-05 -1e-05)
(-0.00027 -2e-05 -1e-05)
(-0.00026 -2e-05 -1e-05)
(-0.00025 -2e-05 -1e-05)
(-0.00024 -2e-05 -1e-05)
(-0.00023 -2e-05 -1e-05)
(-0.00022 -2e-05 -1e-05)
(-0.00021 -2e-05 -1e-05)
(-0.0002 -2e-05 -1e-05)
(-0.00019 -2e-05 -1e-05)
(-0.00018 -2e-05 -1e-05)
(-0.00017 -2e-05 -1e-05)
(-0.00016 -2e-05 -1e-05)
(-0.00015 -2e-05 -1e-05)
(-0.00014 -2e-05 -1e-05)
(-0.00013 -2e-05 -1e-05)
(-0.00012 -2e-05 -1e-05)
(-0.00011 -2e-05 -1e-05)
(-0.0001 -2e-05 -1e-05)
(-9e-05 -2e-05 -1e-05)
(-8e-05 -2e-05 -1e-05)
(-7e-05 -2e-05 -1e-05)
(-6e-05 -2e-05 -1e-05)
(-5e-05 -2e-05 -1e-05)
(-0.0006 -1e-05 -1e-05)
(-0.00059 -1e-05 -1e-05)
(-0.00058 -1e-05 -1e-05)
(-0.00057 -1e-05 -1e-05)
(-0.00056 -1e-05 -1e-05)
(-0.00055 -1e-05 -1e-05)
(-0.00054 -1e-05 -1e-05)
(-0.00053 -1e-05 -1e-05)
(-0.00052 -1e-05 -1e-05)
(-0.00051 -1e-05 -1e-05)
(-0.0005 -1e-05 -1e-05)
(-0.00049 -1e-05 -1e-05)
(-0.00048 -1e-05 -1e-05)
(-0.00047 -1e-05 -1e-05)
(-0.00046 -1e-05 -1e-05)
(-0.00045 -1e-05 -1e-05)
(-0.00044 -1e-05 -1e-05)
(-0.00043 -1e-05 -1e-05)
(-0.00042 -1e-05 -1e-05)
(-0.00041 -1e-05 -1e-05)
(-0.0004 -1e-05 -1e-05)
(-0.00039 -1e-05 -1e-05)
(-0.00038 -1e-05 -1e-05)
(-0.00037 -1e-05 -1e-05)
(-0.00036 -1e-05 -1e-05)
(-0.00035 -1e-05 -1e-05)
(-0.00034 -1e-05 -1e-05)
(-0.00033 -1e-05 -1e-05)
(-0.00032 -1e-05 -1e-05)
(-0.00031 -1e-05 -1e-05)
(-0.0003 -1e-05 -1e-05)
(-0.00029 -1e-05 -1e-05)
(-0.00028 -1e-05 -1e-05)
(-0.00027 -1e-05 -1e-05)
(-0.00026 -1e-05 -1e-05)
(-0.00025 -1e-05 -1e-05)
(-0.00024 -1e-05 -1e-05)
(-0.00023 -1e-05 -1e-05)
(-0.00022 -1e-05 -1e-05)
(-0.00021 -1e-05 -1e-05)
(-0.0002 -1e-05 -1e-05)
(-0.00019 -1e-05 -1e-05)
(-0.00018 -1e-05 -1e-05)
(-0.00017 -1e-05 -1e-05)
(-0.00016 -1e-05 -1e-05)
(-0.00015 -1e-05 -1e-05)
(-0.00014 -1e-05 -1e-05)
(-0.00013 -1e-05 -1e-05)
(-0.00012 -1e-05 -1e-05)
(-0.00011 -1e-05 -1e-05)
(-0.0001 -1e-05 -1e-05)
(-9e-05 -1e-05 -1e-05)
(-8e-05 -1e-05 -1e-05)
(-7e-05 -1e-05 -1e-05)
(-6e-05 -1e-05 -1e-05)
(-5e-05 -1e-05 -1e-05)
(-0.0006 0 -1e-05)
(-0.00059 0 -1e-05)
(-0.00058 0 -1e-05)
(-0.00057 0 -1e-05)
(-0.00056 0 -1e-05)
(-0.00055 0 -1e-05)
(-0.00054 0 -1e-05)
(-0.00053 0 -1e-05)
(-0.00052 0 -1e-05)
(-0.00051 0 -1e-05)
(-0.0005 0 -1e-05)
(-0.00049 0 -1e-05)
(-0.00048 0 -1e-05)
(-0.00047 0 -1e-05)
(-0.00046 0 -1e-05)
(-0.00045 0 -1e-05)
(-0.00044 0 -1e-05)
(-0.00043 0 -1e-05)
(-0.00042 0 -1e-05)
(-0.00041 0 -1e-05)
(-0.0004 0 -1e-05)
(-0.00039 0 -1e-05)
(-0.00038 0 -1e-05)
(-0.00037 -5.646886315e-22 -1e-05)
(-0.00036 -5.646886315e-22 -1e-05)
(-0.00035 0 -1e-05)
(-0.00034 -5.646886315e-22 -1e-05)
(-0.00033 0 -1e-05)
(-0.00032 0 -1e-05)
(-0.00031 0 -1e-05)
(-0.0003 0 -1e-05)
(-0.00029 0 -1e-05)
(-0.00028 0 -1e-05)
(-0.00027 0 -1e-05)
(-0.00026 0 -1e-05)
(-0.00025 0 -1e-05)
(-0.00024 -5.646886315e-22 -1e-05)
(-0.00023 0 -1e-05)
(-0.00022 0 -1e-05)
(-0.00021 2.823443158e-22 -1e-05)
(-0.0002 -2.823443158e-22 -1e-05)
(-0.00019 0 -1e-05)
(-0.00018 2.823443158e-22 -1e-05)
(-0.00017 5.646886315e-22 -1e-05)
(-0.00016 -2.823443158e-22 -1e-05)
(-0.00015 2.823443158e-22 -1e-05)
(-0.00014 5.646886315e-22 -1e-05)
(-0.00013 -4.235164736e-22 -1e-05)
(-0.00012 -1.411721579e-22 -1e-05)
(-0.00011 2.823443158e-22 -1e-05)
(-0.0001 -5.646886315e-22 -1e-05)
(-9e-05 -2.117582368e-22 -1e-05)
(-8e-05 1.411721579e-22 -1e-05)
(-7e-05 4.588095131e-22 -1e-05)
(-6e-05 -3.35283875e-22 -1e-05)
(-5e-05 0 -1e-05)
(-0.0006 1e-05 -1e-05)
(-0.00059 1e-05 -1e-05)
(-0.00058 1e-05 -1e-05)
(-0.00057 1e-05 -1e-05)
(-0.00056 1e-05 -1e-05)
(-0.00055 1e-05 -1e-05)
(-0.00054 1e-05 -1e-05)
(-0.00053 1e-05 -1e-05)
(-0.00052 1e-05 -1e-05)
(-0.00051 1e-05 -1e-05)
(-0.0005 1e-05 -1e-05)
(-0.00049 1e-05 -1e-05)
(-0.00048 1e-05 -1e-05)
(-0.00047 1e-05 -1e-05)
(-0.00046 1e-05 -1e-05)
(-0.00045 1e-05 -1e-05)
(-0.00044 1e-05 -1e-05)
(-0.00043 1e-05 -1e-05)
(-0.00042 1e-05 -1e-05)
(-0.00041 1e-05 -1e-05)
(-0.0004 1e-05 -1e-05)
(-0.00039 1e-05 -1e-05)
(-0.00038 1e-05 -1e-05)
(-0.00037 1e-05 -1e-05)
(-0.00036 1e-05 -1e-05)
(-0.00035 1e-05 -1e-05)
(-0.00034 1e-05 -1e-05)
(-0.00033 1e-05 -1e-05)
(-0.00032 1e-05 -1e-05)
(-0.00031 1e-05 -1e-05)
(-0.0003 1e-05 -1e-05)
(-0.00029 1e-05 -1e-05)
(-0.00028 1e-05 -1e-05)
(-0.00027 1e-05 -1e-05)
(-0.00026 1e-05 -1e-05)
(-0.00025 1e-05 -1e-05)
(-0.00024 1e-05 -1e-05)
(-0.00023 1e-05 -1e-05)
(-0.00022 1e-05 -1e-05)
(-0.00021 1e-05 -1e-05)
(-0.0002 1e-05 -1e-05)
(-0.00019 1e-05 -1e-05)
(-0.00018 1e-05 -1e-05)
(-0.00017 1e-05 -1e-05)
(-0.00016 1e-05 -1e-05)
(-0.00015 1e-05 -1e-05)
(-0.00014 1e-05 -1e-05)
(-0.00013 1e-05 -1e-05)
(-0.00012 1e-05 -1e-05)
(-0.00011 1e-05 -1e-05)
(-0.0001 1e-05 -1e-05)
(-9e-05 1e-05 -1e-05)
(-8e-05 1e-05 -1e-05)
(-7e-05 1e-05 -1e-05)
(-6e-05 1e-05 -1e-05)
(-5e-05 1e-05 -1e-05)
(-0.0006 2e-05 -1e-05)
(-0.00059 2e-05 -1e-05)
(-0.00058 2e-05 -1e-05)
(-0.00057 2e-05 -1e-05)
(-0.00056 2e-05 -1e-05)
(-0.00055 2e-05 -1e-05)
(-0.00054 2e-05 -1e-05)
(-0.00053 2e-05 -1e-05)
(-0.00052 2e-05 -1e-05)
(-0.00051 2e-05 -1e-05)
(-0.0005 2e-05 -1e-05)
(-0.00049 2e-05 -1e-05)
(-0.00048 2e-05 -1e-05)
(-0.00047 2e-05 -1e-05)
(-0.00046 2e-05 -1e-05)
(-0.00045 2e-05 -1e-05)
(-0.00044 2e-05 -1e-05)
(-0.00043 2e-05 -1e-05)
(-0.00042 2e-05 -1e-05)
(-0.00041 2e-05 -1e-05)
(-0.0004 2e-05 -1e-05)
(-0.00039 2e-05 -1e-05)
(-0.00038 2e-05 -1e-05)
(-0.00037 2e-05 -1e-05)
(-0.00036 2e-05 -1e-05)
(-0.00035 2e-05 -1e-05)
(-0.00034 2e-05 -1e-05)
(-0.00033 2e-05 -1e-05)
(-0.00032 2e-05 -1e-05)
(-0.00031 2e-05 -1e-05)
(-0.0003 2e-05 -1e-05)
(-0.00029 2e-05 -1e-05)
(-0.00028 2e-05 -1e-05)
(-0.00027 2e-05 -1e-05)
(-0.00026 2e-05 -1e-05)
(-0.00025 2e-05 -1e-05)
(-0.00024 2e-05 -1e-05)
(-0.00023 2e-05 -1e-05)
(-0.00022 2e-05 -1e-05)
(-0.00021 2e-05 -1e-05)
(-0.0002 2e-05 -1e-05)
(-0.00019 2e-05 -1e-05)
(-0.00018 2e-05 -1e-05)
(-0.00017 2e-05 -1e-05)
(-0.00016 2e-05 -1e-05)
(-0.00015 2e-05 -1e-05)
(-0.00014 2e-05 -1e-05)
(-0.00013 2e-05 -1e-05)
(-0.00012 2e-05 -1e-05)
(-0.00011 2e-05 -1e-05)
(-0.0001 2e-05 -1e-05)
(-9e-05 2e-05 -1e-05)
(-8e-05 2e-05 -1e-05)
(-7e-05 2e-05 -1e-05)
(-6e-05 2e-05 -1e-05)
(-5e-05 2e-05 -1e-05)
(-0.0006 3e-05 -1e-05)
(-0.00059 3e-05 -1e-05)
(-0.00058 3e-05 -1e-05)
(-0.00057 3e-05 -1e-05)
(-0.00056 3e-05 -1e-05)
(-0.00055 3e-05 -1e-05)
(-0.00054 3e-05 -1e-05)
(-0.00053 3e-05 -1e-05)
(-0.00052 3e-05 -1e-05)
(-0.00051 3e-05 -1e-05)
(-0.0005 3e-05 -1e-05)
(-0.00049 3e-05 -1e-05)
(-0.00048 3e-05 -1e-05)
(-0.00047 3e-05 -1e-05)
(-0.00046 3e-05 -1e-05)
(-0.00045 3e-05 -1e-05)
(-0.00044 3e-05 -1e-05)
(-0.00043 3e-05 -1e-05)
(-0.00042 3e-05 -1e-05)
(-0.00041 3e-05 -1e-05)
(-0.0004 3e-05 -1e-05)
(-0.00039 3e-05 -1e-05)
(-0.00038 3e-05 -1e-05)
(-0.00037 3e-05 -1e-05)
(-0.00036 3e-05 -1e-05)
(-0.00035 3e-05 -1e-05)
(-0.00034 3e-05 -1e-05)
(-0.00033 3e-05 -1e-05)
(-0.00032 3e-05 -1e-05)
(-0.00031 3e-05 -1e-05)
(-0.0003 3e-05 -1e-05)
(-0.00029 3e-05 -1e-05)
(-0.00028 3e-05 -1e-05)
(-0.00027 3e-05 -1e-05)
(-0.00026 3e-05 -1e-05)
(-0.00025 3e-05 -1e-05)
(-0.00024 3e-05 -1e-05)
(-0.00023 3e-05 -1e-05)
(-0.00022 3e-05 -1e-05)
(-0.00021 3e-05 -1e-05)
(-0.0002 3e-05 -1e-05)
(-0.00019 3e-05 -1e-05)
(-0.00018 3e-05 -1e-05)
(-0.00017 3e-05 -1e-05)
(-0.00016 3e-05 -1e-05)
(-0.00015 3e-05 -1e-05)
(-0.00014 3e-05 -1e-05)
(-0.00013 3e-05 -1e-05)
(-0.00012 3e-05 -1e-05)
(-0.00011 3e-05 -1e-05)
(-0.0001 3e-05 -1e-05)
(-9e-05 3e-05 -1e-05)
(-8e-05 3e-05 -1e-05)
(-7e-05 3e-05 -1e-05)
(-6e-05 3e-05 -1e-05)
(-5e-05 3e-05 -1e-05)
(-0.0006 4e-05 -1e-05)
(-0.00059 4e-05 -1e-05)
(-0.00058 4e-05 -1e-05)
(-0.00057 4e-05 -1e-05)
(-0.00056 4e-05 -1e-05)
(-0.00055 4e-05 -1e-05)
(-0.00054 4e-05 -1e-05)
(-0.00053 4e-05 -1e-05)
(-0.00052 4e-05 -1e-05)
(-0.00051 4e-05 -1e-05)
(-0.0005 4e-05 -1e-05)
(-0.00049 4e-05 -1e-05)
(-0.00048 4e-05 -1e-05)
(-0.00047 4e-05 -1e-05)
(-0.00046 4e-05 -1e-05)
(-0.00045 4e-05 -1e-05)
(-0.00044 4e-05 -1e-05)
(-0.00043 4e-05 -1e-05)
(-0.00042 4e-05 -1e-05)
(-0.00041 4e-05 -1e-05)
(-0.0004 4e-05 -1e-05)
(-0.00039 4e-05 -1e-05)
(-0.00038 4e-05 -1e-05)
(-0.00037 4e-05 -1e-05)
(-0.00036 4e-05 -1e-05)
(-0.00035 4e-05 -1e-05)
(-0.00034 4e-05 -1e-05)
(-0.00033 4e-05 -1e-05)
(-0.00032 4e-05 -1e-05)
(-0.00031 4e-05 -1e-05)
(-0.0003 4e-05 -1e-05)
(-0.00029 4e-05 -1e-05)
(-0.00028 4e-05 -1e-05)
(-0.00027 4e-05 -1e-05)
(-0.00026 4e-05 -1e-05)
(-0.00025 4e-05 -1e-05)
(-0.00024 4e-05 -1e-05)
(-0.00023 4e-05 -1e-05)
(-0.00022 4e-05 -1e-05)
(-0.00021 4e-05 -1e-05)
(-0.0002 4e-05 -1e-05)
(-0.00019 4e-05 -1e-05)
(-0.00018 4e-05 -1e-05)
(-0.00017 4e-05 -1e-05)
(-0.00016 4e-05 -1e-05)
(-0.00015 4e-05 -1e-05)
(-0.00014 4e-05 -1e-05)
(-0.00013 4e-05 -1e-05)
(-0.00012 4e-05 -1e-05)
(-0.00011 4e-05 -1e-05)
(-0.0001 4e-05 -1e-05)
(-9e-05 4e-05 -1e-05)
(-8e-05 4e-05 -1e-05)
(-7e-05 4e-05 -1e-05)
(-6e-05 4e-05 -1e-05)
(-5e-05 4e-05 -1e-05)
(-0.0006 5e-05 -1e-05)
(-0.00059 5e-05 -1e-05)
(-0.00058 5e-05 -1e-05)
(-0.00057 5e-05 -1e-05)
(-0.00056 5e-05 -1e-05)
(-0.00055 5e-05 -1e-05)
(-0.00054 5e-05 -1e-05)
(-0.00053 5e-05 -1e-05)
(-0.00052 5e-05 -1e-05)
(-0.00051 5e-05 -1e-05)
(-0.0005 5e-05 -1e-05)
(-0.00049 5e-05 -1e-05)
(-0.00048 5e-05 -1e-05)
(-0.00047 5e-05 -1e-05)
(-0.00046 5e-05 -1e-05)
(-0.00045 5e-05 -1e-05)
(-0.00044 5e-05 -1e-05)
(-0.00043 5e-05 -1e-05)
(-0.00042 5e-05 -1e-05)
(-0.00041 5e-05 -1e-05)
(-0.0004 5e-05 -1e-05)
(-0.00039 5e-05 -1e-05)
(-0.00038 5e-05 -1e-05)
(-0.00037 5e-05 -1e-05)
(-0.00036 5e-05 -1e-05)
(-0.00035 5e-05 -1e-05)
(-0.00034 5e-05 -1e-05)
(-0.00033 5e-05 -1e-05)
(-0.00032 5e-05 -1e-05)
(-0.00031 5e-05 -1e-05)
(-0.0003 5e-05 -1e-05)
(-0.00029 5e-05 -1e-05)
(-0.00028 5e-05 -1e-05)
(-0.00027 5e-05 -1e-05)
(-0.00026 5e-05 -1e-05)
(-0.00025 5e-05 -1e-05)
(-0.00024 5e-05 -1e-05)
(-0.00023 5e-05 -1e-05)
(-0.00022 5e-05 -1e-05)
(-0.00021 5e-05 -1e-05)
(-0.0002 5e-05 -1e-05)
(-0.00019 5e-05 -1e-05)
(-0.00018 5e-05 -1e-05)
(-0.00017 5e-05 -1e-05)
(-0.00016 5e-05 -1e-05)
(-0.00015 5e-05 -1e-05)
(-0.00014 5e-05 -1e-05)
(-0.00013 5e-05 -1e-05)
(-0.00012 5e-05 -1e-05)
(-0.00011 5e-05 -1e-05)
(-0.0001 5e-05 -1e-05)
(-9e-05 5e-05 -1e-05)
(-8e-05 5e-05 -1e-05)
(-7e-05 5e-05 -1e-05)
(-6e-05 5e-05 -1e-05)
(-5e-05 5e-05 -1e-05)
(-0.0006 -5e-05 0)
(-0.00059 -5e-05 0)
(-0.00058 -5e-05 0)
(-0.00057 -5e-05 0)
(-0.00056 -5e-05 0)
(-0.00055 -5e-05 0)
(-0.00054 -5e-05 0)
(-0.00053 -5e-05 0)
(-0.00052 -5e-05 0)
(-0.00051 -5e-05 0)
(-0.0005 -5e-05 0)
(-0.00049 -5e-05 0)
(-0.00048 -5e-05 0)
(-0.00047 -5e-05 0)
(-0.00046 -5e-05 0)
(-0.00045 -5e-05 0)
(-0.00044 -5e-05 0)
(-0.00043 -5e-05 0)
(-0.00042 -5e-05 0)
(-0.00041 -5e-05 0)
(-0.0004 -5e-05 0)
(-0.00039 -5e-05 0)
(-0.00038 -5e-05 0)
(-0.00037 -5e-05 5.646886315e-22)
(-0.00036 -5e-05 -5.646886315e-22)
(-0.00035 -5e-05 0)
(-0.00034 -5e-05 -5.646886315e-22)
(-0.00033 -5e-05 5.646886315e-22)
(-0.00032 -5e-05 0)
(-0.00031 -5e-05 0)
(-0.0003 -5e-05 0)
(-0.00029 -5e-05 0)
(-0.00028 -5e-05 0)
(-0.00027 -5e-05 0)
(-0.00026 -5e-05 0)
(-0.00025 -5e-05 0)
(-0.00024 -5e-05 -5.646886315e-22)
(-0.00023 -5e-05 0)
(-0.00022 -5e-05 0)
(-0.00021 -5e-05 2.823443158e-22)
(-0.0002 -5e-05 -2.823443158e-22)
(-0.00019 -5e-05 0)
(-0.00018 -5e-05 2.823443158e-22)
(-0.00017 -5e-05 5.646886315e-22)
(-0.00016 -5e-05 -2.823443158e-22)
(-0.00015 -5e-05 2.823443158e-22)
(-0.00014 -5e-05 2.823443158e-22)
(-0.00013 -5e-05 -4.235164736e-22)
(-0.00012 -5e-05 -1.411721579e-22)
(-0.00011 -5e-05 2.823443158e-22)
(-0.0001 -5e-05 -5.646886315e-22)
(-9e-05 -5e-05 -2.117582368e-22)
(-8e-05 -5e-05 1.411721579e-22)
(-7e-05 -5e-05 4.588095131e-22)
(-6e-05 -5e-05 -3.35283875e-22)
(-5e-05 -5e-05 0)
(-0.0006 -4e-05 0)
(-0.00059 -4e-05 0)
(-0.00058 -4e-05 0)
(-0.00057 -4e-05 0)
(-0.00056 -4e-05 0)
(-0.00055 -4e-05 0)
(-0.00054 -4e-05 0)
(-0.00053 -4e-05 0)
(-0.00052 -4e-05 0)
(-0.00051 -4e-05 0)
(-0.0005 -4e-05 0)
(-0.00049 -4e-05 0)
(-0.00048 -4e-05 0)
(-0.00047 -4e-05 0)
(-0.00046 -4e-05 0)
(-0.00045 -4e-05 0)
(-0.00044 -4e-05 0)
(-0.00043 -4e-05 0)
(-0.00042 -4e-05 0)
(-0.00041 -4e-05 0)
(-0.0004 -4e-05 0)
(-0.00039 -4e-05 0)
(-0.00038 -4e-05 0)
(-0.00037 -4e-05 -5.646886315e-22)
(-0.00036 -4e-05 -5.646886315e-22)
(-0.00035 -4e-05 0)
(-0.00034 -4e-05 0)
(-0.00033 -4e-05 5.646886315e-22)
(-0.00032 -4e-05 0)
(-0.00031 -4e-05 -5.646886315e-22)
(-0.0003 -4e-05 0)
(-0.00029 -4e-05 0)
(-0.00028 -4e-05 0)
(-0.00027 -4e-05 0)
(-0.00026 -4e-05 -5.646886315e-22)
(-0.00025 -4e-05 0)
(-0.00024 -4e-05 -5.646886315e-22)
(-0.00023 -4e-05 0)
(-0.00022 -4e-05 0)
(-0.00021 -4e-05 -2.823443158e-22)
(-0.0002 -4e-05 -2.823443158e-22)
(-0.00019 -4e-05 0)
(-0.00018 -4e-05 2.823443158e-22)
(-0.00017 -4e-05 -5.646886315e-22)
(-0.00016 -4e-05 -2.823443158e-22)
(-0.00015 -4e-05 -5.646886315e-22)
(-0.00014 -4e-05 2.823443158e-22)
(-0.00013 -4e-05 -4.235164736e-22)
(-0.00012 -4e-05 -1.411721579e-22)
(-0.00011 -4e-05 2.823443158e-22)
(-0.0001 -4e-05 -5.646886315e-22)
(-9e-05 -4e-05 -2.117582368e-22)
(-8e-05 -4e-05 1.411721579e-22)
(-7e-05 -4e-05 4.588095131e-22)
(-6e-05 -4e-05 -3.35283875e-22)
(-5e-05 -4e-05 0)
(-0.0006 -3e-05 0)
(-0.00059 -3e-05 0)
(-0.00058 -3e-05 0)
(-0.00057 -3e-05 0)
(-0.00056 -3e-05 0)
(-0.00055 -3e-05 0)
(-0.00054 -3e-05 0)
(-0.00053 -3e-05 0)
(-0.00052 -3e-05 0)
(-0.00051 -3e-05 0)
(-0.0005 -3e-05 0)
(-0.00049 -3e-05 0)
(-0.00048 -3e-05 0)
(-0.00047 -3e-05 0)
(-0.00046 -3e-05 0)
(-0.00045 -3e-05 0)
(-0.00044 -3e-05 0)
(-0.00043 -3e-05 0)
(-0.00042 -3e-05 0)
(-0.00041 -3e-05 0)
(-0.0004 -3e-05 0)
(-0.00039 -3e-05 0)
(-0.00038 -3e-05 -5.646886315e-22)
(-0.00037 -3e-05 5.646886315e-22)
(-0.00036 -3e-05 0)
(-0.00035 -3e-05 0)
(-0.00034 -3e-05 -5.646886315e-22)
(-0.00033 -3e-05 0)
(-0.00032 -3e-05 -5.646886315e-22)
(-0.00031 -3e-05 0)
(-0.0003 -3e-05 -5.646886315e-22)
(-0.00029 -3e-05 0)
(-0.00028 -3e-05 0)
(-0.00027 -3e-05 -5.646886315e-22)
(-0.00026 -3e-05 0)
(-0.00025 -3e-05 0)
(-0.00024 -3e-05 -5.646886315e-22)
(-0.00023 -3e-05 0)
(-0.00022 -3e-05 0)
(-0.00021 -3e-05 2.823443158e-22)
(-0.0002 -3e-05 -2.823443158e-22)
(-0.00019 -3e-05 0)
(-0.00018 -3e-05 -5.646886315e-22)
(-0.00017 -3e-05 -2.823443158e-22)
(-0.00016 -3e-05 -2.823443158e-22)
(-0.00015 -3e-05 2.823443158e-22)
(-0.00014 -3e-05 2.823443158e-22)
(-0.00013 -3e-05 -4.235164736e-22)
(-0.00012 -3e-05 -1.411721579e-22)
(-0.00011 -3e-05 2.823443158e-22)
(-0.0001 -3e-05 -5.646886315e-22)
(-9e-05 -3e-05 -2.117582368e-22)
(-8e-05 -3e-05 1.411721579e-22)
(-7e-05 -3e-05 4.588095131e-22)
(-6e-05 -3e-05 -3.35283875e-22)
(-5e-05 -3e-05 0)
(-0.0006 -2e-05 0)
(-0.00059 -2e-05 0)
(-0.00058 -2e-05 0)
(-0.00057 -2e-05 0)
(-0.00056 -2e-05 0)
(-0.00055 -2e-05 0)
(-0.00054 -2e-05 0)
(-0.00053 -2e-05 0)
(-0.00052 -2e-05 0)
(-0.00051 -2e-05 0)
(-0.0005 -2e-05 -1.129377263e-21)
(-0.00049 -2e-05 0)
(-0.00048 -2e-05 0)
(-0.00047 -2e-05 0)
(-0.00046 -2e-05 0)
(-0.00045 -2e-05 0)
(-0.00044 -2e-05 0)
(-0.00043 -2e-05 0)
(-0.00042 -2e-05 0)
(-0.00041 -2e-05 0)
(-0.0004 -2e-05 0)
(-0.00039 -2e-05 0)
(-0.00038 -2e-05 5.646886315e-22)
(-0.00037 -2e-05 -5.646886315e-22)
(-0.00036 -2e-05 0)
(-0.00035 -2e-05 0)
(-0.00034 -2e-05 0)
(-0.00033 -2e-05 5.646886315e-22)
(-0.00032 -2e-05 5.646886315e-22)
(-0.00031 -2e-05 0)
(-0.0003 -2e-05 0)
(-0.00029 -2e-05 0)
(-0.00028 -2e-05 0)
(-0.00027 -2e-05 5.646886315e-22)
(-0.00026 -2e-05 0)
(-0.00025 -2e-05 0)
(-0.00024 -2e-05 -5.646886315e-22)
(-0.00023 -2e-05 0)
(-0.00022 -2e-05 0)
(-0.00021 -2e-05 2.823443158e-22)
(-0.0002 -2e-05 0)
(-0.00019 -2e-05 0)
(-0.00018 -2e-05 0)
(-0.00017 -2e-05 5.646886315e-22)
(-0.00016 -2e-05 0)
(-0.00015 -2e-05 2.823443158e-22)
(-0.00014 -2e-05 5.646886315e-22)
(-0.00013 -2e-05 -4.235164736e-22)
(-0.00012 -2e-05 -1.411721579e-22)
(-0.00011 -2e-05 2.823443158e-22)
(-0.0001 -2e-05 -5.646886315e-22)
(-9e-05 -2e-05 -2.117582368e-22)
(-8e-05 -2e-05 1.411721579e-22)
(-7e-05 -2e-05 4.941025526e-22)
(-6e-05 -2e-05 -3.35283875e-22)
(-5e-05 -2e-05 0)
(-0.0006 -1e-05 0)
(-0.00059 -1e-05 0)
(-0.00058 -1e-05 0)
(-0.00057 -1e-05 0)
(-0.00056 -1e-05 0)
(-0.00055 -1e-05 0)
(-0.00054 -1e-05 0)
(-0.00053 -1e-05 0)
(-0.00052 -1e-05 1.129377263e-21)
(-0.00051 -1e-05 0)
(-0.0005 -1e-05 0)
(-0.00049 -1e-05 -1.129377263e-21)
(-0.00048 -1e-05 0)
(-0.00047 -1e-05 0)
(-0.00046 -1e-05 0)
(-0.00045 -1e-05 0)
(-0.00044 -1e-05 0)
(-0.00043 -1e-05 0)
(-0.00042 -1e-05 0)
(-0.00041 -1e-05 0)
(-0.0004 -1e-05 0)
(-0.00039 -1e-05 0)
(-0.00038 -1e-05 0)
(-0.00037 -1e-05 -5.646886315e-22)
(-0.00036 -1e-05 -5.646886315e-22)
(-0.00035 -1e-05 -1.129377263e-21)
(-0.00034 -1e-05 -5.646886315e-22)
(-0.00033 -1e-05 0)
(-0.00032 -1e-05 0)
(-0.00031 -1e-05 0)
(-0.0003 -1e-05 0)
(-0.00029 -1e-05 0)
(-0.00028 -1e-05 0)
(-0.00027 -1e-05 0)
(-0.00026 -1e-05 0)
(-0.00025 -1e-05 0)
(-0.00024 -1e-05 -5.646886315e-22)
(-0.00023 -1e-05 0)
(-0.00022 -1e-05 0)
(-0.00021 -1e-05 2.823443158e-22)
(-0.0002 -1e-05 -2.823443158e-22)
(-0.00019 -1e-05 0)
(-0.00018 -1e-05 2.823443158e-22)
(-0.00017 -1e-05 5.646886315e-22)
(-0.00016 -1e-05 -2.823443158e-22)
(-0.00015 -1e-05 2.823443158e-22)
(-0.00014 -1e-05 5.646886315e-22)
(-0.00013 -1e-05 -4.235164736e-22)
(-0.00012 -1e-05 -1.411721579e-22)
(-0.00011 -1e-05 2.823443158e-22)
(-0.0001 -1e-05 -5.646886315e-22)
(-9e-05 -1e-05 -2.117582368e-22)
(-8e-05 -1e-05 1.411721579e-22)
(-7e-05 -1e-05 4.588095131e-22)
(-6e-05 -1e-05 -3.35283875e-22)
(-5e-05 -1e-05 0)
(-0.0006 0 0)
(-0.00059 0 0)
(-0.00058 0 0)
(-0.00057 0 0)
(-0.00056 0 0)
(-0.00055 0 0)
(-0.00054 0 0)
(-0.00053 0 0)
(-0.00052 0 0)
(-0.00051 0 0)
(-0.0005 0 0)
(-0.00049 0 0)
(-0.00048 0 0)
(-0.00047 0 0)
(-0.00046 0 0)
(-0.00045 0 0)
(-0.00044 0 0)
(-0.00043 0 0)
(-0.00042 0 0)
(-0.00041 0 0)
(-0.0004 0 0)
(-0.00039 0 0)
(-0.00038 0 0)
(-0.00037 5.646886315e-22 5.646886315e-22)
(-0.00036 -5.646886315e-22 -5.646886315e-22)
(-0.00035 0 0)
(-0.00034 -5.646886315e-22 -5.646886315e-22)
(-0.00033 5.646886315e-22 5.646886315e-22)
(-0.00032 0 0)
(-0.00031 0 0)
(-0.0003 0 0)
(-0.00029 0 0)
(-0.00028 0 0)
(-0.00027 0 0)
(-0.00026 0 0)
(-0.00025 0 0)
(-0.00024 -5.646886315e-22 -5.646886315e-22)
(-0.00023 0 0)
(-0.00022 0 0)
(-0.00021 2.823443158e-22 2.823443158e-22)
(-0.0002 -2.823443158e-22 -2.823443158e-22)
(-0.00019 0 0)
(-0.00018 2.823443158e-22 2.823443158e-22)
(-0.00017 5.646886315e-22 5.646886315e-22)
(-0.00016 -2.823443158e-22 -2.823443158e-22)
(-0.00015 2.823443158e-22 2.823443158e-22)
(-0.00014 2.823443158e-22 2.823443158e-22)
(-0.00013 -4.235164736e-22 -4.235164736e-22)
(-0.00012 -1.411721579e-22 -1.411721579e-22)
(-0.00011 2.823443158e-22 2.823443158e-22)
(-0.0001 -5.646886315e-22 -5.646886315e-22)
(-9e-05 -2.117582368e-22 -2.117582368e-22)
(-8e-05 1.411721579e-22 1.411721579e-22)
(-7e-05 4.588095131e-22 4.588095131e-22)
(-6e-05 -3.35283875e-22 -3.35283875e-22)
(-5e-05 0 0)
(-0.0006 1e-05 0)
(-0.00059 1e-05 0)
(-0.00058 1e-05 0)
(-0.00057 1e-05 0)
(-0.00056 1e-05 0)
(-0.00055 1e-05 0)
(-0.00054 1e-05 0)
(-0.00053 1e-05 0)
(-0.00052 1e-05 1.129377263e-21)
(-0.00051 1e-05 0)
(-0.0005 1e-05 0)
(-0.00049 1e-05 -1.129377263e-21)
(-0.00048 1e-05 0)
(-0.00047 1e-05 0)
(-0.00046 1e-05 0)
(-0.00045 1e-05 0)
(-0.00044 1e-05 0)
(-0.00043 1e-05 0)
(-0.00042 1e-05 0)
(-0.00041 1e-05 0)
(-0.0004 1e-05 0)
(-0.00039 1e-05 0)
(-0.00038 1e-05 0)
(-0.00037 1e-05 -5.646886315e-22)
(-0.00036 1e-05 -5.646886315e-22)
(-0.00035 1e-05 0)
(-0.00034 1e-05 -5.646886315e-22)
(-0.00033 1e-05 0)
(-0.00032 1e-05 0)
(-0.00031 1e-05 0)
(-0.0003 1e-05 0)
(-0.00029 1e-05 0)
(-0.00028 1e-05 0)
(-0.00027 1e-05 0)
(-0.00026 1e-05 0)
(-0.00025 1e-05 0)
(-0.00024 1e-05 -5.646886315e-22)
(-0.00023 1e-05 0)
(-0.00022 1e-05 0)
(-0.00021 1e-05 2.823443158e-22)
(-0.0002 1e-05 -2.823443158e-22)
(-0.00019 1e-05 0)
(-0.00018 1e-05 2.823443158e-22)
(-0.00017 1e-05 5.646886315e-22)
(-0.00016 1e-05 -2.823443158e-22)
(-0.00015 1e-05 2.823443158e-22)
(-0.00014 1e-05 5.646886315e-22)
(-0.00013 1e-05 -4.235164736e-22)
(-0.00012 1e-05 -1.411721579e-22)
(-0.00011 1e-05 2.823443158e-22)
(-0.0001 1e-05 -5.646886315e-22)
(-9e-05 1e-05 -2.117582368e-22)
(-8e-05 1e-05 1.411721579e-22)
(-7e-05 1e-05 4.588095131e-22)
(-6e-05 1e-05 -3.35283875e-22)
(-5e-05 1e-05 0)
(-0.0006 2e-05 0)
(-0.00059 2e-05 0)
(-0.00058 2e-05 0)
(-0.00057 2e-05 0)
(-0.00056 2e-05 0)
(-0.00055 2e-05 0)
(-0.00054 2e-05 0)
(-0.00053 2e-05 0)
(-0.00052 2e-05 0)
(-0.00051 2e-05 0)
(-0.0005 2e-05 0)
(-0.00049 2e-05 0)
(-0.00048 2e-05 0)
(-0.00047 2e-05 0)
(-0.00046 2e-05 0)
(-0.00045 2e-05 0)
(-0.00044 2e-05 0)
(-0.00043 2e-05 0)
(-0.00042 2e-05 0)
(-0.00041 2e-05 0)
(-0.0004 2e-05 0)
(-0.00039 2e-05 0)
(-0.00038 2e-05 -1.129377263e-21)
(-0.00037 2e-05 -5.646886315e-22)
(-0.00036 2e-05 -5.646886315e-22)
(-0.00035 2e-05 -1.129377263e-21)
(-0.00034 2e-05 -5.646886315e-22)
(-0.00033 2e-05 0)
(-0.00032 2e-05 0)
(-0.00031 2e-05 -1.129377263e-21)
(-0.0003 2e-05 -1.129377263e-21)
(-0.00029 2e-05 0)
(-0.00028 2e-05 -1.129377263e-21)
(-0.00027 2e-05 -1.129377263e-21)
(-0.00026 2e-05 0)
(-0.00025 2e-05 0)
(-0.00024 2e-05 -5.646886315e-22)
(-0.00023 2e-05 0)
(-0.00022 2e-05 0)
(-0.00021 2e-05 -8.470329473e-22)
(-0.0002 2e-05 -2.823443158e-22)
(-0.00019 2e-05 0)
(-0.00018 2e-05 -8.470329473e-22)
(-0.00017 2e-05 -5.646886315e-22)
(-0.00016 2e-05 -2.823443158e-22)
(-0.00015 2e-05 -8.470329473e-22)
(-0.00014 2e-05 -5.646886315e-22)
(-0.00013 2e-05 -4.235164736e-22)
(-0.00012 2e-05 -1.411721579e-22)
(-0.00011 2e-05 -8.470329473e-22)
(-0.0001 2e-05 -5.646886315e-22)
(-9e-05 2e-05 -2.117582368e-22)
(-8e-05 2e-05 1.411721579e-22)
(-7e-05 2e-05 -6.705677499e-22)
(-6e-05 2e-05 -3.35283875e-22)
(-5e-05 2e-05 0)
(-0.0006 3e-05 0)
(-0.00059 3e-05 0)
(-0.00058 3e-05 0)
(-0.00057 3e-05 0)
(-0.00056 3e-05 0)
(-0.00055 3e-05 0)
(-0.00054 3e-05 0)
(-0.00053 3e-05 0)
(-0.00052 3e-05 0)
(-0.00051 3e-05 0)
(-0.0005 3e-05 0)
(-0.00049 3e-05 0)
(-0.00048 3e-05 0)
(-0.00047 3e-05 0)
(-0.00046 3e-05 0)
(-0.00045 3e-05 0)
(-0.00044 3e-05 0)
(-0.00043 3e-05 0)
(-0.00042 3e-05 0)
(-0.00041 3e-05 0)
(-0.0004 3e-05 0)
(-0.00039 3e-05 0)
(-0.00038 3e-05 -1.129377263e-21)
(-0.00037 3e-05 -5.646886315e-22)
(-0.00036 3e-05 0)
(-0.00035 3e-05 -1.129377263e-21)
(-0.00034 3e-05 -1.129377263e-21)
(-0.00033 3e-05 5.646886315e-22)
(-0.00032 3e-05 0)
(-0.00031 3e-05 -1.129377263e-21)
(-0.0003 3e-05 -1.129377263e-21)
(-0.00029 3e-05 0)
(-0.00028 3e-05 -1.129377263e-21)
(-0.00027 3e-05 -1.129377263e-21)
(-0.00026 3e-05 0)
(-0.00025 3e-05 0)
(-0.00024 3e-05 -5.646886315e-22)
(-0.00023 3e-05 0)
(-0.00022 3e-05 0)
(-0.00021 3e-05 2.823443158e-22)
(-0.0002 3e-05 -2.823443158e-22)
(-0.00019 3e-05 0)
(-0.00018 3e-05 -8.470329473e-22)
(-0.00017 3e-05 -5.646886315e-22)
(-0.00016 3e-05 -2.823443158e-22)
(-0.00015 3e-05 -8.470329473e-22)
(-0.00014 3e-05 -8.470329473e-22)
(-0.00013 3e-05 -4.235164736e-22)
(-0.00012 3e-05 -1.411721579e-22)
(-0.00011 3e-05 -8.470329473e-22)
(-0.0001 3e-05 -5.646886315e-22)
(-9e-05 3e-05 -2.117582368e-22)
(-8e-05 3e-05 1.411721579e-22)
(-7e-05 3e-05 -6.705677499e-22)
(-6e-05 3e-05 -3.35283875e-22)
(-5e-05 3e-05 0)
(-0.0006 4e-05 0)
(-0.00059 4e-05 0)
(-0.00058 4e-05 0)
(-0.00057 4e-05 0)
(-0.00056 4e-05 0)
(-0.00055 4e-05 0)
(-0.00054 4e-05 0)
(-0.00053 4e-05 0)
(-0.00052 4e-05 0)
(-0.00051 4e-05 0)
(-0.0005 4e-05 0)
(-0.00049 4e-05 0)
(-0.00048 4e-05 0)
(-0.00047 4e-05 0)
(-0.00046 4e-05 0)
(-0.00045 4e-05 0)
(-0.00044 4e-05 0)
(-0.00043 4e-05 0)
(-0.00042 4e-05 0)
(-0.00041 4e-05 0)
(-0.0004 4e-05 0)
(-0.00039 4e-05 0)
(-0.00038 4e-05 0)
(-0.00037 4e-05 5.646886315e-22)
(-0.00036 4e-05 -5.646886315e-22)
(-0.00035 4e-05 -5.646886315e-22)
(-0.00034 4e-05 -5.646886315e-22)
(-0.00033 4e-05 5.646886315e-22)
(-0.00032 4e-05 0)
(-0.00031 4e-05 0)
(-0.0003 4e-05 0)
(-0.00029 4e-05 0)
(-0.00028 4e-05 0)
(-0.00027 4e-05 0)
(-0.00026 4e-05 0)
(-0.00025 4e-05 0)
(-0.00024 4e-05 -5.646886315e-22)
(-0.00023 4e-05 0)
(-0.00022 4e-05 0)
(-0.00021 4e-05 -8.470329473e-22)
(-0.0002 4e-05 -2.823443158e-22)
(-0.00019 4e-05 -5.646886315e-22)
(-0.00018 4e-05 -8.470329473e-22)
(-0.00017 4e-05 5.646886315e-22)
(-0.00016 4e-05 -2.823443158e-22)
(-0.00015 4e-05 -8.470329473e-22)
(-0.00014 4e-05 -8.470329473e-22)
(-0.00013 4e-05 -4.235164736e-22)
(-0.00012 4e-05 -1.411721579e-22)
(-0.00011 4e-05 2.823443158e-22)
(-0.0001 4e-05 -4.235164736e-22)
(-9e-05 4e-05 -2.117582368e-22)
(-8e-05 4e-05 1.411721579e-22)
(-7e-05 4e-05 -6.705677499e-22)
(-6e-05 4e-05 -3.35283875e-22)
(-5e-05 4e-05 0)
(-0.0006 5e-05 0)
(-0.00059 5e-05 0)
(-0.00058 5e-05 0)
(-0.00057 5e-05 0)
(-0.00056 5e-05 0)
(-0.00055 5e-05 0)
(-0.00054 5e-05 0)
(-0.00053 5e-05 0)
(-0.00052 5e-05 0)
(-0.00051 5e-05 0)
(-0.0005 5e-05 0)
(-0.00049 5e-05 0)
(-0.00048 5e-05 0)
(-0.00047 5e-05 0)
(-0.00046 5e-05 0)
(-0.00045 5e-05 0)
(-0.00044 5e-05 0)
(-0.00043 5e-05 0)
(-0.00042 5e-05 0)
(-0.00041 5e-05 0)
(-0.0004 5e-05 0)
(-0.00039 5e-05 0)
(-0.00038 5e-05 0)
(-0.00037 5e-05 5.646886315e-22)
(-0.00036 5e-05 -5.646886315e-22)
(-0.00035 5e-05 0)
(-0.00034 5e-05 -5.646886315e-22)
(-0.00033 5e-05 5.646886315e-22)
(-0.00032 5e-05 0)
(-0.00031 5e-05 0)
(-0.0003 5e-05 0)
(-0.00029 5e-05 0)
(-0.00028 5e-05 0)
(-0.00027 5e-05 0)
(-0.00026 5e-05 0)
(-0.00025 5e-05 0)
(-0.00024 5e-05 -5.646886315e-22)
(-0.00023 5e-05 0)
(-0.00022 5e-05 0)
(-0.00021 5e-05 2.823443158e-22)
(-0.0002 5e-05 -2.823443158e-22)
(-0.00019 5e-05 0)
(-0.00018 5e-05 2.823443158e-22)
(-0.00017 5e-05 5.646886315e-22)
(-0.00016 5e-05 -2.823443158e-22)
(-0.00015 5e-05 2.823443158e-22)
(-0.00014 5e-05 2.823443158e-22)
(-0.00013 5e-05 -4.235164736e-22)
(-0.00012 5e-05 -1.411721579e-22)
(-0.00011 5e-05 2.823443158e-22)
(-0.0001 5e-05 -5.646886315e-22)
(-9e-05 5e-05 -2.117582368e-22)
(-8e-05 5e-05 1.411721579e-22)
(-7e-05 5e-05 4.588095131e-22)
(-6e-05 5e-05 -3.35283875e-22)
(-5e-05 5e-05 0)
(-0.0006 -5e-05 1e-05)
(-0.00059 -5e-05 1e-05)
(-0.00058 -5e-05 1e-05)
(-0.00057 -5e-05 1e-05)
(-0.00056 -5e-05 1e-05)
(-0.00055 -5e-05 1e-05)
(-0.00054 -5e-05 1e-05)
(-0.00053 -5e-05 1e-05)
(-0.00052 -5e-05 1e-05)
(-0.00051 -5e-05 1e-05)
(-0.0005 -5e-05 1e-05)
(-0.00049 -5e-05 1e-05)
(-0.00048 -5e-05 1e-05)
(-0.00047 -5e-05 1e-05)
(-0.00046 -5e-05 1e-05)
(-0.00045 -5e-05 1e-05)
(-0.00044 -5e-05 1e-05)
(-0.00043 -5e-05 1e-05)
(-0.00042 -5e-05 1e-05)
(-0.00041 -5e-05 1e-05)
(-0.0004 -5e-05 1e-05)
(-0.00039 -5e-05 1e-05)
(-0.00038 -5e-05 1e-05)
(-0.00037 -5e-05 1e-05)
(-0.00036 -5e-05 1e-05)
(-0.00035 -5e-05 1e-05)
(-0.00034 -5e-05 1e-05)
(-0.00033 -5e-05 1e-05)
(-0.00032 -5e-05 1e-05)
(-0.00031 -5e-05 1e-05)
(-0.0003 -5e-05 1e-05)
(-0.00029 -5e-05 1e-05)
(-0.00028 -5e-05 1e-05)
(-0.00027 -5e-05 1e-05)
(-0.00026 -5e-05 1e-05)
(-0.00025 -5e-05 1e-05)
(-0.00024 -5e-05 1e-05)
(-0.00023 -5e-05 1e-05)
(-0.00022 -5e-05 1e-05)
(-0.00021 -5e-05 1e-05)
(-0.0002 -5e-05 1e-05)
(-0.00019 -5e-05 1e-05)
(-0.00018 -5e-05 1e-05)
(-0.00017 -5e-05 1e-05)
(-0.00016 -5e-05 1e-05)
(-0.00015 -5e-05 1e-05)
(-0.00014 -5e-05 1e-05)
(-0.00013 -5e-05 1e-05)
(-0.00012 -5e-05 1e-05)
(-0.00011 -5e-05 1e-05)
(-0.0001 -5e-05 1e-05)
(-9e-05 -5e-05 1e-05)
(-8e-05 -5e-05 1e-05)
(-7e-05 -5e-05 1e-05)
(-6e-05 -5e-05 1e-05)
(-5e-05 -5e-05 1e-05)
(-0.0006 -4e-05 1e-05)
(-0.00059 -4e-05 1e-05)
(-0.00058 -4e-05 1e-05)
(-0.00057 -4e-05 1e-05)
(-0.00056 -4e-05 1e-05)
(-0.00055 -4e-05 1e-05)
(-0.00054 -4e-05 1e-05)
(-0.00053 -4e-05 1e-05)
(-0.00052 -4e-05 1e-05)
(-0.00051 -4e-05 1e-05)
(-0.0005 -4e-05 1e-05)
(-0.00049 -4e-05 1e-05)
(-0.00048 -4e-05 1e-05)
(-0.00047 -4e-05 1e-05)
(-0.00046 -4e-05 1e-05)
(-0.00045 -4e-05 1e-05)
(-0.00044 -4e-05 1e-05)
(-0.00043 -4e-05 1e-05)
(-0.00042 -4e-05 1e-05)
(-0.00041 -4e-05 1e-05)
(-0.0004 -4e-05 1e-05)
(-0.00039 -4e-05 1e-05)
(-0.00038 -4e-05 1e-05)
(-0.00037 -4e-05 1e-05)
(-0.00036 -4e-05 1e-05)
(-0.00035 -4e-05 1e-05)
(-0.00034 -4e-05 1e-05)
(-0.00033 -4e-05 1e-05)
(-0.00032 -4e-05 1e-05)
(-0.00031 -4e-05 1e-05)
(-0.0003 -4e-05 1e-05)
(-0.00029 -4e-05 1e-05)
(-0.00028 -4e-05 1e-05)
(-0.00027 -4e-05 1e-05)
(-0.00026 -4e-05 1e-05)
(-0.00025 -4e-05 1e-05)
(-0.00024 -4e-05 1e-05)
(-0.00023 -4e-05 1e-05)
(-0.00022 -4e-05 1e-05)
(-0.00021 -4e-05 1e-05)
(-0.0002 -4e-05 1e-05)
(-0.00019 -4e-05 1e-05)
(-0.00018 -4e-05 1e-05)
(-0.00017 -4e-05 1e-05)
(-0.00016 -4e-05 1e-05)
(-0.00015 -4e-05 1e-05)
(-0.00014 -4e-05 1e-05)
(-0.00013 -4e-05 1e-05)
(-0.00012 -4e-05 1e-05)
(-0.00011 -4e-05 1e-05)
(-0.0001 -4e-05 1e-05)
(-9e-05 -4e-05 1e-05)
(-8e-05 -4e-05 1e-05)
(-7e-05 -4e-05 1e-05)
(-6e-05 -4e-05 1e-05)
(-5e-05 -4e-05 1e-05)
(-0.0006 -3e-05 1e-05)
(-0.00059 -3e-05 1e-05)
(-0.00058 -3e-05 1e-05)
(-0.00057 -3e-05 1e-05)
(-0.00056 -3e-05 1e-05)
(-0.00055 -3e-05 1e-05)
(-0.00054 -3e-05 1e-05)
(-0.00053 -3e-05 1e-05)
(-0.00052 -3e-05 1e-05)
(-0.00051 -3e-05 1e-05)
(-0.0005 -3e-05 1e-05)
(-0.00049 -3e-05 1e-05)
(-0.00048 -3e-05 1e-05)
(-0.00047 -3e-05 1e-05)
(-0.00046 -3e-05 1e-05)
(-0.00045 -3e-05 1e-05)
(-0.00044 -3e-05 1e-05)
(-0.00043 -3e-05 1e-05)
(-0.00042 -3e-05 1e-05)
(-0.00041 -3e-05 1e-05)
(-0.0004 -3e-05 1e-05)
(-0.00039 -3e-05 1e-05)
(-0.00038 -3e-05 1e-05)
(-0.00037 -3e-05 1e-05)
(-0.00036 -3e-05 1e-05)
(-0.00035 -3e-05 1e-05)
(-0.00034 -3e-05 1e-05)
(-0.00033 -3e-05 1e-05)
(-0.00032 -3e-05 1e-05)
(-0.00031 -3e-05 1e-05)
(-0.0003 -3e-05 1e-05)
(-0.00029 -3e-05 1e-05)
(-0.00028 -3e-05 1e-05)
(-0.00027 -3e-05 1e-05)
(-0.00026 -3e-05 1e-05)
(-0.00025 -3e-05 1e-05)
(-0.00024 -3e-05 1e-05)
(-0.00023 -3e-05 1e-05)
(-0.00022 -3e-05 1e-05)
(-0.00021 -3e-05 1e-05)
(-0.0002 -3e-05 1e-05)
(-0.00019 -3e-05 1e-05)
(-0.00018 -3e-05 1e-05)
(-0.00017 -3e-05 1e-05)
(-0.00016 -3e-05 1e-05)
(-0.00015 -3e-05 1e-05)
(-0.00014 -3e-05 1e-05)
(-0.00013 -3e-05 1e-05)
(-0.00012 -3e-05 1e-05)
(-0.00011 -3e-05 1e-05)
(-0.0001 -3e-05 1e-05)
(-9e-05 -3e-05 1e-05)
(-8e-05 -3e-05 1e-05)
(-7e-05 -3e-05 1e-05)
(-6e-05 -3e-05 1e-05)
(-5e-05 -3e-05 1e-05)
(-0.0006 -2e-05 1e-05)
(-0.00059 -2e-05 1e-05)
(-0.00058 -2e-05 1e-05)
(-0.00057 -2e-05 1e-05)
(-0.00056 -2e-05 1e-05)
(-0.00055 -2e-05 1e-05)
(-0.00054 -2e-05 1e-05)
(-0.00053 -2e-05 1e-05)
(-0.00052 -2e-05 1e-05)
(-0.00051 -2e-05 1e-05)
(-0.0005 -2e-05 1e-05)
(-0.00049 -2e-05 1e-05)
(-0.00048 -2e-05 1e-05)
(-0.00047 -2e-05 1e-05)
(-0.00046 -2e-05 1e-05)
(-0.00045 -2e-05 1e-05)
(-0.00044 -2e-05 1e-05)
(-0.00043 -2e-05 1e-05)
(-0.00042 -2e-05 1e-05)
(-0.00041 -2e-05 1e-05)
(-0.0004 -2e-05 1e-05)
(-0.00039 -2e-05 1e-05)
(-0.00038 -2e-05 1e-05)
(-0.00037 -2e-05 1e-05)
(-0.00036 -2e-05 1e-05)
(-0.00035 -2e-05 1e-05)
(-0.00034 -2e-05 1e-05)
(-0.00033 -2e-05 1e-05)
(-0.00032 -2e-05 1e-05)
(-0.00031 -2e-05 1e-05)
(-0.0003 -2e-05 1e-05)
(-0.00029 -2e-05 1e-05)
(-0.00028 -2e-05 1e-05)
(-0.00027 -2e-05 1e-05)
(-0.00026 -2e-05 1e-05)
(-0.00025 -2e-05 1e-05)
(-0.00024 -2e-05 1e-05)
(-0.00023 -2e-05 1e-05)
(-0.00022 -2e-05 1e-05)
(-0.00021 -2e-05 1e-05)
(-0.0002 -2e-05 1e-05)
(-0.00019 -2e-05 1e-05)
(-0.00018 -2e-05 1e-05)
(-0.00017 -2e-05 1e-05)
(-0.00016 -2e-05 1e-05)
(-0.00015 -2e-05 1e-05)
(-0.00014 -2e-05 1e-05)
(-0.00013 -2e-05 1e-05)
(-0.00012 -2e-05 1e-05)
(-0.00011 -2e-05 1e-05)
(-0.0001 -2e-05 1e-05)
(-9e-05 -2e-05 1e-05)
(-8e-05 -2e-05 1e-05)
(-7e-05 -2e-05 1e-05)
(-6e-05 -2e-05 1e-05)
(-5e-05 -2e-05 1e-05)
(-0.0006 -1e-05 1e-05)
(-0.00059 -1e-05 1e-05)
(-0.00058 -1e-05 1e-05)
(-0.00057 -1e-05 1e-05)
(-0.00056 -1e-05 1e-05)
(-0.00055 -1e-05 1e-05)
(-0.00054 -1e-05 1e-05)
(-0.00053 -1e-05 1e-05)
(-0.00052 -1e-05 1e-05)
(-0.00051 -1e-05 1e-05)
(-0.0005 -1e-05 1e-05)
(-0.00049 -1e-05 1e-05)
(-0.00048 -1e-05 1e-05)
(-0.00047 -1e-05 1e-05)
(-0.00046 -1e-05 1e-05)
(-0.00045 -1e-05 1e-05)
(-0.00044 -1e-05 1e-05)
(-0.00043 -1e-05 1e-05)
(-0.00042 -1e-05 1e-05)
(-0.00041 -1e-05 1e-05)
(-0.0004 -1e-05 1e-05)
(-0.00039 -1e-05 1e-05)
(-0.00038 -1e-05 1e-05)
(-0.00037 -1e-05 1e-05)
(-0.00036 -1e-05 1e-05)
(-0.00035 -1e-05 1e-05)
(-0.00034 -1e-05 1e-05)
(-0.00033 -1e-05 1e-05)
(-0.00032 -1e-05 1e-05)
(-0.00031 -1e-05 1e-05)
(-0.0003 -1e-05 1e-05)
(-0.00029 -1e-05 1e-05)
(-0.00028 -1e-05 1e-05)
(-0.00027 -1e-05 1e-05)
(-0.00026 -1e-05 1e-05)
(-0.00025 -1e-05 1e-05)
(-0.00024 -1e-05 1e-05)
(-0.00023 -1e-05 1e-05)
(-0.00022 -1e-05 1e-05)
(-0.00021 -1e-05 1e-05)
(-0.0002 -1e-05 1e-05)
(-0.00019 -1e-05 1e-05)
(-0.00018 -1e-05 1e-05)
(-0.00017 -1e-05 1e-05)
(-0.00016 -1e-05 1e-05)
(-0.00015 -1e-05 1e-05)
(-0.00014 -1e-05 1e-05)
(-0.00013 -1e-05 1e-05)
(-0.00012 -1e-05 1e-05)
(-0.00011 -1e-05 1e-05)
(-0.0001 -1e-05 1e-05)
(-9e-05 -1e-05 1e-05)
(-8e-05 -1e-05 1e-05)
(-7e-05 -1e-05 1e-05)
(-6e-05 -1e-05 1e-05)
(-5e-05 -1e-05 1e-05)
(-0.0006 0 1e-05)
(-0.00059 0 1e-05)
(-0.00058 0 1e-05)
(-0.00057 0 1e-05)
(-0.00056 0 1e-05)
(-0.00055 0 1e-05)
(-0.00054 0 1e-05)
(-0.00053 0 1e-05)
(-0.00052 0 1e-05)
(-0.00051 0 1e-05)
(-0.0005 0 1e-05)
(-0.00049 0 1e-05)
(-0.00048 0 1e-05)
(-0.00047 0 1e-05)
(-0.00046 0 1e-05)
(-0.00045 0 1e-05)
(-0.00044 0 1e-05)
(-0.00043 0 1e-05)
(-0.00042 0 1e-05)
(-0.00041 0 1e-05)
(-0.0004 0 1e-05)
(-0.00039 0 1e-05)
(-0.00038 0 1e-05)
(-0.00037 -5.646886315e-22 1e-05)
(-0.00036 -5.646886315e-22 1e-05)
(-0.00035 0 1e-05)
(-0.00034 -5.646886315e-22 1e-05)
(-0.00033 0 1e-05)
(-0.00032 0 1e-05)
(-0.00031 0 1e-05)
(-0.0003 0 1e-05)
(-0.00029 0 1e-05)
(-0.00028 0 1e-05)
(-0.00027 0 1e-05)
(-0.00026 0 1e-05)
(-0.00025 0 1e-05)
(-0.00024 -5.646886315e-22 1e-05)
(-0.00023 0 1e-05)
(-0.00022 0 1e-05)
(-0.00021 2.823443158e-22 1e-05)
(-0.0002 -2.823443158e-22 1e-05)
(-0.00019 0 1e-05)
(-0.00018 2.823443158e-22 1e-05)
(-0.00017 5.646886315e-22 1e-05)
(-0.00016 -2.823443158e-22 1e-05)
(-0.00015 2.823443158e-22 1e-05)
(-0.00014 5.646886315e-22 1e-05)
(-0.00013 -4.235164736e-22 1e-05)
(-0.00012 -1.411721579e-22 1e-05)
(-0.00011 2.823443158e-22 1e-05)
(-0.0001 -5.646886315e-22 1e-05)
(-9e-05 -2.117582368e-22 1e-05)
(-8e-05 1.411721579e-22 1e-05)
(-7e-05 4.588095131e-22 1e-05)
(-6e-05 -3.35283875e-22 1e-05)
(-5e-05 0 1e-05)
(-0.0006 1e-05 1e-05)
(-0.00059 1e-05 1e-05)
(-0.00058 1e-05 1e-05)
(-0.00057 1e-05 1e-05)
(-0.00056 1e-05 1e-05)
(-0.00055 1e-05 1e-05)
(-0.00054 1e-05 1e-05)
(-0.00053 1e-05 1e-05)
(-0.00052 1e-05 1e-05)
(-0.00051 1e-05 1e-05)
(-0.0005 1e-05 1e-05)
(-0.00049 1e-05 1e-05)
(-0.00048 1e-05 1e-05)
(-0.00047 1e-05 1e-05)
(-0.00046 1e-05 1e-05)
(-0.00045 1e-05 1e-05)
(-0.00044 1e-05 1e-05)
(-0.00043 1e-05 1e-05)
(-0.00042 1e-05 1e-05)
(-0.00041 1e-05 1e-05)
(-0.0004 1e-05 1e-05)
(-0.00039 1e-05 1e-05)
(-0.00038 1e-05 1e-05)
(-0.00037 1e-05 1e-05)
(-0.00036 1e-05 1e-05)
(-0.00035 1e-05 1e-05)
(-0.00034 1e-05 1e-05)
(-0.00033 1e-05 1e-05)
(-0.00032 1e-05 1e-05)
(-0.00031 1e-05 1e-05)
(-0.0003 1e-05 1e-05)
(-0.00029 1e-05 1e-05)
(-0.00028 1e-05 1e-05)
(-0.00027 1e-05 1e-05)
(-0.00026 1e-05 1e-05)
(-0.00025 1e-05 1e-05)
(-0.00024 1e-05 1e-05)
(-0.00023 1e-05 1e-05)
(-0.00022 1e-05 1e-05)
(-0.00021 1e-05 1e-05)
(-0.0002 1e-05 1e-05)
(-0.00019 1e-05 1e-05)
(-0.00018 1e-05 1e-05)
(-0.00017 1e-05 1e-05)
(-0.00016 1e-05 1e-05)
(-0.00015 1e-05 1e-05)
(-0.00014 1e-05 1e-05)
(-0.00013 1e-05 1e-05)
(-0.00012 1e-05 1e-05)
(-0.00011 1e-05 1e-05)
(-0.0001 1e-05 1e-05)
(-9e-05 1e-05 1e-05)
(-8e-05 1e-05 1e-05)
(-7e-05 1e-05 1e-05)
(-6e-05 1e-05 1e-05)
(-5e-05 1e-05 1e-05)
(-0.0006 2e-05 1e-05)
(-0.00059 2e-05 1e-05)
(-0.00058 2e-05 1e-05)
(-0.00057 2e-05 1e-05)
(-0.00056 2e-05 1e-05)
(-0.00055 2e-05 1e-05)
(-0.00054 2e-05 1e-05)
(-0.00053 2e-05 1e-05)
(-0.00052 2e-05 1e-05)
(-0.00051 2e-05 1e-05)
(-0.0005 2e-05 1e-05)
(-0.00049 2e-05 1e-05)
(-0.00048 2e-05 1e-05)
(-0.00047 2e-05 1e-05)
(-0.00046 2e-05 1e-05)
(-0.00045 2e-05 1e-05)
(-0.00044 2e-05 1e-05)
(-0.00043 2e-05 1e-05)
(-0.00042 2e-05 1e-05)
(-0.00041 2e-05 1e-05)
(-0.0004 2e-05 1e-05)
(-0.00039 2e-05 1e-05)
(-0.00038 2e-05 1e-05)
(-0.00037 2e-05 1e-05)
(-0.00036 2e-05 1e-05)
(-0.00035 2e-05 1e-05)
(-0.00034 2e-05 1e-05)
(-0.00033 2e-05 1e-05)
(-0.00032 2e-05 1e-05)
(-0.00031 2e-05 1e-05)
(-0.0003 2e-05 1e-05)
(-0.00029 2e-05 1e-05)
(-0.00028 2e-05 1e-05)
(-0.00027 2e-05 1e-05)
(-0.00026 2e-05 1e-05)
(-0.00025 2e-05 1e-05)
(-0.00024 2e-05 1e-05)
(-0.00023 2e-05 1e-05)
(-0.00022 2e-05 1e-05)
(-0.00021 2e-05 1e-05)
(-0.0002 2e-05 1e-05)
(-0.00019 2e-05 1e-05)
(-0.00018 2e-05 1e-05)
(-0.00017 2e-05 1e-05)
(-0.00016 2e-05 1e-05)
(-0.00015 2e-05 1e-05)
(-0.00014 2e-05 1e-05)
(-0.00013 2e-05 1e-05)
(-0.00012 2e-05 1e-05)
(-0.00011 2e-05 1e-05)
(-0.0001 2e-05 1e-05)
(-9e-05 2e-05 1e-05)
(-8e-05 2e-05 1e-05)
(-7e-05 2e-05 1e-05)
(-6e-05 2e-05 1e-05)
(-5e-05 2e-05 1e-05)
(-0.0006 3e-05 1e-05)
(-0.00059 3e-05 1e-05)
(-0.00058 3e-05 1e-05)
(-0.00057 3e-05 1e-05)
(-0.00056 3e-05 1e-05)
(-0.00055 3e-05 1e-05)
(-0.00054 3e-05 1e-05)
(-0.00053 3e-05 1e-05)
(-0.00052 3e-05 1e-05)
(-0.00051 3e-05 1e-05)
(-0.0005 3e-05 1e-05)
(-0.00049 3e-05 1e-05)
(-0.00048 3e-05 1e-05)
(-0.00047 3e-05 1e-05)
(-0.00046 3e-05 1e-05)
(-0.00045 3e-05 1e-05)
(-0.00044 3e-05 1e-05)
(-0.00043 3e-05 1e-05)
(-0.00042 3e-05 1e-05)
(-0.00041 3e-05 1e-05)
(-0.0004 3e-05 1e-05)
(-0.00039 3e-05 1e-05)
(-0.00038 3e-05 1e-05)
(-0.00037 3e-05 1e-05)
(-0.00036 3e-05 1e-05)
(-0.00035 3e-05 1e-05)
(-0.00034 3e-05 1e-05)
(-0.00033 3e-05 1e-05)
(-0.00032 3e-05 1e-05)
(-0.00031 3e-05 1e-05)
(-0.0003 3e-05 1e-05)
(-0.00029 3e-05 1e-05)
(-0.00028 3e-05 1e-05)
(-0.00027 3e-05 1e-05)
(-0.00026 3e-05 1e-05)
(-0.00025 3e-05 1e-05)
(-0.00024 3e-05 1e-05)
(-0.00023 3e-05 1e-05)
(-0.00022 3e-05 1e-05)
(-0.00021 3e-05 1e-05)
(-0.0002 3e-05 1e-05)
(-0.00019 3e-05 1e-05)
(-0.00018 3e-05 1e-05)
(-0.00017 3e-05 1e-05)
(-0.00016 3e-05 1e-05)
(-0.00015 3e-05 1e-05)
(-0.00014 3e-05 1e-05)
(-0.00013 3e-05 1e-05)
(-0.00012 3e-05 1e-05)
(-0.00011 3e-05 1e-05)
(-0.0001 3e-05 1e-05)
(-9e-05 3e-05 1e-05)
(-8e-05 3e-05 1e-05)
(-7e-05 3e-05 1e-05)
(-6e-05 3e-05 1e-05)
(-5e-05 3e-05 1e-05)
(-0.0006 4e-05 1e-05)
(-0.00059 4e-05 1e-05)
(-0.00058 4e-05 1e-05)
(-0.00057 4e-05 1e-05)
(-0.00056 4e-05 1e-05)
(-0.00055 4e-05 1e-05)
(-0.00054 4e-05 1e-05)
(-0.00053 4e-05 1e-05)
(-0.00052 4e-05 1e-05)
(-0.00051 4e-05 1e-05)
(-0.0005 4e-05 1e-05)
(-0.00049 4e-05 1e-05)
(-0.00048 4e-05 1e-05)
(-0.00047 4e-05 1e-05)
(-0.00046 4e-05 1e-05)
(-0.00045 4e-05 1e-05)
(-0.00044 4e-05 1e-05)
(-0.00043 4e-05 1e-05)
(-0.00042 4e-05 1e-05)
(-0.00041 4e-05 1e-05)
(-0.0004 4e-05 1e-05)
(-0.00039 4e-05 1e-05)
(-0.00038 4e-05 1e-05)
(-0.00037 4e-05 1e-05)
(-0.00036 4e-05 1e-05)
(-0.00035 4e-05 1e-05)
(-0.00034 4e-05 1e-05)
(-0.00033 4e-05 1e-05)
(-0.00032 4e-05 1e-05)
(-0.00031 4e-05 1e-05)
(-0.0003 4e-05 1e-05)
(-0.00029 4e-05 1e-05)
(-0.00028 4e-05 1e-05)
(-0.00027 4e-05 1e-05)
(-0.00026 4e-05 1e-05)
(-0.00025 4e-05 1e-05)
(-0.00024 4e-05 1e-05)
(-0.00023 4e-05 1e-05)
(-0.00022 4e-05 1e-05)
(-0.00021 4e-05 1e-05)
(-0.0002 4e-05 1e-05)
(-0.00019 4e-05 1e-05)
(-0.00018 4e-05 1e-05)
(-0.00017 4e-05 1e-05)
(-0.00016 4e-05 1e-05)
(-0.00015 4e-05 1e-05)
(-0.00014 4e-05 1e-05)
(-0.00013 4e-05 1e-05)
(-0.00012 4e-05 1e-05)
(-0.00011 4e-05 1e-05)
(-0.0001 4e-05 1e-05)
(-9e-05 4e-05 1e-05)
(-8e-05 4e-05 1e-05)
(-7e-05 4e-05 1e-05)
(-6e-05 4e-05 1e-05)
(-5e-05 4e-05 1e-05)
(-0.0006 5e-05 1e-05)
(-0.00059 5e-05 1e-05)
(-0.00058 5e-05 1e-05)
(-0.00057 5e-05 1e-05)
(-0.00056 5e-05 1e-05)
(-0.00055 5e-05 1e-05)
(-0.00054 5e-05 1e-05)
(-0.00053 5e-05 1e-05)
(-0.00052 5e-05 1e-05)
(-0.00051 5e-05 1e-05)
(-0.0005 5e-05 1e-05)
(-0.00049 5e-05 1e-05)
(-0.00048 5e-05 1e-05)
(-0.00047 5e-05 1e-05)
(-0.00046 5e-05 1e-05)
(-0.00045 5e-05 1e-05)
(-0.00044 5e-05 1e-05)
(-0.00043 5e-05 1e-05)
(-0.00042 5e-05 1e-05)
(-0.00041 5e-05 1e-05)
(-0.0004 5e-05 1e-05)
(-0.00039 5e-05 1e-05)
(-0.00038 5e-05 1e-05)
(-0.00037 5e-05 1e-05)
(-0.00036 5e-05 1e-05)
(-0.00035 5e-05 1e-05)
(-0.00034 5e-05 1e-05)
(-0.00033 5e-05 1e-05)
(-0.00032 5e-05 1e-05)
(-0.00031 5e-05 1e-05)
(-0.0003 5e-05 1e-05)
(-0.00029 5e-05 1e-05)
(-0.00028 5e-05 1e-05)
(-0.00027 5e-05 1e-05)
(-0.00026 5e-05 1e-05)
(-0.00025 5e-05 1e-05)
(-0.00024 5e-05 1e-05)
(-0.00023 5e-05 1e-05)
(-0.00022 5e-05 1e-05)
(-0.00021 5e-05 1e-05)
(-0.0002 5e-05 1e-05)
(-0.00019 5e-05 1e-05)
(-0.00018 5e-05 1e-05)
(-0.00017 5e-05 1e-05)
(-0.00016 5e-05 1e-05)
(-0.00015 5e-05 1e-05)
(-0.00014 5e-05 1e-05)
(-0.00013 5e-05 1e-05)
(-0.00012 5e-05 1e-05)
(-0.00011 5e-05 1e-05)
(-0.0001 5e-05 1e-05)
(-9e-05 5e-05 1e-05)
(-8e-05 5e-05 1e-05)
(-7e-05 5e-05 1e-05)
(-6e-05 5e-05 1e-05)
(-5e-05 5e-05 1e-05)
(-0.0006 -5e-05 2e-05)
(-0.00059 -5e-05 2e-05)
(-0.00058 -5e-05 2e-05)
(-0.00057 -5e-05 2e-05)
(-0.00056 -5e-05 2e-05)
(-0.00055 -5e-05 2e-05)
(-0.00054 -5e-05 2e-05)
(-0.00053 -5e-05 2e-05)
(-0.00052 -5e-05 2e-05)
(-0.00051 -5e-05 2e-05)
(-0.0005 -5e-05 2e-05)
(-0.00049 -5e-05 2e-05)
(-0.00048 -5e-05 2e-05)
(-0.00047 -5e-05 2e-05)
(-0.00046 -5e-05 2e-05)
(-0.00045 -5e-05 2e-05)
(-0.00044 -5e-05 2e-05)
(-0.00043 -5e-05 2e-05)
(-0.00042 -5e-05 2e-05)
(-0.00041 -5e-05 2e-05)
(-0.0004 -5e-05 2e-05)
(-0.00039 -5e-05 2e-05)
(-0.00038 -5e-05 2e-05)
(-0.00037 -5e-05 2e-05)
(-0.00036 -5e-05 2e-05)
(-0.00035 -5e-05 2e-05)
(-0.00034 -5e-05 2e-05)
(-0.00033 -5e-05 2e-05)
(-0.00032 -5e-05 2e-05)
(-0.00031 -5e-05 2e-05)
(-0.0003 -5e-05 2e-05)
(-0.00029 -5e-05 2e-05)
(-0.00028 -5e-05 2e-05)
(-0.00027 -5e-05 2e-05)
(-0.00026 -5e-05 2e-05)
(-0.00025 -5e-05 2e-05)
(-0.00024 -5e-05 2e-05)
(-0.00023 -5e-05 2e-05)
(-0.00022 -5e-05 2e-05)
(-0.00021 -5e-05 2e-05)
(-0.0002 -5e-05 2e-05)
(-0.00019 -5e-05 2e-05)
(-0.00018 -5e-05 2e-05)
(-0.00017 -5e-05 2e-05)
(-0.00016 -5e-05 2e-05)
(-0.00015 -5e-05 2e-05)
(-0.00014 -5e-05 2e-05)
(-0.00013 -5e-05 2e-05)
(-0.00012 -5e-05 2e-05)
(-0.00011 -5e-05 2e-05)
(-0.0001 -5e-05 2e-05)
(-9e-05 -5e-05 2e-05)
(-8e-05 -5e-05 2e-05)
(-7e-05 -5e-05 2e-05)
(-6e-05 -5e-05 2e-05)
(-5e-05 -5e-05 2e-05)
(-0.0006 -4e-05 2e-05)
(-0.00059 -4e-05 2e-05)
(-0.00058 -4e-05 2e-05)
(-0.00057 -4e-05 2e-05)
(-0.00056 -4e-05 2e-05)
(-0.00055 -4e-05 2e-05)
(-0.00054 -4e-05 2e-05)
(-0.00053 -4e-05 2e-05)
(-0.00052 -4e-05 2e-05)
(-0.00051 -4e-05 2e-05)
(-0.0005 -4e-05 2e-05)
(-0.00049 -4e-05 2e-05)
(-0.00048 -4e-05 2e-05)
(-0.00047 -4e-05 2e-05)
(-0.00046 -4e-05 2e-05)
(-0.00045 -4e-05 2e-05)
(-0.00044 -4e-05 2e-05)
(-0.00043 -4e-05 2e-05)
(-0.00042 -4e-05 2e-05)
(-0.00041 -4e-05 2e-05)
(-0.0004 -4e-05 2e-05)
(-0.00039 -4e-05 2e-05)
(-0.00038 -4e-05 2e-05)
(-0.00037 -4e-05 2e-05)
(-0.00036 -4e-05 2e-05)
(-0.00035 -4e-05 2e-05)
(-0.00034 -4e-05 2e-05)
(-0.00033 -4e-05 2e-05)
(-0.00032 -4e-05 2e-05)
(-0.00031 -4e-05 2e-05)
(-0.0003 -4e-05 2e-05)
(-0.00029 -4e-05 2e-05)
(-0.00028 -4e-05 2e-05)
(-0.00027 -4e-05 2e-05)
(-0.00026 -4e-05 2e-05)
(-0.00025 -4e-05 2e-05)
(-0.00024 -4e-05 2e-05)
(-0.00023 -4e-05 2e-05)
(-0.00022 -4e-05 2e-05)
(-0.00021 -4e-05 2e-05)
(-0.0002 -4e-05 2e-05)
(-0.00019 -4e-05 2e-05)
(-0.00018 -4e-05 2e-05)
(-0.00017 -4e-05 2e-05)
(-0.00016 -4e-05 2e-05)
(-0.00015 -4e-05 2e-05)
(-0.00014 -4e-05 2e-05)
(-0.00013 -4e-05 2e-05)
(-0.00012 -4e-05 2e-05)
(-0.00011 -4e-05 2e-05)
(-0.0001 -4e-05 2e-05)
(-9e-05 -4e-05 2e-05)
(-8e-05 -4e-05 2e-05)
(-7e-05 -4e-05 2e-05)
(-6e-05 -4e-05 2e-05)
(-5e-05 -4e-05 2e-05)
(-0.0006 -3e-05 2e-05)
(-0.00059 -3e-05 2e-05)
(-0.00058 -3e-05 2e-05)
(-0.00057 -3e-05 2e-05)
(-0.00056 -3e-05 2e-05)
(-0.00055 -3e-05 2e-05)
(-0.00054 -3e-05 2e-05)
(-0.00053 -3e-05 2e-05)
(-0.00052 -3e-05 2e-05)
(-0.00051 -3e-05 2e-05)
(-0.0005 -3e-05 2e-05)
(-0.00049 -3e-05 2e-05)
(-0.00048 -3e-05 2e-05)
(-0.00047 -3e-05 2e-05)
(-0.00046 -3e-05 2e-05)
(-0.00045 -3e-05 2e-05)
(-0.00044 -3e-05 2e-05)
(-0.00043 -3e-05 2e-05)
(-0.00042 -3e-05 2e-05)
(-0.00041 -3e-05 2e-05)
(-0.0004 -3e-05 2e-05)
(-0.00039 -3e-05 2e-05)
(-0.00038 -3e-05 2e-05)
(-0.00037 -3e-05 2e-05)
(-0.00036 -3e-05 2e-05)
(-0.00035 -3e-05 2e-05)
(-0.00034 -3e-05 2e-05)
(-0.00033 -3e-05 2e-05)
(-0.00032 -3e-05 2e-05)
(-0.00031 -3e-05 2e-05)
(-0.0003 -3e-05 2e-05)
(-0.00029 -3e-05 2e-05)
(-0.00028 -3e-05 2e-05)
(-0.00027 -3e-05 2e-05)
(-0.00026 -3e-05 2e-05)
(-0.00025 -3e-05 2e-05)
(-0.00024 -3e-05 2e-05)
(-0.00023 -3e-05 2e-05)
(-0.00022 -3e-05 2e-05)
(-0.00021 -3e-05 2e-05)
(-0.0002 -3e-05 2e-05)
(-0.00019 -3e-05 2e-05)
(-0.00018 -3e-05 2e-05)
(-0.00017 -3e-05 2e-05)
(-0.00016 -3e-05 2e-05)
(-0.00015 -3e-05 2e-05)
(-0.00014 -3e-05 2e-05)
(-0.00013 -3e-05 2e-05)
(-0.00012 -3e-05 2e-05)
(-0.00011 -3e-05 2e-05)
(-0.0001 -3e-05 2e-05)
(-9e-05 -3e-05 2e-05)
(-8e-05 -3e-05 2e-05)
(-7e-05 -3e-05 2e-05)
(-6e-05 -3e-05 2e-05)
(-5e-05 -3e-05 2e-05)
(-0.0006 -2e-05 2e-05)
(-0.00059 -2e-05 2e-05)
(-0.00058 -2e-05 2e-05)
(-0.00057 -2e-05 2e-05)
(-0.00056 -2e-05 2e-05)
(-0.00055 -2e-05 2e-05)
(-0.00054 -2e-05 2e-05)
(-0.00053 -2e-05 2e-05)
(-0.00052 -2e-05 2e-05)
(-0.00051 -2e-05 2e-05)
(-0.0005 -2e-05 2e-05)
(-0.00049 -2e-05 2e-05)
(-0.00048 -2e-05 2e-05)
(-0.00047 -2e-05 2e-05)
(-0.00046 -2e-05 2e-05)
(-0.00045 -2e-05 2e-05)
(-0.00044 -2e-05 2e-05)
(-0.00043 -2e-05 2e-05)
(-0.00042 -2e-05 2e-05)
(-0.00041 -2e-05 2e-05)
(-0.0004 -2e-05 2e-05)
(-0.00039 -2e-05 2e-05)
(-0.00038 -2e-05 2e-05)
(-0.00037 -2e-05 2e-05)
(-0.00036 -2e-05 2e-05)
(-0.00035 -2e-05 2e-05)
(-0.00034 -2e-05 2e-05)
(-0.00033 -2e-05 2e-05)
(-0.00032 -2e-05 2e-05)
(-0.00031 -2e-05 2e-05)
(-0.0003 -2e-05 2e-05)
(-0.00029 -2e-05 2e-05)
(-0.00028 -2e-05 2e-05)
(-0.00027 -2e-05 2e-05)
(-0.00026 -2e-05 2e-05)
(-0.00025 -2e-05 2e-05)
(-0.00024 -2e-05 2e-05)
(-0.00023 -2e-05 2e-05)
(-0.00022 -2e-05 2e-05)
(-0.00021 -2e-05 2e-05)
(-0.0002 -2e-05 2e-05)
(-0.00019 -2e-05 2e-05)
(-0.00018 -2e-05 2e-05)
(-0.00017 -2e-05 2e-05)
(-0.00016 -2e-05 2e-05)
(-0.00015 -2e-05 2e-05)
(-0.00014 -2e-05 2e-05)
(-0.00013 -2e-05 2e-05)
(-0.00012 -2e-05 2e-05)
(-0.00011 -2e-05 2e-05)
(-0.0001 -2e-05 2e-05)
(-9e-05 -2e-05 2e-05)
(-8e-05 -2e-05 2e-05)
(-7e-05 -2e-05 2e-05)
(-6e-05 -2e-05 2e-05)
(-5e-05 -2e-05 2e-05)
(-0.0006 -1e-05 2e-05)
(-0.00059 -1e-05 2e-05)
(-0.00058 -1e-05 2e-05)
(-0.00057 -1e-05 2e-05)
(-0.00056 -1e-05 2e-05)
(-0.00055 -1e-05 2e-05)
(-0.00054 -1e-05 2e-05)
(-0.00053 -1e-05 2e-05)
(-0.00052 -1e-05 2e-05)
(-0.00051 -1e-05 2e-05)
(-0.0005 -1e-05 2e-05)
(-0.00049 -1e-05 2e-05)
(-0.00048 -1e-05 2e-05)
(-0.00047 -1e-05 2e-05)
(-0.00046 -1e-05 2e-05)
(-0.00045 -1e-05 2e-05)
(-0.00044 -1e-05 2e-05)
(-0.00043 -1e-05 2e-05)
(-0.00042 -1e-05 2e-05)
(-0.00041 -1e-05 2e-05)
(-0.0004 -1e-05 2e-05)
(-0.00039 -1e-05 2e-05)
(-0.00038 -1e-05 2e-05)
(-0.00037 -1e-05 2e-05)
(-0.00036 -1e-05 2e-05)
(-0.00035 -1e-05 2e-05)
(-0.00034 -1e-05 2e-05)
(-0.00033 -1e-05 2e-05)
(-0.00032 -1e-05 2e-05)
(-0.00031 -1e-05 2e-05)
(-0.0003 -1e-05 2e-05)
(-0.00029 -1e-05 2e-05)
(-0.00028 -1e-05 2e-05)
(-0.00027 -1e-05 2e-05)
(-0.00026 -1e-05 2e-05)
(-0.00025 -1e-05 2e-05)
(-0.00024 -1e-05 2e-05)
(-0.00023 -1e-05 2e-05)
(-0.00022 -1e-05 2e-05)
(-0.00021 -1e-05 2e-05)
(-0.0002 -1e-05 2e-05)
(-0.00019 -1e-05 2e-05)
(-0.00018 -1e-05 2e-05)
(-0.00017 -1e-05 2e-05)
(-0.00016 -1e-05 2e-05)
(-0.00015 -1e-05 2e-05)
(-0.00014 -1e-05 2e-05)
(-0.00013 -1e-05 2e-05)
(-0.00012 -1e-05 2e-05)
(-0.00011 -1e-05 2e-05)
(-0.0001 -1e-05 2e-05)
(-9e-05 -1e-05 2e-05)
(-8e-05 -1e-05 2e-05)
(-7e-05 -1e-05 2e-05)
(-6e-05 -1e-05 2e-05)
(-5e-05 -1e-05 2e-05)
(-0.0006 0 2e-05)
(-0.00059 0 2e-05)
(-0.00058 0 2e-05)
(-0.00057 0 2e-05)
(-0.00056 0 2e-05)
(-0.00055 0 2e-05)
(-0.00054 0 2e-05)
(-0.00053 0 2e-05)
(-0.00052 0 2e-05)
(-0.00051 0 2e-05)
(-0.0005 0 2e-05)
(-0.00049 0 2e-05)
(-0.00048 0 2e-05)
(-0.00047 0 2e-05)
(-0.00046 0 2e-05)
(-0.00045 0 2e-05)
(-0.00044 0 2e-05)
(-0.00043 0 2e-05)
(-0.00042 0 2e-05)
(-0.00041 0 2e-05)
(-0.0004 0 2e-05)
(-0.00039 0 2e-05)
(-0.00038 0 2e-05)
(-0.00037 -5.646886315e-22 2e-05)
(-0.00036 -5.646886315e-22 2e-05)
(-0.00035 0 2e-05)
(-0.00034 -5.646886315e-22 2e-05)
(-0.00033 0 2e-05)
(-0.00032 0 2e-05)
(-0.00031 0 2e-05)
(-0.0003 0 2e-05)
(-0.00029 0 2e-05)
(-0.00028 0 2e-05)
(-0.00027 0 2e-05)
(-0.00026 0 2e-05)
(-0.00025 0 2e-05)
(-0.00024 -5.646886315e-22 2e-05)
(-0.00023 0 2e-05)
(-0.00022 0 2e-05)
(-0.00021 2.823443158e-22 2e-05)
(-0.0002 -2.823443158e-22 2e-05)
(-0.00019 0 2e-05)
(-0.00018 2.823443158e-22 2e-05)
(-0.00017 5.646886315e-22 2e-05)
(-0.00016 -2.823443158e-22 2e-05)
(-0.00015 2.823443158e-22 2e-05)
(-0.00014 5.646886315e-22 2e-05)
(-0.00013 -4.235164736e-22 2e-05)
(-0.00012 -1.411721579e-22 2e-05)
(-0.00011 2.823443158e-22 2e-05)
(-0.0001 -5.646886315e-22 2e-05)
(-9e-05 -2.117582368e-22 2e-05)
(-8e-05 1.411721579e-22 2e-05)
(-7e-05 4.588095131e-22 2e-05)
(-6e-05 -3.35283875e-22 2e-05)
(-5e-05 0 2e-05)
(-0.0006 1e-05 2e-05)
(-0.00059 1e-05 2e-05)
(-0.00058 1e-05 2e-05)
(-0.00057 1e-05 2e-05)
(-0.00056 1e-05 2e-05)
(-0.00055 1e-05 2e-05)
(-0.00054 1e-05 2e-05)
(-0.00053 1e-05 2e-05)
(-0.00052 1e-05 2e-05)
(-0.00051 1e-05 2e-05)
(-0.0005 1e-05 2e-05)
(-0.00049 1e-05 2e-05)
(-0.00048 1e-05 2e-05)
(-0.00047 1e-05 2e-05)
(-0.00046 1e-05 2e-05)
(-0.00045 1e-05 2e-05)
(-0.00044 1e-05 2e-05)
(-0.00043 1e-05 2e-05)
(-0.00042 1e-05 2e-05)
(-0.00041 1e-05 2e-05)
(-0.0004 1e-05 2e-05)
(-0.00039 1e-05 2e-05)
(-0.00038 1e-05 2e-05)
(-0.00037 1e-05 2e-05)
(-0.00036 1e-05 2e-05)
(-0.00035 1e-05 2e-05)
(-0.00034 1e-05 2e-05)
(-0.00033 1e-05 2e-05)
(-0.00032 1e-05 2e-05)
(-0.00031 1e-05 2e-05)
(-0.0003 1e-05 2e-05)
(-0.00029 1e-05 2e-05)
(-0.00028 1e-05 2e-05)
(-0.00027 1e-05 2e-05)
(-0.00026 1e-05 2e-05)
(-0.00025 1e-05 2e-05)
(-0.00024 1e-05 2e-05)
(-0.00023 1e-05 2e-05)
(-0.00022 1e-05 2e-05)
(-0.00021 1e-05 2e-05)
(-0.0002 1e-05 2e-05)
(-0.00019 1e-05 2e-05)
(-0.00018 1e-05 2e-05)
(-0.00017 1e-05 2e-05)
(-0.00016 1e-05 2e-05)
(-0.00015 1e-05 2e-05)
(-0.00014 1e-05 2e-05)
(-0.00013 1e-05 2e-05)
(-0.00012 1e-05 2e-05)
(-0.00011 1e-05 2e-05)
(-0.0001 1e-05 2e-05)
(-9e-05 1e-05 2e-05)
(-8e-05 1e-05 2e-05)
(-7e-05 1e-05 2e-05)
(-6e-05 1e-05 2e-05)
(-5e-05 1e-05 2e-05)
(-0.0006 2e-05 2e-05)
(-0.00059 2e-05 2e-05)
(-0.00058 2e-05 2e-05)
(-0.00057 2e-05 2e-05)
(-0.00056 2e-05 2e-05)
(-0.00055 2e-05 2e-05)
(-0.00054 2e-05 2e-05)
(-0.00053 2e-05 2e-05)
(-0.00052 2e-05 2e-05)
(-0.00051 2e-05 2e-05)
(-0.0005 2e-05 2e-05)
(-0.00049 2e-05 2e-05)
(-0.00048 2e-05 2e-05)
(-0.00047 2e-05 2e-05)
(-0.00046 2e-05 2e-05)
(-0.00045 2e-05 2e-05)
(-0.00044 2e-05 2e-05)
(-0.00043 2e-05 2e-05)
(-0.00042 2e-05 2e-05)
(-0.00041 2e-05 2e-05)
(-0.0004 2e-05 2e-05)
(-0.00039 2e-05 2e-05)
(-0.00038 2e-05 2e-05)
(-0.00037 2e-05 2e-05)
(-0.00036 2e-05 2e-05)
(-0.00035 2e-05 2e-05)
(-0.00034 2e-05 2e-05)
(-0.00033 2e-05 2e-05)
(-0.00032 2e-05 2e-05)
(-0.00031 2e-05 2e-05)
(-0.0003 2e-05 2e-05)
(-0.00029 2e-05 2e-05)
(-0.00028 2e-05 2e-05)
(-0.00027 2e-05 2e-05)
(-0.00026 2e-05 2e-05)
(-0.00025 2e-05 2e-05)
(-0.00024 2e-05 2e-05)
(-0.00023 2e-05 2e-05)
(-0.00022 2e-05 2e-05)
(-0.00021 2e-05 2e-05)
(-0.0002 2e-05 2e-05)
(-0.00019 2e-05 2e-05)
(-0.00018 2e-05 2e-05)
(-0.00017 2e-05 2e-05)
(-0.00016 2e-05 2e-05)
(-0.00015 2e-05 2e-05)
(-0.00014 2e-05 2e-05)
(-0.00013 2e-05 2e-05)
(-0.00012 2e-05 2e-05)
(-0.00011 2e-05 2e-05)
(-0.0001 2e-05 2e-05)
(-9e-05 2e-05 2e-05)
(-8e-05 2e-05 2e-05)
(-7e-05 2e-05 2e-05)
(-6e-05 2e-05 2e-05)
(-5e-05 2e-05 2e-05)
(-0.0006 3e-05 2e-05)
(-0.00059 3e-05 2e-05)
(-0.00058 3e-05 2e-05)
(-0.00057 3e-05 2e-05)
(-0.00056 3e-05 2e-05)
(-0.00055 3e-05 2e-05)
(-0.00054 3e-05 2e-05)
(-0.00053 3e-05 2e-05)
(-0.00052 3e-05 2e-05)
(-0.00051 3e-05 2e-05)
(-0.0005 3e-05 2e-05)
(-0.00049 3e-05 2e-05)
(-0.00048 3e-05 2e-05)
(-0.00047 3e-05 2e-05)
(-0.00046 3e-05 2e-05)
(-0.00045 3e-05 2e-05)
(-0.00044 3e-05 2e-05)
(-0.00043 3e-05 2e-05)
(-0.00042 3e-05 2e-05)
(-0.00041 3e-05 2e-05)
(-0.0004 3e-05 2e-05)
(-0.00039 3e-05 2e-05)
(-0.00038 3e-05 2e-05)
(-0.00037 3e-05 2e-05)
(-0.00036 3e-05 2e-05)
(-0.00035 3e-05 2e-05)
(-0.00034 3e-05 2e-05)
(-0.00033 3e-05 2e-05)
(-0.00032 3e-05 2e-05)
(-0.00031 3e-05 2e-05)
(-0.0003 3e-05 2e-05)
(-0.00029 3e-05 2e-05)
(-0.00028 3e-05 2e-05)
(-0.00027 3e-05 2e-05)
(-0.00026 3e-05 2e-05)
(-0.00025 3e-05 2e-05)
(-0.00024 3e-05 2e-05)
(-0.00023 3e-05 2e-05)
(-0.00022 3e-05 2e-05)
(-0.00021 3e-05 2e-05)
(-0.0002 3e-05 2e-05)
(-0.00019 3e-05 2e-05)
(-0.00018 3e-05 2e-05)
(-0.00017 3e-05 2e-05)
(-0.00016 3e-05 2e-05)
(-0.00015 3e-05 2e-05)
(-0.00014 3e-05 2e-05)
(-0.00013 3e-05 2e-05)
(-0.00012 3e-05 2e-05)
(-0.00011 3e-05 2e-05)
(-0.0001 3e-05 2e-05)
(-9e-05 3e-05 2e-05)
(-8e-05 3e-05 2e-05)
(-7e-05 3e-05 2e-05)
(-6e-05 3e-05 2e-05)
(-5e-05 3e-05 2e-05)
(-0.0006 4e-05 2e-05)
(-0.00059 4e-05 2e-05)
(-0.00058 4e-05 2e-05)
(-0.00057 4e-05 2e-05)
(-0.00056 4e-05 2e-05)
(-0.00055 4e-05 2e-05)
(-0.00054 4e-05 2e-05)
(-0.00053 4e-05 2e-05)
(-0.00052 4e-05 2e-05)
(-0.00051 4e-05 2e-05)
(-0.0005 4e-05 2e-05)
(-0.00049 4e-05 2e-05)
(-0.00048 4e-05 2e-05)
(-0.00047 4e-05 2e-05)
(-0.00046 4e-05 2e-05)
(-0.00045 4e-05 2e-05)
(-0.00044 4e-05 2e-05)
(-0.00043 4e-05 2e-05)
(-0.00042 4e-05 2e-05)
(-0.00041 4e-05 2e-05)
(-0.0004 4e-05 2e-05)
(-0.00039 4e-05 2e-05)
(-0.00038 4e-05 2e-05)
(-0.00037 4e-05 2e-05)
(-0.00036 4e-05 2e-05)
(-0.00035 4e-05 2e-05)
(-0.00034 4e-05 2e-05)
(-0.00033 4e-05 2e-05)
(-0.00032 4e-05 2e-05)
(-0.00031 4e-05 2e-05)
(-0.0003 4e-05 2e-05)
(-0.00029 4e-05 2e-05)
(-0.00028 4e-05 2e-05)
(-0.00027 4e-05 2e-05)
(-0.00026 4e-05 2e-05)
(-0.00025 4e-05 2e-05)
(-0.00024 4e-05 2e-05)
(-0.00023 4e-05 2e-05)
(-0.00022 4e-05 2e-05)
(-0.00021 4e-05 2e-05)
(-0.0002 4e-05 2e-05)
(-0.00019 4e-05 2e-05)
(-0.00018 4e-05 2e-05)
(-0.00017 4e-05 2e-05)
(-0.00016 4e-05 2e-05)
(-0.00015 4e-05 2e-05)
(-0.00014 4e-05 2e-05)
(-0.00013 4e-05 2e-05)
(-0.00012 4e-05 2e-05)
(-0.00011 4e-05 2e-05)
(-0.0001 4e-05 2e-05)
(-9e-05 4e-05 2e-05)
(-8e-05 4e-05 2e-05)
(-7e-05 4e-05 2e-05)
(-6e-05 4e-05 2e-05)
(-5e-05 4e-05 2e-05)
(-0.0006 5e-05 2e-05)
(-0.00059 5e-05 2e-05)
(-0.00058 5e-05 2e-05)
(-0.00057 5e-05 2e-05)
(-0.00056 5e-05 2e-05)
(-0.00055 5e-05 2e-05)
(-0.00054 5e-05 2e-05)
(-0.00053 5e-05 2e-05)
(-0.00052 5e-05 2e-05)
(-0.00051 5e-05 2e-05)
(-0.0005 5e-05 2e-05)
(-0.00049 5e-05 2e-05)
(-0.00048 5e-05 2e-05)
(-0.00047 5e-05 2e-05)
(-0.00046 5e-05 2e-05)
(-0.00045 5e-05 2e-05)
(-0.00044 5e-05 2e-05)
(-0.00043 5e-05 2e-05)
(-0.00042 5e-05 2e-05)
(-0.00041 5e-05 2e-05)
(-0.0004 5e-05 2e-05)
(-0.00039 5e-05 2e-05)
(-0.00038 5e-05 2e-05)
(-0.00037 5e-05 2e-05)
(-0.00036 5e-05 2e-05)
(-0.00035 5e-05 2e-05)
(-0.00034 5e-05 2e-05)
(-0.00033 5e-05 2e-05)
(-0.00032 5e-05 2e-05)
(-0.00031 5e-05 2e-05)
(-0.0003 5e-05 2e-05)
(-0.00029 5e-05 2e-05)
(-0.00028 5e-05 2e-05)
(-0.00027 5e-05 2e-05)
(-0.00026 5e-05 2e-05)
(-0.00025 5e-05 2e-05)
(-0.00024 5e-05 2e-05)
(-0.00023 5e-05 2e-05)
(-0.00022 5e-05 2e-05)
(-0.00021 5e-05 2e-05)
(-0.0002 5e-05 2e-05)
(-0.00019 5e-05 2e-05)
(-0.00018 5e-05 2e-05)
(-0.00017 5e-05 2e-05)
(-0.00016 5e-05 2e-05)
(-0.00015 5e-05 2e-05)
(-0.00014 5e-05 2e-05)
(-0.00013 5e-05 2e-05)
(-0.00012 5e-05 2e-05)
(-0.00011 5e-05 2e-05)
(-0.0001 5e-05 2e-05)
(-9e-05 5e-05 2e-05)
(-8e-05 5e-05 2e-05)
(-7e-05 5e-05 2e-05)
(-6e-05 5e-05 2e-05)
(-5e-05 5e-05 2e-05)
(-0.0006 -5e-05 3e-05)
(-0.00059 -5e-05 3e-05)
(-0.00058 -5e-05 3e-05)
(-0.00057 -5e-05 3e-05)
(-0.00056 -5e-05 3e-05)
(-0.00055 -5e-05 3e-05)
(-0.00054 -5e-05 3e-05)
(-0.00053 -5e-05 3e-05)
(-0.00052 -5e-05 3e-05)
(-0.00051 -5e-05 3e-05)
(-0.0005 -5e-05 3e-05)
(-0.00049 -5e-05 3e-05)
(-0.00048 -5e-05 3e-05)
(-0.00047 -5e-05 3e-05)
(-0.00046 -5e-05 3e-05)
(-0.00045 -5e-05 3e-05)
(-0.00044 -5e-05 3e-05)
(-0.00043 -5e-05 3e-05)
(-0.00042 -5e-05 3e-05)
(-0.00041 -5e-05 3e-05)
(-0.0004 -5e-05 3e-05)
(-0.00039 -5e-05 3e-05)
(-0.00038 -5e-05 3e-05)
(-0.00037 -5e-05 3e-05)
(-0.00036 -5e-05 3e-05)
(-0.00035 -5e-05 3e-05)
(-0.00034 -5e-05 3e-05)
(-0.00033 -5e-05 3e-05)
(-0.00032 -5e-05 3e-05)
(-0.00031 -5e-05 3e-05)
(-0.0003 -5e-05 3e-05)
(-0.00029 -5e-05 3e-05)
(-0.00028 -5e-05 3e-05)
(-0.00027 -5e-05 3e-05)
(-0.00026 -5e-05 3e-05)
(-0.00025 -5e-05 3e-05)
(-0.00024 -5e-05 3e-05)
(-0.00023 -5e-05 3e-05)
(-0.00022 -5e-05 3e-05)
(-0.00021 -5e-05 3e-05)
(-0.0002 -5e-05 3e-05)
(-0.00019 -5e-05 3e-05)
(-0.00018 -5e-05 3e-05)
(-0.00017 -5e-05 3e-05)
(-0.00016 -5e-05 3e-05)
(-0.00015 -5e-05 3e-05)
(-0.00014 -5e-05 3e-05)
(-0.00013 -5e-05 3e-05)
(-0.00012 -5e-05 3e-05)
(-0.00011 -5e-05 3e-05)
(-0.0001 -5e-05 3e-05)
(-9e-05 -5e-05 3e-05)
(-8e-05 -5e-05 3e-05)
(-7e-05 -5e-05 3e-05)
(-6e-05 -5e-05 3e-05)
(-5e-05 -5e-05 3e-05)
(-0.0006 -4e-05 3e-05)
(-0.00059 -4e-05 3e-05)
(-0.00058 -4e-05 3e-05)
(-0.00057 -4e-05 3e-05)
(-0.00056 -4e-05 3e-05)
(-0.00055 -4e-05 3e-05)
(-0.00054 -4e-05 3e-05)
(-0.00053 -4e-05 3e-05)
(-0.00052 -4e-05 3e-05)
(-0.00051 -4e-05 3e-05)
(-0.0005 -4e-05 3e-05)
(-0.00049 -4e-05 3e-05)
(-0.00048 -4e-05 3e-05)
(-0.00047 -4e-05 3e-05)
(-0.00046 -4e-05 3e-05)
(-0.00045 -4e-05 3e-05)
(-0.00044 -4e-05 3e-05)
(-0.00043 -4e-05 3e-05)
(-0.00042 -4e-05 3e-05)
(-0.00041 -4e-05 3e-05)
(-0.0004 -4e-05 3e-05)
(-0.00039 -4e-05 3e-05)
(-0.00038 -4e-05 3e-05)
(-0.00037 -4e-05 3e-05)
(-0.00036 -4e-05 3e-05)
(-0.00035 -4e-05 3e-05)
(-0.00034 -4e-05 3e-05)
(-0.00033 -4e-05 3e-05)
(-0.00032 -4e-05 3e-05)
(-0.00031 -4e-05 3e-05)
(-0.0003 -4e-05 3e-05)
(-0.00029 -4e-05 3e-05)
(-0.00028 -4e-05 3e-05)
(-0.00027 -4e-05 3e-05)
(-0.00026 -4e-05 3e-05)
(-0.00025 -4e-05 3e-05)
(-0.00024 -4e-05 3e-05)
(-0.00023 -4e-05 3e-05)
(-0.00022 -4e-05 3e-05)
(-0.00021 -4e-05 3e-05)
(-0.0002 -4e-05 3e-05)
(-0.00019 -4e-05 3e-05)
(-0.00018 -4e-05 3e-05)
(-0.00017 -4e-05 3e-05)
(-0.00016 -4e-05 3e-05)
(-0.00015 -4e-05 3e-05)
(-0.00014 -4e-05 3e-05)
(-0.00013 -4e-05 3e-05)
(-0.00012 -4e-05 3e-05)
(-0.00011 -4e-05 3e-05)
(-0.0001 -4e-05 3e-05)
(-9e-05 -4e-05 3e-05)
(-8e-05 -4e-05 3e-05)
(-7e-05 -4e-05 3e-05)
(-6e-05 -4e-05 3e-05)
(-5e-05 -4e-05 3e-05)
(-0.0006 -3e-05 3e-05)
(-0.00059 -3e-05 3e-05)
(-0.00058 -3e-05 3e-05)
(-0.00057 -3e-05 3e-05)
(-0.00056 -3e-05 3e-05)
(-0.00055 -3e-05 3e-05)
(-0.00054 -3e-05 3e-05)
(-0.00053 -3e-05 3e-05)
(-0.00052 -3e-05 3e-05)
(-0.00051 -3e-05 3e-05)
(-0.0005 -3e-05 3e-05)
(-0.00049 -3e-05 3e-05)
(-0.00048 -3e-05 3e-05)
(-0.00047 -3e-05 3e-05)
(-0.00046 -3e-05 3e-05)
(-0.00045 -3e-05 3e-05)
(-0.00044 -3e-05 3e-05)
(-0.00043 -3e-05 3e-05)
(-0.00042 -3e-05 3e-05)
(-0.00041 -3e-05 3e-05)
(-0.0004 -3e-05 3e-05)
(-0.00039 -3e-05 3e-05)
(-0.00038 -3e-05 3e-05)
(-0.00037 -3e-05 3e-05)
(-0.00036 -3e-05 3e-05)
(-0.00035 -3e-05 3e-05)
(-0.00034 -3e-05 3e-05)
(-0.00033 -3e-05 3e-05)
(-0.00032 -3e-05 3e-05)
(-0.00031 -3e-05 3e-05)
(-0.0003 -3e-05 3e-05)
(-0.00029 -3e-05 3e-05)
(-0.00028 -3e-05 3e-05)
(-0.00027 -3e-05 3e-05)
(-0.00026 -3e-05 3e-05)
(-0.00025 -3e-05 3e-05)
(-0.00024 -3e-05 3e-05)
(-0.00023 -3e-05 3e-05)
(-0.00022 -3e-05 3e-05)
(-0.00021 -3e-05 3e-05)
(-0.0002 -3e-05 3e-05)
(-0.00019 -3e-05 3e-05)
(-0.00018 -3e-05 3e-05)
(-0.00017 -3e-05 3e-05)
(-0.00016 -3e-05 3e-05)
(-0.00015 -3e-05 3e-05)
(-0.00014 -3e-05 3e-05)
(-0.00013 -3e-05 3e-05)
(-0.00012 -3e-05 3e-05)
(-0.00011 -3e-05 3e-05)
(-0.0001 -3e-05 3e-05)
(-9e-05 -3e-05 3e-05)
(-8e-05 -3e-05 3e-05)
(-7e-05 -3e-05 3e-05)
(-6e-05 -3e-05 3e-05)
(-5e-05 -3e-05 3e-05)
(-0.0006 -2e-05 3e-05)
(-0.00059 -2e-05 3e-05)
(-0.00058 -2e-05 3e-05)
(-0.00057 -2e-05 3e-05)
(-0.00056 -2e-05 3e-05)
(-0.00055 -2e-05 3e-05)
(-0.00054 -2e-05 3e-05)
(-0.00053 -2e-05 3e-05)
(-0.00052 -2e-05 3e-05)
(-0.00051 -2e-05 3e-05)
(-0.0005 -2e-05 3e-05)
(-0.00049 -2e-05 3e-05)
(-0.00048 -2e-05 3e-05)
(-0.00047 -2e-05 3e-05)
(-0.00046 -2e-05 3e-05)
(-0.00045 -2e-05 3e-05)
(-0.00044 -2e-05 3e-05)
(-0.00043 -2e-05 3e-05)
(-0.00042 -2e-05 3e-05)
(-0.00041 -2e-05 3e-05)
(-0.0004 -2e-05 3e-05)
(-0.00039 -2e-05 3e-05)
(-0.00038 -2e-05 3e-05)
(-0.00037 -2e-05 3e-05)
(-0.00036 -2e-05 3e-05)
(-0.00035 -2e-05 3e-05)
(-0.00034 -2e-05 3e-05)
(-0.00033 -2e-05 3e-05)
(-0.00032 -2e-05 3e-05)
(-0.00031 -2e-05 3e-05)
(-0.0003 -2e-05 3e-05)
(-0.00029 -2e-05 3e-05)
(-0.00028 -2e-05 3e-05)
(-0.00027 -2e-05 3e-05)
(-0.00026 -2e-05 3e-05)
(-0.00025 -2e-05 3e-05)
(-0.00024 -2e-05 3e-05)
(-0.00023 -2e-05 3e-05)
(-0.00022 -2e-05 3e-05)
(-0.00021 -2e-05 3e-05)
(-0.0002 -2e-05 3e-05)
(-0.00019 -2e-05 3e-05)
(-0.00018 -2e-05 3e-05)
(-0.00017 -2e-05 3e-05)
(-0.00016 -2e-05 3e-05)
(-0.00015 -2e-05 3e-05)
(-0.00014 -2e-05 3e-05)
(-0.00013 -2e-05 3e-05)
(-0.00012 -2e-05 3e-05)
(-0.00011 -2e-05 3e-05)
(-0.0001 -2e-05 3e-05)
(-9e-05 -2e-05 3e-05)
(-8e-05 -2e-05 3e-05)
(-7e-05 -2e-05 3e-05)
(-6e-05 -2e-05 3e-05)
(-5e-05 -2e-05 3e-05)
(-0.0006 -1e-05 3e-05)
(-0.00059 -1e-05 3e-05)
(-0.00058 -1e-05 3e-05)
(-0.00057 -1e-05 3e-05)
(-0.00056 -1e-05 3e-05)
(-0.00055 -1e-05 3e-05)
(-0.00054 -1e-05 3e-05)
(-0.00053 -1e-05 3e-05)
(-0.00052 -1e-05 3e-05)
(-0.00051 -1e-05 3e-05)
(-0.0005 -1e-05 3e-05)
(-0.00049 -1e-05 3e-05)
(-0.00048 -1e-05 3e-05)
(-0.00047 -1e-05 3e-05)
(-0.00046 -1e-05 3e-05)
(-0.00045 -1e-05 3e-05)
(-0.00044 -1e-05 3e-05)
(-0.00043 -1e-05 3e-05)
(-0.00042 -1e-05 3e-05)
(-0.00041 -1e-05 3e-05)
(-0.0004 -1e-05 3e-05)
(-0.00039 -1e-05 3e-05)
(-0.00038 -1e-05 3e-05)
(-0.00037 -1e-05 3e-05)
(-0.00036 -1e-05 3e-05)
(-0.00035 -1e-05 3e-05)
(-0.00034 -1e-05 3e-05)
(-0.00033 -1e-05 3e-05)
(-0.00032 -1e-05 3e-05)
(-0.00031 -1e-05 3e-05)
(-0.0003 -1e-05 3e-05)
(-0.00029 -1e-05 3e-05)
(-0.00028 -1e-05 3e-05)
(-0.00027 -1e-05 3e-05)
(-0.00026 -1e-05 3e-05)
(-0.00025 -1e-05 3e-05)
(-0.00024 -1e-05 3e-05)
(-0.00023 -1e-05 3e-05)
(-0.00022 -1e-05 3e-05)
(-0.00021 -1e-05 3e-05)
(-0.0002 -1e-05 3e-05)
(-0.00019 -1e-05 3e-05)
(-0.00018 -1e-05 3e-05)
(-0.00017 -1e-05 3e-05)
(-0.00016 -1e-05 3e-05)
(-0.00015 -1e-05 3e-05)
(-0.00014 -1e-05 3e-05)
(-0.00013 -1e-05 3e-05)
(-0.00012 -1e-05 3e-05)
(-0.00011 -1e-05 3e-05)
(-0.0001 -1e-05 3e-05)
(-9e-05 -1e-05 3e-05)
(-8e-05 -1e-05 3e-05)
(-7e-05 -1e-05 3e-05)
(-6e-05 -1e-05 3e-05)
(-5e-05 -1e-05 3e-05)
(-0.0006 0 3e-05)
(-0.00059 0 3e-05)
(-0.00058 0 3e-05)
(-0.00057 0 3e-05)
(-0.00056 0 3e-05)
(-0.00055 0 3e-05)
(-0.00054 0 3e-05)
(-0.00053 0 3e-05)
(-0.00052 0 3e-05)
(-0.00051 0 3e-05)
(-0.0005 0 3e-05)
(-0.00049 0 3e-05)
(-0.00048 0 3e-05)
(-0.00047 0 3e-05)
(-0.00046 0 3e-05)
(-0.00045 0 3e-05)
(-0.00044 0 3e-05)
(-0.00043 0 3e-05)
(-0.00042 0 3e-05)
(-0.00041 0 3e-05)
(-0.0004 0 3e-05)
(-0.00039 0 3e-05)
(-0.00038 0 3e-05)
(-0.00037 5.646886315e-22 3e-05)
(-0.00036 0 3e-05)
(-0.00035 0 3e-05)
(-0.00034 0 3e-05)
(-0.00033 5.646886315e-22 3e-05)
(-0.00032 0 3e-05)
(-0.00031 0 3e-05)
(-0.0003 0 3e-05)
(-0.00029 0 3e-05)
(-0.00028 0 3e-05)
(-0.00027 0 3e-05)
(-0.00026 0 3e-05)
(-0.00025 0 3e-05)
(-0.00024 -5.646886315e-22 3e-05)
(-0.00023 0 3e-05)
(-0.00022 0 3e-05)
(-0.00021 2.823443158e-22 3e-05)
(-0.0002 -2.823443158e-22 3e-05)
(-0.00019 0 3e-05)
(-0.00018 2.823443158e-22 3e-05)
(-0.00017 5.646886315e-22 3e-05)
(-0.00016 -2.823443158e-22 3e-05)
(-0.00015 2.823443158e-22 3e-05)
(-0.00014 2.823443158e-22 3e-05)
(-0.00013 -4.235164736e-22 3e-05)
(-0.00012 -1.411721579e-22 3e-05)
(-0.00011 2.823443158e-22 3e-05)
(-0.0001 -5.646886315e-22 3e-05)
(-9e-05 -2.117582368e-22 3e-05)
(-8e-05 1.411721579e-22 3e-05)
(-7e-05 4.588095131e-22 3e-05)
(-6e-05 -3.35283875e-22 3e-05)
(-5e-05 0 3e-05)
(-0.0006 1e-05 3e-05)
(-0.00059 1e-05 3e-05)
(-0.00058 1e-05 3e-05)
(-0.00057 1e-05 3e-05)
(-0.00056 1e-05 3e-05)
(-0.00055 1e-05 3e-05)
(-0.00054 1e-05 3e-05)
(-0.00053 1e-05 3e-05)
(-0.00052 1e-05 3e-05)
(-0.00051 1e-05 3e-05)
(-0.0005 1e-05 3e-05)
(-0.00049 1e-05 3e-05)
(-0.00048 1e-05 3e-05)
(-0.00047 1e-05 3e-05)
(-0.00046 1e-05 3e-05)
(-0.00045 1e-05 3e-05)
(-0.00044 1e-05 3e-05)
(-0.00043 1e-05 3e-05)
(-0.00042 1e-05 3e-05)
(-0.00041 1e-05 3e-05)
(-0.0004 1e-05 3e-05)
(-0.00039 1e-05 3e-05)
(-0.00038 1e-05 3e-05)
(-0.00037 1e-05 3e-05)
(-0.00036 1e-05 3e-05)
(-0.00035 1e-05 3e-05)
(-0.00034 1e-05 3e-05)
(-0.00033 1e-05 3e-05)
(-0.00032 1e-05 3e-05)
(-0.00031 1e-05 3e-05)
(-0.0003 1e-05 3e-05)
(-0.00029 1e-05 3e-05)
(-0.00028 1e-05 3e-05)
(-0.00027 1e-05 3e-05)
(-0.00026 1e-05 3e-05)
(-0.00025 1e-05 3e-05)
(-0.00024 1e-05 3e-05)
(-0.00023 1e-05 3e-05)
(-0.00022 1e-05 3e-05)
(-0.00021 1e-05 3e-05)
(-0.0002 1e-05 3e-05)
(-0.00019 1e-05 3e-05)
(-0.00018 1e-05 3e-05)
(-0.00017 1e-05 3e-05)
(-0.00016 1e-05 3e-05)
(-0.00015 1e-05 3e-05)
(-0.00014 1e-05 3e-05)
(-0.00013 1e-05 3e-05)
(-0.00012 1e-05 3e-05)
(-0.00011 1e-05 3e-05)
(-0.0001 1e-05 3e-05)
(-9e-05 1e-05 3e-05)
(-8e-05 1e-05 3e-05)
(-7e-05 1e-05 3e-05)
(-6e-05 1e-05 3e-05)
(-5e-05 1e-05 3e-05)
(-0.0006 2e-05 3e-05)
(-0.00059 2e-05 3e-05)
(-0.00058 2e-05 3e-05)
(-0.00057 2e-05 3e-05)
(-0.00056 2e-05 3e-05)
(-0.00055 2e-05 3e-05)
(-0.00054 2e-05 3e-05)
(-0.00053 2e-05 3e-05)
(-0.00052 2e-05 3e-05)
(-0.00051 2e-05 3e-05)
(-0.0005 2e-05 3e-05)
(-0.00049 2e-05 3e-05)
(-0.00048 2e-05 3e-05)
(-0.00047 2e-05 3e-05)
(-0.00046 2e-05 3e-05)
(-0.00045 2e-05 3e-05)
(-0.00044 2e-05 3e-05)
(-0.00043 2e-05 3e-05)
(-0.00042 2e-05 3e-05)
(-0.00041 2e-05 3e-05)
(-0.0004 2e-05 3e-05)
(-0.00039 2e-05 3e-05)
(-0.00038 2e-05 3e-05)
(-0.00037 2e-05 3e-05)
(-0.00036 2e-05 3e-05)
(-0.00035 2e-05 3e-05)
(-0.00034 2e-05 3e-05)
(-0.00033 2e-05 3e-05)
(-0.00032 2e-05 3e-05)
(-0.00031 2e-05 3e-05)
(-0.0003 2e-05 3e-05)
(-0.00029 2e-05 3e-05)
(-0.00028 2e-05 3e-05)
(-0.00027 2e-05 3e-05)
(-0.00026 2e-05 3e-05)
(-0.00025 2e-05 3e-05)
(-0.00024 2e-05 3e-05)
(-0.00023 2e-05 3e-05)
(-0.00022 2e-05 3e-05)
(-0.00021 2e-05 3e-05)
(-0.0002 2e-05 3e-05)
(-0.00019 2e-05 3e-05)
(-0.00018 2e-05 3e-05)
(-0.00017 2e-05 3e-05)
(-0.00016 2e-05 3e-05)
(-0.00015 2e-05 3e-05)
(-0.00014 2e-05 3e-05)
(-0.00013 2e-05 3e-05)
(-0.00012 2e-05 3e-05)
(-0.00011 2e-05 3e-05)
(-0.0001 2e-05 3e-05)
(-9e-05 2e-05 3e-05)
(-8e-05 2e-05 3e-05)
(-7e-05 2e-05 3e-05)
(-6e-05 2e-05 3e-05)
(-5e-05 2e-05 3e-05)
(-0.0006 3e-05 3e-05)
(-0.00059 3e-05 3e-05)
(-0.00058 3e-05 3e-05)
(-0.00057 3e-05 3e-05)
(-0.00056 3e-05 3e-05)
(-0.00055 3e-05 3e-05)
(-0.00054 3e-05 3e-05)
(-0.00053 3e-05 3e-05)
(-0.00052 3e-05 3e-05)
(-0.00051 3e-05 3e-05)
(-0.0005 3e-05 3e-05)
(-0.00049 3e-05 3e-05)
(-0.00048 3e-05 3e-05)
(-0.00047 3e-05 3e-05)
(-0.00046 3e-05 3e-05)
(-0.00045 3e-05 3e-05)
(-0.00044 3e-05 3e-05)
(-0.00043 3e-05 3e-05)
(-0.00042 3e-05 3e-05)
(-0.00041 3e-05 3e-05)
(-0.0004 3e-05 3e-05)
(-0.00039 3e-05 3e-05)
(-0.00038 3e-05 3e-05)
(-0.00037 3e-05 3e-05)
(-0.00036 3e-05 3e-05)
(-0.00035 3e-05 3e-05)
(-0.00034 3e-05 3e-05)
(-0.00033 3e-05 3e-05)
(-0.00032 3e-05 3e-05)
(-0.00031 3e-05 3e-05)
(-0.0003 3e-05 3e-05)
(-0.00029 3e-05 3e-05)
(-0.00028 3e-05 3e-05)
(-0.00027 3e-05 3e-05)
(-0.00026 3e-05 3e-05)
(-0.00025 3e-05 3e-05)
(-0.00024 3e-05 3e-05)
(-0.00023 3e-05 3e-05)
(-0.00022 3e-05 3e-05)
(-0.00021 3e-05 3e-05)
(-0.0002 3e-05 3e-05)
(-0.00019 3e-05 3e-05)
(-0.00018 3e-05 3e-05)
(-0.00017 3e-05 3e-05)
(-0.00016 3e-05 3e-05)
(-0.00015 3e-05 3e-05)
(-0.00014 3e-05 3e-05)
(-0.00013 3e-05 3e-05)
(-0.00012 3e-05 3e-05)
(-0.00011 3e-05 3e-05)
(-0.0001 3e-05 3e-05)
(-9e-05 3e-05 3e-05)
(-8e-05 3e-05 3e-05)
(-7e-05 3e-05 3e-05)
(-6e-05 3e-05 3e-05)
(-5e-05 3e-05 3e-05)
(-0.0006 4e-05 3e-05)
(-0.00059 4e-05 3e-05)
(-0.00058 4e-05 3e-05)
(-0.00057 4e-05 3e-05)
(-0.00056 4e-05 3e-05)
(-0.00055 4e-05 3e-05)
(-0.00054 4e-05 3e-05)
(-0.00053 4e-05 3e-05)
(-0.00052 4e-05 3e-05)
(-0.00051 4e-05 3e-05)
(-0.0005 4e-05 3e-05)
(-0.00049 4e-05 3e-05)
(-0.00048 4e-05 3e-05)
(-0.00047 4e-05 3e-05)
(-0.00046 4e-05 3e-05)
(-0.00045 4e-05 3e-05)
(-0.00044 4e-05 3e-05)
(-0.00043 4e-05 3e-05)
(-0.00042 4e-05 3e-05)
(-0.00041 4e-05 3e-05)
(-0.0004 4e-05 3e-05)
(-0.00039 4e-05 3e-05)
(-0.00038 4e-05 3e-05)
(-0.00037 4e-05 3e-05)
(-0.00036 4e-05 3e-05)
(-0.00035 4e-05 3e-05)
(-0.00034 4e-05 3e-05)
(-0.00033 4e-05 3e-05)
(-0.00032 4e-05 3e-05)
(-0.00031 4e-05 3e-05)
(-0.0003 4e-05 3e-05)
(-0.00029 4e-05 3e-05)
(-0.00028 4e-05 3e-05)
(-0.00027 4e-05 3e-05)
(-0.00026 4e-05 3e-05)
(-0.00025 4e-05 3e-05)
(-0.00024 4e-05 3e-05)
(-0.00023 4e-05 3e-05)
(-0.00022 4e-05 3e-05)
(-0.00021 4e-05 3e-05)
(-0.0002 4e-05 3e-05)
(-0.00019 4e-05 3e-05)
(-0.00018 4e-05 3e-05)
(-0.00017 4e-05 3e-05)
(-0.00016 4e-05 3e-05)
(-0.00015 4e-05 3e-05)
(-0.00014 4e-05 3e-05)
(-0.00013 4e-05 3e-05)
(-0.00012 4e-05 3e-05)
(-0.00011 4e-05 3e-05)
(-0.0001 4e-05 3e-05)
(-9e-05 4e-05 3e-05)
(-8e-05 4e-05 3e-05)
(-7e-05 4e-05 3e-05)
(-6e-05 4e-05 3e-05)
(-5e-05 4e-05 3e-05)
(-0.0006 5e-05 3e-05)
(-0.00059 5e-05 3e-05)
(-0.00058 5e-05 3e-05)
(-0.00057 5e-05 3e-05)
(-0.00056 5e-05 3e-05)
(-0.00055 5e-05 3e-05)
(-0.00054 5e-05 3e-05)
(-0.00053 5e-05 3e-05)
(-0.00052 5e-05 3e-05)
(-0.00051 5e-05 3e-05)
(-0.0005 5e-05 3e-05)
(-0.00049 5e-05 3e-05)
(-0.00048 5e-05 3e-05)
(-0.00047 5e-05 3e-05)
(-0.00046 5e-05 3e-05)
(-0.00045 5e-05 3e-05)
(-0.00044 5e-05 3e-05)
(-0.00043 5e-05 3e-05)
(-0.00042 5e-05 3e-05)
(-0.00041 5e-05 3e-05)
(-0.0004 5e-05 3e-05)
(-0.00039 5e-05 3e-05)
(-0.00038 5e-05 3e-05)
(-0.00037 5e-05 3e-05)
(-0.00036 5e-05 3e-05)
(-0.00035 5e-05 3e-05)
(-0.00034 5e-05 3e-05)
(-0.00033 5e-05 3e-05)
(-0.00032 5e-05 3e-05)
(-0.00031 5e-05 3e-05)
(-0.0003 5e-05 3e-05)
(-0.00029 5e-05 3e-05)
(-0.00028 5e-05 3e-05)
(-0.00027 5e-05 3e-05)
(-0.00026 5e-05 3e-05)
(-0.00025 5e-05 3e-05)
(-0.00024 5e-05 3e-05)
(-0.00023 5e-05 3e-05)
(-0.00022 5e-05 3e-05)
(-0.00021 5e-05 3e-05)
(-0.0002 5e-05 3e-05)
(-0.00019 5e-05 3e-05)
(-0.00018 5e-05 3e-05)
(-0.00017 5e-05 3e-05)
(-0.00016 5e-05 3e-05)
(-0.00015 5e-05 3e-05)
(-0.00014 5e-05 3e-05)
(-0.00013 5e-05 3e-05)
(-0.00012 5e-05 3e-05)
(-0.00011 5e-05 3e-05)
(-0.0001 5e-05 3e-05)
(-9e-05 5e-05 3e-05)
(-8e-05 5e-05 3e-05)
(-7e-05 5e-05 3e-05)
(-6e-05 5e-05 3e-05)
(-5e-05 5e-05 3e-05)
(-0.0006 -5e-05 4e-05)
(-0.00059 -5e-05 4e-05)
(-0.00058 -5e-05 4e-05)
(-0.00057 -5e-05 4e-05)
(-0.00056 -5e-05 4e-05)
(-0.00055 -5e-05 4e-05)
(-0.00054 -5e-05 4e-05)
(-0.00053 -5e-05 4e-05)
(-0.00052 -5e-05 4e-05)
(-0.00051 -5e-05 4e-05)
(-0.0005 -5e-05 4e-05)
(-0.00049 -5e-05 4e-05)
(-0.00048 -5e-05 4e-05)
(-0.00047 -5e-05 4e-05)
(-0.00046 -5e-05 4e-05)
(-0.00045 -5e-05 4e-05)
(-0.00044 -5e-05 4e-05)
(-0.00043 -5e-05 4e-05)
(-0.00042 -5e-05 4e-05)
(-0.00041 -5e-05 4e-05)
(-0.0004 -5e-05 4e-05)
(-0.00039 -5e-05 4e-05)
(-0.00038 -5e-05 4e-05)
(-0.00037 -5e-05 4e-05)
(-0.00036 -5e-05 4e-05)
(-0.00035 -5e-05 4e-05)
(-0.00034 -5e-05 4e-05)
(-0.00033 -5e-05 4e-05)
(-0.00032 -5e-05 4e-05)
(-0.00031 -5e-05 4e-05)
(-0.0003 -5e-05 4e-05)
(-0.00029 -5e-05 4e-05)
(-0.00028 -5e-05 4e-05)
(-0.00027 -5e-05 4e-05)
(-0.00026 -5e-05 4e-05)
(-0.00025 -5e-05 4e-05)
(-0.00024 -5e-05 4e-05)
(-0.00023 -5e-05 4e-05)
(-0.00022 -5e-05 4e-05)
(-0.00021 -5e-05 4e-05)
(-0.0002 -5e-05 4e-05)
(-0.00019 -5e-05 4e-05)
(-0.00018 -5e-05 4e-05)
(-0.00017 -5e-05 4e-05)
(-0.00016 -5e-05 4e-05)
(-0.00015 -5e-05 4e-05)
(-0.00014 -5e-05 4e-05)
(-0.00013 -5e-05 4e-05)
(-0.00012 -5e-05 4e-05)
(-0.00011 -5e-05 4e-05)
(-0.0001 -5e-05 4e-05)
(-9e-05 -5e-05 4e-05)
(-8e-05 -5e-05 4e-05)
(-7e-05 -5e-05 4e-05)
(-6e-05 -5e-05 4e-05)
(-5e-05 -5e-05 4e-05)
(-0.0006 -4e-05 4e-05)
(-0.00059 -4e-05 4e-05)
(-0.00058 -4e-05 4e-05)
(-0.00057 -4e-05 4e-05)
(-0.00056 -4e-05 4e-05)
(-0.00055 -4e-05 4e-05)
(-0.00054 -4e-05 4e-05)
(-0.00053 -4e-05 4e-05)
(-0.00052 -4e-05 4e-05)
(-0.00051 -4e-05 4e-05)
(-0.0005 -4e-05 4e-05)
(-0.00049 -4e-05 4e-05)
(-0.00048 -4e-05 4e-05)
(-0.00047 -4e-05 4e-05)
(-0.00046 -4e-05 4e-05)
(-0.00045 -4e-05 4e-05)
(-0.00044 -4e-05 4e-05)
(-0.00043 -4e-05 4e-05)
(-0.00042 -4e-05 4e-05)
(-0.00041 -4e-05 4e-05)
(-0.0004 -4e-05 4e-05)
(-0.00039 -4e-05 4e-05)
(-0.00038 -4e-05 4e-05)
(-0.00037 -4e-05 4e-05)
(-0.00036 -4e-05 4e-05)
(-0.00035 -4e-05 4e-05)
(-0.00034 -4e-05 4e-05)
(-0.00033 -4e-05 4e-05)
(-0.00032 -4e-05 4e-05)
(-0.00031 -4e-05 4e-05)
(-0.0003 -4e-05 4e-05)
(-0.00029 -4e-05 4e-05)
(-0.00028 -4e-05 4e-05)
(-0.00027 -4e-05 4e-05)
(-0.00026 -4e-05 4e-05)
(-0.00025 -4e-05 4e-05)
(-0.00024 -4e-05 4e-05)
(-0.00023 -4e-05 4e-05)
(-0.00022 -4e-05 4e-05)
(-0.00021 -4e-05 4e-05)
(-0.0002 -4e-05 4e-05)
(-0.00019 -4e-05 4e-05)
(-0.00018 -4e-05 4e-05)
(-0.00017 -4e-05 4e-05)
(-0.00016 -4e-05 4e-05)
(-0.00015 -4e-05 4e-05)
(-0.00014 -4e-05 4e-05)
(-0.00013 -4e-05 4e-05)
(-0.00012 -4e-05 4e-05)
(-0.00011 -4e-05 4e-05)
(-0.0001 -4e-05 4e-05)
(-9e-05 -4e-05 4e-05)
(-8e-05 -4e-05 4e-05)
(-7e-05 -4e-05 4e-05)
(-6e-05 -4e-05 4e-05)
(-5e-05 -4e-05 4e-05)
(-0.0006 -3e-05 4e-05)
(-0.00059 -3e-05 4e-05)
(-0.00058 -3e-05 4e-05)
(-0.00057 -3e-05 4e-05)
(-0.00056 -3e-05 4e-05)
(-0.00055 -3e-05 4e-05)
(-0.00054 -3e-05 4e-05)
(-0.00053 -3e-05 4e-05)
(-0.00052 -3e-05 4e-05)
(-0.00051 -3e-05 4e-05)
(-0.0005 -3e-05 4e-05)
(-0.00049 -3e-05 4e-05)
(-0.00048 -3e-05 4e-05)
(-0.00047 -3e-05 4e-05)
(-0.00046 -3e-05 4e-05)
(-0.00045 -3e-05 4e-05)
(-0.00044 -3e-05 4e-05)
(-0.00043 -3e-05 4e-05)
(-0.00042 -3e-05 4e-05)
(-0.00041 -3e-05 4e-05)
(-0.0004 -3e-05 4e-05)
(-0.00039 -3e-05 4e-05)
(-0.00038 -3e-05 4e-05)
(-0.00037 -3e-05 4e-05)
(-0.00036 -3e-05 4e-05)
(-0.00035 -3e-05 4e-05)
(-0.00034 -3e-05 4e-05)
(-0.00033 -3e-05 4e-05)
(-0.00032 -3e-05 4e-05)
(-0.00031 -3e-05 4e-05)
(-0.0003 -3e-05 4e-05)
(-0.00029 -3e-05 4e-05)
(-0.00028 -3e-05 4e-05)
(-0.00027 -3e-05 4e-05)
(-0.00026 -3e-05 4e-05)
(-0.00025 -3e-05 4e-05)
(-0.00024 -3e-05 4e-05)
(-0.00023 -3e-05 4e-05)
(-0.00022 -3e-05 4e-05)
(-0.00021 -3e-05 4e-05)
(-0.0002 -3e-05 4e-05)
(-0.00019 -3e-05 4e-05)
(-0.00018 -3e-05 4e-05)
(-0.00017 -3e-05 4e-05)
(-0.00016 -3e-05 4e-05)
(-0.00015 -3e-05 4e-05)
(-0.00014 -3e-05 4e-05)
(-0.00013 -3e-05 4e-05)
(-0.00012 -3e-05 4e-05)
(-0.00011 -3e-05 4e-05)
(-0.0001 -3e-05 4e-05)
(-9e-05 -3e-05 4e-05)
(-8e-05 -3e-05 4e-05)
(-7e-05 -3e-05 4e-05)
(-6e-05 -3e-05 4e-05)
(-5e-05 -3e-05 4e-05)
(-0.0006 -2e-05 4e-05)
(-0.00059 -2e-05 4e-05)
(-0.00058 -2e-05 4e-05)
(-0.00057 -2e-05 4e-05)
(-0.00056 -2e-05 4e-05)
(-0.00055 -2e-05 4e-05)
(-0.00054 -2e-05 4e-05)
(-0.00053 -2e-05 4e-05)
(-0.00052 -2e-05 4e-05)
(-0.00051 -2e-05 4e-05)
(-0.0005 -2e-05 4e-05)
(-0.00049 -2e-05 4e-05)
(-0.00048 -2e-05 4e-05)
(-0.00047 -2e-05 4e-05)
(-0.00046 -2e-05 4e-05)
(-0.00045 -2e-05 4e-05)
(-0.00044 -2e-05 4e-05)
(-0.00043 -2e-05 4e-05)
(-0.00042 -2e-05 4e-05)
(-0.00041 -2e-05 4e-05)
(-0.0004 -2e-05 4e-05)
(-0.00039 -2e-05 4e-05)
(-0.00038 -2e-05 4e-05)
(-0.00037 -2e-05 4e-05)
(-0.00036 -2e-05 4e-05)
(-0.00035 -2e-05 4e-05)
(-0.00034 -2e-05 4e-05)
(-0.00033 -2e-05 4e-05)
(-0.00032 -2e-05 4e-05)
(-0.00031 -2e-05 4e-05)
(-0.0003 -2e-05 4e-05)
(-0.00029 -2e-05 4e-05)
(-0.00028 -2e-05 4e-05)
(-0.00027 -2e-05 4e-05)
(-0.00026 -2e-05 4e-05)
(-0.00025 -2e-05 4e-05)
(-0.00024 -2e-05 4e-05)
(-0.00023 -2e-05 4e-05)
(-0.00022 -2e-05 4e-05)
(-0.00021 -2e-05 4e-05)
(-0.0002 -2e-05 4e-05)
(-0.00019 -2e-05 4e-05)
(-0.00018 -2e-05 4e-05)
(-0.00017 -2e-05 4e-05)
(-0.00016 -2e-05 4e-05)
(-0.00015 -2e-05 4e-05)
(-0.00014 -2e-05 4e-05)
(-0.00013 -2e-05 4e-05)
(-0.00012 -2e-05 4e-05)
(-0.00011 -2e-05 4e-05)
(-0.0001 -2e-05 4e-05)
(-9e-05 -2e-05 4e-05)
(-8e-05 -2e-05 4e-05)
(-7e-05 -2e-05 4e-05)
(-6e-05 -2e-05 4e-05)
(-5e-05 -2e-05 4e-05)
(-0.0006 -1e-05 4e-05)
(-0.00059 -1e-05 4e-05)
(-0.00058 -1e-05 4e-05)
(-0.00057 -1e-05 4e-05)
(-0.00056 -1e-05 4e-05)
(-0.00055 -1e-05 4e-05)
(-0.00054 -1e-05 4e-05)
(-0.00053 -1e-05 4e-05)
(-0.00052 -1e-05 4e-05)
(-0.00051 -1e-05 4e-05)
(-0.0005 -1e-05 4e-05)
(-0.00049 -1e-05 4e-05)
(-0.00048 -1e-05 4e-05)
(-0.00047 -1e-05 4e-05)
(-0.00046 -1e-05 4e-05)
(-0.00045 -1e-05 4e-05)
(-0.00044 -1e-05 4e-05)
(-0.00043 -1e-05 4e-05)
(-0.00042 -1e-05 4e-05)
(-0.00041 -1e-05 4e-05)
(-0.0004 -1e-05 4e-05)
(-0.00039 -1e-05 4e-05)
(-0.00038 -1e-05 4e-05)
(-0.00037 -1e-05 4e-05)
(-0.00036 -1e-05 4e-05)
(-0.00035 -1e-05 4e-05)
(-0.00034 -1e-05 4e-05)
(-0.00033 -1e-05 4e-05)
(-0.00032 -1e-05 4e-05)
(-0.00031 -1e-05 4e-05)
(-0.0003 -1e-05 4e-05)
(-0.00029 -1e-05 4e-05)
(-0.00028 -1e-05 4e-05)
(-0.00027 -1e-05 4e-05)
(-0.00026 -1e-05 4e-05)
(-0.00025 -1e-05 4e-05)
(-0.00024 -1e-05 4e-05)
(-0.00023 -1e-05 4e-05)
(-0.00022 -1e-05 4e-05)
(-0.00021 -1e-05 4e-05)
(-0.0002 -1e-05 4e-05)
(-0.00019 -1e-05 4e-05)
(-0.00018 -1e-05 4e-05)
(-0.00017 -1e-05 4e-05)
(-0.00016 -1e-05 4e-05)
(-0.00015 -1e-05 4e-05)
(-0.00014 -1e-05 4e-05)
(-0.00013 -1e-05 4e-05)
(-0.00012 -1e-05 4e-05)
(-0.00011 -1e-05 4e-05)
(-0.0001 -1e-05 4e-05)
(-9e-05 -1e-05 4e-05)
(-8e-05 -1e-05 4e-05)
(-7e-05 -1e-05 4e-05)
(-6e-05 -1e-05 4e-05)
(-5e-05 -1e-05 4e-05)
(-0.0006 0 4e-05)
(-0.00059 0 4e-05)
(-0.00058 0 4e-05)
(-0.00057 0 4e-05)
(-0.00056 0 4e-05)
(-0.00055 0 4e-05)
(-0.00054 0 4e-05)
(-0.00053 0 4e-05)
(-0.00052 0 4e-05)
(-0.00051 0 4e-05)
(-0.0005 0 4e-05)
(-0.00049 0 4e-05)
(-0.00048 0 4e-05)
(-0.00047 0 4e-05)
(-0.00046 0 4e-05)
(-0.00045 0 4e-05)
(-0.00044 0 4e-05)
(-0.00043 0 4e-05)
(-0.00042 0 4e-05)
(-0.00041 0 4e-05)
(-0.0004 0 4e-05)
(-0.00039 0 4e-05)
(-0.00038 0 4e-05)
(-0.00037 5.646886315e-22 4e-05)
(-0.00036 -5.646886315e-22 4e-05)
(-0.00035 -5.646886315e-22 4e-05)
(-0.00034 -5.646886315e-22 4e-05)
(-0.00033 5.646886315e-22 4e-05)
(-0.00032 0 4e-05)
(-0.00031 0 4e-05)
(-0.0003 0 4e-05)
(-0.00029 0 4e-05)
(-0.00028 0 4e-05)
(-0.00027 0 4e-05)
(-0.00026 0 4e-05)
(-0.00025 0 4e-05)
(-0.00024 -5.646886315e-22 4e-05)
(-0.00023 0 4e-05)
(-0.00022 0 4e-05)
(-0.00021 2.823443158e-22 4e-05)
(-0.0002 -2.823443158e-22 4e-05)
(-0.00019 -5.646886315e-22 4e-05)
(-0.00018 2.823443158e-22 4e-05)
(-0.00017 5.646886315e-22 4e-05)
(-0.00016 -2.823443158e-22 4e-05)
(-0.00015 2.823443158e-22 4e-05)
(-0.00014 2.823443158e-22 4e-05)
(-0.00013 -4.235164736e-22 4e-05)
(-0.00012 -1.411721579e-22 4e-05)
(-0.00011 2.823443158e-22 4e-05)
(-0.0001 -4.235164736e-22 4e-05)
(-9e-05 -2.117582368e-22 4e-05)
(-8e-05 1.411721579e-22 4e-05)
(-7e-05 4.588095131e-22 4e-05)
(-6e-05 -3.35283875e-22 4e-05)
(-5e-05 0 4e-05)
(-0.0006 1e-05 4e-05)
(-0.00059 1e-05 4e-05)
(-0.00058 1e-05 4e-05)
(-0.00057 1e-05 4e-05)
(-0.00056 1e-05 4e-05)
(-0.00055 1e-05 4e-05)
(-0.00054 1e-05 4e-05)
(-0.00053 1e-05 4e-05)
(-0.00052 1e-05 4e-05)
(-0.00051 1e-05 4e-05)
(-0.0005 1e-05 4e-05)
(-0.00049 1e-05 4e-05)
(-0.00048 1e-05 4e-05)
(-0.00047 1e-05 4e-05)
(-0.00046 1e-05 4e-05)
(-0.00045 1e-05 4e-05)
(-0.00044 1e-05 4e-05)
(-0.00043 1e-05 4e-05)
(-0.00042 1e-05 4e-05)
(-0.00041 1e-05 4e-05)
(-0.0004 1e-05 4e-05)
(-0.00039 1e-05 4e-05)
(-0.00038 1e-05 4e-05)
(-0.00037 1e-05 4e-05)
(-0.00036 1e-05 4e-05)
(-0.00035 1e-05 4e-05)
(-0.00034 1e-05 4e-05)
(-0.00033 1e-05 4e-05)
(-0.00032 1e-05 4e-05)
(-0.00031 1e-05 4e-05)
(-0.0003 1e-05 4e-05)
(-0.00029 1e-05 4e-05)
(-0.00028 1e-05 4e-05)
(-0.00027 1e-05 4e-05)
(-0.00026 1e-05 4e-05)
(-0.00025 1e-05 4e-05)
(-0.00024 1e-05 4e-05)
(-0.00023 1e-05 4e-05)
(-0.00022 1e-05 4e-05)
(-0.00021 1e-05 4e-05)
(-0.0002 1e-05 4e-05)
(-0.00019 1e-05 4e-05)
(-0.00018 1e-05 4e-05)
(-0.00017 1e-05 4e-05)
(-0.00016 1e-05 4e-05)
(-0.00015 1e-05 4e-05)
(-0.00014 1e-05 4e-05)
(-0.00013 1e-05 4e-05)
(-0.00012 1e-05 4e-05)
(-0.00011 1e-05 4e-05)
(-0.0001 1e-05 4e-05)
(-9e-05 1e-05 4e-05)
(-8e-05 1e-05 4e-05)
(-7e-05 1e-05 4e-05)
(-6e-05 1e-05 4e-05)
(-5e-05 1e-05 4e-05)
(-0.0006 2e-05 4e-05)
(-0.00059 2e-05 4e-05)
(-0.00058 2e-05 4e-05)
(-0.00057 2e-05 4e-05)
(-0.00056 2e-05 4e-05)
(-0.00055 2e-05 4e-05)
(-0.00054 2e-05 4e-05)
(-0.00053 2e-05 4e-05)
(-0.00052 2e-05 4e-05)
(-0.00051 2e-05 4e-05)
(-0.0005 2e-05 4e-05)
(-0.00049 2e-05 4e-05)
(-0.00048 2e-05 4e-05)
(-0.00047 2e-05 4e-05)
(-0.00046 2e-05 4e-05)
(-0.00045 2e-05 4e-05)
(-0.00044 2e-05 4e-05)
(-0.00043 2e-05 4e-05)
(-0.00042 2e-05 4e-05)
(-0.00041 2e-05 4e-05)
(-0.0004 2e-05 4e-05)
(-0.00039 2e-05 4e-05)
(-0.00038 2e-05 4e-05)
(-0.00037 2e-05 4e-05)
(-0.00036 2e-05 4e-05)
(-0.00035 2e-05 4e-05)
(-0.00034 2e-05 4e-05)
(-0.00033 2e-05 4e-05)
(-0.00032 2e-05 4e-05)
(-0.00031 2e-05 4e-05)
(-0.0003 2e-05 4e-05)
(-0.00029 2e-05 4e-05)
(-0.00028 2e-05 4e-05)
(-0.00027 2e-05 4e-05)
(-0.00026 2e-05 4e-05)
(-0.00025 2e-05 4e-05)
(-0.00024 2e-05 4e-05)
(-0.00023 2e-05 4e-05)
(-0.00022 2e-05 4e-05)
(-0.00021 2e-05 4e-05)
(-0.0002 2e-05 4e-05)
(-0.00019 2e-05 4e-05)
(-0.00018 2e-05 4e-05)
(-0.00017 2e-05 4e-05)
(-0.00016 2e-05 4e-05)
(-0.00015 2e-05 4e-05)
(-0.00014 2e-05 4e-05)
(-0.00013 2e-05 4e-05)
(-0.00012 2e-05 4e-05)
(-0.00011 2e-05 4e-05)
(-0.0001 2e-05 4e-05)
(-9e-05 2e-05 4e-05)
(-8e-05 2e-05 4e-05)
(-7e-05 2e-05 4e-05)
(-6e-05 2e-05 4e-05)
(-5e-05 2e-05 4e-05)
(-0.0006 3e-05 4e-05)
(-0.00059 3e-05 4e-05)
(-0.00058 3e-05 4e-05)
(-0.00057 3e-05 4e-05)
(-0.00056 3e-05 4e-05)
(-0.00055 3e-05 4e-05)
(-0.00054 3e-05 4e-05)
(-0.00053 3e-05 4e-05)
(-0.00052 3e-05 4e-05)
(-0.00051 3e-05 4e-05)
(-0.0005 3e-05 4e-05)
(-0.00049 3e-05 4e-05)
(-0.00048 3e-05 4e-05)
(-0.00047 3e-05 4e-05)
(-0.00046 3e-05 4e-05)
(-0.00045 3e-05 4e-05)
(-0.00044 3e-05 4e-05)
(-0.00043 3e-05 4e-05)
(-0.00042 3e-05 4e-05)
(-0.00041 3e-05 4e-05)
(-0.0004 3e-05 4e-05)
(-0.00039 3e-05 4e-05)
(-0.00038 3e-05 4e-05)
(-0.00037 3e-05 4e-05)
(-0.00036 3e-05 4e-05)
(-0.00035 3e-05 4e-05)
(-0.00034 3e-05 4e-05)
(-0.00033 3e-05 4e-05)
(-0.00032 3e-05 4e-05)
(-0.00031 3e-05 4e-05)
(-0.0003 3e-05 4e-05)
(-0.00029 3e-05 4e-05)
(-0.00028 3e-05 4e-05)
(-0.00027 3e-05 4e-05)
(-0.00026 3e-05 4e-05)
(-0.00025 3e-05 4e-05)
(-0.00024 3e-05 4e-05)
(-0.00023 3e-05 4e-05)
(-0.00022 3e-05 4e-05)
(-0.00021 3e-05 4e-05)
(-0.0002 3e-05 4e-05)
(-0.00019 3e-05 4e-05)
(-0.00018 3e-05 4e-05)
(-0.00017 3e-05 4e-05)
(-0.00016 3e-05 4e-05)
(-0.00015 3e-05 4e-05)
(-0.00014 3e-05 4e-05)
(-0.00013 3e-05 4e-05)
(-0.00012 3e-05 4e-05)
(-0.00011 3e-05 4e-05)
(-0.0001 3e-05 4e-05)
(-9e-05 3e-05 4e-05)
(-8e-05 3e-05 4e-05)
(-7e-05 3e-05 4e-05)
(-6e-05 3e-05 4e-05)
(-5e-05 3e-05 4e-05)
(-0.0006 4e-05 4e-05)
(-0.00059 4e-05 4e-05)
(-0.00058 4e-05 4e-05)
(-0.00057 4e-05 4e-05)
(-0.00056 4e-05 4e-05)
(-0.00055 4e-05 4e-05)
(-0.00054 4e-05 4e-05)
(-0.00053 4e-05 4e-05)
(-0.00052 4e-05 4e-05)
(-0.00051 4e-05 4e-05)
(-0.0005 4e-05 4e-05)
(-0.00049 4e-05 4e-05)
(-0.00048 4e-05 4e-05)
(-0.00047 4e-05 4e-05)
(-0.00046 4e-05 4e-05)
(-0.00045 4e-05 4e-05)
(-0.00044 4e-05 4e-05)
(-0.00043 4e-05 4e-05)
(-0.00042 4e-05 4e-05)
(-0.00041 4e-05 4e-05)
(-0.0004 4e-05 4e-05)
(-0.00039 4e-05 4e-05)
(-0.00038 4e-05 4e-05)
(-0.00037 4e-05 4e-05)
(-0.00036 4e-05 4e-05)
(-0.00035 4e-05 4e-05)
(-0.00034 4e-05 4e-05)
(-0.00033 4e-05 4e-05)
(-0.00032 4e-05 4e-05)
(-0.00031 4e-05 4e-05)
(-0.0003 4e-05 4e-05)
(-0.00029 4e-05 4e-05)
(-0.00028 4e-05 4e-05)
(-0.00027 4e-05 4e-05)
(-0.00026 4e-05 4e-05)
(-0.00025 4e-05 4e-05)
(-0.00024 4e-05 4e-05)
(-0.00023 4e-05 4e-05)
(-0.00022 4e-05 4e-05)
(-0.00021 4e-05 4e-05)
(-0.0002 4e-05 4e-05)
(-0.00019 4e-05 4e-05)
(-0.00018 4e-05 4e-05)
(-0.00017 4e-05 4e-05)
(-0.00016 4e-05 4e-05)
(-0.00015 4e-05 4e-05)
(-0.00014 4e-05 4e-05)
(-0.00013 4e-05 4e-05)
(-0.00012 4e-05 4e-05)
(-0.00011 4e-05 4e-05)
(-0.0001 4e-05 4e-05)
(-9e-05 4e-05 4e-05)
(-8e-05 4e-05 4e-05)
(-7e-05 4e-05 4e-05)
(-6e-05 4e-05 4e-05)
(-5e-05 4e-05 4e-05)
(-0.0006 5e-05 4e-05)
(-0.00059 5e-05 4e-05)
(-0.00058 5e-05 4e-05)
(-0.00057 5e-05 4e-05)
(-0.00056 5e-05 4e-05)
(-0.00055 5e-05 4e-05)
(-0.00054 5e-05 4e-05)
(-0.00053 5e-05 4e-05)
(-0.00052 5e-05 4e-05)
(-0.00051 5e-05 4e-05)
(-0.0005 5e-05 4e-05)
(-0.00049 5e-05 4e-05)
(-0.00048 5e-05 4e-05)
(-0.00047 5e-05 4e-05)
(-0.00046 5e-05 4e-05)
(-0.00045 5e-05 4e-05)
(-0.00044 5e-05 4e-05)
(-0.00043 5e-05 4e-05)
(-0.00042 5e-05 4e-05)
(-0.00041 5e-05 4e-05)
(-0.0004 5e-05 4e-05)
(-0.00039 5e-05 4e-05)
(-0.00038 5e-05 4e-05)
(-0.00037 5e-05 4e-05)
(-0.00036 5e-05 4e-05)
(-0.00035 5e-05 4e-05)
(-0.00034 5e-05 4e-05)
(-0.00033 5e-05 4e-05)
(-0.00032 5e-05 4e-05)
(-0.00031 5e-05 4e-05)
(-0.0003 5e-05 4e-05)
(-0.00029 5e-05 4e-05)
(-0.00028 5e-05 4e-05)
(-0.00027 5e-05 4e-05)
(-0.00026 5e-05 4e-05)
(-0.00025 5e-05 4e-05)
(-0.00024 5e-05 4e-05)
(-0.00023 5e-05 4e-05)
(-0.00022 5e-05 4e-05)
(-0.00021 5e-05 4e-05)
(-0.0002 5e-05 4e-05)
(-0.00019 5e-05 4e-05)
(-0.00018 5e-05 4e-05)
(-0.00017 5e-05 4e-05)
(-0.00016 5e-05 4e-05)
(-0.00015 5e-05 4e-05)
(-0.00014 5e-05 4e-05)
(-0.00013 5e-05 4e-05)
(-0.00012 5e-05 4e-05)
(-0.00011 5e-05 4e-05)
(-0.0001 5e-05 4e-05)
(-9e-05 5e-05 4e-05)
(-8e-05 5e-05 4e-05)
(-7e-05 5e-05 4e-05)
(-6e-05 5e-05 4e-05)
(-5e-05 5e-05 4e-05)
(-0.0006 -5e-05 5e-05)
(-0.00059 -5e-05 5e-05)
(-0.00058 -5e-05 5e-05)
(-0.00057 -5e-05 5e-05)
(-0.00056 -5e-05 5e-05)
(-0.00055 -5e-05 5e-05)
(-0.00054 -5e-05 5e-05)
(-0.00053 -5e-05 5e-05)
(-0.00052 -5e-05 5e-05)
(-0.00051 -5e-05 5e-05)
(-0.0005 -5e-05 5e-05)
(-0.00049 -5e-05 5e-05)
(-0.00048 -5e-05 5e-05)
(-0.00047 -5e-05 5e-05)
(-0.00046 -5e-05 5e-05)
(-0.00045 -5e-05 5e-05)
(-0.00044 -5e-05 5e-05)
(-0.00043 -5e-05 5e-05)
(-0.00042 -5e-05 5e-05)
(-0.00041 -5e-05 5e-05)
(-0.0004 -5e-05 5e-05)
(-0.00039 -5e-05 5e-05)
(-0.00038 -5e-05 5e-05)
(-0.00037 -5e-05 5e-05)
(-0.00036 -5e-05 5e-05)
(-0.00035 -5e-05 5e-05)
(-0.00034 -5e-05 5e-05)
(-0.00033 -5e-05 5e-05)
(-0.00032 -5e-05 5e-05)
(-0.00031 -5e-05 5e-05)
(-0.0003 -5e-05 5e-05)
(-0.00029 -5e-05 5e-05)
(-0.00028 -5e-05 5e-05)
(-0.00027 -5e-05 5e-05)
(-0.00026 -5e-05 5e-05)
(-0.00025 -5e-05 5e-05)
(-0.00024 -5e-05 5e-05)
(-0.00023 -5e-05 5e-05)
(-0.00022 -5e-05 5e-05)
(-0.00021 -5e-05 5e-05)
(-0.0002 -5e-05 5e-05)
(-0.00019 -5e-05 5e-05)
(-0.00018 -5e-05 5e-05)
(-0.00017 -5e-05 5e-05)
(-0.00016 -5e-05 5e-05)
(-0.00015 -5e-05 5e-05)
(-0.00014 -5e-05 5e-05)
(-0.00013 -5e-05 5e-05)
(-0.00012 -5e-05 5e-05)
(-0.00011 -5e-05 5e-05)
(-0.0001 -5e-05 5e-05)
(-9e-05 -5e-05 5e-05)
(-8e-05 -5e-05 5e-05)
(-7e-05 -5e-05 5e-05)
(-6e-05 -5e-05 5e-05)
(-5e-05 -5e-05 5e-05)
(-0.0006 -4e-05 5e-05)
(-0.00059 -4e-05 5e-05)
(-0.00058 -4e-05 5e-05)
(-0.00057 -4e-05 5e-05)
(-0.00056 -4e-05 5e-05)
(-0.00055 -4e-05 5e-05)
(-0.00054 -4e-05 5e-05)
(-0.00053 -4e-05 5e-05)
(-0.00052 -4e-05 5e-05)
(-0.00051 -4e-05 5e-05)
(-0.0005 -4e-05 5e-05)
(-0.00049 -4e-05 5e-05)
(-0.00048 -4e-05 5e-05)
(-0.00047 -4e-05 5e-05)
(-0.00046 -4e-05 5e-05)
(-0.00045 -4e-05 5e-05)
(-0.00044 -4e-05 5e-05)
(-0.00043 -4e-05 5e-05)
(-0.00042 -4e-05 5e-05)
(-0.00041 -4e-05 5e-05)
(-0.0004 -4e-05 5e-05)
(-0.00039 -4e-05 5e-05)
(-0.00038 -4e-05 5e-05)
(-0.00037 -4e-05 5e-05)
(-0.00036 -4e-05 5e-05)
(-0.00035 -4e-05 5e-05)
(-0.00034 -4e-05 5e-05)
(-0.00033 -4e-05 5e-05)
(-0.00032 -4e-05 5e-05)
(-0.00031 -4e-05 5e-05)
(-0.0003 -4e-05 5e-05)
(-0.00029 -4e-05 5e-05)
(-0.00028 -4e-05 5e-05)
(-0.00027 -4e-05 5e-05)
(-0.00026 -4e-05 5e-05)
(-0.00025 -4e-05 5e-05)
(-0.00024 -4e-05 5e-05)
(-0.00023 -4e-05 5e-05)
(-0.00022 -4e-05 5e-05)
(-0.00021 -4e-05 5e-05)
(-0.0002 -4e-05 5e-05)
(-0.00019 -4e-05 5e-05)
(-0.00018 -4e-05 5e-05)
(-0.00017 -4e-05 5e-05)
(-0.00016 -4e-05 5e-05)
(-0.00015 -4e-05 5e-05)
(-0.00014 -4e-05 5e-05)
(-0.00013 -4e-05 5e-05)
(-0.00012 -4e-05 5e-05)
(-0.00011 -4e-05 5e-05)
(-0.0001 -4e-05 5e-05)
(-9e-05 -4e-05 5e-05)
(-8e-05 -4e-05 5e-05)
(-7e-05 -4e-05 5e-05)
(-6e-05 -4e-05 5e-05)
(-5e-05 -4e-05 5e-05)
(-0.0006 -3e-05 5e-05)
(-0.00059 -3e-05 5e-05)
(-0.00058 -3e-05 5e-05)
(-0.00057 -3e-05 5e-05)
(-0.00056 -3e-05 5e-05)
(-0.00055 -3e-05 5e-05)
(-0.00054 -3e-05 5e-05)
(-0.00053 -3e-05 5e-05)
(-0.00052 -3e-05 5e-05)
(-0.00051 -3e-05 5e-05)
(-0.0005 -3e-05 5e-05)
(-0.00049 -3e-05 5e-05)
(-0.00048 -3e-05 5e-05)
(-0.00047 -3e-05 5e-05)
(-0.00046 -3e-05 5e-05)
(-0.00045 -3e-05 5e-05)
(-0.00044 -3e-05 5e-05)
(-0.00043 -3e-05 5e-05)
(-0.00042 -3e-05 5e-05)
(-0.00041 -3e-05 5e-05)
(-0.0004 -3e-05 5e-05)
(-0.00039 -3e-05 5e-05)
(-0.00038 -3e-05 5e-05)
(-0.00037 -3e-05 5e-05)
(-0.00036 -3e-05 5e-05)
(-0.00035 -3e-05 5e-05)
(-0.00034 -3e-05 5e-05)
(-0.00033 -3e-05 5e-05)
(-0.00032 -3e-05 5e-05)
(-0.00031 -3e-05 5e-05)
(-0.0003 -3e-05 5e-05)
(-0.00029 -3e-05 5e-05)
(-0.00028 -3e-05 5e-05)
(-0.00027 -3e-05 5e-05)
(-0.00026 -3e-05 5e-05)
(-0.00025 -3e-05 5e-05)
(-0.00024 -3e-05 5e-05)
(-0.00023 -3e-05 5e-05)
(-0.00022 -3e-05 5e-05)
(-0.00021 -3e-05 5e-05)
(-0.0002 -3e-05 5e-05)
(-0.00019 -3e-05 5e-05)
(-0.00018 -3e-05 5e-05)
(-0.00017 -3e-05 5e-05)
(-0.00016 -3e-05 5e-05)
(-0.00015 -3e-05 5e-05)
(-0.00014 -3e-05 5e-05)
(-0.00013 -3e-05 5e-05)
(-0.00012 -3e-05 5e-05)
(-0.00011 -3e-05 5e-05)
(-0.0001 -3e-05 5e-05)
(-9e-05 -3e-05 5e-05)
(-8e-05 -3e-05 5e-05)
(-7e-05 -3e-05 5e-05)
(-6e-05 -3e-05 5e-05)
(-5e-05 -3e-05 5e-05)
(-0.0006 -2e-05 5e-05)
(-0.00059 -2e-05 5e-05)
(-0.00058 -2e-05 5e-05)
(-0.00057 -2e-05 5e-05)
(-0.00056 -2e-05 5e-05)
(-0.00055 -2e-05 5e-05)
(-0.00054 -2e-05 5e-05)
(-0.00053 -2e-05 5e-05)
(-0.00052 -2e-05 5e-05)
(-0.00051 -2e-05 5e-05)
(-0.0005 -2e-05 5e-05)
(-0.00049 -2e-05 5e-05)
(-0.00048 -2e-05 5e-05)
(-0.00047 -2e-05 5e-05)
(-0.00046 -2e-05 5e-05)
(-0.00045 -2e-05 5e-05)
(-0.00044 -2e-05 5e-05)
(-0.00043 -2e-05 5e-05)
(-0.00042 -2e-05 5e-05)
(-0.00041 -2e-05 5e-05)
(-0.0004 -2e-05 5e-05)
(-0.00039 -2e-05 5e-05)
(-0.00038 -2e-05 5e-05)
(-0.00037 -2e-05 5e-05)
(-0.00036 -2e-05 5e-05)
(-0.00035 -2e-05 5e-05)
(-0.00034 -2e-05 5e-05)
(-0.00033 -2e-05 5e-05)
(-0.00032 -2e-05 5e-05)
(-0.00031 -2e-05 5e-05)
(-0.0003 -2e-05 5e-05)
(-0.00029 -2e-05 5e-05)
(-0.00028 -2e-05 5e-05)
(-0.00027 -2e-05 5e-05)
(-0.00026 -2e-05 5e-05)
(-0.00025 -2e-05 5e-05)
(-0.00024 -2e-05 5e-05)
(-0.00023 -2e-05 5e-05)
(-0.00022 -2e-05 5e-05)
(-0.00021 -2e-05 5e-05)
(-0.0002 -2e-05 5e-05)
(-0.00019 -2e-05 5e-05)
(-0.00018 -2e-05 5e-05)
(-0.00017 -2e-05 5e-05)
(-0.00016 -2e-05 5e-05)
(-0.00015 -2e-05 5e-05)
(-0.00014 -2e-05 5e-05)
(-0.00013 -2e-05 5e-05)
(-0.00012 -2e-05 5e-05)
(-0.00011 -2e-05 5e-05)
(-0.0001 -2e-05 5e-05)
(-9e-05 -2e-05 5e-05)
(-8e-05 -2e-05 5e-05)
(-7e-05 -2e-05 5e-05)
(-6e-05 -2e-05 5e-05)
(-5e-05 -2e-05 5e-05)
(-0.0006 -1e-05 5e-05)
(-0.00059 -1e-05 5e-05)
(-0.00058 -1e-05 5e-05)
(-0.00057 -1e-05 5e-05)
(-0.00056 -1e-05 5e-05)
(-0.00055 -1e-05 5e-05)
(-0.00054 -1e-05 5e-05)
(-0.00053 -1e-05 5e-05)
(-0.00052 -1e-05 5e-05)
(-0.00051 -1e-05 5e-05)
(-0.0005 -1e-05 5e-05)
(-0.00049 -1e-05 5e-05)
(-0.00048 -1e-05 5e-05)
(-0.00047 -1e-05 5e-05)
(-0.00046 -1e-05 5e-05)
(-0.00045 -1e-05 5e-05)
(-0.00044 -1e-05 5e-05)
(-0.00043 -1e-05 5e-05)
(-0.00042 -1e-05 5e-05)
(-0.00041 -1e-05 5e-05)
(-0.0004 -1e-05 5e-05)
(-0.00039 -1e-05 5e-05)
(-0.00038 -1e-05 5e-05)
(-0.00037 -1e-05 5e-05)
(-0.00036 -1e-05 5e-05)
(-0.00035 -1e-05 5e-05)
(-0.00034 -1e-05 5e-05)
(-0.00033 -1e-05 5e-05)
(-0.00032 -1e-05 5e-05)
(-0.00031 -1e-05 5e-05)
(-0.0003 -1e-05 5e-05)
(-0.00029 -1e-05 5e-05)
(-0.00028 -1e-05 5e-05)
(-0.00027 -1e-05 5e-05)
(-0.00026 -1e-05 5e-05)
(-0.00025 -1e-05 5e-05)
(-0.00024 -1e-05 5e-05)
(-0.00023 -1e-05 5e-05)
(-0.00022 -1e-05 5e-05)
(-0.00021 -1e-05 5e-05)
(-0.0002 -1e-05 5e-05)
(-0.00019 -1e-05 5e-05)
(-0.00018 -1e-05 5e-05)
(-0.00017 -1e-05 5e-05)
(-0.00016 -1e-05 5e-05)
(-0.00015 -1e-05 5e-05)
(-0.00014 -1e-05 5e-05)
(-0.00013 -1e-05 5e-05)
(-0.00012 -1e-05 5e-05)
(-0.00011 -1e-05 5e-05)
(-0.0001 -1e-05 5e-05)
(-9e-05 -1e-05 5e-05)
(-8e-05 -1e-05 5e-05)
(-7e-05 -1e-05 5e-05)
(-6e-05 -1e-05 5e-05)
(-5e-05 -1e-05 5e-05)
(-0.0006 0 5e-05)
(-0.00059 0 5e-05)
(-0.00058 0 5e-05)
(-0.00057 0 5e-05)
(-0.00056 0 5e-05)
(-0.00055 0 5e-05)
(-0.00054 0 5e-05)
(-0.00053 0 5e-05)
(-0.00052 0 5e-05)
(-0.00051 0 5e-05)
(-0.0005 0 5e-05)
(-0.00049 0 5e-05)
(-0.00048 0 5e-05)
(-0.00047 0 5e-05)
(-0.00046 0 5e-05)
(-0.00045 0 5e-05)
(-0.00044 0 5e-05)
(-0.00043 0 5e-05)
(-0.00042 0 5e-05)
(-0.00041 0 5e-05)
(-0.0004 0 5e-05)
(-0.00039 0 5e-05)
(-0.00038 0 5e-05)
(-0.00037 5.646886315e-22 5e-05)
(-0.00036 -5.646886315e-22 5e-05)
(-0.00035 0 5e-05)
(-0.00034 -5.646886315e-22 5e-05)
(-0.00033 5.646886315e-22 5e-05)
(-0.00032 0 5e-05)
(-0.00031 0 5e-05)
(-0.0003 0 5e-05)
(-0.00029 0 5e-05)
(-0.00028 0 5e-05)
(-0.00027 0 5e-05)
(-0.00026 0 5e-05)
(-0.00025 0 5e-05)
(-0.00024 -5.646886315e-22 5e-05)
(-0.00023 0 5e-05)
(-0.00022 0 5e-05)
(-0.00021 2.823443158e-22 5e-05)
(-0.0002 -2.823443158e-22 5e-05)
(-0.00019 0 5e-05)
(-0.00018 2.823443158e-22 5e-05)
(-0.00017 5.646886315e-22 5e-05)
(-0.00016 -2.823443158e-22 5e-05)
(-0.00015 2.823443158e-22 5e-05)
(-0.00014 2.823443158e-22 5e-05)
(-0.00013 -4.235164736e-22 5e-05)
(-0.00012 -1.411721579e-22 5e-05)
(-0.00011 2.823443158e-22 5e-05)
(-0.0001 -5.646886315e-22 5e-05)
(-9e-05 -2.117582368e-22 5e-05)
(-8e-05 1.411721579e-22 5e-05)
(-7e-05 4.588095131e-22 5e-05)
(-6e-05 -3.35283875e-22 5e-05)
(-5e-05 0 5e-05)
(-0.0006 1e-05 5e-05)
(-0.00059 1e-05 5e-05)
(-0.00058 1e-05 5e-05)
(-0.00057 1e-05 5e-05)
(-0.00056 1e-05 5e-05)
(-0.00055 1e-05 5e-05)
(-0.00054 1e-05 5e-05)
(-0.00053 1e-05 5e-05)
(-0.00052 1e-05 5e-05)
(-0.00051 1e-05 5e-05)
(-0.0005 1e-05 5e-05)
(-0.00049 1e-05 5e-05)
(-0.00048 1e-05 5e-05)
(-0.00047 1e-05 5e-05)
(-0.00046 1e-05 5e-05)
(-0.00045 1e-05 5e-05)
(-0.00044 1e-05 5e-05)
(-0.00043 1e-05 5e-05)
(-0.00042 1e-05 5e-05)
(-0.00041 1e-05 5e-05)
(-0.0004 1e-05 5e-05)
(-0.00039 1e-05 5e-05)
(-0.00038 1e-05 5e-05)
(-0.00037 1e-05 5e-05)
(-0.00036 1e-05 5e-05)
(-0.00035 1e-05 5e-05)
(-0.00034 1e-05 5e-05)
(-0.00033 1e-05 5e-05)
(-0.00032 1e-05 5e-05)
(-0.00031 1e-05 5e-05)
(-0.0003 1e-05 5e-05)
(-0.00029 1e-05 5e-05)
(-0.00028 1e-05 5e-05)
(-0.00027 1e-05 5e-05)
(-0.00026 1e-05 5e-05)
(-0.00025 1e-05 5e-05)
(-0.00024 1e-05 5e-05)
(-0.00023 1e-05 5e-05)
(-0.00022 1e-05 5e-05)
(-0.00021 1e-05 5e-05)
(-0.0002 1e-05 5e-05)
(-0.00019 1e-05 5e-05)
(-0.00018 1e-05 5e-05)
(-0.00017 1e-05 5e-05)
(-0.00016 1e-05 5e-05)
(-0.00015 1e-05 5e-05)
(-0.00014 1e-05 5e-05)
(-0.00013 1e-05 5e-05)
(-0.00012 1e-05 5e-05)
(-0.00011 1e-05 5e-05)
(-0.0001 1e-05 5e-05)
(-9e-05 1e-05 5e-05)
(-8e-05 1e-05 5e-05)
(-7e-05 1e-05 5e-05)
(-6e-05 1e-05 5e-05)
(-5e-05 1e-05 5e-05)
(-0.0006 2e-05 5e-05)
(-0.00059 2e-05 5e-05)
(-0.00058 2e-05 5e-05)
(-0.00057 2e-05 5e-05)
(-0.00056 2e-05 5e-05)
(-0.00055 2e-05 5e-05)
(-0.00054 2e-05 5e-05)
(-0.00053 2e-05 5e-05)
(-0.00052 2e-05 5e-05)
(-0.00051 2e-05 5e-05)
(-0.0005 2e-05 5e-05)
(-0.00049 2e-05 5e-05)
(-0.00048 2e-05 5e-05)
(-0.00047 2e-05 5e-05)
(-0.00046 2e-05 5e-05)
(-0.00045 2e-05 5e-05)
(-0.00044 2e-05 5e-05)
(-0.00043 2e-05 5e-05)
(-0.00042 2e-05 5e-05)
(-0.00041 2e-05 5e-05)
(-0.0004 2e-05 5e-05)
(-0.00039 2e-05 5e-05)
(-0.00038 2e-05 5e-05)
(-0.00037 2e-05 5e-05)
(-0.00036 2e-05 5e-05)
(-0.00035 2e-05 5e-05)
(-0.00034 2e-05 5e-05)
(-0.00033 2e-05 5e-05)
(-0.00032 2e-05 5e-05)
(-0.00031 2e-05 5e-05)
(-0.0003 2e-05 5e-05)
(-0.00029 2e-05 5e-05)
(-0.00028 2e-05 5e-05)
(-0.00027 2e-05 5e-05)
(-0.00026 2e-05 5e-05)
(-0.00025 2e-05 5e-05)
(-0.00024 2e-05 5e-05)
(-0.00023 2e-05 5e-05)
(-0.00022 2e-05 5e-05)
(-0.00021 2e-05 5e-05)
(-0.0002 2e-05 5e-05)
(-0.00019 2e-05 5e-05)
(-0.00018 2e-05 5e-05)
(-0.00017 2e-05 5e-05)
(-0.00016 2e-05 5e-05)
(-0.00015 2e-05 5e-05)
(-0.00014 2e-05 5e-05)
(-0.00013 2e-05 5e-05)
(-0.00012 2e-05 5e-05)
(-0.00011 2e-05 5e-05)
(-0.0001 2e-05 5e-05)
(-9e-05 2e-05 5e-05)
(-8e-05 2e-05 5e-05)
(-7e-05 2e-05 5e-05)
(-6e-05 2e-05 5e-05)
(-5e-05 2e-05 5e-05)
(-0.0006 3e-05 5e-05)
(-0.00059 3e-05 5e-05)
(-0.00058 3e-05 5e-05)
(-0.00057 3e-05 5e-05)
(-0.00056 3e-05 5e-05)
(-0.00055 3e-05 5e-05)
(-0.00054 3e-05 5e-05)
(-0.00053 3e-05 5e-05)
(-0.00052 3e-05 5e-05)
(-0.00051 3e-05 5e-05)
(-0.0005 3e-05 5e-05)
(-0.00049 3e-05 5e-05)
(-0.00048 3e-05 5e-05)
(-0.00047 3e-05 5e-05)
(-0.00046 3e-05 5e-05)
(-0.00045 3e-05 5e-05)
(-0.00044 3e-05 5e-05)
(-0.00043 3e-05 5e-05)
(-0.00042 3e-05 5e-05)
(-0.00041 3e-05 5e-05)
(-0.0004 3e-05 5e-05)
(-0.00039 3e-05 5e-05)
(-0.00038 3e-05 5e-05)
(-0.00037 3e-05 5e-05)
(-0.00036 3e-05 5e-05)
(-0.00035 3e-05 5e-05)
(-0.00034 3e-05 5e-05)
(-0.00033 3e-05 5e-05)
(-0.00032 3e-05 5e-05)
(-0.00031 3e-05 5e-05)
(-0.0003 3e-05 5e-05)
(-0.00029 3e-05 5e-05)
(-0.00028 3e-05 5e-05)
(-0.00027 3e-05 5e-05)
(-0.00026 3e-05 5e-05)
(-0.00025 3e-05 5e-05)
(-0.00024 3e-05 5e-05)
(-0.00023 3e-05 5e-05)
(-0.00022 3e-05 5e-05)
(-0.00021 3e-05 5e-05)
(-0.0002 3e-05 5e-05)
(-0.00019 3e-05 5e-05)
(-0.00018 3e-05 5e-05)
(-0.00017 3e-05 5e-05)
(-0.00016 3e-05 5e-05)
(-0.00015 3e-05 5e-05)
(-0.00014 3e-05 5e-05)
(-0.00013 3e-05 5e-05)
(-0.00012 3e-05 5e-05)
(-0.00011 3e-05 5e-05)
(-0.0001 3e-05 5e-05)
(-9e-05 3e-05 5e-05)
(-8e-05 3e-05 5e-05)
(-7e-05 3e-05 5e-05)
(-6e-05 3e-05 5e-05)
(-5e-05 3e-05 5e-05)
(-0.0006 4e-05 5e-05)
(-0.00059 4e-05 5e-05)
(-0.00058 4e-05 5e-05)
(-0.00057 4e-05 5e-05)
(-0.00056 4e-05 5e-05)
(-0.00055 4e-05 5e-05)
(-0.00054 4e-05 5e-05)
(-0.00053 4e-05 5e-05)
(-0.00052 4e-05 5e-05)
(-0.00051 4e-05 5e-05)
(-0.0005 4e-05 5e-05)
(-0.00049 4e-05 5e-05)
(-0.00048 4e-05 5e-05)
(-0.00047 4e-05 5e-05)
(-0.00046 4e-05 5e-05)
(-0.00045 4e-05 5e-05)
(-0.00044 4e-05 5e-05)
(-0.00043 4e-05 5e-05)
(-0.00042 4e-05 5e-05)
(-0.00041 4e-05 5e-05)
(-0.0004 4e-05 5e-05)
(-0.00039 4e-05 5e-05)
(-0.00038 4e-05 5e-05)
(-0.00037 4e-05 5e-05)
(-0.00036 4e-05 5e-05)
(-0.00035 4e-05 5e-05)
(-0.00034 4e-05 5e-05)
(-0.00033 4e-05 5e-05)
(-0.00032 4e-05 5e-05)
(-0.00031 4e-05 5e-05)
(-0.0003 4e-05 5e-05)
(-0.00029 4e-05 5e-05)
(-0.00028 4e-05 5e-05)
(-0.00027 4e-05 5e-05)
(-0.00026 4e-05 5e-05)
(-0.00025 4e-05 5e-05)
(-0.00024 4e-05 5e-05)
(-0.00023 4e-05 5e-05)
(-0.00022 4e-05 5e-05)
(-0.00021 4e-05 5e-05)
(-0.0002 4e-05 5e-05)
(-0.00019 4e-05 5e-05)
(-0.00018 4e-05 5e-05)
(-0.00017 4e-05 5e-05)
(-0.00016 4e-05 5e-05)
(-0.00015 4e-05 5e-05)
(-0.00014 4e-05 5e-05)
(-0.00013 4e-05 5e-05)
(-0.00012 4e-05 5e-05)
(-0.00011 4e-05 5e-05)
(-0.0001 4e-05 5e-05)
(-9e-05 4e-05 5e-05)
(-8e-05 4e-05 5e-05)
(-7e-05 4e-05 5e-05)
(-6e-05 4e-05 5e-05)
(-5e-05 4e-05 5e-05)
(-0.0006 5e-05 5e-05)
(-0.00059 5e-05 5e-05)
(-0.00058 5e-05 5e-05)
(-0.00057 5e-05 5e-05)
(-0.00056 5e-05 5e-05)
(-0.00055 5e-05 5e-05)
(-0.00054 5e-05 5e-05)
(-0.00053 5e-05 5e-05)
(-0.00052 5e-05 5e-05)
(-0.00051 5e-05 5e-05)
(-0.0005 5e-05 5e-05)
(-0.00049 5e-05 5e-05)
(-0.00048 5e-05 5e-05)
(-0.00047 5e-05 5e-05)
(-0.00046 5e-05 5e-05)
(-0.00045 5e-05 5e-05)
(-0.00044 5e-05 5e-05)
(-0.00043 5e-05 5e-05)
(-0.00042 5e-05 5e-05)
(-0.00041 5e-05 5e-05)
(-0.0004 5e-05 5e-05)
(-0.00039 5e-05 5e-05)
(-0.00038 5e-05 5e-05)
(-0.00037 5e-05 5e-05)
(-0.00036 5e-05 5e-05)
(-0.00035 5e-05 5e-05)
(-0.00034 5e-05 5e-05)
(-0.00033 5e-05 5e-05)
(-0.00032 5e-05 5e-05)
(-0.00031 5e-05 5e-05)
(-0.0003 5e-05 5e-05)
(-0.00029 5e-05 5e-05)
(-0.00028 5e-05 5e-05)
(-0.00027 5e-05 5e-05)
(-0.00026 5e-05 5e-05)
(-0.00025 5e-05 5e-05)
(-0.00024 5e-05 5e-05)
(-0.00023 5e-05 5e-05)
(-0.00022 5e-05 5e-05)
(-0.00021 5e-05 5e-05)
(-0.0002 5e-05 5e-05)
(-0.00019 5e-05 5e-05)
(-0.00018 5e-05 5e-05)
(-0.00017 5e-05 5e-05)
(-0.00016 5e-05 5e-05)
(-0.00015 5e-05 5e-05)
(-0.00014 5e-05 5e-05)
(-0.00013 5e-05 5e-05)
(-0.00012 5e-05 5e-05)
(-0.00011 5e-05 5e-05)
(-0.0001 5e-05 5e-05)
(-9e-05 5e-05 5e-05)
(-8e-05 5e-05 5e-05)
(-7e-05 5e-05 5e-05)
(-6e-05 5e-05 5e-05)
(-5e-05 5e-05 5e-05)
(-4e-05 -5e-05 -5e-05)
(-3e-05 -5e-05 -5e-05)
(-2e-05 -5e-05 -5e-05)
(-1e-05 -5e-05 -5e-05)
(0 -5e-05 -5e-05)
(1e-05 -5e-05 -5e-05)
(2e-05 -5e-05 -5e-05)
(3e-05 -5e-05 -5e-05)
(4e-05 -5e-05 -5e-05)
(5e-05 -5e-05 -5e-05)
(-4e-05 -4e-05 -5e-05)
(-3e-05 -4e-05 -5e-05)
(-2e-05 -4e-05 -5e-05)
(-1e-05 -4e-05 -5e-05)
(0 -4e-05 -5e-05)
(1e-05 -4e-05 -5e-05)
(2e-05 -4e-05 -5e-05)
(3e-05 -4e-05 -5e-05)
(4e-05 -4e-05 -5e-05)
(5e-05 -4e-05 -5e-05)
(-4e-05 -3e-05 -5e-05)
(-3e-05 -3e-05 -5e-05)
(-2e-05 -3e-05 -5e-05)
(-1e-05 -3e-05 -5e-05)
(0 -3e-05 -5e-05)
(1e-05 -3e-05 -5e-05)
(2e-05 -3e-05 -5e-05)
(3e-05 -3e-05 -5e-05)
(4e-05 -3e-05 -5e-05)
(5e-05 -3e-05 -5e-05)
(-4e-05 -2e-05 -5e-05)
(-3e-05 -2e-05 -5e-05)
(-2e-05 -2e-05 -5e-05)
(-1e-05 -2e-05 -5e-05)
(0 -2e-05 -5e-05)
(1e-05 -2e-05 -5e-05)
(2e-05 -2e-05 -5e-05)
(3e-05 -2e-05 -5e-05)
(4e-05 -2e-05 -5e-05)
(5e-05 -2e-05 -5e-05)
(-4e-05 -1e-05 -5e-05)
(-3e-05 -1e-05 -5e-05)
(-2e-05 -1e-05 -5e-05)
(-1e-05 -1e-05 -5e-05)
(0 -1e-05 -5e-05)
(1e-05 -1e-05 -5e-05)
(2e-05 -1e-05 -5e-05)
(3e-05 -1e-05 -5e-05)
(4e-05 -1e-05 -5e-05)
(5e-05 -1e-05 -5e-05)
(-4e-05 0 -5e-05)
(-3e-05 0 -5e-05)
(-2e-05 0 -5e-05)
(-1e-05 0 -5e-05)
(0 0 -5e-05)
(1e-05 0 -5e-05)
(2e-05 -2.823443158e-22 -5e-05)
(3e-05 -2.823443158e-22 -5e-05)
(4e-05 -1.411721579e-22 -5e-05)
(5e-05 0 -5e-05)
(-4e-05 1e-05 -5e-05)
(-3e-05 1e-05 -5e-05)
(-2e-05 1e-05 -5e-05)
(-1e-05 1e-05 -5e-05)
(0 1e-05 -5e-05)
(1e-05 1e-05 -5e-05)
(2e-05 1e-05 -5e-05)
(3e-05 1e-05 -5e-05)
(4e-05 1e-05 -5e-05)
(5e-05 1e-05 -5e-05)
(-4e-05 2e-05 -5e-05)
(-3e-05 2e-05 -5e-05)
(-2e-05 2e-05 -5e-05)
(-1e-05 2e-05 -5e-05)
(0 2e-05 -5e-05)
(1e-05 2e-05 -5e-05)
(2e-05 2e-05 -5e-05)
(3e-05 2e-05 -5e-05)
(4e-05 2e-05 -5e-05)
(5e-05 2e-05 -5e-05)
(-4e-05 3e-05 -5e-05)
(-3e-05 3e-05 -5e-05)
(-2e-05 3e-05 -5e-05)
(-1e-05 3e-05 -5e-05)
(0 3e-05 -5e-05)
(1e-05 3e-05 -5e-05)
(2e-05 3e-05 -5e-05)
(3e-05 3e-05 -5e-05)
(4e-05 3e-05 -5e-05)
(5e-05 3e-05 -5e-05)
(-4e-05 4e-05 -5e-05)
(-3e-05 4e-05 -5e-05)
(-2e-05 4e-05 -5e-05)
(-1e-05 4e-05 -5e-05)
(0 4e-05 -5e-05)
(1e-05 4e-05 -5e-05)
(2e-05 4e-05 -5e-05)
(3e-05 4e-05 -5e-05)
(4e-05 4e-05 -5e-05)
(5e-05 4e-05 -5e-05)
(-4e-05 5e-05 -5e-05)
(-3e-05 5e-05 -5e-05)
(-2e-05 5e-05 -5e-05)
(-1e-05 5e-05 -5e-05)
(0 5e-05 -5e-05)
(1e-05 5e-05 -5e-05)
(2e-05 5e-05 -5e-05)
(3e-05 5e-05 -5e-05)
(4e-05 5e-05 -5e-05)
(5e-05 5e-05 -5e-05)
(-4e-05 -5e-05 -4e-05)
(-3e-05 -5e-05 -4e-05)
(-2e-05 -5e-05 -4e-05)
(-1e-05 -5e-05 -4e-05)
(0 -5e-05 -4e-05)
(1e-05 -5e-05 -4e-05)
(2e-05 -5e-05 -4e-05)
(3e-05 -5e-05 -4e-05)
(4e-05 -5e-05 -4e-05)
(5e-05 -5e-05 -4e-05)
(-4e-05 -4e-05 -4e-05)
(-3e-05 -4e-05 -4e-05)
(-2e-05 -4e-05 -4e-05)
(-1e-05 -4e-05 -4e-05)
(0 -4e-05 -4e-05)
(1e-05 -4e-05 -4e-05)
(2e-05 -4e-05 -4e-05)
(3e-05 -4e-05 -4e-05)
(4e-05 -4e-05 -4e-05)
(5e-05 -4e-05 -4e-05)
(-4e-05 -3e-05 -4e-05)
(-3e-05 -3e-05 -4e-05)
(-2e-05 -3e-05 -4e-05)
(-1e-05 -3e-05 -4e-05)
(0 -3e-05 -4e-05)
(1e-05 -3e-05 -4e-05)
(2e-05 -3e-05 -4e-05)
(3e-05 -3e-05 -4e-05)
(4e-05 -3e-05 -4e-05)
(5e-05 -3e-05 -4e-05)
(-4e-05 -2e-05 -4e-05)
(-3e-05 -2e-05 -4e-05)
(-2e-05 -2e-05 -4e-05)
(-1e-05 -2e-05 -4e-05)
(0 -2e-05 -4e-05)
(1e-05 -2e-05 -4e-05)
(2e-05 -2e-05 -4e-05)
(3e-05 -2e-05 -4e-05)
(4e-05 -2e-05 -4e-05)
(5e-05 -2e-05 -4e-05)
(-4e-05 -1e-05 -4e-05)
(-3e-05 -1e-05 -4e-05)
(-2e-05 -1e-05 -4e-05)
(-1e-05 -1e-05 -4e-05)
(0 -1e-05 -4e-05)
(1e-05 -1e-05 -4e-05)
(2e-05 -1e-05 -4e-05)
(3e-05 -1e-05 -4e-05)
(4e-05 -1e-05 -4e-05)
(5e-05 -1e-05 -4e-05)
(-4e-05 0 -4e-05)
(-3e-05 0 -4e-05)
(-2e-05 0 -4e-05)
(-1e-05 0 -4e-05)
(0 0 -4e-05)
(1e-05 0 -4e-05)
(2e-05 0 -4e-05)
(3e-05 -2.823443158e-22 -4e-05)
(4e-05 -1.411721579e-22 -4e-05)
(5e-05 0 -4e-05)
(-4e-05 1e-05 -4e-05)
(-3e-05 1e-05 -4e-05)
(-2e-05 1e-05 -4e-05)
(-1e-05 1e-05 -4e-05)
(0 1e-05 -4e-05)
(1e-05 1e-05 -4e-05)
(2e-05 1e-05 -4e-05)
(3e-05 1e-05 -4e-05)
(4e-05 1e-05 -4e-05)
(5e-05 1e-05 -4e-05)
(-4e-05 2e-05 -4e-05)
(-3e-05 2e-05 -4e-05)
(-2e-05 2e-05 -4e-05)
(-1e-05 2e-05 -4e-05)
(0 2e-05 -4e-05)
(1e-05 2e-05 -4e-05)
(2e-05 2e-05 -4e-05)
(3e-05 2e-05 -4e-05)
(4e-05 2e-05 -4e-05)
(5e-05 2e-05 -4e-05)
(-4e-05 3e-05 -4e-05)
(-3e-05 3e-05 -4e-05)
(-2e-05 3e-05 -4e-05)
(-1e-05 3e-05 -4e-05)
(0 3e-05 -4e-05)
(1e-05 3e-05 -4e-05)
(2e-05 3e-05 -4e-05)
(3e-05 3e-05 -4e-05)
(4e-05 3e-05 -4e-05)
(5e-05 3e-05 -4e-05)
(-4e-05 4e-05 -4e-05)
(-3e-05 4e-05 -4e-05)
(-2e-05 4e-05 -4e-05)
(-1e-05 4e-05 -4e-05)
(0 4e-05 -4e-05)
(1e-05 4e-05 -4e-05)
(2e-05 4e-05 -4e-05)
(3e-05 4e-05 -4e-05)
(4e-05 4e-05 -4e-05)
(5e-05 4e-05 -4e-05)
(-4e-05 5e-05 -4e-05)
(-3e-05 5e-05 -4e-05)
(-2e-05 5e-05 -4e-05)
(-1e-05 5e-05 -4e-05)
(0 5e-05 -4e-05)
(1e-05 5e-05 -4e-05)
(2e-05 5e-05 -4e-05)
(3e-05 5e-05 -4e-05)
(4e-05 5e-05 -4e-05)
(5e-05 5e-05 -4e-05)
(-4e-05 -5e-05 -3e-05)
(-3e-05 -5e-05 -3e-05)
(-2e-05 -5e-05 -3e-05)
(-1e-05 -5e-05 -3e-05)
(0 -5e-05 -3e-05)
(1e-05 -5e-05 -3e-05)
(2e-05 -5e-05 -3e-05)
(3e-05 -5e-05 -3e-05)
(4e-05 -5e-05 -3e-05)
(5e-05 -5e-05 -3e-05)
(-4e-05 -4e-05 -3e-05)
(-3e-05 -4e-05 -3e-05)
(-2e-05 -4e-05 -3e-05)
(-1e-05 -4e-05 -3e-05)
(0 -4e-05 -3e-05)
(1e-05 -4e-05 -3e-05)
(2e-05 -4e-05 -3e-05)
(3e-05 -4e-05 -3e-05)
(4e-05 -4e-05 -3e-05)
(5e-05 -4e-05 -3e-05)
(-4e-05 -3e-05 -3e-05)
(-3e-05 -3e-05 -3e-05)
(-2e-05 -3e-05 -3e-05)
(-1e-05 -3e-05 -3e-05)
(0 -3e-05 -3e-05)
(1e-05 -3e-05 -3e-05)
(2e-05 -3e-05 -3e-05)
(3e-05 -3e-05 -3e-05)
(4e-05 -3e-05 -3e-05)
(5e-05 -3e-05 -3e-05)
(-4e-05 -2e-05 -3e-05)
(-3e-05 -2e-05 -3e-05)
(-2e-05 -2e-05 -3e-05)
(-1e-05 -2e-05 -3e-05)
(0 -2e-05 -3e-05)
(1e-05 -2e-05 -3e-05)
(2e-05 -2e-05 -3e-05)
(3e-05 -2e-05 -3e-05)
(4e-05 -2e-05 -3e-05)
(5e-05 -2e-05 -3e-05)
(-4e-05 -1e-05 -3e-05)
(-3e-05 -1e-05 -3e-05)
(-2e-05 -1e-05 -3e-05)
(-1e-05 -1e-05 -3e-05)
(0 -1e-05 -3e-05)
(1e-05 -1e-05 -3e-05)
(2e-05 -1e-05 -3e-05)
(3e-05 -1e-05 -3e-05)
(4e-05 -1e-05 -3e-05)
(5e-05 -1e-05 -3e-05)
(-4e-05 0 -3e-05)
(-3e-05 0 -3e-05)
(-2e-05 0 -3e-05)
(-1e-05 -5.646886315e-22 -3e-05)
(0 0 -3e-05)
(1e-05 -5.646886315e-22 -3e-05)
(2e-05 -2.823443158e-22 -3e-05)
(3e-05 -2.823443158e-22 -3e-05)
(4e-05 -1.411721579e-22 -3e-05)
(5e-05 0 -3e-05)
(-4e-05 1e-05 -3e-05)
(-3e-05 1e-05 -3e-05)
(-2e-05 1e-05 -3e-05)
(-1e-05 1e-05 -3e-05)
(0 1e-05 -3e-05)
(1e-05 1e-05 -3e-05)
(2e-05 1e-05 -3e-05)
(3e-05 1e-05 -3e-05)
(4e-05 1e-05 -3e-05)
(5e-05 1e-05 -3e-05)
(-4e-05 2e-05 -3e-05)
(-3e-05 2e-05 -3e-05)
(-2e-05 2e-05 -3e-05)
(-1e-05 2e-05 -3e-05)
(0 2e-05 -3e-05)
(1e-05 2e-05 -3e-05)
(2e-05 2e-05 -3e-05)
(3e-05 2e-05 -3e-05)
(4e-05 2e-05 -3e-05)
(5e-05 2e-05 -3e-05)
(-4e-05 3e-05 -3e-05)
(-3e-05 3e-05 -3e-05)
(-2e-05 3e-05 -3e-05)
(-1e-05 3e-05 -3e-05)
(0 3e-05 -3e-05)
(1e-05 3e-05 -3e-05)
(2e-05 3e-05 -3e-05)
(3e-05 3e-05 -3e-05)
(4e-05 3e-05 -3e-05)
(5e-05 3e-05 -3e-05)
(-4e-05 4e-05 -3e-05)
(-3e-05 4e-05 -3e-05)
(-2e-05 4e-05 -3e-05)
(-1e-05 4e-05 -3e-05)
(0 4e-05 -3e-05)
(1e-05 4e-05 -3e-05)
(2e-05 4e-05 -3e-05)
(3e-05 4e-05 -3e-05)
(4e-05 4e-05 -3e-05)
(5e-05 4e-05 -3e-05)
(-4e-05 5e-05 -3e-05)
(-3e-05 5e-05 -3e-05)
(-2e-05 5e-05 -3e-05)
(-1e-05 5e-05 -3e-05)
(0 5e-05 -3e-05)
(1e-05 5e-05 -3e-05)
(2e-05 5e-05 -3e-05)
(3e-05 5e-05 -3e-05)
(4e-05 5e-05 -3e-05)
(5e-05 5e-05 -3e-05)
(-4e-05 -5e-05 -2e-05)
(-3e-05 -5e-05 -2e-05)
(-2e-05 -5e-05 -2e-05)
(-1e-05 -5e-05 -2e-05)
(0 -5e-05 -2e-05)
(1e-05 -5e-05 -2e-05)
(2e-05 -5e-05 -2e-05)
(3e-05 -5e-05 -2e-05)
(4e-05 -5e-05 -2e-05)
(5e-05 -5e-05 -2e-05)
(-4e-05 -4e-05 -2e-05)
(-3e-05 -4e-05 -2e-05)
(-2e-05 -4e-05 -2e-05)
(-1e-05 -4e-05 -2e-05)
(0 -4e-05 -2e-05)
(1e-05 -4e-05 -2e-05)
(2e-05 -4e-05 -2e-05)
(3e-05 -4e-05 -2e-05)
(4e-05 -4e-05 -2e-05)
(5e-05 -4e-05 -2e-05)
(-4e-05 -3e-05 -2e-05)
(-3e-05 -3e-05 -2e-05)
(-2e-05 -3e-05 -2e-05)
(-1e-05 -3e-05 -2e-05)
(0 -3e-05 -2e-05)
(1e-05 -3e-05 -2e-05)
(2e-05 -3e-05 -2e-05)
(3e-05 -3e-05 -2e-05)
(4e-05 -3e-05 -2e-05)
(5e-05 -3e-05 -2e-05)
(-4e-05 -2e-05 -2e-05)
(-3e-05 -2e-05 -2e-05)
(-2e-05 -2e-05 -2e-05)
(-1e-05 -2e-05 -2e-05)
(0 -2e-05 -2e-05)
(1e-05 -2e-05 -2e-05)
(2e-05 -2e-05 -2e-05)
(3e-05 -2e-05 -2e-05)
(4e-05 -2e-05 -2e-05)
(5e-05 -2e-05 -2e-05)
(-4e-05 -1e-05 -2e-05)
(-3e-05 -1e-05 -2e-05)
(-2e-05 -1e-05 -2e-05)
(-1e-05 -1e-05 -2e-05)
(0 -1e-05 -2e-05)
(1e-05 -1e-05 -2e-05)
(2e-05 -1e-05 -2e-05)
(3e-05 -1e-05 -2e-05)
(4e-05 -1e-05 -2e-05)
(5e-05 -1e-05 -2e-05)
(-4e-05 0 -2e-05)
(-3e-05 0 -2e-05)
(-2e-05 0 -2e-05)
(-1e-05 5.646886315e-22 -2e-05)
(0 0 -2e-05)
(1e-05 5.646886315e-22 -2e-05)
(2e-05 -2.823443158e-22 -2e-05)
(3e-05 0 -2e-05)
(4e-05 -1.411721579e-22 -2e-05)
(5e-05 0 -2e-05)
(-4e-05 1e-05 -2e-05)
(-3e-05 1e-05 -2e-05)
(-2e-05 1e-05 -2e-05)
(-1e-05 1e-05 -2e-05)
(0 1e-05 -2e-05)
(1e-05 1e-05 -2e-05)
(2e-05 1e-05 -2e-05)
(3e-05 1e-05 -2e-05)
(4e-05 1e-05 -2e-05)
(5e-05 1e-05 -2e-05)
(-4e-05 2e-05 -2e-05)
(-3e-05 2e-05 -2e-05)
(-2e-05 2e-05 -2e-05)
(-1e-05 2e-05 -2e-05)
(0 2e-05 -2e-05)
(1e-05 2e-05 -2e-05)
(2e-05 2e-05 -2e-05)
(3e-05 2e-05 -2e-05)
(4e-05 2e-05 -2e-05)
(5e-05 2e-05 -2e-05)
(-4e-05 3e-05 -2e-05)
(-3e-05 3e-05 -2e-05)
(-2e-05 3e-05 -2e-05)
(-1e-05 3e-05 -2e-05)
(0 3e-05 -2e-05)
(1e-05 3e-05 -2e-05)
(2e-05 3e-05 -2e-05)
(3e-05 3e-05 -2e-05)
(4e-05 3e-05 -2e-05)
(5e-05 3e-05 -2e-05)
(-4e-05 4e-05 -2e-05)
(-3e-05 4e-05 -2e-05)
(-2e-05 4e-05 -2e-05)
(-1e-05 4e-05 -2e-05)
(0 4e-05 -2e-05)
(1e-05 4e-05 -2e-05)
(2e-05 4e-05 -2e-05)
(3e-05 4e-05 -2e-05)
(4e-05 4e-05 -2e-05)
(5e-05 4e-05 -2e-05)
(-4e-05 5e-05 -2e-05)
(-3e-05 5e-05 -2e-05)
(-2e-05 5e-05 -2e-05)
(-1e-05 5e-05 -2e-05)
(0 5e-05 -2e-05)
(1e-05 5e-05 -2e-05)
(2e-05 5e-05 -2e-05)
(3e-05 5e-05 -2e-05)
(4e-05 5e-05 -2e-05)
(5e-05 5e-05 -2e-05)
(-4e-05 -5e-05 -1e-05)
(-3e-05 -5e-05 -1e-05)
(-2e-05 -5e-05 -1e-05)
(-1e-05 -5e-05 -1e-05)
(0 -5e-05 -1e-05)
(1e-05 -5e-05 -1e-05)
(2e-05 -5e-05 -1e-05)
(3e-05 -5e-05 -1e-05)
(4e-05 -5e-05 -1e-05)
(5e-05 -5e-05 -1e-05)
(-4e-05 -4e-05 -1e-05)
(-3e-05 -4e-05 -1e-05)
(-2e-05 -4e-05 -1e-05)
(-1e-05 -4e-05 -1e-05)
(0 -4e-05 -1e-05)
(1e-05 -4e-05 -1e-05)
(2e-05 -4e-05 -1e-05)
(3e-05 -4e-05 -1e-05)
(4e-05 -4e-05 -1e-05)
(5e-05 -4e-05 -1e-05)
(-4e-05 -3e-05 -1e-05)
(-3e-05 -3e-05 -1e-05)
(-2e-05 -3e-05 -1e-05)
(-1e-05 -3e-05 -1e-05)
(0 -3e-05 -1e-05)
(1e-05 -3e-05 -1e-05)
(2e-05 -3e-05 -1e-05)
(3e-05 -3e-05 -1e-05)
(4e-05 -3e-05 -1e-05)
(5e-05 -3e-05 -1e-05)
(-4e-05 -2e-05 -1e-05)
(-3e-05 -2e-05 -1e-05)
(-2e-05 -2e-05 -1e-05)
(-1e-05 -2e-05 -1e-05)
(0 -2e-05 -1e-05)
(1e-05 -2e-05 -1e-05)
(2e-05 -2e-05 -1e-05)
(3e-05 -2e-05 -1e-05)
(4e-05 -2e-05 -1e-05)
(5e-05 -2e-05 -1e-05)
(-4e-05 -1e-05 -1e-05)
(-3e-05 -1e-05 -1e-05)
(-2e-05 -1e-05 -1e-05)
(-1e-05 -1e-05 -1e-05)
(0 -1e-05 -1e-05)
(1e-05 -1e-05 -1e-05)
(2e-05 -1e-05 -1e-05)
(3e-05 -1e-05 -1e-05)
(4e-05 -1e-05 -1e-05)
(5e-05 -1e-05 -1e-05)
(-4e-05 0 -1e-05)
(-3e-05 0 -1e-05)
(-2e-05 0 -1e-05)
(-1e-05 0 -1e-05)
(0 0 -1e-05)
(1e-05 0 -1e-05)
(2e-05 -2.823443158e-22 -1e-05)
(3e-05 -2.823443158e-22 -1e-05)
(4e-05 -1.411721579e-22 -1e-05)
(5e-05 0 -1e-05)
(-4e-05 1e-05 -1e-05)
(-3e-05 1e-05 -1e-05)
(-2e-05 1e-05 -1e-05)
(-1e-05 1e-05 -1e-05)
(0 1e-05 -1e-05)
(1e-05 1e-05 -1e-05)
(2e-05 1e-05 -1e-05)
(3e-05 1e-05 -1e-05)
(4e-05 1e-05 -1e-05)
(5e-05 1e-05 -1e-05)
(-4e-05 2e-05 -1e-05)
(-3e-05 2e-05 -1e-05)
(-2e-05 2e-05 -1e-05)
(-1e-05 2e-05 -1e-05)
(0 2e-05 -1e-05)
(1e-05 2e-05 -1e-05)
(2e-05 2e-05 -1e-05)
(3e-05 2e-05 -1e-05)
(4e-05 2e-05 -1e-05)
(5e-05 2e-05 -1e-05)
(-4e-05 3e-05 -1e-05)
(-3e-05 3e-05 -1e-05)
(-2e-05 3e-05 -1e-05)
(-1e-05 3e-05 -1e-05)
(0 3e-05 -1e-05)
(1e-05 3e-05 -1e-05)
(2e-05 3e-05 -1e-05)
(3e-05 3e-05 -1e-05)
(4e-05 3e-05 -1e-05)
(5e-05 3e-05 -1e-05)
(-4e-05 4e-05 -1e-05)
(-3e-05 4e-05 -1e-05)
(-2e-05 4e-05 -1e-05)
(-1e-05 4e-05 -1e-05)
(0 4e-05 -1e-05)
(1e-05 4e-05 -1e-05)
(2e-05 4e-05 -1e-05)
(3e-05 4e-05 -1e-05)
(4e-05 4e-05 -1e-05)
(5e-05 4e-05 -1e-05)
(-4e-05 5e-05 -1e-05)
(-3e-05 5e-05 -1e-05)
(-2e-05 5e-05 -1e-05)
(-1e-05 5e-05 -1e-05)
(0 5e-05 -1e-05)
(1e-05 5e-05 -1e-05)
(2e-05 5e-05 -1e-05)
(3e-05 5e-05 -1e-05)
(4e-05 5e-05 -1e-05)
(5e-05 5e-05 -1e-05)
(-4e-05 -5e-05 0)
(-3e-05 -5e-05 0)
(-2e-05 -5e-05 0)
(-1e-05 -5e-05 0)
(0 -5e-05 0)
(1e-05 -5e-05 0)
(2e-05 -5e-05 -2.823443158e-22)
(3e-05 -5e-05 -2.823443158e-22)
(4e-05 -5e-05 -1.411721579e-22)
(5e-05 -5e-05 0)
(-4e-05 -4e-05 0)
(-3e-05 -4e-05 0)
(-2e-05 -4e-05 0)
(-1e-05 -4e-05 0)
(0 -4e-05 0)
(1e-05 -4e-05 0)
(2e-05 -4e-05 0)
(3e-05 -4e-05 -2.823443158e-22)
(4e-05 -4e-05 -1.411721579e-22)
(5e-05 -4e-05 0)
(-4e-05 -3e-05 0)
(-3e-05 -3e-05 0)
(-2e-05 -3e-05 0)
(-1e-05 -3e-05 -5.646886315e-22)
(0 -3e-05 0)
(1e-05 -3e-05 -5.646886315e-22)
(2e-05 -3e-05 -2.823443158e-22)
(3e-05 -3e-05 -2.823443158e-22)
(4e-05 -3e-05 -1.411721579e-22)
(5e-05 -3e-05 0)
(-4e-05 -2e-05 0)
(-3e-05 -2e-05 0)
(-2e-05 -2e-05 0)
(-1e-05 -2e-05 5.646886315e-22)
(0 -2e-05 0)
(1e-05 -2e-05 5.646886315e-22)
(2e-05 -2e-05 -2.823443158e-22)
(3e-05 -2e-05 0)
(4e-05 -2e-05 -1.411721579e-22)
(5e-05 -2e-05 0)
(-4e-05 -1e-05 0)
(-3e-05 -1e-05 -1.129377263e-21)
(-2e-05 -1e-05 0)
(-1e-05 -1e-05 0)
(0 -1e-05 0)
(1e-05 -1e-05 0)
(2e-05 -1e-05 -2.823443158e-22)
(3e-05 -1e-05 -2.823443158e-22)
(4e-05 -1e-05 -1.411721579e-22)
(5e-05 -1e-05 0)
(-4e-05 0 0)
(-3e-05 0 0)
(-2e-05 0 0)
(-1e-05 0 0)
(0 0 0)
(1e-05 0 0)
(2e-05 -2.823443158e-22 -2.823443158e-22)
(3e-05 -2.823443158e-22 -2.823443158e-22)
(4e-05 -1.411721579e-22 -1.411721579e-22)
(5e-05 0 0)
(-4e-05 1e-05 0)
(-3e-05 1e-05 -1.129377263e-21)
(-2e-05 1e-05 0)
(-1e-05 1e-05 0)
(0 1e-05 0)
(1e-05 1e-05 0)
(2e-05 1e-05 -2.823443158e-22)
(3e-05 1e-05 -2.823443158e-22)
(4e-05 1e-05 -1.411721579e-22)
(5e-05 1e-05 0)
(-4e-05 2e-05 0)
(-3e-05 2e-05 0)
(-2e-05 2e-05 0)
(-1e-05 2e-05 -1.129377263e-21)
(0 2e-05 -1.129377263e-21)
(1e-05 2e-05 -1.129377263e-21)
(2e-05 2e-05 -2.823443158e-22)
(3e-05 2e-05 -2.823443158e-22)
(4e-05 2e-05 -1.411721579e-22)
(5e-05 2e-05 0)
(-4e-05 3e-05 0)
(-3e-05 3e-05 0)
(-2e-05 3e-05 0)
(-1e-05 3e-05 -1.129377263e-21)
(0 3e-05 -1.129377263e-21)
(1e-05 3e-05 -1.129377263e-21)
(2e-05 3e-05 -2.823443158e-22)
(3e-05 3e-05 -2.823443158e-22)
(4e-05 3e-05 -1.411721579e-22)
(5e-05 3e-05 0)
(-4e-05 4e-05 0)
(-3e-05 4e-05 0)
(-2e-05 4e-05 0)
(-1e-05 4e-05 0)
(0 4e-05 0)
(1e-05 4e-05 0)
(2e-05 4e-05 -2.823443158e-22)
(3e-05 4e-05 -2.823443158e-22)
(4e-05 4e-05 -1.411721579e-22)
(5e-05 4e-05 0)
(-4e-05 5e-05 0)
(-3e-05 5e-05 0)
(-2e-05 5e-05 0)
(-1e-05 5e-05 0)
(0 5e-05 0)
(1e-05 5e-05 0)
(2e-05 5e-05 -2.823443158e-22)
(3e-05 5e-05 -2.823443158e-22)
(4e-05 5e-05 -1.411721579e-22)
(5e-05 5e-05 0)
(-4e-05 -5e-05 1e-05)
(-3e-05 -5e-05 1e-05)
(-2e-05 -5e-05 1e-05)
(-1e-05 -5e-05 1e-05)
(0 -5e-05 1e-05)
(1e-05 -5e-05 1e-05)
(2e-05 -5e-05 1e-05)
(3e-05 -5e-05 1e-05)
(4e-05 -5e-05 1e-05)
(5e-05 -5e-05 1e-05)
(-4e-05 -4e-05 1e-05)
(-3e-05 -4e-05 1e-05)
(-2e-05 -4e-05 1e-05)
(-1e-05 -4e-05 1e-05)
(0 -4e-05 1e-05)
(1e-05 -4e-05 1e-05)
(2e-05 -4e-05 1e-05)
(3e-05 -4e-05 1e-05)
(4e-05 -4e-05 1e-05)
(5e-05 -4e-05 1e-05)
(-4e-05 -3e-05 1e-05)
(-3e-05 -3e-05 1e-05)
(-2e-05 -3e-05 1e-05)
(-1e-05 -3e-05 1e-05)
(0 -3e-05 1e-05)
(1e-05 -3e-05 1e-05)
(2e-05 -3e-05 1e-05)
(3e-05 -3e-05 1e-05)
(4e-05 -3e-05 1e-05)
(5e-05 -3e-05 1e-05)
(-4e-05 -2e-05 1e-05)
(-3e-05 -2e-05 1e-05)
(-2e-05 -2e-05 1e-05)
(-1e-05 -2e-05 1e-05)
(0 -2e-05 1e-05)
(1e-05 -2e-05 1e-05)
(2e-05 -2e-05 1e-05)
(3e-05 -2e-05 1e-05)
(4e-05 -2e-05 1e-05)
(5e-05 -2e-05 1e-05)
(-4e-05 -1e-05 1e-05)
(-3e-05 -1e-05 1e-05)
(-2e-05 -1e-05 1e-05)
(-1e-05 -1e-05 1e-05)
(0 -1e-05 1e-05)
(1e-05 -1e-05 1e-05)
(2e-05 -1e-05 1e-05)
(3e-05 -1e-05 1e-05)
(4e-05 -1e-05 1e-05)
(5e-05 -1e-05 1e-05)
(-4e-05 0 1e-05)
(-3e-05 0 1e-05)
(-2e-05 0 1e-05)
(-1e-05 0 1e-05)
(0 0 1e-05)
(1e-05 0 1e-05)
(2e-05 -2.823443158e-22 1e-05)
(3e-05 -2.823443158e-22 1e-05)
(4e-05 -1.411721579e-22 1e-05)
(5e-05 0 1e-05)
(-4e-05 1e-05 1e-05)
(-3e-05 1e-05 1e-05)
(-2e-05 1e-05 1e-05)
(-1e-05 1e-05 1e-05)
(0 1e-05 1e-05)
(1e-05 1e-05 1e-05)
(2e-05 1e-05 1e-05)
(3e-05 1e-05 1e-05)
(4e-05 1e-05 1e-05)
(5e-05 1e-05 1e-05)
(-4e-05 2e-05 1e-05)
(-3e-05 2e-05 1e-05)
(-2e-05 2e-05 1e-05)
(-1e-05 2e-05 1e-05)
(0 2e-05 1e-05)
(1e-05 2e-05 1e-05)
(2e-05 2e-05 1e-05)
(3e-05 2e-05 1e-05)
(4e-05 2e-05 1e-05)
(5e-05 2e-05 1e-05)
(-4e-05 3e-05 1e-05)
(-3e-05 3e-05 1e-05)
(-2e-05 3e-05 1e-05)
(-1e-05 3e-05 1e-05)
(0 3e-05 1e-05)
(1e-05 3e-05 1e-05)
(2e-05 3e-05 1e-05)
(3e-05 3e-05 1e-05)
(4e-05 3e-05 1e-05)
(5e-05 3e-05 1e-05)
(-4e-05 4e-05 1e-05)
(-3e-05 4e-05 1e-05)
(-2e-05 4e-05 1e-05)
(-1e-05 4e-05 1e-05)
(0 4e-05 1e-05)
(1e-05 4e-05 1e-05)
(2e-05 4e-05 1e-05)
(3e-05 4e-05 1e-05)
(4e-05 4e-05 1e-05)
(5e-05 4e-05 1e-05)
(-4e-05 5e-05 1e-05)
(-3e-05 5e-05 1e-05)
(-2e-05 5e-05 1e-05)
(-1e-05 5e-05 1e-05)
(0 5e-05 1e-05)
(1e-05 5e-05 1e-05)
(2e-05 5e-05 1e-05)
(3e-05 5e-05 1e-05)
(4e-05 5e-05 1e-05)
(5e-05 5e-05 1e-05)
(-4e-05 -5e-05 2e-05)
(-3e-05 -5e-05 2e-05)
(-2e-05 -5e-05 2e-05)
(-1e-05 -5e-05 2e-05)
(0 -5e-05 2e-05)
(1e-05 -5e-05 2e-05)
(2e-05 -5e-05 2e-05)
(3e-05 -5e-05 2e-05)
(4e-05 -5e-05 2e-05)
(5e-05 -5e-05 2e-05)
(-4e-05 -4e-05 2e-05)
(-3e-05 -4e-05 2e-05)
(-2e-05 -4e-05 2e-05)
(-1e-05 -4e-05 2e-05)
(0 -4e-05 2e-05)
(1e-05 -4e-05 2e-05)
(2e-05 -4e-05 2e-05)
(3e-05 -4e-05 2e-05)
(4e-05 -4e-05 2e-05)
(5e-05 -4e-05 2e-05)
(-4e-05 -3e-05 2e-05)
(-3e-05 -3e-05 2e-05)
(-2e-05 -3e-05 2e-05)
(-1e-05 -3e-05 2e-05)
(0 -3e-05 2e-05)
(1e-05 -3e-05 2e-05)
(2e-05 -3e-05 2e-05)
(3e-05 -3e-05 2e-05)
(4e-05 -3e-05 2e-05)
(5e-05 -3e-05 2e-05)
(-4e-05 -2e-05 2e-05)
(-3e-05 -2e-05 2e-05)
(-2e-05 -2e-05 2e-05)
(-1e-05 -2e-05 2e-05)
(0 -2e-05 2e-05)
(1e-05 -2e-05 2e-05)
(2e-05 -2e-05 2e-05)
(3e-05 -2e-05 2e-05)
(4e-05 -2e-05 2e-05)
(5e-05 -2e-05 2e-05)
(-4e-05 -1e-05 2e-05)
(-3e-05 -1e-05 2e-05)
(-2e-05 -1e-05 2e-05)
(-1e-05 -1e-05 2e-05)
(0 -1e-05 2e-05)
(1e-05 -1e-05 2e-05)
(2e-05 -1e-05 2e-05)
(3e-05 -1e-05 2e-05)
(4e-05 -1e-05 2e-05)
(5e-05 -1e-05 2e-05)
(-4e-05 0 2e-05)
(-3e-05 0 2e-05)
(-2e-05 0 2e-05)
(-1e-05 0 2e-05)
(0 0 2e-05)
(1e-05 0 2e-05)
(2e-05 -2.823443158e-22 2e-05)
(3e-05 -2.823443158e-22 2e-05)
(4e-05 -1.411721579e-22 2e-05)
(5e-05 0 2e-05)
(-4e-05 1e-05 2e-05)
(-3e-05 1e-05 2e-05)
(-2e-05 1e-05 2e-05)
(-1e-05 1e-05 2e-05)
(0 1e-05 2e-05)
(1e-05 1e-05 2e-05)
(2e-05 1e-05 2e-05)
(3e-05 1e-05 2e-05)
(4e-05 1e-05 2e-05)
(5e-05 1e-05 2e-05)
(-4e-05 2e-05 2e-05)
(-3e-05 2e-05 2e-05)
(-2e-05 2e-05 2e-05)
(-1e-05 2e-05 2e-05)
(0 2e-05 2e-05)
(1e-05 2e-05 2e-05)
(2e-05 2e-05 2e-05)
(3e-05 2e-05 2e-05)
(4e-05 2e-05 2e-05)
(5e-05 2e-05 2e-05)
(-4e-05 3e-05 2e-05)
(-3e-05 3e-05 2e-05)
(-2e-05 3e-05 2e-05)
(-1e-05 3e-05 2e-05)
(0 3e-05 2e-05)
(1e-05 3e-05 2e-05)
(2e-05 3e-05 2e-05)
(3e-05 3e-05 2e-05)
(4e-05 3e-05 2e-05)
(5e-05 3e-05 2e-05)
(-4e-05 4e-05 2e-05)
(-3e-05 4e-05 2e-05)
(-2e-05 4e-05 2e-05)
(-1e-05 4e-05 2e-05)
(0 4e-05 2e-05)
(1e-05 4e-05 2e-05)
(2e-05 4e-05 2e-05)
(3e-05 4e-05 2e-05)
(4e-05 4e-05 2e-05)
(5e-05 4e-05 2e-05)
(-4e-05 5e-05 2e-05)
(-3e-05 5e-05 2e-05)
(-2e-05 5e-05 2e-05)
(-1e-05 5e-05 2e-05)
(0 5e-05 2e-05)
(1e-05 5e-05 2e-05)
(2e-05 5e-05 2e-05)
(3e-05 5e-05 2e-05)
(4e-05 5e-05 2e-05)
(5e-05 5e-05 2e-05)
(-4e-05 -5e-05 3e-05)
(-3e-05 -5e-05 3e-05)
(-2e-05 -5e-05 3e-05)
(-1e-05 -5e-05 3e-05)
(0 -5e-05 3e-05)
(1e-05 -5e-05 3e-05)
(2e-05 -5e-05 3e-05)
(3e-05 -5e-05 3e-05)
(4e-05 -5e-05 3e-05)
(5e-05 -5e-05 3e-05)
(-4e-05 -4e-05 3e-05)
(-3e-05 -4e-05 3e-05)
(-2e-05 -4e-05 3e-05)
(-1e-05 -4e-05 3e-05)
(0 -4e-05 3e-05)
(1e-05 -4e-05 3e-05)
(2e-05 -4e-05 3e-05)
(3e-05 -4e-05 3e-05)
(4e-05 -4e-05 3e-05)
(5e-05 -4e-05 3e-05)
(-4e-05 -3e-05 3e-05)
(-3e-05 -3e-05 3e-05)
(-2e-05 -3e-05 3e-05)
(-1e-05 -3e-05 3e-05)
(0 -3e-05 3e-05)
(1e-05 -3e-05 3e-05)
(2e-05 -3e-05 3e-05)
(3e-05 -3e-05 3e-05)
(4e-05 -3e-05 3e-05)
(5e-05 -3e-05 3e-05)
(-4e-05 -2e-05 3e-05)
(-3e-05 -2e-05 3e-05)
(-2e-05 -2e-05 3e-05)
(-1e-05 -2e-05 3e-05)
(0 -2e-05 3e-05)
(1e-05 -2e-05 3e-05)
(2e-05 -2e-05 3e-05)
(3e-05 -2e-05 3e-05)
(4e-05 -2e-05 3e-05)
(5e-05 -2e-05 3e-05)
(-4e-05 -1e-05 3e-05)
(-3e-05 -1e-05 3e-05)
(-2e-05 -1e-05 3e-05)
(-1e-05 -1e-05 3e-05)
(0 -1e-05 3e-05)
(1e-05 -1e-05 3e-05)
(2e-05 -1e-05 3e-05)
(3e-05 -1e-05 3e-05)
(4e-05 -1e-05 3e-05)
(5e-05 -1e-05 3e-05)
(-4e-05 0 3e-05)
(-3e-05 0 3e-05)
(-2e-05 0 3e-05)
(-1e-05 0 3e-05)
(0 0 3e-05)
(1e-05 0 3e-05)
(2e-05 -2.823443158e-22 3e-05)
(3e-05 -2.823443158e-22 3e-05)
(4e-05 -1.411721579e-22 3e-05)
(5e-05 0 3e-05)
(-4e-05 1e-05 3e-05)
(-3e-05 1e-05 3e-05)
(-2e-05 1e-05 3e-05)
(-1e-05 1e-05 3e-05)
(0 1e-05 3e-05)
(1e-05 1e-05 3e-05)
(2e-05 1e-05 3e-05)
(3e-05 1e-05 3e-05)
(4e-05 1e-05 3e-05)
(5e-05 1e-05 3e-05)
(-4e-05 2e-05 3e-05)
(-3e-05 2e-05 3e-05)
(-2e-05 2e-05 3e-05)
(-1e-05 2e-05 3e-05)
(0 2e-05 3e-05)
(1e-05 2e-05 3e-05)
(2e-05 2e-05 3e-05)
(3e-05 2e-05 3e-05)
(4e-05 2e-05 3e-05)
(5e-05 2e-05 3e-05)
(-4e-05 3e-05 3e-05)
(-3e-05 3e-05 3e-05)
(-2e-05 3e-05 3e-05)
(-1e-05 3e-05 3e-05)
(0 3e-05 3e-05)
(1e-05 3e-05 3e-05)
(2e-05 3e-05 3e-05)
(3e-05 3e-05 3e-05)
(4e-05 3e-05 3e-05)
(5e-05 3e-05 3e-05)
(-4e-05 4e-05 3e-05)
(-3e-05 4e-05 3e-05)
(-2e-05 4e-05 3e-05)
(-1e-05 4e-05 3e-05)
(0 4e-05 3e-05)
(1e-05 4e-05 3e-05)
(2e-05 4e-05 3e-05)
(3e-05 4e-05 3e-05)
(4e-05 4e-05 3e-05)
(5e-05 4e-05 3e-05)
(-4e-05 5e-05 3e-05)
(-3e-05 5e-05 3e-05)
(-2e-05 5e-05 3e-05)
(-1e-05 5e-05 3e-05)
(0 5e-05 3e-05)
(1e-05 5e-05 3e-05)
(2e-05 5e-05 3e-05)
(3e-05 5e-05 3e-05)
(4e-05 5e-05 3e-05)
(5e-05 5e-05 3e-05)
(-4e-05 -5e-05 4e-05)
(-3e-05 -5e-05 4e-05)
(-2e-05 -5e-05 4e-05)
(-1e-05 -5e-05 4e-05)
(0 -5e-05 4e-05)
(1e-05 -5e-05 4e-05)
(2e-05 -5e-05 4e-05)
(3e-05 -5e-05 4e-05)
(4e-05 -5e-05 4e-05)
(5e-05 -5e-05 4e-05)
(-4e-05 -4e-05 4e-05)
(-3e-05 -4e-05 4e-05)
(-2e-05 -4e-05 4e-05)
(-1e-05 -4e-05 4e-05)
(0 -4e-05 4e-05)
(1e-05 -4e-05 4e-05)
(2e-05 -4e-05 4e-05)
(3e-05 -4e-05 4e-05)
(4e-05 -4e-05 4e-05)
(5e-05 -4e-05 4e-05)
(-4e-05 -3e-05 4e-05)
(-3e-05 -3e-05 4e-05)
(-2e-05 -3e-05 4e-05)
(-1e-05 -3e-05 4e-05)
(0 -3e-05 4e-05)
(1e-05 -3e-05 4e-05)
(2e-05 -3e-05 4e-05)
(3e-05 -3e-05 4e-05)
(4e-05 -3e-05 4e-05)
(5e-05 -3e-05 4e-05)
(-4e-05 -2e-05 4e-05)
(-3e-05 -2e-05 4e-05)
(-2e-05 -2e-05 4e-05)
(-1e-05 -2e-05 4e-05)
(0 -2e-05 4e-05)
(1e-05 -2e-05 4e-05)
(2e-05 -2e-05 4e-05)
(3e-05 -2e-05 4e-05)
(4e-05 -2e-05 4e-05)
(5e-05 -2e-05 4e-05)
(-4e-05 -1e-05 4e-05)
(-3e-05 -1e-05 4e-05)
(-2e-05 -1e-05 4e-05)
(-1e-05 -1e-05 4e-05)
(0 -1e-05 4e-05)
(1e-05 -1e-05 4e-05)
(2e-05 -1e-05 4e-05)
(3e-05 -1e-05 4e-05)
(4e-05 -1e-05 4e-05)
(5e-05 -1e-05 4e-05)
(-4e-05 0 4e-05)
(-3e-05 0 4e-05)
(-2e-05 0 4e-05)
(-1e-05 0 4e-05)
(0 0 4e-05)
(1e-05 0 4e-05)
(2e-05 -2.823443158e-22 4e-05)
(3e-05 -2.823443158e-22 4e-05)
(4e-05 -1.411721579e-22 4e-05)
(5e-05 0 4e-05)
(-4e-05 1e-05 4e-05)
(-3e-05 1e-05 4e-05)
(-2e-05 1e-05 4e-05)
(-1e-05 1e-05 4e-05)
(0 1e-05 4e-05)
(1e-05 1e-05 4e-05)
(2e-05 1e-05 4e-05)
(3e-05 1e-05 4e-05)
(4e-05 1e-05 4e-05)
(5e-05 1e-05 4e-05)
(-4e-05 2e-05 4e-05)
(-3e-05 2e-05 4e-05)
(-2e-05 2e-05 4e-05)
(-1e-05 2e-05 4e-05)
(0 2e-05 4e-05)
(1e-05 2e-05 4e-05)
(2e-05 2e-05 4e-05)
(3e-05 2e-05 4e-05)
(4e-05 2e-05 4e-05)
(5e-05 2e-05 4e-05)
(-4e-05 3e-05 4e-05)
(-3e-05 3e-05 4e-05)
(-2e-05 3e-05 4e-05)
(-1e-05 3e-05 4e-05)
(0 3e-05 4e-05)
(1e-05 3e-05 4e-05)
(2e-05 3e-05 4e-05)
(3e-05 3e-05 4e-05)
(4e-05 3e-05 4e-05)
(5e-05 3e-05 4e-05)
(-4e-05 4e-05 4e-05)
(-3e-05 4e-05 4e-05)
(-2e-05 4e-05 4e-05)
(-1e-05 4e-05 4e-05)
(0 4e-05 4e-05)
(1e-05 4e-05 4e-05)
(2e-05 4e-05 4e-05)
(3e-05 4e-05 4e-05)
(4e-05 4e-05 4e-05)
(5e-05 4e-05 4e-05)
(-4e-05 5e-05 4e-05)
(-3e-05 5e-05 4e-05)
(-2e-05 5e-05 4e-05)
(-1e-05 5e-05 4e-05)
(0 5e-05 4e-05)
(1e-05 5e-05 4e-05)
(2e-05 5e-05 4e-05)
(3e-05 5e-05 4e-05)
(4e-05 5e-05 4e-05)
(5e-05 5e-05 4e-05)
(-4e-05 -5e-05 5e-05)
(-3e-05 -5e-05 5e-05)
(-2e-05 -5e-05 5e-05)
(-1e-05 -5e-05 5e-05)
(0 -5e-05 5e-05)
(1e-05 -5e-05 5e-05)
(2e-05 -5e-05 5e-05)
(3e-05 -5e-05 5e-05)
(4e-05 -5e-05 5e-05)
(5e-05 -5e-05 5e-05)
(-4e-05 -4e-05 5e-05)
(-3e-05 -4e-05 5e-05)
(-2e-05 -4e-05 5e-05)
(-1e-05 -4e-05 5e-05)
(0 -4e-05 5e-05)
(1e-05 -4e-05 5e-05)
(2e-05 -4e-05 5e-05)
(3e-05 -4e-05 5e-05)
(4e-05 -4e-05 5e-05)
(5e-05 -4e-05 5e-05)
(-4e-05 -3e-05 5e-05)
(-3e-05 -3e-05 5e-05)
(-2e-05 -3e-05 5e-05)
(-1e-05 -3e-05 5e-05)
(0 -3e-05 5e-05)
(1e-05 -3e-05 5e-05)
(2e-05 -3e-05 5e-05)
(3e-05 -3e-05 5e-05)
(4e-05 -3e-05 5e-05)
(5e-05 -3e-05 5e-05)
(-4e-05 -2e-05 5e-05)
(-3e-05 -2e-05 5e-05)
(-2e-05 -2e-05 5e-05)
(-1e-05 -2e-05 5e-05)
(0 -2e-05 5e-05)
(1e-05 -2e-05 5e-05)
(2e-05 -2e-05 5e-05)
(3e-05 -2e-05 5e-05)
(4e-05 -2e-05 5e-05)
(5e-05 -2e-05 5e-05)
(-4e-05 -1e-05 5e-05)
(-3e-05 -1e-05 5e-05)
(-2e-05 -1e-05 5e-05)
(-1e-05 -1e-05 5e-05)
(0 -1e-05 5e-05)
(1e-05 -1e-05 5e-05)
(2e-05 -1e-05 5e-05)
(3e-05 -1e-05 5e-05)
(4e-05 -1e-05 5e-05)
(5e-05 -1e-05 5e-05)
(-4e-05 0 5e-05)
(-3e-05 0 5e-05)
(-2e-05 0 5e-05)
(-1e-05 0 5e-05)
(0 0 5e-05)
(1e-05 0 5e-05)
(2e-05 -2.823443158e-22 5e-05)
(3e-05 -2.823443158e-22 5e-05)
(4e-05 -1.411721579e-22 5e-05)
(5e-05 0 5e-05)
(-4e-05 1e-05 5e-05)
(-3e-05 1e-05 5e-05)
(-2e-05 1e-05 5e-05)
(-1e-05 1e-05 5e-05)
(0 1e-05 5e-05)
(1e-05 1e-05 5e-05)
(2e-05 1e-05 5e-05)
(3e-05 1e-05 5e-05)
(4e-05 1e-05 5e-05)
(5e-05 1e-05 5e-05)
(-4e-05 2e-05 5e-05)
(-3e-05 2e-05 5e-05)
(-2e-05 2e-05 5e-05)
(-1e-05 2e-05 5e-05)
(0 2e-05 5e-05)
(1e-05 2e-05 5e-05)
(2e-05 2e-05 5e-05)
(3e-05 2e-05 5e-05)
(4e-05 2e-05 5e-05)
(5e-05 2e-05 5e-05)
(-4e-05 3e-05 5e-05)
(-3e-05 3e-05 5e-05)
(-2e-05 3e-05 5e-05)
(-1e-05 3e-05 5e-05)
(0 3e-05 5e-05)
(1e-05 3e-05 5e-05)
(2e-05 3e-05 5e-05)
(3e-05 3e-05 5e-05)
(4e-05 3e-05 5e-05)
(5e-05 3e-05 5e-05)
(-4e-05 4e-05 5e-05)
(-3e-05 4e-05 5e-05)
(-2e-05 4e-05 5e-05)
(-1e-05 4e-05 5e-05)
(0 4e-05 5e-05)
(1e-05 4e-05 5e-05)
(2e-05 4e-05 5e-05)
(3e-05 4e-05 5e-05)
(4e-05 4e-05 5e-05)
(5e-05 4e-05 5e-05)
(-4e-05 5e-05 5e-05)
(-3e-05 5e-05 5e-05)
(-2e-05 5e-05 5e-05)
(-1e-05 5e-05 5e-05)
(0 5e-05 5e-05)
(1e-05 5e-05 5e-05)
(2e-05 5e-05 5e-05)
(3e-05 5e-05 5e-05)
(4e-05 5e-05 5e-05)
(5e-05 5e-05 5e-05)
(6e-05 -5e-05 -5e-05)
(7e-05 -5e-05 -5e-05)
(8e-05 -5e-05 -5e-05)
(9e-05 -5e-05 -5e-05)
(0.0001 -5e-05 -5e-05)
(0.00011 -5e-05 -5e-05)
(0.00012 -5e-05 -5e-05)
(0.00013 -5e-05 -5e-05)
(0.00014 -5e-05 -5e-05)
(0.00015 -5e-05 -5e-05)
(0.00016 -5e-05 -5e-05)
(0.00017 -5e-05 -5e-05)
(0.00018 -5e-05 -5e-05)
(0.00019 -5e-05 -5e-05)
(0.0002 -5e-05 -5e-05)
(0.00021 -5e-05 -5e-05)
(0.00022 -5e-05 -5e-05)
(0.00023 -5e-05 -5e-05)
(0.00024 -5e-05 -5e-05)
(0.00025 -5e-05 -5e-05)
(0.00026 -5e-05 -5e-05)
(0.00027 -5e-05 -5e-05)
(0.00028 -5e-05 -5e-05)
(0.00029 -5e-05 -5e-05)
(0.0003 -5e-05 -5e-05)
(0.00031 -5e-05 -5e-05)
(0.00032 -5e-05 -5e-05)
(0.00033 -5e-05 -5e-05)
(0.00034 -5e-05 -5e-05)
(0.00035 -5e-05 -5e-05)
(0.00036 -5e-05 -5e-05)
(0.00037 -5e-05 -5e-05)
(0.00038 -5e-05 -5e-05)
(0.00039 -5e-05 -5e-05)
(0.0004 -5e-05 -5e-05)
(0.00041 -5e-05 -5e-05)
(0.00042 -5e-05 -5e-05)
(0.00043 -5e-05 -5e-05)
(0.00044 -5e-05 -5e-05)
(0.00045 -5e-05 -5e-05)
(0.00046 -5e-05 -5e-05)
(0.00047 -5e-05 -5e-05)
(0.00048 -5e-05 -5e-05)
(0.00049 -5e-05 -5e-05)
(0.0005 -5e-05 -5e-05)
(0.00051 -5e-05 -5e-05)
(0.00052 -5e-05 -5e-05)
(0.00053 -5e-05 -5e-05)
(0.00054 -5e-05 -5e-05)
(0.00055 -5e-05 -5e-05)
(0.00056 -5e-05 -5e-05)
(0.00057 -5e-05 -5e-05)
(0.00058 -5e-05 -5e-05)
(0.00059 -5e-05 -5e-05)
(0.0006 -5e-05 -5e-05)
(0.00061 -5e-05 -5e-05)
(0.00062 -5e-05 -5e-05)
(0.00063 -5e-05 -5e-05)
(0.00064 -5e-05 -5e-05)
(0.00065 -5e-05 -5e-05)
(0.00066 -5e-05 -5e-05)
(0.00067 -5e-05 -5e-05)
(0.00068 -5e-05 -5e-05)
(0.00069 -5e-05 -5e-05)
(0.0007 -5e-05 -5e-05)
(0.00071 -5e-05 -5e-05)
(0.00072 -5e-05 -5e-05)
(0.00073 -5e-05 -5e-05)
(0.00074 -5e-05 -5e-05)
(0.00075 -5e-05 -5e-05)
(0.00076 -5e-05 -5e-05)
(0.00077 -5e-05 -5e-05)
(0.00078 -5e-05 -5e-05)
(0.00079 -5e-05 -5e-05)
(0.0008 -5e-05 -5e-05)
(0.00081 -5e-05 -5e-05)
(0.00082 -5e-05 -5e-05)
(0.00083 -5e-05 -5e-05)
(0.00084 -5e-05 -5e-05)
(0.00085 -5e-05 -5e-05)
(0.00086 -5e-05 -5e-05)
(0.00087 -5e-05 -5e-05)
(0.00088 -5e-05 -5e-05)
(0.00089 -5e-05 -5e-05)
(0.0009 -5e-05 -5e-05)
(0.00091 -5e-05 -5e-05)
(0.00092 -5e-05 -5e-05)
(0.00093 -5e-05 -5e-05)
(0.00094 -5e-05 -5e-05)
(0.00095 -5e-05 -5e-05)
(0.00096 -5e-05 -5e-05)
(0.00097 -5e-05 -5e-05)
(0.00098 -5e-05 -5e-05)
(0.00099 -5e-05 -5e-05)
(0.001 -5e-05 -5e-05)
(0.00101 -5e-05 -5e-05)
(0.00102 -5e-05 -5e-05)
(0.00103 -5e-05 -5e-05)
(0.00104 -5e-05 -5e-05)
(0.00105 -5e-05 -5e-05)
(0.00106 -5e-05 -5e-05)
(0.00107 -5e-05 -5e-05)
(0.00108 -5e-05 -5e-05)
(0.00109 -5e-05 -5e-05)
(0.0011 -5e-05 -5e-05)
(0.00111 -5e-05 -5e-05)
(0.00112 -5e-05 -5e-05)
(0.00113 -5e-05 -5e-05)
(0.00114 -5e-05 -5e-05)
(0.00115 -5e-05 -5e-05)
(0.00116 -5e-05 -5e-05)
(0.00117 -5e-05 -5e-05)
(0.00118 -5e-05 -5e-05)
(0.00119 -5e-05 -5e-05)
(0.0012 -5e-05 -5e-05)
(0.00121 -5e-05 -5e-05)
(0.00122 -5e-05 -5e-05)
(0.00123 -5e-05 -5e-05)
(0.00124 -5e-05 -5e-05)
(0.00125 -5e-05 -5e-05)
(0.00126 -5e-05 -5e-05)
(0.00127 -5e-05 -5e-05)
(0.00128 -5e-05 -5e-05)
(0.00129 -5e-05 -5e-05)
(0.0013 -5e-05 -5e-05)
(0.00131 -5e-05 -5e-05)
(0.00132 -5e-05 -5e-05)
(0.00133 -5e-05 -5e-05)
(0.00134 -5e-05 -5e-05)
(0.00135 -5e-05 -5e-05)
(0.00136 -5e-05 -5e-05)
(0.00137 -5e-05 -5e-05)
(0.00138 -5e-05 -5e-05)
(0.00139 -5e-05 -5e-05)
(0.0014 -5e-05 -5e-05)
(0.00141 -5e-05 -5e-05)
(0.00142 -5e-05 -5e-05)
(0.00143 -5e-05 -5e-05)
(0.00144 -5e-05 -5e-05)
(0.00145 -5e-05 -5e-05)
(0.00146 -5e-05 -5e-05)
(0.00147 -5e-05 -5e-05)
(0.00148 -5e-05 -5e-05)
(0.00149 -5e-05 -5e-05)
(0.0015 -5e-05 -5e-05)
(6e-05 -4e-05 -5e-05)
(7e-05 -4e-05 -5e-05)
(8e-05 -4e-05 -5e-05)
(9e-05 -4e-05 -5e-05)
(0.0001 -4e-05 -5e-05)
(0.00011 -4e-05 -5e-05)
(0.00012 -4e-05 -5e-05)
(0.00013 -4e-05 -5e-05)
(0.00014 -4e-05 -5e-05)
(0.00015 -4e-05 -5e-05)
(0.00016 -4e-05 -5e-05)
(0.00017 -4e-05 -5e-05)
(0.00018 -4e-05 -5e-05)
(0.00019 -4e-05 -5e-05)
(0.0002 -4e-05 -5e-05)
(0.00021 -4e-05 -5e-05)
(0.00022 -4e-05 -5e-05)
(0.00023 -4e-05 -5e-05)
(0.00024 -4e-05 -5e-05)
(0.00025 -4e-05 -5e-05)
(0.00026 -4e-05 -5e-05)
(0.00027 -4e-05 -5e-05)
(0.00028 -4e-05 -5e-05)
(0.00029 -4e-05 -5e-05)
(0.0003 -4e-05 -5e-05)
(0.00031 -4e-05 -5e-05)
(0.00032 -4e-05 -5e-05)
(0.00033 -4e-05 -5e-05)
(0.00034 -4e-05 -5e-05)
(0.00035 -4e-05 -5e-05)
(0.00036 -4e-05 -5e-05)
(0.00037 -4e-05 -5e-05)
(0.00038 -4e-05 -5e-05)
(0.00039 -4e-05 -5e-05)
(0.0004 -4e-05 -5e-05)
(0.00041 -4e-05 -5e-05)
(0.00042 -4e-05 -5e-05)
(0.00043 -4e-05 -5e-05)
(0.00044 -4e-05 -5e-05)
(0.00045 -4e-05 -5e-05)
(0.00046 -4e-05 -5e-05)
(0.00047 -4e-05 -5e-05)
(0.00048 -4e-05 -5e-05)
(0.00049 -4e-05 -5e-05)
(0.0005 -4e-05 -5e-05)
(0.00051 -4e-05 -5e-05)
(0.00052 -4e-05 -5e-05)
(0.00053 -4e-05 -5e-05)
(0.00054 -4e-05 -5e-05)
(0.00055 -4e-05 -5e-05)
(0.00056 -4e-05 -5e-05)
(0.00057 -4e-05 -5e-05)
(0.00058 -4e-05 -5e-05)
(0.00059 -4e-05 -5e-05)
(0.0006 -4e-05 -5e-05)
(0.00061 -4e-05 -5e-05)
(0.00062 -4e-05 -5e-05)
(0.00063 -4e-05 -5e-05)
(0.00064 -4e-05 -5e-05)
(0.00065 -4e-05 -5e-05)
(0.00066 -4e-05 -5e-05)
(0.00067 -4e-05 -5e-05)
(0.00068 -4e-05 -5e-05)
(0.00069 -4e-05 -5e-05)
(0.0007 -4e-05 -5e-05)
(0.00071 -4e-05 -5e-05)
(0.00072 -4e-05 -5e-05)
(0.00073 -4e-05 -5e-05)
(0.00074 -4e-05 -5e-05)
(0.00075 -4e-05 -5e-05)
(0.00076 -4e-05 -5e-05)
(0.00077 -4e-05 -5e-05)
(0.00078 -4e-05 -5e-05)
(0.00079 -4e-05 -5e-05)
(0.0008 -4e-05 -5e-05)
(0.00081 -4e-05 -5e-05)
(0.00082 -4e-05 -5e-05)
(0.00083 -4e-05 -5e-05)
(0.00084 -4e-05 -5e-05)
(0.00085 -4e-05 -5e-05)
(0.00086 -4e-05 -5e-05)
(0.00087 -4e-05 -5e-05)
(0.00088 -4e-05 -5e-05)
(0.00089 -4e-05 -5e-05)
(0.0009 -4e-05 -5e-05)
(0.00091 -4e-05 -5e-05)
(0.00092 -4e-05 -5e-05)
(0.00093 -4e-05 -5e-05)
(0.00094 -4e-05 -5e-05)
(0.00095 -4e-05 -5e-05)
(0.00096 -4e-05 -5e-05)
(0.00097 -4e-05 -5e-05)
(0.00098 -4e-05 -5e-05)
(0.00099 -4e-05 -5e-05)
(0.001 -4e-05 -5e-05)
(0.00101 -4e-05 -5e-05)
(0.00102 -4e-05 -5e-05)
(0.00103 -4e-05 -5e-05)
(0.00104 -4e-05 -5e-05)
(0.00105 -4e-05 -5e-05)
(0.00106 -4e-05 -5e-05)
(0.00107 -4e-05 -5e-05)
(0.00108 -4e-05 -5e-05)
(0.00109 -4e-05 -5e-05)
(0.0011 -4e-05 -5e-05)
(0.00111 -4e-05 -5e-05)
(0.00112 -4e-05 -5e-05)
(0.00113 -4e-05 -5e-05)
(0.00114 -4e-05 -5e-05)
(0.00115 -4e-05 -5e-05)
(0.00116 -4e-05 -5e-05)
(0.00117 -4e-05 -5e-05)
(0.00118 -4e-05 -5e-05)
(0.00119 -4e-05 -5e-05)
(0.0012 -4e-05 -5e-05)
(0.00121 -4e-05 -5e-05)
(0.00122 -4e-05 -5e-05)
(0.00123 -4e-05 -5e-05)
(0.00124 -4e-05 -5e-05)
(0.00125 -4e-05 -5e-05)
(0.00126 -4e-05 -5e-05)
(0.00127 -4e-05 -5e-05)
(0.00128 -4e-05 -5e-05)
(0.00129 -4e-05 -5e-05)
(0.0013 -4e-05 -5e-05)
(0.00131 -4e-05 -5e-05)
(0.00132 -4e-05 -5e-05)
(0.00133 -4e-05 -5e-05)
(0.00134 -4e-05 -5e-05)
(0.00135 -4e-05 -5e-05)
(0.00136 -4e-05 -5e-05)
(0.00137 -4e-05 -5e-05)
(0.00138 -4e-05 -5e-05)
(0.00139 -4e-05 -5e-05)
(0.0014 -4e-05 -5e-05)
(0.00141 -4e-05 -5e-05)
(0.00142 -4e-05 -5e-05)
(0.00143 -4e-05 -5e-05)
(0.00144 -4e-05 -5e-05)
(0.00145 -4e-05 -5e-05)
(0.00146 -4e-05 -5e-05)
(0.00147 -4e-05 -5e-05)
(0.00148 -4e-05 -5e-05)
(0.00149 -4e-05 -5e-05)
(0.0015 -4e-05 -5e-05)
(6e-05 -3e-05 -5e-05)
(7e-05 -3e-05 -5e-05)
(8e-05 -3e-05 -5e-05)
(9e-05 -3e-05 -5e-05)
(0.0001 -3e-05 -5e-05)
(0.00011 -3e-05 -5e-05)
(0.00012 -3e-05 -5e-05)
(0.00013 -3e-05 -5e-05)
(0.00014 -3e-05 -5e-05)
(0.00015 -3e-05 -5e-05)
(0.00016 -3e-05 -5e-05)
(0.00017 -3e-05 -5e-05)
(0.00018 -3e-05 -5e-05)
(0.00019 -3e-05 -5e-05)
(0.0002 -3e-05 -5e-05)
(0.00021 -3e-05 -5e-05)
(0.00022 -3e-05 -5e-05)
(0.00023 -3e-05 -5e-05)
(0.00024 -3e-05 -5e-05)
(0.00025 -3e-05 -5e-05)
(0.00026 -3e-05 -5e-05)
(0.00027 -3e-05 -5e-05)
(0.00028 -3e-05 -5e-05)
(0.00029 -3e-05 -5e-05)
(0.0003 -3e-05 -5e-05)
(0.00031 -3e-05 -5e-05)
(0.00032 -3e-05 -5e-05)
(0.00033 -3e-05 -5e-05)
(0.00034 -3e-05 -5e-05)
(0.00035 -3e-05 -5e-05)
(0.00036 -3e-05 -5e-05)
(0.00037 -3e-05 -5e-05)
(0.00038 -3e-05 -5e-05)
(0.00039 -3e-05 -5e-05)
(0.0004 -3e-05 -5e-05)
(0.00041 -3e-05 -5e-05)
(0.00042 -3e-05 -5e-05)
(0.00043 -3e-05 -5e-05)
(0.00044 -3e-05 -5e-05)
(0.00045 -3e-05 -5e-05)
(0.00046 -3e-05 -5e-05)
(0.00047 -3e-05 -5e-05)
(0.00048 -3e-05 -5e-05)
(0.00049 -3e-05 -5e-05)
(0.0005 -3e-05 -5e-05)
(0.00051 -3e-05 -5e-05)
(0.00052 -3e-05 -5e-05)
(0.00053 -3e-05 -5e-05)
(0.00054 -3e-05 -5e-05)
(0.00055 -3e-05 -5e-05)
(0.00056 -3e-05 -5e-05)
(0.00057 -3e-05 -5e-05)
(0.00058 -3e-05 -5e-05)
(0.00059 -3e-05 -5e-05)
(0.0006 -3e-05 -5e-05)
(0.00061 -3e-05 -5e-05)
(0.00062 -3e-05 -5e-05)
(0.00063 -3e-05 -5e-05)
(0.00064 -3e-05 -5e-05)
(0.00065 -3e-05 -5e-05)
(0.00066 -3e-05 -5e-05)
(0.00067 -3e-05 -5e-05)
(0.00068 -3e-05 -5e-05)
(0.00069 -3e-05 -5e-05)
(0.0007 -3e-05 -5e-05)
(0.00071 -3e-05 -5e-05)
(0.00072 -3e-05 -5e-05)
(0.00073 -3e-05 -5e-05)
(0.00074 -3e-05 -5e-05)
(0.00075 -3e-05 -5e-05)
(0.00076 -3e-05 -5e-05)
(0.00077 -3e-05 -5e-05)
(0.00078 -3e-05 -5e-05)
(0.00079 -3e-05 -5e-05)
(0.0008 -3e-05 -5e-05)
(0.00081 -3e-05 -5e-05)
(0.00082 -3e-05 -5e-05)
(0.00083 -3e-05 -5e-05)
(0.00084 -3e-05 -5e-05)
(0.00085 -3e-05 -5e-05)
(0.00086 -3e-05 -5e-05)
(0.00087 -3e-05 -5e-05)
(0.00088 -3e-05 -5e-05)
(0.00089 -3e-05 -5e-05)
(0.0009 -3e-05 -5e-05)
(0.00091 -3e-05 -5e-05)
(0.00092 -3e-05 -5e-05)
(0.00093 -3e-05 -5e-05)
(0.00094 -3e-05 -5e-05)
(0.00095 -3e-05 -5e-05)
(0.00096 -3e-05 -5e-05)
(0.00097 -3e-05 -5e-05)
(0.00098 -3e-05 -5e-05)
(0.00099 -3e-05 -5e-05)
(0.001 -3e-05 -5e-05)
(0.00101 -3e-05 -5e-05)
(0.00102 -3e-05 -5e-05)
(0.00103 -3e-05 -5e-05)
(0.00104 -3e-05 -5e-05)
(0.00105 -3e-05 -5e-05)
(0.00106 -3e-05 -5e-05)
(0.00107 -3e-05 -5e-05)
(0.00108 -3e-05 -5e-05)
(0.00109 -3e-05 -5e-05)
(0.0011 -3e-05 -5e-05)
(0.00111 -3e-05 -5e-05)
(0.00112 -3e-05 -5e-05)
(0.00113 -3e-05 -5e-05)
(0.00114 -3e-05 -5e-05)
(0.00115 -3e-05 -5e-05)
(0.00116 -3e-05 -5e-05)
(0.00117 -3e-05 -5e-05)
(0.00118 -3e-05 -5e-05)
(0.00119 -3e-05 -5e-05)
(0.0012 -3e-05 -5e-05)
(0.00121 -3e-05 -5e-05)
(0.00122 -3e-05 -5e-05)
(0.00123 -3e-05 -5e-05)
(0.00124 -3e-05 -5e-05)
(0.00125 -3e-05 -5e-05)
(0.00126 -3e-05 -5e-05)
(0.00127 -3e-05 -5e-05)
(0.00128 -3e-05 -5e-05)
(0.00129 -3e-05 -5e-05)
(0.0013 -3e-05 -5e-05)
(0.00131 -3e-05 -5e-05)
(0.00132 -3e-05 -5e-05)
(0.00133 -3e-05 -5e-05)
(0.00134 -3e-05 -5e-05)
(0.00135 -3e-05 -5e-05)
(0.00136 -3e-05 -5e-05)
(0.00137 -3e-05 -5e-05)
(0.00138 -3e-05 -5e-05)
(0.00139 -3e-05 -5e-05)
(0.0014 -3e-05 -5e-05)
(0.00141 -3e-05 -5e-05)
(0.00142 -3e-05 -5e-05)
(0.00143 -3e-05 -5e-05)
(0.00144 -3e-05 -5e-05)
(0.00145 -3e-05 -5e-05)
(0.00146 -3e-05 -5e-05)
(0.00147 -3e-05 -5e-05)
(0.00148 -3e-05 -5e-05)
(0.00149 -3e-05 -5e-05)
(0.0015 -3e-05 -5e-05)
(6e-05 -2e-05 -5e-05)
(7e-05 -2e-05 -5e-05)
(8e-05 -2e-05 -5e-05)
(9e-05 -2e-05 -5e-05)
(0.0001 -2e-05 -5e-05)
(0.00011 -2e-05 -5e-05)
(0.00012 -2e-05 -5e-05)
(0.00013 -2e-05 -5e-05)
(0.00014 -2e-05 -5e-05)
(0.00015 -2e-05 -5e-05)
(0.00016 -2e-05 -5e-05)
(0.00017 -2e-05 -5e-05)
(0.00018 -2e-05 -5e-05)
(0.00019 -2e-05 -5e-05)
(0.0002 -2e-05 -5e-05)
(0.00021 -2e-05 -5e-05)
(0.00022 -2e-05 -5e-05)
(0.00023 -2e-05 -5e-05)
(0.00024 -2e-05 -5e-05)
(0.00025 -2e-05 -5e-05)
(0.00026 -2e-05 -5e-05)
(0.00027 -2e-05 -5e-05)
(0.00028 -2e-05 -5e-05)
(0.00029 -2e-05 -5e-05)
(0.0003 -2e-05 -5e-05)
(0.00031 -2e-05 -5e-05)
(0.00032 -2e-05 -5e-05)
(0.00033 -2e-05 -5e-05)
(0.00034 -2e-05 -5e-05)
(0.00035 -2e-05 -5e-05)
(0.00036 -2e-05 -5e-05)
(0.00037 -2e-05 -5e-05)
(0.00038 -2e-05 -5e-05)
(0.00039 -2e-05 -5e-05)
(0.0004 -2e-05 -5e-05)
(0.00041 -2e-05 -5e-05)
(0.00042 -2e-05 -5e-05)
(0.00043 -2e-05 -5e-05)
(0.00044 -2e-05 -5e-05)
(0.00045 -2e-05 -5e-05)
(0.00046 -2e-05 -5e-05)
(0.00047 -2e-05 -5e-05)
(0.00048 -2e-05 -5e-05)
(0.00049 -2e-05 -5e-05)
(0.0005 -2e-05 -5e-05)
(0.00051 -2e-05 -5e-05)
(0.00052 -2e-05 -5e-05)
(0.00053 -2e-05 -5e-05)
(0.00054 -2e-05 -5e-05)
(0.00055 -2e-05 -5e-05)
(0.00056 -2e-05 -5e-05)
(0.00057 -2e-05 -5e-05)
(0.00058 -2e-05 -5e-05)
(0.00059 -2e-05 -5e-05)
(0.0006 -2e-05 -5e-05)
(0.00061 -2e-05 -5e-05)
(0.00062 -2e-05 -5e-05)
(0.00063 -2e-05 -5e-05)
(0.00064 -2e-05 -5e-05)
(0.00065 -2e-05 -5e-05)
(0.00066 -2e-05 -5e-05)
(0.00067 -2e-05 -5e-05)
(0.00068 -2e-05 -5e-05)
(0.00069 -2e-05 -5e-05)
(0.0007 -2e-05 -5e-05)
(0.00071 -2e-05 -5e-05)
(0.00072 -2e-05 -5e-05)
(0.00073 -2e-05 -5e-05)
(0.00074 -2e-05 -5e-05)
(0.00075 -2e-05 -5e-05)
(0.00076 -2e-05 -5e-05)
(0.00077 -2e-05 -5e-05)
(0.00078 -2e-05 -5e-05)
(0.00079 -2e-05 -5e-05)
(0.0008 -2e-05 -5e-05)
(0.00081 -2e-05 -5e-05)
(0.00082 -2e-05 -5e-05)
(0.00083 -2e-05 -5e-05)
(0.00084 -2e-05 -5e-05)
(0.00085 -2e-05 -5e-05)
(0.00086 -2e-05 -5e-05)
(0.00087 -2e-05 -5e-05)
(0.00088 -2e-05 -5e-05)
(0.00089 -2e-05 -5e-05)
(0.0009 -2e-05 -5e-05)
(0.00091 -2e-05 -5e-05)
(0.00092 -2e-05 -5e-05)
(0.00093 -2e-05 -5e-05)
(0.00094 -2e-05 -5e-05)
(0.00095 -2e-05 -5e-05)
(0.00096 -2e-05 -5e-05)
(0.00097 -2e-05 -5e-05)
(0.00098 -2e-05 -5e-05)
(0.00099 -2e-05 -5e-05)
(0.001 -2e-05 -5e-05)
(0.00101 -2e-05 -5e-05)
(0.00102 -2e-05 -5e-05)
(0.00103 -2e-05 -5e-05)
(0.00104 -2e-05 -5e-05)
(0.00105 -2e-05 -5e-05)
(0.00106 -2e-05 -5e-05)
(0.00107 -2e-05 -5e-05)
(0.00108 -2e-05 -5e-05)
(0.00109 -2e-05 -5e-05)
(0.0011 -2e-05 -5e-05)
(0.00111 -2e-05 -5e-05)
(0.00112 -2e-05 -5e-05)
(0.00113 -2e-05 -5e-05)
(0.00114 -2e-05 -5e-05)
(0.00115 -2e-05 -5e-05)
(0.00116 -2e-05 -5e-05)
(0.00117 -2e-05 -5e-05)
(0.00118 -2e-05 -5e-05)
(0.00119 -2e-05 -5e-05)
(0.0012 -2e-05 -5e-05)
(0.00121 -2e-05 -5e-05)
(0.00122 -2e-05 -5e-05)
(0.00123 -2e-05 -5e-05)
(0.00124 -2e-05 -5e-05)
(0.00125 -2e-05 -5e-05)
(0.00126 -2e-05 -5e-05)
(0.00127 -2e-05 -5e-05)
(0.00128 -2e-05 -5e-05)
(0.00129 -2e-05 -5e-05)
(0.0013 -2e-05 -5e-05)
(0.00131 -2e-05 -5e-05)
(0.00132 -2e-05 -5e-05)
(0.00133 -2e-05 -5e-05)
(0.00134 -2e-05 -5e-05)
(0.00135 -2e-05 -5e-05)
(0.00136 -2e-05 -5e-05)
(0.00137 -2e-05 -5e-05)
(0.00138 -2e-05 -5e-05)
(0.00139 -2e-05 -5e-05)
(0.0014 -2e-05 -5e-05)
(0.00141 -2e-05 -5e-05)
(0.00142 -2e-05 -5e-05)
(0.00143 -2e-05 -5e-05)
(0.00144 -2e-05 -5e-05)
(0.00145 -2e-05 -5e-05)
(0.00146 -2e-05 -5e-05)
(0.00147 -2e-05 -5e-05)
(0.00148 -2e-05 -5e-05)
(0.00149 -2e-05 -5e-05)
(0.0015 -2e-05 -5e-05)
(6e-05 -1e-05 -5e-05)
(7e-05 -1e-05 -5e-05)
(8e-05 -1e-05 -5e-05)
(9e-05 -1e-05 -5e-05)
(0.0001 -1e-05 -5e-05)
(0.00011 -1e-05 -5e-05)
(0.00012 -1e-05 -5e-05)
(0.00013 -1e-05 -5e-05)
(0.00014 -1e-05 -5e-05)
(0.00015 -1e-05 -5e-05)
(0.00016 -1e-05 -5e-05)
(0.00017 -1e-05 -5e-05)
(0.00018 -1e-05 -5e-05)
(0.00019 -1e-05 -5e-05)
(0.0002 -1e-05 -5e-05)
(0.00021 -1e-05 -5e-05)
(0.00022 -1e-05 -5e-05)
(0.00023 -1e-05 -5e-05)
(0.00024 -1e-05 -5e-05)
(0.00025 -1e-05 -5e-05)
(0.00026 -1e-05 -5e-05)
(0.00027 -1e-05 -5e-05)
(0.00028 -1e-05 -5e-05)
(0.00029 -1e-05 -5e-05)
(0.0003 -1e-05 -5e-05)
(0.00031 -1e-05 -5e-05)
(0.00032 -1e-05 -5e-05)
(0.00033 -1e-05 -5e-05)
(0.00034 -1e-05 -5e-05)
(0.00035 -1e-05 -5e-05)
(0.00036 -1e-05 -5e-05)
(0.00037 -1e-05 -5e-05)
(0.00038 -1e-05 -5e-05)
(0.00039 -1e-05 -5e-05)
(0.0004 -1e-05 -5e-05)
(0.00041 -1e-05 -5e-05)
(0.00042 -1e-05 -5e-05)
(0.00043 -1e-05 -5e-05)
(0.00044 -1e-05 -5e-05)
(0.00045 -1e-05 -5e-05)
(0.00046 -1e-05 -5e-05)
(0.00047 -1e-05 -5e-05)
(0.00048 -1e-05 -5e-05)
(0.00049 -1e-05 -5e-05)
(0.0005 -1e-05 -5e-05)
(0.00051 -1e-05 -5e-05)
(0.00052 -1e-05 -5e-05)
(0.00053 -1e-05 -5e-05)
(0.00054 -1e-05 -5e-05)
(0.00055 -1e-05 -5e-05)
(0.00056 -1e-05 -5e-05)
(0.00057 -1e-05 -5e-05)
(0.00058 -1e-05 -5e-05)
(0.00059 -1e-05 -5e-05)
(0.0006 -1e-05 -5e-05)
(0.00061 -1e-05 -5e-05)
(0.00062 -1e-05 -5e-05)
(0.00063 -1e-05 -5e-05)
(0.00064 -1e-05 -5e-05)
(0.00065 -1e-05 -5e-05)
(0.00066 -1e-05 -5e-05)
(0.00067 -1e-05 -5e-05)
(0.00068 -1e-05 -5e-05)
(0.00069 -1e-05 -5e-05)
(0.0007 -1e-05 -5e-05)
(0.00071 -1e-05 -5e-05)
(0.00072 -1e-05 -5e-05)
(0.00073 -1e-05 -5e-05)
(0.00074 -1e-05 -5e-05)
(0.00075 -1e-05 -5e-05)
(0.00076 -1e-05 -5e-05)
(0.00077 -1e-05 -5e-05)
(0.00078 -1e-05 -5e-05)
(0.00079 -1e-05 -5e-05)
(0.0008 -1e-05 -5e-05)
(0.00081 -1e-05 -5e-05)
(0.00082 -1e-05 -5e-05)
(0.00083 -1e-05 -5e-05)
(0.00084 -1e-05 -5e-05)
(0.00085 -1e-05 -5e-05)
(0.00086 -1e-05 -5e-05)
(0.00087 -1e-05 -5e-05)
(0.00088 -1e-05 -5e-05)
(0.00089 -1e-05 -5e-05)
(0.0009 -1e-05 -5e-05)
(0.00091 -1e-05 -5e-05)
(0.00092 -1e-05 -5e-05)
(0.00093 -1e-05 -5e-05)
(0.00094 -1e-05 -5e-05)
(0.00095 -1e-05 -5e-05)
(0.00096 -1e-05 -5e-05)
(0.00097 -1e-05 -5e-05)
(0.00098 -1e-05 -5e-05)
(0.00099 -1e-05 -5e-05)
(0.001 -1e-05 -5e-05)
(0.00101 -1e-05 -5e-05)
(0.00102 -1e-05 -5e-05)
(0.00103 -1e-05 -5e-05)
(0.00104 -1e-05 -5e-05)
(0.00105 -1e-05 -5e-05)
(0.00106 -1e-05 -5e-05)
(0.00107 -1e-05 -5e-05)
(0.00108 -1e-05 -5e-05)
(0.00109 -1e-05 -5e-05)
(0.0011 -1e-05 -5e-05)
(0.00111 -1e-05 -5e-05)
(0.00112 -1e-05 -5e-05)
(0.00113 -1e-05 -5e-05)
(0.00114 -1e-05 -5e-05)
(0.00115 -1e-05 -5e-05)
(0.00116 -1e-05 -5e-05)
(0.00117 -1e-05 -5e-05)
(0.00118 -1e-05 -5e-05)
(0.00119 -1e-05 -5e-05)
(0.0012 -1e-05 -5e-05)
(0.00121 -1e-05 -5e-05)
(0.00122 -1e-05 -5e-05)
(0.00123 -1e-05 -5e-05)
(0.00124 -1e-05 -5e-05)
(0.00125 -1e-05 -5e-05)
(0.00126 -1e-05 -5e-05)
(0.00127 -1e-05 -5e-05)
(0.00128 -1e-05 -5e-05)
(0.00129 -1e-05 -5e-05)
(0.0013 -1e-05 -5e-05)
(0.00131 -1e-05 -5e-05)
(0.00132 -1e-05 -5e-05)
(0.00133 -1e-05 -5e-05)
(0.00134 -1e-05 -5e-05)
(0.00135 -1e-05 -5e-05)
(0.00136 -1e-05 -5e-05)
(0.00137 -1e-05 -5e-05)
(0.00138 -1e-05 -5e-05)
(0.00139 -1e-05 -5e-05)
(0.0014 -1e-05 -5e-05)
(0.00141 -1e-05 -5e-05)
(0.00142 -1e-05 -5e-05)
(0.00143 -1e-05 -5e-05)
(0.00144 -1e-05 -5e-05)
(0.00145 -1e-05 -5e-05)
(0.00146 -1e-05 -5e-05)
(0.00147 -1e-05 -5e-05)
(0.00148 -1e-05 -5e-05)
(0.00149 -1e-05 -5e-05)
(0.0015 -1e-05 -5e-05)
(6e-05 0 -5e-05)
(7e-05 0 -5e-05)
(8e-05 0 -5e-05)
(9e-05 0 -5e-05)
(0.0001 0 -5e-05)
(0.00011 0 -5e-05)
(0.00012 0 -5e-05)
(0.00013 0 -5e-05)
(0.00014 0 -5e-05)
(0.00015 0 -5e-05)
(0.00016 0 -5e-05)
(0.00017 0 -5e-05)
(0.00018 0 -5e-05)
(0.00019 0 -5e-05)
(0.0002 0 -5e-05)
(0.00021 0 -5e-05)
(0.00022 0 -5e-05)
(0.00023 0 -5e-05)
(0.00024 0 -5e-05)
(0.00025 0 -5e-05)
(0.00026 0 -5e-05)
(0.00027 0 -5e-05)
(0.00028 0 -5e-05)
(0.00029 0 -5e-05)
(0.0003 0 -5e-05)
(0.00031 0 -5e-05)
(0.00032 0 -5e-05)
(0.00033 0 -5e-05)
(0.00034 0 -5e-05)
(0.00035 0 -5e-05)
(0.00036 -1.129377263e-21 -5e-05)
(0.00037 1.129377263e-21 -5e-05)
(0.00038 0 -5e-05)
(0.00039 0 -5e-05)
(0.0004 0 -5e-05)
(0.00041 0 -5e-05)
(0.00042 0 -5e-05)
(0.00043 0 -5e-05)
(0.00044 0 -5e-05)
(0.00045 -1.129377263e-21 -5e-05)
(0.00046 1.129377263e-21 -5e-05)
(0.00047 0 -5e-05)
(0.00048 0 -5e-05)
(0.00049 0 -5e-05)
(0.0005 0 -5e-05)
(0.00051 0 -5e-05)
(0.00052 0 -5e-05)
(0.00053 0 -5e-05)
(0.00054 -1.129377263e-21 -5e-05)
(0.00055 1.129377263e-21 -5e-05)
(0.00056 0 -5e-05)
(0.00057 1.129377263e-21 -5e-05)
(0.00058 0 -5e-05)
(0.00059 0 -5e-05)
(0.0006 0 -5e-05)
(0.00061 0 -5e-05)
(0.00062 0 -5e-05)
(0.00063 0 -5e-05)
(0.00064 -5.646886315e-22 -5e-05)
(0.00065 -5.646886315e-22 -5e-05)
(0.00066 -5.646886315e-22 -5e-05)
(0.00067 -5.646886315e-22 -5e-05)
(0.00068 0 -5e-05)
(0.00069 0 -5e-05)
(0.0007 0 -5e-05)
(0.00071 0 -5e-05)
(0.00072 5.646886315e-22 -5e-05)
(0.00073 5.646886315e-22 -5e-05)
(0.00074 5.646886315e-22 -5e-05)
(0.00075 5.646886315e-22 -5e-05)
(0.00076 0 -5e-05)
(0.00077 0 -5e-05)
(0.00078 0 -5e-05)
(0.00079 0 -5e-05)
(0.0008 0 -5e-05)
(0.00081 0 -5e-05)
(0.00082 0 -5e-05)
(0.00083 0 -5e-05)
(0.00084 0 -5e-05)
(0.00085 0 -5e-05)
(0.00086 0 -5e-05)
(0.00087 0 -5e-05)
(0.00088 0 -5e-05)
(0.00089 0 -5e-05)
(0.0009 0 -5e-05)
(0.00091 0 -5e-05)
(0.00092 0 -5e-05)
(0.00093 0 -5e-05)
(0.00094 0 -5e-05)
(0.00095 0 -5e-05)
(0.00096 5.646886315e-22 -5e-05)
(0.00097 5.646886315e-22 -5e-05)
(0.00098 0 -5e-05)
(0.00099 0 -5e-05)
(0.001 5.646886315e-22 -5e-05)
(0.00101 -5.646886315e-22 -5e-05)
(0.00102 -5.646886315e-22 -5e-05)
(0.00103 0 -5e-05)
(0.00104 0 -5e-05)
(0.00105 5.646886315e-22 -5e-05)
(0.00106 2.823443158e-22 -5e-05)
(0.00107 0 -5e-05)
(0.00108 -2.823443158e-22 -5e-05)
(0.00109 5.646886315e-22 -5e-05)
(0.0011 -5.646886315e-22 -5e-05)
(0.00111 2.823443158e-22 -5e-05)
(0.00112 0 -5e-05)
(0.00113 -2.823443158e-22 -5e-05)
(0.00114 2.823443158e-22 -5e-05)
(0.00115 2.823443158e-22 -5e-05)
(0.00116 0 -5e-05)
(0.00117 -2.823443158e-22 -5e-05)
(0.00118 5.646886315e-22 -5e-05)
(0.00119 2.823443158e-22 -5e-05)
(0.0012 0 -5e-05)
(0.00121 -2.823443158e-22 -5e-05)
(0.00122 -5.646886315e-22 -5e-05)
(0.00123 2.823443158e-22 -5e-05)
(0.00124 0 -5e-05)
(0.00125 -2.823443158e-22 -5e-05)
(0.00126 -2.823443158e-22 -5e-05)
(0.00127 -5.646886315e-22 -5e-05)
(0.00128 2.823443158e-22 -5e-05)
(0.00129 0 -5e-05)
(0.0013 -4.235164736e-22 -5e-05)
(0.00131 4.235164736e-22 -5e-05)
(0.00132 1.411721579e-22 -5e-05)
(0.00133 0 -5e-05)
(0.00134 -2.823443158e-22 -5e-05)
(0.00135 5.646886315e-22 -5e-05)
(0.00136 4.235164736e-22 -5e-05)
(0.00137 1.411721579e-22 -5e-05)
(0.00138 -2.823443158e-22 -5e-05)
(0.00139 5.646886315e-22 -5e-05)
(0.0014 3.529303947e-22 -5e-05)
(0.00141 7.058607894e-23 -5e-05)
(0.00142 -1.411721579e-22 -5e-05)
(0.00143 -3.529303947e-22 -5e-05)
(0.00144 4.941025526e-22 -5e-05)
(0.00145 2.823443158e-22 -5e-05)
(0.00146 -1.764651973e-22 -5e-05)
(0.00147 -4.235164736e-22 -5e-05)
(0.00148 4.764560328e-22 -5e-05)
(0.00149 2.382280164e-22 -5e-05)
(0.0015 0 -5e-05)
(6e-05 1e-05 -5e-05)
(7e-05 1e-05 -5e-05)
(8e-05 1e-05 -5e-05)
(9e-05 1e-05 -5e-05)
(0.0001 1e-05 -5e-05)
(0.00011 1e-05 -5e-05)
(0.00012 1e-05 -5e-05)
(0.00013 1e-05 -5e-05)
(0.00014 1e-05 -5e-05)
(0.00015 1e-05 -5e-05)
(0.00016 1e-05 -5e-05)
(0.00017 1e-05 -5e-05)
(0.00018 1e-05 -5e-05)
(0.00019 1e-05 -5e-05)
(0.0002 1e-05 -5e-05)
(0.00021 1e-05 -5e-05)
(0.00022 1e-05 -5e-05)
(0.00023 1e-05 -5e-05)
(0.00024 1e-05 -5e-05)
(0.00025 1e-05 -5e-05)
(0.00026 1e-05 -5e-05)
(0.00027 1e-05 -5e-05)
(0.00028 1e-05 -5e-05)
(0.00029 1e-05 -5e-05)
(0.0003 1e-05 -5e-05)
(0.00031 1e-05 -5e-05)
(0.00032 1e-05 -5e-05)
(0.00033 1e-05 -5e-05)
(0.00034 1e-05 -5e-05)
(0.00035 1e-05 -5e-05)
(0.00036 1e-05 -5e-05)
(0.00037 1e-05 -5e-05)
(0.00038 1e-05 -5e-05)
(0.00039 1e-05 -5e-05)
(0.0004 1e-05 -5e-05)
(0.00041 1e-05 -5e-05)
(0.00042 1e-05 -5e-05)
(0.00043 1e-05 -5e-05)
(0.00044 1e-05 -5e-05)
(0.00045 1e-05 -5e-05)
(0.00046 1e-05 -5e-05)
(0.00047 1e-05 -5e-05)
(0.00048 1e-05 -5e-05)
(0.00049 1e-05 -5e-05)
(0.0005 1e-05 -5e-05)
(0.00051 1e-05 -5e-05)
(0.00052 1e-05 -5e-05)
(0.00053 1e-05 -5e-05)
(0.00054 1e-05 -5e-05)
(0.00055 1e-05 -5e-05)
(0.00056 1e-05 -5e-05)
(0.00057 1e-05 -5e-05)
(0.00058 1e-05 -5e-05)
(0.00059 1e-05 -5e-05)
(0.0006 1e-05 -5e-05)
(0.00061 1e-05 -5e-05)
(0.00062 1e-05 -5e-05)
(0.00063 1e-05 -5e-05)
(0.00064 1e-05 -5e-05)
(0.00065 1e-05 -5e-05)
(0.00066 1e-05 -5e-05)
(0.00067 1e-05 -5e-05)
(0.00068 1e-05 -5e-05)
(0.00069 1e-05 -5e-05)
(0.0007 1e-05 -5e-05)
(0.00071 1e-05 -5e-05)
(0.00072 1e-05 -5e-05)
(0.00073 1e-05 -5e-05)
(0.00074 1e-05 -5e-05)
(0.00075 1e-05 -5e-05)
(0.00076 1e-05 -5e-05)
(0.00077 1e-05 -5e-05)
(0.00078 1e-05 -5e-05)
(0.00079 1e-05 -5e-05)
(0.0008 1e-05 -5e-05)
(0.00081 1e-05 -5e-05)
(0.00082 1e-05 -5e-05)
(0.00083 1e-05 -5e-05)
(0.00084 1e-05 -5e-05)
(0.00085 1e-05 -5e-05)
(0.00086 1e-05 -5e-05)
(0.00087 1e-05 -5e-05)
(0.00088 1e-05 -5e-05)
(0.00089 1e-05 -5e-05)
(0.0009 1e-05 -5e-05)
(0.00091 1e-05 -5e-05)
(0.00092 1e-05 -5e-05)
(0.00093 1e-05 -5e-05)
(0.00094 1e-05 -5e-05)
(0.00095 1e-05 -5e-05)
(0.00096 1e-05 -5e-05)
(0.00097 1e-05 -5e-05)
(0.00098 1e-05 -5e-05)
(0.00099 1e-05 -5e-05)
(0.001 1e-05 -5e-05)
(0.00101 1e-05 -5e-05)
(0.00102 1e-05 -5e-05)
(0.00103 1e-05 -5e-05)
(0.00104 1e-05 -5e-05)
(0.00105 1e-05 -5e-05)
(0.00106 1e-05 -5e-05)
(0.00107 1e-05 -5e-05)
(0.00108 1e-05 -5e-05)
(0.00109 1e-05 -5e-05)
(0.0011 1e-05 -5e-05)
(0.00111 1e-05 -5e-05)
(0.00112 1e-05 -5e-05)
(0.00113 1e-05 -5e-05)
(0.00114 1e-05 -5e-05)
(0.00115 1e-05 -5e-05)
(0.00116 1e-05 -5e-05)
(0.00117 1e-05 -5e-05)
(0.00118 1e-05 -5e-05)
(0.00119 1e-05 -5e-05)
(0.0012 1e-05 -5e-05)
(0.00121 1e-05 -5e-05)
(0.00122 1e-05 -5e-05)
(0.00123 1e-05 -5e-05)
(0.00124 1e-05 -5e-05)
(0.00125 1e-05 -5e-05)
(0.00126 1e-05 -5e-05)
(0.00127 1e-05 -5e-05)
(0.00128 1e-05 -5e-05)
(0.00129 1e-05 -5e-05)
(0.0013 1e-05 -5e-05)
(0.00131 1e-05 -5e-05)
(0.00132 1e-05 -5e-05)
(0.00133 1e-05 -5e-05)
(0.00134 1e-05 -5e-05)
(0.00135 1e-05 -5e-05)
(0.00136 1e-05 -5e-05)
(0.00137 1e-05 -5e-05)
(0.00138 1e-05 -5e-05)
(0.00139 1e-05 -5e-05)
(0.0014 1e-05 -5e-05)
(0.00141 1e-05 -5e-05)
(0.00142 1e-05 -5e-05)
(0.00143 1e-05 -5e-05)
(0.00144 1e-05 -5e-05)
(0.00145 1e-05 -5e-05)
(0.00146 1e-05 -5e-05)
(0.00147 1e-05 -5e-05)
(0.00148 1e-05 -5e-05)
(0.00149 1e-05 -5e-05)
(0.0015 1e-05 -5e-05)
(6e-05 2e-05 -5e-05)
(7e-05 2e-05 -5e-05)
(8e-05 2e-05 -5e-05)
(9e-05 2e-05 -5e-05)
(0.0001 2e-05 -5e-05)
(0.00011 2e-05 -5e-05)
(0.00012 2e-05 -5e-05)
(0.00013 2e-05 -5e-05)
(0.00014 2e-05 -5e-05)
(0.00015 2e-05 -5e-05)
(0.00016 2e-05 -5e-05)
(0.00017 2e-05 -5e-05)
(0.00018 2e-05 -5e-05)
(0.00019 2e-05 -5e-05)
(0.0002 2e-05 -5e-05)
(0.00021 2e-05 -5e-05)
(0.00022 2e-05 -5e-05)
(0.00023 2e-05 -5e-05)
(0.00024 2e-05 -5e-05)
(0.00025 2e-05 -5e-05)
(0.00026 2e-05 -5e-05)
(0.00027 2e-05 -5e-05)
(0.00028 2e-05 -5e-05)
(0.00029 2e-05 -5e-05)
(0.0003 2e-05 -5e-05)
(0.00031 2e-05 -5e-05)
(0.00032 2e-05 -5e-05)
(0.00033 2e-05 -5e-05)
(0.00034 2e-05 -5e-05)
(0.00035 2e-05 -5e-05)
(0.00036 2e-05 -5e-05)
(0.00037 2e-05 -5e-05)
(0.00038 2e-05 -5e-05)
(0.00039 2e-05 -5e-05)
(0.0004 2e-05 -5e-05)
(0.00041 2e-05 -5e-05)
(0.00042 2e-05 -5e-05)
(0.00043 2e-05 -5e-05)
(0.00044 2e-05 -5e-05)
(0.00045 2e-05 -5e-05)
(0.00046 2e-05 -5e-05)
(0.00047 2e-05 -5e-05)
(0.00048 2e-05 -5e-05)
(0.00049 2e-05 -5e-05)
(0.0005 2e-05 -5e-05)
(0.00051 2e-05 -5e-05)
(0.00052 2e-05 -5e-05)
(0.00053 2e-05 -5e-05)
(0.00054 2e-05 -5e-05)
(0.00055 2e-05 -5e-05)
(0.00056 2e-05 -5e-05)
(0.00057 2e-05 -5e-05)
(0.00058 2e-05 -5e-05)
(0.00059 2e-05 -5e-05)
(0.0006 2e-05 -5e-05)
(0.00061 2e-05 -5e-05)
(0.00062 2e-05 -5e-05)
(0.00063 2e-05 -5e-05)
(0.00064 2e-05 -5e-05)
(0.00065 2e-05 -5e-05)
(0.00066 2e-05 -5e-05)
(0.00067 2e-05 -5e-05)
(0.00068 2e-05 -5e-05)
(0.00069 2e-05 -5e-05)
(0.0007 2e-05 -5e-05)
(0.00071 2e-05 -5e-05)
(0.00072 2e-05 -5e-05)
(0.00073 2e-05 -5e-05)
(0.00074 2e-05 -5e-05)
(0.00075 2e-05 -5e-05)
(0.00076 2e-05 -5e-05)
(0.00077 2e-05 -5e-05)
(0.00078 2e-05 -5e-05)
(0.00079 2e-05 -5e-05)
(0.0008 2e-05 -5e-05)
(0.00081 2e-05 -5e-05)
(0.00082 2e-05 -5e-05)
(0.00083 2e-05 -5e-05)
(0.00084 2e-05 -5e-05)
(0.00085 2e-05 -5e-05)
(0.00086 2e-05 -5e-05)
(0.00087 2e-05 -5e-05)
(0.00088 2e-05 -5e-05)
(0.00089 2e-05 -5e-05)
(0.0009 2e-05 -5e-05)
(0.00091 2e-05 -5e-05)
(0.00092 2e-05 -5e-05)
(0.00093 2e-05 -5e-05)
(0.00094 2e-05 -5e-05)
(0.00095 2e-05 -5e-05)
(0.00096 2e-05 -5e-05)
(0.00097 2e-05 -5e-05)
(0.00098 2e-05 -5e-05)
(0.00099 2e-05 -5e-05)
(0.001 2e-05 -5e-05)
(0.00101 2e-05 -5e-05)
(0.00102 2e-05 -5e-05)
(0.00103 2e-05 -5e-05)
(0.00104 2e-05 -5e-05)
(0.00105 2e-05 -5e-05)
(0.00106 2e-05 -5e-05)
(0.00107 2e-05 -5e-05)
(0.00108 2e-05 -5e-05)
(0.00109 2e-05 -5e-05)
(0.0011 2e-05 -5e-05)
(0.00111 2e-05 -5e-05)
(0.00112 2e-05 -5e-05)
(0.00113 2e-05 -5e-05)
(0.00114 2e-05 -5e-05)
(0.00115 2e-05 -5e-05)
(0.00116 2e-05 -5e-05)
(0.00117 2e-05 -5e-05)
(0.00118 2e-05 -5e-05)
(0.00119 2e-05 -5e-05)
(0.0012 2e-05 -5e-05)
(0.00121 2e-05 -5e-05)
(0.00122 2e-05 -5e-05)
(0.00123 2e-05 -5e-05)
(0.00124 2e-05 -5e-05)
(0.00125 2e-05 -5e-05)
(0.00126 2e-05 -5e-05)
(0.00127 2e-05 -5e-05)
(0.00128 2e-05 -5e-05)
(0.00129 2e-05 -5e-05)
(0.0013 2e-05 -5e-05)
(0.00131 2e-05 -5e-05)
(0.00132 2e-05 -5e-05)
(0.00133 2e-05 -5e-05)
(0.00134 2e-05 -5e-05)
(0.00135 2e-05 -5e-05)
(0.00136 2e-05 -5e-05)
(0.00137 2e-05 -5e-05)
(0.00138 2e-05 -5e-05)
(0.00139 2e-05 -5e-05)
(0.0014 2e-05 -5e-05)
(0.00141 2e-05 -5e-05)
(0.00142 2e-05 -5e-05)
(0.00143 2e-05 -5e-05)
(0.00144 2e-05 -5e-05)
(0.00145 2e-05 -5e-05)
(0.00146 2e-05 -5e-05)
(0.00147 2e-05 -5e-05)
(0.00148 2e-05 -5e-05)
(0.00149 2e-05 -5e-05)
(0.0015 2e-05 -5e-05)
(6e-05 3e-05 -5e-05)
(7e-05 3e-05 -5e-05)
(8e-05 3e-05 -5e-05)
(9e-05 3e-05 -5e-05)
(0.0001 3e-05 -5e-05)
(0.00011 3e-05 -5e-05)
(0.00012 3e-05 -5e-05)
(0.00013 3e-05 -5e-05)
(0.00014 3e-05 -5e-05)
(0.00015 3e-05 -5e-05)
(0.00016 3e-05 -5e-05)
(0.00017 3e-05 -5e-05)
(0.00018 3e-05 -5e-05)
(0.00019 3e-05 -5e-05)
(0.0002 3e-05 -5e-05)
(0.00021 3e-05 -5e-05)
(0.00022 3e-05 -5e-05)
(0.00023 3e-05 -5e-05)
(0.00024 3e-05 -5e-05)
(0.00025 3e-05 -5e-05)
(0.00026 3e-05 -5e-05)
(0.00027 3e-05 -5e-05)
(0.00028 3e-05 -5e-05)
(0.00029 3e-05 -5e-05)
(0.0003 3e-05 -5e-05)
(0.00031 3e-05 -5e-05)
(0.00032 3e-05 -5e-05)
(0.00033 3e-05 -5e-05)
(0.00034 3e-05 -5e-05)
(0.00035 3e-05 -5e-05)
(0.00036 3e-05 -5e-05)
(0.00037 3e-05 -5e-05)
(0.00038 3e-05 -5e-05)
(0.00039 3e-05 -5e-05)
(0.0004 3e-05 -5e-05)
(0.00041 3e-05 -5e-05)
(0.00042 3e-05 -5e-05)
(0.00043 3e-05 -5e-05)
(0.00044 3e-05 -5e-05)
(0.00045 3e-05 -5e-05)
(0.00046 3e-05 -5e-05)
(0.00047 3e-05 -5e-05)
(0.00048 3e-05 -5e-05)
(0.00049 3e-05 -5e-05)
(0.0005 3e-05 -5e-05)
(0.00051 3e-05 -5e-05)
(0.00052 3e-05 -5e-05)
(0.00053 3e-05 -5e-05)
(0.00054 3e-05 -5e-05)
(0.00055 3e-05 -5e-05)
(0.00056 3e-05 -5e-05)
(0.00057 3e-05 -5e-05)
(0.00058 3e-05 -5e-05)
(0.00059 3e-05 -5e-05)
(0.0006 3e-05 -5e-05)
(0.00061 3e-05 -5e-05)
(0.00062 3e-05 -5e-05)
(0.00063 3e-05 -5e-05)
(0.00064 3e-05 -5e-05)
(0.00065 3e-05 -5e-05)
(0.00066 3e-05 -5e-05)
(0.00067 3e-05 -5e-05)
(0.00068 3e-05 -5e-05)
(0.00069 3e-05 -5e-05)
(0.0007 3e-05 -5e-05)
(0.00071 3e-05 -5e-05)
(0.00072 3e-05 -5e-05)
(0.00073 3e-05 -5e-05)
(0.00074 3e-05 -5e-05)
(0.00075 3e-05 -5e-05)
(0.00076 3e-05 -5e-05)
(0.00077 3e-05 -5e-05)
(0.00078 3e-05 -5e-05)
(0.00079 3e-05 -5e-05)
(0.0008 3e-05 -5e-05)
(0.00081 3e-05 -5e-05)
(0.00082 3e-05 -5e-05)
(0.00083 3e-05 -5e-05)
(0.00084 3e-05 -5e-05)
(0.00085 3e-05 -5e-05)
(0.00086 3e-05 -5e-05)
(0.00087 3e-05 -5e-05)
(0.00088 3e-05 -5e-05)
(0.00089 3e-05 -5e-05)
(0.0009 3e-05 -5e-05)
(0.00091 3e-05 -5e-05)
(0.00092 3e-05 -5e-05)
(0.00093 3e-05 -5e-05)
(0.00094 3e-05 -5e-05)
(0.00095 3e-05 -5e-05)
(0.00096 3e-05 -5e-05)
(0.00097 3e-05 -5e-05)
(0.00098 3e-05 -5e-05)
(0.00099 3e-05 -5e-05)
(0.001 3e-05 -5e-05)
(0.00101 3e-05 -5e-05)
(0.00102 3e-05 -5e-05)
(0.00103 3e-05 -5e-05)
(0.00104 3e-05 -5e-05)
(0.00105 3e-05 -5e-05)
(0.00106 3e-05 -5e-05)
(0.00107 3e-05 -5e-05)
(0.00108 3e-05 -5e-05)
(0.00109 3e-05 -5e-05)
(0.0011 3e-05 -5e-05)
(0.00111 3e-05 -5e-05)
(0.00112 3e-05 -5e-05)
(0.00113 3e-05 -5e-05)
(0.00114 3e-05 -5e-05)
(0.00115 3e-05 -5e-05)
(0.00116 3e-05 -5e-05)
(0.00117 3e-05 -5e-05)
(0.00118 3e-05 -5e-05)
(0.00119 3e-05 -5e-05)
(0.0012 3e-05 -5e-05)
(0.00121 3e-05 -5e-05)
(0.00122 3e-05 -5e-05)
(0.00123 3e-05 -5e-05)
(0.00124 3e-05 -5e-05)
(0.00125 3e-05 -5e-05)
(0.00126 3e-05 -5e-05)
(0.00127 3e-05 -5e-05)
(0.00128 3e-05 -5e-05)
(0.00129 3e-05 -5e-05)
(0.0013 3e-05 -5e-05)
(0.00131 3e-05 -5e-05)
(0.00132 3e-05 -5e-05)
(0.00133 3e-05 -5e-05)
(0.00134 3e-05 -5e-05)
(0.00135 3e-05 -5e-05)
(0.00136 3e-05 -5e-05)
(0.00137 3e-05 -5e-05)
(0.00138 3e-05 -5e-05)
(0.00139 3e-05 -5e-05)
(0.0014 3e-05 -5e-05)
(0.00141 3e-05 -5e-05)
(0.00142 3e-05 -5e-05)
(0.00143 3e-05 -5e-05)
(0.00144 3e-05 -5e-05)
(0.00145 3e-05 -5e-05)
(0.00146 3e-05 -5e-05)
(0.00147 3e-05 -5e-05)
(0.00148 3e-05 -5e-05)
(0.00149 3e-05 -5e-05)
(0.0015 3e-05 -5e-05)
(6e-05 4e-05 -5e-05)
(7e-05 4e-05 -5e-05)
(8e-05 4e-05 -5e-05)
(9e-05 4e-05 -5e-05)
(0.0001 4e-05 -5e-05)
(0.00011 4e-05 -5e-05)
(0.00012 4e-05 -5e-05)
(0.00013 4e-05 -5e-05)
(0.00014 4e-05 -5e-05)
(0.00015 4e-05 -5e-05)
(0.00016 4e-05 -5e-05)
(0.00017 4e-05 -5e-05)
(0.00018 4e-05 -5e-05)
(0.00019 4e-05 -5e-05)
(0.0002 4e-05 -5e-05)
(0.00021 4e-05 -5e-05)
(0.00022 4e-05 -5e-05)
(0.00023 4e-05 -5e-05)
(0.00024 4e-05 -5e-05)
(0.00025 4e-05 -5e-05)
(0.00026 4e-05 -5e-05)
(0.00027 4e-05 -5e-05)
(0.00028 4e-05 -5e-05)
(0.00029 4e-05 -5e-05)
(0.0003 4e-05 -5e-05)
(0.00031 4e-05 -5e-05)
(0.00032 4e-05 -5e-05)
(0.00033 4e-05 -5e-05)
(0.00034 4e-05 -5e-05)
(0.00035 4e-05 -5e-05)
(0.00036 4e-05 -5e-05)
(0.00037 4e-05 -5e-05)
(0.00038 4e-05 -5e-05)
(0.00039 4e-05 -5e-05)
(0.0004 4e-05 -5e-05)
(0.00041 4e-05 -5e-05)
(0.00042 4e-05 -5e-05)
(0.00043 4e-05 -5e-05)
(0.00044 4e-05 -5e-05)
(0.00045 4e-05 -5e-05)
(0.00046 4e-05 -5e-05)
(0.00047 4e-05 -5e-05)
(0.00048 4e-05 -5e-05)
(0.00049 4e-05 -5e-05)
(0.0005 4e-05 -5e-05)
(0.00051 4e-05 -5e-05)
(0.00052 4e-05 -5e-05)
(0.00053 4e-05 -5e-05)
(0.00054 4e-05 -5e-05)
(0.00055 4e-05 -5e-05)
(0.00056 4e-05 -5e-05)
(0.00057 4e-05 -5e-05)
(0.00058 4e-05 -5e-05)
(0.00059 4e-05 -5e-05)
(0.0006 4e-05 -5e-05)
(0.00061 4e-05 -5e-05)
(0.00062 4e-05 -5e-05)
(0.00063 4e-05 -5e-05)
(0.00064 4e-05 -5e-05)
(0.00065 4e-05 -5e-05)
(0.00066 4e-05 -5e-05)
(0.00067 4e-05 -5e-05)
(0.00068 4e-05 -5e-05)
(0.00069 4e-05 -5e-05)
(0.0007 4e-05 -5e-05)
(0.00071 4e-05 -5e-05)
(0.00072 4e-05 -5e-05)
(0.00073 4e-05 -5e-05)
(0.00074 4e-05 -5e-05)
(0.00075 4e-05 -5e-05)
(0.00076 4e-05 -5e-05)
(0.00077 4e-05 -5e-05)
(0.00078 4e-05 -5e-05)
(0.00079 4e-05 -5e-05)
(0.0008 4e-05 -5e-05)
(0.00081 4e-05 -5e-05)
(0.00082 4e-05 -5e-05)
(0.00083 4e-05 -5e-05)
(0.00084 4e-05 -5e-05)
(0.00085 4e-05 -5e-05)
(0.00086 4e-05 -5e-05)
(0.00087 4e-05 -5e-05)
(0.00088 4e-05 -5e-05)
(0.00089 4e-05 -5e-05)
(0.0009 4e-05 -5e-05)
(0.00091 4e-05 -5e-05)
(0.00092 4e-05 -5e-05)
(0.00093 4e-05 -5e-05)
(0.00094 4e-05 -5e-05)
(0.00095 4e-05 -5e-05)
(0.00096 4e-05 -5e-05)
(0.00097 4e-05 -5e-05)
(0.00098 4e-05 -5e-05)
(0.00099 4e-05 -5e-05)
(0.001 4e-05 -5e-05)
(0.00101 4e-05 -5e-05)
(0.00102 4e-05 -5e-05)
(0.00103 4e-05 -5e-05)
(0.00104 4e-05 -5e-05)
(0.00105 4e-05 -5e-05)
(0.00106 4e-05 -5e-05)
(0.00107 4e-05 -5e-05)
(0.00108 4e-05 -5e-05)
(0.00109 4e-05 -5e-05)
(0.0011 4e-05 -5e-05)
(0.00111 4e-05 -5e-05)
(0.00112 4e-05 -5e-05)
(0.00113 4e-05 -5e-05)
(0.00114 4e-05 -5e-05)
(0.00115 4e-05 -5e-05)
(0.00116 4e-05 -5e-05)
(0.00117 4e-05 -5e-05)
(0.00118 4e-05 -5e-05)
(0.00119 4e-05 -5e-05)
(0.0012 4e-05 -5e-05)
(0.00121 4e-05 -5e-05)
(0.00122 4e-05 -5e-05)
(0.00123 4e-05 -5e-05)
(0.00124 4e-05 -5e-05)
(0.00125 4e-05 -5e-05)
(0.00126 4e-05 -5e-05)
(0.00127 4e-05 -5e-05)
(0.00128 4e-05 -5e-05)
(0.00129 4e-05 -5e-05)
(0.0013 4e-05 -5e-05)
(0.00131 4e-05 -5e-05)
(0.00132 4e-05 -5e-05)
(0.00133 4e-05 -5e-05)
(0.00134 4e-05 -5e-05)
(0.00135 4e-05 -5e-05)
(0.00136 4e-05 -5e-05)
(0.00137 4e-05 -5e-05)
(0.00138 4e-05 -5e-05)
(0.00139 4e-05 -5e-05)
(0.0014 4e-05 -5e-05)
(0.00141 4e-05 -5e-05)
(0.00142 4e-05 -5e-05)
(0.00143 4e-05 -5e-05)
(0.00144 4e-05 -5e-05)
(0.00145 4e-05 -5e-05)
(0.00146 4e-05 -5e-05)
(0.00147 4e-05 -5e-05)
(0.00148 4e-05 -5e-05)
(0.00149 4e-05 -5e-05)
(0.0015 4e-05 -5e-05)
(6e-05 5e-05 -5e-05)
(7e-05 5e-05 -5e-05)
(8e-05 5e-05 -5e-05)
(9e-05 5e-05 -5e-05)
(0.0001 5e-05 -5e-05)
(0.00011 5e-05 -5e-05)
(0.00012 5e-05 -5e-05)
(0.00013 5e-05 -5e-05)
(0.00014 5e-05 -5e-05)
(0.00015 5e-05 -5e-05)
(0.00016 5e-05 -5e-05)
(0.00017 5e-05 -5e-05)
(0.00018 5e-05 -5e-05)
(0.00019 5e-05 -5e-05)
(0.0002 5e-05 -5e-05)
(0.00021 5e-05 -5e-05)
(0.00022 5e-05 -5e-05)
(0.00023 5e-05 -5e-05)
(0.00024 5e-05 -5e-05)
(0.00025 5e-05 -5e-05)
(0.00026 5e-05 -5e-05)
(0.00027 5e-05 -5e-05)
(0.00028 5e-05 -5e-05)
(0.00029 5e-05 -5e-05)
(0.0003 5e-05 -5e-05)
(0.00031 5e-05 -5e-05)
(0.00032 5e-05 -5e-05)
(0.00033 5e-05 -5e-05)
(0.00034 5e-05 -5e-05)
(0.00035 5e-05 -5e-05)
(0.00036 5e-05 -5e-05)
(0.00037 5e-05 -5e-05)
(0.00038 5e-05 -5e-05)
(0.00039 5e-05 -5e-05)
(0.0004 5e-05 -5e-05)
(0.00041 5e-05 -5e-05)
(0.00042 5e-05 -5e-05)
(0.00043 5e-05 -5e-05)
(0.00044 5e-05 -5e-05)
(0.00045 5e-05 -5e-05)
(0.00046 5e-05 -5e-05)
(0.00047 5e-05 -5e-05)
(0.00048 5e-05 -5e-05)
(0.00049 5e-05 -5e-05)
(0.0005 5e-05 -5e-05)
(0.00051 5e-05 -5e-05)
(0.00052 5e-05 -5e-05)
(0.00053 5e-05 -5e-05)
(0.00054 5e-05 -5e-05)
(0.00055 5e-05 -5e-05)
(0.00056 5e-05 -5e-05)
(0.00057 5e-05 -5e-05)
(0.00058 5e-05 -5e-05)
(0.00059 5e-05 -5e-05)
(0.0006 5e-05 -5e-05)
(0.00061 5e-05 -5e-05)
(0.00062 5e-05 -5e-05)
(0.00063 5e-05 -5e-05)
(0.00064 5e-05 -5e-05)
(0.00065 5e-05 -5e-05)
(0.00066 5e-05 -5e-05)
(0.00067 5e-05 -5e-05)
(0.00068 5e-05 -5e-05)
(0.00069 5e-05 -5e-05)
(0.0007 5e-05 -5e-05)
(0.00071 5e-05 -5e-05)
(0.00072 5e-05 -5e-05)
(0.00073 5e-05 -5e-05)
(0.00074 5e-05 -5e-05)
(0.00075 5e-05 -5e-05)
(0.00076 5e-05 -5e-05)
(0.00077 5e-05 -5e-05)
(0.00078 5e-05 -5e-05)
(0.00079 5e-05 -5e-05)
(0.0008 5e-05 -5e-05)
(0.00081 5e-05 -5e-05)
(0.00082 5e-05 -5e-05)
(0.00083 5e-05 -5e-05)
(0.00084 5e-05 -5e-05)
(0.00085 5e-05 -5e-05)
(0.00086 5e-05 -5e-05)
(0.00087 5e-05 -5e-05)
(0.00088 5e-05 -5e-05)
(0.00089 5e-05 -5e-05)
(0.0009 5e-05 -5e-05)
(0.00091 5e-05 -5e-05)
(0.00092 5e-05 -5e-05)
(0.00093 5e-05 -5e-05)
(0.00094 5e-05 -5e-05)
(0.00095 5e-05 -5e-05)
(0.00096 5e-05 -5e-05)
(0.00097 5e-05 -5e-05)
(0.00098 5e-05 -5e-05)
(0.00099 5e-05 -5e-05)
(0.001 5e-05 -5e-05)
(0.00101 5e-05 -5e-05)
(0.00102 5e-05 -5e-05)
(0.00103 5e-05 -5e-05)
(0.00104 5e-05 -5e-05)
(0.00105 5e-05 -5e-05)
(0.00106 5e-05 -5e-05)
(0.00107 5e-05 -5e-05)
(0.00108 5e-05 -5e-05)
(0.00109 5e-05 -5e-05)
(0.0011 5e-05 -5e-05)
(0.00111 5e-05 -5e-05)
(0.00112 5e-05 -5e-05)
(0.00113 5e-05 -5e-05)
(0.00114 5e-05 -5e-05)
(0.00115 5e-05 -5e-05)
(0.00116 5e-05 -5e-05)
(0.00117 5e-05 -5e-05)
(0.00118 5e-05 -5e-05)
(0.00119 5e-05 -5e-05)
(0.0012 5e-05 -5e-05)
(0.00121 5e-05 -5e-05)
(0.00122 5e-05 -5e-05)
(0.00123 5e-05 -5e-05)
(0.00124 5e-05 -5e-05)
(0.00125 5e-05 -5e-05)
(0.00126 5e-05 -5e-05)
(0.00127 5e-05 -5e-05)
(0.00128 5e-05 -5e-05)
(0.00129 5e-05 -5e-05)
(0.0013 5e-05 -5e-05)
(0.00131 5e-05 -5e-05)
(0.00132 5e-05 -5e-05)
(0.00133 5e-05 -5e-05)
(0.00134 5e-05 -5e-05)
(0.00135 5e-05 -5e-05)
(0.00136 5e-05 -5e-05)
(0.00137 5e-05 -5e-05)
(0.00138 5e-05 -5e-05)
(0.00139 5e-05 -5e-05)
(0.0014 5e-05 -5e-05)
(0.00141 5e-05 -5e-05)
(0.00142 5e-05 -5e-05)
(0.00143 5e-05 -5e-05)
(0.00144 5e-05 -5e-05)
(0.00145 5e-05 -5e-05)
(0.00146 5e-05 -5e-05)
(0.00147 5e-05 -5e-05)
(0.00148 5e-05 -5e-05)
(0.00149 5e-05 -5e-05)
(0.0015 5e-05 -5e-05)
(6e-05 -5e-05 -4e-05)
(7e-05 -5e-05 -4e-05)
(8e-05 -5e-05 -4e-05)
(9e-05 -5e-05 -4e-05)
(0.0001 -5e-05 -4e-05)
(0.00011 -5e-05 -4e-05)
(0.00012 -5e-05 -4e-05)
(0.00013 -5e-05 -4e-05)
(0.00014 -5e-05 -4e-05)
(0.00015 -5e-05 -4e-05)
(0.00016 -5e-05 -4e-05)
(0.00017 -5e-05 -4e-05)
(0.00018 -5e-05 -4e-05)
(0.00019 -5e-05 -4e-05)
(0.0002 -5e-05 -4e-05)
(0.00021 -5e-05 -4e-05)
(0.00022 -5e-05 -4e-05)
(0.00023 -5e-05 -4e-05)
(0.00024 -5e-05 -4e-05)
(0.00025 -5e-05 -4e-05)
(0.00026 -5e-05 -4e-05)
(0.00027 -5e-05 -4e-05)
(0.00028 -5e-05 -4e-05)
(0.00029 -5e-05 -4e-05)
(0.0003 -5e-05 -4e-05)
(0.00031 -5e-05 -4e-05)
(0.00032 -5e-05 -4e-05)
(0.00033 -5e-05 -4e-05)
(0.00034 -5e-05 -4e-05)
(0.00035 -5e-05 -4e-05)
(0.00036 -5e-05 -4e-05)
(0.00037 -5e-05 -4e-05)
(0.00038 -5e-05 -4e-05)
(0.00039 -5e-05 -4e-05)
(0.0004 -5e-05 -4e-05)
(0.00041 -5e-05 -4e-05)
(0.00042 -5e-05 -4e-05)
(0.00043 -5e-05 -4e-05)
(0.00044 -5e-05 -4e-05)
(0.00045 -5e-05 -4e-05)
(0.00046 -5e-05 -4e-05)
(0.00047 -5e-05 -4e-05)
(0.00048 -5e-05 -4e-05)
(0.00049 -5e-05 -4e-05)
(0.0005 -5e-05 -4e-05)
(0.00051 -5e-05 -4e-05)
(0.00052 -5e-05 -4e-05)
(0.00053 -5e-05 -4e-05)
(0.00054 -5e-05 -4e-05)
(0.00055 -5e-05 -4e-05)
(0.00056 -5e-05 -4e-05)
(0.00057 -5e-05 -4e-05)
(0.00058 -5e-05 -4e-05)
(0.00059 -5e-05 -4e-05)
(0.0006 -5e-05 -4e-05)
(0.00061 -5e-05 -4e-05)
(0.00062 -5e-05 -4e-05)
(0.00063 -5e-05 -4e-05)
(0.00064 -5e-05 -4e-05)
(0.00065 -5e-05 -4e-05)
(0.00066 -5e-05 -4e-05)
(0.00067 -5e-05 -4e-05)
(0.00068 -5e-05 -4e-05)
(0.00069 -5e-05 -4e-05)
(0.0007 -5e-05 -4e-05)
(0.00071 -5e-05 -4e-05)
(0.00072 -5e-05 -4e-05)
(0.00073 -5e-05 -4e-05)
(0.00074 -5e-05 -4e-05)
(0.00075 -5e-05 -4e-05)
(0.00076 -5e-05 -4e-05)
(0.00077 -5e-05 -4e-05)
(0.00078 -5e-05 -4e-05)
(0.00079 -5e-05 -4e-05)
(0.0008 -5e-05 -4e-05)
(0.00081 -5e-05 -4e-05)
(0.00082 -5e-05 -4e-05)
(0.00083 -5e-05 -4e-05)
(0.00084 -5e-05 -4e-05)
(0.00085 -5e-05 -4e-05)
(0.00086 -5e-05 -4e-05)
(0.00087 -5e-05 -4e-05)
(0.00088 -5e-05 -4e-05)
(0.00089 -5e-05 -4e-05)
(0.0009 -5e-05 -4e-05)
(0.00091 -5e-05 -4e-05)
(0.00092 -5e-05 -4e-05)
(0.00093 -5e-05 -4e-05)
(0.00094 -5e-05 -4e-05)
(0.00095 -5e-05 -4e-05)
(0.00096 -5e-05 -4e-05)
(0.00097 -5e-05 -4e-05)
(0.00098 -5e-05 -4e-05)
(0.00099 -5e-05 -4e-05)
(0.001 -5e-05 -4e-05)
(0.00101 -5e-05 -4e-05)
(0.00102 -5e-05 -4e-05)
(0.00103 -5e-05 -4e-05)
(0.00104 -5e-05 -4e-05)
(0.00105 -5e-05 -4e-05)
(0.00106 -5e-05 -4e-05)
(0.00107 -5e-05 -4e-05)
(0.00108 -5e-05 -4e-05)
(0.00109 -5e-05 -4e-05)
(0.0011 -5e-05 -4e-05)
(0.00111 -5e-05 -4e-05)
(0.00112 -5e-05 -4e-05)
(0.00113 -5e-05 -4e-05)
(0.00114 -5e-05 -4e-05)
(0.00115 -5e-05 -4e-05)
(0.00116 -5e-05 -4e-05)
(0.00117 -5e-05 -4e-05)
(0.00118 -5e-05 -4e-05)
(0.00119 -5e-05 -4e-05)
(0.0012 -5e-05 -4e-05)
(0.00121 -5e-05 -4e-05)
(0.00122 -5e-05 -4e-05)
(0.00123 -5e-05 -4e-05)
(0.00124 -5e-05 -4e-05)
(0.00125 -5e-05 -4e-05)
(0.00126 -5e-05 -4e-05)
(0.00127 -5e-05 -4e-05)
(0.00128 -5e-05 -4e-05)
(0.00129 -5e-05 -4e-05)
(0.0013 -5e-05 -4e-05)
(0.00131 -5e-05 -4e-05)
(0.00132 -5e-05 -4e-05)
(0.00133 -5e-05 -4e-05)
(0.00134 -5e-05 -4e-05)
(0.00135 -5e-05 -4e-05)
(0.00136 -5e-05 -4e-05)
(0.00137 -5e-05 -4e-05)
(0.00138 -5e-05 -4e-05)
(0.00139 -5e-05 -4e-05)
(0.0014 -5e-05 -4e-05)
(0.00141 -5e-05 -4e-05)
(0.00142 -5e-05 -4e-05)
(0.00143 -5e-05 -4e-05)
(0.00144 -5e-05 -4e-05)
(0.00145 -5e-05 -4e-05)
(0.00146 -5e-05 -4e-05)
(0.00147 -5e-05 -4e-05)
(0.00148 -5e-05 -4e-05)
(0.00149 -5e-05 -4e-05)
(0.0015 -5e-05 -4e-05)
(6e-05 -4e-05 -4e-05)
(7e-05 -4e-05 -4e-05)
(8e-05 -4e-05 -4e-05)
(9e-05 -4e-05 -4e-05)
(0.0001 -4e-05 -4e-05)
(0.00011 -4e-05 -4e-05)
(0.00012 -4e-05 -4e-05)
(0.00013 -4e-05 -4e-05)
(0.00014 -4e-05 -4e-05)
(0.00015 -4e-05 -4e-05)
(0.00016 -4e-05 -4e-05)
(0.00017 -4e-05 -4e-05)
(0.00018 -4e-05 -4e-05)
(0.00019 -4e-05 -4e-05)
(0.0002 -4e-05 -4e-05)
(0.00021 -4e-05 -4e-05)
(0.00022 -4e-05 -4e-05)
(0.00023 -4e-05 -4e-05)
(0.00024 -4e-05 -4e-05)
(0.00025 -4e-05 -4e-05)
(0.00026 -4e-05 -4e-05)
(0.00027 -4e-05 -4e-05)
(0.00028 -4e-05 -4e-05)
(0.00029 -4e-05 -4e-05)
(0.0003 -4e-05 -4e-05)
(0.00031 -4e-05 -4e-05)
(0.00032 -4e-05 -4e-05)
(0.00033 -4e-05 -4e-05)
(0.00034 -4e-05 -4e-05)
(0.00035 -4e-05 -4e-05)
(0.00036 -4e-05 -4e-05)
(0.00037 -4e-05 -4e-05)
(0.00038 -4e-05 -4e-05)
(0.00039 -4e-05 -4e-05)
(0.0004 -4e-05 -4e-05)
(0.00041 -4e-05 -4e-05)
(0.00042 -4e-05 -4e-05)
(0.00043 -4e-05 -4e-05)
(0.00044 -4e-05 -4e-05)
(0.00045 -4e-05 -4e-05)
(0.00046 -4e-05 -4e-05)
(0.00047 -4e-05 -4e-05)
(0.00048 -4e-05 -4e-05)
(0.00049 -4e-05 -4e-05)
(0.0005 -4e-05 -4e-05)
(0.00051 -4e-05 -4e-05)
(0.00052 -4e-05 -4e-05)
(0.00053 -4e-05 -4e-05)
(0.00054 -4e-05 -4e-05)
(0.00055 -4e-05 -4e-05)
(0.00056 -4e-05 -4e-05)
(0.00057 -4e-05 -4e-05)
(0.00058 -4e-05 -4e-05)
(0.00059 -4e-05 -4e-05)
(0.0006 -4e-05 -4e-05)
(0.00061 -4e-05 -4e-05)
(0.00062 -4e-05 -4e-05)
(0.00063 -4e-05 -4e-05)
(0.00064 -4e-05 -4e-05)
(0.00065 -4e-05 -4e-05)
(0.00066 -4e-05 -4e-05)
(0.00067 -4e-05 -4e-05)
(0.00068 -4e-05 -4e-05)
(0.00069 -4e-05 -4e-05)
(0.0007 -4e-05 -4e-05)
(0.00071 -4e-05 -4e-05)
(0.00072 -4e-05 -4e-05)
(0.00073 -4e-05 -4e-05)
(0.00074 -4e-05 -4e-05)
(0.00075 -4e-05 -4e-05)
(0.00076 -4e-05 -4e-05)
(0.00077 -4e-05 -4e-05)
(0.00078 -4e-05 -4e-05)
(0.00079 -4e-05 -4e-05)
(0.0008 -4e-05 -4e-05)
(0.00081 -4e-05 -4e-05)
(0.00082 -4e-05 -4e-05)
(0.00083 -4e-05 -4e-05)
(0.00084 -4e-05 -4e-05)
(0.00085 -4e-05 -4e-05)
(0.00086 -4e-05 -4e-05)
(0.00087 -4e-05 -4e-05)
(0.00088 -4e-05 -4e-05)
(0.00089 -4e-05 -4e-05)
(0.0009 -4e-05 -4e-05)
(0.00091 -4e-05 -4e-05)
(0.00092 -4e-05 -4e-05)
(0.00093 -4e-05 -4e-05)
(0.00094 -4e-05 -4e-05)
(0.00095 -4e-05 -4e-05)
(0.00096 -4e-05 -4e-05)
(0.00097 -4e-05 -4e-05)
(0.00098 -4e-05 -4e-05)
(0.00099 -4e-05 -4e-05)
(0.001 -4e-05 -4e-05)
(0.00101 -4e-05 -4e-05)
(0.00102 -4e-05 -4e-05)
(0.00103 -4e-05 -4e-05)
(0.00104 -4e-05 -4e-05)
(0.00105 -4e-05 -4e-05)
(0.00106 -4e-05 -4e-05)
(0.00107 -4e-05 -4e-05)
(0.00108 -4e-05 -4e-05)
(0.00109 -4e-05 -4e-05)
(0.0011 -4e-05 -4e-05)
(0.00111 -4e-05 -4e-05)
(0.00112 -4e-05 -4e-05)
(0.00113 -4e-05 -4e-05)
(0.00114 -4e-05 -4e-05)
(0.00115 -4e-05 -4e-05)
(0.00116 -4e-05 -4e-05)
(0.00117 -4e-05 -4e-05)
(0.00118 -4e-05 -4e-05)
(0.00119 -4e-05 -4e-05)
(0.0012 -4e-05 -4e-05)
(0.00121 -4e-05 -4e-05)
(0.00122 -4e-05 -4e-05)
(0.00123 -4e-05 -4e-05)
(0.00124 -4e-05 -4e-05)
(0.00125 -4e-05 -4e-05)
(0.00126 -4e-05 -4e-05)
(0.00127 -4e-05 -4e-05)
(0.00128 -4e-05 -4e-05)
(0.00129 -4e-05 -4e-05)
(0.0013 -4e-05 -4e-05)
(0.00131 -4e-05 -4e-05)
(0.00132 -4e-05 -4e-05)
(0.00133 -4e-05 -4e-05)
(0.00134 -4e-05 -4e-05)
(0.00135 -4e-05 -4e-05)
(0.00136 -4e-05 -4e-05)
(0.00137 -4e-05 -4e-05)
(0.00138 -4e-05 -4e-05)
(0.00139 -4e-05 -4e-05)
(0.0014 -4e-05 -4e-05)
(0.00141 -4e-05 -4e-05)
(0.00142 -4e-05 -4e-05)
(0.00143 -4e-05 -4e-05)
(0.00144 -4e-05 -4e-05)
(0.00145 -4e-05 -4e-05)
(0.00146 -4e-05 -4e-05)
(0.00147 -4e-05 -4e-05)
(0.00148 -4e-05 -4e-05)
(0.00149 -4e-05 -4e-05)
(0.0015 -4e-05 -4e-05)
(6e-05 -3e-05 -4e-05)
(7e-05 -3e-05 -4e-05)
(8e-05 -3e-05 -4e-05)
(9e-05 -3e-05 -4e-05)
(0.0001 -3e-05 -4e-05)
(0.00011 -3e-05 -4e-05)
(0.00012 -3e-05 -4e-05)
(0.00013 -3e-05 -4e-05)
(0.00014 -3e-05 -4e-05)
(0.00015 -3e-05 -4e-05)
(0.00016 -3e-05 -4e-05)
(0.00017 -3e-05 -4e-05)
(0.00018 -3e-05 -4e-05)
(0.00019 -3e-05 -4e-05)
(0.0002 -3e-05 -4e-05)
(0.00021 -3e-05 -4e-05)
(0.00022 -3e-05 -4e-05)
(0.00023 -3e-05 -4e-05)
(0.00024 -3e-05 -4e-05)
(0.00025 -3e-05 -4e-05)
(0.00026 -3e-05 -4e-05)
(0.00027 -3e-05 -4e-05)
(0.00028 -3e-05 -4e-05)
(0.00029 -3e-05 -4e-05)
(0.0003 -3e-05 -4e-05)
(0.00031 -3e-05 -4e-05)
(0.00032 -3e-05 -4e-05)
(0.00033 -3e-05 -4e-05)
(0.00034 -3e-05 -4e-05)
(0.00035 -3e-05 -4e-05)
(0.00036 -3e-05 -4e-05)
(0.00037 -3e-05 -4e-05)
(0.00038 -3e-05 -4e-05)
(0.00039 -3e-05 -4e-05)
(0.0004 -3e-05 -4e-05)
(0.00041 -3e-05 -4e-05)
(0.00042 -3e-05 -4e-05)
(0.00043 -3e-05 -4e-05)
(0.00044 -3e-05 -4e-05)
(0.00045 -3e-05 -4e-05)
(0.00046 -3e-05 -4e-05)
(0.00047 -3e-05 -4e-05)
(0.00048 -3e-05 -4e-05)
(0.00049 -3e-05 -4e-05)
(0.0005 -3e-05 -4e-05)
(0.00051 -3e-05 -4e-05)
(0.00052 -3e-05 -4e-05)
(0.00053 -3e-05 -4e-05)
(0.00054 -3e-05 -4e-05)
(0.00055 -3e-05 -4e-05)
(0.00056 -3e-05 -4e-05)
(0.00057 -3e-05 -4e-05)
(0.00058 -3e-05 -4e-05)
(0.00059 -3e-05 -4e-05)
(0.0006 -3e-05 -4e-05)
(0.00061 -3e-05 -4e-05)
(0.00062 -3e-05 -4e-05)
(0.00063 -3e-05 -4e-05)
(0.00064 -3e-05 -4e-05)
(0.00065 -3e-05 -4e-05)
(0.00066 -3e-05 -4e-05)
(0.00067 -3e-05 -4e-05)
(0.00068 -3e-05 -4e-05)
(0.00069 -3e-05 -4e-05)
(0.0007 -3e-05 -4e-05)
(0.00071 -3e-05 -4e-05)
(0.00072 -3e-05 -4e-05)
(0.00073 -3e-05 -4e-05)
(0.00074 -3e-05 -4e-05)
(0.00075 -3e-05 -4e-05)
(0.00076 -3e-05 -4e-05)
(0.00077 -3e-05 -4e-05)
(0.00078 -3e-05 -4e-05)
(0.00079 -3e-05 -4e-05)
(0.0008 -3e-05 -4e-05)
(0.00081 -3e-05 -4e-05)
(0.00082 -3e-05 -4e-05)
(0.00083 -3e-05 -4e-05)
(0.00084 -3e-05 -4e-05)
(0.00085 -3e-05 -4e-05)
(0.00086 -3e-05 -4e-05)
(0.00087 -3e-05 -4e-05)
(0.00088 -3e-05 -4e-05)
(0.00089 -3e-05 -4e-05)
(0.0009 -3e-05 -4e-05)
(0.00091 -3e-05 -4e-05)
(0.00092 -3e-05 -4e-05)
(0.00093 -3e-05 -4e-05)
(0.00094 -3e-05 -4e-05)
(0.00095 -3e-05 -4e-05)
(0.00096 -3e-05 -4e-05)
(0.00097 -3e-05 -4e-05)
(0.00098 -3e-05 -4e-05)
(0.00099 -3e-05 -4e-05)
(0.001 -3e-05 -4e-05)
(0.00101 -3e-05 -4e-05)
(0.00102 -3e-05 -4e-05)
(0.00103 -3e-05 -4e-05)
(0.00104 -3e-05 -4e-05)
(0.00105 -3e-05 -4e-05)
(0.00106 -3e-05 -4e-05)
(0.00107 -3e-05 -4e-05)
(0.00108 -3e-05 -4e-05)
(0.00109 -3e-05 -4e-05)
(0.0011 -3e-05 -4e-05)
(0.00111 -3e-05 -4e-05)
(0.00112 -3e-05 -4e-05)
(0.00113 -3e-05 -4e-05)
(0.00114 -3e-05 -4e-05)
(0.00115 -3e-05 -4e-05)
(0.00116 -3e-05 -4e-05)
(0.00117 -3e-05 -4e-05)
(0.00118 -3e-05 -4e-05)
(0.00119 -3e-05 -4e-05)
(0.0012 -3e-05 -4e-05)
(0.00121 -3e-05 -4e-05)
(0.00122 -3e-05 -4e-05)
(0.00123 -3e-05 -4e-05)
(0.00124 -3e-05 -4e-05)
(0.00125 -3e-05 -4e-05)
(0.00126 -3e-05 -4e-05)
(0.00127 -3e-05 -4e-05)
(0.00128 -3e-05 -4e-05)
(0.00129 -3e-05 -4e-05)
(0.0013 -3e-05 -4e-05)
(0.00131 -3e-05 -4e-05)
(0.00132 -3e-05 -4e-05)
(0.00133 -3e-05 -4e-05)
(0.00134 -3e-05 -4e-05)
(0.00135 -3e-05 -4e-05)
(0.00136 -3e-05 -4e-05)
(0.00137 -3e-05 -4e-05)
(0.00138 -3e-05 -4e-05)
(0.00139 -3e-05 -4e-05)
(0.0014 -3e-05 -4e-05)
(0.00141 -3e-05 -4e-05)
(0.00142 -3e-05 -4e-05)
(0.00143 -3e-05 -4e-05)
(0.00144 -3e-05 -4e-05)
(0.00145 -3e-05 -4e-05)
(0.00146 -3e-05 -4e-05)
(0.00147 -3e-05 -4e-05)
(0.00148 -3e-05 -4e-05)
(0.00149 -3e-05 -4e-05)
(0.0015 -3e-05 -4e-05)
(6e-05 -2e-05 -4e-05)
(7e-05 -2e-05 -4e-05)
(8e-05 -2e-05 -4e-05)
(9e-05 -2e-05 -4e-05)
(0.0001 -2e-05 -4e-05)
(0.00011 -2e-05 -4e-05)
(0.00012 -2e-05 -4e-05)
(0.00013 -2e-05 -4e-05)
(0.00014 -2e-05 -4e-05)
(0.00015 -2e-05 -4e-05)
(0.00016 -2e-05 -4e-05)
(0.00017 -2e-05 -4e-05)
(0.00018 -2e-05 -4e-05)
(0.00019 -2e-05 -4e-05)
(0.0002 -2e-05 -4e-05)
(0.00021 -2e-05 -4e-05)
(0.00022 -2e-05 -4e-05)
(0.00023 -2e-05 -4e-05)
(0.00024 -2e-05 -4e-05)
(0.00025 -2e-05 -4e-05)
(0.00026 -2e-05 -4e-05)
(0.00027 -2e-05 -4e-05)
(0.00028 -2e-05 -4e-05)
(0.00029 -2e-05 -4e-05)
(0.0003 -2e-05 -4e-05)
(0.00031 -2e-05 -4e-05)
(0.00032 -2e-05 -4e-05)
(0.00033 -2e-05 -4e-05)
(0.00034 -2e-05 -4e-05)
(0.00035 -2e-05 -4e-05)
(0.00036 -2e-05 -4e-05)
(0.00037 -2e-05 -4e-05)
(0.00038 -2e-05 -4e-05)
(0.00039 -2e-05 -4e-05)
(0.0004 -2e-05 -4e-05)
(0.00041 -2e-05 -4e-05)
(0.00042 -2e-05 -4e-05)
(0.00043 -2e-05 -4e-05)
(0.00044 -2e-05 -4e-05)
(0.00045 -2e-05 -4e-05)
(0.00046 -2e-05 -4e-05)
(0.00047 -2e-05 -4e-05)
(0.00048 -2e-05 -4e-05)
(0.00049 -2e-05 -4e-05)
(0.0005 -2e-05 -4e-05)
(0.00051 -2e-05 -4e-05)
(0.00052 -2e-05 -4e-05)
(0.00053 -2e-05 -4e-05)
(0.00054 -2e-05 -4e-05)
(0.00055 -2e-05 -4e-05)
(0.00056 -2e-05 -4e-05)
(0.00057 -2e-05 -4e-05)
(0.00058 -2e-05 -4e-05)
(0.00059 -2e-05 -4e-05)
(0.0006 -2e-05 -4e-05)
(0.00061 -2e-05 -4e-05)
(0.00062 -2e-05 -4e-05)
(0.00063 -2e-05 -4e-05)
(0.00064 -2e-05 -4e-05)
(0.00065 -2e-05 -4e-05)
(0.00066 -2e-05 -4e-05)
(0.00067 -2e-05 -4e-05)
(0.00068 -2e-05 -4e-05)
(0.00069 -2e-05 -4e-05)
(0.0007 -2e-05 -4e-05)
(0.00071 -2e-05 -4e-05)
(0.00072 -2e-05 -4e-05)
(0.00073 -2e-05 -4e-05)
(0.00074 -2e-05 -4e-05)
(0.00075 -2e-05 -4e-05)
(0.00076 -2e-05 -4e-05)
(0.00077 -2e-05 -4e-05)
(0.00078 -2e-05 -4e-05)
(0.00079 -2e-05 -4e-05)
(0.0008 -2e-05 -4e-05)
(0.00081 -2e-05 -4e-05)
(0.00082 -2e-05 -4e-05)
(0.00083 -2e-05 -4e-05)
(0.00084 -2e-05 -4e-05)
(0.00085 -2e-05 -4e-05)
(0.00086 -2e-05 -4e-05)
(0.00087 -2e-05 -4e-05)
(0.00088 -2e-05 -4e-05)
(0.00089 -2e-05 -4e-05)
(0.0009 -2e-05 -4e-05)
(0.00091 -2e-05 -4e-05)
(0.00092 -2e-05 -4e-05)
(0.00093 -2e-05 -4e-05)
(0.00094 -2e-05 -4e-05)
(0.00095 -2e-05 -4e-05)
(0.00096 -2e-05 -4e-05)
(0.00097 -2e-05 -4e-05)
(0.00098 -2e-05 -4e-05)
(0.00099 -2e-05 -4e-05)
(0.001 -2e-05 -4e-05)
(0.00101 -2e-05 -4e-05)
(0.00102 -2e-05 -4e-05)
(0.00103 -2e-05 -4e-05)
(0.00104 -2e-05 -4e-05)
(0.00105 -2e-05 -4e-05)
(0.00106 -2e-05 -4e-05)
(0.00107 -2e-05 -4e-05)
(0.00108 -2e-05 -4e-05)
(0.00109 -2e-05 -4e-05)
(0.0011 -2e-05 -4e-05)
(0.00111 -2e-05 -4e-05)
(0.00112 -2e-05 -4e-05)
(0.00113 -2e-05 -4e-05)
(0.00114 -2e-05 -4e-05)
(0.00115 -2e-05 -4e-05)
(0.00116 -2e-05 -4e-05)
(0.00117 -2e-05 -4e-05)
(0.00118 -2e-05 -4e-05)
(0.00119 -2e-05 -4e-05)
(0.0012 -2e-05 -4e-05)
(0.00121 -2e-05 -4e-05)
(0.00122 -2e-05 -4e-05)
(0.00123 -2e-05 -4e-05)
(0.00124 -2e-05 -4e-05)
(0.00125 -2e-05 -4e-05)
(0.00126 -2e-05 -4e-05)
(0.00127 -2e-05 -4e-05)
(0.00128 -2e-05 -4e-05)
(0.00129 -2e-05 -4e-05)
(0.0013 -2e-05 -4e-05)
(0.00131 -2e-05 -4e-05)
(0.00132 -2e-05 -4e-05)
(0.00133 -2e-05 -4e-05)
(0.00134 -2e-05 -4e-05)
(0.00135 -2e-05 -4e-05)
(0.00136 -2e-05 -4e-05)
(0.00137 -2e-05 -4e-05)
(0.00138 -2e-05 -4e-05)
(0.00139 -2e-05 -4e-05)
(0.0014 -2e-05 -4e-05)
(0.00141 -2e-05 -4e-05)
(0.00142 -2e-05 -4e-05)
(0.00143 -2e-05 -4e-05)
(0.00144 -2e-05 -4e-05)
(0.00145 -2e-05 -4e-05)
(0.00146 -2e-05 -4e-05)
(0.00147 -2e-05 -4e-05)
(0.00148 -2e-05 -4e-05)
(0.00149 -2e-05 -4e-05)
(0.0015 -2e-05 -4e-05)
(6e-05 -1e-05 -4e-05)
(7e-05 -1e-05 -4e-05)
(8e-05 -1e-05 -4e-05)
(9e-05 -1e-05 -4e-05)
(0.0001 -1e-05 -4e-05)
(0.00011 -1e-05 -4e-05)
(0.00012 -1e-05 -4e-05)
(0.00013 -1e-05 -4e-05)
(0.00014 -1e-05 -4e-05)
(0.00015 -1e-05 -4e-05)
(0.00016 -1e-05 -4e-05)
(0.00017 -1e-05 -4e-05)
(0.00018 -1e-05 -4e-05)
(0.00019 -1e-05 -4e-05)
(0.0002 -1e-05 -4e-05)
(0.00021 -1e-05 -4e-05)
(0.00022 -1e-05 -4e-05)
(0.00023 -1e-05 -4e-05)
(0.00024 -1e-05 -4e-05)
(0.00025 -1e-05 -4e-05)
(0.00026 -1e-05 -4e-05)
(0.00027 -1e-05 -4e-05)
(0.00028 -1e-05 -4e-05)
(0.00029 -1e-05 -4e-05)
(0.0003 -1e-05 -4e-05)
(0.00031 -1e-05 -4e-05)
(0.00032 -1e-05 -4e-05)
(0.00033 -1e-05 -4e-05)
(0.00034 -1e-05 -4e-05)
(0.00035 -1e-05 -4e-05)
(0.00036 -1e-05 -4e-05)
(0.00037 -1e-05 -4e-05)
(0.00038 -1e-05 -4e-05)
(0.00039 -1e-05 -4e-05)
(0.0004 -1e-05 -4e-05)
(0.00041 -1e-05 -4e-05)
(0.00042 -1e-05 -4e-05)
(0.00043 -1e-05 -4e-05)
(0.00044 -1e-05 -4e-05)
(0.00045 -1e-05 -4e-05)
(0.00046 -1e-05 -4e-05)
(0.00047 -1e-05 -4e-05)
(0.00048 -1e-05 -4e-05)
(0.00049 -1e-05 -4e-05)
(0.0005 -1e-05 -4e-05)
(0.00051 -1e-05 -4e-05)
(0.00052 -1e-05 -4e-05)
(0.00053 -1e-05 -4e-05)
(0.00054 -1e-05 -4e-05)
(0.00055 -1e-05 -4e-05)
(0.00056 -1e-05 -4e-05)
(0.00057 -1e-05 -4e-05)
(0.00058 -1e-05 -4e-05)
(0.00059 -1e-05 -4e-05)
(0.0006 -1e-05 -4e-05)
(0.00061 -1e-05 -4e-05)
(0.00062 -1e-05 -4e-05)
(0.00063 -1e-05 -4e-05)
(0.00064 -1e-05 -4e-05)
(0.00065 -1e-05 -4e-05)
(0.00066 -1e-05 -4e-05)
(0.00067 -1e-05 -4e-05)
(0.00068 -1e-05 -4e-05)
(0.00069 -1e-05 -4e-05)
(0.0007 -1e-05 -4e-05)
(0.00071 -1e-05 -4e-05)
(0.00072 -1e-05 -4e-05)
(0.00073 -1e-05 -4e-05)
(0.00074 -1e-05 -4e-05)
(0.00075 -1e-05 -4e-05)
(0.00076 -1e-05 -4e-05)
(0.00077 -1e-05 -4e-05)
(0.00078 -1e-05 -4e-05)
(0.00079 -1e-05 -4e-05)
(0.0008 -1e-05 -4e-05)
(0.00081 -1e-05 -4e-05)
(0.00082 -1e-05 -4e-05)
(0.00083 -1e-05 -4e-05)
(0.00084 -1e-05 -4e-05)
(0.00085 -1e-05 -4e-05)
(0.00086 -1e-05 -4e-05)
(0.00087 -1e-05 -4e-05)
(0.00088 -1e-05 -4e-05)
(0.00089 -1e-05 -4e-05)
(0.0009 -1e-05 -4e-05)
(0.00091 -1e-05 -4e-05)
(0.00092 -1e-05 -4e-05)
(0.00093 -1e-05 -4e-05)
(0.00094 -1e-05 -4e-05)
(0.00095 -1e-05 -4e-05)
(0.00096 -1e-05 -4e-05)
(0.00097 -1e-05 -4e-05)
(0.00098 -1e-05 -4e-05)
(0.00099 -1e-05 -4e-05)
(0.001 -1e-05 -4e-05)
(0.00101 -1e-05 -4e-05)
(0.00102 -1e-05 -4e-05)
(0.00103 -1e-05 -4e-05)
(0.00104 -1e-05 -4e-05)
(0.00105 -1e-05 -4e-05)
(0.00106 -1e-05 -4e-05)
(0.00107 -1e-05 -4e-05)
(0.00108 -1e-05 -4e-05)
(0.00109 -1e-05 -4e-05)
(0.0011 -1e-05 -4e-05)
(0.00111 -1e-05 -4e-05)
(0.00112 -1e-05 -4e-05)
(0.00113 -1e-05 -4e-05)
(0.00114 -1e-05 -4e-05)
(0.00115 -1e-05 -4e-05)
(0.00116 -1e-05 -4e-05)
(0.00117 -1e-05 -4e-05)
(0.00118 -1e-05 -4e-05)
(0.00119 -1e-05 -4e-05)
(0.0012 -1e-05 -4e-05)
(0.00121 -1e-05 -4e-05)
(0.00122 -1e-05 -4e-05)
(0.00123 -1e-05 -4e-05)
(0.00124 -1e-05 -4e-05)
(0.00125 -1e-05 -4e-05)
(0.00126 -1e-05 -4e-05)
(0.00127 -1e-05 -4e-05)
(0.00128 -1e-05 -4e-05)
(0.00129 -1e-05 -4e-05)
(0.0013 -1e-05 -4e-05)
(0.00131 -1e-05 -4e-05)
(0.00132 -1e-05 -4e-05)
(0.00133 -1e-05 -4e-05)
(0.00134 -1e-05 -4e-05)
(0.00135 -1e-05 -4e-05)
(0.00136 -1e-05 -4e-05)
(0.00137 -1e-05 -4e-05)
(0.00138 -1e-05 -4e-05)
(0.00139 -1e-05 -4e-05)
(0.0014 -1e-05 -4e-05)
(0.00141 -1e-05 -4e-05)
(0.00142 -1e-05 -4e-05)
(0.00143 -1e-05 -4e-05)
(0.00144 -1e-05 -4e-05)
(0.00145 -1e-05 -4e-05)
(0.00146 -1e-05 -4e-05)
(0.00147 -1e-05 -4e-05)
(0.00148 -1e-05 -4e-05)
(0.00149 -1e-05 -4e-05)
(0.0015 -1e-05 -4e-05)
(6e-05 0 -4e-05)
(7e-05 0 -4e-05)
(8e-05 0 -4e-05)
(9e-05 0 -4e-05)
(0.0001 0 -4e-05)
(0.00011 0 -4e-05)
(0.00012 0 -4e-05)
(0.00013 0 -4e-05)
(0.00014 0 -4e-05)
(0.00015 0 -4e-05)
(0.00016 0 -4e-05)
(0.00017 0 -4e-05)
(0.00018 0 -4e-05)
(0.00019 0 -4e-05)
(0.0002 0 -4e-05)
(0.00021 0 -4e-05)
(0.00022 0 -4e-05)
(0.00023 0 -4e-05)
(0.00024 0 -4e-05)
(0.00025 0 -4e-05)
(0.00026 0 -4e-05)
(0.00027 0 -4e-05)
(0.00028 0 -4e-05)
(0.00029 0 -4e-05)
(0.0003 0 -4e-05)
(0.00031 0 -4e-05)
(0.00032 0 -4e-05)
(0.00033 0 -4e-05)
(0.00034 0 -4e-05)
(0.00035 0 -4e-05)
(0.00036 -1.129377263e-21 -4e-05)
(0.00037 1.129377263e-21 -4e-05)
(0.00038 0 -4e-05)
(0.00039 0 -4e-05)
(0.0004 0 -4e-05)
(0.00041 0 -4e-05)
(0.00042 0 -4e-05)
(0.00043 0 -4e-05)
(0.00044 0 -4e-05)
(0.00045 -1.129377263e-21 -4e-05)
(0.00046 0 -4e-05)
(0.00047 0 -4e-05)
(0.00048 0 -4e-05)
(0.00049 -1.129377263e-21 -4e-05)
(0.0005 0 -4e-05)
(0.00051 0 -4e-05)
(0.00052 0 -4e-05)
(0.00053 0 -4e-05)
(0.00054 -1.129377263e-21 -4e-05)
(0.00055 1.129377263e-21 -4e-05)
(0.00056 0 -4e-05)
(0.00057 1.129377263e-21 -4e-05)
(0.00058 0 -4e-05)
(0.00059 0 -4e-05)
(0.0006 0 -4e-05)
(0.00061 0 -4e-05)
(0.00062 0 -4e-05)
(0.00063 0 -4e-05)
(0.00064 -5.646886315e-22 -4e-05)
(0.00065 0 -4e-05)
(0.00066 -5.646886315e-22 -4e-05)
(0.00067 -5.646886315e-22 -4e-05)
(0.00068 0 -4e-05)
(0.00069 0 -4e-05)
(0.0007 0 -4e-05)
(0.00071 0 -4e-05)
(0.00072 0 -4e-05)
(0.00073 5.646886315e-22 -4e-05)
(0.00074 5.646886315e-22 -4e-05)
(0.00075 5.646886315e-22 -4e-05)
(0.00076 0 -4e-05)
(0.00077 0 -4e-05)
(0.00078 0 -4e-05)
(0.00079 0 -4e-05)
(0.0008 0 -4e-05)
(0.00081 0 -4e-05)
(0.00082 0 -4e-05)
(0.00083 -5.646886315e-22 -4e-05)
(0.00084 0 -4e-05)
(0.00085 0 -4e-05)
(0.00086 0 -4e-05)
(0.00087 0 -4e-05)
(0.00088 -5.646886315e-22 -4e-05)
(0.00089 0 -4e-05)
(0.0009 -5.646886315e-22 -4e-05)
(0.00091 0 -4e-05)
(0.00092 0 -4e-05)
(0.00093 0 -4e-05)
(0.00094 0 -4e-05)
(0.00095 -5.646886315e-22 -4e-05)
(0.00096 5.646886315e-22 -4e-05)
(0.00097 -5.646886315e-22 -4e-05)
(0.00098 0 -4e-05)
(0.00099 0 -4e-05)
(0.001 5.646886315e-22 -4e-05)
(0.00101 -5.646886315e-22 -4e-05)
(0.00102 -5.646886315e-22 -4e-05)
(0.00103 0 -4e-05)
(0.00104 0 -4e-05)
(0.00105 5.646886315e-22 -4e-05)
(0.00106 2.823443158e-22 -4e-05)
(0.00107 0 -4e-05)
(0.00108 -2.823443158e-22 -4e-05)
(0.00109 0 -4e-05)
(0.0011 -5.646886315e-22 -4e-05)
(0.00111 2.823443158e-22 -4e-05)
(0.00112 0 -4e-05)
(0.00113 -2.823443158e-22 -4e-05)
(0.00114 -5.646886315e-22 -4e-05)
(0.00115 2.823443158e-22 -4e-05)
(0.00116 0 -4e-05)
(0.00117 -2.823443158e-22 -4e-05)
(0.00118 5.646886315e-22 -4e-05)
(0.00119 -5.646886315e-22 -4e-05)
(0.0012 0 -4e-05)
(0.00121 -2.823443158e-22 -4e-05)
(0.00122 -5.646886315e-22 -4e-05)
(0.00123 2.823443158e-22 -4e-05)
(0.00124 0 -4e-05)
(0.00125 -2.823443158e-22 -4e-05)
(0.00126 -2.823443158e-22 -4e-05)
(0.00127 -5.646886315e-22 -4e-05)
(0.00128 2.823443158e-22 -4e-05)
(0.00129 0 -4e-05)
(0.0013 -4.235164736e-22 -4e-05)
(0.00131 4.235164736e-22 -4e-05)
(0.00132 2.823443158e-22 -4e-05)
(0.00133 0 -4e-05)
(0.00134 -2.823443158e-22 -4e-05)
(0.00135 5.646886315e-22 -4e-05)
(0.00136 4.235164736e-22 -4e-05)
(0.00137 2.823443158e-22 -4e-05)
(0.00138 -2.823443158e-22 -4e-05)
(0.00139 5.646886315e-22 -4e-05)
(0.0014 3.529303947e-22 -4e-05)
(0.00141 1.411721579e-22 -4e-05)
(0.00142 -1.411721579e-22 -4e-05)
(0.00143 -3.529303947e-22 -4e-05)
(0.00144 4.941025526e-22 -4e-05)
(0.00145 2.823443158e-22 -4e-05)
(0.00146 -1.764651973e-22 -4e-05)
(0.00147 -4.235164736e-22 -4e-05)
(0.00148 4.764560328e-22 -4e-05)
(0.00149 2.382280164e-22 -4e-05)
(0.0015 0 -4e-05)
(6e-05 1e-05 -4e-05)
(7e-05 1e-05 -4e-05)
(8e-05 1e-05 -4e-05)
(9e-05 1e-05 -4e-05)
(0.0001 1e-05 -4e-05)
(0.00011 1e-05 -4e-05)
(0.00012 1e-05 -4e-05)
(0.00013 1e-05 -4e-05)
(0.00014 1e-05 -4e-05)
(0.00015 1e-05 -4e-05)
(0.00016 1e-05 -4e-05)
(0.00017 1e-05 -4e-05)
(0.00018 1e-05 -4e-05)
(0.00019 1e-05 -4e-05)
(0.0002 1e-05 -4e-05)
(0.00021 1e-05 -4e-05)
(0.00022 1e-05 -4e-05)
(0.00023 1e-05 -4e-05)
(0.00024 1e-05 -4e-05)
(0.00025 1e-05 -4e-05)
(0.00026 1e-05 -4e-05)
(0.00027 1e-05 -4e-05)
(0.00028 1e-05 -4e-05)
(0.00029 1e-05 -4e-05)
(0.0003 1e-05 -4e-05)
(0.00031 1e-05 -4e-05)
(0.00032 1e-05 -4e-05)
(0.00033 1e-05 -4e-05)
(0.00034 1e-05 -4e-05)
(0.00035 1e-05 -4e-05)
(0.00036 1e-05 -4e-05)
(0.00037 1e-05 -4e-05)
(0.00038 1e-05 -4e-05)
(0.00039 1e-05 -4e-05)
(0.0004 1e-05 -4e-05)
(0.00041 1e-05 -4e-05)
(0.00042 1e-05 -4e-05)
(0.00043 1e-05 -4e-05)
(0.00044 1e-05 -4e-05)
(0.00045 1e-05 -4e-05)
(0.00046 1e-05 -4e-05)
(0.00047 1e-05 -4e-05)
(0.00048 1e-05 -4e-05)
(0.00049 1e-05 -4e-05)
(0.0005 1e-05 -4e-05)
(0.00051 1e-05 -4e-05)
(0.00052 1e-05 -4e-05)
(0.00053 1e-05 -4e-05)
(0.00054 1e-05 -4e-05)
(0.00055 1e-05 -4e-05)
(0.00056 1e-05 -4e-05)
(0.00057 1e-05 -4e-05)
(0.00058 1e-05 -4e-05)
(0.00059 1e-05 -4e-05)
(0.0006 1e-05 -4e-05)
(0.00061 1e-05 -4e-05)
(0.00062 1e-05 -4e-05)
(0.00063 1e-05 -4e-05)
(0.00064 1e-05 -4e-05)
(0.00065 1e-05 -4e-05)
(0.00066 1e-05 -4e-05)
(0.00067 1e-05 -4e-05)
(0.00068 1e-05 -4e-05)
(0.00069 1e-05 -4e-05)
(0.0007 1e-05 -4e-05)
(0.00071 1e-05 -4e-05)
(0.00072 1e-05 -4e-05)
(0.00073 1e-05 -4e-05)
(0.00074 1e-05 -4e-05)
(0.00075 1e-05 -4e-05)
(0.00076 1e-05 -4e-05)
(0.00077 1e-05 -4e-05)
(0.00078 1e-05 -4e-05)
(0.00079 1e-05 -4e-05)
(0.0008 1e-05 -4e-05)
(0.00081 1e-05 -4e-05)
(0.00082 1e-05 -4e-05)
(0.00083 1e-05 -4e-05)
(0.00084 1e-05 -4e-05)
(0.00085 1e-05 -4e-05)
(0.00086 1e-05 -4e-05)
(0.00087 1e-05 -4e-05)
(0.00088 1e-05 -4e-05)
(0.00089 1e-05 -4e-05)
(0.0009 1e-05 -4e-05)
(0.00091 1e-05 -4e-05)
(0.00092 1e-05 -4e-05)
(0.00093 1e-05 -4e-05)
(0.00094 1e-05 -4e-05)
(0.00095 1e-05 -4e-05)
(0.00096 1e-05 -4e-05)
(0.00097 1e-05 -4e-05)
(0.00098 1e-05 -4e-05)
(0.00099 1e-05 -4e-05)
(0.001 1e-05 -4e-05)
(0.00101 1e-05 -4e-05)
(0.00102 1e-05 -4e-05)
(0.00103 1e-05 -4e-05)
(0.00104 1e-05 -4e-05)
(0.00105 1e-05 -4e-05)
(0.00106 1e-05 -4e-05)
(0.00107 1e-05 -4e-05)
(0.00108 1e-05 -4e-05)
(0.00109 1e-05 -4e-05)
(0.0011 1e-05 -4e-05)
(0.00111 1e-05 -4e-05)
(0.00112 1e-05 -4e-05)
(0.00113 1e-05 -4e-05)
(0.00114 1e-05 -4e-05)
(0.00115 1e-05 -4e-05)
(0.00116 1e-05 -4e-05)
(0.00117 1e-05 -4e-05)
(0.00118 1e-05 -4e-05)
(0.00119 1e-05 -4e-05)
(0.0012 1e-05 -4e-05)
(0.00121 1e-05 -4e-05)
(0.00122 1e-05 -4e-05)
(0.00123 1e-05 -4e-05)
(0.00124 1e-05 -4e-05)
(0.00125 1e-05 -4e-05)
(0.00126 1e-05 -4e-05)
(0.00127 1e-05 -4e-05)
(0.00128 1e-05 -4e-05)
(0.00129 1e-05 -4e-05)
(0.0013 1e-05 -4e-05)
(0.00131 1e-05 -4e-05)
(0.00132 1e-05 -4e-05)
(0.00133 1e-05 -4e-05)
(0.00134 1e-05 -4e-05)
(0.00135 1e-05 -4e-05)
(0.00136 1e-05 -4e-05)
(0.00137 1e-05 -4e-05)
(0.00138 1e-05 -4e-05)
(0.00139 1e-05 -4e-05)
(0.0014 1e-05 -4e-05)
(0.00141 1e-05 -4e-05)
(0.00142 1e-05 -4e-05)
(0.00143 1e-05 -4e-05)
(0.00144 1e-05 -4e-05)
(0.00145 1e-05 -4e-05)
(0.00146 1e-05 -4e-05)
(0.00147 1e-05 -4e-05)
(0.00148 1e-05 -4e-05)
(0.00149 1e-05 -4e-05)
(0.0015 1e-05 -4e-05)
(6e-05 2e-05 -4e-05)
(7e-05 2e-05 -4e-05)
(8e-05 2e-05 -4e-05)
(9e-05 2e-05 -4e-05)
(0.0001 2e-05 -4e-05)
(0.00011 2e-05 -4e-05)
(0.00012 2e-05 -4e-05)
(0.00013 2e-05 -4e-05)
(0.00014 2e-05 -4e-05)
(0.00015 2e-05 -4e-05)
(0.00016 2e-05 -4e-05)
(0.00017 2e-05 -4e-05)
(0.00018 2e-05 -4e-05)
(0.00019 2e-05 -4e-05)
(0.0002 2e-05 -4e-05)
(0.00021 2e-05 -4e-05)
(0.00022 2e-05 -4e-05)
(0.00023 2e-05 -4e-05)
(0.00024 2e-05 -4e-05)
(0.00025 2e-05 -4e-05)
(0.00026 2e-05 -4e-05)
(0.00027 2e-05 -4e-05)
(0.00028 2e-05 -4e-05)
(0.00029 2e-05 -4e-05)
(0.0003 2e-05 -4e-05)
(0.00031 2e-05 -4e-05)
(0.00032 2e-05 -4e-05)
(0.00033 2e-05 -4e-05)
(0.00034 2e-05 -4e-05)
(0.00035 2e-05 -4e-05)
(0.00036 2e-05 -4e-05)
(0.00037 2e-05 -4e-05)
(0.00038 2e-05 -4e-05)
(0.00039 2e-05 -4e-05)
(0.0004 2e-05 -4e-05)
(0.00041 2e-05 -4e-05)
(0.00042 2e-05 -4e-05)
(0.00043 2e-05 -4e-05)
(0.00044 2e-05 -4e-05)
(0.00045 2e-05 -4e-05)
(0.00046 2e-05 -4e-05)
(0.00047 2e-05 -4e-05)
(0.00048 2e-05 -4e-05)
(0.00049 2e-05 -4e-05)
(0.0005 2e-05 -4e-05)
(0.00051 2e-05 -4e-05)
(0.00052 2e-05 -4e-05)
(0.00053 2e-05 -4e-05)
(0.00054 2e-05 -4e-05)
(0.00055 2e-05 -4e-05)
(0.00056 2e-05 -4e-05)
(0.00057 2e-05 -4e-05)
(0.00058 2e-05 -4e-05)
(0.00059 2e-05 -4e-05)
(0.0006 2e-05 -4e-05)
(0.00061 2e-05 -4e-05)
(0.00062 2e-05 -4e-05)
(0.00063 2e-05 -4e-05)
(0.00064 2e-05 -4e-05)
(0.00065 2e-05 -4e-05)
(0.00066 2e-05 -4e-05)
(0.00067 2e-05 -4e-05)
(0.00068 2e-05 -4e-05)
(0.00069 2e-05 -4e-05)
(0.0007 2e-05 -4e-05)
(0.00071 2e-05 -4e-05)
(0.00072 2e-05 -4e-05)
(0.00073 2e-05 -4e-05)
(0.00074 2e-05 -4e-05)
(0.00075 2e-05 -4e-05)
(0.00076 2e-05 -4e-05)
(0.00077 2e-05 -4e-05)
(0.00078 2e-05 -4e-05)
(0.00079 2e-05 -4e-05)
(0.0008 2e-05 -4e-05)
(0.00081 2e-05 -4e-05)
(0.00082 2e-05 -4e-05)
(0.00083 2e-05 -4e-05)
(0.00084 2e-05 -4e-05)
(0.00085 2e-05 -4e-05)
(0.00086 2e-05 -4e-05)
(0.00087 2e-05 -4e-05)
(0.00088 2e-05 -4e-05)
(0.00089 2e-05 -4e-05)
(0.0009 2e-05 -4e-05)
(0.00091 2e-05 -4e-05)
(0.00092 2e-05 -4e-05)
(0.00093 2e-05 -4e-05)
(0.00094 2e-05 -4e-05)
(0.00095 2e-05 -4e-05)
(0.00096 2e-05 -4e-05)
(0.00097 2e-05 -4e-05)
(0.00098 2e-05 -4e-05)
(0.00099 2e-05 -4e-05)
(0.001 2e-05 -4e-05)
(0.00101 2e-05 -4e-05)
(0.00102 2e-05 -4e-05)
(0.00103 2e-05 -4e-05)
(0.00104 2e-05 -4e-05)
(0.00105 2e-05 -4e-05)
(0.00106 2e-05 -4e-05)
(0.00107 2e-05 -4e-05)
(0.00108 2e-05 -4e-05)
(0.00109 2e-05 -4e-05)
(0.0011 2e-05 -4e-05)
(0.00111 2e-05 -4e-05)
(0.00112 2e-05 -4e-05)
(0.00113 2e-05 -4e-05)
(0.00114 2e-05 -4e-05)
(0.00115 2e-05 -4e-05)
(0.00116 2e-05 -4e-05)
(0.00117 2e-05 -4e-05)
(0.00118 2e-05 -4e-05)
(0.00119 2e-05 -4e-05)
(0.0012 2e-05 -4e-05)
(0.00121 2e-05 -4e-05)
(0.00122 2e-05 -4e-05)
(0.00123 2e-05 -4e-05)
(0.00124 2e-05 -4e-05)
(0.00125 2e-05 -4e-05)
(0.00126 2e-05 -4e-05)
(0.00127 2e-05 -4e-05)
(0.00128 2e-05 -4e-05)
(0.00129 2e-05 -4e-05)
(0.0013 2e-05 -4e-05)
(0.00131 2e-05 -4e-05)
(0.00132 2e-05 -4e-05)
(0.00133 2e-05 -4e-05)
(0.00134 2e-05 -4e-05)
(0.00135 2e-05 -4e-05)
(0.00136 2e-05 -4e-05)
(0.00137 2e-05 -4e-05)
(0.00138 2e-05 -4e-05)
(0.00139 2e-05 -4e-05)
(0.0014 2e-05 -4e-05)
(0.00141 2e-05 -4e-05)
(0.00142 2e-05 -4e-05)
(0.00143 2e-05 -4e-05)
(0.00144 2e-05 -4e-05)
(0.00145 2e-05 -4e-05)
(0.00146 2e-05 -4e-05)
(0.00147 2e-05 -4e-05)
(0.00148 2e-05 -4e-05)
(0.00149 2e-05 -4e-05)
(0.0015 2e-05 -4e-05)
(6e-05 3e-05 -4e-05)
(7e-05 3e-05 -4e-05)
(8e-05 3e-05 -4e-05)
(9e-05 3e-05 -4e-05)
(0.0001 3e-05 -4e-05)
(0.00011 3e-05 -4e-05)
(0.00012 3e-05 -4e-05)
(0.00013 3e-05 -4e-05)
(0.00014 3e-05 -4e-05)
(0.00015 3e-05 -4e-05)
(0.00016 3e-05 -4e-05)
(0.00017 3e-05 -4e-05)
(0.00018 3e-05 -4e-05)
(0.00019 3e-05 -4e-05)
(0.0002 3e-05 -4e-05)
(0.00021 3e-05 -4e-05)
(0.00022 3e-05 -4e-05)
(0.00023 3e-05 -4e-05)
(0.00024 3e-05 -4e-05)
(0.00025 3e-05 -4e-05)
(0.00026 3e-05 -4e-05)
(0.00027 3e-05 -4e-05)
(0.00028 3e-05 -4e-05)
(0.00029 3e-05 -4e-05)
(0.0003 3e-05 -4e-05)
(0.00031 3e-05 -4e-05)
(0.00032 3e-05 -4e-05)
(0.00033 3e-05 -4e-05)
(0.00034 3e-05 -4e-05)
(0.00035 3e-05 -4e-05)
(0.00036 3e-05 -4e-05)
(0.00037 3e-05 -4e-05)
(0.00038 3e-05 -4e-05)
(0.00039 3e-05 -4e-05)
(0.0004 3e-05 -4e-05)
(0.00041 3e-05 -4e-05)
(0.00042 3e-05 -4e-05)
(0.00043 3e-05 -4e-05)
(0.00044 3e-05 -4e-05)
(0.00045 3e-05 -4e-05)
(0.00046 3e-05 -4e-05)
(0.00047 3e-05 -4e-05)
(0.00048 3e-05 -4e-05)
(0.00049 3e-05 -4e-05)
(0.0005 3e-05 -4e-05)
(0.00051 3e-05 -4e-05)
(0.00052 3e-05 -4e-05)
(0.00053 3e-05 -4e-05)
(0.00054 3e-05 -4e-05)
(0.00055 3e-05 -4e-05)
(0.00056 3e-05 -4e-05)
(0.00057 3e-05 -4e-05)
(0.00058 3e-05 -4e-05)
(0.00059 3e-05 -4e-05)
(0.0006 3e-05 -4e-05)
(0.00061 3e-05 -4e-05)
(0.00062 3e-05 -4e-05)
(0.00063 3e-05 -4e-05)
(0.00064 3e-05 -4e-05)
(0.00065 3e-05 -4e-05)
(0.00066 3e-05 -4e-05)
(0.00067 3e-05 -4e-05)
(0.00068 3e-05 -4e-05)
(0.00069 3e-05 -4e-05)
(0.0007 3e-05 -4e-05)
(0.00071 3e-05 -4e-05)
(0.00072 3e-05 -4e-05)
(0.00073 3e-05 -4e-05)
(0.00074 3e-05 -4e-05)
(0.00075 3e-05 -4e-05)
(0.00076 3e-05 -4e-05)
(0.00077 3e-05 -4e-05)
(0.00078 3e-05 -4e-05)
(0.00079 3e-05 -4e-05)
(0.0008 3e-05 -4e-05)
(0.00081 3e-05 -4e-05)
(0.00082 3e-05 -4e-05)
(0.00083 3e-05 -4e-05)
(0.00084 3e-05 -4e-05)
(0.00085 3e-05 -4e-05)
(0.00086 3e-05 -4e-05)
(0.00087 3e-05 -4e-05)
(0.00088 3e-05 -4e-05)
(0.00089 3e-05 -4e-05)
(0.0009 3e-05 -4e-05)
(0.00091 3e-05 -4e-05)
(0.00092 3e-05 -4e-05)
(0.00093 3e-05 -4e-05)
(0.00094 3e-05 -4e-05)
(0.00095 3e-05 -4e-05)
(0.00096 3e-05 -4e-05)
(0.00097 3e-05 -4e-05)
(0.00098 3e-05 -4e-05)
(0.00099 3e-05 -4e-05)
(0.001 3e-05 -4e-05)
(0.00101 3e-05 -4e-05)
(0.00102 3e-05 -4e-05)
(0.00103 3e-05 -4e-05)
(0.00104 3e-05 -4e-05)
(0.00105 3e-05 -4e-05)
(0.00106 3e-05 -4e-05)
(0.00107 3e-05 -4e-05)
(0.00108 3e-05 -4e-05)
(0.00109 3e-05 -4e-05)
(0.0011 3e-05 -4e-05)
(0.00111 3e-05 -4e-05)
(0.00112 3e-05 -4e-05)
(0.00113 3e-05 -4e-05)
(0.00114 3e-05 -4e-05)
(0.00115 3e-05 -4e-05)
(0.00116 3e-05 -4e-05)
(0.00117 3e-05 -4e-05)
(0.00118 3e-05 -4e-05)
(0.00119 3e-05 -4e-05)
(0.0012 3e-05 -4e-05)
(0.00121 3e-05 -4e-05)
(0.00122 3e-05 -4e-05)
(0.00123 3e-05 -4e-05)
(0.00124 3e-05 -4e-05)
(0.00125 3e-05 -4e-05)
(0.00126 3e-05 -4e-05)
(0.00127 3e-05 -4e-05)
(0.00128 3e-05 -4e-05)
(0.00129 3e-05 -4e-05)
(0.0013 3e-05 -4e-05)
(0.00131 3e-05 -4e-05)
(0.00132 3e-05 -4e-05)
(0.00133 3e-05 -4e-05)
(0.00134 3e-05 -4e-05)
(0.00135 3e-05 -4e-05)
(0.00136 3e-05 -4e-05)
(0.00137 3e-05 -4e-05)
(0.00138 3e-05 -4e-05)
(0.00139 3e-05 -4e-05)
(0.0014 3e-05 -4e-05)
(0.00141 3e-05 -4e-05)
(0.00142 3e-05 -4e-05)
(0.00143 3e-05 -4e-05)
(0.00144 3e-05 -4e-05)
(0.00145 3e-05 -4e-05)
(0.00146 3e-05 -4e-05)
(0.00147 3e-05 -4e-05)
(0.00148 3e-05 -4e-05)
(0.00149 3e-05 -4e-05)
(0.0015 3e-05 -4e-05)
(6e-05 4e-05 -4e-05)
(7e-05 4e-05 -4e-05)
(8e-05 4e-05 -4e-05)
(9e-05 4e-05 -4e-05)
(0.0001 4e-05 -4e-05)
(0.00011 4e-05 -4e-05)
(0.00012 4e-05 -4e-05)
(0.00013 4e-05 -4e-05)
(0.00014 4e-05 -4e-05)
(0.00015 4e-05 -4e-05)
(0.00016 4e-05 -4e-05)
(0.00017 4e-05 -4e-05)
(0.00018 4e-05 -4e-05)
(0.00019 4e-05 -4e-05)
(0.0002 4e-05 -4e-05)
(0.00021 4e-05 -4e-05)
(0.00022 4e-05 -4e-05)
(0.00023 4e-05 -4e-05)
(0.00024 4e-05 -4e-05)
(0.00025 4e-05 -4e-05)
(0.00026 4e-05 -4e-05)
(0.00027 4e-05 -4e-05)
(0.00028 4e-05 -4e-05)
(0.00029 4e-05 -4e-05)
(0.0003 4e-05 -4e-05)
(0.00031 4e-05 -4e-05)
(0.00032 4e-05 -4e-05)
(0.00033 4e-05 -4e-05)
(0.00034 4e-05 -4e-05)
(0.00035 4e-05 -4e-05)
(0.00036 4e-05 -4e-05)
(0.00037 4e-05 -4e-05)
(0.00038 4e-05 -4e-05)
(0.00039 4e-05 -4e-05)
(0.0004 4e-05 -4e-05)
(0.00041 4e-05 -4e-05)
(0.00042 4e-05 -4e-05)
(0.00043 4e-05 -4e-05)
(0.00044 4e-05 -4e-05)
(0.00045 4e-05 -4e-05)
(0.00046 4e-05 -4e-05)
(0.00047 4e-05 -4e-05)
(0.00048 4e-05 -4e-05)
(0.00049 4e-05 -4e-05)
(0.0005 4e-05 -4e-05)
(0.00051 4e-05 -4e-05)
(0.00052 4e-05 -4e-05)
(0.00053 4e-05 -4e-05)
(0.00054 4e-05 -4e-05)
(0.00055 4e-05 -4e-05)
(0.00056 4e-05 -4e-05)
(0.00057 4e-05 -4e-05)
(0.00058 4e-05 -4e-05)
(0.00059 4e-05 -4e-05)
(0.0006 4e-05 -4e-05)
(0.00061 4e-05 -4e-05)
(0.00062 4e-05 -4e-05)
(0.00063 4e-05 -4e-05)
(0.00064 4e-05 -4e-05)
(0.00065 4e-05 -4e-05)
(0.00066 4e-05 -4e-05)
(0.00067 4e-05 -4e-05)
(0.00068 4e-05 -4e-05)
(0.00069 4e-05 -4e-05)
(0.0007 4e-05 -4e-05)
(0.00071 4e-05 -4e-05)
(0.00072 4e-05 -4e-05)
(0.00073 4e-05 -4e-05)
(0.00074 4e-05 -4e-05)
(0.00075 4e-05 -4e-05)
(0.00076 4e-05 -4e-05)
(0.00077 4e-05 -4e-05)
(0.00078 4e-05 -4e-05)
(0.00079 4e-05 -4e-05)
(0.0008 4e-05 -4e-05)
(0.00081 4e-05 -4e-05)
(0.00082 4e-05 -4e-05)
(0.00083 4e-05 -4e-05)
(0.00084 4e-05 -4e-05)
(0.00085 4e-05 -4e-05)
(0.00086 4e-05 -4e-05)
(0.00087 4e-05 -4e-05)
(0.00088 4e-05 -4e-05)
(0.00089 4e-05 -4e-05)
(0.0009 4e-05 -4e-05)
(0.00091 4e-05 -4e-05)
(0.00092 4e-05 -4e-05)
(0.00093 4e-05 -4e-05)
(0.00094 4e-05 -4e-05)
(0.00095 4e-05 -4e-05)
(0.00096 4e-05 -4e-05)
(0.00097 4e-05 -4e-05)
(0.00098 4e-05 -4e-05)
(0.00099 4e-05 -4e-05)
(0.001 4e-05 -4e-05)
(0.00101 4e-05 -4e-05)
(0.00102 4e-05 -4e-05)
(0.00103 4e-05 -4e-05)
(0.00104 4e-05 -4e-05)
(0.00105 4e-05 -4e-05)
(0.00106 4e-05 -4e-05)
(0.00107 4e-05 -4e-05)
(0.00108 4e-05 -4e-05)
(0.00109 4e-05 -4e-05)
(0.0011 4e-05 -4e-05)
(0.00111 4e-05 -4e-05)
(0.00112 4e-05 -4e-05)
(0.00113 4e-05 -4e-05)
(0.00114 4e-05 -4e-05)
(0.00115 4e-05 -4e-05)
(0.00116 4e-05 -4e-05)
(0.00117 4e-05 -4e-05)
(0.00118 4e-05 -4e-05)
(0.00119 4e-05 -4e-05)
(0.0012 4e-05 -4e-05)
(0.00121 4e-05 -4e-05)
(0.00122 4e-05 -4e-05)
(0.00123 4e-05 -4e-05)
(0.00124 4e-05 -4e-05)
(0.00125 4e-05 -4e-05)
(0.00126 4e-05 -4e-05)
(0.00127 4e-05 -4e-05)
(0.00128 4e-05 -4e-05)
(0.00129 4e-05 -4e-05)
(0.0013 4e-05 -4e-05)
(0.00131 4e-05 -4e-05)
(0.00132 4e-05 -4e-05)
(0.00133 4e-05 -4e-05)
(0.00134 4e-05 -4e-05)
(0.00135 4e-05 -4e-05)
(0.00136 4e-05 -4e-05)
(0.00137 4e-05 -4e-05)
(0.00138 4e-05 -4e-05)
(0.00139 4e-05 -4e-05)
(0.0014 4e-05 -4e-05)
(0.00141 4e-05 -4e-05)
(0.00142 4e-05 -4e-05)
(0.00143 4e-05 -4e-05)
(0.00144 4e-05 -4e-05)
(0.00145 4e-05 -4e-05)
(0.00146 4e-05 -4e-05)
(0.00147 4e-05 -4e-05)
(0.00148 4e-05 -4e-05)
(0.00149 4e-05 -4e-05)
(0.0015 4e-05 -4e-05)
(6e-05 5e-05 -4e-05)
(7e-05 5e-05 -4e-05)
(8e-05 5e-05 -4e-05)
(9e-05 5e-05 -4e-05)
(0.0001 5e-05 -4e-05)
(0.00011 5e-05 -4e-05)
(0.00012 5e-05 -4e-05)
(0.00013 5e-05 -4e-05)
(0.00014 5e-05 -4e-05)
(0.00015 5e-05 -4e-05)
(0.00016 5e-05 -4e-05)
(0.00017 5e-05 -4e-05)
(0.00018 5e-05 -4e-05)
(0.00019 5e-05 -4e-05)
(0.0002 5e-05 -4e-05)
(0.00021 5e-05 -4e-05)
(0.00022 5e-05 -4e-05)
(0.00023 5e-05 -4e-05)
(0.00024 5e-05 -4e-05)
(0.00025 5e-05 -4e-05)
(0.00026 5e-05 -4e-05)
(0.00027 5e-05 -4e-05)
(0.00028 5e-05 -4e-05)
(0.00029 5e-05 -4e-05)
(0.0003 5e-05 -4e-05)
(0.00031 5e-05 -4e-05)
(0.00032 5e-05 -4e-05)
(0.00033 5e-05 -4e-05)
(0.00034 5e-05 -4e-05)
(0.00035 5e-05 -4e-05)
(0.00036 5e-05 -4e-05)
(0.00037 5e-05 -4e-05)
(0.00038 5e-05 -4e-05)
(0.00039 5e-05 -4e-05)
(0.0004 5e-05 -4e-05)
(0.00041 5e-05 -4e-05)
(0.00042 5e-05 -4e-05)
(0.00043 5e-05 -4e-05)
(0.00044 5e-05 -4e-05)
(0.00045 5e-05 -4e-05)
(0.00046 5e-05 -4e-05)
(0.00047 5e-05 -4e-05)
(0.00048 5e-05 -4e-05)
(0.00049 5e-05 -4e-05)
(0.0005 5e-05 -4e-05)
(0.00051 5e-05 -4e-05)
(0.00052 5e-05 -4e-05)
(0.00053 5e-05 -4e-05)
(0.00054 5e-05 -4e-05)
(0.00055 5e-05 -4e-05)
(0.00056 5e-05 -4e-05)
(0.00057 5e-05 -4e-05)
(0.00058 5e-05 -4e-05)
(0.00059 5e-05 -4e-05)
(0.0006 5e-05 -4e-05)
(0.00061 5e-05 -4e-05)
(0.00062 5e-05 -4e-05)
(0.00063 5e-05 -4e-05)
(0.00064 5e-05 -4e-05)
(0.00065 5e-05 -4e-05)
(0.00066 5e-05 -4e-05)
(0.00067 5e-05 -4e-05)
(0.00068 5e-05 -4e-05)
(0.00069 5e-05 -4e-05)
(0.0007 5e-05 -4e-05)
(0.00071 5e-05 -4e-05)
(0.00072 5e-05 -4e-05)
(0.00073 5e-05 -4e-05)
(0.00074 5e-05 -4e-05)
(0.00075 5e-05 -4e-05)
(0.00076 5e-05 -4e-05)
(0.00077 5e-05 -4e-05)
(0.00078 5e-05 -4e-05)
(0.00079 5e-05 -4e-05)
(0.0008 5e-05 -4e-05)
(0.00081 5e-05 -4e-05)
(0.00082 5e-05 -4e-05)
(0.00083 5e-05 -4e-05)
(0.00084 5e-05 -4e-05)
(0.00085 5e-05 -4e-05)
(0.00086 5e-05 -4e-05)
(0.00087 5e-05 -4e-05)
(0.00088 5e-05 -4e-05)
(0.00089 5e-05 -4e-05)
(0.0009 5e-05 -4e-05)
(0.00091 5e-05 -4e-05)
(0.00092 5e-05 -4e-05)
(0.00093 5e-05 -4e-05)
(0.00094 5e-05 -4e-05)
(0.00095 5e-05 -4e-05)
(0.00096 5e-05 -4e-05)
(0.00097 5e-05 -4e-05)
(0.00098 5e-05 -4e-05)
(0.00099 5e-05 -4e-05)
(0.001 5e-05 -4e-05)
(0.00101 5e-05 -4e-05)
(0.00102 5e-05 -4e-05)
(0.00103 5e-05 -4e-05)
(0.00104 5e-05 -4e-05)
(0.00105 5e-05 -4e-05)
(0.00106 5e-05 -4e-05)
(0.00107 5e-05 -4e-05)
(0.00108 5e-05 -4e-05)
(0.00109 5e-05 -4e-05)
(0.0011 5e-05 -4e-05)
(0.00111 5e-05 -4e-05)
(0.00112 5e-05 -4e-05)
(0.00113 5e-05 -4e-05)
(0.00114 5e-05 -4e-05)
(0.00115 5e-05 -4e-05)
(0.00116 5e-05 -4e-05)
(0.00117 5e-05 -4e-05)
(0.00118 5e-05 -4e-05)
(0.00119 5e-05 -4e-05)
(0.0012 5e-05 -4e-05)
(0.00121 5e-05 -4e-05)
(0.00122 5e-05 -4e-05)
(0.00123 5e-05 -4e-05)
(0.00124 5e-05 -4e-05)
(0.00125 5e-05 -4e-05)
(0.00126 5e-05 -4e-05)
(0.00127 5e-05 -4e-05)
(0.00128 5e-05 -4e-05)
(0.00129 5e-05 -4e-05)
(0.0013 5e-05 -4e-05)
(0.00131 5e-05 -4e-05)
(0.00132 5e-05 -4e-05)
(0.00133 5e-05 -4e-05)
(0.00134 5e-05 -4e-05)
(0.00135 5e-05 -4e-05)
(0.00136 5e-05 -4e-05)
(0.00137 5e-05 -4e-05)
(0.00138 5e-05 -4e-05)
(0.00139 5e-05 -4e-05)
(0.0014 5e-05 -4e-05)
(0.00141 5e-05 -4e-05)
(0.00142 5e-05 -4e-05)
(0.00143 5e-05 -4e-05)
(0.00144 5e-05 -4e-05)
(0.00145 5e-05 -4e-05)
(0.00146 5e-05 -4e-05)
(0.00147 5e-05 -4e-05)
(0.00148 5e-05 -4e-05)
(0.00149 5e-05 -4e-05)
(0.0015 5e-05 -4e-05)
(6e-05 -5e-05 -3e-05)
(7e-05 -5e-05 -3e-05)
(8e-05 -5e-05 -3e-05)
(9e-05 -5e-05 -3e-05)
(0.0001 -5e-05 -3e-05)
(0.00011 -5e-05 -3e-05)
(0.00012 -5e-05 -3e-05)
(0.00013 -5e-05 -3e-05)
(0.00014 -5e-05 -3e-05)
(0.00015 -5e-05 -3e-05)
(0.00016 -5e-05 -3e-05)
(0.00017 -5e-05 -3e-05)
(0.00018 -5e-05 -3e-05)
(0.00019 -5e-05 -3e-05)
(0.0002 -5e-05 -3e-05)
(0.00021 -5e-05 -3e-05)
(0.00022 -5e-05 -3e-05)
(0.00023 -5e-05 -3e-05)
(0.00024 -5e-05 -3e-05)
(0.00025 -5e-05 -3e-05)
(0.00026 -5e-05 -3e-05)
(0.00027 -5e-05 -3e-05)
(0.00028 -5e-05 -3e-05)
(0.00029 -5e-05 -3e-05)
(0.0003 -5e-05 -3e-05)
(0.00031 -5e-05 -3e-05)
(0.00032 -5e-05 -3e-05)
(0.00033 -5e-05 -3e-05)
(0.00034 -5e-05 -3e-05)
(0.00035 -5e-05 -3e-05)
(0.00036 -5e-05 -3e-05)
(0.00037 -5e-05 -3e-05)
(0.00038 -5e-05 -3e-05)
(0.00039 -5e-05 -3e-05)
(0.0004 -5e-05 -3e-05)
(0.00041 -5e-05 -3e-05)
(0.00042 -5e-05 -3e-05)
(0.00043 -5e-05 -3e-05)
(0.00044 -5e-05 -3e-05)
(0.00045 -5e-05 -3e-05)
(0.00046 -5e-05 -3e-05)
(0.00047 -5e-05 -3e-05)
(0.00048 -5e-05 -3e-05)
(0.00049 -5e-05 -3e-05)
(0.0005 -5e-05 -3e-05)
(0.00051 -5e-05 -3e-05)
(0.00052 -5e-05 -3e-05)
(0.00053 -5e-05 -3e-05)
(0.00054 -5e-05 -3e-05)
(0.00055 -5e-05 -3e-05)
(0.00056 -5e-05 -3e-05)
(0.00057 -5e-05 -3e-05)
(0.00058 -5e-05 -3e-05)
(0.00059 -5e-05 -3e-05)
(0.0006 -5e-05 -3e-05)
(0.00061 -5e-05 -3e-05)
(0.00062 -5e-05 -3e-05)
(0.00063 -5e-05 -3e-05)
(0.00064 -5e-05 -3e-05)
(0.00065 -5e-05 -3e-05)
(0.00066 -5e-05 -3e-05)
(0.00067 -5e-05 -3e-05)
(0.00068 -5e-05 -3e-05)
(0.00069 -5e-05 -3e-05)
(0.0007 -5e-05 -3e-05)
(0.00071 -5e-05 -3e-05)
(0.00072 -5e-05 -3e-05)
(0.00073 -5e-05 -3e-05)
(0.00074 -5e-05 -3e-05)
(0.00075 -5e-05 -3e-05)
(0.00076 -5e-05 -3e-05)
(0.00077 -5e-05 -3e-05)
(0.00078 -5e-05 -3e-05)
(0.00079 -5e-05 -3e-05)
(0.0008 -5e-05 -3e-05)
(0.00081 -5e-05 -3e-05)
(0.00082 -5e-05 -3e-05)
(0.00083 -5e-05 -3e-05)
(0.00084 -5e-05 -3e-05)
(0.00085 -5e-05 -3e-05)
(0.00086 -5e-05 -3e-05)
(0.00087 -5e-05 -3e-05)
(0.00088 -5e-05 -3e-05)
(0.00089 -5e-05 -3e-05)
(0.0009 -5e-05 -3e-05)
(0.00091 -5e-05 -3e-05)
(0.00092 -5e-05 -3e-05)
(0.00093 -5e-05 -3e-05)
(0.00094 -5e-05 -3e-05)
(0.00095 -5e-05 -3e-05)
(0.00096 -5e-05 -3e-05)
(0.00097 -5e-05 -3e-05)
(0.00098 -5e-05 -3e-05)
(0.00099 -5e-05 -3e-05)
(0.001 -5e-05 -3e-05)
(0.00101 -5e-05 -3e-05)
(0.00102 -5e-05 -3e-05)
(0.00103 -5e-05 -3e-05)
(0.00104 -5e-05 -3e-05)
(0.00105 -5e-05 -3e-05)
(0.00106 -5e-05 -3e-05)
(0.00107 -5e-05 -3e-05)
(0.00108 -5e-05 -3e-05)
(0.00109 -5e-05 -3e-05)
(0.0011 -5e-05 -3e-05)
(0.00111 -5e-05 -3e-05)
(0.00112 -5e-05 -3e-05)
(0.00113 -5e-05 -3e-05)
(0.00114 -5e-05 -3e-05)
(0.00115 -5e-05 -3e-05)
(0.00116 -5e-05 -3e-05)
(0.00117 -5e-05 -3e-05)
(0.00118 -5e-05 -3e-05)
(0.00119 -5e-05 -3e-05)
(0.0012 -5e-05 -3e-05)
(0.00121 -5e-05 -3e-05)
(0.00122 -5e-05 -3e-05)
(0.00123 -5e-05 -3e-05)
(0.00124 -5e-05 -3e-05)
(0.00125 -5e-05 -3e-05)
(0.00126 -5e-05 -3e-05)
(0.00127 -5e-05 -3e-05)
(0.00128 -5e-05 -3e-05)
(0.00129 -5e-05 -3e-05)
(0.0013 -5e-05 -3e-05)
(0.00131 -5e-05 -3e-05)
(0.00132 -5e-05 -3e-05)
(0.00133 -5e-05 -3e-05)
(0.00134 -5e-05 -3e-05)
(0.00135 -5e-05 -3e-05)
(0.00136 -5e-05 -3e-05)
(0.00137 -5e-05 -3e-05)
(0.00138 -5e-05 -3e-05)
(0.00139 -5e-05 -3e-05)
(0.0014 -5e-05 -3e-05)
(0.00141 -5e-05 -3e-05)
(0.00142 -5e-05 -3e-05)
(0.00143 -5e-05 -3e-05)
(0.00144 -5e-05 -3e-05)
(0.00145 -5e-05 -3e-05)
(0.00146 -5e-05 -3e-05)
(0.00147 -5e-05 -3e-05)
(0.00148 -5e-05 -3e-05)
(0.00149 -5e-05 -3e-05)
(0.0015 -5e-05 -3e-05)
(6e-05 -4e-05 -3e-05)
(7e-05 -4e-05 -3e-05)
(8e-05 -4e-05 -3e-05)
(9e-05 -4e-05 -3e-05)
(0.0001 -4e-05 -3e-05)
(0.00011 -4e-05 -3e-05)
(0.00012 -4e-05 -3e-05)
(0.00013 -4e-05 -3e-05)
(0.00014 -4e-05 -3e-05)
(0.00015 -4e-05 -3e-05)
(0.00016 -4e-05 -3e-05)
(0.00017 -4e-05 -3e-05)
(0.00018 -4e-05 -3e-05)
(0.00019 -4e-05 -3e-05)
(0.0002 -4e-05 -3e-05)
(0.00021 -4e-05 -3e-05)
(0.00022 -4e-05 -3e-05)
(0.00023 -4e-05 -3e-05)
(0.00024 -4e-05 -3e-05)
(0.00025 -4e-05 -3e-05)
(0.00026 -4e-05 -3e-05)
(0.00027 -4e-05 -3e-05)
(0.00028 -4e-05 -3e-05)
(0.00029 -4e-05 -3e-05)
(0.0003 -4e-05 -3e-05)
(0.00031 -4e-05 -3e-05)
(0.00032 -4e-05 -3e-05)
(0.00033 -4e-05 -3e-05)
(0.00034 -4e-05 -3e-05)
(0.00035 -4e-05 -3e-05)
(0.00036 -4e-05 -3e-05)
(0.00037 -4e-05 -3e-05)
(0.00038 -4e-05 -3e-05)
(0.00039 -4e-05 -3e-05)
(0.0004 -4e-05 -3e-05)
(0.00041 -4e-05 -3e-05)
(0.00042 -4e-05 -3e-05)
(0.00043 -4e-05 -3e-05)
(0.00044 -4e-05 -3e-05)
(0.00045 -4e-05 -3e-05)
(0.00046 -4e-05 -3e-05)
(0.00047 -4e-05 -3e-05)
(0.00048 -4e-05 -3e-05)
(0.00049 -4e-05 -3e-05)
(0.0005 -4e-05 -3e-05)
(0.00051 -4e-05 -3e-05)
(0.00052 -4e-05 -3e-05)
(0.00053 -4e-05 -3e-05)
(0.00054 -4e-05 -3e-05)
(0.00055 -4e-05 -3e-05)
(0.00056 -4e-05 -3e-05)
(0.00057 -4e-05 -3e-05)
(0.00058 -4e-05 -3e-05)
(0.00059 -4e-05 -3e-05)
(0.0006 -4e-05 -3e-05)
(0.00061 -4e-05 -3e-05)
(0.00062 -4e-05 -3e-05)
(0.00063 -4e-05 -3e-05)
(0.00064 -4e-05 -3e-05)
(0.00065 -4e-05 -3e-05)
(0.00066 -4e-05 -3e-05)
(0.00067 -4e-05 -3e-05)
(0.00068 -4e-05 -3e-05)
(0.00069 -4e-05 -3e-05)
(0.0007 -4e-05 -3e-05)
(0.00071 -4e-05 -3e-05)
(0.00072 -4e-05 -3e-05)
(0.00073 -4e-05 -3e-05)
(0.00074 -4e-05 -3e-05)
(0.00075 -4e-05 -3e-05)
(0.00076 -4e-05 -3e-05)
(0.00077 -4e-05 -3e-05)
(0.00078 -4e-05 -3e-05)
(0.00079 -4e-05 -3e-05)
(0.0008 -4e-05 -3e-05)
(0.00081 -4e-05 -3e-05)
(0.00082 -4e-05 -3e-05)
(0.00083 -4e-05 -3e-05)
(0.00084 -4e-05 -3e-05)
(0.00085 -4e-05 -3e-05)
(0.00086 -4e-05 -3e-05)
(0.00087 -4e-05 -3e-05)
(0.00088 -4e-05 -3e-05)
(0.00089 -4e-05 -3e-05)
(0.0009 -4e-05 -3e-05)
(0.00091 -4e-05 -3e-05)
(0.00092 -4e-05 -3e-05)
(0.00093 -4e-05 -3e-05)
(0.00094 -4e-05 -3e-05)
(0.00095 -4e-05 -3e-05)
(0.00096 -4e-05 -3e-05)
(0.00097 -4e-05 -3e-05)
(0.00098 -4e-05 -3e-05)
(0.00099 -4e-05 -3e-05)
(0.001 -4e-05 -3e-05)
(0.00101 -4e-05 -3e-05)
(0.00102 -4e-05 -3e-05)
(0.00103 -4e-05 -3e-05)
(0.00104 -4e-05 -3e-05)
(0.00105 -4e-05 -3e-05)
(0.00106 -4e-05 -3e-05)
(0.00107 -4e-05 -3e-05)
(0.00108 -4e-05 -3e-05)
(0.00109 -4e-05 -3e-05)
(0.0011 -4e-05 -3e-05)
(0.00111 -4e-05 -3e-05)
(0.00112 -4e-05 -3e-05)
(0.00113 -4e-05 -3e-05)
(0.00114 -4e-05 -3e-05)
(0.00115 -4e-05 -3e-05)
(0.00116 -4e-05 -3e-05)
(0.00117 -4e-05 -3e-05)
(0.00118 -4e-05 -3e-05)
(0.00119 -4e-05 -3e-05)
(0.0012 -4e-05 -3e-05)
(0.00121 -4e-05 -3e-05)
(0.00122 -4e-05 -3e-05)
(0.00123 -4e-05 -3e-05)
(0.00124 -4e-05 -3e-05)
(0.00125 -4e-05 -3e-05)
(0.00126 -4e-05 -3e-05)
(0.00127 -4e-05 -3e-05)
(0.00128 -4e-05 -3e-05)
(0.00129 -4e-05 -3e-05)
(0.0013 -4e-05 -3e-05)
(0.00131 -4e-05 -3e-05)
(0.00132 -4e-05 -3e-05)
(0.00133 -4e-05 -3e-05)
(0.00134 -4e-05 -3e-05)
(0.00135 -4e-05 -3e-05)
(0.00136 -4e-05 -3e-05)
(0.00137 -4e-05 -3e-05)
(0.00138 -4e-05 -3e-05)
(0.00139 -4e-05 -3e-05)
(0.0014 -4e-05 -3e-05)
(0.00141 -4e-05 -3e-05)
(0.00142 -4e-05 -3e-05)
(0.00143 -4e-05 -3e-05)
(0.00144 -4e-05 -3e-05)
(0.00145 -4e-05 -3e-05)
(0.00146 -4e-05 -3e-05)
(0.00147 -4e-05 -3e-05)
(0.00148 -4e-05 -3e-05)
(0.00149 -4e-05 -3e-05)
(0.0015 -4e-05 -3e-05)
(6e-05 -3e-05 -3e-05)
(7e-05 -3e-05 -3e-05)
(8e-05 -3e-05 -3e-05)
(9e-05 -3e-05 -3e-05)
(0.0001 -3e-05 -3e-05)
(0.00011 -3e-05 -3e-05)
(0.00012 -3e-05 -3e-05)
(0.00013 -3e-05 -3e-05)
(0.00014 -3e-05 -3e-05)
(0.00015 -3e-05 -3e-05)
(0.00016 -3e-05 -3e-05)
(0.00017 -3e-05 -3e-05)
(0.00018 -3e-05 -3e-05)
(0.00019 -3e-05 -3e-05)
(0.0002 -3e-05 -3e-05)
(0.00021 -3e-05 -3e-05)
(0.00022 -3e-05 -3e-05)
(0.00023 -3e-05 -3e-05)
(0.00024 -3e-05 -3e-05)
(0.00025 -3e-05 -3e-05)
(0.00026 -3e-05 -3e-05)
(0.00027 -3e-05 -3e-05)
(0.00028 -3e-05 -3e-05)
(0.00029 -3e-05 -3e-05)
(0.0003 -3e-05 -3e-05)
(0.00031 -3e-05 -3e-05)
(0.00032 -3e-05 -3e-05)
(0.00033 -3e-05 -3e-05)
(0.00034 -3e-05 -3e-05)
(0.00035 -3e-05 -3e-05)
(0.00036 -3e-05 -3e-05)
(0.00037 -3e-05 -3e-05)
(0.00038 -3e-05 -3e-05)
(0.00039 -3e-05 -3e-05)
(0.0004 -3e-05 -3e-05)
(0.00041 -3e-05 -3e-05)
(0.00042 -3e-05 -3e-05)
(0.00043 -3e-05 -3e-05)
(0.00044 -3e-05 -3e-05)
(0.00045 -3e-05 -3e-05)
(0.00046 -3e-05 -3e-05)
(0.00047 -3e-05 -3e-05)
(0.00048 -3e-05 -3e-05)
(0.00049 -3e-05 -3e-05)
(0.0005 -3e-05 -3e-05)
(0.00051 -3e-05 -3e-05)
(0.00052 -3e-05 -3e-05)
(0.00053 -3e-05 -3e-05)
(0.00054 -3e-05 -3e-05)
(0.00055 -3e-05 -3e-05)
(0.00056 -3e-05 -3e-05)
(0.00057 -3e-05 -3e-05)
(0.00058 -3e-05 -3e-05)
(0.00059 -3e-05 -3e-05)
(0.0006 -3e-05 -3e-05)
(0.00061 -3e-05 -3e-05)
(0.00062 -3e-05 -3e-05)
(0.00063 -3e-05 -3e-05)
(0.00064 -3e-05 -3e-05)
(0.00065 -3e-05 -3e-05)
(0.00066 -3e-05 -3e-05)
(0.00067 -3e-05 -3e-05)
(0.00068 -3e-05 -3e-05)
(0.00069 -3e-05 -3e-05)
(0.0007 -3e-05 -3e-05)
(0.00071 -3e-05 -3e-05)
(0.00072 -3e-05 -3e-05)
(0.00073 -3e-05 -3e-05)
(0.00074 -3e-05 -3e-05)
(0.00075 -3e-05 -3e-05)
(0.00076 -3e-05 -3e-05)
(0.00077 -3e-05 -3e-05)
(0.00078 -3e-05 -3e-05)
(0.00079 -3e-05 -3e-05)
(0.0008 -3e-05 -3e-05)
(0.00081 -3e-05 -3e-05)
(0.00082 -3e-05 -3e-05)
(0.00083 -3e-05 -3e-05)
(0.00084 -3e-05 -3e-05)
(0.00085 -3e-05 -3e-05)
(0.00086 -3e-05 -3e-05)
(0.00087 -3e-05 -3e-05)
(0.00088 -3e-05 -3e-05)
(0.00089 -3e-05 -3e-05)
(0.0009 -3e-05 -3e-05)
(0.00091 -3e-05 -3e-05)
(0.00092 -3e-05 -3e-05)
(0.00093 -3e-05 -3e-05)
(0.00094 -3e-05 -3e-05)
(0.00095 -3e-05 -3e-05)
(0.00096 -3e-05 -3e-05)
(0.00097 -3e-05 -3e-05)
(0.00098 -3e-05 -3e-05)
(0.00099 -3e-05 -3e-05)
(0.001 -3e-05 -3e-05)
(0.00101 -3e-05 -3e-05)
(0.00102 -3e-05 -3e-05)
(0.00103 -3e-05 -3e-05)
(0.00104 -3e-05 -3e-05)
(0.00105 -3e-05 -3e-05)
(0.00106 -3e-05 -3e-05)
(0.00107 -3e-05 -3e-05)
(0.00108 -3e-05 -3e-05)
(0.00109 -3e-05 -3e-05)
(0.0011 -3e-05 -3e-05)
(0.00111 -3e-05 -3e-05)
(0.00112 -3e-05 -3e-05)
(0.00113 -3e-05 -3e-05)
(0.00114 -3e-05 -3e-05)
(0.00115 -3e-05 -3e-05)
(0.00116 -3e-05 -3e-05)
(0.00117 -3e-05 -3e-05)
(0.00118 -3e-05 -3e-05)
(0.00119 -3e-05 -3e-05)
(0.0012 -3e-05 -3e-05)
(0.00121 -3e-05 -3e-05)
(0.00122 -3e-05 -3e-05)
(0.00123 -3e-05 -3e-05)
(0.00124 -3e-05 -3e-05)
(0.00125 -3e-05 -3e-05)
(0.00126 -3e-05 -3e-05)
(0.00127 -3e-05 -3e-05)
(0.00128 -3e-05 -3e-05)
(0.00129 -3e-05 -3e-05)
(0.0013 -3e-05 -3e-05)
(0.00131 -3e-05 -3e-05)
(0.00132 -3e-05 -3e-05)
(0.00133 -3e-05 -3e-05)
(0.00134 -3e-05 -3e-05)
(0.00135 -3e-05 -3e-05)
(0.00136 -3e-05 -3e-05)
(0.00137 -3e-05 -3e-05)
(0.00138 -3e-05 -3e-05)
(0.00139 -3e-05 -3e-05)
(0.0014 -3e-05 -3e-05)
(0.00141 -3e-05 -3e-05)
(0.00142 -3e-05 -3e-05)
(0.00143 -3e-05 -3e-05)
(0.00144 -3e-05 -3e-05)
(0.00145 -3e-05 -3e-05)
(0.00146 -3e-05 -3e-05)
(0.00147 -3e-05 -3e-05)
(0.00148 -3e-05 -3e-05)
(0.00149 -3e-05 -3e-05)
(0.0015 -3e-05 -3e-05)
(6e-05 -2e-05 -3e-05)
(7e-05 -2e-05 -3e-05)
(8e-05 -2e-05 -3e-05)
(9e-05 -2e-05 -3e-05)
(0.0001 -2e-05 -3e-05)
(0.00011 -2e-05 -3e-05)
(0.00012 -2e-05 -3e-05)
(0.00013 -2e-05 -3e-05)
(0.00014 -2e-05 -3e-05)
(0.00015 -2e-05 -3e-05)
(0.00016 -2e-05 -3e-05)
(0.00017 -2e-05 -3e-05)
(0.00018 -2e-05 -3e-05)
(0.00019 -2e-05 -3e-05)
(0.0002 -2e-05 -3e-05)
(0.00021 -2e-05 -3e-05)
(0.00022 -2e-05 -3e-05)
(0.00023 -2e-05 -3e-05)
(0.00024 -2e-05 -3e-05)
(0.00025 -2e-05 -3e-05)
(0.00026 -2e-05 -3e-05)
(0.00027 -2e-05 -3e-05)
(0.00028 -2e-05 -3e-05)
(0.00029 -2e-05 -3e-05)
(0.0003 -2e-05 -3e-05)
(0.00031 -2e-05 -3e-05)
(0.00032 -2e-05 -3e-05)
(0.00033 -2e-05 -3e-05)
(0.00034 -2e-05 -3e-05)
(0.00035 -2e-05 -3e-05)
(0.00036 -2e-05 -3e-05)
(0.00037 -2e-05 -3e-05)
(0.00038 -2e-05 -3e-05)
(0.00039 -2e-05 -3e-05)
(0.0004 -2e-05 -3e-05)
(0.00041 -2e-05 -3e-05)
(0.00042 -2e-05 -3e-05)
(0.00043 -2e-05 -3e-05)
(0.00044 -2e-05 -3e-05)
(0.00045 -2e-05 -3e-05)
(0.00046 -2e-05 -3e-05)
(0.00047 -2e-05 -3e-05)
(0.00048 -2e-05 -3e-05)
(0.00049 -2e-05 -3e-05)
(0.0005 -2e-05 -3e-05)
(0.00051 -2e-05 -3e-05)
(0.00052 -2e-05 -3e-05)
(0.00053 -2e-05 -3e-05)
(0.00054 -2e-05 -3e-05)
(0.00055 -2e-05 -3e-05)
(0.00056 -2e-05 -3e-05)
(0.00057 -2e-05 -3e-05)
(0.00058 -2e-05 -3e-05)
(0.00059 -2e-05 -3e-05)
(0.0006 -2e-05 -3e-05)
(0.00061 -2e-05 -3e-05)
(0.00062 -2e-05 -3e-05)
(0.00063 -2e-05 -3e-05)
(0.00064 -2e-05 -3e-05)
(0.00065 -2e-05 -3e-05)
(0.00066 -2e-05 -3e-05)
(0.00067 -2e-05 -3e-05)
(0.00068 -2e-05 -3e-05)
(0.00069 -2e-05 -3e-05)
(0.0007 -2e-05 -3e-05)
(0.00071 -2e-05 -3e-05)
(0.00072 -2e-05 -3e-05)
(0.00073 -2e-05 -3e-05)
(0.00074 -2e-05 -3e-05)
(0.00075 -2e-05 -3e-05)
(0.00076 -2e-05 -3e-05)
(0.00077 -2e-05 -3e-05)
(0.00078 -2e-05 -3e-05)
(0.00079 -2e-05 -3e-05)
(0.0008 -2e-05 -3e-05)
(0.00081 -2e-05 -3e-05)
(0.00082 -2e-05 -3e-05)
(0.00083 -2e-05 -3e-05)
(0.00084 -2e-05 -3e-05)
(0.00085 -2e-05 -3e-05)
(0.00086 -2e-05 -3e-05)
(0.00087 -2e-05 -3e-05)
(0.00088 -2e-05 -3e-05)
(0.00089 -2e-05 -3e-05)
(0.0009 -2e-05 -3e-05)
(0.00091 -2e-05 -3e-05)
(0.00092 -2e-05 -3e-05)
(0.00093 -2e-05 -3e-05)
(0.00094 -2e-05 -3e-05)
(0.00095 -2e-05 -3e-05)
(0.00096 -2e-05 -3e-05)
(0.00097 -2e-05 -3e-05)
(0.00098 -2e-05 -3e-05)
(0.00099 -2e-05 -3e-05)
(0.001 -2e-05 -3e-05)
(0.00101 -2e-05 -3e-05)
(0.00102 -2e-05 -3e-05)
(0.00103 -2e-05 -3e-05)
(0.00104 -2e-05 -3e-05)
(0.00105 -2e-05 -3e-05)
(0.00106 -2e-05 -3e-05)
(0.00107 -2e-05 -3e-05)
(0.00108 -2e-05 -3e-05)
(0.00109 -2e-05 -3e-05)
(0.0011 -2e-05 -3e-05)
(0.00111 -2e-05 -3e-05)
(0.00112 -2e-05 -3e-05)
(0.00113 -2e-05 -3e-05)
(0.00114 -2e-05 -3e-05)
(0.00115 -2e-05 -3e-05)
(0.00116 -2e-05 -3e-05)
(0.00117 -2e-05 -3e-05)
(0.00118 -2e-05 -3e-05)
(0.00119 -2e-05 -3e-05)
(0.0012 -2e-05 -3e-05)
(0.00121 -2e-05 -3e-05)
(0.00122 -2e-05 -3e-05)
(0.00123 -2e-05 -3e-05)
(0.00124 -2e-05 -3e-05)
(0.00125 -2e-05 -3e-05)
(0.00126 -2e-05 -3e-05)
(0.00127 -2e-05 -3e-05)
(0.00128 -2e-05 -3e-05)
(0.00129 -2e-05 -3e-05)
(0.0013 -2e-05 -3e-05)
(0.00131 -2e-05 -3e-05)
(0.00132 -2e-05 -3e-05)
(0.00133 -2e-05 -3e-05)
(0.00134 -2e-05 -3e-05)
(0.00135 -2e-05 -3e-05)
(0.00136 -2e-05 -3e-05)
(0.00137 -2e-05 -3e-05)
(0.00138 -2e-05 -3e-05)
(0.00139 -2e-05 -3e-05)
(0.0014 -2e-05 -3e-05)
(0.00141 -2e-05 -3e-05)
(0.00142 -2e-05 -3e-05)
(0.00143 -2e-05 -3e-05)
(0.00144 -2e-05 -3e-05)
(0.00145 -2e-05 -3e-05)
(0.00146 -2e-05 -3e-05)
(0.00147 -2e-05 -3e-05)
(0.00148 -2e-05 -3e-05)
(0.00149 -2e-05 -3e-05)
(0.0015 -2e-05 -3e-05)
(6e-05 -1e-05 -3e-05)
(7e-05 -1e-05 -3e-05)
(8e-05 -1e-05 -3e-05)
(9e-05 -1e-05 -3e-05)
(0.0001 -1e-05 -3e-05)
(0.00011 -1e-05 -3e-05)
(0.00012 -1e-05 -3e-05)
(0.00013 -1e-05 -3e-05)
(0.00014 -1e-05 -3e-05)
(0.00015 -1e-05 -3e-05)
(0.00016 -1e-05 -3e-05)
(0.00017 -1e-05 -3e-05)
(0.00018 -1e-05 -3e-05)
(0.00019 -1e-05 -3e-05)
(0.0002 -1e-05 -3e-05)
(0.00021 -1e-05 -3e-05)
(0.00022 -1e-05 -3e-05)
(0.00023 -1e-05 -3e-05)
(0.00024 -1e-05 -3e-05)
(0.00025 -1e-05 -3e-05)
(0.00026 -1e-05 -3e-05)
(0.00027 -1e-05 -3e-05)
(0.00028 -1e-05 -3e-05)
(0.00029 -1e-05 -3e-05)
(0.0003 -1e-05 -3e-05)
(0.00031 -1e-05 -3e-05)
(0.00032 -1e-05 -3e-05)
(0.00033 -1e-05 -3e-05)
(0.00034 -1e-05 -3e-05)
(0.00035 -1e-05 -3e-05)
(0.00036 -1e-05 -3e-05)
(0.00037 -1e-05 -3e-05)
(0.00038 -1e-05 -3e-05)
(0.00039 -1e-05 -3e-05)
(0.0004 -1e-05 -3e-05)
(0.00041 -1e-05 -3e-05)
(0.00042 -1e-05 -3e-05)
(0.00043 -1e-05 -3e-05)
(0.00044 -1e-05 -3e-05)
(0.00045 -1e-05 -3e-05)
(0.00046 -1e-05 -3e-05)
(0.00047 -1e-05 -3e-05)
(0.00048 -1e-05 -3e-05)
(0.00049 -1e-05 -3e-05)
(0.0005 -1e-05 -3e-05)
(0.00051 -1e-05 -3e-05)
(0.00052 -1e-05 -3e-05)
(0.00053 -1e-05 -3e-05)
(0.00054 -1e-05 -3e-05)
(0.00055 -1e-05 -3e-05)
(0.00056 -1e-05 -3e-05)
(0.00057 -1e-05 -3e-05)
(0.00058 -1e-05 -3e-05)
(0.00059 -1e-05 -3e-05)
(0.0006 -1e-05 -3e-05)
(0.00061 -1e-05 -3e-05)
(0.00062 -1e-05 -3e-05)
(0.00063 -1e-05 -3e-05)
(0.00064 -1e-05 -3e-05)
(0.00065 -1e-05 -3e-05)
(0.00066 -1e-05 -3e-05)
(0.00067 -1e-05 -3e-05)
(0.00068 -1e-05 -3e-05)
(0.00069 -1e-05 -3e-05)
(0.0007 -1e-05 -3e-05)
(0.00071 -1e-05 -3e-05)
(0.00072 -1e-05 -3e-05)
(0.00073 -1e-05 -3e-05)
(0.00074 -1e-05 -3e-05)
(0.00075 -1e-05 -3e-05)
(0.00076 -1e-05 -3e-05)
(0.00077 -1e-05 -3e-05)
(0.00078 -1e-05 -3e-05)
(0.00079 -1e-05 -3e-05)
(0.0008 -1e-05 -3e-05)
(0.00081 -1e-05 -3e-05)
(0.00082 -1e-05 -3e-05)
(0.00083 -1e-05 -3e-05)
(0.00084 -1e-05 -3e-05)
(0.00085 -1e-05 -3e-05)
(0.00086 -1e-05 -3e-05)
(0.00087 -1e-05 -3e-05)
(0.00088 -1e-05 -3e-05)
(0.00089 -1e-05 -3e-05)
(0.0009 -1e-05 -3e-05)
(0.00091 -1e-05 -3e-05)
(0.00092 -1e-05 -3e-05)
(0.00093 -1e-05 -3e-05)
(0.00094 -1e-05 -3e-05)
(0.00095 -1e-05 -3e-05)
(0.00096 -1e-05 -3e-05)
(0.00097 -1e-05 -3e-05)
(0.00098 -1e-05 -3e-05)
(0.00099 -1e-05 -3e-05)
(0.001 -1e-05 -3e-05)
(0.00101 -1e-05 -3e-05)
(0.00102 -1e-05 -3e-05)
(0.00103 -1e-05 -3e-05)
(0.00104 -1e-05 -3e-05)
(0.00105 -1e-05 -3e-05)
(0.00106 -1e-05 -3e-05)
(0.00107 -1e-05 -3e-05)
(0.00108 -1e-05 -3e-05)
(0.00109 -1e-05 -3e-05)
(0.0011 -1e-05 -3e-05)
(0.00111 -1e-05 -3e-05)
(0.00112 -1e-05 -3e-05)
(0.00113 -1e-05 -3e-05)
(0.00114 -1e-05 -3e-05)
(0.00115 -1e-05 -3e-05)
(0.00116 -1e-05 -3e-05)
(0.00117 -1e-05 -3e-05)
(0.00118 -1e-05 -3e-05)
(0.00119 -1e-05 -3e-05)
(0.0012 -1e-05 -3e-05)
(0.00121 -1e-05 -3e-05)
(0.00122 -1e-05 -3e-05)
(0.00123 -1e-05 -3e-05)
(0.00124 -1e-05 -3e-05)
(0.00125 -1e-05 -3e-05)
(0.00126 -1e-05 -3e-05)
(0.00127 -1e-05 -3e-05)
(0.00128 -1e-05 -3e-05)
(0.00129 -1e-05 -3e-05)
(0.0013 -1e-05 -3e-05)
(0.00131 -1e-05 -3e-05)
(0.00132 -1e-05 -3e-05)
(0.00133 -1e-05 -3e-05)
(0.00134 -1e-05 -3e-05)
(0.00135 -1e-05 -3e-05)
(0.00136 -1e-05 -3e-05)
(0.00137 -1e-05 -3e-05)
(0.00138 -1e-05 -3e-05)
(0.00139 -1e-05 -3e-05)
(0.0014 -1e-05 -3e-05)
(0.00141 -1e-05 -3e-05)
(0.00142 -1e-05 -3e-05)
(0.00143 -1e-05 -3e-05)
(0.00144 -1e-05 -3e-05)
(0.00145 -1e-05 -3e-05)
(0.00146 -1e-05 -3e-05)
(0.00147 -1e-05 -3e-05)
(0.00148 -1e-05 -3e-05)
(0.00149 -1e-05 -3e-05)
(0.0015 -1e-05 -3e-05)
(6e-05 0 -3e-05)
(7e-05 0 -3e-05)
(8e-05 0 -3e-05)
(9e-05 0 -3e-05)
(0.0001 1.129377263e-21 -3e-05)
(0.00011 0 -3e-05)
(0.00012 0 -3e-05)
(0.00013 0 -3e-05)
(0.00014 0 -3e-05)
(0.00015 0 -3e-05)
(0.00016 0 -3e-05)
(0.00017 0 -3e-05)
(0.00018 0 -3e-05)
(0.00019 0 -3e-05)
(0.0002 0 -3e-05)
(0.00021 0 -3e-05)
(0.00022 0 -3e-05)
(0.00023 0 -3e-05)
(0.00024 0 -3e-05)
(0.00025 0 -3e-05)
(0.00026 0 -3e-05)
(0.00027 0 -3e-05)
(0.00028 0 -3e-05)
(0.00029 0 -3e-05)
(0.0003 0 -3e-05)
(0.00031 0 -3e-05)
(0.00032 0 -3e-05)
(0.00033 0 -3e-05)
(0.00034 0 -3e-05)
(0.00035 0 -3e-05)
(0.00036 0 -3e-05)
(0.00037 0 -3e-05)
(0.00038 0 -3e-05)
(0.00039 0 -3e-05)
(0.0004 0 -3e-05)
(0.00041 0 -3e-05)
(0.00042 0 -3e-05)
(0.00043 0 -3e-05)
(0.00044 0 -3e-05)
(0.00045 -1.129377263e-21 -3e-05)
(0.00046 1.129377263e-21 -3e-05)
(0.00047 0 -3e-05)
(0.00048 0 -3e-05)
(0.00049 0 -3e-05)
(0.0005 1.129377263e-21 -3e-05)
(0.00051 0 -3e-05)
(0.00052 0 -3e-05)
(0.00053 0 -3e-05)
(0.00054 -1.129377263e-21 -3e-05)
(0.00055 1.129377263e-21 -3e-05)
(0.00056 0 -3e-05)
(0.00057 1.129377263e-21 -3e-05)
(0.00058 0 -3e-05)
(0.00059 0 -3e-05)
(0.0006 0 -3e-05)
(0.00061 0 -3e-05)
(0.00062 -5.646886315e-22 -3e-05)
(0.00063 -5.646886315e-22 -3e-05)
(0.00064 0 -3e-05)
(0.00065 -5.646886315e-22 -3e-05)
(0.00066 -5.646886315e-22 -3e-05)
(0.00067 0 -3e-05)
(0.00068 0 -3e-05)
(0.00069 -5.646886315e-22 -3e-05)
(0.0007 -5.646886315e-22 -3e-05)
(0.00071 0 -3e-05)
(0.00072 5.646886315e-22 -3e-05)
(0.00073 5.646886315e-22 -3e-05)
(0.00074 0 -3e-05)
(0.00075 0 -3e-05)
(0.00076 -5.646886315e-22 -3e-05)
(0.00077 -5.646886315e-22 -3e-05)
(0.00078 -5.646886315e-22 -3e-05)
(0.00079 -5.646886315e-22 -3e-05)
(0.0008 0 -3e-05)
(0.00081 0 -3e-05)
(0.00082 0 -3e-05)
(0.00083 0 -3e-05)
(0.00084 0 -3e-05)
(0.00085 -5.646886315e-22 -3e-05)
(0.00086 -5.646886315e-22 -3e-05)
(0.00087 0 -3e-05)
(0.00088 0 -3e-05)
(0.00089 0 -3e-05)
(0.0009 0 -3e-05)
(0.00091 0 -3e-05)
(0.00092 -5.646886315e-22 -3e-05)
(0.00093 -5.646886315e-22 -3e-05)
(0.00094 0 -3e-05)
(0.00095 0 -3e-05)
(0.00096 -5.646886315e-22 -3e-05)
(0.00097 5.646886315e-22 -3e-05)
(0.00098 0 -3e-05)
(0.00099 0 -3e-05)
(0.001 5.646886315e-22 -3e-05)
(0.00101 -5.646886315e-22 -3e-05)
(0.00102 -5.646886315e-22 -3e-05)
(0.00103 0 -3e-05)
(0.00104 0 -3e-05)
(0.00105 -5.646886315e-22 -3e-05)
(0.00106 2.823443158e-22 -3e-05)
(0.00107 0 -3e-05)
(0.00108 -2.823443158e-22 -3e-05)
(0.00109 5.646886315e-22 -3e-05)
(0.0011 -5.646886315e-22 -3e-05)
(0.00111 2.823443158e-22 -3e-05)
(0.00112 0 -3e-05)
(0.00113 -2.823443158e-22 -3e-05)
(0.00114 2.823443158e-22 -3e-05)
(0.00115 2.823443158e-22 -3e-05)
(0.00116 0 -3e-05)
(0.00117 -2.823443158e-22 -3e-05)
(0.00118 -2.823443158e-22 -3e-05)
(0.00119 2.823443158e-22 -3e-05)
(0.0012 2.823443158e-22 -3e-05)
(0.00121 -2.823443158e-22 -3e-05)
(0.00122 -2.823443158e-22 -3e-05)
(0.00123 2.823443158e-22 -3e-05)
(0.00124 0 -3e-05)
(0.00125 0 -3e-05)
(0.00126 -2.823443158e-22 -3e-05)
(0.00127 -5.646886315e-22 -3e-05)
(0.00128 2.823443158e-22 -3e-05)
(0.00129 0 -3e-05)
(0.0013 -4.235164736e-22 -3e-05)
(0.00131 4.235164736e-22 -3e-05)
(0.00132 1.411721579e-22 -3e-05)
(0.00133 0 -3e-05)
(0.00134 -1.411721579e-22 -3e-05)
(0.00135 5.646886315e-22 -3e-05)
(0.00136 4.235164736e-22 -3e-05)
(0.00137 1.411721579e-22 -3e-05)
(0.00138 -2.823443158e-22 -3e-05)
(0.00139 5.646886315e-22 -3e-05)
(0.0014 3.529303947e-22 -3e-05)
(0.00141 7.058607894e-23 -3e-05)
(0.00142 -2.117582368e-22 -3e-05)
(0.00143 -3.529303947e-22 -3e-05)
(0.00144 4.941025526e-22 -3e-05)
(0.00145 2.823443158e-22 -3e-05)
(0.00146 -1.411721579e-22 -3e-05)
(0.00147 -4.235164736e-22 -3e-05)
(0.00148 4.941025526e-22 -3e-05)
(0.00149 2.294047565e-22 -3e-05)
(0.0015 0 -3e-05)
(6e-05 1e-05 -3e-05)
(7e-05 1e-05 -3e-05)
(8e-05 1e-05 -3e-05)
(9e-05 1e-05 -3e-05)
(0.0001 1e-05 -3e-05)
(0.00011 1e-05 -3e-05)
(0.00012 1e-05 -3e-05)
(0.00013 1e-05 -3e-05)
(0.00014 1e-05 -3e-05)
(0.00015 1e-05 -3e-05)
(0.00016 1e-05 -3e-05)
(0.00017 1e-05 -3e-05)
(0.00018 1e-05 -3e-05)
(0.00019 1e-05 -3e-05)
(0.0002 1e-05 -3e-05)
(0.00021 1e-05 -3e-05)
(0.00022 1e-05 -3e-05)
(0.00023 1e-05 -3e-05)
(0.00024 1e-05 -3e-05)
(0.00025 1e-05 -3e-05)
(0.00026 1e-05 -3e-05)
(0.00027 1e-05 -3e-05)
(0.00028 1e-05 -3e-05)
(0.00029 1e-05 -3e-05)
(0.0003 1e-05 -3e-05)
(0.00031 1e-05 -3e-05)
(0.00032 1e-05 -3e-05)
(0.00033 1e-05 -3e-05)
(0.00034 1e-05 -3e-05)
(0.00035 1e-05 -3e-05)
(0.00036 1e-05 -3e-05)
(0.00037 1e-05 -3e-05)
(0.00038 1e-05 -3e-05)
(0.00039 1e-05 -3e-05)
(0.0004 1e-05 -3e-05)
(0.00041 1e-05 -3e-05)
(0.00042 1e-05 -3e-05)
(0.00043 1e-05 -3e-05)
(0.00044 1e-05 -3e-05)
(0.00045 1e-05 -3e-05)
(0.00046 1e-05 -3e-05)
(0.00047 1e-05 -3e-05)
(0.00048 1e-05 -3e-05)
(0.00049 1e-05 -3e-05)
(0.0005 1e-05 -3e-05)
(0.00051 1e-05 -3e-05)
(0.00052 1e-05 -3e-05)
(0.00053 1e-05 -3e-05)
(0.00054 1e-05 -3e-05)
(0.00055 1e-05 -3e-05)
(0.00056 1e-05 -3e-05)
(0.00057 1e-05 -3e-05)
(0.00058 1e-05 -3e-05)
(0.00059 1e-05 -3e-05)
(0.0006 1e-05 -3e-05)
(0.00061 1e-05 -3e-05)
(0.00062 1e-05 -3e-05)
(0.00063 1e-05 -3e-05)
(0.00064 1e-05 -3e-05)
(0.00065 1e-05 -3e-05)
(0.00066 1e-05 -3e-05)
(0.00067 1e-05 -3e-05)
(0.00068 1e-05 -3e-05)
(0.00069 1e-05 -3e-05)
(0.0007 1e-05 -3e-05)
(0.00071 1e-05 -3e-05)
(0.00072 1e-05 -3e-05)
(0.00073 1e-05 -3e-05)
(0.00074 1e-05 -3e-05)
(0.00075 1e-05 -3e-05)
(0.00076 1e-05 -3e-05)
(0.00077 1e-05 -3e-05)
(0.00078 1e-05 -3e-05)
(0.00079 1e-05 -3e-05)
(0.0008 1e-05 -3e-05)
(0.00081 1e-05 -3e-05)
(0.00082 1e-05 -3e-05)
(0.00083 1e-05 -3e-05)
(0.00084 1e-05 -3e-05)
(0.00085 1e-05 -3e-05)
(0.00086 1e-05 -3e-05)
(0.00087 1e-05 -3e-05)
(0.00088 1e-05 -3e-05)
(0.00089 1e-05 -3e-05)
(0.0009 1e-05 -3e-05)
(0.00091 1e-05 -3e-05)
(0.00092 1e-05 -3e-05)
(0.00093 1e-05 -3e-05)
(0.00094 1e-05 -3e-05)
(0.00095 1e-05 -3e-05)
(0.00096 1e-05 -3e-05)
(0.00097 1e-05 -3e-05)
(0.00098 1e-05 -3e-05)
(0.00099 1e-05 -3e-05)
(0.001 1e-05 -3e-05)
(0.00101 1e-05 -3e-05)
(0.00102 1e-05 -3e-05)
(0.00103 1e-05 -3e-05)
(0.00104 1e-05 -3e-05)
(0.00105 1e-05 -3e-05)
(0.00106 1e-05 -3e-05)
(0.00107 1e-05 -3e-05)
(0.00108 1e-05 -3e-05)
(0.00109 1e-05 -3e-05)
(0.0011 1e-05 -3e-05)
(0.00111 1e-05 -3e-05)
(0.00112 1e-05 -3e-05)
(0.00113 1e-05 -3e-05)
(0.00114 1e-05 -3e-05)
(0.00115 1e-05 -3e-05)
(0.00116 1e-05 -3e-05)
(0.00117 1e-05 -3e-05)
(0.00118 1e-05 -3e-05)
(0.00119 1e-05 -3e-05)
(0.0012 1e-05 -3e-05)
(0.00121 1e-05 -3e-05)
(0.00122 1e-05 -3e-05)
(0.00123 1e-05 -3e-05)
(0.00124 1e-05 -3e-05)
(0.00125 1e-05 -3e-05)
(0.00126 1e-05 -3e-05)
(0.00127 1e-05 -3e-05)
(0.00128 1e-05 -3e-05)
(0.00129 1e-05 -3e-05)
(0.0013 1e-05 -3e-05)
(0.00131 1e-05 -3e-05)
(0.00132 1e-05 -3e-05)
(0.00133 1e-05 -3e-05)
(0.00134 1e-05 -3e-05)
(0.00135 1e-05 -3e-05)
(0.00136 1e-05 -3e-05)
(0.00137 1e-05 -3e-05)
(0.00138 1e-05 -3e-05)
(0.00139 1e-05 -3e-05)
(0.0014 1e-05 -3e-05)
(0.00141 1e-05 -3e-05)
(0.00142 1e-05 -3e-05)
(0.00143 1e-05 -3e-05)
(0.00144 1e-05 -3e-05)
(0.00145 1e-05 -3e-05)
(0.00146 1e-05 -3e-05)
(0.00147 1e-05 -3e-05)
(0.00148 1e-05 -3e-05)
(0.00149 1e-05 -3e-05)
(0.0015 1e-05 -3e-05)
(6e-05 2e-05 -3e-05)
(7e-05 2e-05 -3e-05)
(8e-05 2e-05 -3e-05)
(9e-05 2e-05 -3e-05)
(0.0001 2e-05 -3e-05)
(0.00011 2e-05 -3e-05)
(0.00012 2e-05 -3e-05)
(0.00013 2e-05 -3e-05)
(0.00014 2e-05 -3e-05)
(0.00015 2e-05 -3e-05)
(0.00016 2e-05 -3e-05)
(0.00017 2e-05 -3e-05)
(0.00018 2e-05 -3e-05)
(0.00019 2e-05 -3e-05)
(0.0002 2e-05 -3e-05)
(0.00021 2e-05 -3e-05)
(0.00022 2e-05 -3e-05)
(0.00023 2e-05 -3e-05)
(0.00024 2e-05 -3e-05)
(0.00025 2e-05 -3e-05)
(0.00026 2e-05 -3e-05)
(0.00027 2e-05 -3e-05)
(0.00028 2e-05 -3e-05)
(0.00029 2e-05 -3e-05)
(0.0003 2e-05 -3e-05)
(0.00031 2e-05 -3e-05)
(0.00032 2e-05 -3e-05)
(0.00033 2e-05 -3e-05)
(0.00034 2e-05 -3e-05)
(0.00035 2e-05 -3e-05)
(0.00036 2e-05 -3e-05)
(0.00037 2e-05 -3e-05)
(0.00038 2e-05 -3e-05)
(0.00039 2e-05 -3e-05)
(0.0004 2e-05 -3e-05)
(0.00041 2e-05 -3e-05)
(0.00042 2e-05 -3e-05)
(0.00043 2e-05 -3e-05)
(0.00044 2e-05 -3e-05)
(0.00045 2e-05 -3e-05)
(0.00046 2e-05 -3e-05)
(0.00047 2e-05 -3e-05)
(0.00048 2e-05 -3e-05)
(0.00049 2e-05 -3e-05)
(0.0005 2e-05 -3e-05)
(0.00051 2e-05 -3e-05)
(0.00052 2e-05 -3e-05)
(0.00053 2e-05 -3e-05)
(0.00054 2e-05 -3e-05)
(0.00055 2e-05 -3e-05)
(0.00056 2e-05 -3e-05)
(0.00057 2e-05 -3e-05)
(0.00058 2e-05 -3e-05)
(0.00059 2e-05 -3e-05)
(0.0006 2e-05 -3e-05)
(0.00061 2e-05 -3e-05)
(0.00062 2e-05 -3e-05)
(0.00063 2e-05 -3e-05)
(0.00064 2e-05 -3e-05)
(0.00065 2e-05 -3e-05)
(0.00066 2e-05 -3e-05)
(0.00067 2e-05 -3e-05)
(0.00068 2e-05 -3e-05)
(0.00069 2e-05 -3e-05)
(0.0007 2e-05 -3e-05)
(0.00071 2e-05 -3e-05)
(0.00072 2e-05 -3e-05)
(0.00073 2e-05 -3e-05)
(0.00074 2e-05 -3e-05)
(0.00075 2e-05 -3e-05)
(0.00076 2e-05 -3e-05)
(0.00077 2e-05 -3e-05)
(0.00078 2e-05 -3e-05)
(0.00079 2e-05 -3e-05)
(0.0008 2e-05 -3e-05)
(0.00081 2e-05 -3e-05)
(0.00082 2e-05 -3e-05)
(0.00083 2e-05 -3e-05)
(0.00084 2e-05 -3e-05)
(0.00085 2e-05 -3e-05)
(0.00086 2e-05 -3e-05)
(0.00087 2e-05 -3e-05)
(0.00088 2e-05 -3e-05)
(0.00089 2e-05 -3e-05)
(0.0009 2e-05 -3e-05)
(0.00091 2e-05 -3e-05)
(0.00092 2e-05 -3e-05)
(0.00093 2e-05 -3e-05)
(0.00094 2e-05 -3e-05)
(0.00095 2e-05 -3e-05)
(0.00096 2e-05 -3e-05)
(0.00097 2e-05 -3e-05)
(0.00098 2e-05 -3e-05)
(0.00099 2e-05 -3e-05)
(0.001 2e-05 -3e-05)
(0.00101 2e-05 -3e-05)
(0.00102 2e-05 -3e-05)
(0.00103 2e-05 -3e-05)
(0.00104 2e-05 -3e-05)
(0.00105 2e-05 -3e-05)
(0.00106 2e-05 -3e-05)
(0.00107 2e-05 -3e-05)
(0.00108 2e-05 -3e-05)
(0.00109 2e-05 -3e-05)
(0.0011 2e-05 -3e-05)
(0.00111 2e-05 -3e-05)
(0.00112 2e-05 -3e-05)
(0.00113 2e-05 -3e-05)
(0.00114 2e-05 -3e-05)
(0.00115 2e-05 -3e-05)
(0.00116 2e-05 -3e-05)
(0.00117 2e-05 -3e-05)
(0.00118 2e-05 -3e-05)
(0.00119 2e-05 -3e-05)
(0.0012 2e-05 -3e-05)
(0.00121 2e-05 -3e-05)
(0.00122 2e-05 -3e-05)
(0.00123 2e-05 -3e-05)
(0.00124 2e-05 -3e-05)
(0.00125 2e-05 -3e-05)
(0.00126 2e-05 -3e-05)
(0.00127 2e-05 -3e-05)
(0.00128 2e-05 -3e-05)
(0.00129 2e-05 -3e-05)
(0.0013 2e-05 -3e-05)
(0.00131 2e-05 -3e-05)
(0.00132 2e-05 -3e-05)
(0.00133 2e-05 -3e-05)
(0.00134 2e-05 -3e-05)
(0.00135 2e-05 -3e-05)
(0.00136 2e-05 -3e-05)
(0.00137 2e-05 -3e-05)
(0.00138 2e-05 -3e-05)
(0.00139 2e-05 -3e-05)
(0.0014 2e-05 -3e-05)
(0.00141 2e-05 -3e-05)
(0.00142 2e-05 -3e-05)
(0.00143 2e-05 -3e-05)
(0.00144 2e-05 -3e-05)
(0.00145 2e-05 -3e-05)
(0.00146 2e-05 -3e-05)
(0.00147 2e-05 -3e-05)
(0.00148 2e-05 -3e-05)
(0.00149 2e-05 -3e-05)
(0.0015 2e-05 -3e-05)
(6e-05 3e-05 -3e-05)
(7e-05 3e-05 -3e-05)
(8e-05 3e-05 -3e-05)
(9e-05 3e-05 -3e-05)
(0.0001 3e-05 -3e-05)
(0.00011 3e-05 -3e-05)
(0.00012 3e-05 -3e-05)
(0.00013 3e-05 -3e-05)
(0.00014 3e-05 -3e-05)
(0.00015 3e-05 -3e-05)
(0.00016 3e-05 -3e-05)
(0.00017 3e-05 -3e-05)
(0.00018 3e-05 -3e-05)
(0.00019 3e-05 -3e-05)
(0.0002 3e-05 -3e-05)
(0.00021 3e-05 -3e-05)
(0.00022 3e-05 -3e-05)
(0.00023 3e-05 -3e-05)
(0.00024 3e-05 -3e-05)
(0.00025 3e-05 -3e-05)
(0.00026 3e-05 -3e-05)
(0.00027 3e-05 -3e-05)
(0.00028 3e-05 -3e-05)
(0.00029 3e-05 -3e-05)
(0.0003 3e-05 -3e-05)
(0.00031 3e-05 -3e-05)
(0.00032 3e-05 -3e-05)
(0.00033 3e-05 -3e-05)
(0.00034 3e-05 -3e-05)
(0.00035 3e-05 -3e-05)
(0.00036 3e-05 -3e-05)
(0.00037 3e-05 -3e-05)
(0.00038 3e-05 -3e-05)
(0.00039 3e-05 -3e-05)
(0.0004 3e-05 -3e-05)
(0.00041 3e-05 -3e-05)
(0.00042 3e-05 -3e-05)
(0.00043 3e-05 -3e-05)
(0.00044 3e-05 -3e-05)
(0.00045 3e-05 -3e-05)
(0.00046 3e-05 -3e-05)
(0.00047 3e-05 -3e-05)
(0.00048 3e-05 -3e-05)
(0.00049 3e-05 -3e-05)
(0.0005 3e-05 -3e-05)
(0.00051 3e-05 -3e-05)
(0.00052 3e-05 -3e-05)
(0.00053 3e-05 -3e-05)
(0.00054 3e-05 -3e-05)
(0.00055 3e-05 -3e-05)
(0.00056 3e-05 -3e-05)
(0.00057 3e-05 -3e-05)
(0.00058 3e-05 -3e-05)
(0.00059 3e-05 -3e-05)
(0.0006 3e-05 -3e-05)
(0.00061 3e-05 -3e-05)
(0.00062 3e-05 -3e-05)
(0.00063 3e-05 -3e-05)
(0.00064 3e-05 -3e-05)
(0.00065 3e-05 -3e-05)
(0.00066 3e-05 -3e-05)
(0.00067 3e-05 -3e-05)
(0.00068 3e-05 -3e-05)
(0.00069 3e-05 -3e-05)
(0.0007 3e-05 -3e-05)
(0.00071 3e-05 -3e-05)
(0.00072 3e-05 -3e-05)
(0.00073 3e-05 -3e-05)
(0.00074 3e-05 -3e-05)
(0.00075 3e-05 -3e-05)
(0.00076 3e-05 -3e-05)
(0.00077 3e-05 -3e-05)
(0.00078 3e-05 -3e-05)
(0.00079 3e-05 -3e-05)
(0.0008 3e-05 -3e-05)
(0.00081 3e-05 -3e-05)
(0.00082 3e-05 -3e-05)
(0.00083 3e-05 -3e-05)
(0.00084 3e-05 -3e-05)
(0.00085 3e-05 -3e-05)
(0.00086 3e-05 -3e-05)
(0.00087 3e-05 -3e-05)
(0.00088 3e-05 -3e-05)
(0.00089 3e-05 -3e-05)
(0.0009 3e-05 -3e-05)
(0.00091 3e-05 -3e-05)
(0.00092 3e-05 -3e-05)
(0.00093 3e-05 -3e-05)
(0.00094 3e-05 -3e-05)
(0.00095 3e-05 -3e-05)
(0.00096 3e-05 -3e-05)
(0.00097 3e-05 -3e-05)
(0.00098 3e-05 -3e-05)
(0.00099 3e-05 -3e-05)
(0.001 3e-05 -3e-05)
(0.00101 3e-05 -3e-05)
(0.00102 3e-05 -3e-05)
(0.00103 3e-05 -3e-05)
(0.00104 3e-05 -3e-05)
(0.00105 3e-05 -3e-05)
(0.00106 3e-05 -3e-05)
(0.00107 3e-05 -3e-05)
(0.00108 3e-05 -3e-05)
(0.00109 3e-05 -3e-05)
(0.0011 3e-05 -3e-05)
(0.00111 3e-05 -3e-05)
(0.00112 3e-05 -3e-05)
(0.00113 3e-05 -3e-05)
(0.00114 3e-05 -3e-05)
(0.00115 3e-05 -3e-05)
(0.00116 3e-05 -3e-05)
(0.00117 3e-05 -3e-05)
(0.00118 3e-05 -3e-05)
(0.00119 3e-05 -3e-05)
(0.0012 3e-05 -3e-05)
(0.00121 3e-05 -3e-05)
(0.00122 3e-05 -3e-05)
(0.00123 3e-05 -3e-05)
(0.00124 3e-05 -3e-05)
(0.00125 3e-05 -3e-05)
(0.00126 3e-05 -3e-05)
(0.00127 3e-05 -3e-05)
(0.00128 3e-05 -3e-05)
(0.00129 3e-05 -3e-05)
(0.0013 3e-05 -3e-05)
(0.00131 3e-05 -3e-05)
(0.00132 3e-05 -3e-05)
(0.00133 3e-05 -3e-05)
(0.00134 3e-05 -3e-05)
(0.00135 3e-05 -3e-05)
(0.00136 3e-05 -3e-05)
(0.00137 3e-05 -3e-05)
(0.00138 3e-05 -3e-05)
(0.00139 3e-05 -3e-05)
(0.0014 3e-05 -3e-05)
(0.00141 3e-05 -3e-05)
(0.00142 3e-05 -3e-05)
(0.00143 3e-05 -3e-05)
(0.00144 3e-05 -3e-05)
(0.00145 3e-05 -3e-05)
(0.00146 3e-05 -3e-05)
(0.00147 3e-05 -3e-05)
(0.00148 3e-05 -3e-05)
(0.00149 3e-05 -3e-05)
(0.0015 3e-05 -3e-05)
(6e-05 4e-05 -3e-05)
(7e-05 4e-05 -3e-05)
(8e-05 4e-05 -3e-05)
(9e-05 4e-05 -3e-05)
(0.0001 4e-05 -3e-05)
(0.00011 4e-05 -3e-05)
(0.00012 4e-05 -3e-05)
(0.00013 4e-05 -3e-05)
(0.00014 4e-05 -3e-05)
(0.00015 4e-05 -3e-05)
(0.00016 4e-05 -3e-05)
(0.00017 4e-05 -3e-05)
(0.00018 4e-05 -3e-05)
(0.00019 4e-05 -3e-05)
(0.0002 4e-05 -3e-05)
(0.00021 4e-05 -3e-05)
(0.00022 4e-05 -3e-05)
(0.00023 4e-05 -3e-05)
(0.00024 4e-05 -3e-05)
(0.00025 4e-05 -3e-05)
(0.00026 4e-05 -3e-05)
(0.00027 4e-05 -3e-05)
(0.00028 4e-05 -3e-05)
(0.00029 4e-05 -3e-05)
(0.0003 4e-05 -3e-05)
(0.00031 4e-05 -3e-05)
(0.00032 4e-05 -3e-05)
(0.00033 4e-05 -3e-05)
(0.00034 4e-05 -3e-05)
(0.00035 4e-05 -3e-05)
(0.00036 4e-05 -3e-05)
(0.00037 4e-05 -3e-05)
(0.00038 4e-05 -3e-05)
(0.00039 4e-05 -3e-05)
(0.0004 4e-05 -3e-05)
(0.00041 4e-05 -3e-05)
(0.00042 4e-05 -3e-05)
(0.00043 4e-05 -3e-05)
(0.00044 4e-05 -3e-05)
(0.00045 4e-05 -3e-05)
(0.00046 4e-05 -3e-05)
(0.00047 4e-05 -3e-05)
(0.00048 4e-05 -3e-05)
(0.00049 4e-05 -3e-05)
(0.0005 4e-05 -3e-05)
(0.00051 4e-05 -3e-05)
(0.00052 4e-05 -3e-05)
(0.00053 4e-05 -3e-05)
(0.00054 4e-05 -3e-05)
(0.00055 4e-05 -3e-05)
(0.00056 4e-05 -3e-05)
(0.00057 4e-05 -3e-05)
(0.00058 4e-05 -3e-05)
(0.00059 4e-05 -3e-05)
(0.0006 4e-05 -3e-05)
(0.00061 4e-05 -3e-05)
(0.00062 4e-05 -3e-05)
(0.00063 4e-05 -3e-05)
(0.00064 4e-05 -3e-05)
(0.00065 4e-05 -3e-05)
(0.00066 4e-05 -3e-05)
(0.00067 4e-05 -3e-05)
(0.00068 4e-05 -3e-05)
(0.00069 4e-05 -3e-05)
(0.0007 4e-05 -3e-05)
(0.00071 4e-05 -3e-05)
(0.00072 4e-05 -3e-05)
(0.00073 4e-05 -3e-05)
(0.00074 4e-05 -3e-05)
(0.00075 4e-05 -3e-05)
(0.00076 4e-05 -3e-05)
(0.00077 4e-05 -3e-05)
(0.00078 4e-05 -3e-05)
(0.00079 4e-05 -3e-05)
(0.0008 4e-05 -3e-05)
(0.00081 4e-05 -3e-05)
(0.00082 4e-05 -3e-05)
(0.00083 4e-05 -3e-05)
(0.00084 4e-05 -3e-05)
(0.00085 4e-05 -3e-05)
(0.00086 4e-05 -3e-05)
(0.00087 4e-05 -3e-05)
(0.00088 4e-05 -3e-05)
(0.00089 4e-05 -3e-05)
(0.0009 4e-05 -3e-05)
(0.00091 4e-05 -3e-05)
(0.00092 4e-05 -3e-05)
(0.00093 4e-05 -3e-05)
(0.00094 4e-05 -3e-05)
(0.00095 4e-05 -3e-05)
(0.00096 4e-05 -3e-05)
(0.00097 4e-05 -3e-05)
(0.00098 4e-05 -3e-05)
(0.00099 4e-05 -3e-05)
(0.001 4e-05 -3e-05)
(0.00101 4e-05 -3e-05)
(0.00102 4e-05 -3e-05)
(0.00103 4e-05 -3e-05)
(0.00104 4e-05 -3e-05)
(0.00105 4e-05 -3e-05)
(0.00106 4e-05 -3e-05)
(0.00107 4e-05 -3e-05)
(0.00108 4e-05 -3e-05)
(0.00109 4e-05 -3e-05)
(0.0011 4e-05 -3e-05)
(0.00111 4e-05 -3e-05)
(0.00112 4e-05 -3e-05)
(0.00113 4e-05 -3e-05)
(0.00114 4e-05 -3e-05)
(0.00115 4e-05 -3e-05)
(0.00116 4e-05 -3e-05)
(0.00117 4e-05 -3e-05)
(0.00118 4e-05 -3e-05)
(0.00119 4e-05 -3e-05)
(0.0012 4e-05 -3e-05)
(0.00121 4e-05 -3e-05)
(0.00122 4e-05 -3e-05)
(0.00123 4e-05 -3e-05)
(0.00124 4e-05 -3e-05)
(0.00125 4e-05 -3e-05)
(0.00126 4e-05 -3e-05)
(0.00127 4e-05 -3e-05)
(0.00128 4e-05 -3e-05)
(0.00129 4e-05 -3e-05)
(0.0013 4e-05 -3e-05)
(0.00131 4e-05 -3e-05)
(0.00132 4e-05 -3e-05)
(0.00133 4e-05 -3e-05)
(0.00134 4e-05 -3e-05)
(0.00135 4e-05 -3e-05)
(0.00136 4e-05 -3e-05)
(0.00137 4e-05 -3e-05)
(0.00138 4e-05 -3e-05)
(0.00139 4e-05 -3e-05)
(0.0014 4e-05 -3e-05)
(0.00141 4e-05 -3e-05)
(0.00142 4e-05 -3e-05)
(0.00143 4e-05 -3e-05)
(0.00144 4e-05 -3e-05)
(0.00145 4e-05 -3e-05)
(0.00146 4e-05 -3e-05)
(0.00147 4e-05 -3e-05)
(0.00148 4e-05 -3e-05)
(0.00149 4e-05 -3e-05)
(0.0015 4e-05 -3e-05)
(6e-05 5e-05 -3e-05)
(7e-05 5e-05 -3e-05)
(8e-05 5e-05 -3e-05)
(9e-05 5e-05 -3e-05)
(0.0001 5e-05 -3e-05)
(0.00011 5e-05 -3e-05)
(0.00012 5e-05 -3e-05)
(0.00013 5e-05 -3e-05)
(0.00014 5e-05 -3e-05)
(0.00015 5e-05 -3e-05)
(0.00016 5e-05 -3e-05)
(0.00017 5e-05 -3e-05)
(0.00018 5e-05 -3e-05)
(0.00019 5e-05 -3e-05)
(0.0002 5e-05 -3e-05)
(0.00021 5e-05 -3e-05)
(0.00022 5e-05 -3e-05)
(0.00023 5e-05 -3e-05)
(0.00024 5e-05 -3e-05)
(0.00025 5e-05 -3e-05)
(0.00026 5e-05 -3e-05)
(0.00027 5e-05 -3e-05)
(0.00028 5e-05 -3e-05)
(0.00029 5e-05 -3e-05)
(0.0003 5e-05 -3e-05)
(0.00031 5e-05 -3e-05)
(0.00032 5e-05 -3e-05)
(0.00033 5e-05 -3e-05)
(0.00034 5e-05 -3e-05)
(0.00035 5e-05 -3e-05)
(0.00036 5e-05 -3e-05)
(0.00037 5e-05 -3e-05)
(0.00038 5e-05 -3e-05)
(0.00039 5e-05 -3e-05)
(0.0004 5e-05 -3e-05)
(0.00041 5e-05 -3e-05)
(0.00042 5e-05 -3e-05)
(0.00043 5e-05 -3e-05)
(0.00044 5e-05 -3e-05)
(0.00045 5e-05 -3e-05)
(0.00046 5e-05 -3e-05)
(0.00047 5e-05 -3e-05)
(0.00048 5e-05 -3e-05)
(0.00049 5e-05 -3e-05)
(0.0005 5e-05 -3e-05)
(0.00051 5e-05 -3e-05)
(0.00052 5e-05 -3e-05)
(0.00053 5e-05 -3e-05)
(0.00054 5e-05 -3e-05)
(0.00055 5e-05 -3e-05)
(0.00056 5e-05 -3e-05)
(0.00057 5e-05 -3e-05)
(0.00058 5e-05 -3e-05)
(0.00059 5e-05 -3e-05)
(0.0006 5e-05 -3e-05)
(0.00061 5e-05 -3e-05)
(0.00062 5e-05 -3e-05)
(0.00063 5e-05 -3e-05)
(0.00064 5e-05 -3e-05)
(0.00065 5e-05 -3e-05)
(0.00066 5e-05 -3e-05)
(0.00067 5e-05 -3e-05)
(0.00068 5e-05 -3e-05)
(0.00069 5e-05 -3e-05)
(0.0007 5e-05 -3e-05)
(0.00071 5e-05 -3e-05)
(0.00072 5e-05 -3e-05)
(0.00073 5e-05 -3e-05)
(0.00074 5e-05 -3e-05)
(0.00075 5e-05 -3e-05)
(0.00076 5e-05 -3e-05)
(0.00077 5e-05 -3e-05)
(0.00078 5e-05 -3e-05)
(0.00079 5e-05 -3e-05)
(0.0008 5e-05 -3e-05)
(0.00081 5e-05 -3e-05)
(0.00082 5e-05 -3e-05)
(0.00083 5e-05 -3e-05)
(0.00084 5e-05 -3e-05)
(0.00085 5e-05 -3e-05)
(0.00086 5e-05 -3e-05)
(0.00087 5e-05 -3e-05)
(0.00088 5e-05 -3e-05)
(0.00089 5e-05 -3e-05)
(0.0009 5e-05 -3e-05)
(0.00091 5e-05 -3e-05)
(0.00092 5e-05 -3e-05)
(0.00093 5e-05 -3e-05)
(0.00094 5e-05 -3e-05)
(0.00095 5e-05 -3e-05)
(0.00096 5e-05 -3e-05)
(0.00097 5e-05 -3e-05)
(0.00098 5e-05 -3e-05)
(0.00099 5e-05 -3e-05)
(0.001 5e-05 -3e-05)
(0.00101 5e-05 -3e-05)
(0.00102 5e-05 -3e-05)
(0.00103 5e-05 -3e-05)
(0.00104 5e-05 -3e-05)
(0.00105 5e-05 -3e-05)
(0.00106 5e-05 -3e-05)
(0.00107 5e-05 -3e-05)
(0.00108 5e-05 -3e-05)
(0.00109 5e-05 -3e-05)
(0.0011 5e-05 -3e-05)
(0.00111 5e-05 -3e-05)
(0.00112 5e-05 -3e-05)
(0.00113 5e-05 -3e-05)
(0.00114 5e-05 -3e-05)
(0.00115 5e-05 -3e-05)
(0.00116 5e-05 -3e-05)
(0.00117 5e-05 -3e-05)
(0.00118 5e-05 -3e-05)
(0.00119 5e-05 -3e-05)
(0.0012 5e-05 -3e-05)
(0.00121 5e-05 -3e-05)
(0.00122 5e-05 -3e-05)
(0.00123 5e-05 -3e-05)
(0.00124 5e-05 -3e-05)
(0.00125 5e-05 -3e-05)
(0.00126 5e-05 -3e-05)
(0.00127 5e-05 -3e-05)
(0.00128 5e-05 -3e-05)
(0.00129 5e-05 -3e-05)
(0.0013 5e-05 -3e-05)
(0.00131 5e-05 -3e-05)
(0.00132 5e-05 -3e-05)
(0.00133 5e-05 -3e-05)
(0.00134 5e-05 -3e-05)
(0.00135 5e-05 -3e-05)
(0.00136 5e-05 -3e-05)
(0.00137 5e-05 -3e-05)
(0.00138 5e-05 -3e-05)
(0.00139 5e-05 -3e-05)
(0.0014 5e-05 -3e-05)
(0.00141 5e-05 -3e-05)
(0.00142 5e-05 -3e-05)
(0.00143 5e-05 -3e-05)
(0.00144 5e-05 -3e-05)
(0.00145 5e-05 -3e-05)
(0.00146 5e-05 -3e-05)
(0.00147 5e-05 -3e-05)
(0.00148 5e-05 -3e-05)
(0.00149 5e-05 -3e-05)
(0.0015 5e-05 -3e-05)
(6e-05 -5e-05 -2e-05)
(7e-05 -5e-05 -2e-05)
(8e-05 -5e-05 -2e-05)
(9e-05 -5e-05 -2e-05)
(0.0001 -5e-05 -2e-05)
(0.00011 -5e-05 -2e-05)
(0.00012 -5e-05 -2e-05)
(0.00013 -5e-05 -2e-05)
(0.00014 -5e-05 -2e-05)
(0.00015 -5e-05 -2e-05)
(0.00016 -5e-05 -2e-05)
(0.00017 -5e-05 -2e-05)
(0.00018 -5e-05 -2e-05)
(0.00019 -5e-05 -2e-05)
(0.0002 -5e-05 -2e-05)
(0.00021 -5e-05 -2e-05)
(0.00022 -5e-05 -2e-05)
(0.00023 -5e-05 -2e-05)
(0.00024 -5e-05 -2e-05)
(0.00025 -5e-05 -2e-05)
(0.00026 -5e-05 -2e-05)
(0.00027 -5e-05 -2e-05)
(0.00028 -5e-05 -2e-05)
(0.00029 -5e-05 -2e-05)
(0.0003 -5e-05 -2e-05)
(0.00031 -5e-05 -2e-05)
(0.00032 -5e-05 -2e-05)
(0.00033 -5e-05 -2e-05)
(0.00034 -5e-05 -2e-05)
(0.00035 -5e-05 -2e-05)
(0.00036 -5e-05 -2e-05)
(0.00037 -5e-05 -2e-05)
(0.00038 -5e-05 -2e-05)
(0.00039 -5e-05 -2e-05)
(0.0004 -5e-05 -2e-05)
(0.00041 -5e-05 -2e-05)
(0.00042 -5e-05 -2e-05)
(0.00043 -5e-05 -2e-05)
(0.00044 -5e-05 -2e-05)
(0.00045 -5e-05 -2e-05)
(0.00046 -5e-05 -2e-05)
(0.00047 -5e-05 -2e-05)
(0.00048 -5e-05 -2e-05)
(0.00049 -5e-05 -2e-05)
(0.0005 -5e-05 -2e-05)
(0.00051 -5e-05 -2e-05)
(0.00052 -5e-05 -2e-05)
(0.00053 -5e-05 -2e-05)
(0.00054 -5e-05 -2e-05)
(0.00055 -5e-05 -2e-05)
(0.00056 -5e-05 -2e-05)
(0.00057 -5e-05 -2e-05)
(0.00058 -5e-05 -2e-05)
(0.00059 -5e-05 -2e-05)
(0.0006 -5e-05 -2e-05)
(0.00061 -5e-05 -2e-05)
(0.00062 -5e-05 -2e-05)
(0.00063 -5e-05 -2e-05)
(0.00064 -5e-05 -2e-05)
(0.00065 -5e-05 -2e-05)
(0.00066 -5e-05 -2e-05)
(0.00067 -5e-05 -2e-05)
(0.00068 -5e-05 -2e-05)
(0.00069 -5e-05 -2e-05)
(0.0007 -5e-05 -2e-05)
(0.00071 -5e-05 -2e-05)
(0.00072 -5e-05 -2e-05)
(0.00073 -5e-05 -2e-05)
(0.00074 -5e-05 -2e-05)
(0.00075 -5e-05 -2e-05)
(0.00076 -5e-05 -2e-05)
(0.00077 -5e-05 -2e-05)
(0.00078 -5e-05 -2e-05)
(0.00079 -5e-05 -2e-05)
(0.0008 -5e-05 -2e-05)
(0.00081 -5e-05 -2e-05)
(0.00082 -5e-05 -2e-05)
(0.00083 -5e-05 -2e-05)
(0.00084 -5e-05 -2e-05)
(0.00085 -5e-05 -2e-05)
(0.00086 -5e-05 -2e-05)
(0.00087 -5e-05 -2e-05)
(0.00088 -5e-05 -2e-05)
(0.00089 -5e-05 -2e-05)
(0.0009 -5e-05 -2e-05)
(0.00091 -5e-05 -2e-05)
(0.00092 -5e-05 -2e-05)
(0.00093 -5e-05 -2e-05)
(0.00094 -5e-05 -2e-05)
(0.00095 -5e-05 -2e-05)
(0.00096 -5e-05 -2e-05)
(0.00097 -5e-05 -2e-05)
(0.00098 -5e-05 -2e-05)
(0.00099 -5e-05 -2e-05)
(0.001 -5e-05 -2e-05)
(0.00101 -5e-05 -2e-05)
(0.00102 -5e-05 -2e-05)
(0.00103 -5e-05 -2e-05)
(0.00104 -5e-05 -2e-05)
(0.00105 -5e-05 -2e-05)
(0.00106 -5e-05 -2e-05)
(0.00107 -5e-05 -2e-05)
(0.00108 -5e-05 -2e-05)
(0.00109 -5e-05 -2e-05)
(0.0011 -5e-05 -2e-05)
(0.00111 -5e-05 -2e-05)
(0.00112 -5e-05 -2e-05)
(0.00113 -5e-05 -2e-05)
(0.00114 -5e-05 -2e-05)
(0.00115 -5e-05 -2e-05)
(0.00116 -5e-05 -2e-05)
(0.00117 -5e-05 -2e-05)
(0.00118 -5e-05 -2e-05)
(0.00119 -5e-05 -2e-05)
(0.0012 -5e-05 -2e-05)
(0.00121 -5e-05 -2e-05)
(0.00122 -5e-05 -2e-05)
(0.00123 -5e-05 -2e-05)
(0.00124 -5e-05 -2e-05)
(0.00125 -5e-05 -2e-05)
(0.00126 -5e-05 -2e-05)
(0.00127 -5e-05 -2e-05)
(0.00128 -5e-05 -2e-05)
(0.00129 -5e-05 -2e-05)
(0.0013 -5e-05 -2e-05)
(0.00131 -5e-05 -2e-05)
(0.00132 -5e-05 -2e-05)
(0.00133 -5e-05 -2e-05)
(0.00134 -5e-05 -2e-05)
(0.00135 -5e-05 -2e-05)
(0.00136 -5e-05 -2e-05)
(0.00137 -5e-05 -2e-05)
(0.00138 -5e-05 -2e-05)
(0.00139 -5e-05 -2e-05)
(0.0014 -5e-05 -2e-05)
(0.00141 -5e-05 -2e-05)
(0.00142 -5e-05 -2e-05)
(0.00143 -5e-05 -2e-05)
(0.00144 -5e-05 -2e-05)
(0.00145 -5e-05 -2e-05)
(0.00146 -5e-05 -2e-05)
(0.00147 -5e-05 -2e-05)
(0.00148 -5e-05 -2e-05)
(0.00149 -5e-05 -2e-05)
(0.0015 -5e-05 -2e-05)
(6e-05 -4e-05 -2e-05)
(7e-05 -4e-05 -2e-05)
(8e-05 -4e-05 -2e-05)
(9e-05 -4e-05 -2e-05)
(0.0001 -4e-05 -2e-05)
(0.00011 -4e-05 -2e-05)
(0.00012 -4e-05 -2e-05)
(0.00013 -4e-05 -2e-05)
(0.00014 -4e-05 -2e-05)
(0.00015 -4e-05 -2e-05)
(0.00016 -4e-05 -2e-05)
(0.00017 -4e-05 -2e-05)
(0.00018 -4e-05 -2e-05)
(0.00019 -4e-05 -2e-05)
(0.0002 -4e-05 -2e-05)
(0.00021 -4e-05 -2e-05)
(0.00022 -4e-05 -2e-05)
(0.00023 -4e-05 -2e-05)
(0.00024 -4e-05 -2e-05)
(0.00025 -4e-05 -2e-05)
(0.00026 -4e-05 -2e-05)
(0.00027 -4e-05 -2e-05)
(0.00028 -4e-05 -2e-05)
(0.00029 -4e-05 -2e-05)
(0.0003 -4e-05 -2e-05)
(0.00031 -4e-05 -2e-05)
(0.00032 -4e-05 -2e-05)
(0.00033 -4e-05 -2e-05)
(0.00034 -4e-05 -2e-05)
(0.00035 -4e-05 -2e-05)
(0.00036 -4e-05 -2e-05)
(0.00037 -4e-05 -2e-05)
(0.00038 -4e-05 -2e-05)
(0.00039 -4e-05 -2e-05)
(0.0004 -4e-05 -2e-05)
(0.00041 -4e-05 -2e-05)
(0.00042 -4e-05 -2e-05)
(0.00043 -4e-05 -2e-05)
(0.00044 -4e-05 -2e-05)
(0.00045 -4e-05 -2e-05)
(0.00046 -4e-05 -2e-05)
(0.00047 -4e-05 -2e-05)
(0.00048 -4e-05 -2e-05)
(0.00049 -4e-05 -2e-05)
(0.0005 -4e-05 -2e-05)
(0.00051 -4e-05 -2e-05)
(0.00052 -4e-05 -2e-05)
(0.00053 -4e-05 -2e-05)
(0.00054 -4e-05 -2e-05)
(0.00055 -4e-05 -2e-05)
(0.00056 -4e-05 -2e-05)
(0.00057 -4e-05 -2e-05)
(0.00058 -4e-05 -2e-05)
(0.00059 -4e-05 -2e-05)
(0.0006 -4e-05 -2e-05)
(0.00061 -4e-05 -2e-05)
(0.00062 -4e-05 -2e-05)
(0.00063 -4e-05 -2e-05)
(0.00064 -4e-05 -2e-05)
(0.00065 -4e-05 -2e-05)
(0.00066 -4e-05 -2e-05)
(0.00067 -4e-05 -2e-05)
(0.00068 -4e-05 -2e-05)
(0.00069 -4e-05 -2e-05)
(0.0007 -4e-05 -2e-05)
(0.00071 -4e-05 -2e-05)
(0.00072 -4e-05 -2e-05)
(0.00073 -4e-05 -2e-05)
(0.00074 -4e-05 -2e-05)
(0.00075 -4e-05 -2e-05)
(0.00076 -4e-05 -2e-05)
(0.00077 -4e-05 -2e-05)
(0.00078 -4e-05 -2e-05)
(0.00079 -4e-05 -2e-05)
(0.0008 -4e-05 -2e-05)
(0.00081 -4e-05 -2e-05)
(0.00082 -4e-05 -2e-05)
(0.00083 -4e-05 -2e-05)
(0.00084 -4e-05 -2e-05)
(0.00085 -4e-05 -2e-05)
(0.00086 -4e-05 -2e-05)
(0.00087 -4e-05 -2e-05)
(0.00088 -4e-05 -2e-05)
(0.00089 -4e-05 -2e-05)
(0.0009 -4e-05 -2e-05)
(0.00091 -4e-05 -2e-05)
(0.00092 -4e-05 -2e-05)
(0.00093 -4e-05 -2e-05)
(0.00094 -4e-05 -2e-05)
(0.00095 -4e-05 -2e-05)
(0.00096 -4e-05 -2e-05)
(0.00097 -4e-05 -2e-05)
(0.00098 -4e-05 -2e-05)
(0.00099 -4e-05 -2e-05)
(0.001 -4e-05 -2e-05)
(0.00101 -4e-05 -2e-05)
(0.00102 -4e-05 -2e-05)
(0.00103 -4e-05 -2e-05)
(0.00104 -4e-05 -2e-05)
(0.00105 -4e-05 -2e-05)
(0.00106 -4e-05 -2e-05)
(0.00107 -4e-05 -2e-05)
(0.00108 -4e-05 -2e-05)
(0.00109 -4e-05 -2e-05)
(0.0011 -4e-05 -2e-05)
(0.00111 -4e-05 -2e-05)
(0.00112 -4e-05 -2e-05)
(0.00113 -4e-05 -2e-05)
(0.00114 -4e-05 -2e-05)
(0.00115 -4e-05 -2e-05)
(0.00116 -4e-05 -2e-05)
(0.00117 -4e-05 -2e-05)
(0.00118 -4e-05 -2e-05)
(0.00119 -4e-05 -2e-05)
(0.0012 -4e-05 -2e-05)
(0.00121 -4e-05 -2e-05)
(0.00122 -4e-05 -2e-05)
(0.00123 -4e-05 -2e-05)
(0.00124 -4e-05 -2e-05)
(0.00125 -4e-05 -2e-05)
(0.00126 -4e-05 -2e-05)
(0.00127 -4e-05 -2e-05)
(0.00128 -4e-05 -2e-05)
(0.00129 -4e-05 -2e-05)
(0.0013 -4e-05 -2e-05)
(0.00131 -4e-05 -2e-05)
(0.00132 -4e-05 -2e-05)
(0.00133 -4e-05 -2e-05)
(0.00134 -4e-05 -2e-05)
(0.00135 -4e-05 -2e-05)
(0.00136 -4e-05 -2e-05)
(0.00137 -4e-05 -2e-05)
(0.00138 -4e-05 -2e-05)
(0.00139 -4e-05 -2e-05)
(0.0014 -4e-05 -2e-05)
(0.00141 -4e-05 -2e-05)
(0.00142 -4e-05 -2e-05)
(0.00143 -4e-05 -2e-05)
(0.00144 -4e-05 -2e-05)
(0.00145 -4e-05 -2e-05)
(0.00146 -4e-05 -2e-05)
(0.00147 -4e-05 -2e-05)
(0.00148 -4e-05 -2e-05)
(0.00149 -4e-05 -2e-05)
(0.0015 -4e-05 -2e-05)
(6e-05 -3e-05 -2e-05)
(7e-05 -3e-05 -2e-05)
(8e-05 -3e-05 -2e-05)
(9e-05 -3e-05 -2e-05)
(0.0001 -3e-05 -2e-05)
(0.00011 -3e-05 -2e-05)
(0.00012 -3e-05 -2e-05)
(0.00013 -3e-05 -2e-05)
(0.00014 -3e-05 -2e-05)
(0.00015 -3e-05 -2e-05)
(0.00016 -3e-05 -2e-05)
(0.00017 -3e-05 -2e-05)
(0.00018 -3e-05 -2e-05)
(0.00019 -3e-05 -2e-05)
(0.0002 -3e-05 -2e-05)
(0.00021 -3e-05 -2e-05)
(0.00022 -3e-05 -2e-05)
(0.00023 -3e-05 -2e-05)
(0.00024 -3e-05 -2e-05)
(0.00025 -3e-05 -2e-05)
(0.00026 -3e-05 -2e-05)
(0.00027 -3e-05 -2e-05)
(0.00028 -3e-05 -2e-05)
(0.00029 -3e-05 -2e-05)
(0.0003 -3e-05 -2e-05)
(0.00031 -3e-05 -2e-05)
(0.00032 -3e-05 -2e-05)
(0.00033 -3e-05 -2e-05)
(0.00034 -3e-05 -2e-05)
(0.00035 -3e-05 -2e-05)
(0.00036 -3e-05 -2e-05)
(0.00037 -3e-05 -2e-05)
(0.00038 -3e-05 -2e-05)
(0.00039 -3e-05 -2e-05)
(0.0004 -3e-05 -2e-05)
(0.00041 -3e-05 -2e-05)
(0.00042 -3e-05 -2e-05)
(0.00043 -3e-05 -2e-05)
(0.00044 -3e-05 -2e-05)
(0.00045 -3e-05 -2e-05)
(0.00046 -3e-05 -2e-05)
(0.00047 -3e-05 -2e-05)
(0.00048 -3e-05 -2e-05)
(0.00049 -3e-05 -2e-05)
(0.0005 -3e-05 -2e-05)
(0.00051 -3e-05 -2e-05)
(0.00052 -3e-05 -2e-05)
(0.00053 -3e-05 -2e-05)
(0.00054 -3e-05 -2e-05)
(0.00055 -3e-05 -2e-05)
(0.00056 -3e-05 -2e-05)
(0.00057 -3e-05 -2e-05)
(0.00058 -3e-05 -2e-05)
(0.00059 -3e-05 -2e-05)
(0.0006 -3e-05 -2e-05)
(0.00061 -3e-05 -2e-05)
(0.00062 -3e-05 -2e-05)
(0.00063 -3e-05 -2e-05)
(0.00064 -3e-05 -2e-05)
(0.00065 -3e-05 -2e-05)
(0.00066 -3e-05 -2e-05)
(0.00067 -3e-05 -2e-05)
(0.00068 -3e-05 -2e-05)
(0.00069 -3e-05 -2e-05)
(0.0007 -3e-05 -2e-05)
(0.00071 -3e-05 -2e-05)
(0.00072 -3e-05 -2e-05)
(0.00073 -3e-05 -2e-05)
(0.00074 -3e-05 -2e-05)
(0.00075 -3e-05 -2e-05)
(0.00076 -3e-05 -2e-05)
(0.00077 -3e-05 -2e-05)
(0.00078 -3e-05 -2e-05)
(0.00079 -3e-05 -2e-05)
(0.0008 -3e-05 -2e-05)
(0.00081 -3e-05 -2e-05)
(0.00082 -3e-05 -2e-05)
(0.00083 -3e-05 -2e-05)
(0.00084 -3e-05 -2e-05)
(0.00085 -3e-05 -2e-05)
(0.00086 -3e-05 -2e-05)
(0.00087 -3e-05 -2e-05)
(0.00088 -3e-05 -2e-05)
(0.00089 -3e-05 -2e-05)
(0.0009 -3e-05 -2e-05)
(0.00091 -3e-05 -2e-05)
(0.00092 -3e-05 -2e-05)
(0.00093 -3e-05 -2e-05)
(0.00094 -3e-05 -2e-05)
(0.00095 -3e-05 -2e-05)
(0.00096 -3e-05 -2e-05)
(0.00097 -3e-05 -2e-05)
(0.00098 -3e-05 -2e-05)
(0.00099 -3e-05 -2e-05)
(0.001 -3e-05 -2e-05)
(0.00101 -3e-05 -2e-05)
(0.00102 -3e-05 -2e-05)
(0.00103 -3e-05 -2e-05)
(0.00104 -3e-05 -2e-05)
(0.00105 -3e-05 -2e-05)
(0.00106 -3e-05 -2e-05)
(0.00107 -3e-05 -2e-05)
(0.00108 -3e-05 -2e-05)
(0.00109 -3e-05 -2e-05)
(0.0011 -3e-05 -2e-05)
(0.00111 -3e-05 -2e-05)
(0.00112 -3e-05 -2e-05)
(0.00113 -3e-05 -2e-05)
(0.00114 -3e-05 -2e-05)
(0.00115 -3e-05 -2e-05)
(0.00116 -3e-05 -2e-05)
(0.00117 -3e-05 -2e-05)
(0.00118 -3e-05 -2e-05)
(0.00119 -3e-05 -2e-05)
(0.0012 -3e-05 -2e-05)
(0.00121 -3e-05 -2e-05)
(0.00122 -3e-05 -2e-05)
(0.00123 -3e-05 -2e-05)
(0.00124 -3e-05 -2e-05)
(0.00125 -3e-05 -2e-05)
(0.00126 -3e-05 -2e-05)
(0.00127 -3e-05 -2e-05)
(0.00128 -3e-05 -2e-05)
(0.00129 -3e-05 -2e-05)
(0.0013 -3e-05 -2e-05)
(0.00131 -3e-05 -2e-05)
(0.00132 -3e-05 -2e-05)
(0.00133 -3e-05 -2e-05)
(0.00134 -3e-05 -2e-05)
(0.00135 -3e-05 -2e-05)
(0.00136 -3e-05 -2e-05)
(0.00137 -3e-05 -2e-05)
(0.00138 -3e-05 -2e-05)
(0.00139 -3e-05 -2e-05)
(0.0014 -3e-05 -2e-05)
(0.00141 -3e-05 -2e-05)
(0.00142 -3e-05 -2e-05)
(0.00143 -3e-05 -2e-05)
(0.00144 -3e-05 -2e-05)
(0.00145 -3e-05 -2e-05)
(0.00146 -3e-05 -2e-05)
(0.00147 -3e-05 -2e-05)
(0.00148 -3e-05 -2e-05)
(0.00149 -3e-05 -2e-05)
(0.0015 -3e-05 -2e-05)
(6e-05 -2e-05 -2e-05)
(7e-05 -2e-05 -2e-05)
(8e-05 -2e-05 -2e-05)
(9e-05 -2e-05 -2e-05)
(0.0001 -2e-05 -2e-05)
(0.00011 -2e-05 -2e-05)
(0.00012 -2e-05 -2e-05)
(0.00013 -2e-05 -2e-05)
(0.00014 -2e-05 -2e-05)
(0.00015 -2e-05 -2e-05)
(0.00016 -2e-05 -2e-05)
(0.00017 -2e-05 -2e-05)
(0.00018 -2e-05 -2e-05)
(0.00019 -2e-05 -2e-05)
(0.0002 -2e-05 -2e-05)
(0.00021 -2e-05 -2e-05)
(0.00022 -2e-05 -2e-05)
(0.00023 -2e-05 -2e-05)
(0.00024 -2e-05 -2e-05)
(0.00025 -2e-05 -2e-05)
(0.00026 -2e-05 -2e-05)
(0.00027 -2e-05 -2e-05)
(0.00028 -2e-05 -2e-05)
(0.00029 -2e-05 -2e-05)
(0.0003 -2e-05 -2e-05)
(0.00031 -2e-05 -2e-05)
(0.00032 -2e-05 -2e-05)
(0.00033 -2e-05 -2e-05)
(0.00034 -2e-05 -2e-05)
(0.00035 -2e-05 -2e-05)
(0.00036 -2e-05 -2e-05)
(0.00037 -2e-05 -2e-05)
(0.00038 -2e-05 -2e-05)
(0.00039 -2e-05 -2e-05)
(0.0004 -2e-05 -2e-05)
(0.00041 -2e-05 -2e-05)
(0.00042 -2e-05 -2e-05)
(0.00043 -2e-05 -2e-05)
(0.00044 -2e-05 -2e-05)
(0.00045 -2e-05 -2e-05)
(0.00046 -2e-05 -2e-05)
(0.00047 -2e-05 -2e-05)
(0.00048 -2e-05 -2e-05)
(0.00049 -2e-05 -2e-05)
(0.0005 -2e-05 -2e-05)
(0.00051 -2e-05 -2e-05)
(0.00052 -2e-05 -2e-05)
(0.00053 -2e-05 -2e-05)
(0.00054 -2e-05 -2e-05)
(0.00055 -2e-05 -2e-05)
(0.00056 -2e-05 -2e-05)
(0.00057 -2e-05 -2e-05)
(0.00058 -2e-05 -2e-05)
(0.00059 -2e-05 -2e-05)
(0.0006 -2e-05 -2e-05)
(0.00061 -2e-05 -2e-05)
(0.00062 -2e-05 -2e-05)
(0.00063 -2e-05 -2e-05)
(0.00064 -2e-05 -2e-05)
(0.00065 -2e-05 -2e-05)
(0.00066 -2e-05 -2e-05)
(0.00067 -2e-05 -2e-05)
(0.00068 -2e-05 -2e-05)
(0.00069 -2e-05 -2e-05)
(0.0007 -2e-05 -2e-05)
(0.00071 -2e-05 -2e-05)
(0.00072 -2e-05 -2e-05)
(0.00073 -2e-05 -2e-05)
(0.00074 -2e-05 -2e-05)
(0.00075 -2e-05 -2e-05)
(0.00076 -2e-05 -2e-05)
(0.00077 -2e-05 -2e-05)
(0.00078 -2e-05 -2e-05)
(0.00079 -2e-05 -2e-05)
(0.0008 -2e-05 -2e-05)
(0.00081 -2e-05 -2e-05)
(0.00082 -2e-05 -2e-05)
(0.00083 -2e-05 -2e-05)
(0.00084 -2e-05 -2e-05)
(0.00085 -2e-05 -2e-05)
(0.00086 -2e-05 -2e-05)
(0.00087 -2e-05 -2e-05)
(0.00088 -2e-05 -2e-05)
(0.00089 -2e-05 -2e-05)
(0.0009 -2e-05 -2e-05)
(0.00091 -2e-05 -2e-05)
(0.00092 -2e-05 -2e-05)
(0.00093 -2e-05 -2e-05)
(0.00094 -2e-05 -2e-05)
(0.00095 -2e-05 -2e-05)
(0.00096 -2e-05 -2e-05)
(0.00097 -2e-05 -2e-05)
(0.00098 -2e-05 -2e-05)
(0.00099 -2e-05 -2e-05)
(0.001 -2e-05 -2e-05)
(0.00101 -2e-05 -2e-05)
(0.00102 -2e-05 -2e-05)
(0.00103 -2e-05 -2e-05)
(0.00104 -2e-05 -2e-05)
(0.00105 -2e-05 -2e-05)
(0.00106 -2e-05 -2e-05)
(0.00107 -2e-05 -2e-05)
(0.00108 -2e-05 -2e-05)
(0.00109 -2e-05 -2e-05)
(0.0011 -2e-05 -2e-05)
(0.00111 -2e-05 -2e-05)
(0.00112 -2e-05 -2e-05)
(0.00113 -2e-05 -2e-05)
(0.00114 -2e-05 -2e-05)
(0.00115 -2e-05 -2e-05)
(0.00116 -2e-05 -2e-05)
(0.00117 -2e-05 -2e-05)
(0.00118 -2e-05 -2e-05)
(0.00119 -2e-05 -2e-05)
(0.0012 -2e-05 -2e-05)
(0.00121 -2e-05 -2e-05)
(0.00122 -2e-05 -2e-05)
(0.00123 -2e-05 -2e-05)
(0.00124 -2e-05 -2e-05)
(0.00125 -2e-05 -2e-05)
(0.00126 -2e-05 -2e-05)
(0.00127 -2e-05 -2e-05)
(0.00128 -2e-05 -2e-05)
(0.00129 -2e-05 -2e-05)
(0.0013 -2e-05 -2e-05)
(0.00131 -2e-05 -2e-05)
(0.00132 -2e-05 -2e-05)
(0.00133 -2e-05 -2e-05)
(0.00134 -2e-05 -2e-05)
(0.00135 -2e-05 -2e-05)
(0.00136 -2e-05 -2e-05)
(0.00137 -2e-05 -2e-05)
(0.00138 -2e-05 -2e-05)
(0.00139 -2e-05 -2e-05)
(0.0014 -2e-05 -2e-05)
(0.00141 -2e-05 -2e-05)
(0.00142 -2e-05 -2e-05)
(0.00143 -2e-05 -2e-05)
(0.00144 -2e-05 -2e-05)
(0.00145 -2e-05 -2e-05)
(0.00146 -2e-05 -2e-05)
(0.00147 -2e-05 -2e-05)
(0.00148 -2e-05 -2e-05)
(0.00149 -2e-05 -2e-05)
(0.0015 -2e-05 -2e-05)
(6e-05 -1e-05 -2e-05)
(7e-05 -1e-05 -2e-05)
(8e-05 -1e-05 -2e-05)
(9e-05 -1e-05 -2e-05)
(0.0001 -1e-05 -2e-05)
(0.00011 -1e-05 -2e-05)
(0.00012 -1e-05 -2e-05)
(0.00013 -1e-05 -2e-05)
(0.00014 -1e-05 -2e-05)
(0.00015 -1e-05 -2e-05)
(0.00016 -1e-05 -2e-05)
(0.00017 -1e-05 -2e-05)
(0.00018 -1e-05 -2e-05)
(0.00019 -1e-05 -2e-05)
(0.0002 -1e-05 -2e-05)
(0.00021 -1e-05 -2e-05)
(0.00022 -1e-05 -2e-05)
(0.00023 -1e-05 -2e-05)
(0.00024 -1e-05 -2e-05)
(0.00025 -1e-05 -2e-05)
(0.00026 -1e-05 -2e-05)
(0.00027 -1e-05 -2e-05)
(0.00028 -1e-05 -2e-05)
(0.00029 -1e-05 -2e-05)
(0.0003 -1e-05 -2e-05)
(0.00031 -1e-05 -2e-05)
(0.00032 -1e-05 -2e-05)
(0.00033 -1e-05 -2e-05)
(0.00034 -1e-05 -2e-05)
(0.00035 -1e-05 -2e-05)
(0.00036 -1e-05 -2e-05)
(0.00037 -1e-05 -2e-05)
(0.00038 -1e-05 -2e-05)
(0.00039 -1e-05 -2e-05)
(0.0004 -1e-05 -2e-05)
(0.00041 -1e-05 -2e-05)
(0.00042 -1e-05 -2e-05)
(0.00043 -1e-05 -2e-05)
(0.00044 -1e-05 -2e-05)
(0.00045 -1e-05 -2e-05)
(0.00046 -1e-05 -2e-05)
(0.00047 -1e-05 -2e-05)
(0.00048 -1e-05 -2e-05)
(0.00049 -1e-05 -2e-05)
(0.0005 -1e-05 -2e-05)
(0.00051 -1e-05 -2e-05)
(0.00052 -1e-05 -2e-05)
(0.00053 -1e-05 -2e-05)
(0.00054 -1e-05 -2e-05)
(0.00055 -1e-05 -2e-05)
(0.00056 -1e-05 -2e-05)
(0.00057 -1e-05 -2e-05)
(0.00058 -1e-05 -2e-05)
(0.00059 -1e-05 -2e-05)
(0.0006 -1e-05 -2e-05)
(0.00061 -1e-05 -2e-05)
(0.00062 -1e-05 -2e-05)
(0.00063 -1e-05 -2e-05)
(0.00064 -1e-05 -2e-05)
(0.00065 -1e-05 -2e-05)
(0.00066 -1e-05 -2e-05)
(0.00067 -1e-05 -2e-05)
(0.00068 -1e-05 -2e-05)
(0.00069 -1e-05 -2e-05)
(0.0007 -1e-05 -2e-05)
(0.00071 -1e-05 -2e-05)
(0.00072 -1e-05 -2e-05)
(0.00073 -1e-05 -2e-05)
(0.00074 -1e-05 -2e-05)
(0.00075 -1e-05 -2e-05)
(0.00076 -1e-05 -2e-05)
(0.00077 -1e-05 -2e-05)
(0.00078 -1e-05 -2e-05)
(0.00079 -1e-05 -2e-05)
(0.0008 -1e-05 -2e-05)
(0.00081 -1e-05 -2e-05)
(0.00082 -1e-05 -2e-05)
(0.00083 -1e-05 -2e-05)
(0.00084 -1e-05 -2e-05)
(0.00085 -1e-05 -2e-05)
(0.00086 -1e-05 -2e-05)
(0.00087 -1e-05 -2e-05)
(0.00088 -1e-05 -2e-05)
(0.00089 -1e-05 -2e-05)
(0.0009 -1e-05 -2e-05)
(0.00091 -1e-05 -2e-05)
(0.00092 -1e-05 -2e-05)
(0.00093 -1e-05 -2e-05)
(0.00094 -1e-05 -2e-05)
(0.00095 -1e-05 -2e-05)
(0.00096 -1e-05 -2e-05)
(0.00097 -1e-05 -2e-05)
(0.00098 -1e-05 -2e-05)
(0.00099 -1e-05 -2e-05)
(0.001 -1e-05 -2e-05)
(0.00101 -1e-05 -2e-05)
(0.00102 -1e-05 -2e-05)
(0.00103 -1e-05 -2e-05)
(0.00104 -1e-05 -2e-05)
(0.00105 -1e-05 -2e-05)
(0.00106 -1e-05 -2e-05)
(0.00107 -1e-05 -2e-05)
(0.00108 -1e-05 -2e-05)
(0.00109 -1e-05 -2e-05)
(0.0011 -1e-05 -2e-05)
(0.00111 -1e-05 -2e-05)
(0.00112 -1e-05 -2e-05)
(0.00113 -1e-05 -2e-05)
(0.00114 -1e-05 -2e-05)
(0.00115 -1e-05 -2e-05)
(0.00116 -1e-05 -2e-05)
(0.00117 -1e-05 -2e-05)
(0.00118 -1e-05 -2e-05)
(0.00119 -1e-05 -2e-05)
(0.0012 -1e-05 -2e-05)
(0.00121 -1e-05 -2e-05)
(0.00122 -1e-05 -2e-05)
(0.00123 -1e-05 -2e-05)
(0.00124 -1e-05 -2e-05)
(0.00125 -1e-05 -2e-05)
(0.00126 -1e-05 -2e-05)
(0.00127 -1e-05 -2e-05)
(0.00128 -1e-05 -2e-05)
(0.00129 -1e-05 -2e-05)
(0.0013 -1e-05 -2e-05)
(0.00131 -1e-05 -2e-05)
(0.00132 -1e-05 -2e-05)
(0.00133 -1e-05 -2e-05)
(0.00134 -1e-05 -2e-05)
(0.00135 -1e-05 -2e-05)
(0.00136 -1e-05 -2e-05)
(0.00137 -1e-05 -2e-05)
(0.00138 -1e-05 -2e-05)
(0.00139 -1e-05 -2e-05)
(0.0014 -1e-05 -2e-05)
(0.00141 -1e-05 -2e-05)
(0.00142 -1e-05 -2e-05)
(0.00143 -1e-05 -2e-05)
(0.00144 -1e-05 -2e-05)
(0.00145 -1e-05 -2e-05)
(0.00146 -1e-05 -2e-05)
(0.00147 -1e-05 -2e-05)
(0.00148 -1e-05 -2e-05)
(0.00149 -1e-05 -2e-05)
(0.0015 -1e-05 -2e-05)
(6e-05 0 -2e-05)
(7e-05 0 -2e-05)
(8e-05 0 -2e-05)
(9e-05 0 -2e-05)
(0.0001 0 -2e-05)
(0.00011 0 -2e-05)
(0.00012 0 -2e-05)
(0.00013 0 -2e-05)
(0.00014 0 -2e-05)
(0.00015 0 -2e-05)
(0.00016 0 -2e-05)
(0.00017 0 -2e-05)
(0.00018 0 -2e-05)
(0.00019 0 -2e-05)
(0.0002 0 -2e-05)
(0.00021 0 -2e-05)
(0.00022 0 -2e-05)
(0.00023 0 -2e-05)
(0.00024 0 -2e-05)
(0.00025 0 -2e-05)
(0.00026 0 -2e-05)
(0.00027 0 -2e-05)
(0.00028 0 -2e-05)
(0.00029 0 -2e-05)
(0.0003 0 -2e-05)
(0.00031 0 -2e-05)
(0.00032 0 -2e-05)
(0.00033 0 -2e-05)
(0.00034 0 -2e-05)
(0.00035 0 -2e-05)
(0.00036 0 -2e-05)
(0.00037 1.129377263e-21 -2e-05)
(0.00038 0 -2e-05)
(0.00039 0 -2e-05)
(0.0004 0 -2e-05)
(0.00041 0 -2e-05)
(0.00042 0 -2e-05)
(0.00043 0 -2e-05)
(0.00044 0 -2e-05)
(0.00045 -1.129377263e-21 -2e-05)
(0.00046 1.129377263e-21 -2e-05)
(0.00047 0 -2e-05)
(0.00048 0 -2e-05)
(0.00049 0 -2e-05)
(0.0005 0 -2e-05)
(0.00051 0 -2e-05)
(0.00052 0 -2e-05)
(0.00053 0 -2e-05)
(0.00054 -1.129377263e-21 -2e-05)
(0.00055 1.129377263e-21 -2e-05)
(0.00056 0 -2e-05)
(0.00057 1.129377263e-21 -2e-05)
(0.00058 0 -2e-05)
(0.00059 0 -2e-05)
(0.0006 0 -2e-05)
(0.00061 0 -2e-05)
(0.00062 5.646886315e-22 -2e-05)
(0.00063 5.646886315e-22 -2e-05)
(0.00064 0 -2e-05)
(0.00065 0 -2e-05)
(0.00066 0 -2e-05)
(0.00067 -5.646886315e-22 -2e-05)
(0.00068 0 -2e-05)
(0.00069 0 -2e-05)
(0.0007 0 -2e-05)
(0.00071 0 -2e-05)
(0.00072 0 -2e-05)
(0.00073 -5.646886315e-22 -2e-05)
(0.00074 5.646886315e-22 -2e-05)
(0.00075 5.646886315e-22 -2e-05)
(0.00076 0 -2e-05)
(0.00077 5.646886315e-22 -2e-05)
(0.00078 0 -2e-05)
(0.00079 0 -2e-05)
(0.0008 0 -2e-05)
(0.00081 0 -2e-05)
(0.00082 0 -2e-05)
(0.00083 0 -2e-05)
(0.00084 0 -2e-05)
(0.00085 0 -2e-05)
(0.00086 0 -2e-05)
(0.00087 0 -2e-05)
(0.00088 0 -2e-05)
(0.00089 0 -2e-05)
(0.0009 0 -2e-05)
(0.00091 5.646886315e-22 -2e-05)
(0.00092 5.646886315e-22 -2e-05)
(0.00093 0 -2e-05)
(0.00094 0 -2e-05)
(0.00095 0 -2e-05)
(0.00096 0 -2e-05)
(0.00097 5.646886315e-22 -2e-05)
(0.00098 0 -2e-05)
(0.00099 0 -2e-05)
(0.001 5.646886315e-22 -2e-05)
(0.00101 -5.646886315e-22 -2e-05)
(0.00102 -5.646886315e-22 -2e-05)
(0.00103 0 -2e-05)
(0.00104 0 -2e-05)
(0.00105 5.646886315e-22 -2e-05)
(0.00106 2.823443158e-22 -2e-05)
(0.00107 0 -2e-05)
(0.00108 -2.823443158e-22 -2e-05)
(0.00109 5.646886315e-22 -2e-05)
(0.0011 -5.646886315e-22 -2e-05)
(0.00111 -5.646886315e-22 -2e-05)
(0.00112 0 -2e-05)
(0.00113 2.823443158e-22 -2e-05)
(0.00114 -5.646886315e-22 -2e-05)
(0.00115 0 -2e-05)
(0.00116 2.823443158e-22 -2e-05)
(0.00117 -2.823443158e-22 -2e-05)
(0.00118 5.646886315e-22 -2e-05)
(0.00119 -5.646886315e-22 -2e-05)
(0.0012 0 -2e-05)
(0.00121 0 -2e-05)
(0.00122 -2.823443158e-22 -2e-05)
(0.00123 2.823443158e-22 -2e-05)
(0.00124 0 -2e-05)
(0.00125 -2.823443158e-22 -2e-05)
(0.00126 -2.823443158e-22 -2e-05)
(0.00127 5.646886315e-22 -2e-05)
(0.00128 4.235164736e-22 -2e-05)
(0.00129 0 -2e-05)
(0.0013 -2.823443158e-22 -2e-05)
(0.00131 4.235164736e-22 -2e-05)
(0.00132 1.411721579e-22 -2e-05)
(0.00133 0 -2e-05)
(0.00134 -2.823443158e-22 -2e-05)
(0.00135 5.646886315e-22 -2e-05)
(0.00136 4.235164736e-22 -2e-05)
(0.00137 1.411721579e-22 -2e-05)
(0.00138 -2.823443158e-22 -2e-05)
(0.00139 -4.235164736e-22 -2e-05)
(0.0014 3.529303947e-22 -2e-05)
(0.00141 2.117582368e-22 -2e-05)
(0.00142 -1.411721579e-22 -2e-05)
(0.00143 -3.529303947e-22 -2e-05)
(0.00144 4.941025526e-22 -2e-05)
(0.00145 2.823443158e-22 -2e-05)
(0.00146 -2.117582368e-22 -2e-05)
(0.00147 -4.235164736e-22 -2e-05)
(0.00148 4.588095131e-22 -2e-05)
(0.00149 2.382280164e-22 -2e-05)
(0.0015 0 -2e-05)
(6e-05 1e-05 -2e-05)
(7e-05 1e-05 -2e-05)
(8e-05 1e-05 -2e-05)
(9e-05 1e-05 -2e-05)
(0.0001 1e-05 -2e-05)
(0.00011 1e-05 -2e-05)
(0.00012 1e-05 -2e-05)
(0.00013 1e-05 -2e-05)
(0.00014 1e-05 -2e-05)
(0.00015 1e-05 -2e-05)
(0.00016 1e-05 -2e-05)
(0.00017 1e-05 -2e-05)
(0.00018 1e-05 -2e-05)
(0.00019 1e-05 -2e-05)
(0.0002 1e-05 -2e-05)
(0.00021 1e-05 -2e-05)
(0.00022 1e-05 -2e-05)
(0.00023 1e-05 -2e-05)
(0.00024 1e-05 -2e-05)
(0.00025 1e-05 -2e-05)
(0.00026 1e-05 -2e-05)
(0.00027 1e-05 -2e-05)
(0.00028 1e-05 -2e-05)
(0.00029 1e-05 -2e-05)
(0.0003 1e-05 -2e-05)
(0.00031 1e-05 -2e-05)
(0.00032 1e-05 -2e-05)
(0.00033 1e-05 -2e-05)
(0.00034 1e-05 -2e-05)
(0.00035 1e-05 -2e-05)
(0.00036 1e-05 -2e-05)
(0.00037 1e-05 -2e-05)
(0.00038 1e-05 -2e-05)
(0.00039 1e-05 -2e-05)
(0.0004 1e-05 -2e-05)
(0.00041 1e-05 -2e-05)
(0.00042 1e-05 -2e-05)
(0.00043 1e-05 -2e-05)
(0.00044 1e-05 -2e-05)
(0.00045 1e-05 -2e-05)
(0.00046 1e-05 -2e-05)
(0.00047 1e-05 -2e-05)
(0.00048 1e-05 -2e-05)
(0.00049 1e-05 -2e-05)
(0.0005 1e-05 -2e-05)
(0.00051 1e-05 -2e-05)
(0.00052 1e-05 -2e-05)
(0.00053 1e-05 -2e-05)
(0.00054 1e-05 -2e-05)
(0.00055 1e-05 -2e-05)
(0.00056 1e-05 -2e-05)
(0.00057 1e-05 -2e-05)
(0.00058 1e-05 -2e-05)
(0.00059 1e-05 -2e-05)
(0.0006 1e-05 -2e-05)
(0.00061 1e-05 -2e-05)
(0.00062 1e-05 -2e-05)
(0.00063 1e-05 -2e-05)
(0.00064 1e-05 -2e-05)
(0.00065 1e-05 -2e-05)
(0.00066 1e-05 -2e-05)
(0.00067 1e-05 -2e-05)
(0.00068 1e-05 -2e-05)
(0.00069 1e-05 -2e-05)
(0.0007 1e-05 -2e-05)
(0.00071 1e-05 -2e-05)
(0.00072 1e-05 -2e-05)
(0.00073 1e-05 -2e-05)
(0.00074 1e-05 -2e-05)
(0.00075 1e-05 -2e-05)
(0.00076 1e-05 -2e-05)
(0.00077 1e-05 -2e-05)
(0.00078 1e-05 -2e-05)
(0.00079 1e-05 -2e-05)
(0.0008 1e-05 -2e-05)
(0.00081 1e-05 -2e-05)
(0.00082 1e-05 -2e-05)
(0.00083 1e-05 -2e-05)
(0.00084 1e-05 -2e-05)
(0.00085 1e-05 -2e-05)
(0.00086 1e-05 -2e-05)
(0.00087 1e-05 -2e-05)
(0.00088 1e-05 -2e-05)
(0.00089 1e-05 -2e-05)
(0.0009 1e-05 -2e-05)
(0.00091 1e-05 -2e-05)
(0.00092 1e-05 -2e-05)
(0.00093 1e-05 -2e-05)
(0.00094 1e-05 -2e-05)
(0.00095 1e-05 -2e-05)
(0.00096 1e-05 -2e-05)
(0.00097 1e-05 -2e-05)
(0.00098 1e-05 -2e-05)
(0.00099 1e-05 -2e-05)
(0.001 1e-05 -2e-05)
(0.00101 1e-05 -2e-05)
(0.00102 1e-05 -2e-05)
(0.00103 1e-05 -2e-05)
(0.00104 1e-05 -2e-05)
(0.00105 1e-05 -2e-05)
(0.00106 1e-05 -2e-05)
(0.00107 1e-05 -2e-05)
(0.00108 1e-05 -2e-05)
(0.00109 1e-05 -2e-05)
(0.0011 1e-05 -2e-05)
(0.00111 1e-05 -2e-05)
(0.00112 1e-05 -2e-05)
(0.00113 1e-05 -2e-05)
(0.00114 1e-05 -2e-05)
(0.00115 1e-05 -2e-05)
(0.00116 1e-05 -2e-05)
(0.00117 1e-05 -2e-05)
(0.00118 1e-05 -2e-05)
(0.00119 1e-05 -2e-05)
(0.0012 1e-05 -2e-05)
(0.00121 1e-05 -2e-05)
(0.00122 1e-05 -2e-05)
(0.00123 1e-05 -2e-05)
(0.00124 1e-05 -2e-05)
(0.00125 1e-05 -2e-05)
(0.00126 1e-05 -2e-05)
(0.00127 1e-05 -2e-05)
(0.00128 1e-05 -2e-05)
(0.00129 1e-05 -2e-05)
(0.0013 1e-05 -2e-05)
(0.00131 1e-05 -2e-05)
(0.00132 1e-05 -2e-05)
(0.00133 1e-05 -2e-05)
(0.00134 1e-05 -2e-05)
(0.00135 1e-05 -2e-05)
(0.00136 1e-05 -2e-05)
(0.00137 1e-05 -2e-05)
(0.00138 1e-05 -2e-05)
(0.00139 1e-05 -2e-05)
(0.0014 1e-05 -2e-05)
(0.00141 1e-05 -2e-05)
(0.00142 1e-05 -2e-05)
(0.00143 1e-05 -2e-05)
(0.00144 1e-05 -2e-05)
(0.00145 1e-05 -2e-05)
(0.00146 1e-05 -2e-05)
(0.00147 1e-05 -2e-05)
(0.00148 1e-05 -2e-05)
(0.00149 1e-05 -2e-05)
(0.0015 1e-05 -2e-05)
(6e-05 2e-05 -2e-05)
(7e-05 2e-05 -2e-05)
(8e-05 2e-05 -2e-05)
(9e-05 2e-05 -2e-05)
(0.0001 2e-05 -2e-05)
(0.00011 2e-05 -2e-05)
(0.00012 2e-05 -2e-05)
(0.00013 2e-05 -2e-05)
(0.00014 2e-05 -2e-05)
(0.00015 2e-05 -2e-05)
(0.00016 2e-05 -2e-05)
(0.00017 2e-05 -2e-05)
(0.00018 2e-05 -2e-05)
(0.00019 2e-05 -2e-05)
(0.0002 2e-05 -2e-05)
(0.00021 2e-05 -2e-05)
(0.00022 2e-05 -2e-05)
(0.00023 2e-05 -2e-05)
(0.00024 2e-05 -2e-05)
(0.00025 2e-05 -2e-05)
(0.00026 2e-05 -2e-05)
(0.00027 2e-05 -2e-05)
(0.00028 2e-05 -2e-05)
(0.00029 2e-05 -2e-05)
(0.0003 2e-05 -2e-05)
(0.00031 2e-05 -2e-05)
(0.00032 2e-05 -2e-05)
(0.00033 2e-05 -2e-05)
(0.00034 2e-05 -2e-05)
(0.00035 2e-05 -2e-05)
(0.00036 2e-05 -2e-05)
(0.00037 2e-05 -2e-05)
(0.00038 2e-05 -2e-05)
(0.00039 2e-05 -2e-05)
(0.0004 2e-05 -2e-05)
(0.00041 2e-05 -2e-05)
(0.00042 2e-05 -2e-05)
(0.00043 2e-05 -2e-05)
(0.00044 2e-05 -2e-05)
(0.00045 2e-05 -2e-05)
(0.00046 2e-05 -2e-05)
(0.00047 2e-05 -2e-05)
(0.00048 2e-05 -2e-05)
(0.00049 2e-05 -2e-05)
(0.0005 2e-05 -2e-05)
(0.00051 2e-05 -2e-05)
(0.00052 2e-05 -2e-05)
(0.00053 2e-05 -2e-05)
(0.00054 2e-05 -2e-05)
(0.00055 2e-05 -2e-05)
(0.00056 2e-05 -2e-05)
(0.00057 2e-05 -2e-05)
(0.00058 2e-05 -2e-05)
(0.00059 2e-05 -2e-05)
(0.0006 2e-05 -2e-05)
(0.00061 2e-05 -2e-05)
(0.00062 2e-05 -2e-05)
(0.00063 2e-05 -2e-05)
(0.00064 2e-05 -2e-05)
(0.00065 2e-05 -2e-05)
(0.00066 2e-05 -2e-05)
(0.00067 2e-05 -2e-05)
(0.00068 2e-05 -2e-05)
(0.00069 2e-05 -2e-05)
(0.0007 2e-05 -2e-05)
(0.00071 2e-05 -2e-05)
(0.00072 2e-05 -2e-05)
(0.00073 2e-05 -2e-05)
(0.00074 2e-05 -2e-05)
(0.00075 2e-05 -2e-05)
(0.00076 2e-05 -2e-05)
(0.00077 2e-05 -2e-05)
(0.00078 2e-05 -2e-05)
(0.00079 2e-05 -2e-05)
(0.0008 2e-05 -2e-05)
(0.00081 2e-05 -2e-05)
(0.00082 2e-05 -2e-05)
(0.00083 2e-05 -2e-05)
(0.00084 2e-05 -2e-05)
(0.00085 2e-05 -2e-05)
(0.00086 2e-05 -2e-05)
(0.00087 2e-05 -2e-05)
(0.00088 2e-05 -2e-05)
(0.00089 2e-05 -2e-05)
(0.0009 2e-05 -2e-05)
(0.00091 2e-05 -2e-05)
(0.00092 2e-05 -2e-05)
(0.00093 2e-05 -2e-05)
(0.00094 2e-05 -2e-05)
(0.00095 2e-05 -2e-05)
(0.00096 2e-05 -2e-05)
(0.00097 2e-05 -2e-05)
(0.00098 2e-05 -2e-05)
(0.00099 2e-05 -2e-05)
(0.001 2e-05 -2e-05)
(0.00101 2e-05 -2e-05)
(0.00102 2e-05 -2e-05)
(0.00103 2e-05 -2e-05)
(0.00104 2e-05 -2e-05)
(0.00105 2e-05 -2e-05)
(0.00106 2e-05 -2e-05)
(0.00107 2e-05 -2e-05)
(0.00108 2e-05 -2e-05)
(0.00109 2e-05 -2e-05)
(0.0011 2e-05 -2e-05)
(0.00111 2e-05 -2e-05)
(0.00112 2e-05 -2e-05)
(0.00113 2e-05 -2e-05)
(0.00114 2e-05 -2e-05)
(0.00115 2e-05 -2e-05)
(0.00116 2e-05 -2e-05)
(0.00117 2e-05 -2e-05)
(0.00118 2e-05 -2e-05)
(0.00119 2e-05 -2e-05)
(0.0012 2e-05 -2e-05)
(0.00121 2e-05 -2e-05)
(0.00122 2e-05 -2e-05)
(0.00123 2e-05 -2e-05)
(0.00124 2e-05 -2e-05)
(0.00125 2e-05 -2e-05)
(0.00126 2e-05 -2e-05)
(0.00127 2e-05 -2e-05)
(0.00128 2e-05 -2e-05)
(0.00129 2e-05 -2e-05)
(0.0013 2e-05 -2e-05)
(0.00131 2e-05 -2e-05)
(0.00132 2e-05 -2e-05)
(0.00133 2e-05 -2e-05)
(0.00134 2e-05 -2e-05)
(0.00135 2e-05 -2e-05)
(0.00136 2e-05 -2e-05)
(0.00137 2e-05 -2e-05)
(0.00138 2e-05 -2e-05)
(0.00139 2e-05 -2e-05)
(0.0014 2e-05 -2e-05)
(0.00141 2e-05 -2e-05)
(0.00142 2e-05 -2e-05)
(0.00143 2e-05 -2e-05)
(0.00144 2e-05 -2e-05)
(0.00145 2e-05 -2e-05)
(0.00146 2e-05 -2e-05)
(0.00147 2e-05 -2e-05)
(0.00148 2e-05 -2e-05)
(0.00149 2e-05 -2e-05)
(0.0015 2e-05 -2e-05)
(6e-05 3e-05 -2e-05)
(7e-05 3e-05 -2e-05)
(8e-05 3e-05 -2e-05)
(9e-05 3e-05 -2e-05)
(0.0001 3e-05 -2e-05)
(0.00011 3e-05 -2e-05)
(0.00012 3e-05 -2e-05)
(0.00013 3e-05 -2e-05)
(0.00014 3e-05 -2e-05)
(0.00015 3e-05 -2e-05)
(0.00016 3e-05 -2e-05)
(0.00017 3e-05 -2e-05)
(0.00018 3e-05 -2e-05)
(0.00019 3e-05 -2e-05)
(0.0002 3e-05 -2e-05)
(0.00021 3e-05 -2e-05)
(0.00022 3e-05 -2e-05)
(0.00023 3e-05 -2e-05)
(0.00024 3e-05 -2e-05)
(0.00025 3e-05 -2e-05)
(0.00026 3e-05 -2e-05)
(0.00027 3e-05 -2e-05)
(0.00028 3e-05 -2e-05)
(0.00029 3e-05 -2e-05)
(0.0003 3e-05 -2e-05)
(0.00031 3e-05 -2e-05)
(0.00032 3e-05 -2e-05)
(0.00033 3e-05 -2e-05)
(0.00034 3e-05 -2e-05)
(0.00035 3e-05 -2e-05)
(0.00036 3e-05 -2e-05)
(0.00037 3e-05 -2e-05)
(0.00038 3e-05 -2e-05)
(0.00039 3e-05 -2e-05)
(0.0004 3e-05 -2e-05)
(0.00041 3e-05 -2e-05)
(0.00042 3e-05 -2e-05)
(0.00043 3e-05 -2e-05)
(0.00044 3e-05 -2e-05)
(0.00045 3e-05 -2e-05)
(0.00046 3e-05 -2e-05)
(0.00047 3e-05 -2e-05)
(0.00048 3e-05 -2e-05)
(0.00049 3e-05 -2e-05)
(0.0005 3e-05 -2e-05)
(0.00051 3e-05 -2e-05)
(0.00052 3e-05 -2e-05)
(0.00053 3e-05 -2e-05)
(0.00054 3e-05 -2e-05)
(0.00055 3e-05 -2e-05)
(0.00056 3e-05 -2e-05)
(0.00057 3e-05 -2e-05)
(0.00058 3e-05 -2e-05)
(0.00059 3e-05 -2e-05)
(0.0006 3e-05 -2e-05)
(0.00061 3e-05 -2e-05)
(0.00062 3e-05 -2e-05)
(0.00063 3e-05 -2e-05)
(0.00064 3e-05 -2e-05)
(0.00065 3e-05 -2e-05)
(0.00066 3e-05 -2e-05)
(0.00067 3e-05 -2e-05)
(0.00068 3e-05 -2e-05)
(0.00069 3e-05 -2e-05)
(0.0007 3e-05 -2e-05)
(0.00071 3e-05 -2e-05)
(0.00072 3e-05 -2e-05)
(0.00073 3e-05 -2e-05)
(0.00074 3e-05 -2e-05)
(0.00075 3e-05 -2e-05)
(0.00076 3e-05 -2e-05)
(0.00077 3e-05 -2e-05)
(0.00078 3e-05 -2e-05)
(0.00079 3e-05 -2e-05)
(0.0008 3e-05 -2e-05)
(0.00081 3e-05 -2e-05)
(0.00082 3e-05 -2e-05)
(0.00083 3e-05 -2e-05)
(0.00084 3e-05 -2e-05)
(0.00085 3e-05 -2e-05)
(0.00086 3e-05 -2e-05)
(0.00087 3e-05 -2e-05)
(0.00088 3e-05 -2e-05)
(0.00089 3e-05 -2e-05)
(0.0009 3e-05 -2e-05)
(0.00091 3e-05 -2e-05)
(0.00092 3e-05 -2e-05)
(0.00093 3e-05 -2e-05)
(0.00094 3e-05 -2e-05)
(0.00095 3e-05 -2e-05)
(0.00096 3e-05 -2e-05)
(0.00097 3e-05 -2e-05)
(0.00098 3e-05 -2e-05)
(0.00099 3e-05 -2e-05)
(0.001 3e-05 -2e-05)
(0.00101 3e-05 -2e-05)
(0.00102 3e-05 -2e-05)
(0.00103 3e-05 -2e-05)
(0.00104 3e-05 -2e-05)
(0.00105 3e-05 -2e-05)
(0.00106 3e-05 -2e-05)
(0.00107 3e-05 -2e-05)
(0.00108 3e-05 -2e-05)
(0.00109 3e-05 -2e-05)
(0.0011 3e-05 -2e-05)
(0.00111 3e-05 -2e-05)
(0.00112 3e-05 -2e-05)
(0.00113 3e-05 -2e-05)
(0.00114 3e-05 -2e-05)
(0.00115 3e-05 -2e-05)
(0.00116 3e-05 -2e-05)
(0.00117 3e-05 -2e-05)
(0.00118 3e-05 -2e-05)
(0.00119 3e-05 -2e-05)
(0.0012 3e-05 -2e-05)
(0.00121 3e-05 -2e-05)
(0.00122 3e-05 -2e-05)
(0.00123 3e-05 -2e-05)
(0.00124 3e-05 -2e-05)
(0.00125 3e-05 -2e-05)
(0.00126 3e-05 -2e-05)
(0.00127 3e-05 -2e-05)
(0.00128 3e-05 -2e-05)
(0.00129 3e-05 -2e-05)
(0.0013 3e-05 -2e-05)
(0.00131 3e-05 -2e-05)
(0.00132 3e-05 -2e-05)
(0.00133 3e-05 -2e-05)
(0.00134 3e-05 -2e-05)
(0.00135 3e-05 -2e-05)
(0.00136 3e-05 -2e-05)
(0.00137 3e-05 -2e-05)
(0.00138 3e-05 -2e-05)
(0.00139 3e-05 -2e-05)
(0.0014 3e-05 -2e-05)
(0.00141 3e-05 -2e-05)
(0.00142 3e-05 -2e-05)
(0.00143 3e-05 -2e-05)
(0.00144 3e-05 -2e-05)
(0.00145 3e-05 -2e-05)
(0.00146 3e-05 -2e-05)
(0.00147 3e-05 -2e-05)
(0.00148 3e-05 -2e-05)
(0.00149 3e-05 -2e-05)
(0.0015 3e-05 -2e-05)
(6e-05 4e-05 -2e-05)
(7e-05 4e-05 -2e-05)
(8e-05 4e-05 -2e-05)
(9e-05 4e-05 -2e-05)
(0.0001 4e-05 -2e-05)
(0.00011 4e-05 -2e-05)
(0.00012 4e-05 -2e-05)
(0.00013 4e-05 -2e-05)
(0.00014 4e-05 -2e-05)
(0.00015 4e-05 -2e-05)
(0.00016 4e-05 -2e-05)
(0.00017 4e-05 -2e-05)
(0.00018 4e-05 -2e-05)
(0.00019 4e-05 -2e-05)
(0.0002 4e-05 -2e-05)
(0.00021 4e-05 -2e-05)
(0.00022 4e-05 -2e-05)
(0.00023 4e-05 -2e-05)
(0.00024 4e-05 -2e-05)
(0.00025 4e-05 -2e-05)
(0.00026 4e-05 -2e-05)
(0.00027 4e-05 -2e-05)
(0.00028 4e-05 -2e-05)
(0.00029 4e-05 -2e-05)
(0.0003 4e-05 -2e-05)
(0.00031 4e-05 -2e-05)
(0.00032 4e-05 -2e-05)
(0.00033 4e-05 -2e-05)
(0.00034 4e-05 -2e-05)
(0.00035 4e-05 -2e-05)
(0.00036 4e-05 -2e-05)
(0.00037 4e-05 -2e-05)
(0.00038 4e-05 -2e-05)
(0.00039 4e-05 -2e-05)
(0.0004 4e-05 -2e-05)
(0.00041 4e-05 -2e-05)
(0.00042 4e-05 -2e-05)
(0.00043 4e-05 -2e-05)
(0.00044 4e-05 -2e-05)
(0.00045 4e-05 -2e-05)
(0.00046 4e-05 -2e-05)
(0.00047 4e-05 -2e-05)
(0.00048 4e-05 -2e-05)
(0.00049 4e-05 -2e-05)
(0.0005 4e-05 -2e-05)
(0.00051 4e-05 -2e-05)
(0.00052 4e-05 -2e-05)
(0.00053 4e-05 -2e-05)
(0.00054 4e-05 -2e-05)
(0.00055 4e-05 -2e-05)
(0.00056 4e-05 -2e-05)
(0.00057 4e-05 -2e-05)
(0.00058 4e-05 -2e-05)
(0.00059 4e-05 -2e-05)
(0.0006 4e-05 -2e-05)
(0.00061 4e-05 -2e-05)
(0.00062 4e-05 -2e-05)
(0.00063 4e-05 -2e-05)
(0.00064 4e-05 -2e-05)
(0.00065 4e-05 -2e-05)
(0.00066 4e-05 -2e-05)
(0.00067 4e-05 -2e-05)
(0.00068 4e-05 -2e-05)
(0.00069 4e-05 -2e-05)
(0.0007 4e-05 -2e-05)
(0.00071 4e-05 -2e-05)
(0.00072 4e-05 -2e-05)
(0.00073 4e-05 -2e-05)
(0.00074 4e-05 -2e-05)
(0.00075 4e-05 -2e-05)
(0.00076 4e-05 -2e-05)
(0.00077 4e-05 -2e-05)
(0.00078 4e-05 -2e-05)
(0.00079 4e-05 -2e-05)
(0.0008 4e-05 -2e-05)
(0.00081 4e-05 -2e-05)
(0.00082 4e-05 -2e-05)
(0.00083 4e-05 -2e-05)
(0.00084 4e-05 -2e-05)
(0.00085 4e-05 -2e-05)
(0.00086 4e-05 -2e-05)
(0.00087 4e-05 -2e-05)
(0.00088 4e-05 -2e-05)
(0.00089 4e-05 -2e-05)
(0.0009 4e-05 -2e-05)
(0.00091 4e-05 -2e-05)
(0.00092 4e-05 -2e-05)
(0.00093 4e-05 -2e-05)
(0.00094 4e-05 -2e-05)
(0.00095 4e-05 -2e-05)
(0.00096 4e-05 -2e-05)
(0.00097 4e-05 -2e-05)
(0.00098 4e-05 -2e-05)
(0.00099 4e-05 -2e-05)
(0.001 4e-05 -2e-05)
(0.00101 4e-05 -2e-05)
(0.00102 4e-05 -2e-05)
(0.00103 4e-05 -2e-05)
(0.00104 4e-05 -2e-05)
(0.00105 4e-05 -2e-05)
(0.00106 4e-05 -2e-05)
(0.00107 4e-05 -2e-05)
(0.00108 4e-05 -2e-05)
(0.00109 4e-05 -2e-05)
(0.0011 4e-05 -2e-05)
(0.00111 4e-05 -2e-05)
(0.00112 4e-05 -2e-05)
(0.00113 4e-05 -2e-05)
(0.00114 4e-05 -2e-05)
(0.00115 4e-05 -2e-05)
(0.00116 4e-05 -2e-05)
(0.00117 4e-05 -2e-05)
(0.00118 4e-05 -2e-05)
(0.00119 4e-05 -2e-05)
(0.0012 4e-05 -2e-05)
(0.00121 4e-05 -2e-05)
(0.00122 4e-05 -2e-05)
(0.00123 4e-05 -2e-05)
(0.00124 4e-05 -2e-05)
(0.00125 4e-05 -2e-05)
(0.00126 4e-05 -2e-05)
(0.00127 4e-05 -2e-05)
(0.00128 4e-05 -2e-05)
(0.00129 4e-05 -2e-05)
(0.0013 4e-05 -2e-05)
(0.00131 4e-05 -2e-05)
(0.00132 4e-05 -2e-05)
(0.00133 4e-05 -2e-05)
(0.00134 4e-05 -2e-05)
(0.00135 4e-05 -2e-05)
(0.00136 4e-05 -2e-05)
(0.00137 4e-05 -2e-05)
(0.00138 4e-05 -2e-05)
(0.00139 4e-05 -2e-05)
(0.0014 4e-05 -2e-05)
(0.00141 4e-05 -2e-05)
(0.00142 4e-05 -2e-05)
(0.00143 4e-05 -2e-05)
(0.00144 4e-05 -2e-05)
(0.00145 4e-05 -2e-05)
(0.00146 4e-05 -2e-05)
(0.00147 4e-05 -2e-05)
(0.00148 4e-05 -2e-05)
(0.00149 4e-05 -2e-05)
(0.0015 4e-05 -2e-05)
(6e-05 5e-05 -2e-05)
(7e-05 5e-05 -2e-05)
(8e-05 5e-05 -2e-05)
(9e-05 5e-05 -2e-05)
(0.0001 5e-05 -2e-05)
(0.00011 5e-05 -2e-05)
(0.00012 5e-05 -2e-05)
(0.00013 5e-05 -2e-05)
(0.00014 5e-05 -2e-05)
(0.00015 5e-05 -2e-05)
(0.00016 5e-05 -2e-05)
(0.00017 5e-05 -2e-05)
(0.00018 5e-05 -2e-05)
(0.00019 5e-05 -2e-05)
(0.0002 5e-05 -2e-05)
(0.00021 5e-05 -2e-05)
(0.00022 5e-05 -2e-05)
(0.00023 5e-05 -2e-05)
(0.00024 5e-05 -2e-05)
(0.00025 5e-05 -2e-05)
(0.00026 5e-05 -2e-05)
(0.00027 5e-05 -2e-05)
(0.00028 5e-05 -2e-05)
(0.00029 5e-05 -2e-05)
(0.0003 5e-05 -2e-05)
(0.00031 5e-05 -2e-05)
(0.00032 5e-05 -2e-05)
(0.00033 5e-05 -2e-05)
(0.00034 5e-05 -2e-05)
(0.00035 5e-05 -2e-05)
(0.00036 5e-05 -2e-05)
(0.00037 5e-05 -2e-05)
(0.00038 5e-05 -2e-05)
(0.00039 5e-05 -2e-05)
(0.0004 5e-05 -2e-05)
(0.00041 5e-05 -2e-05)
(0.00042 5e-05 -2e-05)
(0.00043 5e-05 -2e-05)
(0.00044 5e-05 -2e-05)
(0.00045 5e-05 -2e-05)
(0.00046 5e-05 -2e-05)
(0.00047 5e-05 -2e-05)
(0.00048 5e-05 -2e-05)
(0.00049 5e-05 -2e-05)
(0.0005 5e-05 -2e-05)
(0.00051 5e-05 -2e-05)
(0.00052 5e-05 -2e-05)
(0.00053 5e-05 -2e-05)
(0.00054 5e-05 -2e-05)
(0.00055 5e-05 -2e-05)
(0.00056 5e-05 -2e-05)
(0.00057 5e-05 -2e-05)
(0.00058 5e-05 -2e-05)
(0.00059 5e-05 -2e-05)
(0.0006 5e-05 -2e-05)
(0.00061 5e-05 -2e-05)
(0.00062 5e-05 -2e-05)
(0.00063 5e-05 -2e-05)
(0.00064 5e-05 -2e-05)
(0.00065 5e-05 -2e-05)
(0.00066 5e-05 -2e-05)
(0.00067 5e-05 -2e-05)
(0.00068 5e-05 -2e-05)
(0.00069 5e-05 -2e-05)
(0.0007 5e-05 -2e-05)
(0.00071 5e-05 -2e-05)
(0.00072 5e-05 -2e-05)
(0.00073 5e-05 -2e-05)
(0.00074 5e-05 -2e-05)
(0.00075 5e-05 -2e-05)
(0.00076 5e-05 -2e-05)
(0.00077 5e-05 -2e-05)
(0.00078 5e-05 -2e-05)
(0.00079 5e-05 -2e-05)
(0.0008 5e-05 -2e-05)
(0.00081 5e-05 -2e-05)
(0.00082 5e-05 -2e-05)
(0.00083 5e-05 -2e-05)
(0.00084 5e-05 -2e-05)
(0.00085 5e-05 -2e-05)
(0.00086 5e-05 -2e-05)
(0.00087 5e-05 -2e-05)
(0.00088 5e-05 -2e-05)
(0.00089 5e-05 -2e-05)
(0.0009 5e-05 -2e-05)
(0.00091 5e-05 -2e-05)
(0.00092 5e-05 -2e-05)
(0.00093 5e-05 -2e-05)
(0.00094 5e-05 -2e-05)
(0.00095 5e-05 -2e-05)
(0.00096 5e-05 -2e-05)
(0.00097 5e-05 -2e-05)
(0.00098 5e-05 -2e-05)
(0.00099 5e-05 -2e-05)
(0.001 5e-05 -2e-05)
(0.00101 5e-05 -2e-05)
(0.00102 5e-05 -2e-05)
(0.00103 5e-05 -2e-05)
(0.00104 5e-05 -2e-05)
(0.00105 5e-05 -2e-05)
(0.00106 5e-05 -2e-05)
(0.00107 5e-05 -2e-05)
(0.00108 5e-05 -2e-05)
(0.00109 5e-05 -2e-05)
(0.0011 5e-05 -2e-05)
(0.00111 5e-05 -2e-05)
(0.00112 5e-05 -2e-05)
(0.00113 5e-05 -2e-05)
(0.00114 5e-05 -2e-05)
(0.00115 5e-05 -2e-05)
(0.00116 5e-05 -2e-05)
(0.00117 5e-05 -2e-05)
(0.00118 5e-05 -2e-05)
(0.00119 5e-05 -2e-05)
(0.0012 5e-05 -2e-05)
(0.00121 5e-05 -2e-05)
(0.00122 5e-05 -2e-05)
(0.00123 5e-05 -2e-05)
(0.00124 5e-05 -2e-05)
(0.00125 5e-05 -2e-05)
(0.00126 5e-05 -2e-05)
(0.00127 5e-05 -2e-05)
(0.00128 5e-05 -2e-05)
(0.00129 5e-05 -2e-05)
(0.0013 5e-05 -2e-05)
(0.00131 5e-05 -2e-05)
(0.00132 5e-05 -2e-05)
(0.00133 5e-05 -2e-05)
(0.00134 5e-05 -2e-05)
(0.00135 5e-05 -2e-05)
(0.00136 5e-05 -2e-05)
(0.00137 5e-05 -2e-05)
(0.00138 5e-05 -2e-05)
(0.00139 5e-05 -2e-05)
(0.0014 5e-05 -2e-05)
(0.00141 5e-05 -2e-05)
(0.00142 5e-05 -2e-05)
(0.00143 5e-05 -2e-05)
(0.00144 5e-05 -2e-05)
(0.00145 5e-05 -2e-05)
(0.00146 5e-05 -2e-05)
(0.00147 5e-05 -2e-05)
(0.00148 5e-05 -2e-05)
(0.00149 5e-05 -2e-05)
(0.0015 5e-05 -2e-05)
(6e-05 -5e-05 -1e-05)
(7e-05 -5e-05 -1e-05)
(8e-05 -5e-05 -1e-05)
(9e-05 -5e-05 -1e-05)
(0.0001 -5e-05 -1e-05)
(0.00011 -5e-05 -1e-05)
(0.00012 -5e-05 -1e-05)
(0.00013 -5e-05 -1e-05)
(0.00014 -5e-05 -1e-05)
(0.00015 -5e-05 -1e-05)
(0.00016 -5e-05 -1e-05)
(0.00017 -5e-05 -1e-05)
(0.00018 -5e-05 -1e-05)
(0.00019 -5e-05 -1e-05)
(0.0002 -5e-05 -1e-05)
(0.00021 -5e-05 -1e-05)
(0.00022 -5e-05 -1e-05)
(0.00023 -5e-05 -1e-05)
(0.00024 -5e-05 -1e-05)
(0.00025 -5e-05 -1e-05)
(0.00026 -5e-05 -1e-05)
(0.00027 -5e-05 -1e-05)
(0.00028 -5e-05 -1e-05)
(0.00029 -5e-05 -1e-05)
(0.0003 -5e-05 -1e-05)
(0.00031 -5e-05 -1e-05)
(0.00032 -5e-05 -1e-05)
(0.00033 -5e-05 -1e-05)
(0.00034 -5e-05 -1e-05)
(0.00035 -5e-05 -1e-05)
(0.00036 -5e-05 -1e-05)
(0.00037 -5e-05 -1e-05)
(0.00038 -5e-05 -1e-05)
(0.00039 -5e-05 -1e-05)
(0.0004 -5e-05 -1e-05)
(0.00041 -5e-05 -1e-05)
(0.00042 -5e-05 -1e-05)
(0.00043 -5e-05 -1e-05)
(0.00044 -5e-05 -1e-05)
(0.00045 -5e-05 -1e-05)
(0.00046 -5e-05 -1e-05)
(0.00047 -5e-05 -1e-05)
(0.00048 -5e-05 -1e-05)
(0.00049 -5e-05 -1e-05)
(0.0005 -5e-05 -1e-05)
(0.00051 -5e-05 -1e-05)
(0.00052 -5e-05 -1e-05)
(0.00053 -5e-05 -1e-05)
(0.00054 -5e-05 -1e-05)
(0.00055 -5e-05 -1e-05)
(0.00056 -5e-05 -1e-05)
(0.00057 -5e-05 -1e-05)
(0.00058 -5e-05 -1e-05)
(0.00059 -5e-05 -1e-05)
(0.0006 -5e-05 -1e-05)
(0.00061 -5e-05 -1e-05)
(0.00062 -5e-05 -1e-05)
(0.00063 -5e-05 -1e-05)
(0.00064 -5e-05 -1e-05)
(0.00065 -5e-05 -1e-05)
(0.00066 -5e-05 -1e-05)
(0.00067 -5e-05 -1e-05)
(0.00068 -5e-05 -1e-05)
(0.00069 -5e-05 -1e-05)
(0.0007 -5e-05 -1e-05)
(0.00071 -5e-05 -1e-05)
(0.00072 -5e-05 -1e-05)
(0.00073 -5e-05 -1e-05)
(0.00074 -5e-05 -1e-05)
(0.00075 -5e-05 -1e-05)
(0.00076 -5e-05 -1e-05)
(0.00077 -5e-05 -1e-05)
(0.00078 -5e-05 -1e-05)
(0.00079 -5e-05 -1e-05)
(0.0008 -5e-05 -1e-05)
(0.00081 -5e-05 -1e-05)
(0.00082 -5e-05 -1e-05)
(0.00083 -5e-05 -1e-05)
(0.00084 -5e-05 -1e-05)
(0.00085 -5e-05 -1e-05)
(0.00086 -5e-05 -1e-05)
(0.00087 -5e-05 -1e-05)
(0.00088 -5e-05 -1e-05)
(0.00089 -5e-05 -1e-05)
(0.0009 -5e-05 -1e-05)
(0.00091 -5e-05 -1e-05)
(0.00092 -5e-05 -1e-05)
(0.00093 -5e-05 -1e-05)
(0.00094 -5e-05 -1e-05)
(0.00095 -5e-05 -1e-05)
(0.00096 -5e-05 -1e-05)
(0.00097 -5e-05 -1e-05)
(0.00098 -5e-05 -1e-05)
(0.00099 -5e-05 -1e-05)
(0.001 -5e-05 -1e-05)
(0.00101 -5e-05 -1e-05)
(0.00102 -5e-05 -1e-05)
(0.00103 -5e-05 -1e-05)
(0.00104 -5e-05 -1e-05)
(0.00105 -5e-05 -1e-05)
(0.00106 -5e-05 -1e-05)
(0.00107 -5e-05 -1e-05)
(0.00108 -5e-05 -1e-05)
(0.00109 -5e-05 -1e-05)
(0.0011 -5e-05 -1e-05)
(0.00111 -5e-05 -1e-05)
(0.00112 -5e-05 -1e-05)
(0.00113 -5e-05 -1e-05)
(0.00114 -5e-05 -1e-05)
(0.00115 -5e-05 -1e-05)
(0.00116 -5e-05 -1e-05)
(0.00117 -5e-05 -1e-05)
(0.00118 -5e-05 -1e-05)
(0.00119 -5e-05 -1e-05)
(0.0012 -5e-05 -1e-05)
(0.00121 -5e-05 -1e-05)
(0.00122 -5e-05 -1e-05)
(0.00123 -5e-05 -1e-05)
(0.00124 -5e-05 -1e-05)
(0.00125 -5e-05 -1e-05)
(0.00126 -5e-05 -1e-05)
(0.00127 -5e-05 -1e-05)
(0.00128 -5e-05 -1e-05)
(0.00129 -5e-05 -1e-05)
(0.0013 -5e-05 -1e-05)
(0.00131 -5e-05 -1e-05)
(0.00132 -5e-05 -1e-05)
(0.00133 -5e-05 -1e-05)
(0.00134 -5e-05 -1e-05)
(0.00135 -5e-05 -1e-05)
(0.00136 -5e-05 -1e-05)
(0.00137 -5e-05 -1e-05)
(0.00138 -5e-05 -1e-05)
(0.00139 -5e-05 -1e-05)
(0.0014 -5e-05 -1e-05)
(0.00141 -5e-05 -1e-05)
(0.00142 -5e-05 -1e-05)
(0.00143 -5e-05 -1e-05)
(0.00144 -5e-05 -1e-05)
(0.00145 -5e-05 -1e-05)
(0.00146 -5e-05 -1e-05)
(0.00147 -5e-05 -1e-05)
(0.00148 -5e-05 -1e-05)
(0.00149 -5e-05 -1e-05)
(0.0015 -5e-05 -1e-05)
(6e-05 -4e-05 -1e-05)
(7e-05 -4e-05 -1e-05)
(8e-05 -4e-05 -1e-05)
(9e-05 -4e-05 -1e-05)
(0.0001 -4e-05 -1e-05)
(0.00011 -4e-05 -1e-05)
(0.00012 -4e-05 -1e-05)
(0.00013 -4e-05 -1e-05)
(0.00014 -4e-05 -1e-05)
(0.00015 -4e-05 -1e-05)
(0.00016 -4e-05 -1e-05)
(0.00017 -4e-05 -1e-05)
(0.00018 -4e-05 -1e-05)
(0.00019 -4e-05 -1e-05)
(0.0002 -4e-05 -1e-05)
(0.00021 -4e-05 -1e-05)
(0.00022 -4e-05 -1e-05)
(0.00023 -4e-05 -1e-05)
(0.00024 -4e-05 -1e-05)
(0.00025 -4e-05 -1e-05)
(0.00026 -4e-05 -1e-05)
(0.00027 -4e-05 -1e-05)
(0.00028 -4e-05 -1e-05)
(0.00029 -4e-05 -1e-05)
(0.0003 -4e-05 -1e-05)
(0.00031 -4e-05 -1e-05)
(0.00032 -4e-05 -1e-05)
(0.00033 -4e-05 -1e-05)
(0.00034 -4e-05 -1e-05)
(0.00035 -4e-05 -1e-05)
(0.00036 -4e-05 -1e-05)
(0.00037 -4e-05 -1e-05)
(0.00038 -4e-05 -1e-05)
(0.00039 -4e-05 -1e-05)
(0.0004 -4e-05 -1e-05)
(0.00041 -4e-05 -1e-05)
(0.00042 -4e-05 -1e-05)
(0.00043 -4e-05 -1e-05)
(0.00044 -4e-05 -1e-05)
(0.00045 -4e-05 -1e-05)
(0.00046 -4e-05 -1e-05)
(0.00047 -4e-05 -1e-05)
(0.00048 -4e-05 -1e-05)
(0.00049 -4e-05 -1e-05)
(0.0005 -4e-05 -1e-05)
(0.00051 -4e-05 -1e-05)
(0.00052 -4e-05 -1e-05)
(0.00053 -4e-05 -1e-05)
(0.00054 -4e-05 -1e-05)
(0.00055 -4e-05 -1e-05)
(0.00056 -4e-05 -1e-05)
(0.00057 -4e-05 -1e-05)
(0.00058 -4e-05 -1e-05)
(0.00059 -4e-05 -1e-05)
(0.0006 -4e-05 -1e-05)
(0.00061 -4e-05 -1e-05)
(0.00062 -4e-05 -1e-05)
(0.00063 -4e-05 -1e-05)
(0.00064 -4e-05 -1e-05)
(0.00065 -4e-05 -1e-05)
(0.00066 -4e-05 -1e-05)
(0.00067 -4e-05 -1e-05)
(0.00068 -4e-05 -1e-05)
(0.00069 -4e-05 -1e-05)
(0.0007 -4e-05 -1e-05)
(0.00071 -4e-05 -1e-05)
(0.00072 -4e-05 -1e-05)
(0.00073 -4e-05 -1e-05)
(0.00074 -4e-05 -1e-05)
(0.00075 -4e-05 -1e-05)
(0.00076 -4e-05 -1e-05)
(0.00077 -4e-05 -1e-05)
(0.00078 -4e-05 -1e-05)
(0.00079 -4e-05 -1e-05)
(0.0008 -4e-05 -1e-05)
(0.00081 -4e-05 -1e-05)
(0.00082 -4e-05 -1e-05)
(0.00083 -4e-05 -1e-05)
(0.00084 -4e-05 -1e-05)
(0.00085 -4e-05 -1e-05)
(0.00086 -4e-05 -1e-05)
(0.00087 -4e-05 -1e-05)
(0.00088 -4e-05 -1e-05)
(0.00089 -4e-05 -1e-05)
(0.0009 -4e-05 -1e-05)
(0.00091 -4e-05 -1e-05)
(0.00092 -4e-05 -1e-05)
(0.00093 -4e-05 -1e-05)
(0.00094 -4e-05 -1e-05)
(0.00095 -4e-05 -1e-05)
(0.00096 -4e-05 -1e-05)
(0.00097 -4e-05 -1e-05)
(0.00098 -4e-05 -1e-05)
(0.00099 -4e-05 -1e-05)
(0.001 -4e-05 -1e-05)
(0.00101 -4e-05 -1e-05)
(0.00102 -4e-05 -1e-05)
(0.00103 -4e-05 -1e-05)
(0.00104 -4e-05 -1e-05)
(0.00105 -4e-05 -1e-05)
(0.00106 -4e-05 -1e-05)
(0.00107 -4e-05 -1e-05)
(0.00108 -4e-05 -1e-05)
(0.00109 -4e-05 -1e-05)
(0.0011 -4e-05 -1e-05)
(0.00111 -4e-05 -1e-05)
(0.00112 -4e-05 -1e-05)
(0.00113 -4e-05 -1e-05)
(0.00114 -4e-05 -1e-05)
(0.00115 -4e-05 -1e-05)
(0.00116 -4e-05 -1e-05)
(0.00117 -4e-05 -1e-05)
(0.00118 -4e-05 -1e-05)
(0.00119 -4e-05 -1e-05)
(0.0012 -4e-05 -1e-05)
(0.00121 -4e-05 -1e-05)
(0.00122 -4e-05 -1e-05)
(0.00123 -4e-05 -1e-05)
(0.00124 -4e-05 -1e-05)
(0.00125 -4e-05 -1e-05)
(0.00126 -4e-05 -1e-05)
(0.00127 -4e-05 -1e-05)
(0.00128 -4e-05 -1e-05)
(0.00129 -4e-05 -1e-05)
(0.0013 -4e-05 -1e-05)
(0.00131 -4e-05 -1e-05)
(0.00132 -4e-05 -1e-05)
(0.00133 -4e-05 -1e-05)
(0.00134 -4e-05 -1e-05)
(0.00135 -4e-05 -1e-05)
(0.00136 -4e-05 -1e-05)
(0.00137 -4e-05 -1e-05)
(0.00138 -4e-05 -1e-05)
(0.00139 -4e-05 -1e-05)
(0.0014 -4e-05 -1e-05)
(0.00141 -4e-05 -1e-05)
(0.00142 -4e-05 -1e-05)
(0.00143 -4e-05 -1e-05)
(0.00144 -4e-05 -1e-05)
(0.00145 -4e-05 -1e-05)
(0.00146 -4e-05 -1e-05)
(0.00147 -4e-05 -1e-05)
(0.00148 -4e-05 -1e-05)
(0.00149 -4e-05 -1e-05)
(0.0015 -4e-05 -1e-05)
(6e-05 -3e-05 -1e-05)
(7e-05 -3e-05 -1e-05)
(8e-05 -3e-05 -1e-05)
(9e-05 -3e-05 -1e-05)
(0.0001 -3e-05 -1e-05)
(0.00011 -3e-05 -1e-05)
(0.00012 -3e-05 -1e-05)
(0.00013 -3e-05 -1e-05)
(0.00014 -3e-05 -1e-05)
(0.00015 -3e-05 -1e-05)
(0.00016 -3e-05 -1e-05)
(0.00017 -3e-05 -1e-05)
(0.00018 -3e-05 -1e-05)
(0.00019 -3e-05 -1e-05)
(0.0002 -3e-05 -1e-05)
(0.00021 -3e-05 -1e-05)
(0.00022 -3e-05 -1e-05)
(0.00023 -3e-05 -1e-05)
(0.00024 -3e-05 -1e-05)
(0.00025 -3e-05 -1e-05)
(0.00026 -3e-05 -1e-05)
(0.00027 -3e-05 -1e-05)
(0.00028 -3e-05 -1e-05)
(0.00029 -3e-05 -1e-05)
(0.0003 -3e-05 -1e-05)
(0.00031 -3e-05 -1e-05)
(0.00032 -3e-05 -1e-05)
(0.00033 -3e-05 -1e-05)
(0.00034 -3e-05 -1e-05)
(0.00035 -3e-05 -1e-05)
(0.00036 -3e-05 -1e-05)
(0.00037 -3e-05 -1e-05)
(0.00038 -3e-05 -1e-05)
(0.00039 -3e-05 -1e-05)
(0.0004 -3e-05 -1e-05)
(0.00041 -3e-05 -1e-05)
(0.00042 -3e-05 -1e-05)
(0.00043 -3e-05 -1e-05)
(0.00044 -3e-05 -1e-05)
(0.00045 -3e-05 -1e-05)
(0.00046 -3e-05 -1e-05)
(0.00047 -3e-05 -1e-05)
(0.00048 -3e-05 -1e-05)
(0.00049 -3e-05 -1e-05)
(0.0005 -3e-05 -1e-05)
(0.00051 -3e-05 -1e-05)
(0.00052 -3e-05 -1e-05)
(0.00053 -3e-05 -1e-05)
(0.00054 -3e-05 -1e-05)
(0.00055 -3e-05 -1e-05)
(0.00056 -3e-05 -1e-05)
(0.00057 -3e-05 -1e-05)
(0.00058 -3e-05 -1e-05)
(0.00059 -3e-05 -1e-05)
(0.0006 -3e-05 -1e-05)
(0.00061 -3e-05 -1e-05)
(0.00062 -3e-05 -1e-05)
(0.00063 -3e-05 -1e-05)
(0.00064 -3e-05 -1e-05)
(0.00065 -3e-05 -1e-05)
(0.00066 -3e-05 -1e-05)
(0.00067 -3e-05 -1e-05)
(0.00068 -3e-05 -1e-05)
(0.00069 -3e-05 -1e-05)
(0.0007 -3e-05 -1e-05)
(0.00071 -3e-05 -1e-05)
(0.00072 -3e-05 -1e-05)
(0.00073 -3e-05 -1e-05)
(0.00074 -3e-05 -1e-05)
(0.00075 -3e-05 -1e-05)
(0.00076 -3e-05 -1e-05)
(0.00077 -3e-05 -1e-05)
(0.00078 -3e-05 -1e-05)
(0.00079 -3e-05 -1e-05)
(0.0008 -3e-05 -1e-05)
(0.00081 -3e-05 -1e-05)
(0.00082 -3e-05 -1e-05)
(0.00083 -3e-05 -1e-05)
(0.00084 -3e-05 -1e-05)
(0.00085 -3e-05 -1e-05)
(0.00086 -3e-05 -1e-05)
(0.00087 -3e-05 -1e-05)
(0.00088 -3e-05 -1e-05)
(0.00089 -3e-05 -1e-05)
(0.0009 -3e-05 -1e-05)
(0.00091 -3e-05 -1e-05)
(0.00092 -3e-05 -1e-05)
(0.00093 -3e-05 -1e-05)
(0.00094 -3e-05 -1e-05)
(0.00095 -3e-05 -1e-05)
(0.00096 -3e-05 -1e-05)
(0.00097 -3e-05 -1e-05)
(0.00098 -3e-05 -1e-05)
(0.00099 -3e-05 -1e-05)
(0.001 -3e-05 -1e-05)
(0.00101 -3e-05 -1e-05)
(0.00102 -3e-05 -1e-05)
(0.00103 -3e-05 -1e-05)
(0.00104 -3e-05 -1e-05)
(0.00105 -3e-05 -1e-05)
(0.00106 -3e-05 -1e-05)
(0.00107 -3e-05 -1e-05)
(0.00108 -3e-05 -1e-05)
(0.00109 -3e-05 -1e-05)
(0.0011 -3e-05 -1e-05)
(0.00111 -3e-05 -1e-05)
(0.00112 -3e-05 -1e-05)
(0.00113 -3e-05 -1e-05)
(0.00114 -3e-05 -1e-05)
(0.00115 -3e-05 -1e-05)
(0.00116 -3e-05 -1e-05)
(0.00117 -3e-05 -1e-05)
(0.00118 -3e-05 -1e-05)
(0.00119 -3e-05 -1e-05)
(0.0012 -3e-05 -1e-05)
(0.00121 -3e-05 -1e-05)
(0.00122 -3e-05 -1e-05)
(0.00123 -3e-05 -1e-05)
(0.00124 -3e-05 -1e-05)
(0.00125 -3e-05 -1e-05)
(0.00126 -3e-05 -1e-05)
(0.00127 -3e-05 -1e-05)
(0.00128 -3e-05 -1e-05)
(0.00129 -3e-05 -1e-05)
(0.0013 -3e-05 -1e-05)
(0.00131 -3e-05 -1e-05)
(0.00132 -3e-05 -1e-05)
(0.00133 -3e-05 -1e-05)
(0.00134 -3e-05 -1e-05)
(0.00135 -3e-05 -1e-05)
(0.00136 -3e-05 -1e-05)
(0.00137 -3e-05 -1e-05)
(0.00138 -3e-05 -1e-05)
(0.00139 -3e-05 -1e-05)
(0.0014 -3e-05 -1e-05)
(0.00141 -3e-05 -1e-05)
(0.00142 -3e-05 -1e-05)
(0.00143 -3e-05 -1e-05)
(0.00144 -3e-05 -1e-05)
(0.00145 -3e-05 -1e-05)
(0.00146 -3e-05 -1e-05)
(0.00147 -3e-05 -1e-05)
(0.00148 -3e-05 -1e-05)
(0.00149 -3e-05 -1e-05)
(0.0015 -3e-05 -1e-05)
(6e-05 -2e-05 -1e-05)
(7e-05 -2e-05 -1e-05)
(8e-05 -2e-05 -1e-05)
(9e-05 -2e-05 -1e-05)
(0.0001 -2e-05 -1e-05)
(0.00011 -2e-05 -1e-05)
(0.00012 -2e-05 -1e-05)
(0.00013 -2e-05 -1e-05)
(0.00014 -2e-05 -1e-05)
(0.00015 -2e-05 -1e-05)
(0.00016 -2e-05 -1e-05)
(0.00017 -2e-05 -1e-05)
(0.00018 -2e-05 -1e-05)
(0.00019 -2e-05 -1e-05)
(0.0002 -2e-05 -1e-05)
(0.00021 -2e-05 -1e-05)
(0.00022 -2e-05 -1e-05)
(0.00023 -2e-05 -1e-05)
(0.00024 -2e-05 -1e-05)
(0.00025 -2e-05 -1e-05)
(0.00026 -2e-05 -1e-05)
(0.00027 -2e-05 -1e-05)
(0.00028 -2e-05 -1e-05)
(0.00029 -2e-05 -1e-05)
(0.0003 -2e-05 -1e-05)
(0.00031 -2e-05 -1e-05)
(0.00032 -2e-05 -1e-05)
(0.00033 -2e-05 -1e-05)
(0.00034 -2e-05 -1e-05)
(0.00035 -2e-05 -1e-05)
(0.00036 -2e-05 -1e-05)
(0.00037 -2e-05 -1e-05)
(0.00038 -2e-05 -1e-05)
(0.00039 -2e-05 -1e-05)
(0.0004 -2e-05 -1e-05)
(0.00041 -2e-05 -1e-05)
(0.00042 -2e-05 -1e-05)
(0.00043 -2e-05 -1e-05)
(0.00044 -2e-05 -1e-05)
(0.00045 -2e-05 -1e-05)
(0.00046 -2e-05 -1e-05)
(0.00047 -2e-05 -1e-05)
(0.00048 -2e-05 -1e-05)
(0.00049 -2e-05 -1e-05)
(0.0005 -2e-05 -1e-05)
(0.00051 -2e-05 -1e-05)
(0.00052 -2e-05 -1e-05)
(0.00053 -2e-05 -1e-05)
(0.00054 -2e-05 -1e-05)
(0.00055 -2e-05 -1e-05)
(0.00056 -2e-05 -1e-05)
(0.00057 -2e-05 -1e-05)
(0.00058 -2e-05 -1e-05)
(0.00059 -2e-05 -1e-05)
(0.0006 -2e-05 -1e-05)
(0.00061 -2e-05 -1e-05)
(0.00062 -2e-05 -1e-05)
(0.00063 -2e-05 -1e-05)
(0.00064 -2e-05 -1e-05)
(0.00065 -2e-05 -1e-05)
(0.00066 -2e-05 -1e-05)
(0.00067 -2e-05 -1e-05)
(0.00068 -2e-05 -1e-05)
(0.00069 -2e-05 -1e-05)
(0.0007 -2e-05 -1e-05)
(0.00071 -2e-05 -1e-05)
(0.00072 -2e-05 -1e-05)
(0.00073 -2e-05 -1e-05)
(0.00074 -2e-05 -1e-05)
(0.00075 -2e-05 -1e-05)
(0.00076 -2e-05 -1e-05)
(0.00077 -2e-05 -1e-05)
(0.00078 -2e-05 -1e-05)
(0.00079 -2e-05 -1e-05)
(0.0008 -2e-05 -1e-05)
(0.00081 -2e-05 -1e-05)
(0.00082 -2e-05 -1e-05)
(0.00083 -2e-05 -1e-05)
(0.00084 -2e-05 -1e-05)
(0.00085 -2e-05 -1e-05)
(0.00086 -2e-05 -1e-05)
(0.00087 -2e-05 -1e-05)
(0.00088 -2e-05 -1e-05)
(0.00089 -2e-05 -1e-05)
(0.0009 -2e-05 -1e-05)
(0.00091 -2e-05 -1e-05)
(0.00092 -2e-05 -1e-05)
(0.00093 -2e-05 -1e-05)
(0.00094 -2e-05 -1e-05)
(0.00095 -2e-05 -1e-05)
(0.00096 -2e-05 -1e-05)
(0.00097 -2e-05 -1e-05)
(0.00098 -2e-05 -1e-05)
(0.00099 -2e-05 -1e-05)
(0.001 -2e-05 -1e-05)
(0.00101 -2e-05 -1e-05)
(0.00102 -2e-05 -1e-05)
(0.00103 -2e-05 -1e-05)
(0.00104 -2e-05 -1e-05)
(0.00105 -2e-05 -1e-05)
(0.00106 -2e-05 -1e-05)
(0.00107 -2e-05 -1e-05)
(0.00108 -2e-05 -1e-05)
(0.00109 -2e-05 -1e-05)
(0.0011 -2e-05 -1e-05)
(0.00111 -2e-05 -1e-05)
(0.00112 -2e-05 -1e-05)
(0.00113 -2e-05 -1e-05)
(0.00114 -2e-05 -1e-05)
(0.00115 -2e-05 -1e-05)
(0.00116 -2e-05 -1e-05)
(0.00117 -2e-05 -1e-05)
(0.00118 -2e-05 -1e-05)
(0.00119 -2e-05 -1e-05)
(0.0012 -2e-05 -1e-05)
(0.00121 -2e-05 -1e-05)
(0.00122 -2e-05 -1e-05)
(0.00123 -2e-05 -1e-05)
(0.00124 -2e-05 -1e-05)
(0.00125 -2e-05 -1e-05)
(0.00126 -2e-05 -1e-05)
(0.00127 -2e-05 -1e-05)
(0.00128 -2e-05 -1e-05)
(0.00129 -2e-05 -1e-05)
(0.0013 -2e-05 -1e-05)
(0.00131 -2e-05 -1e-05)
(0.00132 -2e-05 -1e-05)
(0.00133 -2e-05 -1e-05)
(0.00134 -2e-05 -1e-05)
(0.00135 -2e-05 -1e-05)
(0.00136 -2e-05 -1e-05)
(0.00137 -2e-05 -1e-05)
(0.00138 -2e-05 -1e-05)
(0.00139 -2e-05 -1e-05)
(0.0014 -2e-05 -1e-05)
(0.00141 -2e-05 -1e-05)
(0.00142 -2e-05 -1e-05)
(0.00143 -2e-05 -1e-05)
(0.00144 -2e-05 -1e-05)
(0.00145 -2e-05 -1e-05)
(0.00146 -2e-05 -1e-05)
(0.00147 -2e-05 -1e-05)
(0.00148 -2e-05 -1e-05)
(0.00149 -2e-05 -1e-05)
(0.0015 -2e-05 -1e-05)
(6e-05 -1e-05 -1e-05)
(7e-05 -1e-05 -1e-05)
(8e-05 -1e-05 -1e-05)
(9e-05 -1e-05 -1e-05)
(0.0001 -1e-05 -1e-05)
(0.00011 -1e-05 -1e-05)
(0.00012 -1e-05 -1e-05)
(0.00013 -1e-05 -1e-05)
(0.00014 -1e-05 -1e-05)
(0.00015 -1e-05 -1e-05)
(0.00016 -1e-05 -1e-05)
(0.00017 -1e-05 -1e-05)
(0.00018 -1e-05 -1e-05)
(0.00019 -1e-05 -1e-05)
(0.0002 -1e-05 -1e-05)
(0.00021 -1e-05 -1e-05)
(0.00022 -1e-05 -1e-05)
(0.00023 -1e-05 -1e-05)
(0.00024 -1e-05 -1e-05)
(0.00025 -1e-05 -1e-05)
(0.00026 -1e-05 -1e-05)
(0.00027 -1e-05 -1e-05)
(0.00028 -1e-05 -1e-05)
(0.00029 -1e-05 -1e-05)
(0.0003 -1e-05 -1e-05)
(0.00031 -1e-05 -1e-05)
(0.00032 -1e-05 -1e-05)
(0.00033 -1e-05 -1e-05)
(0.00034 -1e-05 -1e-05)
(0.00035 -1e-05 -1e-05)
(0.00036 -1e-05 -1e-05)
(0.00037 -1e-05 -1e-05)
(0.00038 -1e-05 -1e-05)
(0.00039 -1e-05 -1e-05)
(0.0004 -1e-05 -1e-05)
(0.00041 -1e-05 -1e-05)
(0.00042 -1e-05 -1e-05)
(0.00043 -1e-05 -1e-05)
(0.00044 -1e-05 -1e-05)
(0.00045 -1e-05 -1e-05)
(0.00046 -1e-05 -1e-05)
(0.00047 -1e-05 -1e-05)
(0.00048 -1e-05 -1e-05)
(0.00049 -1e-05 -1e-05)
(0.0005 -1e-05 -1e-05)
(0.00051 -1e-05 -1e-05)
(0.00052 -1e-05 -1e-05)
(0.00053 -1e-05 -1e-05)
(0.00054 -1e-05 -1e-05)
(0.00055 -1e-05 -1e-05)
(0.00056 -1e-05 -1e-05)
(0.00057 -1e-05 -1e-05)
(0.00058 -1e-05 -1e-05)
(0.00059 -1e-05 -1e-05)
(0.0006 -1e-05 -1e-05)
(0.00061 -1e-05 -1e-05)
(0.00062 -1e-05 -1e-05)
(0.00063 -1e-05 -1e-05)
(0.00064 -1e-05 -1e-05)
(0.00065 -1e-05 -1e-05)
(0.00066 -1e-05 -1e-05)
(0.00067 -1e-05 -1e-05)
(0.00068 -1e-05 -1e-05)
(0.00069 -1e-05 -1e-05)
(0.0007 -1e-05 -1e-05)
(0.00071 -1e-05 -1e-05)
(0.00072 -1e-05 -1e-05)
(0.00073 -1e-05 -1e-05)
(0.00074 -1e-05 -1e-05)
(0.00075 -1e-05 -1e-05)
(0.00076 -1e-05 -1e-05)
(0.00077 -1e-05 -1e-05)
(0.00078 -1e-05 -1e-05)
(0.00079 -1e-05 -1e-05)
(0.0008 -1e-05 -1e-05)
(0.00081 -1e-05 -1e-05)
(0.00082 -1e-05 -1e-05)
(0.00083 -1e-05 -1e-05)
(0.00084 -1e-05 -1e-05)
(0.00085 -1e-05 -1e-05)
(0.00086 -1e-05 -1e-05)
(0.00087 -1e-05 -1e-05)
(0.00088 -1e-05 -1e-05)
(0.00089 -1e-05 -1e-05)
(0.0009 -1e-05 -1e-05)
(0.00091 -1e-05 -1e-05)
(0.00092 -1e-05 -1e-05)
(0.00093 -1e-05 -1e-05)
(0.00094 -1e-05 -1e-05)
(0.00095 -1e-05 -1e-05)
(0.00096 -1e-05 -1e-05)
(0.00097 -1e-05 -1e-05)
(0.00098 -1e-05 -1e-05)
(0.00099 -1e-05 -1e-05)
(0.001 -1e-05 -1e-05)
(0.00101 -1e-05 -1e-05)
(0.00102 -1e-05 -1e-05)
(0.00103 -1e-05 -1e-05)
(0.00104 -1e-05 -1e-05)
(0.00105 -1e-05 -1e-05)
(0.00106 -1e-05 -1e-05)
(0.00107 -1e-05 -1e-05)
(0.00108 -1e-05 -1e-05)
(0.00109 -1e-05 -1e-05)
(0.0011 -1e-05 -1e-05)
(0.00111 -1e-05 -1e-05)
(0.00112 -1e-05 -1e-05)
(0.00113 -1e-05 -1e-05)
(0.00114 -1e-05 -1e-05)
(0.00115 -1e-05 -1e-05)
(0.00116 -1e-05 -1e-05)
(0.00117 -1e-05 -1e-05)
(0.00118 -1e-05 -1e-05)
(0.00119 -1e-05 -1e-05)
(0.0012 -1e-05 -1e-05)
(0.00121 -1e-05 -1e-05)
(0.00122 -1e-05 -1e-05)
(0.00123 -1e-05 -1e-05)
(0.00124 -1e-05 -1e-05)
(0.00125 -1e-05 -1e-05)
(0.00126 -1e-05 -1e-05)
(0.00127 -1e-05 -1e-05)
(0.00128 -1e-05 -1e-05)
(0.00129 -1e-05 -1e-05)
(0.0013 -1e-05 -1e-05)
(0.00131 -1e-05 -1e-05)
(0.00132 -1e-05 -1e-05)
(0.00133 -1e-05 -1e-05)
(0.00134 -1e-05 -1e-05)
(0.00135 -1e-05 -1e-05)
(0.00136 -1e-05 -1e-05)
(0.00137 -1e-05 -1e-05)
(0.00138 -1e-05 -1e-05)
(0.00139 -1e-05 -1e-05)
(0.0014 -1e-05 -1e-05)
(0.00141 -1e-05 -1e-05)
(0.00142 -1e-05 -1e-05)
(0.00143 -1e-05 -1e-05)
(0.00144 -1e-05 -1e-05)
(0.00145 -1e-05 -1e-05)
(0.00146 -1e-05 -1e-05)
(0.00147 -1e-05 -1e-05)
(0.00148 -1e-05 -1e-05)
(0.00149 -1e-05 -1e-05)
(0.0015 -1e-05 -1e-05)
(6e-05 0 -1e-05)
(7e-05 0 -1e-05)
(8e-05 0 -1e-05)
(9e-05 0 -1e-05)
(0.0001 1.129377263e-21 -1e-05)
(0.00011 0 -1e-05)
(0.00012 0 -1e-05)
(0.00013 0 -1e-05)
(0.00014 0 -1e-05)
(0.00015 0 -1e-05)
(0.00016 0 -1e-05)
(0.00017 0 -1e-05)
(0.00018 0 -1e-05)
(0.00019 0 -1e-05)
(0.0002 0 -1e-05)
(0.00021 0 -1e-05)
(0.00022 0 -1e-05)
(0.00023 0 -1e-05)
(0.00024 0 -1e-05)
(0.00025 0 -1e-05)
(0.00026 0 -1e-05)
(0.00027 0 -1e-05)
(0.00028 0 -1e-05)
(0.00029 0 -1e-05)
(0.0003 0 -1e-05)
(0.00031 0 -1e-05)
(0.00032 0 -1e-05)
(0.00033 0 -1e-05)
(0.00034 0 -1e-05)
(0.00035 0 -1e-05)
(0.00036 -1.129377263e-21 -1e-05)
(0.00037 1.129377263e-21 -1e-05)
(0.00038 0 -1e-05)
(0.00039 1.129377263e-21 -1e-05)
(0.0004 0 -1e-05)
(0.00041 0 -1e-05)
(0.00042 0 -1e-05)
(0.00043 0 -1e-05)
(0.00044 0 -1e-05)
(0.00045 -1.129377263e-21 -1e-05)
(0.00046 1.129377263e-21 -1e-05)
(0.00047 0 -1e-05)
(0.00048 0 -1e-05)
(0.00049 0 -1e-05)
(0.0005 0 -1e-05)
(0.00051 0 -1e-05)
(0.00052 0 -1e-05)
(0.00053 0 -1e-05)
(0.00054 -1.129377263e-21 -1e-05)
(0.00055 1.129377263e-21 -1e-05)
(0.00056 0 -1e-05)
(0.00057 1.129377263e-21 -1e-05)
(0.00058 0 -1e-05)
(0.00059 0 -1e-05)
(0.0006 0 -1e-05)
(0.00061 0 -1e-05)
(0.00062 0 -1e-05)
(0.00063 0 -1e-05)
(0.00064 -5.646886315e-22 -1e-05)
(0.00065 -5.646886315e-22 -1e-05)
(0.00066 0 -1e-05)
(0.00067 -5.646886315e-22 -1e-05)
(0.00068 0 -1e-05)
(0.00069 0 -1e-05)
(0.0007 0 -1e-05)
(0.00071 0 -1e-05)
(0.00072 5.646886315e-22 -1e-05)
(0.00073 -5.646886315e-22 -1e-05)
(0.00074 5.646886315e-22 -1e-05)
(0.00075 0 -1e-05)
(0.00076 0 -1e-05)
(0.00077 0 -1e-05)
(0.00078 0 -1e-05)
(0.00079 0 -1e-05)
(0.0008 0 -1e-05)
(0.00081 0 -1e-05)
(0.00082 0 -1e-05)
(0.00083 0 -1e-05)
(0.00084 0 -1e-05)
(0.00085 0 -1e-05)
(0.00086 0 -1e-05)
(0.00087 0 -1e-05)
(0.00088 0 -1e-05)
(0.00089 0 -1e-05)
(0.0009 0 -1e-05)
(0.00091 0 -1e-05)
(0.00092 0 -1e-05)
(0.00093 0 -1e-05)
(0.00094 0 -1e-05)
(0.00095 0 -1e-05)
(0.00096 5.646886315e-22 -1e-05)
(0.00097 5.646886315e-22 -1e-05)
(0.00098 0 -1e-05)
(0.00099 0 -1e-05)
(0.001 5.646886315e-22 -1e-05)
(0.00101 -5.646886315e-22 -1e-05)
(0.00102 -5.646886315e-22 -1e-05)
(0.00103 0 -1e-05)
(0.00104 0 -1e-05)
(0.00105 5.646886315e-22 -1e-05)
(0.00106 2.823443158e-22 -1e-05)
(0.00107 0 -1e-05)
(0.00108 -2.823443158e-22 -1e-05)
(0.00109 5.646886315e-22 -1e-05)
(0.0011 -5.646886315e-22 -1e-05)
(0.00111 2.823443158e-22 -1e-05)
(0.00112 0 -1e-05)
(0.00113 -2.823443158e-22 -1e-05)
(0.00114 2.823443158e-22 -1e-05)
(0.00115 2.823443158e-22 -1e-05)
(0.00116 0 -1e-05)
(0.00117 -2.823443158e-22 -1e-05)
(0.00118 5.646886315e-22 -1e-05)
(0.00119 2.823443158e-22 -1e-05)
(0.0012 0 -1e-05)
(0.00121 -2.823443158e-22 -1e-05)
(0.00122 -5.646886315e-22 -1e-05)
(0.00123 2.823443158e-22 -1e-05)
(0.00124 0 -1e-05)
(0.00125 -2.823443158e-22 -1e-05)
(0.00126 -2.823443158e-22 -1e-05)
(0.00127 5.646886315e-22 -1e-05)
(0.00128 2.823443158e-22 -1e-05)
(0.00129 0 -1e-05)
(0.0013 -4.235164736e-22 -1e-05)
(0.00131 4.235164736e-22 -1e-05)
(0.00132 1.411721579e-22 -1e-05)
(0.00133 0 -1e-05)
(0.00134 -2.823443158e-22 -1e-05)
(0.00135 5.646886315e-22 -1e-05)
(0.00136 4.235164736e-22 -1e-05)
(0.00137 1.411721579e-22 -1e-05)
(0.00138 -2.823443158e-22 -1e-05)
(0.00139 5.646886315e-22 -1e-05)
(0.0014 3.529303947e-22 -1e-05)
(0.00141 2.117582368e-22 -1e-05)
(0.00142 -1.411721579e-22 -1e-05)
(0.00143 -3.529303947e-22 -1e-05)
(0.00144 4.941025526e-22 -1e-05)
(0.00145 2.823443158e-22 -1e-05)
(0.00146 -1.764651973e-22 -1e-05)
(0.00147 -4.235164736e-22 -1e-05)
(0.00148 4.764560328e-22 -1e-05)
(0.00149 2.382280164e-22 -1e-05)
(0.0015 0 -1e-05)
(6e-05 1e-05 -1e-05)
(7e-05 1e-05 -1e-05)
(8e-05 1e-05 -1e-05)
(9e-05 1e-05 -1e-05)
(0.0001 1e-05 -1e-05)
(0.00011 1e-05 -1e-05)
(0.00012 1e-05 -1e-05)
(0.00013 1e-05 -1e-05)
(0.00014 1e-05 -1e-05)
(0.00015 1e-05 -1e-05)
(0.00016 1e-05 -1e-05)
(0.00017 1e-05 -1e-05)
(0.00018 1e-05 -1e-05)
(0.00019 1e-05 -1e-05)
(0.0002 1e-05 -1e-05)
(0.00021 1e-05 -1e-05)
(0.00022 1e-05 -1e-05)
(0.00023 1e-05 -1e-05)
(0.00024 1e-05 -1e-05)
(0.00025 1e-05 -1e-05)
(0.00026 1e-05 -1e-05)
(0.00027 1e-05 -1e-05)
(0.00028 1e-05 -1e-05)
(0.00029 1e-05 -1e-05)
(0.0003 1e-05 -1e-05)
(0.00031 1e-05 -1e-05)
(0.00032 1e-05 -1e-05)
(0.00033 1e-05 -1e-05)
(0.00034 1e-05 -1e-05)
(0.00035 1e-05 -1e-05)
(0.00036 1e-05 -1e-05)
(0.00037 1e-05 -1e-05)
(0.00038 1e-05 -1e-05)
(0.00039 1e-05 -1e-05)
(0.0004 1e-05 -1e-05)
(0.00041 1e-05 -1e-05)
(0.00042 1e-05 -1e-05)
(0.00043 1e-05 -1e-05)
(0.00044 1e-05 -1e-05)
(0.00045 1e-05 -1e-05)
(0.00046 1e-05 -1e-05)
(0.00047 1e-05 -1e-05)
(0.00048 1e-05 -1e-05)
(0.00049 1e-05 -1e-05)
(0.0005 1e-05 -1e-05)
(0.00051 1e-05 -1e-05)
(0.00052 1e-05 -1e-05)
(0.00053 1e-05 -1e-05)
(0.00054 1e-05 -1e-05)
(0.00055 1e-05 -1e-05)
(0.00056 1e-05 -1e-05)
(0.00057 1e-05 -1e-05)
(0.00058 1e-05 -1e-05)
(0.00059 1e-05 -1e-05)
(0.0006 1e-05 -1e-05)
(0.00061 1e-05 -1e-05)
(0.00062 1e-05 -1e-05)
(0.00063 1e-05 -1e-05)
(0.00064 1e-05 -1e-05)
(0.00065 1e-05 -1e-05)
(0.00066 1e-05 -1e-05)
(0.00067 1e-05 -1e-05)
(0.00068 1e-05 -1e-05)
(0.00069 1e-05 -1e-05)
(0.0007 1e-05 -1e-05)
(0.00071 1e-05 -1e-05)
(0.00072 1e-05 -1e-05)
(0.00073 1e-05 -1e-05)
(0.00074 1e-05 -1e-05)
(0.00075 1e-05 -1e-05)
(0.00076 1e-05 -1e-05)
(0.00077 1e-05 -1e-05)
(0.00078 1e-05 -1e-05)
(0.00079 1e-05 -1e-05)
(0.0008 1e-05 -1e-05)
(0.00081 1e-05 -1e-05)
(0.00082 1e-05 -1e-05)
(0.00083 1e-05 -1e-05)
(0.00084 1e-05 -1e-05)
(0.00085 1e-05 -1e-05)
(0.00086 1e-05 -1e-05)
(0.00087 1e-05 -1e-05)
(0.00088 1e-05 -1e-05)
(0.00089 1e-05 -1e-05)
(0.0009 1e-05 -1e-05)
(0.00091 1e-05 -1e-05)
(0.00092 1e-05 -1e-05)
(0.00093 1e-05 -1e-05)
(0.00094 1e-05 -1e-05)
(0.00095 1e-05 -1e-05)
(0.00096 1e-05 -1e-05)
(0.00097 1e-05 -1e-05)
(0.00098 1e-05 -1e-05)
(0.00099 1e-05 -1e-05)
(0.001 1e-05 -1e-05)
(0.00101 1e-05 -1e-05)
(0.00102 1e-05 -1e-05)
(0.00103 1e-05 -1e-05)
(0.00104 1e-05 -1e-05)
(0.00105 1e-05 -1e-05)
(0.00106 1e-05 -1e-05)
(0.00107 1e-05 -1e-05)
(0.00108 1e-05 -1e-05)
(0.00109 1e-05 -1e-05)
(0.0011 1e-05 -1e-05)
(0.00111 1e-05 -1e-05)
(0.00112 1e-05 -1e-05)
(0.00113 1e-05 -1e-05)
(0.00114 1e-05 -1e-05)
(0.00115 1e-05 -1e-05)
(0.00116 1e-05 -1e-05)
(0.00117 1e-05 -1e-05)
(0.00118 1e-05 -1e-05)
(0.00119 1e-05 -1e-05)
(0.0012 1e-05 -1e-05)
(0.00121 1e-05 -1e-05)
(0.00122 1e-05 -1e-05)
(0.00123 1e-05 -1e-05)
(0.00124 1e-05 -1e-05)
(0.00125 1e-05 -1e-05)
(0.00126 1e-05 -1e-05)
(0.00127 1e-05 -1e-05)
(0.00128 1e-05 -1e-05)
(0.00129 1e-05 -1e-05)
(0.0013 1e-05 -1e-05)
(0.00131 1e-05 -1e-05)
(0.00132 1e-05 -1e-05)
(0.00133 1e-05 -1e-05)
(0.00134 1e-05 -1e-05)
(0.00135 1e-05 -1e-05)
(0.00136 1e-05 -1e-05)
(0.00137 1e-05 -1e-05)
(0.00138 1e-05 -1e-05)
(0.00139 1e-05 -1e-05)
(0.0014 1e-05 -1e-05)
(0.00141 1e-05 -1e-05)
(0.00142 1e-05 -1e-05)
(0.00143 1e-05 -1e-05)
(0.00144 1e-05 -1e-05)
(0.00145 1e-05 -1e-05)
(0.00146 1e-05 -1e-05)
(0.00147 1e-05 -1e-05)
(0.00148 1e-05 -1e-05)
(0.00149 1e-05 -1e-05)
(0.0015 1e-05 -1e-05)
(6e-05 2e-05 -1e-05)
(7e-05 2e-05 -1e-05)
(8e-05 2e-05 -1e-05)
(9e-05 2e-05 -1e-05)
(0.0001 2e-05 -1e-05)
(0.00011 2e-05 -1e-05)
(0.00012 2e-05 -1e-05)
(0.00013 2e-05 -1e-05)
(0.00014 2e-05 -1e-05)
(0.00015 2e-05 -1e-05)
(0.00016 2e-05 -1e-05)
(0.00017 2e-05 -1e-05)
(0.00018 2e-05 -1e-05)
(0.00019 2e-05 -1e-05)
(0.0002 2e-05 -1e-05)
(0.00021 2e-05 -1e-05)
(0.00022 2e-05 -1e-05)
(0.00023 2e-05 -1e-05)
(0.00024 2e-05 -1e-05)
(0.00025 2e-05 -1e-05)
(0.00026 2e-05 -1e-05)
(0.00027 2e-05 -1e-05)
(0.00028 2e-05 -1e-05)
(0.00029 2e-05 -1e-05)
(0.0003 2e-05 -1e-05)
(0.00031 2e-05 -1e-05)
(0.00032 2e-05 -1e-05)
(0.00033 2e-05 -1e-05)
(0.00034 2e-05 -1e-05)
(0.00035 2e-05 -1e-05)
(0.00036 2e-05 -1e-05)
(0.00037 2e-05 -1e-05)
(0.00038 2e-05 -1e-05)
(0.00039 2e-05 -1e-05)
(0.0004 2e-05 -1e-05)
(0.00041 2e-05 -1e-05)
(0.00042 2e-05 -1e-05)
(0.00043 2e-05 -1e-05)
(0.00044 2e-05 -1e-05)
(0.00045 2e-05 -1e-05)
(0.00046 2e-05 -1e-05)
(0.00047 2e-05 -1e-05)
(0.00048 2e-05 -1e-05)
(0.00049 2e-05 -1e-05)
(0.0005 2e-05 -1e-05)
(0.00051 2e-05 -1e-05)
(0.00052 2e-05 -1e-05)
(0.00053 2e-05 -1e-05)
(0.00054 2e-05 -1e-05)
(0.00055 2e-05 -1e-05)
(0.00056 2e-05 -1e-05)
(0.00057 2e-05 -1e-05)
(0.00058 2e-05 -1e-05)
(0.00059 2e-05 -1e-05)
(0.0006 2e-05 -1e-05)
(0.00061 2e-05 -1e-05)
(0.00062 2e-05 -1e-05)
(0.00063 2e-05 -1e-05)
(0.00064 2e-05 -1e-05)
(0.00065 2e-05 -1e-05)
(0.00066 2e-05 -1e-05)
(0.00067 2e-05 -1e-05)
(0.00068 2e-05 -1e-05)
(0.00069 2e-05 -1e-05)
(0.0007 2e-05 -1e-05)
(0.00071 2e-05 -1e-05)
(0.00072 2e-05 -1e-05)
(0.00073 2e-05 -1e-05)
(0.00074 2e-05 -1e-05)
(0.00075 2e-05 -1e-05)
(0.00076 2e-05 -1e-05)
(0.00077 2e-05 -1e-05)
(0.00078 2e-05 -1e-05)
(0.00079 2e-05 -1e-05)
(0.0008 2e-05 -1e-05)
(0.00081 2e-05 -1e-05)
(0.00082 2e-05 -1e-05)
(0.00083 2e-05 -1e-05)
(0.00084 2e-05 -1e-05)
(0.00085 2e-05 -1e-05)
(0.00086 2e-05 -1e-05)
(0.00087 2e-05 -1e-05)
(0.00088 2e-05 -1e-05)
(0.00089 2e-05 -1e-05)
(0.0009 2e-05 -1e-05)
(0.00091 2e-05 -1e-05)
(0.00092 2e-05 -1e-05)
(0.00093 2e-05 -1e-05)
(0.00094 2e-05 -1e-05)
(0.00095 2e-05 -1e-05)
(0.00096 2e-05 -1e-05)
(0.00097 2e-05 -1e-05)
(0.00098 2e-05 -1e-05)
(0.00099 2e-05 -1e-05)
(0.001 2e-05 -1e-05)
(0.00101 2e-05 -1e-05)
(0.00102 2e-05 -1e-05)
(0.00103 2e-05 -1e-05)
(0.00104 2e-05 -1e-05)
(0.00105 2e-05 -1e-05)
(0.00106 2e-05 -1e-05)
(0.00107 2e-05 -1e-05)
(0.00108 2e-05 -1e-05)
(0.00109 2e-05 -1e-05)
(0.0011 2e-05 -1e-05)
(0.00111 2e-05 -1e-05)
(0.00112 2e-05 -1e-05)
(0.00113 2e-05 -1e-05)
(0.00114 2e-05 -1e-05)
(0.00115 2e-05 -1e-05)
(0.00116 2e-05 -1e-05)
(0.00117 2e-05 -1e-05)
(0.00118 2e-05 -1e-05)
(0.00119 2e-05 -1e-05)
(0.0012 2e-05 -1e-05)
(0.00121 2e-05 -1e-05)
(0.00122 2e-05 -1e-05)
(0.00123 2e-05 -1e-05)
(0.00124 2e-05 -1e-05)
(0.00125 2e-05 -1e-05)
(0.00126 2e-05 -1e-05)
(0.00127 2e-05 -1e-05)
(0.00128 2e-05 -1e-05)
(0.00129 2e-05 -1e-05)
(0.0013 2e-05 -1e-05)
(0.00131 2e-05 -1e-05)
(0.00132 2e-05 -1e-05)
(0.00133 2e-05 -1e-05)
(0.00134 2e-05 -1e-05)
(0.00135 2e-05 -1e-05)
(0.00136 2e-05 -1e-05)
(0.00137 2e-05 -1e-05)
(0.00138 2e-05 -1e-05)
(0.00139 2e-05 -1e-05)
(0.0014 2e-05 -1e-05)
(0.00141 2e-05 -1e-05)
(0.00142 2e-05 -1e-05)
(0.00143 2e-05 -1e-05)
(0.00144 2e-05 -1e-05)
(0.00145 2e-05 -1e-05)
(0.00146 2e-05 -1e-05)
(0.00147 2e-05 -1e-05)
(0.00148 2e-05 -1e-05)
(0.00149 2e-05 -1e-05)
(0.0015 2e-05 -1e-05)
(6e-05 3e-05 -1e-05)
(7e-05 3e-05 -1e-05)
(8e-05 3e-05 -1e-05)
(9e-05 3e-05 -1e-05)
(0.0001 3e-05 -1e-05)
(0.00011 3e-05 -1e-05)
(0.00012 3e-05 -1e-05)
(0.00013 3e-05 -1e-05)
(0.00014 3e-05 -1e-05)
(0.00015 3e-05 -1e-05)
(0.00016 3e-05 -1e-05)
(0.00017 3e-05 -1e-05)
(0.00018 3e-05 -1e-05)
(0.00019 3e-05 -1e-05)
(0.0002 3e-05 -1e-05)
(0.00021 3e-05 -1e-05)
(0.00022 3e-05 -1e-05)
(0.00023 3e-05 -1e-05)
(0.00024 3e-05 -1e-05)
(0.00025 3e-05 -1e-05)
(0.00026 3e-05 -1e-05)
(0.00027 3e-05 -1e-05)
(0.00028 3e-05 -1e-05)
(0.00029 3e-05 -1e-05)
(0.0003 3e-05 -1e-05)
(0.00031 3e-05 -1e-05)
(0.00032 3e-05 -1e-05)
(0.00033 3e-05 -1e-05)
(0.00034 3e-05 -1e-05)
(0.00035 3e-05 -1e-05)
(0.00036 3e-05 -1e-05)
(0.00037 3e-05 -1e-05)
(0.00038 3e-05 -1e-05)
(0.00039 3e-05 -1e-05)
(0.0004 3e-05 -1e-05)
(0.00041 3e-05 -1e-05)
(0.00042 3e-05 -1e-05)
(0.00043 3e-05 -1e-05)
(0.00044 3e-05 -1e-05)
(0.00045 3e-05 -1e-05)
(0.00046 3e-05 -1e-05)
(0.00047 3e-05 -1e-05)
(0.00048 3e-05 -1e-05)
(0.00049 3e-05 -1e-05)
(0.0005 3e-05 -1e-05)
(0.00051 3e-05 -1e-05)
(0.00052 3e-05 -1e-05)
(0.00053 3e-05 -1e-05)
(0.00054 3e-05 -1e-05)
(0.00055 3e-05 -1e-05)
(0.00056 3e-05 -1e-05)
(0.00057 3e-05 -1e-05)
(0.00058 3e-05 -1e-05)
(0.00059 3e-05 -1e-05)
(0.0006 3e-05 -1e-05)
(0.00061 3e-05 -1e-05)
(0.00062 3e-05 -1e-05)
(0.00063 3e-05 -1e-05)
(0.00064 3e-05 -1e-05)
(0.00065 3e-05 -1e-05)
(0.00066 3e-05 -1e-05)
(0.00067 3e-05 -1e-05)
(0.00068 3e-05 -1e-05)
(0.00069 3e-05 -1e-05)
(0.0007 3e-05 -1e-05)
(0.00071 3e-05 -1e-05)
(0.00072 3e-05 -1e-05)
(0.00073 3e-05 -1e-05)
(0.00074 3e-05 -1e-05)
(0.00075 3e-05 -1e-05)
(0.00076 3e-05 -1e-05)
(0.00077 3e-05 -1e-05)
(0.00078 3e-05 -1e-05)
(0.00079 3e-05 -1e-05)
(0.0008 3e-05 -1e-05)
(0.00081 3e-05 -1e-05)
(0.00082 3e-05 -1e-05)
(0.00083 3e-05 -1e-05)
(0.00084 3e-05 -1e-05)
(0.00085 3e-05 -1e-05)
(0.00086 3e-05 -1e-05)
(0.00087 3e-05 -1e-05)
(0.00088 3e-05 -1e-05)
(0.00089 3e-05 -1e-05)
(0.0009 3e-05 -1e-05)
(0.00091 3e-05 -1e-05)
(0.00092 3e-05 -1e-05)
(0.00093 3e-05 -1e-05)
(0.00094 3e-05 -1e-05)
(0.00095 3e-05 -1e-05)
(0.00096 3e-05 -1e-05)
(0.00097 3e-05 -1e-05)
(0.00098 3e-05 -1e-05)
(0.00099 3e-05 -1e-05)
(0.001 3e-05 -1e-05)
(0.00101 3e-05 -1e-05)
(0.00102 3e-05 -1e-05)
(0.00103 3e-05 -1e-05)
(0.00104 3e-05 -1e-05)
(0.00105 3e-05 -1e-05)
(0.00106 3e-05 -1e-05)
(0.00107 3e-05 -1e-05)
(0.00108 3e-05 -1e-05)
(0.00109 3e-05 -1e-05)
(0.0011 3e-05 -1e-05)
(0.00111 3e-05 -1e-05)
(0.00112 3e-05 -1e-05)
(0.00113 3e-05 -1e-05)
(0.00114 3e-05 -1e-05)
(0.00115 3e-05 -1e-05)
(0.00116 3e-05 -1e-05)
(0.00117 3e-05 -1e-05)
(0.00118 3e-05 -1e-05)
(0.00119 3e-05 -1e-05)
(0.0012 3e-05 -1e-05)
(0.00121 3e-05 -1e-05)
(0.00122 3e-05 -1e-05)
(0.00123 3e-05 -1e-05)
(0.00124 3e-05 -1e-05)
(0.00125 3e-05 -1e-05)
(0.00126 3e-05 -1e-05)
(0.00127 3e-05 -1e-05)
(0.00128 3e-05 -1e-05)
(0.00129 3e-05 -1e-05)
(0.0013 3e-05 -1e-05)
(0.00131 3e-05 -1e-05)
(0.00132 3e-05 -1e-05)
(0.00133 3e-05 -1e-05)
(0.00134 3e-05 -1e-05)
(0.00135 3e-05 -1e-05)
(0.00136 3e-05 -1e-05)
(0.00137 3e-05 -1e-05)
(0.00138 3e-05 -1e-05)
(0.00139 3e-05 -1e-05)
(0.0014 3e-05 -1e-05)
(0.00141 3e-05 -1e-05)
(0.00142 3e-05 -1e-05)
(0.00143 3e-05 -1e-05)
(0.00144 3e-05 -1e-05)
(0.00145 3e-05 -1e-05)
(0.00146 3e-05 -1e-05)
(0.00147 3e-05 -1e-05)
(0.00148 3e-05 -1e-05)
(0.00149 3e-05 -1e-05)
(0.0015 3e-05 -1e-05)
(6e-05 4e-05 -1e-05)
(7e-05 4e-05 -1e-05)
(8e-05 4e-05 -1e-05)
(9e-05 4e-05 -1e-05)
(0.0001 4e-05 -1e-05)
(0.00011 4e-05 -1e-05)
(0.00012 4e-05 -1e-05)
(0.00013 4e-05 -1e-05)
(0.00014 4e-05 -1e-05)
(0.00015 4e-05 -1e-05)
(0.00016 4e-05 -1e-05)
(0.00017 4e-05 -1e-05)
(0.00018 4e-05 -1e-05)
(0.00019 4e-05 -1e-05)
(0.0002 4e-05 -1e-05)
(0.00021 4e-05 -1e-05)
(0.00022 4e-05 -1e-05)
(0.00023 4e-05 -1e-05)
(0.00024 4e-05 -1e-05)
(0.00025 4e-05 -1e-05)
(0.00026 4e-05 -1e-05)
(0.00027 4e-05 -1e-05)
(0.00028 4e-05 -1e-05)
(0.00029 4e-05 -1e-05)
(0.0003 4e-05 -1e-05)
(0.00031 4e-05 -1e-05)
(0.00032 4e-05 -1e-05)
(0.00033 4e-05 -1e-05)
(0.00034 4e-05 -1e-05)
(0.00035 4e-05 -1e-05)
(0.00036 4e-05 -1e-05)
(0.00037 4e-05 -1e-05)
(0.00038 4e-05 -1e-05)
(0.00039 4e-05 -1e-05)
(0.0004 4e-05 -1e-05)
(0.00041 4e-05 -1e-05)
(0.00042 4e-05 -1e-05)
(0.00043 4e-05 -1e-05)
(0.00044 4e-05 -1e-05)
(0.00045 4e-05 -1e-05)
(0.00046 4e-05 -1e-05)
(0.00047 4e-05 -1e-05)
(0.00048 4e-05 -1e-05)
(0.00049 4e-05 -1e-05)
(0.0005 4e-05 -1e-05)
(0.00051 4e-05 -1e-05)
(0.00052 4e-05 -1e-05)
(0.00053 4e-05 -1e-05)
(0.00054 4e-05 -1e-05)
(0.00055 4e-05 -1e-05)
(0.00056 4e-05 -1e-05)
(0.00057 4e-05 -1e-05)
(0.00058 4e-05 -1e-05)
(0.00059 4e-05 -1e-05)
(0.0006 4e-05 -1e-05)
(0.00061 4e-05 -1e-05)
(0.00062 4e-05 -1e-05)
(0.00063 4e-05 -1e-05)
(0.00064 4e-05 -1e-05)
(0.00065 4e-05 -1e-05)
(0.00066 4e-05 -1e-05)
(0.00067 4e-05 -1e-05)
(0.00068 4e-05 -1e-05)
(0.00069 4e-05 -1e-05)
(0.0007 4e-05 -1e-05)
(0.00071 4e-05 -1e-05)
(0.00072 4e-05 -1e-05)
(0.00073 4e-05 -1e-05)
(0.00074 4e-05 -1e-05)
(0.00075 4e-05 -1e-05)
(0.00076 4e-05 -1e-05)
(0.00077 4e-05 -1e-05)
(0.00078 4e-05 -1e-05)
(0.00079 4e-05 -1e-05)
(0.0008 4e-05 -1e-05)
(0.00081 4e-05 -1e-05)
(0.00082 4e-05 -1e-05)
(0.00083 4e-05 -1e-05)
(0.00084 4e-05 -1e-05)
(0.00085 4e-05 -1e-05)
(0.00086 4e-05 -1e-05)
(0.00087 4e-05 -1e-05)
(0.00088 4e-05 -1e-05)
(0.00089 4e-05 -1e-05)
(0.0009 4e-05 -1e-05)
(0.00091 4e-05 -1e-05)
(0.00092 4e-05 -1e-05)
(0.00093 4e-05 -1e-05)
(0.00094 4e-05 -1e-05)
(0.00095 4e-05 -1e-05)
(0.00096 4e-05 -1e-05)
(0.00097 4e-05 -1e-05)
(0.00098 4e-05 -1e-05)
(0.00099 4e-05 -1e-05)
(0.001 4e-05 -1e-05)
(0.00101 4e-05 -1e-05)
(0.00102 4e-05 -1e-05)
(0.00103 4e-05 -1e-05)
(0.00104 4e-05 -1e-05)
(0.00105 4e-05 -1e-05)
(0.00106 4e-05 -1e-05)
(0.00107 4e-05 -1e-05)
(0.00108 4e-05 -1e-05)
(0.00109 4e-05 -1e-05)
(0.0011 4e-05 -1e-05)
(0.00111 4e-05 -1e-05)
(0.00112 4e-05 -1e-05)
(0.00113 4e-05 -1e-05)
(0.00114 4e-05 -1e-05)
(0.00115 4e-05 -1e-05)
(0.00116 4e-05 -1e-05)
(0.00117 4e-05 -1e-05)
(0.00118 4e-05 -1e-05)
(0.00119 4e-05 -1e-05)
(0.0012 4e-05 -1e-05)
(0.00121 4e-05 -1e-05)
(0.00122 4e-05 -1e-05)
(0.00123 4e-05 -1e-05)
(0.00124 4e-05 -1e-05)
(0.00125 4e-05 -1e-05)
(0.00126 4e-05 -1e-05)
(0.00127 4e-05 -1e-05)
(0.00128 4e-05 -1e-05)
(0.00129 4e-05 -1e-05)
(0.0013 4e-05 -1e-05)
(0.00131 4e-05 -1e-05)
(0.00132 4e-05 -1e-05)
(0.00133 4e-05 -1e-05)
(0.00134 4e-05 -1e-05)
(0.00135 4e-05 -1e-05)
(0.00136 4e-05 -1e-05)
(0.00137 4e-05 -1e-05)
(0.00138 4e-05 -1e-05)
(0.00139 4e-05 -1e-05)
(0.0014 4e-05 -1e-05)
(0.00141 4e-05 -1e-05)
(0.00142 4e-05 -1e-05)
(0.00143 4e-05 -1e-05)
(0.00144 4e-05 -1e-05)
(0.00145 4e-05 -1e-05)
(0.00146 4e-05 -1e-05)
(0.00147 4e-05 -1e-05)
(0.00148 4e-05 -1e-05)
(0.00149 4e-05 -1e-05)
(0.0015 4e-05 -1e-05)
(6e-05 5e-05 -1e-05)
(7e-05 5e-05 -1e-05)
(8e-05 5e-05 -1e-05)
(9e-05 5e-05 -1e-05)
(0.0001 5e-05 -1e-05)
(0.00011 5e-05 -1e-05)
(0.00012 5e-05 -1e-05)
(0.00013 5e-05 -1e-05)
(0.00014 5e-05 -1e-05)
(0.00015 5e-05 -1e-05)
(0.00016 5e-05 -1e-05)
(0.00017 5e-05 -1e-05)
(0.00018 5e-05 -1e-05)
(0.00019 5e-05 -1e-05)
(0.0002 5e-05 -1e-05)
(0.00021 5e-05 -1e-05)
(0.00022 5e-05 -1e-05)
(0.00023 5e-05 -1e-05)
(0.00024 5e-05 -1e-05)
(0.00025 5e-05 -1e-05)
(0.00026 5e-05 -1e-05)
(0.00027 5e-05 -1e-05)
(0.00028 5e-05 -1e-05)
(0.00029 5e-05 -1e-05)
(0.0003 5e-05 -1e-05)
(0.00031 5e-05 -1e-05)
(0.00032 5e-05 -1e-05)
(0.00033 5e-05 -1e-05)
(0.00034 5e-05 -1e-05)
(0.00035 5e-05 -1e-05)
(0.00036 5e-05 -1e-05)
(0.00037 5e-05 -1e-05)
(0.00038 5e-05 -1e-05)
(0.00039 5e-05 -1e-05)
(0.0004 5e-05 -1e-05)
(0.00041 5e-05 -1e-05)
(0.00042 5e-05 -1e-05)
(0.00043 5e-05 -1e-05)
(0.00044 5e-05 -1e-05)
(0.00045 5e-05 -1e-05)
(0.00046 5e-05 -1e-05)
(0.00047 5e-05 -1e-05)
(0.00048 5e-05 -1e-05)
(0.00049 5e-05 -1e-05)
(0.0005 5e-05 -1e-05)
(0.00051 5e-05 -1e-05)
(0.00052 5e-05 -1e-05)
(0.00053 5e-05 -1e-05)
(0.00054 5e-05 -1e-05)
(0.00055 5e-05 -1e-05)
(0.00056 5e-05 -1e-05)
(0.00057 5e-05 -1e-05)
(0.00058 5e-05 -1e-05)
(0.00059 5e-05 -1e-05)
(0.0006 5e-05 -1e-05)
(0.00061 5e-05 -1e-05)
(0.00062 5e-05 -1e-05)
(0.00063 5e-05 -1e-05)
(0.00064 5e-05 -1e-05)
(0.00065 5e-05 -1e-05)
(0.00066 5e-05 -1e-05)
(0.00067 5e-05 -1e-05)
(0.00068 5e-05 -1e-05)
(0.00069 5e-05 -1e-05)
(0.0007 5e-05 -1e-05)
(0.00071 5e-05 -1e-05)
(0.00072 5e-05 -1e-05)
(0.00073 5e-05 -1e-05)
(0.00074 5e-05 -1e-05)
(0.00075 5e-05 -1e-05)
(0.00076 5e-05 -1e-05)
(0.00077 5e-05 -1e-05)
(0.00078 5e-05 -1e-05)
(0.00079 5e-05 -1e-05)
(0.0008 5e-05 -1e-05)
(0.00081 5e-05 -1e-05)
(0.00082 5e-05 -1e-05)
(0.00083 5e-05 -1e-05)
(0.00084 5e-05 -1e-05)
(0.00085 5e-05 -1e-05)
(0.00086 5e-05 -1e-05)
(0.00087 5e-05 -1e-05)
(0.00088 5e-05 -1e-05)
(0.00089 5e-05 -1e-05)
(0.0009 5e-05 -1e-05)
(0.00091 5e-05 -1e-05)
(0.00092 5e-05 -1e-05)
(0.00093 5e-05 -1e-05)
(0.00094 5e-05 -1e-05)
(0.00095 5e-05 -1e-05)
(0.00096 5e-05 -1e-05)
(0.00097 5e-05 -1e-05)
(0.00098 5e-05 -1e-05)
(0.00099 5e-05 -1e-05)
(0.001 5e-05 -1e-05)
(0.00101 5e-05 -1e-05)
(0.00102 5e-05 -1e-05)
(0.00103 5e-05 -1e-05)
(0.00104 5e-05 -1e-05)
(0.00105 5e-05 -1e-05)
(0.00106 5e-05 -1e-05)
(0.00107 5e-05 -1e-05)
(0.00108 5e-05 -1e-05)
(0.00109 5e-05 -1e-05)
(0.0011 5e-05 -1e-05)
(0.00111 5e-05 -1e-05)
(0.00112 5e-05 -1e-05)
(0.00113 5e-05 -1e-05)
(0.00114 5e-05 -1e-05)
(0.00115 5e-05 -1e-05)
(0.00116 5e-05 -1e-05)
(0.00117 5e-05 -1e-05)
(0.00118 5e-05 -1e-05)
(0.00119 5e-05 -1e-05)
(0.0012 5e-05 -1e-05)
(0.00121 5e-05 -1e-05)
(0.00122 5e-05 -1e-05)
(0.00123 5e-05 -1e-05)
(0.00124 5e-05 -1e-05)
(0.00125 5e-05 -1e-05)
(0.00126 5e-05 -1e-05)
(0.00127 5e-05 -1e-05)
(0.00128 5e-05 -1e-05)
(0.00129 5e-05 -1e-05)
(0.0013 5e-05 -1e-05)
(0.00131 5e-05 -1e-05)
(0.00132 5e-05 -1e-05)
(0.00133 5e-05 -1e-05)
(0.00134 5e-05 -1e-05)
(0.00135 5e-05 -1e-05)
(0.00136 5e-05 -1e-05)
(0.00137 5e-05 -1e-05)
(0.00138 5e-05 -1e-05)
(0.00139 5e-05 -1e-05)
(0.0014 5e-05 -1e-05)
(0.00141 5e-05 -1e-05)
(0.00142 5e-05 -1e-05)
(0.00143 5e-05 -1e-05)
(0.00144 5e-05 -1e-05)
(0.00145 5e-05 -1e-05)
(0.00146 5e-05 -1e-05)
(0.00147 5e-05 -1e-05)
(0.00148 5e-05 -1e-05)
(0.00149 5e-05 -1e-05)
(0.0015 5e-05 -1e-05)
(6e-05 -5e-05 0)
(7e-05 -5e-05 0)
(8e-05 -5e-05 0)
(9e-05 -5e-05 0)
(0.0001 -5e-05 0)
(0.00011 -5e-05 0)
(0.00012 -5e-05 0)
(0.00013 -5e-05 0)
(0.00014 -5e-05 0)
(0.00015 -5e-05 0)
(0.00016 -5e-05 0)
(0.00017 -5e-05 0)
(0.00018 -5e-05 0)
(0.00019 -5e-05 0)
(0.0002 -5e-05 0)
(0.00021 -5e-05 0)
(0.00022 -5e-05 0)
(0.00023 -5e-05 0)
(0.00024 -5e-05 0)
(0.00025 -5e-05 0)
(0.00026 -5e-05 0)
(0.00027 -5e-05 0)
(0.00028 -5e-05 0)
(0.00029 -5e-05 0)
(0.0003 -5e-05 0)
(0.00031 -5e-05 0)
(0.00032 -5e-05 0)
(0.00033 -5e-05 0)
(0.00034 -5e-05 0)
(0.00035 -5e-05 0)
(0.00036 -5e-05 -1.129377263e-21)
(0.00037 -5e-05 1.129377263e-21)
(0.00038 -5e-05 0)
(0.00039 -5e-05 0)
(0.0004 -5e-05 0)
(0.00041 -5e-05 0)
(0.00042 -5e-05 0)
(0.00043 -5e-05 0)
(0.00044 -5e-05 0)
(0.00045 -5e-05 -1.129377263e-21)
(0.00046 -5e-05 1.129377263e-21)
(0.00047 -5e-05 0)
(0.00048 -5e-05 0)
(0.00049 -5e-05 0)
(0.0005 -5e-05 0)
(0.00051 -5e-05 0)
(0.00052 -5e-05 0)
(0.00053 -5e-05 0)
(0.00054 -5e-05 -1.129377263e-21)
(0.00055 -5e-05 1.129377263e-21)
(0.00056 -5e-05 0)
(0.00057 -5e-05 1.129377263e-21)
(0.00058 -5e-05 0)
(0.00059 -5e-05 0)
(0.0006 -5e-05 0)
(0.00061 -5e-05 0)
(0.00062 -5e-05 0)
(0.00063 -5e-05 0)
(0.00064 -5e-05 -5.646886315e-22)
(0.00065 -5e-05 -5.646886315e-22)
(0.00066 -5e-05 -5.646886315e-22)
(0.00067 -5e-05 -5.646886315e-22)
(0.00068 -5e-05 0)
(0.00069 -5e-05 0)
(0.0007 -5e-05 0)
(0.00071 -5e-05 0)
(0.00072 -5e-05 5.646886315e-22)
(0.00073 -5e-05 5.646886315e-22)
(0.00074 -5e-05 5.646886315e-22)
(0.00075 -5e-05 5.646886315e-22)
(0.00076 -5e-05 0)
(0.00077 -5e-05 0)
(0.00078 -5e-05 0)
(0.00079 -5e-05 0)
(0.0008 -5e-05 0)
(0.00081 -5e-05 0)
(0.00082 -5e-05 0)
(0.00083 -5e-05 0)
(0.00084 -5e-05 0)
(0.00085 -5e-05 0)
(0.00086 -5e-05 0)
(0.00087 -5e-05 0)
(0.00088 -5e-05 0)
(0.00089 -5e-05 0)
(0.0009 -5e-05 0)
(0.00091 -5e-05 0)
(0.00092 -5e-05 0)
(0.00093 -5e-05 0)
(0.00094 -5e-05 0)
(0.00095 -5e-05 0)
(0.00096 -5e-05 5.646886315e-22)
(0.00097 -5e-05 5.646886315e-22)
(0.00098 -5e-05 0)
(0.00099 -5e-05 0)
(0.001 -5e-05 5.646886315e-22)
(0.00101 -5e-05 -5.646886315e-22)
(0.00102 -5e-05 -5.646886315e-22)
(0.00103 -5e-05 0)
(0.00104 -5e-05 0)
(0.00105 -5e-05 5.646886315e-22)
(0.00106 -5e-05 2.823443158e-22)
(0.00107 -5e-05 0)
(0.00108 -5e-05 -2.823443158e-22)
(0.00109 -5e-05 5.646886315e-22)
(0.0011 -5e-05 -5.646886315e-22)
(0.00111 -5e-05 2.823443158e-22)
(0.00112 -5e-05 0)
(0.00113 -5e-05 -2.823443158e-22)
(0.00114 -5e-05 2.823443158e-22)
(0.00115 -5e-05 2.823443158e-22)
(0.00116 -5e-05 0)
(0.00117 -5e-05 -2.823443158e-22)
(0.00118 -5e-05 5.646886315e-22)
(0.00119 -5e-05 2.823443158e-22)
(0.0012 -5e-05 0)
(0.00121 -5e-05 -2.823443158e-22)
(0.00122 -5e-05 -5.646886315e-22)
(0.00123 -5e-05 2.823443158e-22)
(0.00124 -5e-05 0)
(0.00125 -5e-05 -2.823443158e-22)
(0.00126 -5e-05 -2.823443158e-22)
(0.00127 -5e-05 -5.646886315e-22)
(0.00128 -5e-05 2.823443158e-22)
(0.00129 -5e-05 0)
(0.0013 -5e-05 -4.235164736e-22)
(0.00131 -5e-05 4.235164736e-22)
(0.00132 -5e-05 1.411721579e-22)
(0.00133 -5e-05 0)
(0.00134 -5e-05 -2.823443158e-22)
(0.00135 -5e-05 5.646886315e-22)
(0.00136 -5e-05 4.235164736e-22)
(0.00137 -5e-05 1.411721579e-22)
(0.00138 -5e-05 -2.823443158e-22)
(0.00139 -5e-05 5.646886315e-22)
(0.0014 -5e-05 3.529303947e-22)
(0.00141 -5e-05 7.058607894e-23)
(0.00142 -5e-05 -1.411721579e-22)
(0.00143 -5e-05 -3.529303947e-22)
(0.00144 -5e-05 4.941025526e-22)
(0.00145 -5e-05 2.823443158e-22)
(0.00146 -5e-05 -1.764651973e-22)
(0.00147 -5e-05 -4.235164736e-22)
(0.00148 -5e-05 4.764560328e-22)
(0.00149 -5e-05 2.382280164e-22)
(0.0015 -5e-05 0)
(6e-05 -4e-05 0)
(7e-05 -4e-05 0)
(8e-05 -4e-05 0)
(9e-05 -4e-05 0)
(0.0001 -4e-05 0)
(0.00011 -4e-05 0)
(0.00012 -4e-05 0)
(0.00013 -4e-05 0)
(0.00014 -4e-05 0)
(0.00015 -4e-05 0)
(0.00016 -4e-05 0)
(0.00017 -4e-05 0)
(0.00018 -4e-05 0)
(0.00019 -4e-05 0)
(0.0002 -4e-05 0)
(0.00021 -4e-05 0)
(0.00022 -4e-05 0)
(0.00023 -4e-05 0)
(0.00024 -4e-05 0)
(0.00025 -4e-05 0)
(0.00026 -4e-05 0)
(0.00027 -4e-05 0)
(0.00028 -4e-05 0)
(0.00029 -4e-05 0)
(0.0003 -4e-05 0)
(0.00031 -4e-05 0)
(0.00032 -4e-05 0)
(0.00033 -4e-05 0)
(0.00034 -4e-05 0)
(0.00035 -4e-05 0)
(0.00036 -4e-05 -1.129377263e-21)
(0.00037 -4e-05 1.129377263e-21)
(0.00038 -4e-05 0)
(0.00039 -4e-05 0)
(0.0004 -4e-05 0)
(0.00041 -4e-05 0)
(0.00042 -4e-05 0)
(0.00043 -4e-05 0)
(0.00044 -4e-05 0)
(0.00045 -4e-05 -1.129377263e-21)
(0.00046 -4e-05 0)
(0.00047 -4e-05 0)
(0.00048 -4e-05 0)
(0.00049 -4e-05 -1.129377263e-21)
(0.0005 -4e-05 0)
(0.00051 -4e-05 0)
(0.00052 -4e-05 0)
(0.00053 -4e-05 0)
(0.00054 -4e-05 -1.129377263e-21)
(0.00055 -4e-05 1.129377263e-21)
(0.00056 -4e-05 0)
(0.00057 -4e-05 1.129377263e-21)
(0.00058 -4e-05 0)
(0.00059 -4e-05 0)
(0.0006 -4e-05 0)
(0.00061 -4e-05 0)
(0.00062 -4e-05 0)
(0.00063 -4e-05 0)
(0.00064 -4e-05 -5.646886315e-22)
(0.00065 -4e-05 0)
(0.00066 -4e-05 -5.646886315e-22)
(0.00067 -4e-05 -5.646886315e-22)
(0.00068 -4e-05 0)
(0.00069 -4e-05 0)
(0.0007 -4e-05 0)
(0.00071 -4e-05 0)
(0.00072 -4e-05 0)
(0.00073 -4e-05 5.646886315e-22)
(0.00074 -4e-05 5.646886315e-22)
(0.00075 -4e-05 5.646886315e-22)
(0.00076 -4e-05 0)
(0.00077 -4e-05 0)
(0.00078 -4e-05 0)
(0.00079 -4e-05 0)
(0.0008 -4e-05 0)
(0.00081 -4e-05 0)
(0.00082 -4e-05 0)
(0.00083 -4e-05 -5.646886315e-22)
(0.00084 -4e-05 0)
(0.00085 -4e-05 0)
(0.00086 -4e-05 0)
(0.00087 -4e-05 0)
(0.00088 -4e-05 -5.646886315e-22)
(0.00089 -4e-05 0)
(0.0009 -4e-05 -5.646886315e-22)
(0.00091 -4e-05 0)
(0.00092 -4e-05 0)
(0.00093 -4e-05 0)
(0.00094 -4e-05 0)
(0.00095 -4e-05 -5.646886315e-22)
(0.00096 -4e-05 5.646886315e-22)
(0.00097 -4e-05 -5.646886315e-22)
(0.00098 -4e-05 0)
(0.00099 -4e-05 0)
(0.001 -4e-05 5.646886315e-22)
(0.00101 -4e-05 -5.646886315e-22)
(0.00102 -4e-05 -5.646886315e-22)
(0.00103 -4e-05 0)
(0.00104 -4e-05 0)
(0.00105 -4e-05 5.646886315e-22)
(0.00106 -4e-05 2.823443158e-22)
(0.00107 -4e-05 0)
(0.00108 -4e-05 -2.823443158e-22)
(0.00109 -4e-05 0)
(0.0011 -4e-05 -5.646886315e-22)
(0.00111 -4e-05 2.823443158e-22)
(0.00112 -4e-05 0)
(0.00113 -4e-05 -2.823443158e-22)
(0.00114 -4e-05 -5.646886315e-22)
(0.00115 -4e-05 2.823443158e-22)
(0.00116 -4e-05 0)
(0.00117 -4e-05 -2.823443158e-22)
(0.00118 -4e-05 5.646886315e-22)
(0.00119 -4e-05 -5.646886315e-22)
(0.0012 -4e-05 0)
(0.00121 -4e-05 -2.823443158e-22)
(0.00122 -4e-05 -5.646886315e-22)
(0.00123 -4e-05 2.823443158e-22)
(0.00124 -4e-05 0)
(0.00125 -4e-05 -2.823443158e-22)
(0.00126 -4e-05 -2.823443158e-22)
(0.00127 -4e-05 -5.646886315e-22)
(0.00128 -4e-05 2.823443158e-22)
(0.00129 -4e-05 0)
(0.0013 -4e-05 -4.235164736e-22)
(0.00131 -4e-05 4.235164736e-22)
(0.00132 -4e-05 2.823443158e-22)
(0.00133 -4e-05 0)
(0.00134 -4e-05 -2.823443158e-22)
(0.00135 -4e-05 5.646886315e-22)
(0.00136 -4e-05 4.235164736e-22)
(0.00137 -4e-05 2.823443158e-22)
(0.00138 -4e-05 -2.823443158e-22)
(0.00139 -4e-05 5.646886315e-22)
(0.0014 -4e-05 3.529303947e-22)
(0.00141 -4e-05 1.411721579e-22)
(0.00142 -4e-05 -1.411721579e-22)
(0.00143 -4e-05 -3.529303947e-22)
(0.00144 -4e-05 4.941025526e-22)
(0.00145 -4e-05 2.823443158e-22)
(0.00146 -4e-05 -1.764651973e-22)
(0.00147 -4e-05 -4.235164736e-22)
(0.00148 -4e-05 4.764560328e-22)
(0.00149 -4e-05 2.382280164e-22)
(0.0015 -4e-05 0)
(6e-05 -3e-05 0)
(7e-05 -3e-05 0)
(8e-05 -3e-05 0)
(9e-05 -3e-05 0)
(0.0001 -3e-05 1.129377263e-21)
(0.00011 -3e-05 0)
(0.00012 -3e-05 0)
(0.00013 -3e-05 0)
(0.00014 -3e-05 0)
(0.00015 -3e-05 0)
(0.00016 -3e-05 0)
(0.00017 -3e-05 0)
(0.00018 -3e-05 0)
(0.00019 -3e-05 0)
(0.0002 -3e-05 0)
(0.00021 -3e-05 0)
(0.00022 -3e-05 0)
(0.00023 -3e-05 0)
(0.00024 -3e-05 0)
(0.00025 -3e-05 0)
(0.00026 -3e-05 0)
(0.00027 -3e-05 0)
(0.00028 -3e-05 0)
(0.00029 -3e-05 0)
(0.0003 -3e-05 0)
(0.00031 -3e-05 0)
(0.00032 -3e-05 0)
(0.00033 -3e-05 0)
(0.00034 -3e-05 0)
(0.00035 -3e-05 0)
(0.00036 -3e-05 0)
(0.00037 -3e-05 0)
(0.00038 -3e-05 0)
(0.00039 -3e-05 0)
(0.0004 -3e-05 0)
(0.00041 -3e-05 0)
(0.00042 -3e-05 0)
(0.00043 -3e-05 0)
(0.00044 -3e-05 0)
(0.00045 -3e-05 -1.129377263e-21)
(0.00046 -3e-05 1.129377263e-21)
(0.00047 -3e-05 0)
(0.00048 -3e-05 0)
(0.00049 -3e-05 0)
(0.0005 -3e-05 1.129377263e-21)
(0.00051 -3e-05 0)
(0.00052 -3e-05 0)
(0.00053 -3e-05 0)
(0.00054 -3e-05 -1.129377263e-21)
(0.00055 -3e-05 1.129377263e-21)
(0.00056 -3e-05 0)
(0.00057 -3e-05 1.129377263e-21)
(0.00058 -3e-05 0)
(0.00059 -3e-05 0)
(0.0006 -3e-05 0)
(0.00061 -3e-05 0)
(0.00062 -3e-05 -5.646886315e-22)
(0.00063 -3e-05 -5.646886315e-22)
(0.00064 -3e-05 0)
(0.00065 -3e-05 -5.646886315e-22)
(0.00066 -3e-05 -5.646886315e-22)
(0.00067 -3e-05 0)
(0.00068 -3e-05 0)
(0.00069 -3e-05 -5.646886315e-22)
(0.0007 -3e-05 -5.646886315e-22)
(0.00071 -3e-05 0)
(0.00072 -3e-05 5.646886315e-22)
(0.00073 -3e-05 5.646886315e-22)
(0.00074 -3e-05 0)
(0.00075 -3e-05 0)
(0.00076 -3e-05 -5.646886315e-22)
(0.00077 -3e-05 -5.646886315e-22)
(0.00078 -3e-05 -5.646886315e-22)
(0.00079 -3e-05 -5.646886315e-22)
(0.0008 -3e-05 0)
(0.00081 -3e-05 0)
(0.00082 -3e-05 0)
(0.00083 -3e-05 0)
(0.00084 -3e-05 0)
(0.00085 -3e-05 -5.646886315e-22)
(0.00086 -3e-05 -5.646886315e-22)
(0.00087 -3e-05 0)
(0.00088 -3e-05 0)
(0.00089 -3e-05 0)
(0.0009 -3e-05 0)
(0.00091 -3e-05 0)
(0.00092 -3e-05 -5.646886315e-22)
(0.00093 -3e-05 -5.646886315e-22)
(0.00094 -3e-05 0)
(0.00095 -3e-05 0)
(0.00096 -3e-05 -5.646886315e-22)
(0.00097 -3e-05 5.646886315e-22)
(0.00098 -3e-05 0)
(0.00099 -3e-05 0)
(0.001 -3e-05 5.646886315e-22)
(0.00101 -3e-05 -5.646886315e-22)
(0.00102 -3e-05 -5.646886315e-22)
(0.00103 -3e-05 0)
(0.00104 -3e-05 0)
(0.00105 -3e-05 -5.646886315e-22)
(0.00106 -3e-05 2.823443158e-22)
(0.00107 -3e-05 0)
(0.00108 -3e-05 -2.823443158e-22)
(0.00109 -3e-05 5.646886315e-22)
(0.0011 -3e-05 -5.646886315e-22)
(0.00111 -3e-05 2.823443158e-22)
(0.00112 -3e-05 0)
(0.00113 -3e-05 -2.823443158e-22)
(0.00114 -3e-05 2.823443158e-22)
(0.00115 -3e-05 2.823443158e-22)
(0.00116 -3e-05 0)
(0.00117 -3e-05 -2.823443158e-22)
(0.00118 -3e-05 -2.823443158e-22)
(0.00119 -3e-05 2.823443158e-22)
(0.0012 -3e-05 2.823443158e-22)
(0.00121 -3e-05 -2.823443158e-22)
(0.00122 -3e-05 -2.823443158e-22)
(0.00123 -3e-05 2.823443158e-22)
(0.00124 -3e-05 0)
(0.00125 -3e-05 0)
(0.00126 -3e-05 -2.823443158e-22)
(0.00127 -3e-05 -5.646886315e-22)
(0.00128 -3e-05 2.823443158e-22)
(0.00129 -3e-05 0)
(0.0013 -3e-05 -4.235164736e-22)
(0.00131 -3e-05 4.235164736e-22)
(0.00132 -3e-05 1.411721579e-22)
(0.00133 -3e-05 0)
(0.00134 -3e-05 -1.411721579e-22)
(0.00135 -3e-05 5.646886315e-22)
(0.00136 -3e-05 4.235164736e-22)
(0.00137 -3e-05 1.411721579e-22)
(0.00138 -3e-05 -2.823443158e-22)
(0.00139 -3e-05 5.646886315e-22)
(0.0014 -3e-05 3.529303947e-22)
(0.00141 -3e-05 7.058607894e-23)
(0.00142 -3e-05 -2.117582368e-22)
(0.00143 -3e-05 -3.529303947e-22)
(0.00144 -3e-05 4.941025526e-22)
(0.00145 -3e-05 2.823443158e-22)
(0.00146 -3e-05 -1.411721579e-22)
(0.00147 -3e-05 -4.235164736e-22)
(0.00148 -3e-05 4.941025526e-22)
(0.00149 -3e-05 2.294047565e-22)
(0.0015 -3e-05 0)
(6e-05 -2e-05 0)
(7e-05 -2e-05 0)
(8e-05 -2e-05 0)
(9e-05 -2e-05 0)
(0.0001 -2e-05 0)
(0.00011 -2e-05 0)
(0.00012 -2e-05 0)
(0.00013 -2e-05 0)
(0.00014 -2e-05 0)
(0.00015 -2e-05 0)
(0.00016 -2e-05 0)
(0.00017 -2e-05 0)
(0.00018 -2e-05 0)
(0.00019 -2e-05 0)
(0.0002 -2e-05 0)
(0.00021 -2e-05 0)
(0.00022 -2e-05 0)
(0.00023 -2e-05 0)
(0.00024 -2e-05 0)
(0.00025 -2e-05 0)
(0.00026 -2e-05 0)
(0.00027 -2e-05 0)
(0.00028 -2e-05 0)
(0.00029 -2e-05 0)
(0.0003 -2e-05 0)
(0.00031 -2e-05 0)
(0.00032 -2e-05 0)
(0.00033 -2e-05 0)
(0.00034 -2e-05 0)
(0.00035 -2e-05 0)
(0.00036 -2e-05 0)
(0.00037 -2e-05 1.129377263e-21)
(0.00038 -2e-05 0)
(0.00039 -2e-05 0)
(0.0004 -2e-05 0)
(0.00041 -2e-05 0)
(0.00042 -2e-05 0)
(0.00043 -2e-05 0)
(0.00044 -2e-05 0)
(0.00045 -2e-05 -1.129377263e-21)
(0.00046 -2e-05 1.129377263e-21)
(0.00047 -2e-05 0)
(0.00048 -2e-05 0)
(0.00049 -2e-05 0)
(0.0005 -2e-05 0)
(0.00051 -2e-05 0)
(0.00052 -2e-05 0)
(0.00053 -2e-05 0)
(0.00054 -2e-05 -1.129377263e-21)
(0.00055 -2e-05 1.129377263e-21)
(0.00056 -2e-05 0)
(0.00057 -2e-05 1.129377263e-21)
(0.00058 -2e-05 0)
(0.00059 -2e-05 0)
(0.0006 -2e-05 0)
(0.00061 -2e-05 0)
(0.00062 -2e-05 5.646886315e-22)
(0.00063 -2e-05 5.646886315e-22)
(0.00064 -2e-05 0)
(0.00065 -2e-05 0)
(0.00066 -2e-05 0)
(0.00067 -2e-05 -5.646886315e-22)
(0.00068 -2e-05 0)
(0.00069 -2e-05 0)
(0.0007 -2e-05 0)
(0.00071 -2e-05 0)
(0.00072 -2e-05 0)
(0.00073 -2e-05 -5.646886315e-22)
(0.00074 -2e-05 5.646886315e-22)
(0.00075 -2e-05 5.646886315e-22)
(0.00076 -2e-05 0)
(0.00077 -2e-05 5.646886315e-22)
(0.00078 -2e-05 0)
(0.00079 -2e-05 0)
(0.0008 -2e-05 0)
(0.00081 -2e-05 0)
(0.00082 -2e-05 0)
(0.00083 -2e-05 0)
(0.00084 -2e-05 0)
(0.00085 -2e-05 0)
(0.00086 -2e-05 0)
(0.00087 -2e-05 0)
(0.00088 -2e-05 0)
(0.00089 -2e-05 0)
(0.0009 -2e-05 0)
(0.00091 -2e-05 5.646886315e-22)
(0.00092 -2e-05 5.646886315e-22)
(0.00093 -2e-05 0)
(0.00094 -2e-05 0)
(0.00095 -2e-05 0)
(0.00096 -2e-05 0)
(0.00097 -2e-05 5.646886315e-22)
(0.00098 -2e-05 0)
(0.00099 -2e-05 0)
(0.001 -2e-05 5.646886315e-22)
(0.00101 -2e-05 -5.646886315e-22)
(0.00102 -2e-05 -5.646886315e-22)
(0.00103 -2e-05 0)
(0.00104 -2e-05 0)
(0.00105 -2e-05 5.646886315e-22)
(0.00106 -2e-05 2.823443158e-22)
(0.00107 -2e-05 0)
(0.00108 -2e-05 -2.823443158e-22)
(0.00109 -2e-05 5.646886315e-22)
(0.0011 -2e-05 -5.646886315e-22)
(0.00111 -2e-05 -5.646886315e-22)
(0.00112 -2e-05 0)
(0.00113 -2e-05 2.823443158e-22)
(0.00114 -2e-05 -5.646886315e-22)
(0.00115 -2e-05 0)
(0.00116 -2e-05 2.823443158e-22)
(0.00117 -2e-05 -2.823443158e-22)
(0.00118 -2e-05 5.646886315e-22)
(0.00119 -2e-05 -5.646886315e-22)
(0.0012 -2e-05 0)
(0.00121 -2e-05 0)
(0.00122 -2e-05 -2.823443158e-22)
(0.00123 -2e-05 2.823443158e-22)
(0.00124 -2e-05 0)
(0.00125 -2e-05 -2.823443158e-22)
(0.00126 -2e-05 -2.823443158e-22)
(0.00127 -2e-05 5.646886315e-22)
(0.00128 -2e-05 4.235164736e-22)
(0.00129 -2e-05 0)
(0.0013 -2e-05 -2.823443158e-22)
(0.00131 -2e-05 4.235164736e-22)
(0.00132 -2e-05 1.411721579e-22)
(0.00133 -2e-05 0)
(0.00134 -2e-05 -2.823443158e-22)
(0.00135 -2e-05 5.646886315e-22)
(0.00136 -2e-05 4.235164736e-22)
(0.00137 -2e-05 1.411721579e-22)
(0.00138 -2e-05 -2.823443158e-22)
(0.00139 -2e-05 -4.235164736e-22)
(0.0014 -2e-05 3.529303947e-22)
(0.00141 -2e-05 2.117582368e-22)
(0.00142 -2e-05 -1.411721579e-22)
(0.00143 -2e-05 -3.529303947e-22)
(0.00144 -2e-05 4.941025526e-22)
(0.00145 -2e-05 2.823443158e-22)
(0.00146 -2e-05 -2.117582368e-22)
(0.00147 -2e-05 -4.235164736e-22)
(0.00148 -2e-05 4.588095131e-22)
(0.00149 -2e-05 2.382280164e-22)
(0.0015 -2e-05 0)
(6e-05 -1e-05 0)
(7e-05 -1e-05 -1.129377263e-21)
(8e-05 -1e-05 0)
(9e-05 -1e-05 0)
(0.0001 -1e-05 1.129377263e-21)
(0.00011 -1e-05 0)
(0.00012 -1e-05 0)
(0.00013 -1e-05 0)
(0.00014 -1e-05 -1.129377263e-21)
(0.00015 -1e-05 0)
(0.00016 -1e-05 0)
(0.00017 -1e-05 0)
(0.00018 -1e-05 0)
(0.00019 -1e-05 0)
(0.0002 -1e-05 0)
(0.00021 -1e-05 0)
(0.00022 -1e-05 0)
(0.00023 -1e-05 0)
(0.00024 -1e-05 0)
(0.00025 -1e-05 0)
(0.00026 -1e-05 -1.129377263e-21)
(0.00027 -1e-05 -1.129377263e-21)
(0.00028 -1e-05 0)
(0.00029 -1e-05 0)
(0.0003 -1e-05 0)
(0.00031 -1e-05 0)
(0.00032 -1e-05 0)
(0.00033 -1e-05 0)
(0.00034 -1e-05 -1.129377263e-21)
(0.00035 -1e-05 0)
(0.00036 -1e-05 -1.129377263e-21)
(0.00037 -1e-05 1.129377263e-21)
(0.00038 -1e-05 0)
(0.00039 -1e-05 -1.129377263e-21)
(0.0004 -1e-05 0)
(0.00041 -1e-05 -1.129377263e-21)
(0.00042 -1e-05 1.129377263e-21)
(0.00043 -1e-05 0)
(0.00044 -1e-05 0)
(0.00045 -1e-05 -1.129377263e-21)
(0.00046 -1e-05 1.129377263e-21)
(0.00047 -1e-05 0)
(0.00048 -1e-05 0)
(0.00049 -1e-05 0)
(0.0005 -1e-05 -1.129377263e-21)
(0.00051 -1e-05 0)
(0.00052 -1e-05 0)
(0.00053 -1e-05 0)
(0.00054 -1e-05 -1.129377263e-21)
(0.00055 -1e-05 1.129377263e-21)
(0.00056 -1e-05 0)
(0.00057 -1e-05 1.129377263e-21)
(0.00058 -1e-05 0)
(0.00059 -1e-05 0)
(0.0006 -1e-05 0)
(0.00061 -1e-05 0)
(0.00062 -1e-05 0)
(0.00063 -1e-05 0)
(0.00064 -1e-05 -5.646886315e-22)
(0.00065 -1e-05 -5.646886315e-22)
(0.00066 -1e-05 0)
(0.00067 -1e-05 -5.646886315e-22)
(0.00068 -1e-05 0)
(0.00069 -1e-05 0)
(0.0007 -1e-05 0)
(0.00071 -1e-05 0)
(0.00072 -1e-05 5.646886315e-22)
(0.00073 -1e-05 -5.646886315e-22)
(0.00074 -1e-05 -5.646886315e-22)
(0.00075 -1e-05 0)
(0.00076 -1e-05 0)
(0.00077 -1e-05 0)
(0.00078 -1e-05 0)
(0.00079 -1e-05 0)
(0.0008 -1e-05 0)
(0.00081 -1e-05 0)
(0.00082 -1e-05 0)
(0.00083 -1e-05 0)
(0.00084 -1e-05 0)
(0.00085 -1e-05 0)
(0.00086 -1e-05 0)
(0.00087 -1e-05 0)
(0.00088 -1e-05 0)
(0.00089 -1e-05 0)
(0.0009 -1e-05 0)
(0.00091 -1e-05 0)
(0.00092 -1e-05 0)
(0.00093 -1e-05 0)
(0.00094 -1e-05 0)
(0.00095 -1e-05 0)
(0.00096 -1e-05 5.646886315e-22)
(0.00097 -1e-05 5.646886315e-22)
(0.00098 -1e-05 0)
(0.00099 -1e-05 0)
(0.001 -1e-05 5.646886315e-22)
(0.00101 -1e-05 -5.646886315e-22)
(0.00102 -1e-05 -5.646886315e-22)
(0.00103 -1e-05 0)
(0.00104 -1e-05 0)
(0.00105 -1e-05 5.646886315e-22)
(0.00106 -1e-05 2.823443158e-22)
(0.00107 -1e-05 0)
(0.00108 -1e-05 -2.823443158e-22)
(0.00109 -1e-05 5.646886315e-22)
(0.0011 -1e-05 -5.646886315e-22)
(0.00111 -1e-05 2.823443158e-22)
(0.00112 -1e-05 0)
(0.00113 -1e-05 -2.823443158e-22)
(0.00114 -1e-05 2.823443158e-22)
(0.00115 -1e-05 2.823443158e-22)
(0.00116 -1e-05 0)
(0.00117 -1e-05 -2.823443158e-22)
(0.00118 -1e-05 5.646886315e-22)
(0.00119 -1e-05 2.823443158e-22)
(0.0012 -1e-05 0)
(0.00121 -1e-05 -2.823443158e-22)
(0.00122 -1e-05 -5.646886315e-22)
(0.00123 -1e-05 2.823443158e-22)
(0.00124 -1e-05 0)
(0.00125 -1e-05 -2.823443158e-22)
(0.00126 -1e-05 -2.823443158e-22)
(0.00127 -1e-05 5.646886315e-22)
(0.00128 -1e-05 2.823443158e-22)
(0.00129 -1e-05 0)
(0.0013 -1e-05 -4.235164736e-22)
(0.00131 -1e-05 4.235164736e-22)
(0.00132 -1e-05 1.411721579e-22)
(0.00133 -1e-05 0)
(0.00134 -1e-05 -2.823443158e-22)
(0.00135 -1e-05 5.646886315e-22)
(0.00136 -1e-05 4.235164736e-22)
(0.00137 -1e-05 1.411721579e-22)
(0.00138 -1e-05 -2.823443158e-22)
(0.00139 -1e-05 5.646886315e-22)
(0.0014 -1e-05 3.529303947e-22)
(0.00141 -1e-05 2.117582368e-22)
(0.00142 -1e-05 -1.411721579e-22)
(0.00143 -1e-05 -3.529303947e-22)
(0.00144 -1e-05 4.941025526e-22)
(0.00145 -1e-05 2.823443158e-22)
(0.00146 -1e-05 -1.764651973e-22)
(0.00147 -1e-05 -4.235164736e-22)
(0.00148 -1e-05 4.764560328e-22)
(0.00149 -1e-05 2.382280164e-22)
(0.0015 -1e-05 0)
(6e-05 0 0)
(7e-05 0 0)
(8e-05 0 0)
(9e-05 0 0)
(0.0001 0 0)
(0.00011 0 0)
(0.00012 0 0)
(0.00013 0 0)
(0.00014 0 0)
(0.00015 0 0)
(0.00016 0 0)
(0.00017 0 0)
(0.00018 0 0)
(0.00019 0 0)
(0.0002 0 0)
(0.00021 0 0)
(0.00022 0 0)
(0.00023 0 0)
(0.00024 0 0)
(0.00025 0 0)
(0.00026 0 0)
(0.00027 0 0)
(0.00028 0 0)
(0.00029 0 0)
(0.0003 0 0)
(0.00031 0 0)
(0.00032 0 0)
(0.00033 0 0)
(0.00034 0 0)
(0.00035 0 0)
(0.00036 -1.129377263e-21 -1.129377263e-21)
(0.00037 1.129377263e-21 1.129377263e-21)
(0.00038 0 0)
(0.00039 0 0)
(0.0004 0 0)
(0.00041 0 0)
(0.00042 0 0)
(0.00043 0 0)
(0.00044 0 0)
(0.00045 -1.129377263e-21 -1.129377263e-21)
(0.00046 1.129377263e-21 1.129377263e-21)
(0.00047 0 0)
(0.00048 0 0)
(0.00049 0 0)
(0.0005 0 0)
(0.00051 0 0)
(0.00052 0 0)
(0.00053 0 0)
(0.00054 -1.129377263e-21 -1.129377263e-21)
(0.00055 1.129377263e-21 1.129377263e-21)
(0.00056 0 0)
(0.00057 1.129377263e-21 1.129377263e-21)
(0.00058 0 0)
(0.00059 0 0)
(0.0006 0 0)
(0.00061 0 0)
(0.00062 0 0)
(0.00063 0 0)
(0.00064 -5.646886315e-22 -5.646886315e-22)
(0.00065 -5.646886315e-22 -5.646886315e-22)
(0.00066 -5.646886315e-22 -5.646886315e-22)
(0.00067 -5.646886315e-22 -5.646886315e-22)
(0.00068 0 0)
(0.00069 0 0)
(0.0007 0 0)
(0.00071 0 0)
(0.00072 5.646886315e-22 5.646886315e-22)
(0.00073 5.646886315e-22 5.646886315e-22)
(0.00074 5.646886315e-22 5.646886315e-22)
(0.00075 5.646886315e-22 5.646886315e-22)
(0.00076 0 0)
(0.00077 0 0)
(0.00078 0 0)
(0.00079 0 0)
(0.0008 0 0)
(0.00081 0 0)
(0.00082 0 0)
(0.00083 0 0)
(0.00084 0 0)
(0.00085 0 0)
(0.00086 0 0)
(0.00087 0 0)
(0.00088 0 0)
(0.00089 0 0)
(0.0009 0 0)
(0.00091 0 0)
(0.00092 0 0)
(0.00093 0 0)
(0.00094 0 0)
(0.00095 0 0)
(0.00096 5.646886315e-22 5.646886315e-22)
(0.00097 5.646886315e-22 5.646886315e-22)
(0.00098 0 0)
(0.00099 0 0)
(0.001 5.646886315e-22 5.646886315e-22)
(0.00101 -5.646886315e-22 -5.646886315e-22)
(0.00102 -5.646886315e-22 -5.646886315e-22)
(0.00103 0 0)
(0.00104 0 0)
(0.00105 5.646886315e-22 5.646886315e-22)
(0.00106 2.823443158e-22 2.823443158e-22)
(0.00107 0 0)
(0.00108 -2.823443158e-22 -2.823443158e-22)
(0.00109 5.646886315e-22 5.646886315e-22)
(0.0011 -5.646886315e-22 -5.646886315e-22)
(0.00111 2.823443158e-22 2.823443158e-22)
(0.00112 0 0)
(0.00113 -2.823443158e-22 -2.823443158e-22)
(0.00114 2.823443158e-22 2.823443158e-22)
(0.00115 2.823443158e-22 2.823443158e-22)
(0.00116 0 0)
(0.00117 -2.823443158e-22 -2.823443158e-22)
(0.00118 5.646886315e-22 5.646886315e-22)
(0.00119 2.823443158e-22 2.823443158e-22)
(0.0012 0 0)
(0.00121 -2.823443158e-22 -2.823443158e-22)
(0.00122 -5.646886315e-22 -5.646886315e-22)
(0.00123 2.823443158e-22 2.823443158e-22)
(0.00124 0 0)
(0.00125 -2.823443158e-22 -2.823443158e-22)
(0.00126 -2.823443158e-22 -2.823443158e-22)
(0.00127 -5.646886315e-22 -5.646886315e-22)
(0.00128 2.823443158e-22 2.823443158e-22)
(0.00129 0 0)
(0.0013 -4.235164736e-22 -4.235164736e-22)
(0.00131 4.235164736e-22 4.235164736e-22)
(0.00132 1.411721579e-22 1.411721579e-22)
(0.00133 0 0)
(0.00134 -2.823443158e-22 -2.823443158e-22)
(0.00135 5.646886315e-22 5.646886315e-22)
(0.00136 4.235164736e-22 4.235164736e-22)
(0.00137 1.411721579e-22 1.411721579e-22)
(0.00138 -2.823443158e-22 -2.823443158e-22)
(0.00139 5.646886315e-22 5.646886315e-22)
(0.0014 3.529303947e-22 3.529303947e-22)
(0.00141 7.058607894e-23 7.058607894e-23)
(0.00142 -1.411721579e-22 -1.411721579e-22)
(0.00143 -3.529303947e-22 -3.529303947e-22)
(0.00144 4.941025526e-22 4.941025526e-22)
(0.00145 2.823443158e-22 2.823443158e-22)
(0.00146 -1.764651973e-22 -1.764651973e-22)
(0.00147 -4.235164736e-22 -4.235164736e-22)
(0.00148 4.764560328e-22 4.764560328e-22)
(0.00149 2.382280164e-22 2.382280164e-22)
(0.0015 0 0)
(6e-05 1e-05 0)
(7e-05 1e-05 0)
(8e-05 1e-05 0)
(9e-05 1e-05 0)
(0.0001 1e-05 1.129377263e-21)
(0.00011 1e-05 0)
(0.00012 1e-05 0)
(0.00013 1e-05 0)
(0.00014 1e-05 0)
(0.00015 1e-05 0)
(0.00016 1e-05 0)
(0.00017 1e-05 0)
(0.00018 1e-05 0)
(0.00019 1e-05 0)
(0.0002 1e-05 0)
(0.00021 1e-05 0)
(0.00022 1e-05 0)
(0.00023 1e-05 0)
(0.00024 1e-05 0)
(0.00025 1e-05 0)
(0.00026 1e-05 0)
(0.00027 1e-05 -1.129377263e-21)
(0.00028 1e-05 0)
(0.00029 1e-05 0)
(0.0003 1e-05 0)
(0.00031 1e-05 0)
(0.00032 1e-05 0)
(0.00033 1e-05 0)
(0.00034 1e-05 -1.129377263e-21)
(0.00035 1e-05 0)
(0.00036 1e-05 -1.129377263e-21)
(0.00037 1e-05 1.129377263e-21)
(0.00038 1e-05 0)
(0.00039 1e-05 1.129377263e-21)
(0.0004 1e-05 0)
(0.00041 1e-05 0)
(0.00042 1e-05 1.129377263e-21)
(0.00043 1e-05 0)
(0.00044 1e-05 0)
(0.00045 1e-05 -1.129377263e-21)
(0.00046 1e-05 1.129377263e-21)
(0.00047 1e-05 0)
(0.00048 1e-05 0)
(0.00049 1e-05 0)
(0.0005 1e-05 -1.129377263e-21)
(0.00051 1e-05 0)
(0.00052 1e-05 0)
(0.00053 1e-05 0)
(0.00054 1e-05 -1.129377263e-21)
(0.00055 1e-05 1.129377263e-21)
(0.00056 1e-05 0)
(0.00057 1e-05 1.129377263e-21)
(0.00058 1e-05 0)
(0.00059 1e-05 0)
(0.0006 1e-05 0)
(0.00061 1e-05 0)
(0.00062 1e-05 0)
(0.00063 1e-05 0)
(0.00064 1e-05 -5.646886315e-22)
(0.00065 1e-05 -5.646886315e-22)
(0.00066 1e-05 0)
(0.00067 1e-05 -5.646886315e-22)
(0.00068 1e-05 0)
(0.00069 1e-05 0)
(0.0007 1e-05 0)
(0.00071 1e-05 0)
(0.00072 1e-05 5.646886315e-22)
(0.00073 1e-05 -5.646886315e-22)
(0.00074 1e-05 5.646886315e-22)
(0.00075 1e-05 0)
(0.00076 1e-05 0)
(0.00077 1e-05 0)
(0.00078 1e-05 0)
(0.00079 1e-05 0)
(0.0008 1e-05 0)
(0.00081 1e-05 0)
(0.00082 1e-05 0)
(0.00083 1e-05 0)
(0.00084 1e-05 0)
(0.00085 1e-05 0)
(0.00086 1e-05 0)
(0.00087 1e-05 0)
(0.00088 1e-05 0)
(0.00089 1e-05 0)
(0.0009 1e-05 0)
(0.00091 1e-05 0)
(0.00092 1e-05 0)
(0.00093 1e-05 0)
(0.00094 1e-05 0)
(0.00095 1e-05 0)
(0.00096 1e-05 5.646886315e-22)
(0.00097 1e-05 5.646886315e-22)
(0.00098 1e-05 0)
(0.00099 1e-05 0)
(0.001 1e-05 5.646886315e-22)
(0.00101 1e-05 -5.646886315e-22)
(0.00102 1e-05 -5.646886315e-22)
(0.00103 1e-05 0)
(0.00104 1e-05 0)
(0.00105 1e-05 5.646886315e-22)
(0.00106 1e-05 2.823443158e-22)
(0.00107 1e-05 0)
(0.00108 1e-05 -2.823443158e-22)
(0.00109 1e-05 5.646886315e-22)
(0.0011 1e-05 -5.646886315e-22)
(0.00111 1e-05 2.823443158e-22)
(0.00112 1e-05 0)
(0.00113 1e-05 -2.823443158e-22)
(0.00114 1e-05 2.823443158e-22)
(0.00115 1e-05 2.823443158e-22)
(0.00116 1e-05 0)
(0.00117 1e-05 -2.823443158e-22)
(0.00118 1e-05 5.646886315e-22)
(0.00119 1e-05 2.823443158e-22)
(0.0012 1e-05 0)
(0.00121 1e-05 -2.823443158e-22)
(0.00122 1e-05 -5.646886315e-22)
(0.00123 1e-05 2.823443158e-22)
(0.00124 1e-05 0)
(0.00125 1e-05 -2.823443158e-22)
(0.00126 1e-05 -2.823443158e-22)
(0.00127 1e-05 5.646886315e-22)
(0.00128 1e-05 2.823443158e-22)
(0.00129 1e-05 0)
(0.0013 1e-05 -4.235164736e-22)
(0.00131 1e-05 4.235164736e-22)
(0.00132 1e-05 1.411721579e-22)
(0.00133 1e-05 0)
(0.00134 1e-05 -2.823443158e-22)
(0.00135 1e-05 5.646886315e-22)
(0.00136 1e-05 4.235164736e-22)
(0.00137 1e-05 1.411721579e-22)
(0.00138 1e-05 -2.823443158e-22)
(0.00139 1e-05 5.646886315e-22)
(0.0014 1e-05 3.529303947e-22)
(0.00141 1e-05 2.117582368e-22)
(0.00142 1e-05 -1.411721579e-22)
(0.00143 1e-05 -3.529303947e-22)
(0.00144 1e-05 4.941025526e-22)
(0.00145 1e-05 2.823443158e-22)
(0.00146 1e-05 -1.764651973e-22)
(0.00147 1e-05 -4.235164736e-22)
(0.00148 1e-05 4.764560328e-22)
(0.00149 1e-05 2.382280164e-22)
(0.0015 1e-05 0)
(6e-05 2e-05 0)
(7e-05 2e-05 0)
(8e-05 2e-05 0)
(9e-05 2e-05 0)
(0.0001 2e-05 1.129377263e-21)
(0.00011 2e-05 0)
(0.00012 2e-05 0)
(0.00013 2e-05 0)
(0.00014 2e-05 0)
(0.00015 2e-05 0)
(0.00016 2e-05 0)
(0.00017 2e-05 0)
(0.00018 2e-05 0)
(0.00019 2e-05 0)
(0.0002 2e-05 0)
(0.00021 2e-05 0)
(0.00022 2e-05 0)
(0.00023 2e-05 0)
(0.00024 2e-05 0)
(0.00025 2e-05 0)
(0.00026 2e-05 0)
(0.00027 2e-05 0)
(0.00028 2e-05 0)
(0.00029 2e-05 0)
(0.0003 2e-05 0)
(0.00031 2e-05 0)
(0.00032 2e-05 0)
(0.00033 2e-05 0)
(0.00034 2e-05 0)
(0.00035 2e-05 0)
(0.00036 2e-05 0)
(0.00037 2e-05 1.129377263e-21)
(0.00038 2e-05 0)
(0.00039 2e-05 1.129377263e-21)
(0.0004 2e-05 0)
(0.00041 2e-05 0)
(0.00042 2e-05 0)
(0.00043 2e-05 0)
(0.00044 2e-05 0)
(0.00045 2e-05 -1.129377263e-21)
(0.00046 2e-05 1.129377263e-21)
(0.00047 2e-05 0)
(0.00048 2e-05 0)
(0.00049 2e-05 0)
(0.0005 2e-05 0)
(0.00051 2e-05 0)
(0.00052 2e-05 0)
(0.00053 2e-05 0)
(0.00054 2e-05 -1.129377263e-21)
(0.00055 2e-05 1.129377263e-21)
(0.00056 2e-05 0)
(0.00057 2e-05 1.129377263e-21)
(0.00058 2e-05 0)
(0.00059 2e-05 0)
(0.0006 2e-05 0)
(0.00061 2e-05 0)
(0.00062 2e-05 -1.129377263e-21)
(0.00063 2e-05 -1.129377263e-21)
(0.00064 2e-05 -5.646886315e-22)
(0.00065 2e-05 -5.646886315e-22)
(0.00066 2e-05 -1.129377263e-21)
(0.00067 2e-05 0)
(0.00068 2e-05 0)
(0.00069 2e-05 0)
(0.0007 2e-05 0)
(0.00071 2e-05 -1.129377263e-21)
(0.00072 2e-05 -5.646886315e-22)
(0.00073 2e-05 -5.646886315e-22)
(0.00074 2e-05 0)
(0.00075 2e-05 -1.129377263e-21)
(0.00076 2e-05 -1.129377263e-21)
(0.00077 2e-05 0)
(0.00078 2e-05 0)
(0.00079 2e-05 -1.129377263e-21)
(0.0008 2e-05 -1.129377263e-21)
(0.00081 2e-05 -1.129377263e-21)
(0.00082 2e-05 0)
(0.00083 2e-05 -1.129377263e-21)
(0.00084 2e-05 -1.129377263e-21)
(0.00085 2e-05 0)
(0.00086 2e-05 0)
(0.00087 2e-05 0)
(0.00088 2e-05 -1.129377263e-21)
(0.00089 2e-05 -1.129377263e-21)
(0.0009 2e-05 0)
(0.00091 2e-05 0)
(0.00092 2e-05 -1.129377263e-21)
(0.00093 2e-05 -1.129377263e-21)
(0.00094 2e-05 0)
(0.00095 2e-05 0)
(0.00096 2e-05 -5.646886315e-22)
(0.00097 2e-05 -5.646886315e-22)
(0.00098 2e-05 0)
(0.00099 2e-05 0)
(0.001 2e-05 -5.646886315e-22)
(0.00101 2e-05 -5.646886315e-22)
(0.00102 2e-05 -5.646886315e-22)
(0.00103 2e-05 0)
(0.00104 2e-05 0)
(0.00105 2e-05 -5.646886315e-22)
(0.00106 2e-05 -8.470329473e-22)
(0.00107 2e-05 0)
(0.00108 2e-05 -2.823443158e-22)
(0.00109 2e-05 -5.646886315e-22)
(0.0011 2e-05 -5.646886315e-22)
(0.00111 2e-05 -8.470329473e-22)
(0.00112 2e-05 0)
(0.00113 2e-05 -8.470329473e-22)
(0.00114 2e-05 -8.470329473e-22)
(0.00115 2e-05 -8.470329473e-22)
(0.00116 2e-05 0)
(0.00117 2e-05 -2.823443158e-22)
(0.00118 2e-05 -5.646886315e-22)
(0.00119 2e-05 -8.470329473e-22)
(0.0012 2e-05 0)
(0.00121 2e-05 -2.823443158e-22)
(0.00122 2e-05 0)
(0.00123 2e-05 -8.470329473e-22)
(0.00124 2e-05 0)
(0.00125 2e-05 -2.823443158e-22)
(0.00126 2e-05 -2.823443158e-22)
(0.00127 2e-05 -5.646886315e-22)
(0.00128 2e-05 -8.470329473e-22)
(0.00129 2e-05 0)
(0.0013 2e-05 -4.235164736e-22)
(0.00131 2e-05 -7.058607894e-22)
(0.00132 2e-05 1.411721579e-22)
(0.00133 2e-05 0)
(0.00134 2e-05 -2.823443158e-22)
(0.00135 2e-05 -5.646886315e-22)
(0.00136 2e-05 -7.058607894e-22)
(0.00137 2e-05 1.411721579e-22)
(0.00138 2e-05 -2.823443158e-22)
(0.00139 2e-05 -5.646886315e-22)
(0.0014 2e-05 -7.764468683e-22)
(0.00141 2e-05 2.117582368e-22)
(0.00142 2e-05 -1.411721579e-22)
(0.00143 2e-05 -3.529303947e-22)
(0.00144 2e-05 -6.352747104e-22)
(0.00145 2e-05 2.823443158e-22)
(0.00146 2e-05 -1.764651973e-22)
(0.00147 2e-05 -4.235164736e-22)
(0.00148 2e-05 -6.529212302e-22)
(0.00149 2e-05 2.382280164e-22)
(0.0015 2e-05 0)
(6e-05 3e-05 0)
(7e-05 3e-05 0)
(8e-05 3e-05 0)
(9e-05 3e-05 0)
(0.0001 3e-05 0)
(0.00011 3e-05 0)
(0.00012 3e-05 0)
(0.00013 3e-05 0)
(0.00014 3e-05 0)
(0.00015 3e-05 0)
(0.00016 3e-05 0)
(0.00017 3e-05 0)
(0.00018 3e-05 0)
(0.00019 3e-05 0)
(0.0002 3e-05 0)
(0.00021 3e-05 0)
(0.00022 3e-05 0)
(0.00023 3e-05 0)
(0.00024 3e-05 0)
(0.00025 3e-05 0)
(0.00026 3e-05 0)
(0.00027 3e-05 0)
(0.00028 3e-05 0)
(0.00029 3e-05 0)
(0.0003 3e-05 0)
(0.00031 3e-05 0)
(0.00032 3e-05 0)
(0.00033 3e-05 0)
(0.00034 3e-05 0)
(0.00035 3e-05 0)
(0.00036 3e-05 -1.129377263e-21)
(0.00037 3e-05 1.129377263e-21)
(0.00038 3e-05 0)
(0.00039 3e-05 0)
(0.0004 3e-05 0)
(0.00041 3e-05 0)
(0.00042 3e-05 0)
(0.00043 3e-05 0)
(0.00044 3e-05 0)
(0.00045 3e-05 -1.129377263e-21)
(0.00046 3e-05 0)
(0.00047 3e-05 0)
(0.00048 3e-05 0)
(0.00049 3e-05 0)
(0.0005 3e-05 0)
(0.00051 3e-05 0)
(0.00052 3e-05 0)
(0.00053 3e-05 0)
(0.00054 3e-05 -1.129377263e-21)
(0.00055 3e-05 1.129377263e-21)
(0.00056 3e-05 0)
(0.00057 3e-05 0)
(0.00058 3e-05 0)
(0.00059 3e-05 0)
(0.0006 3e-05 0)
(0.00061 3e-05 0)
(0.00062 3e-05 -1.129377263e-21)
(0.00063 3e-05 -1.129377263e-21)
(0.00064 3e-05 0)
(0.00065 3e-05 -5.646886315e-22)
(0.00066 3e-05 -5.646886315e-22)
(0.00067 3e-05 -5.646886315e-22)
(0.00068 3e-05 0)
(0.00069 3e-05 0)
(0.0007 3e-05 0)
(0.00071 3e-05 -1.129377263e-21)
(0.00072 3e-05 -5.646886315e-22)
(0.00073 3e-05 5.646886315e-22)
(0.00074 3e-05 5.646886315e-22)
(0.00075 3e-05 -5.646886315e-22)
(0.00076 3e-05 -1.129377263e-21)
(0.00077 3e-05 0)
(0.00078 3e-05 0)
(0.00079 3e-05 -1.129377263e-21)
(0.0008 3e-05 -1.129377263e-21)
(0.00081 3e-05 -1.129377263e-21)
(0.00082 3e-05 0)
(0.00083 3e-05 -1.129377263e-21)
(0.00084 3e-05 -1.129377263e-21)
(0.00085 3e-05 0)
(0.00086 3e-05 0)
(0.00087 3e-05 0)
(0.00088 3e-05 -1.129377263e-21)
(0.00089 3e-05 -1.129377263e-21)
(0.0009 3e-05 0)
(0.00091 3e-05 0)
(0.00092 3e-05 -1.129377263e-21)
(0.00093 3e-05 -1.129377263e-21)
(0.00094 3e-05 0)
(0.00095 3e-05 0)
(0.00096 3e-05 -5.646886315e-22)
(0.00097 3e-05 -5.646886315e-22)
(0.00098 3e-05 0)
(0.00099 3e-05 0)
(0.001 3e-05 -5.646886315e-22)
(0.00101 3e-05 -5.646886315e-22)
(0.00102 3e-05 -5.646886315e-22)
(0.00103 3e-05 0)
(0.00104 3e-05 0)
(0.00105 3e-05 -5.646886315e-22)
(0.00106 3e-05 -8.470329473e-22)
(0.00107 3e-05 0)
(0.00108 3e-05 -2.823443158e-22)
(0.00109 3e-05 0)
(0.0011 3e-05 -5.646886315e-22)
(0.00111 3e-05 -8.470329473e-22)
(0.00112 3e-05 0)
(0.00113 3e-05 -2.823443158e-22)
(0.00114 3e-05 -8.470329473e-22)
(0.00115 3e-05 -8.470329473e-22)
(0.00116 3e-05 0)
(0.00117 3e-05 -2.823443158e-22)
(0.00118 3e-05 -5.646886315e-22)
(0.00119 3e-05 -8.470329473e-22)
(0.0012 3e-05 0)
(0.00121 3e-05 -2.823443158e-22)
(0.00122 3e-05 -5.646886315e-22)
(0.00123 3e-05 2.823443158e-22)
(0.00124 3e-05 0)
(0.00125 3e-05 -2.823443158e-22)
(0.00126 3e-05 -2.823443158e-22)
(0.00127 3e-05 -5.646886315e-22)
(0.00128 3e-05 2.823443158e-22)
(0.00129 3e-05 0)
(0.0013 3e-05 -4.235164736e-22)
(0.00131 3e-05 -7.058607894e-22)
(0.00132 3e-05 1.411721579e-22)
(0.00133 3e-05 0)
(0.00134 3e-05 -2.823443158e-22)
(0.00135 3e-05 -5.646886315e-22)
(0.00136 3e-05 -7.058607894e-22)
(0.00137 3e-05 1.411721579e-22)
(0.00138 3e-05 -2.823443158e-22)
(0.00139 3e-05 -5.646886315e-22)
(0.0014 3e-05 -7.764468683e-22)
(0.00141 3e-05 7.058607894e-23)
(0.00142 3e-05 -1.411721579e-22)
(0.00143 3e-05 -3.529303947e-22)
(0.00144 3e-05 -6.352747104e-22)
(0.00145 3e-05 -8.470329473e-22)
(0.00146 3e-05 -1.764651973e-22)
(0.00147 3e-05 -4.235164736e-22)
(0.00148 3e-05 -6.529212302e-22)
(0.00149 3e-05 2.382280164e-22)
(0.0015 3e-05 0)
(6e-05 4e-05 0)
(7e-05 4e-05 0)
(8e-05 4e-05 0)
(9e-05 4e-05 0)
(0.0001 4e-05 0)
(0.00011 4e-05 0)
(0.00012 4e-05 0)
(0.00013 4e-05 0)
(0.00014 4e-05 0)
(0.00015 4e-05 0)
(0.00016 4e-05 0)
(0.00017 4e-05 0)
(0.00018 4e-05 0)
(0.00019 4e-05 0)
(0.0002 4e-05 0)
(0.00021 4e-05 0)
(0.00022 4e-05 0)
(0.00023 4e-05 0)
(0.00024 4e-05 0)
(0.00025 4e-05 0)
(0.00026 4e-05 0)
(0.00027 4e-05 0)
(0.00028 4e-05 0)
(0.00029 4e-05 0)
(0.0003 4e-05 0)
(0.00031 4e-05 0)
(0.00032 4e-05 0)
(0.00033 4e-05 0)
(0.00034 4e-05 0)
(0.00035 4e-05 0)
(0.00036 4e-05 0)
(0.00037 4e-05 1.129377263e-21)
(0.00038 4e-05 0)
(0.00039 4e-05 0)
(0.0004 4e-05 0)
(0.00041 4e-05 0)
(0.00042 4e-05 0)
(0.00043 4e-05 0)
(0.00044 4e-05 0)
(0.00045 4e-05 0)
(0.00046 4e-05 1.129377263e-21)
(0.00047 4e-05 0)
(0.00048 4e-05 0)
(0.00049 4e-05 0)
(0.0005 4e-05 0)
(0.00051 4e-05 0)
(0.00052 4e-05 0)
(0.00053 4e-05 0)
(0.00054 4e-05 -1.129377263e-21)
(0.00055 4e-05 1.129377263e-21)
(0.00056 4e-05 0)
(0.00057 4e-05 1.129377263e-21)
(0.00058 4e-05 0)
(0.00059 4e-05 0)
(0.0006 4e-05 0)
(0.00061 4e-05 0)
(0.00062 4e-05 0)
(0.00063 4e-05 0)
(0.00064 4e-05 -5.646886315e-22)
(0.00065 4e-05 -5.646886315e-22)
(0.00066 4e-05 -5.646886315e-22)
(0.00067 4e-05 0)
(0.00068 4e-05 0)
(0.00069 4e-05 0)
(0.0007 4e-05 0)
(0.00071 4e-05 0)
(0.00072 4e-05 5.646886315e-22)
(0.00073 4e-05 5.646886315e-22)
(0.00074 4e-05 0)
(0.00075 4e-05 5.646886315e-22)
(0.00076 4e-05 0)
(0.00077 4e-05 0)
(0.00078 4e-05 0)
(0.00079 4e-05 0)
(0.0008 4e-05 0)
(0.00081 4e-05 0)
(0.00082 4e-05 0)
(0.00083 4e-05 0)
(0.00084 4e-05 0)
(0.00085 4e-05 0)
(0.00086 4e-05 0)
(0.00087 4e-05 0)
(0.00088 4e-05 0)
(0.00089 4e-05 0)
(0.0009 4e-05 0)
(0.00091 4e-05 0)
(0.00092 4e-05 0)
(0.00093 4e-05 0)
(0.00094 4e-05 0)
(0.00095 4e-05 0)
(0.00096 4e-05 5.646886315e-22)
(0.00097 4e-05 5.646886315e-22)
(0.00098 4e-05 0)
(0.00099 4e-05 0)
(0.001 4e-05 5.646886315e-22)
(0.00101 4e-05 -5.646886315e-22)
(0.00102 4e-05 -5.646886315e-22)
(0.00103 4e-05 0)
(0.00104 4e-05 0)
(0.00105 4e-05 5.646886315e-22)
(0.00106 4e-05 -8.470329473e-22)
(0.00107 4e-05 0)
(0.00108 4e-05 -2.823443158e-22)
(0.00109 4e-05 5.646886315e-22)
(0.0011 4e-05 5.646886315e-22)
(0.00111 4e-05 -8.470329473e-22)
(0.00112 4e-05 0)
(0.00113 4e-05 -2.823443158e-22)
(0.00114 4e-05 -8.470329473e-22)
(0.00115 4e-05 -8.470329473e-22)
(0.00116 4e-05 0)
(0.00117 4e-05 -2.823443158e-22)
(0.00118 4e-05 5.646886315e-22)
(0.00119 4e-05 -8.470329473e-22)
(0.0012 4e-05 0)
(0.00121 4e-05 -2.823443158e-22)
(0.00122 4e-05 -5.646886315e-22)
(0.00123 4e-05 -8.470329473e-22)
(0.00124 4e-05 2.823443158e-22)
(0.00125 4e-05 -2.823443158e-22)
(0.00126 4e-05 -2.823443158e-22)
(0.00127 4e-05 -5.646886315e-22)
(0.00128 4e-05 2.823443158e-22)
(0.00129 4e-05 0)
(0.0013 4e-05 -4.235164736e-22)
(0.00131 4e-05 -7.058607894e-22)
(0.00132 4e-05 1.411721579e-22)
(0.00133 4e-05 0)
(0.00134 4e-05 -2.823443158e-22)
(0.00135 4e-05 -5.646886315e-22)
(0.00136 4e-05 -7.058607894e-22)
(0.00137 4e-05 1.411721579e-22)
(0.00138 4e-05 -2.823443158e-22)
(0.00139 4e-05 -5.646886315e-22)
(0.0014 4e-05 3.529303947e-22)
(0.00141 4e-05 7.058607894e-23)
(0.00142 4e-05 -1.411721579e-22)
(0.00143 4e-05 -2.823443158e-22)
(0.00144 4e-05 -6.352747104e-22)
(0.00145 4e-05 2.823443158e-22)
(0.00146 4e-05 -1.764651973e-22)
(0.00147 4e-05 -4.235164736e-22)
(0.00148 4e-05 -6.529212302e-22)
(0.00149 4e-05 2.382280164e-22)
(0.0015 4e-05 0)
(6e-05 5e-05 0)
(7e-05 5e-05 0)
(8e-05 5e-05 0)
(9e-05 5e-05 0)
(0.0001 5e-05 0)
(0.00011 5e-05 0)
(0.00012 5e-05 0)
(0.00013 5e-05 0)
(0.00014 5e-05 0)
(0.00015 5e-05 0)
(0.00016 5e-05 0)
(0.00017 5e-05 0)
(0.00018 5e-05 0)
(0.00019 5e-05 0)
(0.0002 5e-05 0)
(0.00021 5e-05 0)
(0.00022 5e-05 0)
(0.00023 5e-05 0)
(0.00024 5e-05 0)
(0.00025 5e-05 0)
(0.00026 5e-05 0)
(0.00027 5e-05 0)
(0.00028 5e-05 0)
(0.00029 5e-05 0)
(0.0003 5e-05 0)
(0.00031 5e-05 0)
(0.00032 5e-05 0)
(0.00033 5e-05 0)
(0.00034 5e-05 0)
(0.00035 5e-05 0)
(0.00036 5e-05 -1.129377263e-21)
(0.00037 5e-05 1.129377263e-21)
(0.00038 5e-05 0)
(0.00039 5e-05 0)
(0.0004 5e-05 0)
(0.00041 5e-05 0)
(0.00042 5e-05 0)
(0.00043 5e-05 0)
(0.00044 5e-05 0)
(0.00045 5e-05 -1.129377263e-21)
(0.00046 5e-05 1.129377263e-21)
(0.00047 5e-05 0)
(0.00048 5e-05 0)
(0.00049 5e-05 0)
(0.0005 5e-05 0)
(0.00051 5e-05 0)
(0.00052 5e-05 0)
(0.00053 5e-05 0)
(0.00054 5e-05 -1.129377263e-21)
(0.00055 5e-05 1.129377263e-21)
(0.00056 5e-05 0)
(0.00057 5e-05 1.129377263e-21)
(0.00058 5e-05 0)
(0.00059 5e-05 0)
(0.0006 5e-05 0)
(0.00061 5e-05 0)
(0.00062 5e-05 0)
(0.00063 5e-05 0)
(0.00064 5e-05 -5.646886315e-22)
(0.00065 5e-05 -5.646886315e-22)
(0.00066 5e-05 -5.646886315e-22)
(0.00067 5e-05 -5.646886315e-22)
(0.00068 5e-05 0)
(0.00069 5e-05 0)
(0.0007 5e-05 0)
(0.00071 5e-05 0)
(0.00072 5e-05 5.646886315e-22)
(0.00073 5e-05 5.646886315e-22)
(0.00074 5e-05 5.646886315e-22)
(0.00075 5e-05 5.646886315e-22)
(0.00076 5e-05 0)
(0.00077 5e-05 0)
(0.00078 5e-05 0)
(0.00079 5e-05 0)
(0.0008 5e-05 0)
(0.00081 5e-05 0)
(0.00082 5e-05 0)
(0.00083 5e-05 0)
(0.00084 5e-05 0)
(0.00085 5e-05 0)
(0.00086 5e-05 0)
(0.00087 5e-05 0)
(0.00088 5e-05 0)
(0.00089 5e-05 0)
(0.0009 5e-05 0)
(0.00091 5e-05 0)
(0.00092 5e-05 0)
(0.00093 5e-05 0)
(0.00094 5e-05 0)
(0.00095 5e-05 0)
(0.00096 5e-05 5.646886315e-22)
(0.00097 5e-05 5.646886315e-22)
(0.00098 5e-05 0)
(0.00099 5e-05 0)
(0.001 5e-05 5.646886315e-22)
(0.00101 5e-05 -5.646886315e-22)
(0.00102 5e-05 -5.646886315e-22)
(0.00103 5e-05 0)
(0.00104 5e-05 0)
(0.00105 5e-05 5.646886315e-22)
(0.00106 5e-05 2.823443158e-22)
(0.00107 5e-05 0)
(0.00108 5e-05 -2.823443158e-22)
(0.00109 5e-05 5.646886315e-22)
(0.0011 5e-05 -5.646886315e-22)
(0.00111 5e-05 2.823443158e-22)
(0.00112 5e-05 0)
(0.00113 5e-05 -2.823443158e-22)
(0.00114 5e-05 2.823443158e-22)
(0.00115 5e-05 2.823443158e-22)
(0.00116 5e-05 0)
(0.00117 5e-05 -2.823443158e-22)
(0.00118 5e-05 5.646886315e-22)
(0.00119 5e-05 2.823443158e-22)
(0.0012 5e-05 0)
(0.00121 5e-05 -2.823443158e-22)
(0.00122 5e-05 -5.646886315e-22)
(0.00123 5e-05 2.823443158e-22)
(0.00124 5e-05 0)
(0.00125 5e-05 -2.823443158e-22)
(0.00126 5e-05 -2.823443158e-22)
(0.00127 5e-05 -5.646886315e-22)
(0.00128 5e-05 2.823443158e-22)
(0.00129 5e-05 0)
(0.0013 5e-05 -4.235164736e-22)
(0.00131 5e-05 4.235164736e-22)
(0.00132 5e-05 1.411721579e-22)
(0.00133 5e-05 0)
(0.00134 5e-05 -2.823443158e-22)
(0.00135 5e-05 5.646886315e-22)
(0.00136 5e-05 4.235164736e-22)
(0.00137 5e-05 1.411721579e-22)
(0.00138 5e-05 -2.823443158e-22)
(0.00139 5e-05 5.646886315e-22)
(0.0014 5e-05 3.529303947e-22)
(0.00141 5e-05 7.058607894e-23)
(0.00142 5e-05 -1.411721579e-22)
(0.00143 5e-05 -3.529303947e-22)
(0.00144 5e-05 4.941025526e-22)
(0.00145 5e-05 2.823443158e-22)
(0.00146 5e-05 -1.764651973e-22)
(0.00147 5e-05 -4.235164736e-22)
(0.00148 5e-05 4.764560328e-22)
(0.00149 5e-05 2.382280164e-22)
(0.0015 5e-05 0)
(6e-05 -5e-05 1e-05)
(7e-05 -5e-05 1e-05)
(8e-05 -5e-05 1e-05)
(9e-05 -5e-05 1e-05)
(0.0001 -5e-05 1e-05)
(0.00011 -5e-05 1e-05)
(0.00012 -5e-05 1e-05)
(0.00013 -5e-05 1e-05)
(0.00014 -5e-05 1e-05)
(0.00015 -5e-05 1e-05)
(0.00016 -5e-05 1e-05)
(0.00017 -5e-05 1e-05)
(0.00018 -5e-05 1e-05)
(0.00019 -5e-05 1e-05)
(0.0002 -5e-05 1e-05)
(0.00021 -5e-05 1e-05)
(0.00022 -5e-05 1e-05)
(0.00023 -5e-05 1e-05)
(0.00024 -5e-05 1e-05)
(0.00025 -5e-05 1e-05)
(0.00026 -5e-05 1e-05)
(0.00027 -5e-05 1e-05)
(0.00028 -5e-05 1e-05)
(0.00029 -5e-05 1e-05)
(0.0003 -5e-05 1e-05)
(0.00031 -5e-05 1e-05)
(0.00032 -5e-05 1e-05)
(0.00033 -5e-05 1e-05)
(0.00034 -5e-05 1e-05)
(0.00035 -5e-05 1e-05)
(0.00036 -5e-05 1e-05)
(0.00037 -5e-05 1e-05)
(0.00038 -5e-05 1e-05)
(0.00039 -5e-05 1e-05)
(0.0004 -5e-05 1e-05)
(0.00041 -5e-05 1e-05)
(0.00042 -5e-05 1e-05)
(0.00043 -5e-05 1e-05)
(0.00044 -5e-05 1e-05)
(0.00045 -5e-05 1e-05)
(0.00046 -5e-05 1e-05)
(0.00047 -5e-05 1e-05)
(0.00048 -5e-05 1e-05)
(0.00049 -5e-05 1e-05)
(0.0005 -5e-05 1e-05)
(0.00051 -5e-05 1e-05)
(0.00052 -5e-05 1e-05)
(0.00053 -5e-05 1e-05)
(0.00054 -5e-05 1e-05)
(0.00055 -5e-05 1e-05)
(0.00056 -5e-05 1e-05)
(0.00057 -5e-05 1e-05)
(0.00058 -5e-05 1e-05)
(0.00059 -5e-05 1e-05)
(0.0006 -5e-05 1e-05)
(0.00061 -5e-05 1e-05)
(0.00062 -5e-05 1e-05)
(0.00063 -5e-05 1e-05)
(0.00064 -5e-05 1e-05)
(0.00065 -5e-05 1e-05)
(0.00066 -5e-05 1e-05)
(0.00067 -5e-05 1e-05)
(0.00068 -5e-05 1e-05)
(0.00069 -5e-05 1e-05)
(0.0007 -5e-05 1e-05)
(0.00071 -5e-05 1e-05)
(0.00072 -5e-05 1e-05)
(0.00073 -5e-05 1e-05)
(0.00074 -5e-05 1e-05)
(0.00075 -5e-05 1e-05)
(0.00076 -5e-05 1e-05)
(0.00077 -5e-05 1e-05)
(0.00078 -5e-05 1e-05)
(0.00079 -5e-05 1e-05)
(0.0008 -5e-05 1e-05)
(0.00081 -5e-05 1e-05)
(0.00082 -5e-05 1e-05)
(0.00083 -5e-05 1e-05)
(0.00084 -5e-05 1e-05)
(0.00085 -5e-05 1e-05)
(0.00086 -5e-05 1e-05)
(0.00087 -5e-05 1e-05)
(0.00088 -5e-05 1e-05)
(0.00089 -5e-05 1e-05)
(0.0009 -5e-05 1e-05)
(0.00091 -5e-05 1e-05)
(0.00092 -5e-05 1e-05)
(0.00093 -5e-05 1e-05)
(0.00094 -5e-05 1e-05)
(0.00095 -5e-05 1e-05)
(0.00096 -5e-05 1e-05)
(0.00097 -5e-05 1e-05)
(0.00098 -5e-05 1e-05)
(0.00099 -5e-05 1e-05)
(0.001 -5e-05 1e-05)
(0.00101 -5e-05 1e-05)
(0.00102 -5e-05 1e-05)
(0.00103 -5e-05 1e-05)
(0.00104 -5e-05 1e-05)
(0.00105 -5e-05 1e-05)
(0.00106 -5e-05 1e-05)
(0.00107 -5e-05 1e-05)
(0.00108 -5e-05 1e-05)
(0.00109 -5e-05 1e-05)
(0.0011 -5e-05 1e-05)
(0.00111 -5e-05 1e-05)
(0.00112 -5e-05 1e-05)
(0.00113 -5e-05 1e-05)
(0.00114 -5e-05 1e-05)
(0.00115 -5e-05 1e-05)
(0.00116 -5e-05 1e-05)
(0.00117 -5e-05 1e-05)
(0.00118 -5e-05 1e-05)
(0.00119 -5e-05 1e-05)
(0.0012 -5e-05 1e-05)
(0.00121 -5e-05 1e-05)
(0.00122 -5e-05 1e-05)
(0.00123 -5e-05 1e-05)
(0.00124 -5e-05 1e-05)
(0.00125 -5e-05 1e-05)
(0.00126 -5e-05 1e-05)
(0.00127 -5e-05 1e-05)
(0.00128 -5e-05 1e-05)
(0.00129 -5e-05 1e-05)
(0.0013 -5e-05 1e-05)
(0.00131 -5e-05 1e-05)
(0.00132 -5e-05 1e-05)
(0.00133 -5e-05 1e-05)
(0.00134 -5e-05 1e-05)
(0.00135 -5e-05 1e-05)
(0.00136 -5e-05 1e-05)
(0.00137 -5e-05 1e-05)
(0.00138 -5e-05 1e-05)
(0.00139 -5e-05 1e-05)
(0.0014 -5e-05 1e-05)
(0.00141 -5e-05 1e-05)
(0.00142 -5e-05 1e-05)
(0.00143 -5e-05 1e-05)
(0.00144 -5e-05 1e-05)
(0.00145 -5e-05 1e-05)
(0.00146 -5e-05 1e-05)
(0.00147 -5e-05 1e-05)
(0.00148 -5e-05 1e-05)
(0.00149 -5e-05 1e-05)
(0.0015 -5e-05 1e-05)
(6e-05 -4e-05 1e-05)
(7e-05 -4e-05 1e-05)
(8e-05 -4e-05 1e-05)
(9e-05 -4e-05 1e-05)
(0.0001 -4e-05 1e-05)
(0.00011 -4e-05 1e-05)
(0.00012 -4e-05 1e-05)
(0.00013 -4e-05 1e-05)
(0.00014 -4e-05 1e-05)
(0.00015 -4e-05 1e-05)
(0.00016 -4e-05 1e-05)
(0.00017 -4e-05 1e-05)
(0.00018 -4e-05 1e-05)
(0.00019 -4e-05 1e-05)
(0.0002 -4e-05 1e-05)
(0.00021 -4e-05 1e-05)
(0.00022 -4e-05 1e-05)
(0.00023 -4e-05 1e-05)
(0.00024 -4e-05 1e-05)
(0.00025 -4e-05 1e-05)
(0.00026 -4e-05 1e-05)
(0.00027 -4e-05 1e-05)
(0.00028 -4e-05 1e-05)
(0.00029 -4e-05 1e-05)
(0.0003 -4e-05 1e-05)
(0.00031 -4e-05 1e-05)
(0.00032 -4e-05 1e-05)
(0.00033 -4e-05 1e-05)
(0.00034 -4e-05 1e-05)
(0.00035 -4e-05 1e-05)
(0.00036 -4e-05 1e-05)
(0.00037 -4e-05 1e-05)
(0.00038 -4e-05 1e-05)
(0.00039 -4e-05 1e-05)
(0.0004 -4e-05 1e-05)
(0.00041 -4e-05 1e-05)
(0.00042 -4e-05 1e-05)
(0.00043 -4e-05 1e-05)
(0.00044 -4e-05 1e-05)
(0.00045 -4e-05 1e-05)
(0.00046 -4e-05 1e-05)
(0.00047 -4e-05 1e-05)
(0.00048 -4e-05 1e-05)
(0.00049 -4e-05 1e-05)
(0.0005 -4e-05 1e-05)
(0.00051 -4e-05 1e-05)
(0.00052 -4e-05 1e-05)
(0.00053 -4e-05 1e-05)
(0.00054 -4e-05 1e-05)
(0.00055 -4e-05 1e-05)
(0.00056 -4e-05 1e-05)
(0.00057 -4e-05 1e-05)
(0.00058 -4e-05 1e-05)
(0.00059 -4e-05 1e-05)
(0.0006 -4e-05 1e-05)
(0.00061 -4e-05 1e-05)
(0.00062 -4e-05 1e-05)
(0.00063 -4e-05 1e-05)
(0.00064 -4e-05 1e-05)
(0.00065 -4e-05 1e-05)
(0.00066 -4e-05 1e-05)
(0.00067 -4e-05 1e-05)
(0.00068 -4e-05 1e-05)
(0.00069 -4e-05 1e-05)
(0.0007 -4e-05 1e-05)
(0.00071 -4e-05 1e-05)
(0.00072 -4e-05 1e-05)
(0.00073 -4e-05 1e-05)
(0.00074 -4e-05 1e-05)
(0.00075 -4e-05 1e-05)
(0.00076 -4e-05 1e-05)
(0.00077 -4e-05 1e-05)
(0.00078 -4e-05 1e-05)
(0.00079 -4e-05 1e-05)
(0.0008 -4e-05 1e-05)
(0.00081 -4e-05 1e-05)
(0.00082 -4e-05 1e-05)
(0.00083 -4e-05 1e-05)
(0.00084 -4e-05 1e-05)
(0.00085 -4e-05 1e-05)
(0.00086 -4e-05 1e-05)
(0.00087 -4e-05 1e-05)
(0.00088 -4e-05 1e-05)
(0.00089 -4e-05 1e-05)
(0.0009 -4e-05 1e-05)
(0.00091 -4e-05 1e-05)
(0.00092 -4e-05 1e-05)
(0.00093 -4e-05 1e-05)
(0.00094 -4e-05 1e-05)
(0.00095 -4e-05 1e-05)
(0.00096 -4e-05 1e-05)
(0.00097 -4e-05 1e-05)
(0.00098 -4e-05 1e-05)
(0.00099 -4e-05 1e-05)
(0.001 -4e-05 1e-05)
(0.00101 -4e-05 1e-05)
(0.00102 -4e-05 1e-05)
(0.00103 -4e-05 1e-05)
(0.00104 -4e-05 1e-05)
(0.00105 -4e-05 1e-05)
(0.00106 -4e-05 1e-05)
(0.00107 -4e-05 1e-05)
(0.00108 -4e-05 1e-05)
(0.00109 -4e-05 1e-05)
(0.0011 -4e-05 1e-05)
(0.00111 -4e-05 1e-05)
(0.00112 -4e-05 1e-05)
(0.00113 -4e-05 1e-05)
(0.00114 -4e-05 1e-05)
(0.00115 -4e-05 1e-05)
(0.00116 -4e-05 1e-05)
(0.00117 -4e-05 1e-05)
(0.00118 -4e-05 1e-05)
(0.00119 -4e-05 1e-05)
(0.0012 -4e-05 1e-05)
(0.00121 -4e-05 1e-05)
(0.00122 -4e-05 1e-05)
(0.00123 -4e-05 1e-05)
(0.00124 -4e-05 1e-05)
(0.00125 -4e-05 1e-05)
(0.00126 -4e-05 1e-05)
(0.00127 -4e-05 1e-05)
(0.00128 -4e-05 1e-05)
(0.00129 -4e-05 1e-05)
(0.0013 -4e-05 1e-05)
(0.00131 -4e-05 1e-05)
(0.00132 -4e-05 1e-05)
(0.00133 -4e-05 1e-05)
(0.00134 -4e-05 1e-05)
(0.00135 -4e-05 1e-05)
(0.00136 -4e-05 1e-05)
(0.00137 -4e-05 1e-05)
(0.00138 -4e-05 1e-05)
(0.00139 -4e-05 1e-05)
(0.0014 -4e-05 1e-05)
(0.00141 -4e-05 1e-05)
(0.00142 -4e-05 1e-05)
(0.00143 -4e-05 1e-05)
(0.00144 -4e-05 1e-05)
(0.00145 -4e-05 1e-05)
(0.00146 -4e-05 1e-05)
(0.00147 -4e-05 1e-05)
(0.00148 -4e-05 1e-05)
(0.00149 -4e-05 1e-05)
(0.0015 -4e-05 1e-05)
(6e-05 -3e-05 1e-05)
(7e-05 -3e-05 1e-05)
(8e-05 -3e-05 1e-05)
(9e-05 -3e-05 1e-05)
(0.0001 -3e-05 1e-05)
(0.00011 -3e-05 1e-05)
(0.00012 -3e-05 1e-05)
(0.00013 -3e-05 1e-05)
(0.00014 -3e-05 1e-05)
(0.00015 -3e-05 1e-05)
(0.00016 -3e-05 1e-05)
(0.00017 -3e-05 1e-05)
(0.00018 -3e-05 1e-05)
(0.00019 -3e-05 1e-05)
(0.0002 -3e-05 1e-05)
(0.00021 -3e-05 1e-05)
(0.00022 -3e-05 1e-05)
(0.00023 -3e-05 1e-05)
(0.00024 -3e-05 1e-05)
(0.00025 -3e-05 1e-05)
(0.00026 -3e-05 1e-05)
(0.00027 -3e-05 1e-05)
(0.00028 -3e-05 1e-05)
(0.00029 -3e-05 1e-05)
(0.0003 -3e-05 1e-05)
(0.00031 -3e-05 1e-05)
(0.00032 -3e-05 1e-05)
(0.00033 -3e-05 1e-05)
(0.00034 -3e-05 1e-05)
(0.00035 -3e-05 1e-05)
(0.00036 -3e-05 1e-05)
(0.00037 -3e-05 1e-05)
(0.00038 -3e-05 1e-05)
(0.00039 -3e-05 1e-05)
(0.0004 -3e-05 1e-05)
(0.00041 -3e-05 1e-05)
(0.00042 -3e-05 1e-05)
(0.00043 -3e-05 1e-05)
(0.00044 -3e-05 1e-05)
(0.00045 -3e-05 1e-05)
(0.00046 -3e-05 1e-05)
(0.00047 -3e-05 1e-05)
(0.00048 -3e-05 1e-05)
(0.00049 -3e-05 1e-05)
(0.0005 -3e-05 1e-05)
(0.00051 -3e-05 1e-05)
(0.00052 -3e-05 1e-05)
(0.00053 -3e-05 1e-05)
(0.00054 -3e-05 1e-05)
(0.00055 -3e-05 1e-05)
(0.00056 -3e-05 1e-05)
(0.00057 -3e-05 1e-05)
(0.00058 -3e-05 1e-05)
(0.00059 -3e-05 1e-05)
(0.0006 -3e-05 1e-05)
(0.00061 -3e-05 1e-05)
(0.00062 -3e-05 1e-05)
(0.00063 -3e-05 1e-05)
(0.00064 -3e-05 1e-05)
(0.00065 -3e-05 1e-05)
(0.00066 -3e-05 1e-05)
(0.00067 -3e-05 1e-05)
(0.00068 -3e-05 1e-05)
(0.00069 -3e-05 1e-05)
(0.0007 -3e-05 1e-05)
(0.00071 -3e-05 1e-05)
(0.00072 -3e-05 1e-05)
(0.00073 -3e-05 1e-05)
(0.00074 -3e-05 1e-05)
(0.00075 -3e-05 1e-05)
(0.00076 -3e-05 1e-05)
(0.00077 -3e-05 1e-05)
(0.00078 -3e-05 1e-05)
(0.00079 -3e-05 1e-05)
(0.0008 -3e-05 1e-05)
(0.00081 -3e-05 1e-05)
(0.00082 -3e-05 1e-05)
(0.00083 -3e-05 1e-05)
(0.00084 -3e-05 1e-05)
(0.00085 -3e-05 1e-05)
(0.00086 -3e-05 1e-05)
(0.00087 -3e-05 1e-05)
(0.00088 -3e-05 1e-05)
(0.00089 -3e-05 1e-05)
(0.0009 -3e-05 1e-05)
(0.00091 -3e-05 1e-05)
(0.00092 -3e-05 1e-05)
(0.00093 -3e-05 1e-05)
(0.00094 -3e-05 1e-05)
(0.00095 -3e-05 1e-05)
(0.00096 -3e-05 1e-05)
(0.00097 -3e-05 1e-05)
(0.00098 -3e-05 1e-05)
(0.00099 -3e-05 1e-05)
(0.001 -3e-05 1e-05)
(0.00101 -3e-05 1e-05)
(0.00102 -3e-05 1e-05)
(0.00103 -3e-05 1e-05)
(0.00104 -3e-05 1e-05)
(0.00105 -3e-05 1e-05)
(0.00106 -3e-05 1e-05)
(0.00107 -3e-05 1e-05)
(0.00108 -3e-05 1e-05)
(0.00109 -3e-05 1e-05)
(0.0011 -3e-05 1e-05)
(0.00111 -3e-05 1e-05)
(0.00112 -3e-05 1e-05)
(0.00113 -3e-05 1e-05)
(0.00114 -3e-05 1e-05)
(0.00115 -3e-05 1e-05)
(0.00116 -3e-05 1e-05)
(0.00117 -3e-05 1e-05)
(0.00118 -3e-05 1e-05)
(0.00119 -3e-05 1e-05)
(0.0012 -3e-05 1e-05)
(0.00121 -3e-05 1e-05)
(0.00122 -3e-05 1e-05)
(0.00123 -3e-05 1e-05)
(0.00124 -3e-05 1e-05)
(0.00125 -3e-05 1e-05)
(0.00126 -3e-05 1e-05)
(0.00127 -3e-05 1e-05)
(0.00128 -3e-05 1e-05)
(0.00129 -3e-05 1e-05)
(0.0013 -3e-05 1e-05)
(0.00131 -3e-05 1e-05)
(0.00132 -3e-05 1e-05)
(0.00133 -3e-05 1e-05)
(0.00134 -3e-05 1e-05)
(0.00135 -3e-05 1e-05)
(0.00136 -3e-05 1e-05)
(0.00137 -3e-05 1e-05)
(0.00138 -3e-05 1e-05)
(0.00139 -3e-05 1e-05)
(0.0014 -3e-05 1e-05)
(0.00141 -3e-05 1e-05)
(0.00142 -3e-05 1e-05)
(0.00143 -3e-05 1e-05)
(0.00144 -3e-05 1e-05)
(0.00145 -3e-05 1e-05)
(0.00146 -3e-05 1e-05)
(0.00147 -3e-05 1e-05)
(0.00148 -3e-05 1e-05)
(0.00149 -3e-05 1e-05)
(0.0015 -3e-05 1e-05)
(6e-05 -2e-05 1e-05)
(7e-05 -2e-05 1e-05)
(8e-05 -2e-05 1e-05)
(9e-05 -2e-05 1e-05)
(0.0001 -2e-05 1e-05)
(0.00011 -2e-05 1e-05)
(0.00012 -2e-05 1e-05)
(0.00013 -2e-05 1e-05)
(0.00014 -2e-05 1e-05)
(0.00015 -2e-05 1e-05)
(0.00016 -2e-05 1e-05)
(0.00017 -2e-05 1e-05)
(0.00018 -2e-05 1e-05)
(0.00019 -2e-05 1e-05)
(0.0002 -2e-05 1e-05)
(0.00021 -2e-05 1e-05)
(0.00022 -2e-05 1e-05)
(0.00023 -2e-05 1e-05)
(0.00024 -2e-05 1e-05)
(0.00025 -2e-05 1e-05)
(0.00026 -2e-05 1e-05)
(0.00027 -2e-05 1e-05)
(0.00028 -2e-05 1e-05)
(0.00029 -2e-05 1e-05)
(0.0003 -2e-05 1e-05)
(0.00031 -2e-05 1e-05)
(0.00032 -2e-05 1e-05)
(0.00033 -2e-05 1e-05)
(0.00034 -2e-05 1e-05)
(0.00035 -2e-05 1e-05)
(0.00036 -2e-05 1e-05)
(0.00037 -2e-05 1e-05)
(0.00038 -2e-05 1e-05)
(0.00039 -2e-05 1e-05)
(0.0004 -2e-05 1e-05)
(0.00041 -2e-05 1e-05)
(0.00042 -2e-05 1e-05)
(0.00043 -2e-05 1e-05)
(0.00044 -2e-05 1e-05)
(0.00045 -2e-05 1e-05)
(0.00046 -2e-05 1e-05)
(0.00047 -2e-05 1e-05)
(0.00048 -2e-05 1e-05)
(0.00049 -2e-05 1e-05)
(0.0005 -2e-05 1e-05)
(0.00051 -2e-05 1e-05)
(0.00052 -2e-05 1e-05)
(0.00053 -2e-05 1e-05)
(0.00054 -2e-05 1e-05)
(0.00055 -2e-05 1e-05)
(0.00056 -2e-05 1e-05)
(0.00057 -2e-05 1e-05)
(0.00058 -2e-05 1e-05)
(0.00059 -2e-05 1e-05)
(0.0006 -2e-05 1e-05)
(0.00061 -2e-05 1e-05)
(0.00062 -2e-05 1e-05)
(0.00063 -2e-05 1e-05)
(0.00064 -2e-05 1e-05)
(0.00065 -2e-05 1e-05)
(0.00066 -2e-05 1e-05)
(0.00067 -2e-05 1e-05)
(0.00068 -2e-05 1e-05)
(0.00069 -2e-05 1e-05)
(0.0007 -2e-05 1e-05)
(0.00071 -2e-05 1e-05)
(0.00072 -2e-05 1e-05)
(0.00073 -2e-05 1e-05)
(0.00074 -2e-05 1e-05)
(0.00075 -2e-05 1e-05)
(0.00076 -2e-05 1e-05)
(0.00077 -2e-05 1e-05)
(0.00078 -2e-05 1e-05)
(0.00079 -2e-05 1e-05)
(0.0008 -2e-05 1e-05)
(0.00081 -2e-05 1e-05)
(0.00082 -2e-05 1e-05)
(0.00083 -2e-05 1e-05)
(0.00084 -2e-05 1e-05)
(0.00085 -2e-05 1e-05)
(0.00086 -2e-05 1e-05)
(0.00087 -2e-05 1e-05)
(0.00088 -2e-05 1e-05)
(0.00089 -2e-05 1e-05)
(0.0009 -2e-05 1e-05)
(0.00091 -2e-05 1e-05)
(0.00092 -2e-05 1e-05)
(0.00093 -2e-05 1e-05)
(0.00094 -2e-05 1e-05)
(0.00095 -2e-05 1e-05)
(0.00096 -2e-05 1e-05)
(0.00097 -2e-05 1e-05)
(0.00098 -2e-05 1e-05)
(0.00099 -2e-05 1e-05)
(0.001 -2e-05 1e-05)
(0.00101 -2e-05 1e-05)
(0.00102 -2e-05 1e-05)
(0.00103 -2e-05 1e-05)
(0.00104 -2e-05 1e-05)
(0.00105 -2e-05 1e-05)
(0.00106 -2e-05 1e-05)
(0.00107 -2e-05 1e-05)
(0.00108 -2e-05 1e-05)
(0.00109 -2e-05 1e-05)
(0.0011 -2e-05 1e-05)
(0.00111 -2e-05 1e-05)
(0.00112 -2e-05 1e-05)
(0.00113 -2e-05 1e-05)
(0.00114 -2e-05 1e-05)
(0.00115 -2e-05 1e-05)
(0.00116 -2e-05 1e-05)
(0.00117 -2e-05 1e-05)
(0.00118 -2e-05 1e-05)
(0.00119 -2e-05 1e-05)
(0.0012 -2e-05 1e-05)
(0.00121 -2e-05 1e-05)
(0.00122 -2e-05 1e-05)
(0.00123 -2e-05 1e-05)
(0.00124 -2e-05 1e-05)
(0.00125 -2e-05 1e-05)
(0.00126 -2e-05 1e-05)
(0.00127 -2e-05 1e-05)
(0.00128 -2e-05 1e-05)
(0.00129 -2e-05 1e-05)
(0.0013 -2e-05 1e-05)
(0.00131 -2e-05 1e-05)
(0.00132 -2e-05 1e-05)
(0.00133 -2e-05 1e-05)
(0.00134 -2e-05 1e-05)
(0.00135 -2e-05 1e-05)
(0.00136 -2e-05 1e-05)
(0.00137 -2e-05 1e-05)
(0.00138 -2e-05 1e-05)
(0.00139 -2e-05 1e-05)
(0.0014 -2e-05 1e-05)
(0.00141 -2e-05 1e-05)
(0.00142 -2e-05 1e-05)
(0.00143 -2e-05 1e-05)
(0.00144 -2e-05 1e-05)
(0.00145 -2e-05 1e-05)
(0.00146 -2e-05 1e-05)
(0.00147 -2e-05 1e-05)
(0.00148 -2e-05 1e-05)
(0.00149 -2e-05 1e-05)
(0.0015 -2e-05 1e-05)
(6e-05 -1e-05 1e-05)
(7e-05 -1e-05 1e-05)
(8e-05 -1e-05 1e-05)
(9e-05 -1e-05 1e-05)
(0.0001 -1e-05 1e-05)
(0.00011 -1e-05 1e-05)
(0.00012 -1e-05 1e-05)
(0.00013 -1e-05 1e-05)
(0.00014 -1e-05 1e-05)
(0.00015 -1e-05 1e-05)
(0.00016 -1e-05 1e-05)
(0.00017 -1e-05 1e-05)
(0.00018 -1e-05 1e-05)
(0.00019 -1e-05 1e-05)
(0.0002 -1e-05 1e-05)
(0.00021 -1e-05 1e-05)
(0.00022 -1e-05 1e-05)
(0.00023 -1e-05 1e-05)
(0.00024 -1e-05 1e-05)
(0.00025 -1e-05 1e-05)
(0.00026 -1e-05 1e-05)
(0.00027 -1e-05 1e-05)
(0.00028 -1e-05 1e-05)
(0.00029 -1e-05 1e-05)
(0.0003 -1e-05 1e-05)
(0.00031 -1e-05 1e-05)
(0.00032 -1e-05 1e-05)
(0.00033 -1e-05 1e-05)
(0.00034 -1e-05 1e-05)
(0.00035 -1e-05 1e-05)
(0.00036 -1e-05 1e-05)
(0.00037 -1e-05 1e-05)
(0.00038 -1e-05 1e-05)
(0.00039 -1e-05 1e-05)
(0.0004 -1e-05 1e-05)
(0.00041 -1e-05 1e-05)
(0.00042 -1e-05 1e-05)
(0.00043 -1e-05 1e-05)
(0.00044 -1e-05 1e-05)
(0.00045 -1e-05 1e-05)
(0.00046 -1e-05 1e-05)
(0.00047 -1e-05 1e-05)
(0.00048 -1e-05 1e-05)
(0.00049 -1e-05 1e-05)
(0.0005 -1e-05 1e-05)
(0.00051 -1e-05 1e-05)
(0.00052 -1e-05 1e-05)
(0.00053 -1e-05 1e-05)
(0.00054 -1e-05 1e-05)
(0.00055 -1e-05 1e-05)
(0.00056 -1e-05 1e-05)
(0.00057 -1e-05 1e-05)
(0.00058 -1e-05 1e-05)
(0.00059 -1e-05 1e-05)
(0.0006 -1e-05 1e-05)
(0.00061 -1e-05 1e-05)
(0.00062 -1e-05 1e-05)
(0.00063 -1e-05 1e-05)
(0.00064 -1e-05 1e-05)
(0.00065 -1e-05 1e-05)
(0.00066 -1e-05 1e-05)
(0.00067 -1e-05 1e-05)
(0.00068 -1e-05 1e-05)
(0.00069 -1e-05 1e-05)
(0.0007 -1e-05 1e-05)
(0.00071 -1e-05 1e-05)
(0.00072 -1e-05 1e-05)
(0.00073 -1e-05 1e-05)
(0.00074 -1e-05 1e-05)
(0.00075 -1e-05 1e-05)
(0.00076 -1e-05 1e-05)
(0.00077 -1e-05 1e-05)
(0.00078 -1e-05 1e-05)
(0.00079 -1e-05 1e-05)
(0.0008 -1e-05 1e-05)
(0.00081 -1e-05 1e-05)
(0.00082 -1e-05 1e-05)
(0.00083 -1e-05 1e-05)
(0.00084 -1e-05 1e-05)
(0.00085 -1e-05 1e-05)
(0.00086 -1e-05 1e-05)
(0.00087 -1e-05 1e-05)
(0.00088 -1e-05 1e-05)
(0.00089 -1e-05 1e-05)
(0.0009 -1e-05 1e-05)
(0.00091 -1e-05 1e-05)
(0.00092 -1e-05 1e-05)
(0.00093 -1e-05 1e-05)
(0.00094 -1e-05 1e-05)
(0.00095 -1e-05 1e-05)
(0.00096 -1e-05 1e-05)
(0.00097 -1e-05 1e-05)
(0.00098 -1e-05 1e-05)
(0.00099 -1e-05 1e-05)
(0.001 -1e-05 1e-05)
(0.00101 -1e-05 1e-05)
(0.00102 -1e-05 1e-05)
(0.00103 -1e-05 1e-05)
(0.00104 -1e-05 1e-05)
(0.00105 -1e-05 1e-05)
(0.00106 -1e-05 1e-05)
(0.00107 -1e-05 1e-05)
(0.00108 -1e-05 1e-05)
(0.00109 -1e-05 1e-05)
(0.0011 -1e-05 1e-05)
(0.00111 -1e-05 1e-05)
(0.00112 -1e-05 1e-05)
(0.00113 -1e-05 1e-05)
(0.00114 -1e-05 1e-05)
(0.00115 -1e-05 1e-05)
(0.00116 -1e-05 1e-05)
(0.00117 -1e-05 1e-05)
(0.00118 -1e-05 1e-05)
(0.00119 -1e-05 1e-05)
(0.0012 -1e-05 1e-05)
(0.00121 -1e-05 1e-05)
(0.00122 -1e-05 1e-05)
(0.00123 -1e-05 1e-05)
(0.00124 -1e-05 1e-05)
(0.00125 -1e-05 1e-05)
(0.00126 -1e-05 1e-05)
(0.00127 -1e-05 1e-05)
(0.00128 -1e-05 1e-05)
(0.00129 -1e-05 1e-05)
(0.0013 -1e-05 1e-05)
(0.00131 -1e-05 1e-05)
(0.00132 -1e-05 1e-05)
(0.00133 -1e-05 1e-05)
(0.00134 -1e-05 1e-05)
(0.00135 -1e-05 1e-05)
(0.00136 -1e-05 1e-05)
(0.00137 -1e-05 1e-05)
(0.00138 -1e-05 1e-05)
(0.00139 -1e-05 1e-05)
(0.0014 -1e-05 1e-05)
(0.00141 -1e-05 1e-05)
(0.00142 -1e-05 1e-05)
(0.00143 -1e-05 1e-05)
(0.00144 -1e-05 1e-05)
(0.00145 -1e-05 1e-05)
(0.00146 -1e-05 1e-05)
(0.00147 -1e-05 1e-05)
(0.00148 -1e-05 1e-05)
(0.00149 -1e-05 1e-05)
(0.0015 -1e-05 1e-05)
(6e-05 0 1e-05)
(7e-05 0 1e-05)
(8e-05 0 1e-05)
(9e-05 0 1e-05)
(0.0001 1.129377263e-21 1e-05)
(0.00011 0 1e-05)
(0.00012 0 1e-05)
(0.00013 0 1e-05)
(0.00014 0 1e-05)
(0.00015 0 1e-05)
(0.00016 0 1e-05)
(0.00017 0 1e-05)
(0.00018 0 1e-05)
(0.00019 0 1e-05)
(0.0002 0 1e-05)
(0.00021 0 1e-05)
(0.00022 0 1e-05)
(0.00023 0 1e-05)
(0.00024 0 1e-05)
(0.00025 0 1e-05)
(0.00026 0 1e-05)
(0.00027 0 1e-05)
(0.00028 0 1e-05)
(0.00029 0 1e-05)
(0.0003 0 1e-05)
(0.00031 0 1e-05)
(0.00032 0 1e-05)
(0.00033 0 1e-05)
(0.00034 0 1e-05)
(0.00035 0 1e-05)
(0.00036 -1.129377263e-21 1e-05)
(0.00037 1.129377263e-21 1e-05)
(0.00038 0 1e-05)
(0.00039 1.129377263e-21 1e-05)
(0.0004 0 1e-05)
(0.00041 0 1e-05)
(0.00042 0 1e-05)
(0.00043 0 1e-05)
(0.00044 0 1e-05)
(0.00045 -1.129377263e-21 1e-05)
(0.00046 1.129377263e-21 1e-05)
(0.00047 0 1e-05)
(0.00048 0 1e-05)
(0.00049 0 1e-05)
(0.0005 0 1e-05)
(0.00051 0 1e-05)
(0.00052 0 1e-05)
(0.00053 0 1e-05)
(0.00054 -1.129377263e-21 1e-05)
(0.00055 1.129377263e-21 1e-05)
(0.00056 0 1e-05)
(0.00057 1.129377263e-21 1e-05)
(0.00058 0 1e-05)
(0.00059 0 1e-05)
(0.0006 0 1e-05)
(0.00061 0 1e-05)
(0.00062 0 1e-05)
(0.00063 0 1e-05)
(0.00064 -5.646886315e-22 1e-05)
(0.00065 -5.646886315e-22 1e-05)
(0.00066 0 1e-05)
(0.00067 -5.646886315e-22 1e-05)
(0.00068 0 1e-05)
(0.00069 0 1e-05)
(0.0007 0 1e-05)
(0.00071 0 1e-05)
(0.00072 5.646886315e-22 1e-05)
(0.00073 -5.646886315e-22 1e-05)
(0.00074 5.646886315e-22 1e-05)
(0.00075 0 1e-05)
(0.00076 0 1e-05)
(0.00077 0 1e-05)
(0.00078 0 1e-05)
(0.00079 0 1e-05)
(0.0008 0 1e-05)
(0.00081 0 1e-05)
(0.00082 0 1e-05)
(0.00083 0 1e-05)
(0.00084 0 1e-05)
(0.00085 0 1e-05)
(0.00086 0 1e-05)
(0.00087 0 1e-05)
(0.00088 0 1e-05)
(0.00089 0 1e-05)
(0.0009 0 1e-05)
(0.00091 0 1e-05)
(0.00092 0 1e-05)
(0.00093 0 1e-05)
(0.00094 0 1e-05)
(0.00095 0 1e-05)
(0.00096 5.646886315e-22 1e-05)
(0.00097 5.646886315e-22 1e-05)
(0.00098 0 1e-05)
(0.00099 0 1e-05)
(0.001 5.646886315e-22 1e-05)
(0.00101 -5.646886315e-22 1e-05)
(0.00102 -5.646886315e-22 1e-05)
(0.00103 0 1e-05)
(0.00104 0 1e-05)
(0.00105 5.646886315e-22 1e-05)
(0.00106 2.823443158e-22 1e-05)
(0.00107 0 1e-05)
(0.00108 -2.823443158e-22 1e-05)
(0.00109 5.646886315e-22 1e-05)
(0.0011 -5.646886315e-22 1e-05)
(0.00111 2.823443158e-22 1e-05)
(0.00112 0 1e-05)
(0.00113 -2.823443158e-22 1e-05)
(0.00114 2.823443158e-22 1e-05)
(0.00115 2.823443158e-22 1e-05)
(0.00116 0 1e-05)
(0.00117 -2.823443158e-22 1e-05)
(0.00118 5.646886315e-22 1e-05)
(0.00119 2.823443158e-22 1e-05)
(0.0012 0 1e-05)
(0.00121 -2.823443158e-22 1e-05)
(0.00122 -5.646886315e-22 1e-05)
(0.00123 2.823443158e-22 1e-05)
(0.00124 0 1e-05)
(0.00125 -2.823443158e-22 1e-05)
(0.00126 -2.823443158e-22 1e-05)
(0.00127 5.646886315e-22 1e-05)
(0.00128 2.823443158e-22 1e-05)
(0.00129 0 1e-05)
(0.0013 -4.235164736e-22 1e-05)
(0.00131 4.235164736e-22 1e-05)
(0.00132 1.411721579e-22 1e-05)
(0.00133 0 1e-05)
(0.00134 -2.823443158e-22 1e-05)
(0.00135 5.646886315e-22 1e-05)
(0.00136 4.235164736e-22 1e-05)
(0.00137 1.411721579e-22 1e-05)
(0.00138 -2.823443158e-22 1e-05)
(0.00139 5.646886315e-22 1e-05)
(0.0014 3.529303947e-22 1e-05)
(0.00141 2.117582368e-22 1e-05)
(0.00142 -1.411721579e-22 1e-05)
(0.00143 -3.529303947e-22 1e-05)
(0.00144 4.941025526e-22 1e-05)
(0.00145 2.823443158e-22 1e-05)
(0.00146 -1.764651973e-22 1e-05)
(0.00147 -4.235164736e-22 1e-05)
(0.00148 4.764560328e-22 1e-05)
(0.00149 2.382280164e-22 1e-05)
(0.0015 0 1e-05)
(6e-05 1e-05 1e-05)
(7e-05 1e-05 1e-05)
(8e-05 1e-05 1e-05)
(9e-05 1e-05 1e-05)
(0.0001 1e-05 1e-05)
(0.00011 1e-05 1e-05)
(0.00012 1e-05 1e-05)
(0.00013 1e-05 1e-05)
(0.00014 1e-05 1e-05)
(0.00015 1e-05 1e-05)
(0.00016 1e-05 1e-05)
(0.00017 1e-05 1e-05)
(0.00018 1e-05 1e-05)
(0.00019 1e-05 1e-05)
(0.0002 1e-05 1e-05)
(0.00021 1e-05 1e-05)
(0.00022 1e-05 1e-05)
(0.00023 1e-05 1e-05)
(0.00024 1e-05 1e-05)
(0.00025 1e-05 1e-05)
(0.00026 1e-05 1e-05)
(0.00027 1e-05 1e-05)
(0.00028 1e-05 1e-05)
(0.00029 1e-05 1e-05)
(0.0003 1e-05 1e-05)
(0.00031 1e-05 1e-05)
(0.00032 1e-05 1e-05)
(0.00033 1e-05 1e-05)
(0.00034 1e-05 1e-05)
(0.00035 1e-05 1e-05)
(0.00036 1e-05 1e-05)
(0.00037 1e-05 1e-05)
(0.00038 1e-05 1e-05)
(0.00039 1e-05 1e-05)
(0.0004 1e-05 1e-05)
(0.00041 1e-05 1e-05)
(0.00042 1e-05 1e-05)
(0.00043 1e-05 1e-05)
(0.00044 1e-05 1e-05)
(0.00045 1e-05 1e-05)
(0.00046 1e-05 1e-05)
(0.00047 1e-05 1e-05)
(0.00048 1e-05 1e-05)
(0.00049 1e-05 1e-05)
(0.0005 1e-05 1e-05)
(0.00051 1e-05 1e-05)
(0.00052 1e-05 1e-05)
(0.00053 1e-05 1e-05)
(0.00054 1e-05 1e-05)
(0.00055 1e-05 1e-05)
(0.00056 1e-05 1e-05)
(0.00057 1e-05 1e-05)
(0.00058 1e-05 1e-05)
(0.00059 1e-05 1e-05)
(0.0006 1e-05 1e-05)
(0.00061 1e-05 1e-05)
(0.00062 1e-05 1e-05)
(0.00063 1e-05 1e-05)
(0.00064 1e-05 1e-05)
(0.00065 1e-05 1e-05)
(0.00066 1e-05 1e-05)
(0.00067 1e-05 1e-05)
(0.00068 1e-05 1e-05)
(0.00069 1e-05 1e-05)
(0.0007 1e-05 1e-05)
(0.00071 1e-05 1e-05)
(0.00072 1e-05 1e-05)
(0.00073 1e-05 1e-05)
(0.00074 1e-05 1e-05)
(0.00075 1e-05 1e-05)
(0.00076 1e-05 1e-05)
(0.00077 1e-05 1e-05)
(0.00078 1e-05 1e-05)
(0.00079 1e-05 1e-05)
(0.0008 1e-05 1e-05)
(0.00081 1e-05 1e-05)
(0.00082 1e-05 1e-05)
(0.00083 1e-05 1e-05)
(0.00084 1e-05 1e-05)
(0.00085 1e-05 1e-05)
(0.00086 1e-05 1e-05)
(0.00087 1e-05 1e-05)
(0.00088 1e-05 1e-05)
(0.00089 1e-05 1e-05)
(0.0009 1e-05 1e-05)
(0.00091 1e-05 1e-05)
(0.00092 1e-05 1e-05)
(0.00093 1e-05 1e-05)
(0.00094 1e-05 1e-05)
(0.00095 1e-05 1e-05)
(0.00096 1e-05 1e-05)
(0.00097 1e-05 1e-05)
(0.00098 1e-05 1e-05)
(0.00099 1e-05 1e-05)
(0.001 1e-05 1e-05)
(0.00101 1e-05 1e-05)
(0.00102 1e-05 1e-05)
(0.00103 1e-05 1e-05)
(0.00104 1e-05 1e-05)
(0.00105 1e-05 1e-05)
(0.00106 1e-05 1e-05)
(0.00107 1e-05 1e-05)
(0.00108 1e-05 1e-05)
(0.00109 1e-05 1e-05)
(0.0011 1e-05 1e-05)
(0.00111 1e-05 1e-05)
(0.00112 1e-05 1e-05)
(0.00113 1e-05 1e-05)
(0.00114 1e-05 1e-05)
(0.00115 1e-05 1e-05)
(0.00116 1e-05 1e-05)
(0.00117 1e-05 1e-05)
(0.00118 1e-05 1e-05)
(0.00119 1e-05 1e-05)
(0.0012 1e-05 1e-05)
(0.00121 1e-05 1e-05)
(0.00122 1e-05 1e-05)
(0.00123 1e-05 1e-05)
(0.00124 1e-05 1e-05)
(0.00125 1e-05 1e-05)
(0.00126 1e-05 1e-05)
(0.00127 1e-05 1e-05)
(0.00128 1e-05 1e-05)
(0.00129 1e-05 1e-05)
(0.0013 1e-05 1e-05)
(0.00131 1e-05 1e-05)
(0.00132 1e-05 1e-05)
(0.00133 1e-05 1e-05)
(0.00134 1e-05 1e-05)
(0.00135 1e-05 1e-05)
(0.00136 1e-05 1e-05)
(0.00137 1e-05 1e-05)
(0.00138 1e-05 1e-05)
(0.00139 1e-05 1e-05)
(0.0014 1e-05 1e-05)
(0.00141 1e-05 1e-05)
(0.00142 1e-05 1e-05)
(0.00143 1e-05 1e-05)
(0.00144 1e-05 1e-05)
(0.00145 1e-05 1e-05)
(0.00146 1e-05 1e-05)
(0.00147 1e-05 1e-05)
(0.00148 1e-05 1e-05)
(0.00149 1e-05 1e-05)
(0.0015 1e-05 1e-05)
(6e-05 2e-05 1e-05)
(7e-05 2e-05 1e-05)
(8e-05 2e-05 1e-05)
(9e-05 2e-05 1e-05)
(0.0001 2e-05 1e-05)
(0.00011 2e-05 1e-05)
(0.00012 2e-05 1e-05)
(0.00013 2e-05 1e-05)
(0.00014 2e-05 1e-05)
(0.00015 2e-05 1e-05)
(0.00016 2e-05 1e-05)
(0.00017 2e-05 1e-05)
(0.00018 2e-05 1e-05)
(0.00019 2e-05 1e-05)
(0.0002 2e-05 1e-05)
(0.00021 2e-05 1e-05)
(0.00022 2e-05 1e-05)
(0.00023 2e-05 1e-05)
(0.00024 2e-05 1e-05)
(0.00025 2e-05 1e-05)
(0.00026 2e-05 1e-05)
(0.00027 2e-05 1e-05)
(0.00028 2e-05 1e-05)
(0.00029 2e-05 1e-05)
(0.0003 2e-05 1e-05)
(0.00031 2e-05 1e-05)
(0.00032 2e-05 1e-05)
(0.00033 2e-05 1e-05)
(0.00034 2e-05 1e-05)
(0.00035 2e-05 1e-05)
(0.00036 2e-05 1e-05)
(0.00037 2e-05 1e-05)
(0.00038 2e-05 1e-05)
(0.00039 2e-05 1e-05)
(0.0004 2e-05 1e-05)
(0.00041 2e-05 1e-05)
(0.00042 2e-05 1e-05)
(0.00043 2e-05 1e-05)
(0.00044 2e-05 1e-05)
(0.00045 2e-05 1e-05)
(0.00046 2e-05 1e-05)
(0.00047 2e-05 1e-05)
(0.00048 2e-05 1e-05)
(0.00049 2e-05 1e-05)
(0.0005 2e-05 1e-05)
(0.00051 2e-05 1e-05)
(0.00052 2e-05 1e-05)
(0.00053 2e-05 1e-05)
(0.00054 2e-05 1e-05)
(0.00055 2e-05 1e-05)
(0.00056 2e-05 1e-05)
(0.00057 2e-05 1e-05)
(0.00058 2e-05 1e-05)
(0.00059 2e-05 1e-05)
(0.0006 2e-05 1e-05)
(0.00061 2e-05 1e-05)
(0.00062 2e-05 1e-05)
(0.00063 2e-05 1e-05)
(0.00064 2e-05 1e-05)
(0.00065 2e-05 1e-05)
(0.00066 2e-05 1e-05)
(0.00067 2e-05 1e-05)
(0.00068 2e-05 1e-05)
(0.00069 2e-05 1e-05)
(0.0007 2e-05 1e-05)
(0.00071 2e-05 1e-05)
(0.00072 2e-05 1e-05)
(0.00073 2e-05 1e-05)
(0.00074 2e-05 1e-05)
(0.00075 2e-05 1e-05)
(0.00076 2e-05 1e-05)
(0.00077 2e-05 1e-05)
(0.00078 2e-05 1e-05)
(0.00079 2e-05 1e-05)
(0.0008 2e-05 1e-05)
(0.00081 2e-05 1e-05)
(0.00082 2e-05 1e-05)
(0.00083 2e-05 1e-05)
(0.00084 2e-05 1e-05)
(0.00085 2e-05 1e-05)
(0.00086 2e-05 1e-05)
(0.00087 2e-05 1e-05)
(0.00088 2e-05 1e-05)
(0.00089 2e-05 1e-05)
(0.0009 2e-05 1e-05)
(0.00091 2e-05 1e-05)
(0.00092 2e-05 1e-05)
(0.00093 2e-05 1e-05)
(0.00094 2e-05 1e-05)
(0.00095 2e-05 1e-05)
(0.00096 2e-05 1e-05)
(0.00097 2e-05 1e-05)
(0.00098 2e-05 1e-05)
(0.00099 2e-05 1e-05)
(0.001 2e-05 1e-05)
(0.00101 2e-05 1e-05)
(0.00102 2e-05 1e-05)
(0.00103 2e-05 1e-05)
(0.00104 2e-05 1e-05)
(0.00105 2e-05 1e-05)
(0.00106 2e-05 1e-05)
(0.00107 2e-05 1e-05)
(0.00108 2e-05 1e-05)
(0.00109 2e-05 1e-05)
(0.0011 2e-05 1e-05)
(0.00111 2e-05 1e-05)
(0.00112 2e-05 1e-05)
(0.00113 2e-05 1e-05)
(0.00114 2e-05 1e-05)
(0.00115 2e-05 1e-05)
(0.00116 2e-05 1e-05)
(0.00117 2e-05 1e-05)
(0.00118 2e-05 1e-05)
(0.00119 2e-05 1e-05)
(0.0012 2e-05 1e-05)
(0.00121 2e-05 1e-05)
(0.00122 2e-05 1e-05)
(0.00123 2e-05 1e-05)
(0.00124 2e-05 1e-05)
(0.00125 2e-05 1e-05)
(0.00126 2e-05 1e-05)
(0.00127 2e-05 1e-05)
(0.00128 2e-05 1e-05)
(0.00129 2e-05 1e-05)
(0.0013 2e-05 1e-05)
(0.00131 2e-05 1e-05)
(0.00132 2e-05 1e-05)
(0.00133 2e-05 1e-05)
(0.00134 2e-05 1e-05)
(0.00135 2e-05 1e-05)
(0.00136 2e-05 1e-05)
(0.00137 2e-05 1e-05)
(0.00138 2e-05 1e-05)
(0.00139 2e-05 1e-05)
(0.0014 2e-05 1e-05)
(0.00141 2e-05 1e-05)
(0.00142 2e-05 1e-05)
(0.00143 2e-05 1e-05)
(0.00144 2e-05 1e-05)
(0.00145 2e-05 1e-05)
(0.00146 2e-05 1e-05)
(0.00147 2e-05 1e-05)
(0.00148 2e-05 1e-05)
(0.00149 2e-05 1e-05)
(0.0015 2e-05 1e-05)
(6e-05 3e-05 1e-05)
(7e-05 3e-05 1e-05)
(8e-05 3e-05 1e-05)
(9e-05 3e-05 1e-05)
(0.0001 3e-05 1e-05)
(0.00011 3e-05 1e-05)
(0.00012 3e-05 1e-05)
(0.00013 3e-05 1e-05)
(0.00014 3e-05 1e-05)
(0.00015 3e-05 1e-05)
(0.00016 3e-05 1e-05)
(0.00017 3e-05 1e-05)
(0.00018 3e-05 1e-05)
(0.00019 3e-05 1e-05)
(0.0002 3e-05 1e-05)
(0.00021 3e-05 1e-05)
(0.00022 3e-05 1e-05)
(0.00023 3e-05 1e-05)
(0.00024 3e-05 1e-05)
(0.00025 3e-05 1e-05)
(0.00026 3e-05 1e-05)
(0.00027 3e-05 1e-05)
(0.00028 3e-05 1e-05)
(0.00029 3e-05 1e-05)
(0.0003 3e-05 1e-05)
(0.00031 3e-05 1e-05)
(0.00032 3e-05 1e-05)
(0.00033 3e-05 1e-05)
(0.00034 3e-05 1e-05)
(0.00035 3e-05 1e-05)
(0.00036 3e-05 1e-05)
(0.00037 3e-05 1e-05)
(0.00038 3e-05 1e-05)
(0.00039 3e-05 1e-05)
(0.0004 3e-05 1e-05)
(0.00041 3e-05 1e-05)
(0.00042 3e-05 1e-05)
(0.00043 3e-05 1e-05)
(0.00044 3e-05 1e-05)
(0.00045 3e-05 1e-05)
(0.00046 3e-05 1e-05)
(0.00047 3e-05 1e-05)
(0.00048 3e-05 1e-05)
(0.00049 3e-05 1e-05)
(0.0005 3e-05 1e-05)
(0.00051 3e-05 1e-05)
(0.00052 3e-05 1e-05)
(0.00053 3e-05 1e-05)
(0.00054 3e-05 1e-05)
(0.00055 3e-05 1e-05)
(0.00056 3e-05 1e-05)
(0.00057 3e-05 1e-05)
(0.00058 3e-05 1e-05)
(0.00059 3e-05 1e-05)
(0.0006 3e-05 1e-05)
(0.00061 3e-05 1e-05)
(0.00062 3e-05 1e-05)
(0.00063 3e-05 1e-05)
(0.00064 3e-05 1e-05)
(0.00065 3e-05 1e-05)
(0.00066 3e-05 1e-05)
(0.00067 3e-05 1e-05)
(0.00068 3e-05 1e-05)
(0.00069 3e-05 1e-05)
(0.0007 3e-05 1e-05)
(0.00071 3e-05 1e-05)
(0.00072 3e-05 1e-05)
(0.00073 3e-05 1e-05)
(0.00074 3e-05 1e-05)
(0.00075 3e-05 1e-05)
(0.00076 3e-05 1e-05)
(0.00077 3e-05 1e-05)
(0.00078 3e-05 1e-05)
(0.00079 3e-05 1e-05)
(0.0008 3e-05 1e-05)
(0.00081 3e-05 1e-05)
(0.00082 3e-05 1e-05)
(0.00083 3e-05 1e-05)
(0.00084 3e-05 1e-05)
(0.00085 3e-05 1e-05)
(0.00086 3e-05 1e-05)
(0.00087 3e-05 1e-05)
(0.00088 3e-05 1e-05)
(0.00089 3e-05 1e-05)
(0.0009 3e-05 1e-05)
(0.00091 3e-05 1e-05)
(0.00092 3e-05 1e-05)
(0.00093 3e-05 1e-05)
(0.00094 3e-05 1e-05)
(0.00095 3e-05 1e-05)
(0.00096 3e-05 1e-05)
(0.00097 3e-05 1e-05)
(0.00098 3e-05 1e-05)
(0.00099 3e-05 1e-05)
(0.001 3e-05 1e-05)
(0.00101 3e-05 1e-05)
(0.00102 3e-05 1e-05)
(0.00103 3e-05 1e-05)
(0.00104 3e-05 1e-05)
(0.00105 3e-05 1e-05)
(0.00106 3e-05 1e-05)
(0.00107 3e-05 1e-05)
(0.00108 3e-05 1e-05)
(0.00109 3e-05 1e-05)
(0.0011 3e-05 1e-05)
(0.00111 3e-05 1e-05)
(0.00112 3e-05 1e-05)
(0.00113 3e-05 1e-05)
(0.00114 3e-05 1e-05)
(0.00115 3e-05 1e-05)
(0.00116 3e-05 1e-05)
(0.00117 3e-05 1e-05)
(0.00118 3e-05 1e-05)
(0.00119 3e-05 1e-05)
(0.0012 3e-05 1e-05)
(0.00121 3e-05 1e-05)
(0.00122 3e-05 1e-05)
(0.00123 3e-05 1e-05)
(0.00124 3e-05 1e-05)
(0.00125 3e-05 1e-05)
(0.00126 3e-05 1e-05)
(0.00127 3e-05 1e-05)
(0.00128 3e-05 1e-05)
(0.00129 3e-05 1e-05)
(0.0013 3e-05 1e-05)
(0.00131 3e-05 1e-05)
(0.00132 3e-05 1e-05)
(0.00133 3e-05 1e-05)
(0.00134 3e-05 1e-05)
(0.00135 3e-05 1e-05)
(0.00136 3e-05 1e-05)
(0.00137 3e-05 1e-05)
(0.00138 3e-05 1e-05)
(0.00139 3e-05 1e-05)
(0.0014 3e-05 1e-05)
(0.00141 3e-05 1e-05)
(0.00142 3e-05 1e-05)
(0.00143 3e-05 1e-05)
(0.00144 3e-05 1e-05)
(0.00145 3e-05 1e-05)
(0.00146 3e-05 1e-05)
(0.00147 3e-05 1e-05)
(0.00148 3e-05 1e-05)
(0.00149 3e-05 1e-05)
(0.0015 3e-05 1e-05)
(6e-05 4e-05 1e-05)
(7e-05 4e-05 1e-05)
(8e-05 4e-05 1e-05)
(9e-05 4e-05 1e-05)
(0.0001 4e-05 1e-05)
(0.00011 4e-05 1e-05)
(0.00012 4e-05 1e-05)
(0.00013 4e-05 1e-05)
(0.00014 4e-05 1e-05)
(0.00015 4e-05 1e-05)
(0.00016 4e-05 1e-05)
(0.00017 4e-05 1e-05)
(0.00018 4e-05 1e-05)
(0.00019 4e-05 1e-05)
(0.0002 4e-05 1e-05)
(0.00021 4e-05 1e-05)
(0.00022 4e-05 1e-05)
(0.00023 4e-05 1e-05)
(0.00024 4e-05 1e-05)
(0.00025 4e-05 1e-05)
(0.00026 4e-05 1e-05)
(0.00027 4e-05 1e-05)
(0.00028 4e-05 1e-05)
(0.00029 4e-05 1e-05)
(0.0003 4e-05 1e-05)
(0.00031 4e-05 1e-05)
(0.00032 4e-05 1e-05)
(0.00033 4e-05 1e-05)
(0.00034 4e-05 1e-05)
(0.00035 4e-05 1e-05)
(0.00036 4e-05 1e-05)
(0.00037 4e-05 1e-05)
(0.00038 4e-05 1e-05)
(0.00039 4e-05 1e-05)
(0.0004 4e-05 1e-05)
(0.00041 4e-05 1e-05)
(0.00042 4e-05 1e-05)
(0.00043 4e-05 1e-05)
(0.00044 4e-05 1e-05)
(0.00045 4e-05 1e-05)
(0.00046 4e-05 1e-05)
(0.00047 4e-05 1e-05)
(0.00048 4e-05 1e-05)
(0.00049 4e-05 1e-05)
(0.0005 4e-05 1e-05)
(0.00051 4e-05 1e-05)
(0.00052 4e-05 1e-05)
(0.00053 4e-05 1e-05)
(0.00054 4e-05 1e-05)
(0.00055 4e-05 1e-05)
(0.00056 4e-05 1e-05)
(0.00057 4e-05 1e-05)
(0.00058 4e-05 1e-05)
(0.00059 4e-05 1e-05)
(0.0006 4e-05 1e-05)
(0.00061 4e-05 1e-05)
(0.00062 4e-05 1e-05)
(0.00063 4e-05 1e-05)
(0.00064 4e-05 1e-05)
(0.00065 4e-05 1e-05)
(0.00066 4e-05 1e-05)
(0.00067 4e-05 1e-05)
(0.00068 4e-05 1e-05)
(0.00069 4e-05 1e-05)
(0.0007 4e-05 1e-05)
(0.00071 4e-05 1e-05)
(0.00072 4e-05 1e-05)
(0.00073 4e-05 1e-05)
(0.00074 4e-05 1e-05)
(0.00075 4e-05 1e-05)
(0.00076 4e-05 1e-05)
(0.00077 4e-05 1e-05)
(0.00078 4e-05 1e-05)
(0.00079 4e-05 1e-05)
(0.0008 4e-05 1e-05)
(0.00081 4e-05 1e-05)
(0.00082 4e-05 1e-05)
(0.00083 4e-05 1e-05)
(0.00084 4e-05 1e-05)
(0.00085 4e-05 1e-05)
(0.00086 4e-05 1e-05)
(0.00087 4e-05 1e-05)
(0.00088 4e-05 1e-05)
(0.00089 4e-05 1e-05)
(0.0009 4e-05 1e-05)
(0.00091 4e-05 1e-05)
(0.00092 4e-05 1e-05)
(0.00093 4e-05 1e-05)
(0.00094 4e-05 1e-05)
(0.00095 4e-05 1e-05)
(0.00096 4e-05 1e-05)
(0.00097 4e-05 1e-05)
(0.00098 4e-05 1e-05)
(0.00099 4e-05 1e-05)
(0.001 4e-05 1e-05)
(0.00101 4e-05 1e-05)
(0.00102 4e-05 1e-05)
(0.00103 4e-05 1e-05)
(0.00104 4e-05 1e-05)
(0.00105 4e-05 1e-05)
(0.00106 4e-05 1e-05)
(0.00107 4e-05 1e-05)
(0.00108 4e-05 1e-05)
(0.00109 4e-05 1e-05)
(0.0011 4e-05 1e-05)
(0.00111 4e-05 1e-05)
(0.00112 4e-05 1e-05)
(0.00113 4e-05 1e-05)
(0.00114 4e-05 1e-05)
(0.00115 4e-05 1e-05)
(0.00116 4e-05 1e-05)
(0.00117 4e-05 1e-05)
(0.00118 4e-05 1e-05)
(0.00119 4e-05 1e-05)
(0.0012 4e-05 1e-05)
(0.00121 4e-05 1e-05)
(0.00122 4e-05 1e-05)
(0.00123 4e-05 1e-05)
(0.00124 4e-05 1e-05)
(0.00125 4e-05 1e-05)
(0.00126 4e-05 1e-05)
(0.00127 4e-05 1e-05)
(0.00128 4e-05 1e-05)
(0.00129 4e-05 1e-05)
(0.0013 4e-05 1e-05)
(0.00131 4e-05 1e-05)
(0.00132 4e-05 1e-05)
(0.00133 4e-05 1e-05)
(0.00134 4e-05 1e-05)
(0.00135 4e-05 1e-05)
(0.00136 4e-05 1e-05)
(0.00137 4e-05 1e-05)
(0.00138 4e-05 1e-05)
(0.00139 4e-05 1e-05)
(0.0014 4e-05 1e-05)
(0.00141 4e-05 1e-05)
(0.00142 4e-05 1e-05)
(0.00143 4e-05 1e-05)
(0.00144 4e-05 1e-05)
(0.00145 4e-05 1e-05)
(0.00146 4e-05 1e-05)
(0.00147 4e-05 1e-05)
(0.00148 4e-05 1e-05)
(0.00149 4e-05 1e-05)
(0.0015 4e-05 1e-05)
(6e-05 5e-05 1e-05)
(7e-05 5e-05 1e-05)
(8e-05 5e-05 1e-05)
(9e-05 5e-05 1e-05)
(0.0001 5e-05 1e-05)
(0.00011 5e-05 1e-05)
(0.00012 5e-05 1e-05)
(0.00013 5e-05 1e-05)
(0.00014 5e-05 1e-05)
(0.00015 5e-05 1e-05)
(0.00016 5e-05 1e-05)
(0.00017 5e-05 1e-05)
(0.00018 5e-05 1e-05)
(0.00019 5e-05 1e-05)
(0.0002 5e-05 1e-05)
(0.00021 5e-05 1e-05)
(0.00022 5e-05 1e-05)
(0.00023 5e-05 1e-05)
(0.00024 5e-05 1e-05)
(0.00025 5e-05 1e-05)
(0.00026 5e-05 1e-05)
(0.00027 5e-05 1e-05)
(0.00028 5e-05 1e-05)
(0.00029 5e-05 1e-05)
(0.0003 5e-05 1e-05)
(0.00031 5e-05 1e-05)
(0.00032 5e-05 1e-05)
(0.00033 5e-05 1e-05)
(0.00034 5e-05 1e-05)
(0.00035 5e-05 1e-05)
(0.00036 5e-05 1e-05)
(0.00037 5e-05 1e-05)
(0.00038 5e-05 1e-05)
(0.00039 5e-05 1e-05)
(0.0004 5e-05 1e-05)
(0.00041 5e-05 1e-05)
(0.00042 5e-05 1e-05)
(0.00043 5e-05 1e-05)
(0.00044 5e-05 1e-05)
(0.00045 5e-05 1e-05)
(0.00046 5e-05 1e-05)
(0.00047 5e-05 1e-05)
(0.00048 5e-05 1e-05)
(0.00049 5e-05 1e-05)
(0.0005 5e-05 1e-05)
(0.00051 5e-05 1e-05)
(0.00052 5e-05 1e-05)
(0.00053 5e-05 1e-05)
(0.00054 5e-05 1e-05)
(0.00055 5e-05 1e-05)
(0.00056 5e-05 1e-05)
(0.00057 5e-05 1e-05)
(0.00058 5e-05 1e-05)
(0.00059 5e-05 1e-05)
(0.0006 5e-05 1e-05)
(0.00061 5e-05 1e-05)
(0.00062 5e-05 1e-05)
(0.00063 5e-05 1e-05)
(0.00064 5e-05 1e-05)
(0.00065 5e-05 1e-05)
(0.00066 5e-05 1e-05)
(0.00067 5e-05 1e-05)
(0.00068 5e-05 1e-05)
(0.00069 5e-05 1e-05)
(0.0007 5e-05 1e-05)
(0.00071 5e-05 1e-05)
(0.00072 5e-05 1e-05)
(0.00073 5e-05 1e-05)
(0.00074 5e-05 1e-05)
(0.00075 5e-05 1e-05)
(0.00076 5e-05 1e-05)
(0.00077 5e-05 1e-05)
(0.00078 5e-05 1e-05)
(0.00079 5e-05 1e-05)
(0.0008 5e-05 1e-05)
(0.00081 5e-05 1e-05)
(0.00082 5e-05 1e-05)
(0.00083 5e-05 1e-05)
(0.00084 5e-05 1e-05)
(0.00085 5e-05 1e-05)
(0.00086 5e-05 1e-05)
(0.00087 5e-05 1e-05)
(0.00088 5e-05 1e-05)
(0.00089 5e-05 1e-05)
(0.0009 5e-05 1e-05)
(0.00091 5e-05 1e-05)
(0.00092 5e-05 1e-05)
(0.00093 5e-05 1e-05)
(0.00094 5e-05 1e-05)
(0.00095 5e-05 1e-05)
(0.00096 5e-05 1e-05)
(0.00097 5e-05 1e-05)
(0.00098 5e-05 1e-05)
(0.00099 5e-05 1e-05)
(0.001 5e-05 1e-05)
(0.00101 5e-05 1e-05)
(0.00102 5e-05 1e-05)
(0.00103 5e-05 1e-05)
(0.00104 5e-05 1e-05)
(0.00105 5e-05 1e-05)
(0.00106 5e-05 1e-05)
(0.00107 5e-05 1e-05)
(0.00108 5e-05 1e-05)
(0.00109 5e-05 1e-05)
(0.0011 5e-05 1e-05)
(0.00111 5e-05 1e-05)
(0.00112 5e-05 1e-05)
(0.00113 5e-05 1e-05)
(0.00114 5e-05 1e-05)
(0.00115 5e-05 1e-05)
(0.00116 5e-05 1e-05)
(0.00117 5e-05 1e-05)
(0.00118 5e-05 1e-05)
(0.00119 5e-05 1e-05)
(0.0012 5e-05 1e-05)
(0.00121 5e-05 1e-05)
(0.00122 5e-05 1e-05)
(0.00123 5e-05 1e-05)
(0.00124 5e-05 1e-05)
(0.00125 5e-05 1e-05)
(0.00126 5e-05 1e-05)
(0.00127 5e-05 1e-05)
(0.00128 5e-05 1e-05)
(0.00129 5e-05 1e-05)
(0.0013 5e-05 1e-05)
(0.00131 5e-05 1e-05)
(0.00132 5e-05 1e-05)
(0.00133 5e-05 1e-05)
(0.00134 5e-05 1e-05)
(0.00135 5e-05 1e-05)
(0.00136 5e-05 1e-05)
(0.00137 5e-05 1e-05)
(0.00138 5e-05 1e-05)
(0.00139 5e-05 1e-05)
(0.0014 5e-05 1e-05)
(0.00141 5e-05 1e-05)
(0.00142 5e-05 1e-05)
(0.00143 5e-05 1e-05)
(0.00144 5e-05 1e-05)
(0.00145 5e-05 1e-05)
(0.00146 5e-05 1e-05)
(0.00147 5e-05 1e-05)
(0.00148 5e-05 1e-05)
(0.00149 5e-05 1e-05)
(0.0015 5e-05 1e-05)
(6e-05 -5e-05 2e-05)
(7e-05 -5e-05 2e-05)
(8e-05 -5e-05 2e-05)
(9e-05 -5e-05 2e-05)
(0.0001 -5e-05 2e-05)
(0.00011 -5e-05 2e-05)
(0.00012 -5e-05 2e-05)
(0.00013 -5e-05 2e-05)
(0.00014 -5e-05 2e-05)
(0.00015 -5e-05 2e-05)
(0.00016 -5e-05 2e-05)
(0.00017 -5e-05 2e-05)
(0.00018 -5e-05 2e-05)
(0.00019 -5e-05 2e-05)
(0.0002 -5e-05 2e-05)
(0.00021 -5e-05 2e-05)
(0.00022 -5e-05 2e-05)
(0.00023 -5e-05 2e-05)
(0.00024 -5e-05 2e-05)
(0.00025 -5e-05 2e-05)
(0.00026 -5e-05 2e-05)
(0.00027 -5e-05 2e-05)
(0.00028 -5e-05 2e-05)
(0.00029 -5e-05 2e-05)
(0.0003 -5e-05 2e-05)
(0.00031 -5e-05 2e-05)
(0.00032 -5e-05 2e-05)
(0.00033 -5e-05 2e-05)
(0.00034 -5e-05 2e-05)
(0.00035 -5e-05 2e-05)
(0.00036 -5e-05 2e-05)
(0.00037 -5e-05 2e-05)
(0.00038 -5e-05 2e-05)
(0.00039 -5e-05 2e-05)
(0.0004 -5e-05 2e-05)
(0.00041 -5e-05 2e-05)
(0.00042 -5e-05 2e-05)
(0.00043 -5e-05 2e-05)
(0.00044 -5e-05 2e-05)
(0.00045 -5e-05 2e-05)
(0.00046 -5e-05 2e-05)
(0.00047 -5e-05 2e-05)
(0.00048 -5e-05 2e-05)
(0.00049 -5e-05 2e-05)
(0.0005 -5e-05 2e-05)
(0.00051 -5e-05 2e-05)
(0.00052 -5e-05 2e-05)
(0.00053 -5e-05 2e-05)
(0.00054 -5e-05 2e-05)
(0.00055 -5e-05 2e-05)
(0.00056 -5e-05 2e-05)
(0.00057 -5e-05 2e-05)
(0.00058 -5e-05 2e-05)
(0.00059 -5e-05 2e-05)
(0.0006 -5e-05 2e-05)
(0.00061 -5e-05 2e-05)
(0.00062 -5e-05 2e-05)
(0.00063 -5e-05 2e-05)
(0.00064 -5e-05 2e-05)
(0.00065 -5e-05 2e-05)
(0.00066 -5e-05 2e-05)
(0.00067 -5e-05 2e-05)
(0.00068 -5e-05 2e-05)
(0.00069 -5e-05 2e-05)
(0.0007 -5e-05 2e-05)
(0.00071 -5e-05 2e-05)
(0.00072 -5e-05 2e-05)
(0.00073 -5e-05 2e-05)
(0.00074 -5e-05 2e-05)
(0.00075 -5e-05 2e-05)
(0.00076 -5e-05 2e-05)
(0.00077 -5e-05 2e-05)
(0.00078 -5e-05 2e-05)
(0.00079 -5e-05 2e-05)
(0.0008 -5e-05 2e-05)
(0.00081 -5e-05 2e-05)
(0.00082 -5e-05 2e-05)
(0.00083 -5e-05 2e-05)
(0.00084 -5e-05 2e-05)
(0.00085 -5e-05 2e-05)
(0.00086 -5e-05 2e-05)
(0.00087 -5e-05 2e-05)
(0.00088 -5e-05 2e-05)
(0.00089 -5e-05 2e-05)
(0.0009 -5e-05 2e-05)
(0.00091 -5e-05 2e-05)
(0.00092 -5e-05 2e-05)
(0.00093 -5e-05 2e-05)
(0.00094 -5e-05 2e-05)
(0.00095 -5e-05 2e-05)
(0.00096 -5e-05 2e-05)
(0.00097 -5e-05 2e-05)
(0.00098 -5e-05 2e-05)
(0.00099 -5e-05 2e-05)
(0.001 -5e-05 2e-05)
(0.00101 -5e-05 2e-05)
(0.00102 -5e-05 2e-05)
(0.00103 -5e-05 2e-05)
(0.00104 -5e-05 2e-05)
(0.00105 -5e-05 2e-05)
(0.00106 -5e-05 2e-05)
(0.00107 -5e-05 2e-05)
(0.00108 -5e-05 2e-05)
(0.00109 -5e-05 2e-05)
(0.0011 -5e-05 2e-05)
(0.00111 -5e-05 2e-05)
(0.00112 -5e-05 2e-05)
(0.00113 -5e-05 2e-05)
(0.00114 -5e-05 2e-05)
(0.00115 -5e-05 2e-05)
(0.00116 -5e-05 2e-05)
(0.00117 -5e-05 2e-05)
(0.00118 -5e-05 2e-05)
(0.00119 -5e-05 2e-05)
(0.0012 -5e-05 2e-05)
(0.00121 -5e-05 2e-05)
(0.00122 -5e-05 2e-05)
(0.00123 -5e-05 2e-05)
(0.00124 -5e-05 2e-05)
(0.00125 -5e-05 2e-05)
(0.00126 -5e-05 2e-05)
(0.00127 -5e-05 2e-05)
(0.00128 -5e-05 2e-05)
(0.00129 -5e-05 2e-05)
(0.0013 -5e-05 2e-05)
(0.00131 -5e-05 2e-05)
(0.00132 -5e-05 2e-05)
(0.00133 -5e-05 2e-05)
(0.00134 -5e-05 2e-05)
(0.00135 -5e-05 2e-05)
(0.00136 -5e-05 2e-05)
(0.00137 -5e-05 2e-05)
(0.00138 -5e-05 2e-05)
(0.00139 -5e-05 2e-05)
(0.0014 -5e-05 2e-05)
(0.00141 -5e-05 2e-05)
(0.00142 -5e-05 2e-05)
(0.00143 -5e-05 2e-05)
(0.00144 -5e-05 2e-05)
(0.00145 -5e-05 2e-05)
(0.00146 -5e-05 2e-05)
(0.00147 -5e-05 2e-05)
(0.00148 -5e-05 2e-05)
(0.00149 -5e-05 2e-05)
(0.0015 -5e-05 2e-05)
(6e-05 -4e-05 2e-05)
(7e-05 -4e-05 2e-05)
(8e-05 -4e-05 2e-05)
(9e-05 -4e-05 2e-05)
(0.0001 -4e-05 2e-05)
(0.00011 -4e-05 2e-05)
(0.00012 -4e-05 2e-05)
(0.00013 -4e-05 2e-05)
(0.00014 -4e-05 2e-05)
(0.00015 -4e-05 2e-05)
(0.00016 -4e-05 2e-05)
(0.00017 -4e-05 2e-05)
(0.00018 -4e-05 2e-05)
(0.00019 -4e-05 2e-05)
(0.0002 -4e-05 2e-05)
(0.00021 -4e-05 2e-05)
(0.00022 -4e-05 2e-05)
(0.00023 -4e-05 2e-05)
(0.00024 -4e-05 2e-05)
(0.00025 -4e-05 2e-05)
(0.00026 -4e-05 2e-05)
(0.00027 -4e-05 2e-05)
(0.00028 -4e-05 2e-05)
(0.00029 -4e-05 2e-05)
(0.0003 -4e-05 2e-05)
(0.00031 -4e-05 2e-05)
(0.00032 -4e-05 2e-05)
(0.00033 -4e-05 2e-05)
(0.00034 -4e-05 2e-05)
(0.00035 -4e-05 2e-05)
(0.00036 -4e-05 2e-05)
(0.00037 -4e-05 2e-05)
(0.00038 -4e-05 2e-05)
(0.00039 -4e-05 2e-05)
(0.0004 -4e-05 2e-05)
(0.00041 -4e-05 2e-05)
(0.00042 -4e-05 2e-05)
(0.00043 -4e-05 2e-05)
(0.00044 -4e-05 2e-05)
(0.00045 -4e-05 2e-05)
(0.00046 -4e-05 2e-05)
(0.00047 -4e-05 2e-05)
(0.00048 -4e-05 2e-05)
(0.00049 -4e-05 2e-05)
(0.0005 -4e-05 2e-05)
(0.00051 -4e-05 2e-05)
(0.00052 -4e-05 2e-05)
(0.00053 -4e-05 2e-05)
(0.00054 -4e-05 2e-05)
(0.00055 -4e-05 2e-05)
(0.00056 -4e-05 2e-05)
(0.00057 -4e-05 2e-05)
(0.00058 -4e-05 2e-05)
(0.00059 -4e-05 2e-05)
(0.0006 -4e-05 2e-05)
(0.00061 -4e-05 2e-05)
(0.00062 -4e-05 2e-05)
(0.00063 -4e-05 2e-05)
(0.00064 -4e-05 2e-05)
(0.00065 -4e-05 2e-05)
(0.00066 -4e-05 2e-05)
(0.00067 -4e-05 2e-05)
(0.00068 -4e-05 2e-05)
(0.00069 -4e-05 2e-05)
(0.0007 -4e-05 2e-05)
(0.00071 -4e-05 2e-05)
(0.00072 -4e-05 2e-05)
(0.00073 -4e-05 2e-05)
(0.00074 -4e-05 2e-05)
(0.00075 -4e-05 2e-05)
(0.00076 -4e-05 2e-05)
(0.00077 -4e-05 2e-05)
(0.00078 -4e-05 2e-05)
(0.00079 -4e-05 2e-05)
(0.0008 -4e-05 2e-05)
(0.00081 -4e-05 2e-05)
(0.00082 -4e-05 2e-05)
(0.00083 -4e-05 2e-05)
(0.00084 -4e-05 2e-05)
(0.00085 -4e-05 2e-05)
(0.00086 -4e-05 2e-05)
(0.00087 -4e-05 2e-05)
(0.00088 -4e-05 2e-05)
(0.00089 -4e-05 2e-05)
(0.0009 -4e-05 2e-05)
(0.00091 -4e-05 2e-05)
(0.00092 -4e-05 2e-05)
(0.00093 -4e-05 2e-05)
(0.00094 -4e-05 2e-05)
(0.00095 -4e-05 2e-05)
(0.00096 -4e-05 2e-05)
(0.00097 -4e-05 2e-05)
(0.00098 -4e-05 2e-05)
(0.00099 -4e-05 2e-05)
(0.001 -4e-05 2e-05)
(0.00101 -4e-05 2e-05)
(0.00102 -4e-05 2e-05)
(0.00103 -4e-05 2e-05)
(0.00104 -4e-05 2e-05)
(0.00105 -4e-05 2e-05)
(0.00106 -4e-05 2e-05)
(0.00107 -4e-05 2e-05)
(0.00108 -4e-05 2e-05)
(0.00109 -4e-05 2e-05)
(0.0011 -4e-05 2e-05)
(0.00111 -4e-05 2e-05)
(0.00112 -4e-05 2e-05)
(0.00113 -4e-05 2e-05)
(0.00114 -4e-05 2e-05)
(0.00115 -4e-05 2e-05)
(0.00116 -4e-05 2e-05)
(0.00117 -4e-05 2e-05)
(0.00118 -4e-05 2e-05)
(0.00119 -4e-05 2e-05)
(0.0012 -4e-05 2e-05)
(0.00121 -4e-05 2e-05)
(0.00122 -4e-05 2e-05)
(0.00123 -4e-05 2e-05)
(0.00124 -4e-05 2e-05)
(0.00125 -4e-05 2e-05)
(0.00126 -4e-05 2e-05)
(0.00127 -4e-05 2e-05)
(0.00128 -4e-05 2e-05)
(0.00129 -4e-05 2e-05)
(0.0013 -4e-05 2e-05)
(0.00131 -4e-05 2e-05)
(0.00132 -4e-05 2e-05)
(0.00133 -4e-05 2e-05)
(0.00134 -4e-05 2e-05)
(0.00135 -4e-05 2e-05)
(0.00136 -4e-05 2e-05)
(0.00137 -4e-05 2e-05)
(0.00138 -4e-05 2e-05)
(0.00139 -4e-05 2e-05)
(0.0014 -4e-05 2e-05)
(0.00141 -4e-05 2e-05)
(0.00142 -4e-05 2e-05)
(0.00143 -4e-05 2e-05)
(0.00144 -4e-05 2e-05)
(0.00145 -4e-05 2e-05)
(0.00146 -4e-05 2e-05)
(0.00147 -4e-05 2e-05)
(0.00148 -4e-05 2e-05)
(0.00149 -4e-05 2e-05)
(0.0015 -4e-05 2e-05)
(6e-05 -3e-05 2e-05)
(7e-05 -3e-05 2e-05)
(8e-05 -3e-05 2e-05)
(9e-05 -3e-05 2e-05)
(0.0001 -3e-05 2e-05)
(0.00011 -3e-05 2e-05)
(0.00012 -3e-05 2e-05)
(0.00013 -3e-05 2e-05)
(0.00014 -3e-05 2e-05)
(0.00015 -3e-05 2e-05)
(0.00016 -3e-05 2e-05)
(0.00017 -3e-05 2e-05)
(0.00018 -3e-05 2e-05)
(0.00019 -3e-05 2e-05)
(0.0002 -3e-05 2e-05)
(0.00021 -3e-05 2e-05)
(0.00022 -3e-05 2e-05)
(0.00023 -3e-05 2e-05)
(0.00024 -3e-05 2e-05)
(0.00025 -3e-05 2e-05)
(0.00026 -3e-05 2e-05)
(0.00027 -3e-05 2e-05)
(0.00028 -3e-05 2e-05)
(0.00029 -3e-05 2e-05)
(0.0003 -3e-05 2e-05)
(0.00031 -3e-05 2e-05)
(0.00032 -3e-05 2e-05)
(0.00033 -3e-05 2e-05)
(0.00034 -3e-05 2e-05)
(0.00035 -3e-05 2e-05)
(0.00036 -3e-05 2e-05)
(0.00037 -3e-05 2e-05)
(0.00038 -3e-05 2e-05)
(0.00039 -3e-05 2e-05)
(0.0004 -3e-05 2e-05)
(0.00041 -3e-05 2e-05)
(0.00042 -3e-05 2e-05)
(0.00043 -3e-05 2e-05)
(0.00044 -3e-05 2e-05)
(0.00045 -3e-05 2e-05)
(0.00046 -3e-05 2e-05)
(0.00047 -3e-05 2e-05)
(0.00048 -3e-05 2e-05)
(0.00049 -3e-05 2e-05)
(0.0005 -3e-05 2e-05)
(0.00051 -3e-05 2e-05)
(0.00052 -3e-05 2e-05)
(0.00053 -3e-05 2e-05)
(0.00054 -3e-05 2e-05)
(0.00055 -3e-05 2e-05)
(0.00056 -3e-05 2e-05)
(0.00057 -3e-05 2e-05)
(0.00058 -3e-05 2e-05)
(0.00059 -3e-05 2e-05)
(0.0006 -3e-05 2e-05)
(0.00061 -3e-05 2e-05)
(0.00062 -3e-05 2e-05)
(0.00063 -3e-05 2e-05)
(0.00064 -3e-05 2e-05)
(0.00065 -3e-05 2e-05)
(0.00066 -3e-05 2e-05)
(0.00067 -3e-05 2e-05)
(0.00068 -3e-05 2e-05)
(0.00069 -3e-05 2e-05)
(0.0007 -3e-05 2e-05)
(0.00071 -3e-05 2e-05)
(0.00072 -3e-05 2e-05)
(0.00073 -3e-05 2e-05)
(0.00074 -3e-05 2e-05)
(0.00075 -3e-05 2e-05)
(0.00076 -3e-05 2e-05)
(0.00077 -3e-05 2e-05)
(0.00078 -3e-05 2e-05)
(0.00079 -3e-05 2e-05)
(0.0008 -3e-05 2e-05)
(0.00081 -3e-05 2e-05)
(0.00082 -3e-05 2e-05)
(0.00083 -3e-05 2e-05)
(0.00084 -3e-05 2e-05)
(0.00085 -3e-05 2e-05)
(0.00086 -3e-05 2e-05)
(0.00087 -3e-05 2e-05)
(0.00088 -3e-05 2e-05)
(0.00089 -3e-05 2e-05)
(0.0009 -3e-05 2e-05)
(0.00091 -3e-05 2e-05)
(0.00092 -3e-05 2e-05)
(0.00093 -3e-05 2e-05)
(0.00094 -3e-05 2e-05)
(0.00095 -3e-05 2e-05)
(0.00096 -3e-05 2e-05)
(0.00097 -3e-05 2e-05)
(0.00098 -3e-05 2e-05)
(0.00099 -3e-05 2e-05)
(0.001 -3e-05 2e-05)
(0.00101 -3e-05 2e-05)
(0.00102 -3e-05 2e-05)
(0.00103 -3e-05 2e-05)
(0.00104 -3e-05 2e-05)
(0.00105 -3e-05 2e-05)
(0.00106 -3e-05 2e-05)
(0.00107 -3e-05 2e-05)
(0.00108 -3e-05 2e-05)
(0.00109 -3e-05 2e-05)
(0.0011 -3e-05 2e-05)
(0.00111 -3e-05 2e-05)
(0.00112 -3e-05 2e-05)
(0.00113 -3e-05 2e-05)
(0.00114 -3e-05 2e-05)
(0.00115 -3e-05 2e-05)
(0.00116 -3e-05 2e-05)
(0.00117 -3e-05 2e-05)
(0.00118 -3e-05 2e-05)
(0.00119 -3e-05 2e-05)
(0.0012 -3e-05 2e-05)
(0.00121 -3e-05 2e-05)
(0.00122 -3e-05 2e-05)
(0.00123 -3e-05 2e-05)
(0.00124 -3e-05 2e-05)
(0.00125 -3e-05 2e-05)
(0.00126 -3e-05 2e-05)
(0.00127 -3e-05 2e-05)
(0.00128 -3e-05 2e-05)
(0.00129 -3e-05 2e-05)
(0.0013 -3e-05 2e-05)
(0.00131 -3e-05 2e-05)
(0.00132 -3e-05 2e-05)
(0.00133 -3e-05 2e-05)
(0.00134 -3e-05 2e-05)
(0.00135 -3e-05 2e-05)
(0.00136 -3e-05 2e-05)
(0.00137 -3e-05 2e-05)
(0.00138 -3e-05 2e-05)
(0.00139 -3e-05 2e-05)
(0.0014 -3e-05 2e-05)
(0.00141 -3e-05 2e-05)
(0.00142 -3e-05 2e-05)
(0.00143 -3e-05 2e-05)
(0.00144 -3e-05 2e-05)
(0.00145 -3e-05 2e-05)
(0.00146 -3e-05 2e-05)
(0.00147 -3e-05 2e-05)
(0.00148 -3e-05 2e-05)
(0.00149 -3e-05 2e-05)
(0.0015 -3e-05 2e-05)
(6e-05 -2e-05 2e-05)
(7e-05 -2e-05 2e-05)
(8e-05 -2e-05 2e-05)
(9e-05 -2e-05 2e-05)
(0.0001 -2e-05 2e-05)
(0.00011 -2e-05 2e-05)
(0.00012 -2e-05 2e-05)
(0.00013 -2e-05 2e-05)
(0.00014 -2e-05 2e-05)
(0.00015 -2e-05 2e-05)
(0.00016 -2e-05 2e-05)
(0.00017 -2e-05 2e-05)
(0.00018 -2e-05 2e-05)
(0.00019 -2e-05 2e-05)
(0.0002 -2e-05 2e-05)
(0.00021 -2e-05 2e-05)
(0.00022 -2e-05 2e-05)
(0.00023 -2e-05 2e-05)
(0.00024 -2e-05 2e-05)
(0.00025 -2e-05 2e-05)
(0.00026 -2e-05 2e-05)
(0.00027 -2e-05 2e-05)
(0.00028 -2e-05 2e-05)
(0.00029 -2e-05 2e-05)
(0.0003 -2e-05 2e-05)
(0.00031 -2e-05 2e-05)
(0.00032 -2e-05 2e-05)
(0.00033 -2e-05 2e-05)
(0.00034 -2e-05 2e-05)
(0.00035 -2e-05 2e-05)
(0.00036 -2e-05 2e-05)
(0.00037 -2e-05 2e-05)
(0.00038 -2e-05 2e-05)
(0.00039 -2e-05 2e-05)
(0.0004 -2e-05 2e-05)
(0.00041 -2e-05 2e-05)
(0.00042 -2e-05 2e-05)
(0.00043 -2e-05 2e-05)
(0.00044 -2e-05 2e-05)
(0.00045 -2e-05 2e-05)
(0.00046 -2e-05 2e-05)
(0.00047 -2e-05 2e-05)
(0.00048 -2e-05 2e-05)
(0.00049 -2e-05 2e-05)
(0.0005 -2e-05 2e-05)
(0.00051 -2e-05 2e-05)
(0.00052 -2e-05 2e-05)
(0.00053 -2e-05 2e-05)
(0.00054 -2e-05 2e-05)
(0.00055 -2e-05 2e-05)
(0.00056 -2e-05 2e-05)
(0.00057 -2e-05 2e-05)
(0.00058 -2e-05 2e-05)
(0.00059 -2e-05 2e-05)
(0.0006 -2e-05 2e-05)
(0.00061 -2e-05 2e-05)
(0.00062 -2e-05 2e-05)
(0.00063 -2e-05 2e-05)
(0.00064 -2e-05 2e-05)
(0.00065 -2e-05 2e-05)
(0.00066 -2e-05 2e-05)
(0.00067 -2e-05 2e-05)
(0.00068 -2e-05 2e-05)
(0.00069 -2e-05 2e-05)
(0.0007 -2e-05 2e-05)
(0.00071 -2e-05 2e-05)
(0.00072 -2e-05 2e-05)
(0.00073 -2e-05 2e-05)
(0.00074 -2e-05 2e-05)
(0.00075 -2e-05 2e-05)
(0.00076 -2e-05 2e-05)
(0.00077 -2e-05 2e-05)
(0.00078 -2e-05 2e-05)
(0.00079 -2e-05 2e-05)
(0.0008 -2e-05 2e-05)
(0.00081 -2e-05 2e-05)
(0.00082 -2e-05 2e-05)
(0.00083 -2e-05 2e-05)
(0.00084 -2e-05 2e-05)
(0.00085 -2e-05 2e-05)
(0.00086 -2e-05 2e-05)
(0.00087 -2e-05 2e-05)
(0.00088 -2e-05 2e-05)
(0.00089 -2e-05 2e-05)
(0.0009 -2e-05 2e-05)
(0.00091 -2e-05 2e-05)
(0.00092 -2e-05 2e-05)
(0.00093 -2e-05 2e-05)
(0.00094 -2e-05 2e-05)
(0.00095 -2e-05 2e-05)
(0.00096 -2e-05 2e-05)
(0.00097 -2e-05 2e-05)
(0.00098 -2e-05 2e-05)
(0.00099 -2e-05 2e-05)
(0.001 -2e-05 2e-05)
(0.00101 -2e-05 2e-05)
(0.00102 -2e-05 2e-05)
(0.00103 -2e-05 2e-05)
(0.00104 -2e-05 2e-05)
(0.00105 -2e-05 2e-05)
(0.00106 -2e-05 2e-05)
(0.00107 -2e-05 2e-05)
(0.00108 -2e-05 2e-05)
(0.00109 -2e-05 2e-05)
(0.0011 -2e-05 2e-05)
(0.00111 -2e-05 2e-05)
(0.00112 -2e-05 2e-05)
(0.00113 -2e-05 2e-05)
(0.00114 -2e-05 2e-05)
(0.00115 -2e-05 2e-05)
(0.00116 -2e-05 2e-05)
(0.00117 -2e-05 2e-05)
(0.00118 -2e-05 2e-05)
(0.00119 -2e-05 2e-05)
(0.0012 -2e-05 2e-05)
(0.00121 -2e-05 2e-05)
(0.00122 -2e-05 2e-05)
(0.00123 -2e-05 2e-05)
(0.00124 -2e-05 2e-05)
(0.00125 -2e-05 2e-05)
(0.00126 -2e-05 2e-05)
(0.00127 -2e-05 2e-05)
(0.00128 -2e-05 2e-05)
(0.00129 -2e-05 2e-05)
(0.0013 -2e-05 2e-05)
(0.00131 -2e-05 2e-05)
(0.00132 -2e-05 2e-05)
(0.00133 -2e-05 2e-05)
(0.00134 -2e-05 2e-05)
(0.00135 -2e-05 2e-05)
(0.00136 -2e-05 2e-05)
(0.00137 -2e-05 2e-05)
(0.00138 -2e-05 2e-05)
(0.00139 -2e-05 2e-05)
(0.0014 -2e-05 2e-05)
(0.00141 -2e-05 2e-05)
(0.00142 -2e-05 2e-05)
(0.00143 -2e-05 2e-05)
(0.00144 -2e-05 2e-05)
(0.00145 -2e-05 2e-05)
(0.00146 -2e-05 2e-05)
(0.00147 -2e-05 2e-05)
(0.00148 -2e-05 2e-05)
(0.00149 -2e-05 2e-05)
(0.0015 -2e-05 2e-05)
(6e-05 -1e-05 2e-05)
(7e-05 -1e-05 2e-05)
(8e-05 -1e-05 2e-05)
(9e-05 -1e-05 2e-05)
(0.0001 -1e-05 2e-05)
(0.00011 -1e-05 2e-05)
(0.00012 -1e-05 2e-05)
(0.00013 -1e-05 2e-05)
(0.00014 -1e-05 2e-05)
(0.00015 -1e-05 2e-05)
(0.00016 -1e-05 2e-05)
(0.00017 -1e-05 2e-05)
(0.00018 -1e-05 2e-05)
(0.00019 -1e-05 2e-05)
(0.0002 -1e-05 2e-05)
(0.00021 -1e-05 2e-05)
(0.00022 -1e-05 2e-05)
(0.00023 -1e-05 2e-05)
(0.00024 -1e-05 2e-05)
(0.00025 -1e-05 2e-05)
(0.00026 -1e-05 2e-05)
(0.00027 -1e-05 2e-05)
(0.00028 -1e-05 2e-05)
(0.00029 -1e-05 2e-05)
(0.0003 -1e-05 2e-05)
(0.00031 -1e-05 2e-05)
(0.00032 -1e-05 2e-05)
(0.00033 -1e-05 2e-05)
(0.00034 -1e-05 2e-05)
(0.00035 -1e-05 2e-05)
(0.00036 -1e-05 2e-05)
(0.00037 -1e-05 2e-05)
(0.00038 -1e-05 2e-05)
(0.00039 -1e-05 2e-05)
(0.0004 -1e-05 2e-05)
(0.00041 -1e-05 2e-05)
(0.00042 -1e-05 2e-05)
(0.00043 -1e-05 2e-05)
(0.00044 -1e-05 2e-05)
(0.00045 -1e-05 2e-05)
(0.00046 -1e-05 2e-05)
(0.00047 -1e-05 2e-05)
(0.00048 -1e-05 2e-05)
(0.00049 -1e-05 2e-05)
(0.0005 -1e-05 2e-05)
(0.00051 -1e-05 2e-05)
(0.00052 -1e-05 2e-05)
(0.00053 -1e-05 2e-05)
(0.00054 -1e-05 2e-05)
(0.00055 -1e-05 2e-05)
(0.00056 -1e-05 2e-05)
(0.00057 -1e-05 2e-05)
(0.00058 -1e-05 2e-05)
(0.00059 -1e-05 2e-05)
(0.0006 -1e-05 2e-05)
(0.00061 -1e-05 2e-05)
(0.00062 -1e-05 2e-05)
(0.00063 -1e-05 2e-05)
(0.00064 -1e-05 2e-05)
(0.00065 -1e-05 2e-05)
(0.00066 -1e-05 2e-05)
(0.00067 -1e-05 2e-05)
(0.00068 -1e-05 2e-05)
(0.00069 -1e-05 2e-05)
(0.0007 -1e-05 2e-05)
(0.00071 -1e-05 2e-05)
(0.00072 -1e-05 2e-05)
(0.00073 -1e-05 2e-05)
(0.00074 -1e-05 2e-05)
(0.00075 -1e-05 2e-05)
(0.00076 -1e-05 2e-05)
(0.00077 -1e-05 2e-05)
(0.00078 -1e-05 2e-05)
(0.00079 -1e-05 2e-05)
(0.0008 -1e-05 2e-05)
(0.00081 -1e-05 2e-05)
(0.00082 -1e-05 2e-05)
(0.00083 -1e-05 2e-05)
(0.00084 -1e-05 2e-05)
(0.00085 -1e-05 2e-05)
(0.00086 -1e-05 2e-05)
(0.00087 -1e-05 2e-05)
(0.00088 -1e-05 2e-05)
(0.00089 -1e-05 2e-05)
(0.0009 -1e-05 2e-05)
(0.00091 -1e-05 2e-05)
(0.00092 -1e-05 2e-05)
(0.00093 -1e-05 2e-05)
(0.00094 -1e-05 2e-05)
(0.00095 -1e-05 2e-05)
(0.00096 -1e-05 2e-05)
(0.00097 -1e-05 2e-05)
(0.00098 -1e-05 2e-05)
(0.00099 -1e-05 2e-05)
(0.001 -1e-05 2e-05)
(0.00101 -1e-05 2e-05)
(0.00102 -1e-05 2e-05)
(0.00103 -1e-05 2e-05)
(0.00104 -1e-05 2e-05)
(0.00105 -1e-05 2e-05)
(0.00106 -1e-05 2e-05)
(0.00107 -1e-05 2e-05)
(0.00108 -1e-05 2e-05)
(0.00109 -1e-05 2e-05)
(0.0011 -1e-05 2e-05)
(0.00111 -1e-05 2e-05)
(0.00112 -1e-05 2e-05)
(0.00113 -1e-05 2e-05)
(0.00114 -1e-05 2e-05)
(0.00115 -1e-05 2e-05)
(0.00116 -1e-05 2e-05)
(0.00117 -1e-05 2e-05)
(0.00118 -1e-05 2e-05)
(0.00119 -1e-05 2e-05)
(0.0012 -1e-05 2e-05)
(0.00121 -1e-05 2e-05)
(0.00122 -1e-05 2e-05)
(0.00123 -1e-05 2e-05)
(0.00124 -1e-05 2e-05)
(0.00125 -1e-05 2e-05)
(0.00126 -1e-05 2e-05)
(0.00127 -1e-05 2e-05)
(0.00128 -1e-05 2e-05)
(0.00129 -1e-05 2e-05)
(0.0013 -1e-05 2e-05)
(0.00131 -1e-05 2e-05)
(0.00132 -1e-05 2e-05)
(0.00133 -1e-05 2e-05)
(0.00134 -1e-05 2e-05)
(0.00135 -1e-05 2e-05)
(0.00136 -1e-05 2e-05)
(0.00137 -1e-05 2e-05)
(0.00138 -1e-05 2e-05)
(0.00139 -1e-05 2e-05)
(0.0014 -1e-05 2e-05)
(0.00141 -1e-05 2e-05)
(0.00142 -1e-05 2e-05)
(0.00143 -1e-05 2e-05)
(0.00144 -1e-05 2e-05)
(0.00145 -1e-05 2e-05)
(0.00146 -1e-05 2e-05)
(0.00147 -1e-05 2e-05)
(0.00148 -1e-05 2e-05)
(0.00149 -1e-05 2e-05)
(0.0015 -1e-05 2e-05)
(6e-05 0 2e-05)
(7e-05 0 2e-05)
(8e-05 0 2e-05)
(9e-05 0 2e-05)
(0.0001 1.129377263e-21 2e-05)
(0.00011 0 2e-05)
(0.00012 0 2e-05)
(0.00013 0 2e-05)
(0.00014 0 2e-05)
(0.00015 0 2e-05)
(0.00016 0 2e-05)
(0.00017 0 2e-05)
(0.00018 0 2e-05)
(0.00019 0 2e-05)
(0.0002 0 2e-05)
(0.00021 0 2e-05)
(0.00022 0 2e-05)
(0.00023 0 2e-05)
(0.00024 0 2e-05)
(0.00025 0 2e-05)
(0.00026 0 2e-05)
(0.00027 0 2e-05)
(0.00028 0 2e-05)
(0.00029 0 2e-05)
(0.0003 0 2e-05)
(0.00031 0 2e-05)
(0.00032 0 2e-05)
(0.00033 0 2e-05)
(0.00034 0 2e-05)
(0.00035 0 2e-05)
(0.00036 0 2e-05)
(0.00037 1.129377263e-21 2e-05)
(0.00038 0 2e-05)
(0.00039 1.129377263e-21 2e-05)
(0.0004 0 2e-05)
(0.00041 0 2e-05)
(0.00042 0 2e-05)
(0.00043 0 2e-05)
(0.00044 0 2e-05)
(0.00045 -1.129377263e-21 2e-05)
(0.00046 1.129377263e-21 2e-05)
(0.00047 0 2e-05)
(0.00048 0 2e-05)
(0.00049 0 2e-05)
(0.0005 0 2e-05)
(0.00051 0 2e-05)
(0.00052 0 2e-05)
(0.00053 0 2e-05)
(0.00054 -1.129377263e-21 2e-05)
(0.00055 1.129377263e-21 2e-05)
(0.00056 0 2e-05)
(0.00057 1.129377263e-21 2e-05)
(0.00058 0 2e-05)
(0.00059 0 2e-05)
(0.0006 0 2e-05)
(0.00061 0 2e-05)
(0.00062 0 2e-05)
(0.00063 0 2e-05)
(0.00064 -5.646886315e-22 2e-05)
(0.00065 -5.646886315e-22 2e-05)
(0.00066 0 2e-05)
(0.00067 0 2e-05)
(0.00068 0 2e-05)
(0.00069 0 2e-05)
(0.0007 0 2e-05)
(0.00071 0 2e-05)
(0.00072 5.646886315e-22 2e-05)
(0.00073 -5.646886315e-22 2e-05)
(0.00074 0 2e-05)
(0.00075 0 2e-05)
(0.00076 0 2e-05)
(0.00077 0 2e-05)
(0.00078 0 2e-05)
(0.00079 0 2e-05)
(0.0008 0 2e-05)
(0.00081 0 2e-05)
(0.00082 0 2e-05)
(0.00083 0 2e-05)
(0.00084 0 2e-05)
(0.00085 0 2e-05)
(0.00086 0 2e-05)
(0.00087 0 2e-05)
(0.00088 0 2e-05)
(0.00089 0 2e-05)
(0.0009 0 2e-05)
(0.00091 0 2e-05)
(0.00092 0 2e-05)
(0.00093 0 2e-05)
(0.00094 0 2e-05)
(0.00095 0 2e-05)
(0.00096 5.646886315e-22 2e-05)
(0.00097 5.646886315e-22 2e-05)
(0.00098 0 2e-05)
(0.00099 0 2e-05)
(0.001 5.646886315e-22 2e-05)
(0.00101 -5.646886315e-22 2e-05)
(0.00102 -5.646886315e-22 2e-05)
(0.00103 0 2e-05)
(0.00104 0 2e-05)
(0.00105 5.646886315e-22 2e-05)
(0.00106 2.823443158e-22 2e-05)
(0.00107 0 2e-05)
(0.00108 -2.823443158e-22 2e-05)
(0.00109 5.646886315e-22 2e-05)
(0.0011 -5.646886315e-22 2e-05)
(0.00111 2.823443158e-22 2e-05)
(0.00112 0 2e-05)
(0.00113 2.823443158e-22 2e-05)
(0.00114 2.823443158e-22 2e-05)
(0.00115 2.823443158e-22 2e-05)
(0.00116 0 2e-05)
(0.00117 -2.823443158e-22 2e-05)
(0.00118 5.646886315e-22 2e-05)
(0.00119 2.823443158e-22 2e-05)
(0.0012 0 2e-05)
(0.00121 -2.823443158e-22 2e-05)
(0.00122 0 2e-05)
(0.00123 2.823443158e-22 2e-05)
(0.00124 0 2e-05)
(0.00125 -2.823443158e-22 2e-05)
(0.00126 -2.823443158e-22 2e-05)
(0.00127 5.646886315e-22 2e-05)
(0.00128 2.823443158e-22 2e-05)
(0.00129 0 2e-05)
(0.0013 -4.235164736e-22 2e-05)
(0.00131 4.235164736e-22 2e-05)
(0.00132 1.411721579e-22 2e-05)
(0.00133 0 2e-05)
(0.00134 -2.823443158e-22 2e-05)
(0.00135 5.646886315e-22 2e-05)
(0.00136 4.235164736e-22 2e-05)
(0.00137 1.411721579e-22 2e-05)
(0.00138 -2.823443158e-22 2e-05)
(0.00139 5.646886315e-22 2e-05)
(0.0014 3.529303947e-22 2e-05)
(0.00141 2.117582368e-22 2e-05)
(0.00142 -1.411721579e-22 2e-05)
(0.00143 -3.529303947e-22 2e-05)
(0.00144 4.941025526e-22 2e-05)
(0.00145 2.823443158e-22 2e-05)
(0.00146 -1.764651973e-22 2e-05)
(0.00147 -4.235164736e-22 2e-05)
(0.00148 4.764560328e-22 2e-05)
(0.00149 2.382280164e-22 2e-05)
(0.0015 0 2e-05)
(6e-05 1e-05 2e-05)
(7e-05 1e-05 2e-05)
(8e-05 1e-05 2e-05)
(9e-05 1e-05 2e-05)
(0.0001 1e-05 2e-05)
(0.00011 1e-05 2e-05)
(0.00012 1e-05 2e-05)
(0.00013 1e-05 2e-05)
(0.00014 1e-05 2e-05)
(0.00015 1e-05 2e-05)
(0.00016 1e-05 2e-05)
(0.00017 1e-05 2e-05)
(0.00018 1e-05 2e-05)
(0.00019 1e-05 2e-05)
(0.0002 1e-05 2e-05)
(0.00021 1e-05 2e-05)
(0.00022 1e-05 2e-05)
(0.00023 1e-05 2e-05)
(0.00024 1e-05 2e-05)
(0.00025 1e-05 2e-05)
(0.00026 1e-05 2e-05)
(0.00027 1e-05 2e-05)
(0.00028 1e-05 2e-05)
(0.00029 1e-05 2e-05)
(0.0003 1e-05 2e-05)
(0.00031 1e-05 2e-05)
(0.00032 1e-05 2e-05)
(0.00033 1e-05 2e-05)
(0.00034 1e-05 2e-05)
(0.00035 1e-05 2e-05)
(0.00036 1e-05 2e-05)
(0.00037 1e-05 2e-05)
(0.00038 1e-05 2e-05)
(0.00039 1e-05 2e-05)
(0.0004 1e-05 2e-05)
(0.00041 1e-05 2e-05)
(0.00042 1e-05 2e-05)
(0.00043 1e-05 2e-05)
(0.00044 1e-05 2e-05)
(0.00045 1e-05 2e-05)
(0.00046 1e-05 2e-05)
(0.00047 1e-05 2e-05)
(0.00048 1e-05 2e-05)
(0.00049 1e-05 2e-05)
(0.0005 1e-05 2e-05)
(0.00051 1e-05 2e-05)
(0.00052 1e-05 2e-05)
(0.00053 1e-05 2e-05)
(0.00054 1e-05 2e-05)
(0.00055 1e-05 2e-05)
(0.00056 1e-05 2e-05)
(0.00057 1e-05 2e-05)
(0.00058 1e-05 2e-05)
(0.00059 1e-05 2e-05)
(0.0006 1e-05 2e-05)
(0.00061 1e-05 2e-05)
(0.00062 1e-05 2e-05)
(0.00063 1e-05 2e-05)
(0.00064 1e-05 2e-05)
(0.00065 1e-05 2e-05)
(0.00066 1e-05 2e-05)
(0.00067 1e-05 2e-05)
(0.00068 1e-05 2e-05)
(0.00069 1e-05 2e-05)
(0.0007 1e-05 2e-05)
(0.00071 1e-05 2e-05)
(0.00072 1e-05 2e-05)
(0.00073 1e-05 2e-05)
(0.00074 1e-05 2e-05)
(0.00075 1e-05 2e-05)
(0.00076 1e-05 2e-05)
(0.00077 1e-05 2e-05)
(0.00078 1e-05 2e-05)
(0.00079 1e-05 2e-05)
(0.0008 1e-05 2e-05)
(0.00081 1e-05 2e-05)
(0.00082 1e-05 2e-05)
(0.00083 1e-05 2e-05)
(0.00084 1e-05 2e-05)
(0.00085 1e-05 2e-05)
(0.00086 1e-05 2e-05)
(0.00087 1e-05 2e-05)
(0.00088 1e-05 2e-05)
(0.00089 1e-05 2e-05)
(0.0009 1e-05 2e-05)
(0.00091 1e-05 2e-05)
(0.00092 1e-05 2e-05)
(0.00093 1e-05 2e-05)
(0.00094 1e-05 2e-05)
(0.00095 1e-05 2e-05)
(0.00096 1e-05 2e-05)
(0.00097 1e-05 2e-05)
(0.00098 1e-05 2e-05)
(0.00099 1e-05 2e-05)
(0.001 1e-05 2e-05)
(0.00101 1e-05 2e-05)
(0.00102 1e-05 2e-05)
(0.00103 1e-05 2e-05)
(0.00104 1e-05 2e-05)
(0.00105 1e-05 2e-05)
(0.00106 1e-05 2e-05)
(0.00107 1e-05 2e-05)
(0.00108 1e-05 2e-05)
(0.00109 1e-05 2e-05)
(0.0011 1e-05 2e-05)
(0.00111 1e-05 2e-05)
(0.00112 1e-05 2e-05)
(0.00113 1e-05 2e-05)
(0.00114 1e-05 2e-05)
(0.00115 1e-05 2e-05)
(0.00116 1e-05 2e-05)
(0.00117 1e-05 2e-05)
(0.00118 1e-05 2e-05)
(0.00119 1e-05 2e-05)
(0.0012 1e-05 2e-05)
(0.00121 1e-05 2e-05)
(0.00122 1e-05 2e-05)
(0.00123 1e-05 2e-05)
(0.00124 1e-05 2e-05)
(0.00125 1e-05 2e-05)
(0.00126 1e-05 2e-05)
(0.00127 1e-05 2e-05)
(0.00128 1e-05 2e-05)
(0.00129 1e-05 2e-05)
(0.0013 1e-05 2e-05)
(0.00131 1e-05 2e-05)
(0.00132 1e-05 2e-05)
(0.00133 1e-05 2e-05)
(0.00134 1e-05 2e-05)
(0.00135 1e-05 2e-05)
(0.00136 1e-05 2e-05)
(0.00137 1e-05 2e-05)
(0.00138 1e-05 2e-05)
(0.00139 1e-05 2e-05)
(0.0014 1e-05 2e-05)
(0.00141 1e-05 2e-05)
(0.00142 1e-05 2e-05)
(0.00143 1e-05 2e-05)
(0.00144 1e-05 2e-05)
(0.00145 1e-05 2e-05)
(0.00146 1e-05 2e-05)
(0.00147 1e-05 2e-05)
(0.00148 1e-05 2e-05)
(0.00149 1e-05 2e-05)
(0.0015 1e-05 2e-05)
(6e-05 2e-05 2e-05)
(7e-05 2e-05 2e-05)
(8e-05 2e-05 2e-05)
(9e-05 2e-05 2e-05)
(0.0001 2e-05 2e-05)
(0.00011 2e-05 2e-05)
(0.00012 2e-05 2e-05)
(0.00013 2e-05 2e-05)
(0.00014 2e-05 2e-05)
(0.00015 2e-05 2e-05)
(0.00016 2e-05 2e-05)
(0.00017 2e-05 2e-05)
(0.00018 2e-05 2e-05)
(0.00019 2e-05 2e-05)
(0.0002 2e-05 2e-05)
(0.00021 2e-05 2e-05)
(0.00022 2e-05 2e-05)
(0.00023 2e-05 2e-05)
(0.00024 2e-05 2e-05)
(0.00025 2e-05 2e-05)
(0.00026 2e-05 2e-05)
(0.00027 2e-05 2e-05)
(0.00028 2e-05 2e-05)
(0.00029 2e-05 2e-05)
(0.0003 2e-05 2e-05)
(0.00031 2e-05 2e-05)
(0.00032 2e-05 2e-05)
(0.00033 2e-05 2e-05)
(0.00034 2e-05 2e-05)
(0.00035 2e-05 2e-05)
(0.00036 2e-05 2e-05)
(0.00037 2e-05 2e-05)
(0.00038 2e-05 2e-05)
(0.00039 2e-05 2e-05)
(0.0004 2e-05 2e-05)
(0.00041 2e-05 2e-05)
(0.00042 2e-05 2e-05)
(0.00043 2e-05 2e-05)
(0.00044 2e-05 2e-05)
(0.00045 2e-05 2e-05)
(0.00046 2e-05 2e-05)
(0.00047 2e-05 2e-05)
(0.00048 2e-05 2e-05)
(0.00049 2e-05 2e-05)
(0.0005 2e-05 2e-05)
(0.00051 2e-05 2e-05)
(0.00052 2e-05 2e-05)
(0.00053 2e-05 2e-05)
(0.00054 2e-05 2e-05)
(0.00055 2e-05 2e-05)
(0.00056 2e-05 2e-05)
(0.00057 2e-05 2e-05)
(0.00058 2e-05 2e-05)
(0.00059 2e-05 2e-05)
(0.0006 2e-05 2e-05)
(0.00061 2e-05 2e-05)
(0.00062 2e-05 2e-05)
(0.00063 2e-05 2e-05)
(0.00064 2e-05 2e-05)
(0.00065 2e-05 2e-05)
(0.00066 2e-05 2e-05)
(0.00067 2e-05 2e-05)
(0.00068 2e-05 2e-05)
(0.00069 2e-05 2e-05)
(0.0007 2e-05 2e-05)
(0.00071 2e-05 2e-05)
(0.00072 2e-05 2e-05)
(0.00073 2e-05 2e-05)
(0.00074 2e-05 2e-05)
(0.00075 2e-05 2e-05)
(0.00076 2e-05 2e-05)
(0.00077 2e-05 2e-05)
(0.00078 2e-05 2e-05)
(0.00079 2e-05 2e-05)
(0.0008 2e-05 2e-05)
(0.00081 2e-05 2e-05)
(0.00082 2e-05 2e-05)
(0.00083 2e-05 2e-05)
(0.00084 2e-05 2e-05)
(0.00085 2e-05 2e-05)
(0.00086 2e-05 2e-05)
(0.00087 2e-05 2e-05)
(0.00088 2e-05 2e-05)
(0.00089 2e-05 2e-05)
(0.0009 2e-05 2e-05)
(0.00091 2e-05 2e-05)
(0.00092 2e-05 2e-05)
(0.00093 2e-05 2e-05)
(0.00094 2e-05 2e-05)
(0.00095 2e-05 2e-05)
(0.00096 2e-05 2e-05)
(0.00097 2e-05 2e-05)
(0.00098 2e-05 2e-05)
(0.00099 2e-05 2e-05)
(0.001 2e-05 2e-05)
(0.00101 2e-05 2e-05)
(0.00102 2e-05 2e-05)
(0.00103 2e-05 2e-05)
(0.00104 2e-05 2e-05)
(0.00105 2e-05 2e-05)
(0.00106 2e-05 2e-05)
(0.00107 2e-05 2e-05)
(0.00108 2e-05 2e-05)
(0.00109 2e-05 2e-05)
(0.0011 2e-05 2e-05)
(0.00111 2e-05 2e-05)
(0.00112 2e-05 2e-05)
(0.00113 2e-05 2e-05)
(0.00114 2e-05 2e-05)
(0.00115 2e-05 2e-05)
(0.00116 2e-05 2e-05)
(0.00117 2e-05 2e-05)
(0.00118 2e-05 2e-05)
(0.00119 2e-05 2e-05)
(0.0012 2e-05 2e-05)
(0.00121 2e-05 2e-05)
(0.00122 2e-05 2e-05)
(0.00123 2e-05 2e-05)
(0.00124 2e-05 2e-05)
(0.00125 2e-05 2e-05)
(0.00126 2e-05 2e-05)
(0.00127 2e-05 2e-05)
(0.00128 2e-05 2e-05)
(0.00129 2e-05 2e-05)
(0.0013 2e-05 2e-05)
(0.00131 2e-05 2e-05)
(0.00132 2e-05 2e-05)
(0.00133 2e-05 2e-05)
(0.00134 2e-05 2e-05)
(0.00135 2e-05 2e-05)
(0.00136 2e-05 2e-05)
(0.00137 2e-05 2e-05)
(0.00138 2e-05 2e-05)
(0.00139 2e-05 2e-05)
(0.0014 2e-05 2e-05)
(0.00141 2e-05 2e-05)
(0.00142 2e-05 2e-05)
(0.00143 2e-05 2e-05)
(0.00144 2e-05 2e-05)
(0.00145 2e-05 2e-05)
(0.00146 2e-05 2e-05)
(0.00147 2e-05 2e-05)
(0.00148 2e-05 2e-05)
(0.00149 2e-05 2e-05)
(0.0015 2e-05 2e-05)
(6e-05 3e-05 2e-05)
(7e-05 3e-05 2e-05)
(8e-05 3e-05 2e-05)
(9e-05 3e-05 2e-05)
(0.0001 3e-05 2e-05)
(0.00011 3e-05 2e-05)
(0.00012 3e-05 2e-05)
(0.00013 3e-05 2e-05)
(0.00014 3e-05 2e-05)
(0.00015 3e-05 2e-05)
(0.00016 3e-05 2e-05)
(0.00017 3e-05 2e-05)
(0.00018 3e-05 2e-05)
(0.00019 3e-05 2e-05)
(0.0002 3e-05 2e-05)
(0.00021 3e-05 2e-05)
(0.00022 3e-05 2e-05)
(0.00023 3e-05 2e-05)
(0.00024 3e-05 2e-05)
(0.00025 3e-05 2e-05)
(0.00026 3e-05 2e-05)
(0.00027 3e-05 2e-05)
(0.00028 3e-05 2e-05)
(0.00029 3e-05 2e-05)
(0.0003 3e-05 2e-05)
(0.00031 3e-05 2e-05)
(0.00032 3e-05 2e-05)
(0.00033 3e-05 2e-05)
(0.00034 3e-05 2e-05)
(0.00035 3e-05 2e-05)
(0.00036 3e-05 2e-05)
(0.00037 3e-05 2e-05)
(0.00038 3e-05 2e-05)
(0.00039 3e-05 2e-05)
(0.0004 3e-05 2e-05)
(0.00041 3e-05 2e-05)
(0.00042 3e-05 2e-05)
(0.00043 3e-05 2e-05)
(0.00044 3e-05 2e-05)
(0.00045 3e-05 2e-05)
(0.00046 3e-05 2e-05)
(0.00047 3e-05 2e-05)
(0.00048 3e-05 2e-05)
(0.00049 3e-05 2e-05)
(0.0005 3e-05 2e-05)
(0.00051 3e-05 2e-05)
(0.00052 3e-05 2e-05)
(0.00053 3e-05 2e-05)
(0.00054 3e-05 2e-05)
(0.00055 3e-05 2e-05)
(0.00056 3e-05 2e-05)
(0.00057 3e-05 2e-05)
(0.00058 3e-05 2e-05)
(0.00059 3e-05 2e-05)
(0.0006 3e-05 2e-05)
(0.00061 3e-05 2e-05)
(0.00062 3e-05 2e-05)
(0.00063 3e-05 2e-05)
(0.00064 3e-05 2e-05)
(0.00065 3e-05 2e-05)
(0.00066 3e-05 2e-05)
(0.00067 3e-05 2e-05)
(0.00068 3e-05 2e-05)
(0.00069 3e-05 2e-05)
(0.0007 3e-05 2e-05)
(0.00071 3e-05 2e-05)
(0.00072 3e-05 2e-05)
(0.00073 3e-05 2e-05)
(0.00074 3e-05 2e-05)
(0.00075 3e-05 2e-05)
(0.00076 3e-05 2e-05)
(0.00077 3e-05 2e-05)
(0.00078 3e-05 2e-05)
(0.00079 3e-05 2e-05)
(0.0008 3e-05 2e-05)
(0.00081 3e-05 2e-05)
(0.00082 3e-05 2e-05)
(0.00083 3e-05 2e-05)
(0.00084 3e-05 2e-05)
(0.00085 3e-05 2e-05)
(0.00086 3e-05 2e-05)
(0.00087 3e-05 2e-05)
(0.00088 3e-05 2e-05)
(0.00089 3e-05 2e-05)
(0.0009 3e-05 2e-05)
(0.00091 3e-05 2e-05)
(0.00092 3e-05 2e-05)
(0.00093 3e-05 2e-05)
(0.00094 3e-05 2e-05)
(0.00095 3e-05 2e-05)
(0.00096 3e-05 2e-05)
(0.00097 3e-05 2e-05)
(0.00098 3e-05 2e-05)
(0.00099 3e-05 2e-05)
(0.001 3e-05 2e-05)
(0.00101 3e-05 2e-05)
(0.00102 3e-05 2e-05)
(0.00103 3e-05 2e-05)
(0.00104 3e-05 2e-05)
(0.00105 3e-05 2e-05)
(0.00106 3e-05 2e-05)
(0.00107 3e-05 2e-05)
(0.00108 3e-05 2e-05)
(0.00109 3e-05 2e-05)
(0.0011 3e-05 2e-05)
(0.00111 3e-05 2e-05)
(0.00112 3e-05 2e-05)
(0.00113 3e-05 2e-05)
(0.00114 3e-05 2e-05)
(0.00115 3e-05 2e-05)
(0.00116 3e-05 2e-05)
(0.00117 3e-05 2e-05)
(0.00118 3e-05 2e-05)
(0.00119 3e-05 2e-05)
(0.0012 3e-05 2e-05)
(0.00121 3e-05 2e-05)
(0.00122 3e-05 2e-05)
(0.00123 3e-05 2e-05)
(0.00124 3e-05 2e-05)
(0.00125 3e-05 2e-05)
(0.00126 3e-05 2e-05)
(0.00127 3e-05 2e-05)
(0.00128 3e-05 2e-05)
(0.00129 3e-05 2e-05)
(0.0013 3e-05 2e-05)
(0.00131 3e-05 2e-05)
(0.00132 3e-05 2e-05)
(0.00133 3e-05 2e-05)
(0.00134 3e-05 2e-05)
(0.00135 3e-05 2e-05)
(0.00136 3e-05 2e-05)
(0.00137 3e-05 2e-05)
(0.00138 3e-05 2e-05)
(0.00139 3e-05 2e-05)
(0.0014 3e-05 2e-05)
(0.00141 3e-05 2e-05)
(0.00142 3e-05 2e-05)
(0.00143 3e-05 2e-05)
(0.00144 3e-05 2e-05)
(0.00145 3e-05 2e-05)
(0.00146 3e-05 2e-05)
(0.00147 3e-05 2e-05)
(0.00148 3e-05 2e-05)
(0.00149 3e-05 2e-05)
(0.0015 3e-05 2e-05)
(6e-05 4e-05 2e-05)
(7e-05 4e-05 2e-05)
(8e-05 4e-05 2e-05)
(9e-05 4e-05 2e-05)
(0.0001 4e-05 2e-05)
(0.00011 4e-05 2e-05)
(0.00012 4e-05 2e-05)
(0.00013 4e-05 2e-05)
(0.00014 4e-05 2e-05)
(0.00015 4e-05 2e-05)
(0.00016 4e-05 2e-05)
(0.00017 4e-05 2e-05)
(0.00018 4e-05 2e-05)
(0.00019 4e-05 2e-05)
(0.0002 4e-05 2e-05)
(0.00021 4e-05 2e-05)
(0.00022 4e-05 2e-05)
(0.00023 4e-05 2e-05)
(0.00024 4e-05 2e-05)
(0.00025 4e-05 2e-05)
(0.00026 4e-05 2e-05)
(0.00027 4e-05 2e-05)
(0.00028 4e-05 2e-05)
(0.00029 4e-05 2e-05)
(0.0003 4e-05 2e-05)
(0.00031 4e-05 2e-05)
(0.00032 4e-05 2e-05)
(0.00033 4e-05 2e-05)
(0.00034 4e-05 2e-05)
(0.00035 4e-05 2e-05)
(0.00036 4e-05 2e-05)
(0.00037 4e-05 2e-05)
(0.00038 4e-05 2e-05)
(0.00039 4e-05 2e-05)
(0.0004 4e-05 2e-05)
(0.00041 4e-05 2e-05)
(0.00042 4e-05 2e-05)
(0.00043 4e-05 2e-05)
(0.00044 4e-05 2e-05)
(0.00045 4e-05 2e-05)
(0.00046 4e-05 2e-05)
(0.00047 4e-05 2e-05)
(0.00048 4e-05 2e-05)
(0.00049 4e-05 2e-05)
(0.0005 4e-05 2e-05)
(0.00051 4e-05 2e-05)
(0.00052 4e-05 2e-05)
(0.00053 4e-05 2e-05)
(0.00054 4e-05 2e-05)
(0.00055 4e-05 2e-05)
(0.00056 4e-05 2e-05)
(0.00057 4e-05 2e-05)
(0.00058 4e-05 2e-05)
(0.00059 4e-05 2e-05)
(0.0006 4e-05 2e-05)
(0.00061 4e-05 2e-05)
(0.00062 4e-05 2e-05)
(0.00063 4e-05 2e-05)
(0.00064 4e-05 2e-05)
(0.00065 4e-05 2e-05)
(0.00066 4e-05 2e-05)
(0.00067 4e-05 2e-05)
(0.00068 4e-05 2e-05)
(0.00069 4e-05 2e-05)
(0.0007 4e-05 2e-05)
(0.00071 4e-05 2e-05)
(0.00072 4e-05 2e-05)
(0.00073 4e-05 2e-05)
(0.00074 4e-05 2e-05)
(0.00075 4e-05 2e-05)
(0.00076 4e-05 2e-05)
(0.00077 4e-05 2e-05)
(0.00078 4e-05 2e-05)
(0.00079 4e-05 2e-05)
(0.0008 4e-05 2e-05)
(0.00081 4e-05 2e-05)
(0.00082 4e-05 2e-05)
(0.00083 4e-05 2e-05)
(0.00084 4e-05 2e-05)
(0.00085 4e-05 2e-05)
(0.00086 4e-05 2e-05)
(0.00087 4e-05 2e-05)
(0.00088 4e-05 2e-05)
(0.00089 4e-05 2e-05)
(0.0009 4e-05 2e-05)
(0.00091 4e-05 2e-05)
(0.00092 4e-05 2e-05)
(0.00093 4e-05 2e-05)
(0.00094 4e-05 2e-05)
(0.00095 4e-05 2e-05)
(0.00096 4e-05 2e-05)
(0.00097 4e-05 2e-05)
(0.00098 4e-05 2e-05)
(0.00099 4e-05 2e-05)
(0.001 4e-05 2e-05)
(0.00101 4e-05 2e-05)
(0.00102 4e-05 2e-05)
(0.00103 4e-05 2e-05)
(0.00104 4e-05 2e-05)
(0.00105 4e-05 2e-05)
(0.00106 4e-05 2e-05)
(0.00107 4e-05 2e-05)
(0.00108 4e-05 2e-05)
(0.00109 4e-05 2e-05)
(0.0011 4e-05 2e-05)
(0.00111 4e-05 2e-05)
(0.00112 4e-05 2e-05)
(0.00113 4e-05 2e-05)
(0.00114 4e-05 2e-05)
(0.00115 4e-05 2e-05)
(0.00116 4e-05 2e-05)
(0.00117 4e-05 2e-05)
(0.00118 4e-05 2e-05)
(0.00119 4e-05 2e-05)
(0.0012 4e-05 2e-05)
(0.00121 4e-05 2e-05)
(0.00122 4e-05 2e-05)
(0.00123 4e-05 2e-05)
(0.00124 4e-05 2e-05)
(0.00125 4e-05 2e-05)
(0.00126 4e-05 2e-05)
(0.00127 4e-05 2e-05)
(0.00128 4e-05 2e-05)
(0.00129 4e-05 2e-05)
(0.0013 4e-05 2e-05)
(0.00131 4e-05 2e-05)
(0.00132 4e-05 2e-05)
(0.00133 4e-05 2e-05)
(0.00134 4e-05 2e-05)
(0.00135 4e-05 2e-05)
(0.00136 4e-05 2e-05)
(0.00137 4e-05 2e-05)
(0.00138 4e-05 2e-05)
(0.00139 4e-05 2e-05)
(0.0014 4e-05 2e-05)
(0.00141 4e-05 2e-05)
(0.00142 4e-05 2e-05)
(0.00143 4e-05 2e-05)
(0.00144 4e-05 2e-05)
(0.00145 4e-05 2e-05)
(0.00146 4e-05 2e-05)
(0.00147 4e-05 2e-05)
(0.00148 4e-05 2e-05)
(0.00149 4e-05 2e-05)
(0.0015 4e-05 2e-05)
(6e-05 5e-05 2e-05)
(7e-05 5e-05 2e-05)
(8e-05 5e-05 2e-05)
(9e-05 5e-05 2e-05)
(0.0001 5e-05 2e-05)
(0.00011 5e-05 2e-05)
(0.00012 5e-05 2e-05)
(0.00013 5e-05 2e-05)
(0.00014 5e-05 2e-05)
(0.00015 5e-05 2e-05)
(0.00016 5e-05 2e-05)
(0.00017 5e-05 2e-05)
(0.00018 5e-05 2e-05)
(0.00019 5e-05 2e-05)
(0.0002 5e-05 2e-05)
(0.00021 5e-05 2e-05)
(0.00022 5e-05 2e-05)
(0.00023 5e-05 2e-05)
(0.00024 5e-05 2e-05)
(0.00025 5e-05 2e-05)
(0.00026 5e-05 2e-05)
(0.00027 5e-05 2e-05)
(0.00028 5e-05 2e-05)
(0.00029 5e-05 2e-05)
(0.0003 5e-05 2e-05)
(0.00031 5e-05 2e-05)
(0.00032 5e-05 2e-05)
(0.00033 5e-05 2e-05)
(0.00034 5e-05 2e-05)
(0.00035 5e-05 2e-05)
(0.00036 5e-05 2e-05)
(0.00037 5e-05 2e-05)
(0.00038 5e-05 2e-05)
(0.00039 5e-05 2e-05)
(0.0004 5e-05 2e-05)
(0.00041 5e-05 2e-05)
(0.00042 5e-05 2e-05)
(0.00043 5e-05 2e-05)
(0.00044 5e-05 2e-05)
(0.00045 5e-05 2e-05)
(0.00046 5e-05 2e-05)
(0.00047 5e-05 2e-05)
(0.00048 5e-05 2e-05)
(0.00049 5e-05 2e-05)
(0.0005 5e-05 2e-05)
(0.00051 5e-05 2e-05)
(0.00052 5e-05 2e-05)
(0.00053 5e-05 2e-05)
(0.00054 5e-05 2e-05)
(0.00055 5e-05 2e-05)
(0.00056 5e-05 2e-05)
(0.00057 5e-05 2e-05)
(0.00058 5e-05 2e-05)
(0.00059 5e-05 2e-05)
(0.0006 5e-05 2e-05)
(0.00061 5e-05 2e-05)
(0.00062 5e-05 2e-05)
(0.00063 5e-05 2e-05)
(0.00064 5e-05 2e-05)
(0.00065 5e-05 2e-05)
(0.00066 5e-05 2e-05)
(0.00067 5e-05 2e-05)
(0.00068 5e-05 2e-05)
(0.00069 5e-05 2e-05)
(0.0007 5e-05 2e-05)
(0.00071 5e-05 2e-05)
(0.00072 5e-05 2e-05)
(0.00073 5e-05 2e-05)
(0.00074 5e-05 2e-05)
(0.00075 5e-05 2e-05)
(0.00076 5e-05 2e-05)
(0.00077 5e-05 2e-05)
(0.00078 5e-05 2e-05)
(0.00079 5e-05 2e-05)
(0.0008 5e-05 2e-05)
(0.00081 5e-05 2e-05)
(0.00082 5e-05 2e-05)
(0.00083 5e-05 2e-05)
(0.00084 5e-05 2e-05)
(0.00085 5e-05 2e-05)
(0.00086 5e-05 2e-05)
(0.00087 5e-05 2e-05)
(0.00088 5e-05 2e-05)
(0.00089 5e-05 2e-05)
(0.0009 5e-05 2e-05)
(0.00091 5e-05 2e-05)
(0.00092 5e-05 2e-05)
(0.00093 5e-05 2e-05)
(0.00094 5e-05 2e-05)
(0.00095 5e-05 2e-05)
(0.00096 5e-05 2e-05)
(0.00097 5e-05 2e-05)
(0.00098 5e-05 2e-05)
(0.00099 5e-05 2e-05)
(0.001 5e-05 2e-05)
(0.00101 5e-05 2e-05)
(0.00102 5e-05 2e-05)
(0.00103 5e-05 2e-05)
(0.00104 5e-05 2e-05)
(0.00105 5e-05 2e-05)
(0.00106 5e-05 2e-05)
(0.00107 5e-05 2e-05)
(0.00108 5e-05 2e-05)
(0.00109 5e-05 2e-05)
(0.0011 5e-05 2e-05)
(0.00111 5e-05 2e-05)
(0.00112 5e-05 2e-05)
(0.00113 5e-05 2e-05)
(0.00114 5e-05 2e-05)
(0.00115 5e-05 2e-05)
(0.00116 5e-05 2e-05)
(0.00117 5e-05 2e-05)
(0.00118 5e-05 2e-05)
(0.00119 5e-05 2e-05)
(0.0012 5e-05 2e-05)
(0.00121 5e-05 2e-05)
(0.00122 5e-05 2e-05)
(0.00123 5e-05 2e-05)
(0.00124 5e-05 2e-05)
(0.00125 5e-05 2e-05)
(0.00126 5e-05 2e-05)
(0.00127 5e-05 2e-05)
(0.00128 5e-05 2e-05)
(0.00129 5e-05 2e-05)
(0.0013 5e-05 2e-05)
(0.00131 5e-05 2e-05)
(0.00132 5e-05 2e-05)
(0.00133 5e-05 2e-05)
(0.00134 5e-05 2e-05)
(0.00135 5e-05 2e-05)
(0.00136 5e-05 2e-05)
(0.00137 5e-05 2e-05)
(0.00138 5e-05 2e-05)
(0.00139 5e-05 2e-05)
(0.0014 5e-05 2e-05)
(0.00141 5e-05 2e-05)
(0.00142 5e-05 2e-05)
(0.00143 5e-05 2e-05)
(0.00144 5e-05 2e-05)
(0.00145 5e-05 2e-05)
(0.00146 5e-05 2e-05)
(0.00147 5e-05 2e-05)
(0.00148 5e-05 2e-05)
(0.00149 5e-05 2e-05)
(0.0015 5e-05 2e-05)
(6e-05 -5e-05 3e-05)
(7e-05 -5e-05 3e-05)
(8e-05 -5e-05 3e-05)
(9e-05 -5e-05 3e-05)
(0.0001 -5e-05 3e-05)
(0.00011 -5e-05 3e-05)
(0.00012 -5e-05 3e-05)
(0.00013 -5e-05 3e-05)
(0.00014 -5e-05 3e-05)
(0.00015 -5e-05 3e-05)
(0.00016 -5e-05 3e-05)
(0.00017 -5e-05 3e-05)
(0.00018 -5e-05 3e-05)
(0.00019 -5e-05 3e-05)
(0.0002 -5e-05 3e-05)
(0.00021 -5e-05 3e-05)
(0.00022 -5e-05 3e-05)
(0.00023 -5e-05 3e-05)
(0.00024 -5e-05 3e-05)
(0.00025 -5e-05 3e-05)
(0.00026 -5e-05 3e-05)
(0.00027 -5e-05 3e-05)
(0.00028 -5e-05 3e-05)
(0.00029 -5e-05 3e-05)
(0.0003 -5e-05 3e-05)
(0.00031 -5e-05 3e-05)
(0.00032 -5e-05 3e-05)
(0.00033 -5e-05 3e-05)
(0.00034 -5e-05 3e-05)
(0.00035 -5e-05 3e-05)
(0.00036 -5e-05 3e-05)
(0.00037 -5e-05 3e-05)
(0.00038 -5e-05 3e-05)
(0.00039 -5e-05 3e-05)
(0.0004 -5e-05 3e-05)
(0.00041 -5e-05 3e-05)
(0.00042 -5e-05 3e-05)
(0.00043 -5e-05 3e-05)
(0.00044 -5e-05 3e-05)
(0.00045 -5e-05 3e-05)
(0.00046 -5e-05 3e-05)
(0.00047 -5e-05 3e-05)
(0.00048 -5e-05 3e-05)
(0.00049 -5e-05 3e-05)
(0.0005 -5e-05 3e-05)
(0.00051 -5e-05 3e-05)
(0.00052 -5e-05 3e-05)
(0.00053 -5e-05 3e-05)
(0.00054 -5e-05 3e-05)
(0.00055 -5e-05 3e-05)
(0.00056 -5e-05 3e-05)
(0.00057 -5e-05 3e-05)
(0.00058 -5e-05 3e-05)
(0.00059 -5e-05 3e-05)
(0.0006 -5e-05 3e-05)
(0.00061 -5e-05 3e-05)
(0.00062 -5e-05 3e-05)
(0.00063 -5e-05 3e-05)
(0.00064 -5e-05 3e-05)
(0.00065 -5e-05 3e-05)
(0.00066 -5e-05 3e-05)
(0.00067 -5e-05 3e-05)
(0.00068 -5e-05 3e-05)
(0.00069 -5e-05 3e-05)
(0.0007 -5e-05 3e-05)
(0.00071 -5e-05 3e-05)
(0.00072 -5e-05 3e-05)
(0.00073 -5e-05 3e-05)
(0.00074 -5e-05 3e-05)
(0.00075 -5e-05 3e-05)
(0.00076 -5e-05 3e-05)
(0.00077 -5e-05 3e-05)
(0.00078 -5e-05 3e-05)
(0.00079 -5e-05 3e-05)
(0.0008 -5e-05 3e-05)
(0.00081 -5e-05 3e-05)
(0.00082 -5e-05 3e-05)
(0.00083 -5e-05 3e-05)
(0.00084 -5e-05 3e-05)
(0.00085 -5e-05 3e-05)
(0.00086 -5e-05 3e-05)
(0.00087 -5e-05 3e-05)
(0.00088 -5e-05 3e-05)
(0.00089 -5e-05 3e-05)
(0.0009 -5e-05 3e-05)
(0.00091 -5e-05 3e-05)
(0.00092 -5e-05 3e-05)
(0.00093 -5e-05 3e-05)
(0.00094 -5e-05 3e-05)
(0.00095 -5e-05 3e-05)
(0.00096 -5e-05 3e-05)
(0.00097 -5e-05 3e-05)
(0.00098 -5e-05 3e-05)
(0.00099 -5e-05 3e-05)
(0.001 -5e-05 3e-05)
(0.00101 -5e-05 3e-05)
(0.00102 -5e-05 3e-05)
(0.00103 -5e-05 3e-05)
(0.00104 -5e-05 3e-05)
(0.00105 -5e-05 3e-05)
(0.00106 -5e-05 3e-05)
(0.00107 -5e-05 3e-05)
(0.00108 -5e-05 3e-05)
(0.00109 -5e-05 3e-05)
(0.0011 -5e-05 3e-05)
(0.00111 -5e-05 3e-05)
(0.00112 -5e-05 3e-05)
(0.00113 -5e-05 3e-05)
(0.00114 -5e-05 3e-05)
(0.00115 -5e-05 3e-05)
(0.00116 -5e-05 3e-05)
(0.00117 -5e-05 3e-05)
(0.00118 -5e-05 3e-05)
(0.00119 -5e-05 3e-05)
(0.0012 -5e-05 3e-05)
(0.00121 -5e-05 3e-05)
(0.00122 -5e-05 3e-05)
(0.00123 -5e-05 3e-05)
(0.00124 -5e-05 3e-05)
(0.00125 -5e-05 3e-05)
(0.00126 -5e-05 3e-05)
(0.00127 -5e-05 3e-05)
(0.00128 -5e-05 3e-05)
(0.00129 -5e-05 3e-05)
(0.0013 -5e-05 3e-05)
(0.00131 -5e-05 3e-05)
(0.00132 -5e-05 3e-05)
(0.00133 -5e-05 3e-05)
(0.00134 -5e-05 3e-05)
(0.00135 -5e-05 3e-05)
(0.00136 -5e-05 3e-05)
(0.00137 -5e-05 3e-05)
(0.00138 -5e-05 3e-05)
(0.00139 -5e-05 3e-05)
(0.0014 -5e-05 3e-05)
(0.00141 -5e-05 3e-05)
(0.00142 -5e-05 3e-05)
(0.00143 -5e-05 3e-05)
(0.00144 -5e-05 3e-05)
(0.00145 -5e-05 3e-05)
(0.00146 -5e-05 3e-05)
(0.00147 -5e-05 3e-05)
(0.00148 -5e-05 3e-05)
(0.00149 -5e-05 3e-05)
(0.0015 -5e-05 3e-05)
(6e-05 -4e-05 3e-05)
(7e-05 -4e-05 3e-05)
(8e-05 -4e-05 3e-05)
(9e-05 -4e-05 3e-05)
(0.0001 -4e-05 3e-05)
(0.00011 -4e-05 3e-05)
(0.00012 -4e-05 3e-05)
(0.00013 -4e-05 3e-05)
(0.00014 -4e-05 3e-05)
(0.00015 -4e-05 3e-05)
(0.00016 -4e-05 3e-05)
(0.00017 -4e-05 3e-05)
(0.00018 -4e-05 3e-05)
(0.00019 -4e-05 3e-05)
(0.0002 -4e-05 3e-05)
(0.00021 -4e-05 3e-05)
(0.00022 -4e-05 3e-05)
(0.00023 -4e-05 3e-05)
(0.00024 -4e-05 3e-05)
(0.00025 -4e-05 3e-05)
(0.00026 -4e-05 3e-05)
(0.00027 -4e-05 3e-05)
(0.00028 -4e-05 3e-05)
(0.00029 -4e-05 3e-05)
(0.0003 -4e-05 3e-05)
(0.00031 -4e-05 3e-05)
(0.00032 -4e-05 3e-05)
(0.00033 -4e-05 3e-05)
(0.00034 -4e-05 3e-05)
(0.00035 -4e-05 3e-05)
(0.00036 -4e-05 3e-05)
(0.00037 -4e-05 3e-05)
(0.00038 -4e-05 3e-05)
(0.00039 -4e-05 3e-05)
(0.0004 -4e-05 3e-05)
(0.00041 -4e-05 3e-05)
(0.00042 -4e-05 3e-05)
(0.00043 -4e-05 3e-05)
(0.00044 -4e-05 3e-05)
(0.00045 -4e-05 3e-05)
(0.00046 -4e-05 3e-05)
(0.00047 -4e-05 3e-05)
(0.00048 -4e-05 3e-05)
(0.00049 -4e-05 3e-05)
(0.0005 -4e-05 3e-05)
(0.00051 -4e-05 3e-05)
(0.00052 -4e-05 3e-05)
(0.00053 -4e-05 3e-05)
(0.00054 -4e-05 3e-05)
(0.00055 -4e-05 3e-05)
(0.00056 -4e-05 3e-05)
(0.00057 -4e-05 3e-05)
(0.00058 -4e-05 3e-05)
(0.00059 -4e-05 3e-05)
(0.0006 -4e-05 3e-05)
(0.00061 -4e-05 3e-05)
(0.00062 -4e-05 3e-05)
(0.00063 -4e-05 3e-05)
(0.00064 -4e-05 3e-05)
(0.00065 -4e-05 3e-05)
(0.00066 -4e-05 3e-05)
(0.00067 -4e-05 3e-05)
(0.00068 -4e-05 3e-05)
(0.00069 -4e-05 3e-05)
(0.0007 -4e-05 3e-05)
(0.00071 -4e-05 3e-05)
(0.00072 -4e-05 3e-05)
(0.00073 -4e-05 3e-05)
(0.00074 -4e-05 3e-05)
(0.00075 -4e-05 3e-05)
(0.00076 -4e-05 3e-05)
(0.00077 -4e-05 3e-05)
(0.00078 -4e-05 3e-05)
(0.00079 -4e-05 3e-05)
(0.0008 -4e-05 3e-05)
(0.00081 -4e-05 3e-05)
(0.00082 -4e-05 3e-05)
(0.00083 -4e-05 3e-05)
(0.00084 -4e-05 3e-05)
(0.00085 -4e-05 3e-05)
(0.00086 -4e-05 3e-05)
(0.00087 -4e-05 3e-05)
(0.00088 -4e-05 3e-05)
(0.00089 -4e-05 3e-05)
(0.0009 -4e-05 3e-05)
(0.00091 -4e-05 3e-05)
(0.00092 -4e-05 3e-05)
(0.00093 -4e-05 3e-05)
(0.00094 -4e-05 3e-05)
(0.00095 -4e-05 3e-05)
(0.00096 -4e-05 3e-05)
(0.00097 -4e-05 3e-05)
(0.00098 -4e-05 3e-05)
(0.00099 -4e-05 3e-05)
(0.001 -4e-05 3e-05)
(0.00101 -4e-05 3e-05)
(0.00102 -4e-05 3e-05)
(0.00103 -4e-05 3e-05)
(0.00104 -4e-05 3e-05)
(0.00105 -4e-05 3e-05)
(0.00106 -4e-05 3e-05)
(0.00107 -4e-05 3e-05)
(0.00108 -4e-05 3e-05)
(0.00109 -4e-05 3e-05)
(0.0011 -4e-05 3e-05)
(0.00111 -4e-05 3e-05)
(0.00112 -4e-05 3e-05)
(0.00113 -4e-05 3e-05)
(0.00114 -4e-05 3e-05)
(0.00115 -4e-05 3e-05)
(0.00116 -4e-05 3e-05)
(0.00117 -4e-05 3e-05)
(0.00118 -4e-05 3e-05)
(0.00119 -4e-05 3e-05)
(0.0012 -4e-05 3e-05)
(0.00121 -4e-05 3e-05)
(0.00122 -4e-05 3e-05)
(0.00123 -4e-05 3e-05)
(0.00124 -4e-05 3e-05)
(0.00125 -4e-05 3e-05)
(0.00126 -4e-05 3e-05)
(0.00127 -4e-05 3e-05)
(0.00128 -4e-05 3e-05)
(0.00129 -4e-05 3e-05)
(0.0013 -4e-05 3e-05)
(0.00131 -4e-05 3e-05)
(0.00132 -4e-05 3e-05)
(0.00133 -4e-05 3e-05)
(0.00134 -4e-05 3e-05)
(0.00135 -4e-05 3e-05)
(0.00136 -4e-05 3e-05)
(0.00137 -4e-05 3e-05)
(0.00138 -4e-05 3e-05)
(0.00139 -4e-05 3e-05)
(0.0014 -4e-05 3e-05)
(0.00141 -4e-05 3e-05)
(0.00142 -4e-05 3e-05)
(0.00143 -4e-05 3e-05)
(0.00144 -4e-05 3e-05)
(0.00145 -4e-05 3e-05)
(0.00146 -4e-05 3e-05)
(0.00147 -4e-05 3e-05)
(0.00148 -4e-05 3e-05)
(0.00149 -4e-05 3e-05)
(0.0015 -4e-05 3e-05)
(6e-05 -3e-05 3e-05)
(7e-05 -3e-05 3e-05)
(8e-05 -3e-05 3e-05)
(9e-05 -3e-05 3e-05)
(0.0001 -3e-05 3e-05)
(0.00011 -3e-05 3e-05)
(0.00012 -3e-05 3e-05)
(0.00013 -3e-05 3e-05)
(0.00014 -3e-05 3e-05)
(0.00015 -3e-05 3e-05)
(0.00016 -3e-05 3e-05)
(0.00017 -3e-05 3e-05)
(0.00018 -3e-05 3e-05)
(0.00019 -3e-05 3e-05)
(0.0002 -3e-05 3e-05)
(0.00021 -3e-05 3e-05)
(0.00022 -3e-05 3e-05)
(0.00023 -3e-05 3e-05)
(0.00024 -3e-05 3e-05)
(0.00025 -3e-05 3e-05)
(0.00026 -3e-05 3e-05)
(0.00027 -3e-05 3e-05)
(0.00028 -3e-05 3e-05)
(0.00029 -3e-05 3e-05)
(0.0003 -3e-05 3e-05)
(0.00031 -3e-05 3e-05)
(0.00032 -3e-05 3e-05)
(0.00033 -3e-05 3e-05)
(0.00034 -3e-05 3e-05)
(0.00035 -3e-05 3e-05)
(0.00036 -3e-05 3e-05)
(0.00037 -3e-05 3e-05)
(0.00038 -3e-05 3e-05)
(0.00039 -3e-05 3e-05)
(0.0004 -3e-05 3e-05)
(0.00041 -3e-05 3e-05)
(0.00042 -3e-05 3e-05)
(0.00043 -3e-05 3e-05)
(0.00044 -3e-05 3e-05)
(0.00045 -3e-05 3e-05)
(0.00046 -3e-05 3e-05)
(0.00047 -3e-05 3e-05)
(0.00048 -3e-05 3e-05)
(0.00049 -3e-05 3e-05)
(0.0005 -3e-05 3e-05)
(0.00051 -3e-05 3e-05)
(0.00052 -3e-05 3e-05)
(0.00053 -3e-05 3e-05)
(0.00054 -3e-05 3e-05)
(0.00055 -3e-05 3e-05)
(0.00056 -3e-05 3e-05)
(0.00057 -3e-05 3e-05)
(0.00058 -3e-05 3e-05)
(0.00059 -3e-05 3e-05)
(0.0006 -3e-05 3e-05)
(0.00061 -3e-05 3e-05)
(0.00062 -3e-05 3e-05)
(0.00063 -3e-05 3e-05)
(0.00064 -3e-05 3e-05)
(0.00065 -3e-05 3e-05)
(0.00066 -3e-05 3e-05)
(0.00067 -3e-05 3e-05)
(0.00068 -3e-05 3e-05)
(0.00069 -3e-05 3e-05)
(0.0007 -3e-05 3e-05)
(0.00071 -3e-05 3e-05)
(0.00072 -3e-05 3e-05)
(0.00073 -3e-05 3e-05)
(0.00074 -3e-05 3e-05)
(0.00075 -3e-05 3e-05)
(0.00076 -3e-05 3e-05)
(0.00077 -3e-05 3e-05)
(0.00078 -3e-05 3e-05)
(0.00079 -3e-05 3e-05)
(0.0008 -3e-05 3e-05)
(0.00081 -3e-05 3e-05)
(0.00082 -3e-05 3e-05)
(0.00083 -3e-05 3e-05)
(0.00084 -3e-05 3e-05)
(0.00085 -3e-05 3e-05)
(0.00086 -3e-05 3e-05)
(0.00087 -3e-05 3e-05)
(0.00088 -3e-05 3e-05)
(0.00089 -3e-05 3e-05)
(0.0009 -3e-05 3e-05)
(0.00091 -3e-05 3e-05)
(0.00092 -3e-05 3e-05)
(0.00093 -3e-05 3e-05)
(0.00094 -3e-05 3e-05)
(0.00095 -3e-05 3e-05)
(0.00096 -3e-05 3e-05)
(0.00097 -3e-05 3e-05)
(0.00098 -3e-05 3e-05)
(0.00099 -3e-05 3e-05)
(0.001 -3e-05 3e-05)
(0.00101 -3e-05 3e-05)
(0.00102 -3e-05 3e-05)
(0.00103 -3e-05 3e-05)
(0.00104 -3e-05 3e-05)
(0.00105 -3e-05 3e-05)
(0.00106 -3e-05 3e-05)
(0.00107 -3e-05 3e-05)
(0.00108 -3e-05 3e-05)
(0.00109 -3e-05 3e-05)
(0.0011 -3e-05 3e-05)
(0.00111 -3e-05 3e-05)
(0.00112 -3e-05 3e-05)
(0.00113 -3e-05 3e-05)
(0.00114 -3e-05 3e-05)
(0.00115 -3e-05 3e-05)
(0.00116 -3e-05 3e-05)
(0.00117 -3e-05 3e-05)
(0.00118 -3e-05 3e-05)
(0.00119 -3e-05 3e-05)
(0.0012 -3e-05 3e-05)
(0.00121 -3e-05 3e-05)
(0.00122 -3e-05 3e-05)
(0.00123 -3e-05 3e-05)
(0.00124 -3e-05 3e-05)
(0.00125 -3e-05 3e-05)
(0.00126 -3e-05 3e-05)
(0.00127 -3e-05 3e-05)
(0.00128 -3e-05 3e-05)
(0.00129 -3e-05 3e-05)
(0.0013 -3e-05 3e-05)
(0.00131 -3e-05 3e-05)
(0.00132 -3e-05 3e-05)
(0.00133 -3e-05 3e-05)
(0.00134 -3e-05 3e-05)
(0.00135 -3e-05 3e-05)
(0.00136 -3e-05 3e-05)
(0.00137 -3e-05 3e-05)
(0.00138 -3e-05 3e-05)
(0.00139 -3e-05 3e-05)
(0.0014 -3e-05 3e-05)
(0.00141 -3e-05 3e-05)
(0.00142 -3e-05 3e-05)
(0.00143 -3e-05 3e-05)
(0.00144 -3e-05 3e-05)
(0.00145 -3e-05 3e-05)
(0.00146 -3e-05 3e-05)
(0.00147 -3e-05 3e-05)
(0.00148 -3e-05 3e-05)
(0.00149 -3e-05 3e-05)
(0.0015 -3e-05 3e-05)
(6e-05 -2e-05 3e-05)
(7e-05 -2e-05 3e-05)
(8e-05 -2e-05 3e-05)
(9e-05 -2e-05 3e-05)
(0.0001 -2e-05 3e-05)
(0.00011 -2e-05 3e-05)
(0.00012 -2e-05 3e-05)
(0.00013 -2e-05 3e-05)
(0.00014 -2e-05 3e-05)
(0.00015 -2e-05 3e-05)
(0.00016 -2e-05 3e-05)
(0.00017 -2e-05 3e-05)
(0.00018 -2e-05 3e-05)
(0.00019 -2e-05 3e-05)
(0.0002 -2e-05 3e-05)
(0.00021 -2e-05 3e-05)
(0.00022 -2e-05 3e-05)
(0.00023 -2e-05 3e-05)
(0.00024 -2e-05 3e-05)
(0.00025 -2e-05 3e-05)
(0.00026 -2e-05 3e-05)
(0.00027 -2e-05 3e-05)
(0.00028 -2e-05 3e-05)
(0.00029 -2e-05 3e-05)
(0.0003 -2e-05 3e-05)
(0.00031 -2e-05 3e-05)
(0.00032 -2e-05 3e-05)
(0.00033 -2e-05 3e-05)
(0.00034 -2e-05 3e-05)
(0.00035 -2e-05 3e-05)
(0.00036 -2e-05 3e-05)
(0.00037 -2e-05 3e-05)
(0.00038 -2e-05 3e-05)
(0.00039 -2e-05 3e-05)
(0.0004 -2e-05 3e-05)
(0.00041 -2e-05 3e-05)
(0.00042 -2e-05 3e-05)
(0.00043 -2e-05 3e-05)
(0.00044 -2e-05 3e-05)
(0.00045 -2e-05 3e-05)
(0.00046 -2e-05 3e-05)
(0.00047 -2e-05 3e-05)
(0.00048 -2e-05 3e-05)
(0.00049 -2e-05 3e-05)
(0.0005 -2e-05 3e-05)
(0.00051 -2e-05 3e-05)
(0.00052 -2e-05 3e-05)
(0.00053 -2e-05 3e-05)
(0.00054 -2e-05 3e-05)
(0.00055 -2e-05 3e-05)
(0.00056 -2e-05 3e-05)
(0.00057 -2e-05 3e-05)
(0.00058 -2e-05 3e-05)
(0.00059 -2e-05 3e-05)
(0.0006 -2e-05 3e-05)
(0.00061 -2e-05 3e-05)
(0.00062 -2e-05 3e-05)
(0.00063 -2e-05 3e-05)
(0.00064 -2e-05 3e-05)
(0.00065 -2e-05 3e-05)
(0.00066 -2e-05 3e-05)
(0.00067 -2e-05 3e-05)
(0.00068 -2e-05 3e-05)
(0.00069 -2e-05 3e-05)
(0.0007 -2e-05 3e-05)
(0.00071 -2e-05 3e-05)
(0.00072 -2e-05 3e-05)
(0.00073 -2e-05 3e-05)
(0.00074 -2e-05 3e-05)
(0.00075 -2e-05 3e-05)
(0.00076 -2e-05 3e-05)
(0.00077 -2e-05 3e-05)
(0.00078 -2e-05 3e-05)
(0.00079 -2e-05 3e-05)
(0.0008 -2e-05 3e-05)
(0.00081 -2e-05 3e-05)
(0.00082 -2e-05 3e-05)
(0.00083 -2e-05 3e-05)
(0.00084 -2e-05 3e-05)
(0.00085 -2e-05 3e-05)
(0.00086 -2e-05 3e-05)
(0.00087 -2e-05 3e-05)
(0.00088 -2e-05 3e-05)
(0.00089 -2e-05 3e-05)
(0.0009 -2e-05 3e-05)
(0.00091 -2e-05 3e-05)
(0.00092 -2e-05 3e-05)
(0.00093 -2e-05 3e-05)
(0.00094 -2e-05 3e-05)
(0.00095 -2e-05 3e-05)
(0.00096 -2e-05 3e-05)
(0.00097 -2e-05 3e-05)
(0.00098 -2e-05 3e-05)
(0.00099 -2e-05 3e-05)
(0.001 -2e-05 3e-05)
(0.00101 -2e-05 3e-05)
(0.00102 -2e-05 3e-05)
(0.00103 -2e-05 3e-05)
(0.00104 -2e-05 3e-05)
(0.00105 -2e-05 3e-05)
(0.00106 -2e-05 3e-05)
(0.00107 -2e-05 3e-05)
(0.00108 -2e-05 3e-05)
(0.00109 -2e-05 3e-05)
(0.0011 -2e-05 3e-05)
(0.00111 -2e-05 3e-05)
(0.00112 -2e-05 3e-05)
(0.00113 -2e-05 3e-05)
(0.00114 -2e-05 3e-05)
(0.00115 -2e-05 3e-05)
(0.00116 -2e-05 3e-05)
(0.00117 -2e-05 3e-05)
(0.00118 -2e-05 3e-05)
(0.00119 -2e-05 3e-05)
(0.0012 -2e-05 3e-05)
(0.00121 -2e-05 3e-05)
(0.00122 -2e-05 3e-05)
(0.00123 -2e-05 3e-05)
(0.00124 -2e-05 3e-05)
(0.00125 -2e-05 3e-05)
(0.00126 -2e-05 3e-05)
(0.00127 -2e-05 3e-05)
(0.00128 -2e-05 3e-05)
(0.00129 -2e-05 3e-05)
(0.0013 -2e-05 3e-05)
(0.00131 -2e-05 3e-05)
(0.00132 -2e-05 3e-05)
(0.00133 -2e-05 3e-05)
(0.00134 -2e-05 3e-05)
(0.00135 -2e-05 3e-05)
(0.00136 -2e-05 3e-05)
(0.00137 -2e-05 3e-05)
(0.00138 -2e-05 3e-05)
(0.00139 -2e-05 3e-05)
(0.0014 -2e-05 3e-05)
(0.00141 -2e-05 3e-05)
(0.00142 -2e-05 3e-05)
(0.00143 -2e-05 3e-05)
(0.00144 -2e-05 3e-05)
(0.00145 -2e-05 3e-05)
(0.00146 -2e-05 3e-05)
(0.00147 -2e-05 3e-05)
(0.00148 -2e-05 3e-05)
(0.00149 -2e-05 3e-05)
(0.0015 -2e-05 3e-05)
(6e-05 -1e-05 3e-05)
(7e-05 -1e-05 3e-05)
(8e-05 -1e-05 3e-05)
(9e-05 -1e-05 3e-05)
(0.0001 -1e-05 3e-05)
(0.00011 -1e-05 3e-05)
(0.00012 -1e-05 3e-05)
(0.00013 -1e-05 3e-05)
(0.00014 -1e-05 3e-05)
(0.00015 -1e-05 3e-05)
(0.00016 -1e-05 3e-05)
(0.00017 -1e-05 3e-05)
(0.00018 -1e-05 3e-05)
(0.00019 -1e-05 3e-05)
(0.0002 -1e-05 3e-05)
(0.00021 -1e-05 3e-05)
(0.00022 -1e-05 3e-05)
(0.00023 -1e-05 3e-05)
(0.00024 -1e-05 3e-05)
(0.00025 -1e-05 3e-05)
(0.00026 -1e-05 3e-05)
(0.00027 -1e-05 3e-05)
(0.00028 -1e-05 3e-05)
(0.00029 -1e-05 3e-05)
(0.0003 -1e-05 3e-05)
(0.00031 -1e-05 3e-05)
(0.00032 -1e-05 3e-05)
(0.00033 -1e-05 3e-05)
(0.00034 -1e-05 3e-05)
(0.00035 -1e-05 3e-05)
(0.00036 -1e-05 3e-05)
(0.00037 -1e-05 3e-05)
(0.00038 -1e-05 3e-05)
(0.00039 -1e-05 3e-05)
(0.0004 -1e-05 3e-05)
(0.00041 -1e-05 3e-05)
(0.00042 -1e-05 3e-05)
(0.00043 -1e-05 3e-05)
(0.00044 -1e-05 3e-05)
(0.00045 -1e-05 3e-05)
(0.00046 -1e-05 3e-05)
(0.00047 -1e-05 3e-05)
(0.00048 -1e-05 3e-05)
(0.00049 -1e-05 3e-05)
(0.0005 -1e-05 3e-05)
(0.00051 -1e-05 3e-05)
(0.00052 -1e-05 3e-05)
(0.00053 -1e-05 3e-05)
(0.00054 -1e-05 3e-05)
(0.00055 -1e-05 3e-05)
(0.00056 -1e-05 3e-05)
(0.00057 -1e-05 3e-05)
(0.00058 -1e-05 3e-05)
(0.00059 -1e-05 3e-05)
(0.0006 -1e-05 3e-05)
(0.00061 -1e-05 3e-05)
(0.00062 -1e-05 3e-05)
(0.00063 -1e-05 3e-05)
(0.00064 -1e-05 3e-05)
(0.00065 -1e-05 3e-05)
(0.00066 -1e-05 3e-05)
(0.00067 -1e-05 3e-05)
(0.00068 -1e-05 3e-05)
(0.00069 -1e-05 3e-05)
(0.0007 -1e-05 3e-05)
(0.00071 -1e-05 3e-05)
(0.00072 -1e-05 3e-05)
(0.00073 -1e-05 3e-05)
(0.00074 -1e-05 3e-05)
(0.00075 -1e-05 3e-05)
(0.00076 -1e-05 3e-05)
(0.00077 -1e-05 3e-05)
(0.00078 -1e-05 3e-05)
(0.00079 -1e-05 3e-05)
(0.0008 -1e-05 3e-05)
(0.00081 -1e-05 3e-05)
(0.00082 -1e-05 3e-05)
(0.00083 -1e-05 3e-05)
(0.00084 -1e-05 3e-05)
(0.00085 -1e-05 3e-05)
(0.00086 -1e-05 3e-05)
(0.00087 -1e-05 3e-05)
(0.00088 -1e-05 3e-05)
(0.00089 -1e-05 3e-05)
(0.0009 -1e-05 3e-05)
(0.00091 -1e-05 3e-05)
(0.00092 -1e-05 3e-05)
(0.00093 -1e-05 3e-05)
(0.00094 -1e-05 3e-05)
(0.00095 -1e-05 3e-05)
(0.00096 -1e-05 3e-05)
(0.00097 -1e-05 3e-05)
(0.00098 -1e-05 3e-05)
(0.00099 -1e-05 3e-05)
(0.001 -1e-05 3e-05)
(0.00101 -1e-05 3e-05)
(0.00102 -1e-05 3e-05)
(0.00103 -1e-05 3e-05)
(0.00104 -1e-05 3e-05)
(0.00105 -1e-05 3e-05)
(0.00106 -1e-05 3e-05)
(0.00107 -1e-05 3e-05)
(0.00108 -1e-05 3e-05)
(0.00109 -1e-05 3e-05)
(0.0011 -1e-05 3e-05)
(0.00111 -1e-05 3e-05)
(0.00112 -1e-05 3e-05)
(0.00113 -1e-05 3e-05)
(0.00114 -1e-05 3e-05)
(0.00115 -1e-05 3e-05)
(0.00116 -1e-05 3e-05)
(0.00117 -1e-05 3e-05)
(0.00118 -1e-05 3e-05)
(0.00119 -1e-05 3e-05)
(0.0012 -1e-05 3e-05)
(0.00121 -1e-05 3e-05)
(0.00122 -1e-05 3e-05)
(0.00123 -1e-05 3e-05)
(0.00124 -1e-05 3e-05)
(0.00125 -1e-05 3e-05)
(0.00126 -1e-05 3e-05)
(0.00127 -1e-05 3e-05)
(0.00128 -1e-05 3e-05)
(0.00129 -1e-05 3e-05)
(0.0013 -1e-05 3e-05)
(0.00131 -1e-05 3e-05)
(0.00132 -1e-05 3e-05)
(0.00133 -1e-05 3e-05)
(0.00134 -1e-05 3e-05)
(0.00135 -1e-05 3e-05)
(0.00136 -1e-05 3e-05)
(0.00137 -1e-05 3e-05)
(0.00138 -1e-05 3e-05)
(0.00139 -1e-05 3e-05)
(0.0014 -1e-05 3e-05)
(0.00141 -1e-05 3e-05)
(0.00142 -1e-05 3e-05)
(0.00143 -1e-05 3e-05)
(0.00144 -1e-05 3e-05)
(0.00145 -1e-05 3e-05)
(0.00146 -1e-05 3e-05)
(0.00147 -1e-05 3e-05)
(0.00148 -1e-05 3e-05)
(0.00149 -1e-05 3e-05)
(0.0015 -1e-05 3e-05)
(6e-05 0 3e-05)
(7e-05 0 3e-05)
(8e-05 0 3e-05)
(9e-05 0 3e-05)
(0.0001 0 3e-05)
(0.00011 0 3e-05)
(0.00012 0 3e-05)
(0.00013 0 3e-05)
(0.00014 0 3e-05)
(0.00015 0 3e-05)
(0.00016 0 3e-05)
(0.00017 0 3e-05)
(0.00018 0 3e-05)
(0.00019 0 3e-05)
(0.0002 0 3e-05)
(0.00021 0 3e-05)
(0.00022 0 3e-05)
(0.00023 0 3e-05)
(0.00024 0 3e-05)
(0.00025 0 3e-05)
(0.00026 0 3e-05)
(0.00027 0 3e-05)
(0.00028 0 3e-05)
(0.00029 0 3e-05)
(0.0003 0 3e-05)
(0.00031 0 3e-05)
(0.00032 0 3e-05)
(0.00033 0 3e-05)
(0.00034 0 3e-05)
(0.00035 0 3e-05)
(0.00036 -1.129377263e-21 3e-05)
(0.00037 1.129377263e-21 3e-05)
(0.00038 0 3e-05)
(0.00039 0 3e-05)
(0.0004 0 3e-05)
(0.00041 0 3e-05)
(0.00042 0 3e-05)
(0.00043 0 3e-05)
(0.00044 0 3e-05)
(0.00045 -1.129377263e-21 3e-05)
(0.00046 0 3e-05)
(0.00047 0 3e-05)
(0.00048 0 3e-05)
(0.00049 0 3e-05)
(0.0005 0 3e-05)
(0.00051 0 3e-05)
(0.00052 0 3e-05)
(0.00053 0 3e-05)
(0.00054 -1.129377263e-21 3e-05)
(0.00055 1.129377263e-21 3e-05)
(0.00056 0 3e-05)
(0.00057 0 3e-05)
(0.00058 0 3e-05)
(0.00059 0 3e-05)
(0.0006 0 3e-05)
(0.00061 0 3e-05)
(0.00062 0 3e-05)
(0.00063 0 3e-05)
(0.00064 0 3e-05)
(0.00065 -5.646886315e-22 3e-05)
(0.00066 -5.646886315e-22 3e-05)
(0.00067 -5.646886315e-22 3e-05)
(0.00068 0 3e-05)
(0.00069 0 3e-05)
(0.0007 0 3e-05)
(0.00071 0 3e-05)
(0.00072 5.646886315e-22 3e-05)
(0.00073 5.646886315e-22 3e-05)
(0.00074 5.646886315e-22 3e-05)
(0.00075 5.646886315e-22 3e-05)
(0.00076 0 3e-05)
(0.00077 0 3e-05)
(0.00078 0 3e-05)
(0.00079 0 3e-05)
(0.0008 0 3e-05)
(0.00081 0 3e-05)
(0.00082 0 3e-05)
(0.00083 0 3e-05)
(0.00084 0 3e-05)
(0.00085 0 3e-05)
(0.00086 0 3e-05)
(0.00087 0 3e-05)
(0.00088 0 3e-05)
(0.00089 0 3e-05)
(0.0009 0 3e-05)
(0.00091 0 3e-05)
(0.00092 0 3e-05)
(0.00093 0 3e-05)
(0.00094 0 3e-05)
(0.00095 0 3e-05)
(0.00096 5.646886315e-22 3e-05)
(0.00097 5.646886315e-22 3e-05)
(0.00098 0 3e-05)
(0.00099 0 3e-05)
(0.001 5.646886315e-22 3e-05)
(0.00101 -5.646886315e-22 3e-05)
(0.00102 -5.646886315e-22 3e-05)
(0.00103 0 3e-05)
(0.00104 0 3e-05)
(0.00105 5.646886315e-22 3e-05)
(0.00106 2.823443158e-22 3e-05)
(0.00107 0 3e-05)
(0.00108 -2.823443158e-22 3e-05)
(0.00109 0 3e-05)
(0.0011 -5.646886315e-22 3e-05)
(0.00111 2.823443158e-22 3e-05)
(0.00112 0 3e-05)
(0.00113 -2.823443158e-22 3e-05)
(0.00114 2.823443158e-22 3e-05)
(0.00115 2.823443158e-22 3e-05)
(0.00116 0 3e-05)
(0.00117 -2.823443158e-22 3e-05)
(0.00118 5.646886315e-22 3e-05)
(0.00119 2.823443158e-22 3e-05)
(0.0012 0 3e-05)
(0.00121 -2.823443158e-22 3e-05)
(0.00122 -5.646886315e-22 3e-05)
(0.00123 2.823443158e-22 3e-05)
(0.00124 0 3e-05)
(0.00125 -2.823443158e-22 3e-05)
(0.00126 -2.823443158e-22 3e-05)
(0.00127 -5.646886315e-22 3e-05)
(0.00128 2.823443158e-22 3e-05)
(0.00129 0 3e-05)
(0.0013 -4.235164736e-22 3e-05)
(0.00131 4.235164736e-22 3e-05)
(0.00132 1.411721579e-22 3e-05)
(0.00133 0 3e-05)
(0.00134 -2.823443158e-22 3e-05)
(0.00135 5.646886315e-22 3e-05)
(0.00136 4.235164736e-22 3e-05)
(0.00137 1.411721579e-22 3e-05)
(0.00138 -2.823443158e-22 3e-05)
(0.00139 5.646886315e-22 3e-05)
(0.0014 3.529303947e-22 3e-05)
(0.00141 7.058607894e-23 3e-05)
(0.00142 -1.411721579e-22 3e-05)
(0.00143 -3.529303947e-22 3e-05)
(0.00144 4.941025526e-22 3e-05)
(0.00145 2.823443158e-22 3e-05)
(0.00146 -1.764651973e-22 3e-05)
(0.00147 -4.235164736e-22 3e-05)
(0.00148 4.764560328e-22 3e-05)
(0.00149 2.382280164e-22 3e-05)
(0.0015 0 3e-05)
(6e-05 1e-05 3e-05)
(7e-05 1e-05 3e-05)
(8e-05 1e-05 3e-05)
(9e-05 1e-05 3e-05)
(0.0001 1e-05 3e-05)
(0.00011 1e-05 3e-05)
(0.00012 1e-05 3e-05)
(0.00013 1e-05 3e-05)
(0.00014 1e-05 3e-05)
(0.00015 1e-05 3e-05)
(0.00016 1e-05 3e-05)
(0.00017 1e-05 3e-05)
(0.00018 1e-05 3e-05)
(0.00019 1e-05 3e-05)
(0.0002 1e-05 3e-05)
(0.00021 1e-05 3e-05)
(0.00022 1e-05 3e-05)
(0.00023 1e-05 3e-05)
(0.00024 1e-05 3e-05)
(0.00025 1e-05 3e-05)
(0.00026 1e-05 3e-05)
(0.00027 1e-05 3e-05)
(0.00028 1e-05 3e-05)
(0.00029 1e-05 3e-05)
(0.0003 1e-05 3e-05)
(0.00031 1e-05 3e-05)
(0.00032 1e-05 3e-05)
(0.00033 1e-05 3e-05)
(0.00034 1e-05 3e-05)
(0.00035 1e-05 3e-05)
(0.00036 1e-05 3e-05)
(0.00037 1e-05 3e-05)
(0.00038 1e-05 3e-05)
(0.00039 1e-05 3e-05)
(0.0004 1e-05 3e-05)
(0.00041 1e-05 3e-05)
(0.00042 1e-05 3e-05)
(0.00043 1e-05 3e-05)
(0.00044 1e-05 3e-05)
(0.00045 1e-05 3e-05)
(0.00046 1e-05 3e-05)
(0.00047 1e-05 3e-05)
(0.00048 1e-05 3e-05)
(0.00049 1e-05 3e-05)
(0.0005 1e-05 3e-05)
(0.00051 1e-05 3e-05)
(0.00052 1e-05 3e-05)
(0.00053 1e-05 3e-05)
(0.00054 1e-05 3e-05)
(0.00055 1e-05 3e-05)
(0.00056 1e-05 3e-05)
(0.00057 1e-05 3e-05)
(0.00058 1e-05 3e-05)
(0.00059 1e-05 3e-05)
(0.0006 1e-05 3e-05)
(0.00061 1e-05 3e-05)
(0.00062 1e-05 3e-05)
(0.00063 1e-05 3e-05)
(0.00064 1e-05 3e-05)
(0.00065 1e-05 3e-05)
(0.00066 1e-05 3e-05)
(0.00067 1e-05 3e-05)
(0.00068 1e-05 3e-05)
(0.00069 1e-05 3e-05)
(0.0007 1e-05 3e-05)
(0.00071 1e-05 3e-05)
(0.00072 1e-05 3e-05)
(0.00073 1e-05 3e-05)
(0.00074 1e-05 3e-05)
(0.00075 1e-05 3e-05)
(0.00076 1e-05 3e-05)
(0.00077 1e-05 3e-05)
(0.00078 1e-05 3e-05)
(0.00079 1e-05 3e-05)
(0.0008 1e-05 3e-05)
(0.00081 1e-05 3e-05)
(0.00082 1e-05 3e-05)
(0.00083 1e-05 3e-05)
(0.00084 1e-05 3e-05)
(0.00085 1e-05 3e-05)
(0.00086 1e-05 3e-05)
(0.00087 1e-05 3e-05)
(0.00088 1e-05 3e-05)
(0.00089 1e-05 3e-05)
(0.0009 1e-05 3e-05)
(0.00091 1e-05 3e-05)
(0.00092 1e-05 3e-05)
(0.00093 1e-05 3e-05)
(0.00094 1e-05 3e-05)
(0.00095 1e-05 3e-05)
(0.00096 1e-05 3e-05)
(0.00097 1e-05 3e-05)
(0.00098 1e-05 3e-05)
(0.00099 1e-05 3e-05)
(0.001 1e-05 3e-05)
(0.00101 1e-05 3e-05)
(0.00102 1e-05 3e-05)
(0.00103 1e-05 3e-05)
(0.00104 1e-05 3e-05)
(0.00105 1e-05 3e-05)
(0.00106 1e-05 3e-05)
(0.00107 1e-05 3e-05)
(0.00108 1e-05 3e-05)
(0.00109 1e-05 3e-05)
(0.0011 1e-05 3e-05)
(0.00111 1e-05 3e-05)
(0.00112 1e-05 3e-05)
(0.00113 1e-05 3e-05)
(0.00114 1e-05 3e-05)
(0.00115 1e-05 3e-05)
(0.00116 1e-05 3e-05)
(0.00117 1e-05 3e-05)
(0.00118 1e-05 3e-05)
(0.00119 1e-05 3e-05)
(0.0012 1e-05 3e-05)
(0.00121 1e-05 3e-05)
(0.00122 1e-05 3e-05)
(0.00123 1e-05 3e-05)
(0.00124 1e-05 3e-05)
(0.00125 1e-05 3e-05)
(0.00126 1e-05 3e-05)
(0.00127 1e-05 3e-05)
(0.00128 1e-05 3e-05)
(0.00129 1e-05 3e-05)
(0.0013 1e-05 3e-05)
(0.00131 1e-05 3e-05)
(0.00132 1e-05 3e-05)
(0.00133 1e-05 3e-05)
(0.00134 1e-05 3e-05)
(0.00135 1e-05 3e-05)
(0.00136 1e-05 3e-05)
(0.00137 1e-05 3e-05)
(0.00138 1e-05 3e-05)
(0.00139 1e-05 3e-05)
(0.0014 1e-05 3e-05)
(0.00141 1e-05 3e-05)
(0.00142 1e-05 3e-05)
(0.00143 1e-05 3e-05)
(0.00144 1e-05 3e-05)
(0.00145 1e-05 3e-05)
(0.00146 1e-05 3e-05)
(0.00147 1e-05 3e-05)
(0.00148 1e-05 3e-05)
(0.00149 1e-05 3e-05)
(0.0015 1e-05 3e-05)
(6e-05 2e-05 3e-05)
(7e-05 2e-05 3e-05)
(8e-05 2e-05 3e-05)
(9e-05 2e-05 3e-05)
(0.0001 2e-05 3e-05)
(0.00011 2e-05 3e-05)
(0.00012 2e-05 3e-05)
(0.00013 2e-05 3e-05)
(0.00014 2e-05 3e-05)
(0.00015 2e-05 3e-05)
(0.00016 2e-05 3e-05)
(0.00017 2e-05 3e-05)
(0.00018 2e-05 3e-05)
(0.00019 2e-05 3e-05)
(0.0002 2e-05 3e-05)
(0.00021 2e-05 3e-05)
(0.00022 2e-05 3e-05)
(0.00023 2e-05 3e-05)
(0.00024 2e-05 3e-05)
(0.00025 2e-05 3e-05)
(0.00026 2e-05 3e-05)
(0.00027 2e-05 3e-05)
(0.00028 2e-05 3e-05)
(0.00029 2e-05 3e-05)
(0.0003 2e-05 3e-05)
(0.00031 2e-05 3e-05)
(0.00032 2e-05 3e-05)
(0.00033 2e-05 3e-05)
(0.00034 2e-05 3e-05)
(0.00035 2e-05 3e-05)
(0.00036 2e-05 3e-05)
(0.00037 2e-05 3e-05)
(0.00038 2e-05 3e-05)
(0.00039 2e-05 3e-05)
(0.0004 2e-05 3e-05)
(0.00041 2e-05 3e-05)
(0.00042 2e-05 3e-05)
(0.00043 2e-05 3e-05)
(0.00044 2e-05 3e-05)
(0.00045 2e-05 3e-05)
(0.00046 2e-05 3e-05)
(0.00047 2e-05 3e-05)
(0.00048 2e-05 3e-05)
(0.00049 2e-05 3e-05)
(0.0005 2e-05 3e-05)
(0.00051 2e-05 3e-05)
(0.00052 2e-05 3e-05)
(0.00053 2e-05 3e-05)
(0.00054 2e-05 3e-05)
(0.00055 2e-05 3e-05)
(0.00056 2e-05 3e-05)
(0.00057 2e-05 3e-05)
(0.00058 2e-05 3e-05)
(0.00059 2e-05 3e-05)
(0.0006 2e-05 3e-05)
(0.00061 2e-05 3e-05)
(0.00062 2e-05 3e-05)
(0.00063 2e-05 3e-05)
(0.00064 2e-05 3e-05)
(0.00065 2e-05 3e-05)
(0.00066 2e-05 3e-05)
(0.00067 2e-05 3e-05)
(0.00068 2e-05 3e-05)
(0.00069 2e-05 3e-05)
(0.0007 2e-05 3e-05)
(0.00071 2e-05 3e-05)
(0.00072 2e-05 3e-05)
(0.00073 2e-05 3e-05)
(0.00074 2e-05 3e-05)
(0.00075 2e-05 3e-05)
(0.00076 2e-05 3e-05)
(0.00077 2e-05 3e-05)
(0.00078 2e-05 3e-05)
(0.00079 2e-05 3e-05)
(0.0008 2e-05 3e-05)
(0.00081 2e-05 3e-05)
(0.00082 2e-05 3e-05)
(0.00083 2e-05 3e-05)
(0.00084 2e-05 3e-05)
(0.00085 2e-05 3e-05)
(0.00086 2e-05 3e-05)
(0.00087 2e-05 3e-05)
(0.00088 2e-05 3e-05)
(0.00089 2e-05 3e-05)
(0.0009 2e-05 3e-05)
(0.00091 2e-05 3e-05)
(0.00092 2e-05 3e-05)
(0.00093 2e-05 3e-05)
(0.00094 2e-05 3e-05)
(0.00095 2e-05 3e-05)
(0.00096 2e-05 3e-05)
(0.00097 2e-05 3e-05)
(0.00098 2e-05 3e-05)
(0.00099 2e-05 3e-05)
(0.001 2e-05 3e-05)
(0.00101 2e-05 3e-05)
(0.00102 2e-05 3e-05)
(0.00103 2e-05 3e-05)
(0.00104 2e-05 3e-05)
(0.00105 2e-05 3e-05)
(0.00106 2e-05 3e-05)
(0.00107 2e-05 3e-05)
(0.00108 2e-05 3e-05)
(0.00109 2e-05 3e-05)
(0.0011 2e-05 3e-05)
(0.00111 2e-05 3e-05)
(0.00112 2e-05 3e-05)
(0.00113 2e-05 3e-05)
(0.00114 2e-05 3e-05)
(0.00115 2e-05 3e-05)
(0.00116 2e-05 3e-05)
(0.00117 2e-05 3e-05)
(0.00118 2e-05 3e-05)
(0.00119 2e-05 3e-05)
(0.0012 2e-05 3e-05)
(0.00121 2e-05 3e-05)
(0.00122 2e-05 3e-05)
(0.00123 2e-05 3e-05)
(0.00124 2e-05 3e-05)
(0.00125 2e-05 3e-05)
(0.00126 2e-05 3e-05)
(0.00127 2e-05 3e-05)
(0.00128 2e-05 3e-05)
(0.00129 2e-05 3e-05)
(0.0013 2e-05 3e-05)
(0.00131 2e-05 3e-05)
(0.00132 2e-05 3e-05)
(0.00133 2e-05 3e-05)
(0.00134 2e-05 3e-05)
(0.00135 2e-05 3e-05)
(0.00136 2e-05 3e-05)
(0.00137 2e-05 3e-05)
(0.00138 2e-05 3e-05)
(0.00139 2e-05 3e-05)
(0.0014 2e-05 3e-05)
(0.00141 2e-05 3e-05)
(0.00142 2e-05 3e-05)
(0.00143 2e-05 3e-05)
(0.00144 2e-05 3e-05)
(0.00145 2e-05 3e-05)
(0.00146 2e-05 3e-05)
(0.00147 2e-05 3e-05)
(0.00148 2e-05 3e-05)
(0.00149 2e-05 3e-05)
(0.0015 2e-05 3e-05)
(6e-05 3e-05 3e-05)
(7e-05 3e-05 3e-05)
(8e-05 3e-05 3e-05)
(9e-05 3e-05 3e-05)
(0.0001 3e-05 3e-05)
(0.00011 3e-05 3e-05)
(0.00012 3e-05 3e-05)
(0.00013 3e-05 3e-05)
(0.00014 3e-05 3e-05)
(0.00015 3e-05 3e-05)
(0.00016 3e-05 3e-05)
(0.00017 3e-05 3e-05)
(0.00018 3e-05 3e-05)
(0.00019 3e-05 3e-05)
(0.0002 3e-05 3e-05)
(0.00021 3e-05 3e-05)
(0.00022 3e-05 3e-05)
(0.00023 3e-05 3e-05)
(0.00024 3e-05 3e-05)
(0.00025 3e-05 3e-05)
(0.00026 3e-05 3e-05)
(0.00027 3e-05 3e-05)
(0.00028 3e-05 3e-05)
(0.00029 3e-05 3e-05)
(0.0003 3e-05 3e-05)
(0.00031 3e-05 3e-05)
(0.00032 3e-05 3e-05)
(0.00033 3e-05 3e-05)
(0.00034 3e-05 3e-05)
(0.00035 3e-05 3e-05)
(0.00036 3e-05 3e-05)
(0.00037 3e-05 3e-05)
(0.00038 3e-05 3e-05)
(0.00039 3e-05 3e-05)
(0.0004 3e-05 3e-05)
(0.00041 3e-05 3e-05)
(0.00042 3e-05 3e-05)
(0.00043 3e-05 3e-05)
(0.00044 3e-05 3e-05)
(0.00045 3e-05 3e-05)
(0.00046 3e-05 3e-05)
(0.00047 3e-05 3e-05)
(0.00048 3e-05 3e-05)
(0.00049 3e-05 3e-05)
(0.0005 3e-05 3e-05)
(0.00051 3e-05 3e-05)
(0.00052 3e-05 3e-05)
(0.00053 3e-05 3e-05)
(0.00054 3e-05 3e-05)
(0.00055 3e-05 3e-05)
(0.00056 3e-05 3e-05)
(0.00057 3e-05 3e-05)
(0.00058 3e-05 3e-05)
(0.00059 3e-05 3e-05)
(0.0006 3e-05 3e-05)
(0.00061 3e-05 3e-05)
(0.00062 3e-05 3e-05)
(0.00063 3e-05 3e-05)
(0.00064 3e-05 3e-05)
(0.00065 3e-05 3e-05)
(0.00066 3e-05 3e-05)
(0.00067 3e-05 3e-05)
(0.00068 3e-05 3e-05)
(0.00069 3e-05 3e-05)
(0.0007 3e-05 3e-05)
(0.00071 3e-05 3e-05)
(0.00072 3e-05 3e-05)
(0.00073 3e-05 3e-05)
(0.00074 3e-05 3e-05)
(0.00075 3e-05 3e-05)
(0.00076 3e-05 3e-05)
(0.00077 3e-05 3e-05)
(0.00078 3e-05 3e-05)
(0.00079 3e-05 3e-05)
(0.0008 3e-05 3e-05)
(0.00081 3e-05 3e-05)
(0.00082 3e-05 3e-05)
(0.00083 3e-05 3e-05)
(0.00084 3e-05 3e-05)
(0.00085 3e-05 3e-05)
(0.00086 3e-05 3e-05)
(0.00087 3e-05 3e-05)
(0.00088 3e-05 3e-05)
(0.00089 3e-05 3e-05)
(0.0009 3e-05 3e-05)
(0.00091 3e-05 3e-05)
(0.00092 3e-05 3e-05)
(0.00093 3e-05 3e-05)
(0.00094 3e-05 3e-05)
(0.00095 3e-05 3e-05)
(0.00096 3e-05 3e-05)
(0.00097 3e-05 3e-05)
(0.00098 3e-05 3e-05)
(0.00099 3e-05 3e-05)
(0.001 3e-05 3e-05)
(0.00101 3e-05 3e-05)
(0.00102 3e-05 3e-05)
(0.00103 3e-05 3e-05)
(0.00104 3e-05 3e-05)
(0.00105 3e-05 3e-05)
(0.00106 3e-05 3e-05)
(0.00107 3e-05 3e-05)
(0.00108 3e-05 3e-05)
(0.00109 3e-05 3e-05)
(0.0011 3e-05 3e-05)
(0.00111 3e-05 3e-05)
(0.00112 3e-05 3e-05)
(0.00113 3e-05 3e-05)
(0.00114 3e-05 3e-05)
(0.00115 3e-05 3e-05)
(0.00116 3e-05 3e-05)
(0.00117 3e-05 3e-05)
(0.00118 3e-05 3e-05)
(0.00119 3e-05 3e-05)
(0.0012 3e-05 3e-05)
(0.00121 3e-05 3e-05)
(0.00122 3e-05 3e-05)
(0.00123 3e-05 3e-05)
(0.00124 3e-05 3e-05)
(0.00125 3e-05 3e-05)
(0.00126 3e-05 3e-05)
(0.00127 3e-05 3e-05)
(0.00128 3e-05 3e-05)
(0.00129 3e-05 3e-05)
(0.0013 3e-05 3e-05)
(0.00131 3e-05 3e-05)
(0.00132 3e-05 3e-05)
(0.00133 3e-05 3e-05)
(0.00134 3e-05 3e-05)
(0.00135 3e-05 3e-05)
(0.00136 3e-05 3e-05)
(0.00137 3e-05 3e-05)
(0.00138 3e-05 3e-05)
(0.00139 3e-05 3e-05)
(0.0014 3e-05 3e-05)
(0.00141 3e-05 3e-05)
(0.00142 3e-05 3e-05)
(0.00143 3e-05 3e-05)
(0.00144 3e-05 3e-05)
(0.00145 3e-05 3e-05)
(0.00146 3e-05 3e-05)
(0.00147 3e-05 3e-05)
(0.00148 3e-05 3e-05)
(0.00149 3e-05 3e-05)
(0.0015 3e-05 3e-05)
(6e-05 4e-05 3e-05)
(7e-05 4e-05 3e-05)
(8e-05 4e-05 3e-05)
(9e-05 4e-05 3e-05)
(0.0001 4e-05 3e-05)
(0.00011 4e-05 3e-05)
(0.00012 4e-05 3e-05)
(0.00013 4e-05 3e-05)
(0.00014 4e-05 3e-05)
(0.00015 4e-05 3e-05)
(0.00016 4e-05 3e-05)
(0.00017 4e-05 3e-05)
(0.00018 4e-05 3e-05)
(0.00019 4e-05 3e-05)
(0.0002 4e-05 3e-05)
(0.00021 4e-05 3e-05)
(0.00022 4e-05 3e-05)
(0.00023 4e-05 3e-05)
(0.00024 4e-05 3e-05)
(0.00025 4e-05 3e-05)
(0.00026 4e-05 3e-05)
(0.00027 4e-05 3e-05)
(0.00028 4e-05 3e-05)
(0.00029 4e-05 3e-05)
(0.0003 4e-05 3e-05)
(0.00031 4e-05 3e-05)
(0.00032 4e-05 3e-05)
(0.00033 4e-05 3e-05)
(0.00034 4e-05 3e-05)
(0.00035 4e-05 3e-05)
(0.00036 4e-05 3e-05)
(0.00037 4e-05 3e-05)
(0.00038 4e-05 3e-05)
(0.00039 4e-05 3e-05)
(0.0004 4e-05 3e-05)
(0.00041 4e-05 3e-05)
(0.00042 4e-05 3e-05)
(0.00043 4e-05 3e-05)
(0.00044 4e-05 3e-05)
(0.00045 4e-05 3e-05)
(0.00046 4e-05 3e-05)
(0.00047 4e-05 3e-05)
(0.00048 4e-05 3e-05)
(0.00049 4e-05 3e-05)
(0.0005 4e-05 3e-05)
(0.00051 4e-05 3e-05)
(0.00052 4e-05 3e-05)
(0.00053 4e-05 3e-05)
(0.00054 4e-05 3e-05)
(0.00055 4e-05 3e-05)
(0.00056 4e-05 3e-05)
(0.00057 4e-05 3e-05)
(0.00058 4e-05 3e-05)
(0.00059 4e-05 3e-05)
(0.0006 4e-05 3e-05)
(0.00061 4e-05 3e-05)
(0.00062 4e-05 3e-05)
(0.00063 4e-05 3e-05)
(0.00064 4e-05 3e-05)
(0.00065 4e-05 3e-05)
(0.00066 4e-05 3e-05)
(0.00067 4e-05 3e-05)
(0.00068 4e-05 3e-05)
(0.00069 4e-05 3e-05)
(0.0007 4e-05 3e-05)
(0.00071 4e-05 3e-05)
(0.00072 4e-05 3e-05)
(0.00073 4e-05 3e-05)
(0.00074 4e-05 3e-05)
(0.00075 4e-05 3e-05)
(0.00076 4e-05 3e-05)
(0.00077 4e-05 3e-05)
(0.00078 4e-05 3e-05)
(0.00079 4e-05 3e-05)
(0.0008 4e-05 3e-05)
(0.00081 4e-05 3e-05)
(0.00082 4e-05 3e-05)
(0.00083 4e-05 3e-05)
(0.00084 4e-05 3e-05)
(0.00085 4e-05 3e-05)
(0.00086 4e-05 3e-05)
(0.00087 4e-05 3e-05)
(0.00088 4e-05 3e-05)
(0.00089 4e-05 3e-05)
(0.0009 4e-05 3e-05)
(0.00091 4e-05 3e-05)
(0.00092 4e-05 3e-05)
(0.00093 4e-05 3e-05)
(0.00094 4e-05 3e-05)
(0.00095 4e-05 3e-05)
(0.00096 4e-05 3e-05)
(0.00097 4e-05 3e-05)
(0.00098 4e-05 3e-05)
(0.00099 4e-05 3e-05)
(0.001 4e-05 3e-05)
(0.00101 4e-05 3e-05)
(0.00102 4e-05 3e-05)
(0.00103 4e-05 3e-05)
(0.00104 4e-05 3e-05)
(0.00105 4e-05 3e-05)
(0.00106 4e-05 3e-05)
(0.00107 4e-05 3e-05)
(0.00108 4e-05 3e-05)
(0.00109 4e-05 3e-05)
(0.0011 4e-05 3e-05)
(0.00111 4e-05 3e-05)
(0.00112 4e-05 3e-05)
(0.00113 4e-05 3e-05)
(0.00114 4e-05 3e-05)
(0.00115 4e-05 3e-05)
(0.00116 4e-05 3e-05)
(0.00117 4e-05 3e-05)
(0.00118 4e-05 3e-05)
(0.00119 4e-05 3e-05)
(0.0012 4e-05 3e-05)
(0.00121 4e-05 3e-05)
(0.00122 4e-05 3e-05)
(0.00123 4e-05 3e-05)
(0.00124 4e-05 3e-05)
(0.00125 4e-05 3e-05)
(0.00126 4e-05 3e-05)
(0.00127 4e-05 3e-05)
(0.00128 4e-05 3e-05)
(0.00129 4e-05 3e-05)
(0.0013 4e-05 3e-05)
(0.00131 4e-05 3e-05)
(0.00132 4e-05 3e-05)
(0.00133 4e-05 3e-05)
(0.00134 4e-05 3e-05)
(0.00135 4e-05 3e-05)
(0.00136 4e-05 3e-05)
(0.00137 4e-05 3e-05)
(0.00138 4e-05 3e-05)
(0.00139 4e-05 3e-05)
(0.0014 4e-05 3e-05)
(0.00141 4e-05 3e-05)
(0.00142 4e-05 3e-05)
(0.00143 4e-05 3e-05)
(0.00144 4e-05 3e-05)
(0.00145 4e-05 3e-05)
(0.00146 4e-05 3e-05)
(0.00147 4e-05 3e-05)
(0.00148 4e-05 3e-05)
(0.00149 4e-05 3e-05)
(0.0015 4e-05 3e-05)
(6e-05 5e-05 3e-05)
(7e-05 5e-05 3e-05)
(8e-05 5e-05 3e-05)
(9e-05 5e-05 3e-05)
(0.0001 5e-05 3e-05)
(0.00011 5e-05 3e-05)
(0.00012 5e-05 3e-05)
(0.00013 5e-05 3e-05)
(0.00014 5e-05 3e-05)
(0.00015 5e-05 3e-05)
(0.00016 5e-05 3e-05)
(0.00017 5e-05 3e-05)
(0.00018 5e-05 3e-05)
(0.00019 5e-05 3e-05)
(0.0002 5e-05 3e-05)
(0.00021 5e-05 3e-05)
(0.00022 5e-05 3e-05)
(0.00023 5e-05 3e-05)
(0.00024 5e-05 3e-05)
(0.00025 5e-05 3e-05)
(0.00026 5e-05 3e-05)
(0.00027 5e-05 3e-05)
(0.00028 5e-05 3e-05)
(0.00029 5e-05 3e-05)
(0.0003 5e-05 3e-05)
(0.00031 5e-05 3e-05)
(0.00032 5e-05 3e-05)
(0.00033 5e-05 3e-05)
(0.00034 5e-05 3e-05)
(0.00035 5e-05 3e-05)
(0.00036 5e-05 3e-05)
(0.00037 5e-05 3e-05)
(0.00038 5e-05 3e-05)
(0.00039 5e-05 3e-05)
(0.0004 5e-05 3e-05)
(0.00041 5e-05 3e-05)
(0.00042 5e-05 3e-05)
(0.00043 5e-05 3e-05)
(0.00044 5e-05 3e-05)
(0.00045 5e-05 3e-05)
(0.00046 5e-05 3e-05)
(0.00047 5e-05 3e-05)
(0.00048 5e-05 3e-05)
(0.00049 5e-05 3e-05)
(0.0005 5e-05 3e-05)
(0.00051 5e-05 3e-05)
(0.00052 5e-05 3e-05)
(0.00053 5e-05 3e-05)
(0.00054 5e-05 3e-05)
(0.00055 5e-05 3e-05)
(0.00056 5e-05 3e-05)
(0.00057 5e-05 3e-05)
(0.00058 5e-05 3e-05)
(0.00059 5e-05 3e-05)
(0.0006 5e-05 3e-05)
(0.00061 5e-05 3e-05)
(0.00062 5e-05 3e-05)
(0.00063 5e-05 3e-05)
(0.00064 5e-05 3e-05)
(0.00065 5e-05 3e-05)
(0.00066 5e-05 3e-05)
(0.00067 5e-05 3e-05)
(0.00068 5e-05 3e-05)
(0.00069 5e-05 3e-05)
(0.0007 5e-05 3e-05)
(0.00071 5e-05 3e-05)
(0.00072 5e-05 3e-05)
(0.00073 5e-05 3e-05)
(0.00074 5e-05 3e-05)
(0.00075 5e-05 3e-05)
(0.00076 5e-05 3e-05)
(0.00077 5e-05 3e-05)
(0.00078 5e-05 3e-05)
(0.00079 5e-05 3e-05)
(0.0008 5e-05 3e-05)
(0.00081 5e-05 3e-05)
(0.00082 5e-05 3e-05)
(0.00083 5e-05 3e-05)
(0.00084 5e-05 3e-05)
(0.00085 5e-05 3e-05)
(0.00086 5e-05 3e-05)
(0.00087 5e-05 3e-05)
(0.00088 5e-05 3e-05)
(0.00089 5e-05 3e-05)
(0.0009 5e-05 3e-05)
(0.00091 5e-05 3e-05)
(0.00092 5e-05 3e-05)
(0.00093 5e-05 3e-05)
(0.00094 5e-05 3e-05)
(0.00095 5e-05 3e-05)
(0.00096 5e-05 3e-05)
(0.00097 5e-05 3e-05)
(0.00098 5e-05 3e-05)
(0.00099 5e-05 3e-05)
(0.001 5e-05 3e-05)
(0.00101 5e-05 3e-05)
(0.00102 5e-05 3e-05)
(0.00103 5e-05 3e-05)
(0.00104 5e-05 3e-05)
(0.00105 5e-05 3e-05)
(0.00106 5e-05 3e-05)
(0.00107 5e-05 3e-05)
(0.00108 5e-05 3e-05)
(0.00109 5e-05 3e-05)
(0.0011 5e-05 3e-05)
(0.00111 5e-05 3e-05)
(0.00112 5e-05 3e-05)
(0.00113 5e-05 3e-05)
(0.00114 5e-05 3e-05)
(0.00115 5e-05 3e-05)
(0.00116 5e-05 3e-05)
(0.00117 5e-05 3e-05)
(0.00118 5e-05 3e-05)
(0.00119 5e-05 3e-05)
(0.0012 5e-05 3e-05)
(0.00121 5e-05 3e-05)
(0.00122 5e-05 3e-05)
(0.00123 5e-05 3e-05)
(0.00124 5e-05 3e-05)
(0.00125 5e-05 3e-05)
(0.00126 5e-05 3e-05)
(0.00127 5e-05 3e-05)
(0.00128 5e-05 3e-05)
(0.00129 5e-05 3e-05)
(0.0013 5e-05 3e-05)
(0.00131 5e-05 3e-05)
(0.00132 5e-05 3e-05)
(0.00133 5e-05 3e-05)
(0.00134 5e-05 3e-05)
(0.00135 5e-05 3e-05)
(0.00136 5e-05 3e-05)
(0.00137 5e-05 3e-05)
(0.00138 5e-05 3e-05)
(0.00139 5e-05 3e-05)
(0.0014 5e-05 3e-05)
(0.00141 5e-05 3e-05)
(0.00142 5e-05 3e-05)
(0.00143 5e-05 3e-05)
(0.00144 5e-05 3e-05)
(0.00145 5e-05 3e-05)
(0.00146 5e-05 3e-05)
(0.00147 5e-05 3e-05)
(0.00148 5e-05 3e-05)
(0.00149 5e-05 3e-05)
(0.0015 5e-05 3e-05)
(6e-05 -5e-05 4e-05)
(7e-05 -5e-05 4e-05)
(8e-05 -5e-05 4e-05)
(9e-05 -5e-05 4e-05)
(0.0001 -5e-05 4e-05)
(0.00011 -5e-05 4e-05)
(0.00012 -5e-05 4e-05)
(0.00013 -5e-05 4e-05)
(0.00014 -5e-05 4e-05)
(0.00015 -5e-05 4e-05)
(0.00016 -5e-05 4e-05)
(0.00017 -5e-05 4e-05)
(0.00018 -5e-05 4e-05)
(0.00019 -5e-05 4e-05)
(0.0002 -5e-05 4e-05)
(0.00021 -5e-05 4e-05)
(0.00022 -5e-05 4e-05)
(0.00023 -5e-05 4e-05)
(0.00024 -5e-05 4e-05)
(0.00025 -5e-05 4e-05)
(0.00026 -5e-05 4e-05)
(0.00027 -5e-05 4e-05)
(0.00028 -5e-05 4e-05)
(0.00029 -5e-05 4e-05)
(0.0003 -5e-05 4e-05)
(0.00031 -5e-05 4e-05)
(0.00032 -5e-05 4e-05)
(0.00033 -5e-05 4e-05)
(0.00034 -5e-05 4e-05)
(0.00035 -5e-05 4e-05)
(0.00036 -5e-05 4e-05)
(0.00037 -5e-05 4e-05)
(0.00038 -5e-05 4e-05)
(0.00039 -5e-05 4e-05)
(0.0004 -5e-05 4e-05)
(0.00041 -5e-05 4e-05)
(0.00042 -5e-05 4e-05)
(0.00043 -5e-05 4e-05)
(0.00044 -5e-05 4e-05)
(0.00045 -5e-05 4e-05)
(0.00046 -5e-05 4e-05)
(0.00047 -5e-05 4e-05)
(0.00048 -5e-05 4e-05)
(0.00049 -5e-05 4e-05)
(0.0005 -5e-05 4e-05)
(0.00051 -5e-05 4e-05)
(0.00052 -5e-05 4e-05)
(0.00053 -5e-05 4e-05)
(0.00054 -5e-05 4e-05)
(0.00055 -5e-05 4e-05)
(0.00056 -5e-05 4e-05)
(0.00057 -5e-05 4e-05)
(0.00058 -5e-05 4e-05)
(0.00059 -5e-05 4e-05)
(0.0006 -5e-05 4e-05)
(0.00061 -5e-05 4e-05)
(0.00062 -5e-05 4e-05)
(0.00063 -5e-05 4e-05)
(0.00064 -5e-05 4e-05)
(0.00065 -5e-05 4e-05)
(0.00066 -5e-05 4e-05)
(0.00067 -5e-05 4e-05)
(0.00068 -5e-05 4e-05)
(0.00069 -5e-05 4e-05)
(0.0007 -5e-05 4e-05)
(0.00071 -5e-05 4e-05)
(0.00072 -5e-05 4e-05)
(0.00073 -5e-05 4e-05)
(0.00074 -5e-05 4e-05)
(0.00075 -5e-05 4e-05)
(0.00076 -5e-05 4e-05)
(0.00077 -5e-05 4e-05)
(0.00078 -5e-05 4e-05)
(0.00079 -5e-05 4e-05)
(0.0008 -5e-05 4e-05)
(0.00081 -5e-05 4e-05)
(0.00082 -5e-05 4e-05)
(0.00083 -5e-05 4e-05)
(0.00084 -5e-05 4e-05)
(0.00085 -5e-05 4e-05)
(0.00086 -5e-05 4e-05)
(0.00087 -5e-05 4e-05)
(0.00088 -5e-05 4e-05)
(0.00089 -5e-05 4e-05)
(0.0009 -5e-05 4e-05)
(0.00091 -5e-05 4e-05)
(0.00092 -5e-05 4e-05)
(0.00093 -5e-05 4e-05)
(0.00094 -5e-05 4e-05)
(0.00095 -5e-05 4e-05)
(0.00096 -5e-05 4e-05)
(0.00097 -5e-05 4e-05)
(0.00098 -5e-05 4e-05)
(0.00099 -5e-05 4e-05)
(0.001 -5e-05 4e-05)
(0.00101 -5e-05 4e-05)
(0.00102 -5e-05 4e-05)
(0.00103 -5e-05 4e-05)
(0.00104 -5e-05 4e-05)
(0.00105 -5e-05 4e-05)
(0.00106 -5e-05 4e-05)
(0.00107 -5e-05 4e-05)
(0.00108 -5e-05 4e-05)
(0.00109 -5e-05 4e-05)
(0.0011 -5e-05 4e-05)
(0.00111 -5e-05 4e-05)
(0.00112 -5e-05 4e-05)
(0.00113 -5e-05 4e-05)
(0.00114 -5e-05 4e-05)
(0.00115 -5e-05 4e-05)
(0.00116 -5e-05 4e-05)
(0.00117 -5e-05 4e-05)
(0.00118 -5e-05 4e-05)
(0.00119 -5e-05 4e-05)
(0.0012 -5e-05 4e-05)
(0.00121 -5e-05 4e-05)
(0.00122 -5e-05 4e-05)
(0.00123 -5e-05 4e-05)
(0.00124 -5e-05 4e-05)
(0.00125 -5e-05 4e-05)
(0.00126 -5e-05 4e-05)
(0.00127 -5e-05 4e-05)
(0.00128 -5e-05 4e-05)
(0.00129 -5e-05 4e-05)
(0.0013 -5e-05 4e-05)
(0.00131 -5e-05 4e-05)
(0.00132 -5e-05 4e-05)
(0.00133 -5e-05 4e-05)
(0.00134 -5e-05 4e-05)
(0.00135 -5e-05 4e-05)
(0.00136 -5e-05 4e-05)
(0.00137 -5e-05 4e-05)
(0.00138 -5e-05 4e-05)
(0.00139 -5e-05 4e-05)
(0.0014 -5e-05 4e-05)
(0.00141 -5e-05 4e-05)
(0.00142 -5e-05 4e-05)
(0.00143 -5e-05 4e-05)
(0.00144 -5e-05 4e-05)
(0.00145 -5e-05 4e-05)
(0.00146 -5e-05 4e-05)
(0.00147 -5e-05 4e-05)
(0.00148 -5e-05 4e-05)
(0.00149 -5e-05 4e-05)
(0.0015 -5e-05 4e-05)
(6e-05 -4e-05 4e-05)
(7e-05 -4e-05 4e-05)
(8e-05 -4e-05 4e-05)
(9e-05 -4e-05 4e-05)
(0.0001 -4e-05 4e-05)
(0.00011 -4e-05 4e-05)
(0.00012 -4e-05 4e-05)
(0.00013 -4e-05 4e-05)
(0.00014 -4e-05 4e-05)
(0.00015 -4e-05 4e-05)
(0.00016 -4e-05 4e-05)
(0.00017 -4e-05 4e-05)
(0.00018 -4e-05 4e-05)
(0.00019 -4e-05 4e-05)
(0.0002 -4e-05 4e-05)
(0.00021 -4e-05 4e-05)
(0.00022 -4e-05 4e-05)
(0.00023 -4e-05 4e-05)
(0.00024 -4e-05 4e-05)
(0.00025 -4e-05 4e-05)
(0.00026 -4e-05 4e-05)
(0.00027 -4e-05 4e-05)
(0.00028 -4e-05 4e-05)
(0.00029 -4e-05 4e-05)
(0.0003 -4e-05 4e-05)
(0.00031 -4e-05 4e-05)
(0.00032 -4e-05 4e-05)
(0.00033 -4e-05 4e-05)
(0.00034 -4e-05 4e-05)
(0.00035 -4e-05 4e-05)
(0.00036 -4e-05 4e-05)
(0.00037 -4e-05 4e-05)
(0.00038 -4e-05 4e-05)
(0.00039 -4e-05 4e-05)
(0.0004 -4e-05 4e-05)
(0.00041 -4e-05 4e-05)
(0.00042 -4e-05 4e-05)
(0.00043 -4e-05 4e-05)
(0.00044 -4e-05 4e-05)
(0.00045 -4e-05 4e-05)
(0.00046 -4e-05 4e-05)
(0.00047 -4e-05 4e-05)
(0.00048 -4e-05 4e-05)
(0.00049 -4e-05 4e-05)
(0.0005 -4e-05 4e-05)
(0.00051 -4e-05 4e-05)
(0.00052 -4e-05 4e-05)
(0.00053 -4e-05 4e-05)
(0.00054 -4e-05 4e-05)
(0.00055 -4e-05 4e-05)
(0.00056 -4e-05 4e-05)
(0.00057 -4e-05 4e-05)
(0.00058 -4e-05 4e-05)
(0.00059 -4e-05 4e-05)
(0.0006 -4e-05 4e-05)
(0.00061 -4e-05 4e-05)
(0.00062 -4e-05 4e-05)
(0.00063 -4e-05 4e-05)
(0.00064 -4e-05 4e-05)
(0.00065 -4e-05 4e-05)
(0.00066 -4e-05 4e-05)
(0.00067 -4e-05 4e-05)
(0.00068 -4e-05 4e-05)
(0.00069 -4e-05 4e-05)
(0.0007 -4e-05 4e-05)
(0.00071 -4e-05 4e-05)
(0.00072 -4e-05 4e-05)
(0.00073 -4e-05 4e-05)
(0.00074 -4e-05 4e-05)
(0.00075 -4e-05 4e-05)
(0.00076 -4e-05 4e-05)
(0.00077 -4e-05 4e-05)
(0.00078 -4e-05 4e-05)
(0.00079 -4e-05 4e-05)
(0.0008 -4e-05 4e-05)
(0.00081 -4e-05 4e-05)
(0.00082 -4e-05 4e-05)
(0.00083 -4e-05 4e-05)
(0.00084 -4e-05 4e-05)
(0.00085 -4e-05 4e-05)
(0.00086 -4e-05 4e-05)
(0.00087 -4e-05 4e-05)
(0.00088 -4e-05 4e-05)
(0.00089 -4e-05 4e-05)
(0.0009 -4e-05 4e-05)
(0.00091 -4e-05 4e-05)
(0.00092 -4e-05 4e-05)
(0.00093 -4e-05 4e-05)
(0.00094 -4e-05 4e-05)
(0.00095 -4e-05 4e-05)
(0.00096 -4e-05 4e-05)
(0.00097 -4e-05 4e-05)
(0.00098 -4e-05 4e-05)
(0.00099 -4e-05 4e-05)
(0.001 -4e-05 4e-05)
(0.00101 -4e-05 4e-05)
(0.00102 -4e-05 4e-05)
(0.00103 -4e-05 4e-05)
(0.00104 -4e-05 4e-05)
(0.00105 -4e-05 4e-05)
(0.00106 -4e-05 4e-05)
(0.00107 -4e-05 4e-05)
(0.00108 -4e-05 4e-05)
(0.00109 -4e-05 4e-05)
(0.0011 -4e-05 4e-05)
(0.00111 -4e-05 4e-05)
(0.00112 -4e-05 4e-05)
(0.00113 -4e-05 4e-05)
(0.00114 -4e-05 4e-05)
(0.00115 -4e-05 4e-05)
(0.00116 -4e-05 4e-05)
(0.00117 -4e-05 4e-05)
(0.00118 -4e-05 4e-05)
(0.00119 -4e-05 4e-05)
(0.0012 -4e-05 4e-05)
(0.00121 -4e-05 4e-05)
(0.00122 -4e-05 4e-05)
(0.00123 -4e-05 4e-05)
(0.00124 -4e-05 4e-05)
(0.00125 -4e-05 4e-05)
(0.00126 -4e-05 4e-05)
(0.00127 -4e-05 4e-05)
(0.00128 -4e-05 4e-05)
(0.00129 -4e-05 4e-05)
(0.0013 -4e-05 4e-05)
(0.00131 -4e-05 4e-05)
(0.00132 -4e-05 4e-05)
(0.00133 -4e-05 4e-05)
(0.00134 -4e-05 4e-05)
(0.00135 -4e-05 4e-05)
(0.00136 -4e-05 4e-05)
(0.00137 -4e-05 4e-05)
(0.00138 -4e-05 4e-05)
(0.00139 -4e-05 4e-05)
(0.0014 -4e-05 4e-05)
(0.00141 -4e-05 4e-05)
(0.00142 -4e-05 4e-05)
(0.00143 -4e-05 4e-05)
(0.00144 -4e-05 4e-05)
(0.00145 -4e-05 4e-05)
(0.00146 -4e-05 4e-05)
(0.00147 -4e-05 4e-05)
(0.00148 -4e-05 4e-05)
(0.00149 -4e-05 4e-05)
(0.0015 -4e-05 4e-05)
(6e-05 -3e-05 4e-05)
(7e-05 -3e-05 4e-05)
(8e-05 -3e-05 4e-05)
(9e-05 -3e-05 4e-05)
(0.0001 -3e-05 4e-05)
(0.00011 -3e-05 4e-05)
(0.00012 -3e-05 4e-05)
(0.00013 -3e-05 4e-05)
(0.00014 -3e-05 4e-05)
(0.00015 -3e-05 4e-05)
(0.00016 -3e-05 4e-05)
(0.00017 -3e-05 4e-05)
(0.00018 -3e-05 4e-05)
(0.00019 -3e-05 4e-05)
(0.0002 -3e-05 4e-05)
(0.00021 -3e-05 4e-05)
(0.00022 -3e-05 4e-05)
(0.00023 -3e-05 4e-05)
(0.00024 -3e-05 4e-05)
(0.00025 -3e-05 4e-05)
(0.00026 -3e-05 4e-05)
(0.00027 -3e-05 4e-05)
(0.00028 -3e-05 4e-05)
(0.00029 -3e-05 4e-05)
(0.0003 -3e-05 4e-05)
(0.00031 -3e-05 4e-05)
(0.00032 -3e-05 4e-05)
(0.00033 -3e-05 4e-05)
(0.00034 -3e-05 4e-05)
(0.00035 -3e-05 4e-05)
(0.00036 -3e-05 4e-05)
(0.00037 -3e-05 4e-05)
(0.00038 -3e-05 4e-05)
(0.00039 -3e-05 4e-05)
(0.0004 -3e-05 4e-05)
(0.00041 -3e-05 4e-05)
(0.00042 -3e-05 4e-05)
(0.00043 -3e-05 4e-05)
(0.00044 -3e-05 4e-05)
(0.00045 -3e-05 4e-05)
(0.00046 -3e-05 4e-05)
(0.00047 -3e-05 4e-05)
(0.00048 -3e-05 4e-05)
(0.00049 -3e-05 4e-05)
(0.0005 -3e-05 4e-05)
(0.00051 -3e-05 4e-05)
(0.00052 -3e-05 4e-05)
(0.00053 -3e-05 4e-05)
(0.00054 -3e-05 4e-05)
(0.00055 -3e-05 4e-05)
(0.00056 -3e-05 4e-05)
(0.00057 -3e-05 4e-05)
(0.00058 -3e-05 4e-05)
(0.00059 -3e-05 4e-05)
(0.0006 -3e-05 4e-05)
(0.00061 -3e-05 4e-05)
(0.00062 -3e-05 4e-05)
(0.00063 -3e-05 4e-05)
(0.00064 -3e-05 4e-05)
(0.00065 -3e-05 4e-05)
(0.00066 -3e-05 4e-05)
(0.00067 -3e-05 4e-05)
(0.00068 -3e-05 4e-05)
(0.00069 -3e-05 4e-05)
(0.0007 -3e-05 4e-05)
(0.00071 -3e-05 4e-05)
(0.00072 -3e-05 4e-05)
(0.00073 -3e-05 4e-05)
(0.00074 -3e-05 4e-05)
(0.00075 -3e-05 4e-05)
(0.00076 -3e-05 4e-05)
(0.00077 -3e-05 4e-05)
(0.00078 -3e-05 4e-05)
(0.00079 -3e-05 4e-05)
(0.0008 -3e-05 4e-05)
(0.00081 -3e-05 4e-05)
(0.00082 -3e-05 4e-05)
(0.00083 -3e-05 4e-05)
(0.00084 -3e-05 4e-05)
(0.00085 -3e-05 4e-05)
(0.00086 -3e-05 4e-05)
(0.00087 -3e-05 4e-05)
(0.00088 -3e-05 4e-05)
(0.00089 -3e-05 4e-05)
(0.0009 -3e-05 4e-05)
(0.00091 -3e-05 4e-05)
(0.00092 -3e-05 4e-05)
(0.00093 -3e-05 4e-05)
(0.00094 -3e-05 4e-05)
(0.00095 -3e-05 4e-05)
(0.00096 -3e-05 4e-05)
(0.00097 -3e-05 4e-05)
(0.00098 -3e-05 4e-05)
(0.00099 -3e-05 4e-05)
(0.001 -3e-05 4e-05)
(0.00101 -3e-05 4e-05)
(0.00102 -3e-05 4e-05)
(0.00103 -3e-05 4e-05)
(0.00104 -3e-05 4e-05)
(0.00105 -3e-05 4e-05)
(0.00106 -3e-05 4e-05)
(0.00107 -3e-05 4e-05)
(0.00108 -3e-05 4e-05)
(0.00109 -3e-05 4e-05)
(0.0011 -3e-05 4e-05)
(0.00111 -3e-05 4e-05)
(0.00112 -3e-05 4e-05)
(0.00113 -3e-05 4e-05)
(0.00114 -3e-05 4e-05)
(0.00115 -3e-05 4e-05)
(0.00116 -3e-05 4e-05)
(0.00117 -3e-05 4e-05)
(0.00118 -3e-05 4e-05)
(0.00119 -3e-05 4e-05)
(0.0012 -3e-05 4e-05)
(0.00121 -3e-05 4e-05)
(0.00122 -3e-05 4e-05)
(0.00123 -3e-05 4e-05)
(0.00124 -3e-05 4e-05)
(0.00125 -3e-05 4e-05)
(0.00126 -3e-05 4e-05)
(0.00127 -3e-05 4e-05)
(0.00128 -3e-05 4e-05)
(0.00129 -3e-05 4e-05)
(0.0013 -3e-05 4e-05)
(0.00131 -3e-05 4e-05)
(0.00132 -3e-05 4e-05)
(0.00133 -3e-05 4e-05)
(0.00134 -3e-05 4e-05)
(0.00135 -3e-05 4e-05)
(0.00136 -3e-05 4e-05)
(0.00137 -3e-05 4e-05)
(0.00138 -3e-05 4e-05)
(0.00139 -3e-05 4e-05)
(0.0014 -3e-05 4e-05)
(0.00141 -3e-05 4e-05)
(0.00142 -3e-05 4e-05)
(0.00143 -3e-05 4e-05)
(0.00144 -3e-05 4e-05)
(0.00145 -3e-05 4e-05)
(0.00146 -3e-05 4e-05)
(0.00147 -3e-05 4e-05)
(0.00148 -3e-05 4e-05)
(0.00149 -3e-05 4e-05)
(0.0015 -3e-05 4e-05)
(6e-05 -2e-05 4e-05)
(7e-05 -2e-05 4e-05)
(8e-05 -2e-05 4e-05)
(9e-05 -2e-05 4e-05)
(0.0001 -2e-05 4e-05)
(0.00011 -2e-05 4e-05)
(0.00012 -2e-05 4e-05)
(0.00013 -2e-05 4e-05)
(0.00014 -2e-05 4e-05)
(0.00015 -2e-05 4e-05)
(0.00016 -2e-05 4e-05)
(0.00017 -2e-05 4e-05)
(0.00018 -2e-05 4e-05)
(0.00019 -2e-05 4e-05)
(0.0002 -2e-05 4e-05)
(0.00021 -2e-05 4e-05)
(0.00022 -2e-05 4e-05)
(0.00023 -2e-05 4e-05)
(0.00024 -2e-05 4e-05)
(0.00025 -2e-05 4e-05)
(0.00026 -2e-05 4e-05)
(0.00027 -2e-05 4e-05)
(0.00028 -2e-05 4e-05)
(0.00029 -2e-05 4e-05)
(0.0003 -2e-05 4e-05)
(0.00031 -2e-05 4e-05)
(0.00032 -2e-05 4e-05)
(0.00033 -2e-05 4e-05)
(0.00034 -2e-05 4e-05)
(0.00035 -2e-05 4e-05)
(0.00036 -2e-05 4e-05)
(0.00037 -2e-05 4e-05)
(0.00038 -2e-05 4e-05)
(0.00039 -2e-05 4e-05)
(0.0004 -2e-05 4e-05)
(0.00041 -2e-05 4e-05)
(0.00042 -2e-05 4e-05)
(0.00043 -2e-05 4e-05)
(0.00044 -2e-05 4e-05)
(0.00045 -2e-05 4e-05)
(0.00046 -2e-05 4e-05)
(0.00047 -2e-05 4e-05)
(0.00048 -2e-05 4e-05)
(0.00049 -2e-05 4e-05)
(0.0005 -2e-05 4e-05)
(0.00051 -2e-05 4e-05)
(0.00052 -2e-05 4e-05)
(0.00053 -2e-05 4e-05)
(0.00054 -2e-05 4e-05)
(0.00055 -2e-05 4e-05)
(0.00056 -2e-05 4e-05)
(0.00057 -2e-05 4e-05)
(0.00058 -2e-05 4e-05)
(0.00059 -2e-05 4e-05)
(0.0006 -2e-05 4e-05)
(0.00061 -2e-05 4e-05)
(0.00062 -2e-05 4e-05)
(0.00063 -2e-05 4e-05)
(0.00064 -2e-05 4e-05)
(0.00065 -2e-05 4e-05)
(0.00066 -2e-05 4e-05)
(0.00067 -2e-05 4e-05)
(0.00068 -2e-05 4e-05)
(0.00069 -2e-05 4e-05)
(0.0007 -2e-05 4e-05)
(0.00071 -2e-05 4e-05)
(0.00072 -2e-05 4e-05)
(0.00073 -2e-05 4e-05)
(0.00074 -2e-05 4e-05)
(0.00075 -2e-05 4e-05)
(0.00076 -2e-05 4e-05)
(0.00077 -2e-05 4e-05)
(0.00078 -2e-05 4e-05)
(0.00079 -2e-05 4e-05)
(0.0008 -2e-05 4e-05)
(0.00081 -2e-05 4e-05)
(0.00082 -2e-05 4e-05)
(0.00083 -2e-05 4e-05)
(0.00084 -2e-05 4e-05)
(0.00085 -2e-05 4e-05)
(0.00086 -2e-05 4e-05)
(0.00087 -2e-05 4e-05)
(0.00088 -2e-05 4e-05)
(0.00089 -2e-05 4e-05)
(0.0009 -2e-05 4e-05)
(0.00091 -2e-05 4e-05)
(0.00092 -2e-05 4e-05)
(0.00093 -2e-05 4e-05)
(0.00094 -2e-05 4e-05)
(0.00095 -2e-05 4e-05)
(0.00096 -2e-05 4e-05)
(0.00097 -2e-05 4e-05)
(0.00098 -2e-05 4e-05)
(0.00099 -2e-05 4e-05)
(0.001 -2e-05 4e-05)
(0.00101 -2e-05 4e-05)
(0.00102 -2e-05 4e-05)
(0.00103 -2e-05 4e-05)
(0.00104 -2e-05 4e-05)
(0.00105 -2e-05 4e-05)
(0.00106 -2e-05 4e-05)
(0.00107 -2e-05 4e-05)
(0.00108 -2e-05 4e-05)
(0.00109 -2e-05 4e-05)
(0.0011 -2e-05 4e-05)
(0.00111 -2e-05 4e-05)
(0.00112 -2e-05 4e-05)
(0.00113 -2e-05 4e-05)
(0.00114 -2e-05 4e-05)
(0.00115 -2e-05 4e-05)
(0.00116 -2e-05 4e-05)
(0.00117 -2e-05 4e-05)
(0.00118 -2e-05 4e-05)
(0.00119 -2e-05 4e-05)
(0.0012 -2e-05 4e-05)
(0.00121 -2e-05 4e-05)
(0.00122 -2e-05 4e-05)
(0.00123 -2e-05 4e-05)
(0.00124 -2e-05 4e-05)
(0.00125 -2e-05 4e-05)
(0.00126 -2e-05 4e-05)
(0.00127 -2e-05 4e-05)
(0.00128 -2e-05 4e-05)
(0.00129 -2e-05 4e-05)
(0.0013 -2e-05 4e-05)
(0.00131 -2e-05 4e-05)
(0.00132 -2e-05 4e-05)
(0.00133 -2e-05 4e-05)
(0.00134 -2e-05 4e-05)
(0.00135 -2e-05 4e-05)
(0.00136 -2e-05 4e-05)
(0.00137 -2e-05 4e-05)
(0.00138 -2e-05 4e-05)
(0.00139 -2e-05 4e-05)
(0.0014 -2e-05 4e-05)
(0.00141 -2e-05 4e-05)
(0.00142 -2e-05 4e-05)
(0.00143 -2e-05 4e-05)
(0.00144 -2e-05 4e-05)
(0.00145 -2e-05 4e-05)
(0.00146 -2e-05 4e-05)
(0.00147 -2e-05 4e-05)
(0.00148 -2e-05 4e-05)
(0.00149 -2e-05 4e-05)
(0.0015 -2e-05 4e-05)
(6e-05 -1e-05 4e-05)
(7e-05 -1e-05 4e-05)
(8e-05 -1e-05 4e-05)
(9e-05 -1e-05 4e-05)
(0.0001 -1e-05 4e-05)
(0.00011 -1e-05 4e-05)
(0.00012 -1e-05 4e-05)
(0.00013 -1e-05 4e-05)
(0.00014 -1e-05 4e-05)
(0.00015 -1e-05 4e-05)
(0.00016 -1e-05 4e-05)
(0.00017 -1e-05 4e-05)
(0.00018 -1e-05 4e-05)
(0.00019 -1e-05 4e-05)
(0.0002 -1e-05 4e-05)
(0.00021 -1e-05 4e-05)
(0.00022 -1e-05 4e-05)
(0.00023 -1e-05 4e-05)
(0.00024 -1e-05 4e-05)
(0.00025 -1e-05 4e-05)
(0.00026 -1e-05 4e-05)
(0.00027 -1e-05 4e-05)
(0.00028 -1e-05 4e-05)
(0.00029 -1e-05 4e-05)
(0.0003 -1e-05 4e-05)
(0.00031 -1e-05 4e-05)
(0.00032 -1e-05 4e-05)
(0.00033 -1e-05 4e-05)
(0.00034 -1e-05 4e-05)
(0.00035 -1e-05 4e-05)
(0.00036 -1e-05 4e-05)
(0.00037 -1e-05 4e-05)
(0.00038 -1e-05 4e-05)
(0.00039 -1e-05 4e-05)
(0.0004 -1e-05 4e-05)
(0.00041 -1e-05 4e-05)
(0.00042 -1e-05 4e-05)
(0.00043 -1e-05 4e-05)
(0.00044 -1e-05 4e-05)
(0.00045 -1e-05 4e-05)
(0.00046 -1e-05 4e-05)
(0.00047 -1e-05 4e-05)
(0.00048 -1e-05 4e-05)
(0.00049 -1e-05 4e-05)
(0.0005 -1e-05 4e-05)
(0.00051 -1e-05 4e-05)
(0.00052 -1e-05 4e-05)
(0.00053 -1e-05 4e-05)
(0.00054 -1e-05 4e-05)
(0.00055 -1e-05 4e-05)
(0.00056 -1e-05 4e-05)
(0.00057 -1e-05 4e-05)
(0.00058 -1e-05 4e-05)
(0.00059 -1e-05 4e-05)
(0.0006 -1e-05 4e-05)
(0.00061 -1e-05 4e-05)
(0.00062 -1e-05 4e-05)
(0.00063 -1e-05 4e-05)
(0.00064 -1e-05 4e-05)
(0.00065 -1e-05 4e-05)
(0.00066 -1e-05 4e-05)
(0.00067 -1e-05 4e-05)
(0.00068 -1e-05 4e-05)
(0.00069 -1e-05 4e-05)
(0.0007 -1e-05 4e-05)
(0.00071 -1e-05 4e-05)
(0.00072 -1e-05 4e-05)
(0.00073 -1e-05 4e-05)
(0.00074 -1e-05 4e-05)
(0.00075 -1e-05 4e-05)
(0.00076 -1e-05 4e-05)
(0.00077 -1e-05 4e-05)
(0.00078 -1e-05 4e-05)
(0.00079 -1e-05 4e-05)
(0.0008 -1e-05 4e-05)
(0.00081 -1e-05 4e-05)
(0.00082 -1e-05 4e-05)
(0.00083 -1e-05 4e-05)
(0.00084 -1e-05 4e-05)
(0.00085 -1e-05 4e-05)
(0.00086 -1e-05 4e-05)
(0.00087 -1e-05 4e-05)
(0.00088 -1e-05 4e-05)
(0.00089 -1e-05 4e-05)
(0.0009 -1e-05 4e-05)
(0.00091 -1e-05 4e-05)
(0.00092 -1e-05 4e-05)
(0.00093 -1e-05 4e-05)
(0.00094 -1e-05 4e-05)
(0.00095 -1e-05 4e-05)
(0.00096 -1e-05 4e-05)
(0.00097 -1e-05 4e-05)
(0.00098 -1e-05 4e-05)
(0.00099 -1e-05 4e-05)
(0.001 -1e-05 4e-05)
(0.00101 -1e-05 4e-05)
(0.00102 -1e-05 4e-05)
(0.00103 -1e-05 4e-05)
(0.00104 -1e-05 4e-05)
(0.00105 -1e-05 4e-05)
(0.00106 -1e-05 4e-05)
(0.00107 -1e-05 4e-05)
(0.00108 -1e-05 4e-05)
(0.00109 -1e-05 4e-05)
(0.0011 -1e-05 4e-05)
(0.00111 -1e-05 4e-05)
(0.00112 -1e-05 4e-05)
(0.00113 -1e-05 4e-05)
(0.00114 -1e-05 4e-05)
(0.00115 -1e-05 4e-05)
(0.00116 -1e-05 4e-05)
(0.00117 -1e-05 4e-05)
(0.00118 -1e-05 4e-05)
(0.00119 -1e-05 4e-05)
(0.0012 -1e-05 4e-05)
(0.00121 -1e-05 4e-05)
(0.00122 -1e-05 4e-05)
(0.00123 -1e-05 4e-05)
(0.00124 -1e-05 4e-05)
(0.00125 -1e-05 4e-05)
(0.00126 -1e-05 4e-05)
(0.00127 -1e-05 4e-05)
(0.00128 -1e-05 4e-05)
(0.00129 -1e-05 4e-05)
(0.0013 -1e-05 4e-05)
(0.00131 -1e-05 4e-05)
(0.00132 -1e-05 4e-05)
(0.00133 -1e-05 4e-05)
(0.00134 -1e-05 4e-05)
(0.00135 -1e-05 4e-05)
(0.00136 -1e-05 4e-05)
(0.00137 -1e-05 4e-05)
(0.00138 -1e-05 4e-05)
(0.00139 -1e-05 4e-05)
(0.0014 -1e-05 4e-05)
(0.00141 -1e-05 4e-05)
(0.00142 -1e-05 4e-05)
(0.00143 -1e-05 4e-05)
(0.00144 -1e-05 4e-05)
(0.00145 -1e-05 4e-05)
(0.00146 -1e-05 4e-05)
(0.00147 -1e-05 4e-05)
(0.00148 -1e-05 4e-05)
(0.00149 -1e-05 4e-05)
(0.0015 -1e-05 4e-05)
(6e-05 0 4e-05)
(7e-05 0 4e-05)
(8e-05 0 4e-05)
(9e-05 0 4e-05)
(0.0001 0 4e-05)
(0.00011 0 4e-05)
(0.00012 0 4e-05)
(0.00013 0 4e-05)
(0.00014 0 4e-05)
(0.00015 0 4e-05)
(0.00016 0 4e-05)
(0.00017 0 4e-05)
(0.00018 0 4e-05)
(0.00019 0 4e-05)
(0.0002 0 4e-05)
(0.00021 0 4e-05)
(0.00022 0 4e-05)
(0.00023 0 4e-05)
(0.00024 0 4e-05)
(0.00025 0 4e-05)
(0.00026 0 4e-05)
(0.00027 0 4e-05)
(0.00028 0 4e-05)
(0.00029 0 4e-05)
(0.0003 0 4e-05)
(0.00031 0 4e-05)
(0.00032 0 4e-05)
(0.00033 0 4e-05)
(0.00034 0 4e-05)
(0.00035 0 4e-05)
(0.00036 0 4e-05)
(0.00037 1.129377263e-21 4e-05)
(0.00038 0 4e-05)
(0.00039 0 4e-05)
(0.0004 0 4e-05)
(0.00041 0 4e-05)
(0.00042 0 4e-05)
(0.00043 0 4e-05)
(0.00044 0 4e-05)
(0.00045 0 4e-05)
(0.00046 1.129377263e-21 4e-05)
(0.00047 0 4e-05)
(0.00048 0 4e-05)
(0.00049 0 4e-05)
(0.0005 0 4e-05)
(0.00051 0 4e-05)
(0.00052 0 4e-05)
(0.00053 0 4e-05)
(0.00054 -1.129377263e-21 4e-05)
(0.00055 1.129377263e-21 4e-05)
(0.00056 0 4e-05)
(0.00057 1.129377263e-21 4e-05)
(0.00058 0 4e-05)
(0.00059 0 4e-05)
(0.0006 0 4e-05)
(0.00061 0 4e-05)
(0.00062 0 4e-05)
(0.00063 0 4e-05)
(0.00064 -5.646886315e-22 4e-05)
(0.00065 -5.646886315e-22 4e-05)
(0.00066 -5.646886315e-22 4e-05)
(0.00067 0 4e-05)
(0.00068 0 4e-05)
(0.00069 0 4e-05)
(0.0007 0 4e-05)
(0.00071 0 4e-05)
(0.00072 5.646886315e-22 4e-05)
(0.00073 5.646886315e-22 4e-05)
(0.00074 0 4e-05)
(0.00075 5.646886315e-22 4e-05)
(0.00076 0 4e-05)
(0.00077 0 4e-05)
(0.00078 0 4e-05)
(0.00079 0 4e-05)
(0.0008 0 4e-05)
(0.00081 0 4e-05)
(0.00082 0 4e-05)
(0.00083 0 4e-05)
(0.00084 0 4e-05)
(0.00085 0 4e-05)
(0.00086 0 4e-05)
(0.00087 0 4e-05)
(0.00088 0 4e-05)
(0.00089 0 4e-05)
(0.0009 0 4e-05)
(0.00091 0 4e-05)
(0.00092 0 4e-05)
(0.00093 0 4e-05)
(0.00094 0 4e-05)
(0.00095 0 4e-05)
(0.00096 5.646886315e-22 4e-05)
(0.00097 5.646886315e-22 4e-05)
(0.00098 0 4e-05)
(0.00099 0 4e-05)
(0.001 5.646886315e-22 4e-05)
(0.00101 -5.646886315e-22 4e-05)
(0.00102 -5.646886315e-22 4e-05)
(0.00103 0 4e-05)
(0.00104 0 4e-05)
(0.00105 5.646886315e-22 4e-05)
(0.00106 2.823443158e-22 4e-05)
(0.00107 0 4e-05)
(0.00108 -2.823443158e-22 4e-05)
(0.00109 5.646886315e-22 4e-05)
(0.0011 5.646886315e-22 4e-05)
(0.00111 2.823443158e-22 4e-05)
(0.00112 0 4e-05)
(0.00113 -2.823443158e-22 4e-05)
(0.00114 2.823443158e-22 4e-05)
(0.00115 2.823443158e-22 4e-05)
(0.00116 0 4e-05)
(0.00117 -2.823443158e-22 4e-05)
(0.00118 5.646886315e-22 4e-05)
(0.00119 2.823443158e-22 4e-05)
(0.0012 0 4e-05)
(0.00121 -2.823443158e-22 4e-05)
(0.00122 -5.646886315e-22 4e-05)
(0.00123 2.823443158e-22 4e-05)
(0.00124 2.823443158e-22 4e-05)
(0.00125 -2.823443158e-22 4e-05)
(0.00126 -2.823443158e-22 4e-05)
(0.00127 -5.646886315e-22 4e-05)
(0.00128 2.823443158e-22 4e-05)
(0.00129 0 4e-05)
(0.0013 -4.235164736e-22 4e-05)
(0.00131 4.235164736e-22 4e-05)
(0.00132 1.411721579e-22 4e-05)
(0.00133 0 4e-05)
(0.00134 -2.823443158e-22 4e-05)
(0.00135 5.646886315e-22 4e-05)
(0.00136 4.235164736e-22 4e-05)
(0.00137 1.411721579e-22 4e-05)
(0.00138 -2.823443158e-22 4e-05)
(0.00139 5.646886315e-22 4e-05)
(0.0014 3.529303947e-22 4e-05)
(0.00141 7.058607894e-23 4e-05)
(0.00142 -1.411721579e-22 4e-05)
(0.00143 -2.823443158e-22 4e-05)
(0.00144 4.941025526e-22 4e-05)
(0.00145 2.823443158e-22 4e-05)
(0.00146 -1.764651973e-22 4e-05)
(0.00147 -4.235164736e-22 4e-05)
(0.00148 4.764560328e-22 4e-05)
(0.00149 2.382280164e-22 4e-05)
(0.0015 0 4e-05)
(6e-05 1e-05 4e-05)
(7e-05 1e-05 4e-05)
(8e-05 1e-05 4e-05)
(9e-05 1e-05 4e-05)
(0.0001 1e-05 4e-05)
(0.00011 1e-05 4e-05)
(0.00012 1e-05 4e-05)
(0.00013 1e-05 4e-05)
(0.00014 1e-05 4e-05)
(0.00015 1e-05 4e-05)
(0.00016 1e-05 4e-05)
(0.00017 1e-05 4e-05)
(0.00018 1e-05 4e-05)
(0.00019 1e-05 4e-05)
(0.0002 1e-05 4e-05)
(0.00021 1e-05 4e-05)
(0.00022 1e-05 4e-05)
(0.00023 1e-05 4e-05)
(0.00024 1e-05 4e-05)
(0.00025 1e-05 4e-05)
(0.00026 1e-05 4e-05)
(0.00027 1e-05 4e-05)
(0.00028 1e-05 4e-05)
(0.00029 1e-05 4e-05)
(0.0003 1e-05 4e-05)
(0.00031 1e-05 4e-05)
(0.00032 1e-05 4e-05)
(0.00033 1e-05 4e-05)
(0.00034 1e-05 4e-05)
(0.00035 1e-05 4e-05)
(0.00036 1e-05 4e-05)
(0.00037 1e-05 4e-05)
(0.00038 1e-05 4e-05)
(0.00039 1e-05 4e-05)
(0.0004 1e-05 4e-05)
(0.00041 1e-05 4e-05)
(0.00042 1e-05 4e-05)
(0.00043 1e-05 4e-05)
(0.00044 1e-05 4e-05)
(0.00045 1e-05 4e-05)
(0.00046 1e-05 4e-05)
(0.00047 1e-05 4e-05)
(0.00048 1e-05 4e-05)
(0.00049 1e-05 4e-05)
(0.0005 1e-05 4e-05)
(0.00051 1e-05 4e-05)
(0.00052 1e-05 4e-05)
(0.00053 1e-05 4e-05)
(0.00054 1e-05 4e-05)
(0.00055 1e-05 4e-05)
(0.00056 1e-05 4e-05)
(0.00057 1e-05 4e-05)
(0.00058 1e-05 4e-05)
(0.00059 1e-05 4e-05)
(0.0006 1e-05 4e-05)
(0.00061 1e-05 4e-05)
(0.00062 1e-05 4e-05)
(0.00063 1e-05 4e-05)
(0.00064 1e-05 4e-05)
(0.00065 1e-05 4e-05)
(0.00066 1e-05 4e-05)
(0.00067 1e-05 4e-05)
(0.00068 1e-05 4e-05)
(0.00069 1e-05 4e-05)
(0.0007 1e-05 4e-05)
(0.00071 1e-05 4e-05)
(0.00072 1e-05 4e-05)
(0.00073 1e-05 4e-05)
(0.00074 1e-05 4e-05)
(0.00075 1e-05 4e-05)
(0.00076 1e-05 4e-05)
(0.00077 1e-05 4e-05)
(0.00078 1e-05 4e-05)
(0.00079 1e-05 4e-05)
(0.0008 1e-05 4e-05)
(0.00081 1e-05 4e-05)
(0.00082 1e-05 4e-05)
(0.00083 1e-05 4e-05)
(0.00084 1e-05 4e-05)
(0.00085 1e-05 4e-05)
(0.00086 1e-05 4e-05)
(0.00087 1e-05 4e-05)
(0.00088 1e-05 4e-05)
(0.00089 1e-05 4e-05)
(0.0009 1e-05 4e-05)
(0.00091 1e-05 4e-05)
(0.00092 1e-05 4e-05)
(0.00093 1e-05 4e-05)
(0.00094 1e-05 4e-05)
(0.00095 1e-05 4e-05)
(0.00096 1e-05 4e-05)
(0.00097 1e-05 4e-05)
(0.00098 1e-05 4e-05)
(0.00099 1e-05 4e-05)
(0.001 1e-05 4e-05)
(0.00101 1e-05 4e-05)
(0.00102 1e-05 4e-05)
(0.00103 1e-05 4e-05)
(0.00104 1e-05 4e-05)
(0.00105 1e-05 4e-05)
(0.00106 1e-05 4e-05)
(0.00107 1e-05 4e-05)
(0.00108 1e-05 4e-05)
(0.00109 1e-05 4e-05)
(0.0011 1e-05 4e-05)
(0.00111 1e-05 4e-05)
(0.00112 1e-05 4e-05)
(0.00113 1e-05 4e-05)
(0.00114 1e-05 4e-05)
(0.00115 1e-05 4e-05)
(0.00116 1e-05 4e-05)
(0.00117 1e-05 4e-05)
(0.00118 1e-05 4e-05)
(0.00119 1e-05 4e-05)
(0.0012 1e-05 4e-05)
(0.00121 1e-05 4e-05)
(0.00122 1e-05 4e-05)
(0.00123 1e-05 4e-05)
(0.00124 1e-05 4e-05)
(0.00125 1e-05 4e-05)
(0.00126 1e-05 4e-05)
(0.00127 1e-05 4e-05)
(0.00128 1e-05 4e-05)
(0.00129 1e-05 4e-05)
(0.0013 1e-05 4e-05)
(0.00131 1e-05 4e-05)
(0.00132 1e-05 4e-05)
(0.00133 1e-05 4e-05)
(0.00134 1e-05 4e-05)
(0.00135 1e-05 4e-05)
(0.00136 1e-05 4e-05)
(0.00137 1e-05 4e-05)
(0.00138 1e-05 4e-05)
(0.00139 1e-05 4e-05)
(0.0014 1e-05 4e-05)
(0.00141 1e-05 4e-05)
(0.00142 1e-05 4e-05)
(0.00143 1e-05 4e-05)
(0.00144 1e-05 4e-05)
(0.00145 1e-05 4e-05)
(0.00146 1e-05 4e-05)
(0.00147 1e-05 4e-05)
(0.00148 1e-05 4e-05)
(0.00149 1e-05 4e-05)
(0.0015 1e-05 4e-05)
(6e-05 2e-05 4e-05)
(7e-05 2e-05 4e-05)
(8e-05 2e-05 4e-05)
(9e-05 2e-05 4e-05)
(0.0001 2e-05 4e-05)
(0.00011 2e-05 4e-05)
(0.00012 2e-05 4e-05)
(0.00013 2e-05 4e-05)
(0.00014 2e-05 4e-05)
(0.00015 2e-05 4e-05)
(0.00016 2e-05 4e-05)
(0.00017 2e-05 4e-05)
(0.00018 2e-05 4e-05)
(0.00019 2e-05 4e-05)
(0.0002 2e-05 4e-05)
(0.00021 2e-05 4e-05)
(0.00022 2e-05 4e-05)
(0.00023 2e-05 4e-05)
(0.00024 2e-05 4e-05)
(0.00025 2e-05 4e-05)
(0.00026 2e-05 4e-05)
(0.00027 2e-05 4e-05)
(0.00028 2e-05 4e-05)
(0.00029 2e-05 4e-05)
(0.0003 2e-05 4e-05)
(0.00031 2e-05 4e-05)
(0.00032 2e-05 4e-05)
(0.00033 2e-05 4e-05)
(0.00034 2e-05 4e-05)
(0.00035 2e-05 4e-05)
(0.00036 2e-05 4e-05)
(0.00037 2e-05 4e-05)
(0.00038 2e-05 4e-05)
(0.00039 2e-05 4e-05)
(0.0004 2e-05 4e-05)
(0.00041 2e-05 4e-05)
(0.00042 2e-05 4e-05)
(0.00043 2e-05 4e-05)
(0.00044 2e-05 4e-05)
(0.00045 2e-05 4e-05)
(0.00046 2e-05 4e-05)
(0.00047 2e-05 4e-05)
(0.00048 2e-05 4e-05)
(0.00049 2e-05 4e-05)
(0.0005 2e-05 4e-05)
(0.00051 2e-05 4e-05)
(0.00052 2e-05 4e-05)
(0.00053 2e-05 4e-05)
(0.00054 2e-05 4e-05)
(0.00055 2e-05 4e-05)
(0.00056 2e-05 4e-05)
(0.00057 2e-05 4e-05)
(0.00058 2e-05 4e-05)
(0.00059 2e-05 4e-05)
(0.0006 2e-05 4e-05)
(0.00061 2e-05 4e-05)
(0.00062 2e-05 4e-05)
(0.00063 2e-05 4e-05)
(0.00064 2e-05 4e-05)
(0.00065 2e-05 4e-05)
(0.00066 2e-05 4e-05)
(0.00067 2e-05 4e-05)
(0.00068 2e-05 4e-05)
(0.00069 2e-05 4e-05)
(0.0007 2e-05 4e-05)
(0.00071 2e-05 4e-05)
(0.00072 2e-05 4e-05)
(0.00073 2e-05 4e-05)
(0.00074 2e-05 4e-05)
(0.00075 2e-05 4e-05)
(0.00076 2e-05 4e-05)
(0.00077 2e-05 4e-05)
(0.00078 2e-05 4e-05)
(0.00079 2e-05 4e-05)
(0.0008 2e-05 4e-05)
(0.00081 2e-05 4e-05)
(0.00082 2e-05 4e-05)
(0.00083 2e-05 4e-05)
(0.00084 2e-05 4e-05)
(0.00085 2e-05 4e-05)
(0.00086 2e-05 4e-05)
(0.00087 2e-05 4e-05)
(0.00088 2e-05 4e-05)
(0.00089 2e-05 4e-05)
(0.0009 2e-05 4e-05)
(0.00091 2e-05 4e-05)
(0.00092 2e-05 4e-05)
(0.00093 2e-05 4e-05)
(0.00094 2e-05 4e-05)
(0.00095 2e-05 4e-05)
(0.00096 2e-05 4e-05)
(0.00097 2e-05 4e-05)
(0.00098 2e-05 4e-05)
(0.00099 2e-05 4e-05)
(0.001 2e-05 4e-05)
(0.00101 2e-05 4e-05)
(0.00102 2e-05 4e-05)
(0.00103 2e-05 4e-05)
(0.00104 2e-05 4e-05)
(0.00105 2e-05 4e-05)
(0.00106 2e-05 4e-05)
(0.00107 2e-05 4e-05)
(0.00108 2e-05 4e-05)
(0.00109 2e-05 4e-05)
(0.0011 2e-05 4e-05)
(0.00111 2e-05 4e-05)
(0.00112 2e-05 4e-05)
(0.00113 2e-05 4e-05)
(0.00114 2e-05 4e-05)
(0.00115 2e-05 4e-05)
(0.00116 2e-05 4e-05)
(0.00117 2e-05 4e-05)
(0.00118 2e-05 4e-05)
(0.00119 2e-05 4e-05)
(0.0012 2e-05 4e-05)
(0.00121 2e-05 4e-05)
(0.00122 2e-05 4e-05)
(0.00123 2e-05 4e-05)
(0.00124 2e-05 4e-05)
(0.00125 2e-05 4e-05)
(0.00126 2e-05 4e-05)
(0.00127 2e-05 4e-05)
(0.00128 2e-05 4e-05)
(0.00129 2e-05 4e-05)
(0.0013 2e-05 4e-05)
(0.00131 2e-05 4e-05)
(0.00132 2e-05 4e-05)
(0.00133 2e-05 4e-05)
(0.00134 2e-05 4e-05)
(0.00135 2e-05 4e-05)
(0.00136 2e-05 4e-05)
(0.00137 2e-05 4e-05)
(0.00138 2e-05 4e-05)
(0.00139 2e-05 4e-05)
(0.0014 2e-05 4e-05)
(0.00141 2e-05 4e-05)
(0.00142 2e-05 4e-05)
(0.00143 2e-05 4e-05)
(0.00144 2e-05 4e-05)
(0.00145 2e-05 4e-05)
(0.00146 2e-05 4e-05)
(0.00147 2e-05 4e-05)
(0.00148 2e-05 4e-05)
(0.00149 2e-05 4e-05)
(0.0015 2e-05 4e-05)
(6e-05 3e-05 4e-05)
(7e-05 3e-05 4e-05)
(8e-05 3e-05 4e-05)
(9e-05 3e-05 4e-05)
(0.0001 3e-05 4e-05)
(0.00011 3e-05 4e-05)
(0.00012 3e-05 4e-05)
(0.00013 3e-05 4e-05)
(0.00014 3e-05 4e-05)
(0.00015 3e-05 4e-05)
(0.00016 3e-05 4e-05)
(0.00017 3e-05 4e-05)
(0.00018 3e-05 4e-05)
(0.00019 3e-05 4e-05)
(0.0002 3e-05 4e-05)
(0.00021 3e-05 4e-05)
(0.00022 3e-05 4e-05)
(0.00023 3e-05 4e-05)
(0.00024 3e-05 4e-05)
(0.00025 3e-05 4e-05)
(0.00026 3e-05 4e-05)
(0.00027 3e-05 4e-05)
(0.00028 3e-05 4e-05)
(0.00029 3e-05 4e-05)
(0.0003 3e-05 4e-05)
(0.00031 3e-05 4e-05)
(0.00032 3e-05 4e-05)
(0.00033 3e-05 4e-05)
(0.00034 3e-05 4e-05)
(0.00035 3e-05 4e-05)
(0.00036 3e-05 4e-05)
(0.00037 3e-05 4e-05)
(0.00038 3e-05 4e-05)
(0.00039 3e-05 4e-05)
(0.0004 3e-05 4e-05)
(0.00041 3e-05 4e-05)
(0.00042 3e-05 4e-05)
(0.00043 3e-05 4e-05)
(0.00044 3e-05 4e-05)
(0.00045 3e-05 4e-05)
(0.00046 3e-05 4e-05)
(0.00047 3e-05 4e-05)
(0.00048 3e-05 4e-05)
(0.00049 3e-05 4e-05)
(0.0005 3e-05 4e-05)
(0.00051 3e-05 4e-05)
(0.00052 3e-05 4e-05)
(0.00053 3e-05 4e-05)
(0.00054 3e-05 4e-05)
(0.00055 3e-05 4e-05)
(0.00056 3e-05 4e-05)
(0.00057 3e-05 4e-05)
(0.00058 3e-05 4e-05)
(0.00059 3e-05 4e-05)
(0.0006 3e-05 4e-05)
(0.00061 3e-05 4e-05)
(0.00062 3e-05 4e-05)
(0.00063 3e-05 4e-05)
(0.00064 3e-05 4e-05)
(0.00065 3e-05 4e-05)
(0.00066 3e-05 4e-05)
(0.00067 3e-05 4e-05)
(0.00068 3e-05 4e-05)
(0.00069 3e-05 4e-05)
(0.0007 3e-05 4e-05)
(0.00071 3e-05 4e-05)
(0.00072 3e-05 4e-05)
(0.00073 3e-05 4e-05)
(0.00074 3e-05 4e-05)
(0.00075 3e-05 4e-05)
(0.00076 3e-05 4e-05)
(0.00077 3e-05 4e-05)
(0.00078 3e-05 4e-05)
(0.00079 3e-05 4e-05)
(0.0008 3e-05 4e-05)
(0.00081 3e-05 4e-05)
(0.00082 3e-05 4e-05)
(0.00083 3e-05 4e-05)
(0.00084 3e-05 4e-05)
(0.00085 3e-05 4e-05)
(0.00086 3e-05 4e-05)
(0.00087 3e-05 4e-05)
(0.00088 3e-05 4e-05)
(0.00089 3e-05 4e-05)
(0.0009 3e-05 4e-05)
(0.00091 3e-05 4e-05)
(0.00092 3e-05 4e-05)
(0.00093 3e-05 4e-05)
(0.00094 3e-05 4e-05)
(0.00095 3e-05 4e-05)
(0.00096 3e-05 4e-05)
(0.00097 3e-05 4e-05)
(0.00098 3e-05 4e-05)
(0.00099 3e-05 4e-05)
(0.001 3e-05 4e-05)
(0.00101 3e-05 4e-05)
(0.00102 3e-05 4e-05)
(0.00103 3e-05 4e-05)
(0.00104 3e-05 4e-05)
(0.00105 3e-05 4e-05)
(0.00106 3e-05 4e-05)
(0.00107 3e-05 4e-05)
(0.00108 3e-05 4e-05)
(0.00109 3e-05 4e-05)
(0.0011 3e-05 4e-05)
(0.00111 3e-05 4e-05)
(0.00112 3e-05 4e-05)
(0.00113 3e-05 4e-05)
(0.00114 3e-05 4e-05)
(0.00115 3e-05 4e-05)
(0.00116 3e-05 4e-05)
(0.00117 3e-05 4e-05)
(0.00118 3e-05 4e-05)
(0.00119 3e-05 4e-05)
(0.0012 3e-05 4e-05)
(0.00121 3e-05 4e-05)
(0.00122 3e-05 4e-05)
(0.00123 3e-05 4e-05)
(0.00124 3e-05 4e-05)
(0.00125 3e-05 4e-05)
(0.00126 3e-05 4e-05)
(0.00127 3e-05 4e-05)
(0.00128 3e-05 4e-05)
(0.00129 3e-05 4e-05)
(0.0013 3e-05 4e-05)
(0.00131 3e-05 4e-05)
(0.00132 3e-05 4e-05)
(0.00133 3e-05 4e-05)
(0.00134 3e-05 4e-05)
(0.00135 3e-05 4e-05)
(0.00136 3e-05 4e-05)
(0.00137 3e-05 4e-05)
(0.00138 3e-05 4e-05)
(0.00139 3e-05 4e-05)
(0.0014 3e-05 4e-05)
(0.00141 3e-05 4e-05)
(0.00142 3e-05 4e-05)
(0.00143 3e-05 4e-05)
(0.00144 3e-05 4e-05)
(0.00145 3e-05 4e-05)
(0.00146 3e-05 4e-05)
(0.00147 3e-05 4e-05)
(0.00148 3e-05 4e-05)
(0.00149 3e-05 4e-05)
(0.0015 3e-05 4e-05)
(6e-05 4e-05 4e-05)
(7e-05 4e-05 4e-05)
(8e-05 4e-05 4e-05)
(9e-05 4e-05 4e-05)
(0.0001 4e-05 4e-05)
(0.00011 4e-05 4e-05)
(0.00012 4e-05 4e-05)
(0.00013 4e-05 4e-05)
(0.00014 4e-05 4e-05)
(0.00015 4e-05 4e-05)
(0.00016 4e-05 4e-05)
(0.00017 4e-05 4e-05)
(0.00018 4e-05 4e-05)
(0.00019 4e-05 4e-05)
(0.0002 4e-05 4e-05)
(0.00021 4e-05 4e-05)
(0.00022 4e-05 4e-05)
(0.00023 4e-05 4e-05)
(0.00024 4e-05 4e-05)
(0.00025 4e-05 4e-05)
(0.00026 4e-05 4e-05)
(0.00027 4e-05 4e-05)
(0.00028 4e-05 4e-05)
(0.00029 4e-05 4e-05)
(0.0003 4e-05 4e-05)
(0.00031 4e-05 4e-05)
(0.00032 4e-05 4e-05)
(0.00033 4e-05 4e-05)
(0.00034 4e-05 4e-05)
(0.00035 4e-05 4e-05)
(0.00036 4e-05 4e-05)
(0.00037 4e-05 4e-05)
(0.00038 4e-05 4e-05)
(0.00039 4e-05 4e-05)
(0.0004 4e-05 4e-05)
(0.00041 4e-05 4e-05)
(0.00042 4e-05 4e-05)
(0.00043 4e-05 4e-05)
(0.00044 4e-05 4e-05)
(0.00045 4e-05 4e-05)
(0.00046 4e-05 4e-05)
(0.00047 4e-05 4e-05)
(0.00048 4e-05 4e-05)
(0.00049 4e-05 4e-05)
(0.0005 4e-05 4e-05)
(0.00051 4e-05 4e-05)
(0.00052 4e-05 4e-05)
(0.00053 4e-05 4e-05)
(0.00054 4e-05 4e-05)
(0.00055 4e-05 4e-05)
(0.00056 4e-05 4e-05)
(0.00057 4e-05 4e-05)
(0.00058 4e-05 4e-05)
(0.00059 4e-05 4e-05)
(0.0006 4e-05 4e-05)
(0.00061 4e-05 4e-05)
(0.00062 4e-05 4e-05)
(0.00063 4e-05 4e-05)
(0.00064 4e-05 4e-05)
(0.00065 4e-05 4e-05)
(0.00066 4e-05 4e-05)
(0.00067 4e-05 4e-05)
(0.00068 4e-05 4e-05)
(0.00069 4e-05 4e-05)
(0.0007 4e-05 4e-05)
(0.00071 4e-05 4e-05)
(0.00072 4e-05 4e-05)
(0.00073 4e-05 4e-05)
(0.00074 4e-05 4e-05)
(0.00075 4e-05 4e-05)
(0.00076 4e-05 4e-05)
(0.00077 4e-05 4e-05)
(0.00078 4e-05 4e-05)
(0.00079 4e-05 4e-05)
(0.0008 4e-05 4e-05)
(0.00081 4e-05 4e-05)
(0.00082 4e-05 4e-05)
(0.00083 4e-05 4e-05)
(0.00084 4e-05 4e-05)
(0.00085 4e-05 4e-05)
(0.00086 4e-05 4e-05)
(0.00087 4e-05 4e-05)
(0.00088 4e-05 4e-05)
(0.00089 4e-05 4e-05)
(0.0009 4e-05 4e-05)
(0.00091 4e-05 4e-05)
(0.00092 4e-05 4e-05)
(0.00093 4e-05 4e-05)
(0.00094 4e-05 4e-05)
(0.00095 4e-05 4e-05)
(0.00096 4e-05 4e-05)
(0.00097 4e-05 4e-05)
(0.00098 4e-05 4e-05)
(0.00099 4e-05 4e-05)
(0.001 4e-05 4e-05)
(0.00101 4e-05 4e-05)
(0.00102 4e-05 4e-05)
(0.00103 4e-05 4e-05)
(0.00104 4e-05 4e-05)
(0.00105 4e-05 4e-05)
(0.00106 4e-05 4e-05)
(0.00107 4e-05 4e-05)
(0.00108 4e-05 4e-05)
(0.00109 4e-05 4e-05)
(0.0011 4e-05 4e-05)
(0.00111 4e-05 4e-05)
(0.00112 4e-05 4e-05)
(0.00113 4e-05 4e-05)
(0.00114 4e-05 4e-05)
(0.00115 4e-05 4e-05)
(0.00116 4e-05 4e-05)
(0.00117 4e-05 4e-05)
(0.00118 4e-05 4e-05)
(0.00119 4e-05 4e-05)
(0.0012 4e-05 4e-05)
(0.00121 4e-05 4e-05)
(0.00122 4e-05 4e-05)
(0.00123 4e-05 4e-05)
(0.00124 4e-05 4e-05)
(0.00125 4e-05 4e-05)
(0.00126 4e-05 4e-05)
(0.00127 4e-05 4e-05)
(0.00128 4e-05 4e-05)
(0.00129 4e-05 4e-05)
(0.0013 4e-05 4e-05)
(0.00131 4e-05 4e-05)
(0.00132 4e-05 4e-05)
(0.00133 4e-05 4e-05)
(0.00134 4e-05 4e-05)
(0.00135 4e-05 4e-05)
(0.00136 4e-05 4e-05)
(0.00137 4e-05 4e-05)
(0.00138 4e-05 4e-05)
(0.00139 4e-05 4e-05)
(0.0014 4e-05 4e-05)
(0.00141 4e-05 4e-05)
(0.00142 4e-05 4e-05)
(0.00143 4e-05 4e-05)
(0.00144 4e-05 4e-05)
(0.00145 4e-05 4e-05)
(0.00146 4e-05 4e-05)
(0.00147 4e-05 4e-05)
(0.00148 4e-05 4e-05)
(0.00149 4e-05 4e-05)
(0.0015 4e-05 4e-05)
(6e-05 5e-05 4e-05)
(7e-05 5e-05 4e-05)
(8e-05 5e-05 4e-05)
(9e-05 5e-05 4e-05)
(0.0001 5e-05 4e-05)
(0.00011 5e-05 4e-05)
(0.00012 5e-05 4e-05)
(0.00013 5e-05 4e-05)
(0.00014 5e-05 4e-05)
(0.00015 5e-05 4e-05)
(0.00016 5e-05 4e-05)
(0.00017 5e-05 4e-05)
(0.00018 5e-05 4e-05)
(0.00019 5e-05 4e-05)
(0.0002 5e-05 4e-05)
(0.00021 5e-05 4e-05)
(0.00022 5e-05 4e-05)
(0.00023 5e-05 4e-05)
(0.00024 5e-05 4e-05)
(0.00025 5e-05 4e-05)
(0.00026 5e-05 4e-05)
(0.00027 5e-05 4e-05)
(0.00028 5e-05 4e-05)
(0.00029 5e-05 4e-05)
(0.0003 5e-05 4e-05)
(0.00031 5e-05 4e-05)
(0.00032 5e-05 4e-05)
(0.00033 5e-05 4e-05)
(0.00034 5e-05 4e-05)
(0.00035 5e-05 4e-05)
(0.00036 5e-05 4e-05)
(0.00037 5e-05 4e-05)
(0.00038 5e-05 4e-05)
(0.00039 5e-05 4e-05)
(0.0004 5e-05 4e-05)
(0.00041 5e-05 4e-05)
(0.00042 5e-05 4e-05)
(0.00043 5e-05 4e-05)
(0.00044 5e-05 4e-05)
(0.00045 5e-05 4e-05)
(0.00046 5e-05 4e-05)
(0.00047 5e-05 4e-05)
(0.00048 5e-05 4e-05)
(0.00049 5e-05 4e-05)
(0.0005 5e-05 4e-05)
(0.00051 5e-05 4e-05)
(0.00052 5e-05 4e-05)
(0.00053 5e-05 4e-05)
(0.00054 5e-05 4e-05)
(0.00055 5e-05 4e-05)
(0.00056 5e-05 4e-05)
(0.00057 5e-05 4e-05)
(0.00058 5e-05 4e-05)
(0.00059 5e-05 4e-05)
(0.0006 5e-05 4e-05)
(0.00061 5e-05 4e-05)
(0.00062 5e-05 4e-05)
(0.00063 5e-05 4e-05)
(0.00064 5e-05 4e-05)
(0.00065 5e-05 4e-05)
(0.00066 5e-05 4e-05)
(0.00067 5e-05 4e-05)
(0.00068 5e-05 4e-05)
(0.00069 5e-05 4e-05)
(0.0007 5e-05 4e-05)
(0.00071 5e-05 4e-05)
(0.00072 5e-05 4e-05)
(0.00073 5e-05 4e-05)
(0.00074 5e-05 4e-05)
(0.00075 5e-05 4e-05)
(0.00076 5e-05 4e-05)
(0.00077 5e-05 4e-05)
(0.00078 5e-05 4e-05)
(0.00079 5e-05 4e-05)
(0.0008 5e-05 4e-05)
(0.00081 5e-05 4e-05)
(0.00082 5e-05 4e-05)
(0.00083 5e-05 4e-05)
(0.00084 5e-05 4e-05)
(0.00085 5e-05 4e-05)
(0.00086 5e-05 4e-05)
(0.00087 5e-05 4e-05)
(0.00088 5e-05 4e-05)
(0.00089 5e-05 4e-05)
(0.0009 5e-05 4e-05)
(0.00091 5e-05 4e-05)
(0.00092 5e-05 4e-05)
(0.00093 5e-05 4e-05)
(0.00094 5e-05 4e-05)
(0.00095 5e-05 4e-05)
(0.00096 5e-05 4e-05)
(0.00097 5e-05 4e-05)
(0.00098 5e-05 4e-05)
(0.00099 5e-05 4e-05)
(0.001 5e-05 4e-05)
(0.00101 5e-05 4e-05)
(0.00102 5e-05 4e-05)
(0.00103 5e-05 4e-05)
(0.00104 5e-05 4e-05)
(0.00105 5e-05 4e-05)
(0.00106 5e-05 4e-05)
(0.00107 5e-05 4e-05)
(0.00108 5e-05 4e-05)
(0.00109 5e-05 4e-05)
(0.0011 5e-05 4e-05)
(0.00111 5e-05 4e-05)
(0.00112 5e-05 4e-05)
(0.00113 5e-05 4e-05)
(0.00114 5e-05 4e-05)
(0.00115 5e-05 4e-05)
(0.00116 5e-05 4e-05)
(0.00117 5e-05 4e-05)
(0.00118 5e-05 4e-05)
(0.00119 5e-05 4e-05)
(0.0012 5e-05 4e-05)
(0.00121 5e-05 4e-05)
(0.00122 5e-05 4e-05)
(0.00123 5e-05 4e-05)
(0.00124 5e-05 4e-05)
(0.00125 5e-05 4e-05)
(0.00126 5e-05 4e-05)
(0.00127 5e-05 4e-05)
(0.00128 5e-05 4e-05)
(0.00129 5e-05 4e-05)
(0.0013 5e-05 4e-05)
(0.00131 5e-05 4e-05)
(0.00132 5e-05 4e-05)
(0.00133 5e-05 4e-05)
(0.00134 5e-05 4e-05)
(0.00135 5e-05 4e-05)
(0.00136 5e-05 4e-05)
(0.00137 5e-05 4e-05)
(0.00138 5e-05 4e-05)
(0.00139 5e-05 4e-05)
(0.0014 5e-05 4e-05)
(0.00141 5e-05 4e-05)
(0.00142 5e-05 4e-05)
(0.00143 5e-05 4e-05)
(0.00144 5e-05 4e-05)
(0.00145 5e-05 4e-05)
(0.00146 5e-05 4e-05)
(0.00147 5e-05 4e-05)
(0.00148 5e-05 4e-05)
(0.00149 5e-05 4e-05)
(0.0015 5e-05 4e-05)
(6e-05 -5e-05 5e-05)
(7e-05 -5e-05 5e-05)
(8e-05 -5e-05 5e-05)
(9e-05 -5e-05 5e-05)
(0.0001 -5e-05 5e-05)
(0.00011 -5e-05 5e-05)
(0.00012 -5e-05 5e-05)
(0.00013 -5e-05 5e-05)
(0.00014 -5e-05 5e-05)
(0.00015 -5e-05 5e-05)
(0.00016 -5e-05 5e-05)
(0.00017 -5e-05 5e-05)
(0.00018 -5e-05 5e-05)
(0.00019 -5e-05 5e-05)
(0.0002 -5e-05 5e-05)
(0.00021 -5e-05 5e-05)
(0.00022 -5e-05 5e-05)
(0.00023 -5e-05 5e-05)
(0.00024 -5e-05 5e-05)
(0.00025 -5e-05 5e-05)
(0.00026 -5e-05 5e-05)
(0.00027 -5e-05 5e-05)
(0.00028 -5e-05 5e-05)
(0.00029 -5e-05 5e-05)
(0.0003 -5e-05 5e-05)
(0.00031 -5e-05 5e-05)
(0.00032 -5e-05 5e-05)
(0.00033 -5e-05 5e-05)
(0.00034 -5e-05 5e-05)
(0.00035 -5e-05 5e-05)
(0.00036 -5e-05 5e-05)
(0.00037 -5e-05 5e-05)
(0.00038 -5e-05 5e-05)
(0.00039 -5e-05 5e-05)
(0.0004 -5e-05 5e-05)
(0.00041 -5e-05 5e-05)
(0.00042 -5e-05 5e-05)
(0.00043 -5e-05 5e-05)
(0.00044 -5e-05 5e-05)
(0.00045 -5e-05 5e-05)
(0.00046 -5e-05 5e-05)
(0.00047 -5e-05 5e-05)
(0.00048 -5e-05 5e-05)
(0.00049 -5e-05 5e-05)
(0.0005 -5e-05 5e-05)
(0.00051 -5e-05 5e-05)
(0.00052 -5e-05 5e-05)
(0.00053 -5e-05 5e-05)
(0.00054 -5e-05 5e-05)
(0.00055 -5e-05 5e-05)
(0.00056 -5e-05 5e-05)
(0.00057 -5e-05 5e-05)
(0.00058 -5e-05 5e-05)
(0.00059 -5e-05 5e-05)
(0.0006 -5e-05 5e-05)
(0.00061 -5e-05 5e-05)
(0.00062 -5e-05 5e-05)
(0.00063 -5e-05 5e-05)
(0.00064 -5e-05 5e-05)
(0.00065 -5e-05 5e-05)
(0.00066 -5e-05 5e-05)
(0.00067 -5e-05 5e-05)
(0.00068 -5e-05 5e-05)
(0.00069 -5e-05 5e-05)
(0.0007 -5e-05 5e-05)
(0.00071 -5e-05 5e-05)
(0.00072 -5e-05 5e-05)
(0.00073 -5e-05 5e-05)
(0.00074 -5e-05 5e-05)
(0.00075 -5e-05 5e-05)
(0.00076 -5e-05 5e-05)
(0.00077 -5e-05 5e-05)
(0.00078 -5e-05 5e-05)
(0.00079 -5e-05 5e-05)
(0.0008 -5e-05 5e-05)
(0.00081 -5e-05 5e-05)
(0.00082 -5e-05 5e-05)
(0.00083 -5e-05 5e-05)
(0.00084 -5e-05 5e-05)
(0.00085 -5e-05 5e-05)
(0.00086 -5e-05 5e-05)
(0.00087 -5e-05 5e-05)
(0.00088 -5e-05 5e-05)
(0.00089 -5e-05 5e-05)
(0.0009 -5e-05 5e-05)
(0.00091 -5e-05 5e-05)
(0.00092 -5e-05 5e-05)
(0.00093 -5e-05 5e-05)
(0.00094 -5e-05 5e-05)
(0.00095 -5e-05 5e-05)
(0.00096 -5e-05 5e-05)
(0.00097 -5e-05 5e-05)
(0.00098 -5e-05 5e-05)
(0.00099 -5e-05 5e-05)
(0.001 -5e-05 5e-05)
(0.00101 -5e-05 5e-05)
(0.00102 -5e-05 5e-05)
(0.00103 -5e-05 5e-05)
(0.00104 -5e-05 5e-05)
(0.00105 -5e-05 5e-05)
(0.00106 -5e-05 5e-05)
(0.00107 -5e-05 5e-05)
(0.00108 -5e-05 5e-05)
(0.00109 -5e-05 5e-05)
(0.0011 -5e-05 5e-05)
(0.00111 -5e-05 5e-05)
(0.00112 -5e-05 5e-05)
(0.00113 -5e-05 5e-05)
(0.00114 -5e-05 5e-05)
(0.00115 -5e-05 5e-05)
(0.00116 -5e-05 5e-05)
(0.00117 -5e-05 5e-05)
(0.00118 -5e-05 5e-05)
(0.00119 -5e-05 5e-05)
(0.0012 -5e-05 5e-05)
(0.00121 -5e-05 5e-05)
(0.00122 -5e-05 5e-05)
(0.00123 -5e-05 5e-05)
(0.00124 -5e-05 5e-05)
(0.00125 -5e-05 5e-05)
(0.00126 -5e-05 5e-05)
(0.00127 -5e-05 5e-05)
(0.00128 -5e-05 5e-05)
(0.00129 -5e-05 5e-05)
(0.0013 -5e-05 5e-05)
(0.00131 -5e-05 5e-05)
(0.00132 -5e-05 5e-05)
(0.00133 -5e-05 5e-05)
(0.00134 -5e-05 5e-05)
(0.00135 -5e-05 5e-05)
(0.00136 -5e-05 5e-05)
(0.00137 -5e-05 5e-05)
(0.00138 -5e-05 5e-05)
(0.00139 -5e-05 5e-05)
(0.0014 -5e-05 5e-05)
(0.00141 -5e-05 5e-05)
(0.00142 -5e-05 5e-05)
(0.00143 -5e-05 5e-05)
(0.00144 -5e-05 5e-05)
(0.00145 -5e-05 5e-05)
(0.00146 -5e-05 5e-05)
(0.00147 -5e-05 5e-05)
(0.00148 -5e-05 5e-05)
(0.00149 -5e-05 5e-05)
(0.0015 -5e-05 5e-05)
(6e-05 -4e-05 5e-05)
(7e-05 -4e-05 5e-05)
(8e-05 -4e-05 5e-05)
(9e-05 -4e-05 5e-05)
(0.0001 -4e-05 5e-05)
(0.00011 -4e-05 5e-05)
(0.00012 -4e-05 5e-05)
(0.00013 -4e-05 5e-05)
(0.00014 -4e-05 5e-05)
(0.00015 -4e-05 5e-05)
(0.00016 -4e-05 5e-05)
(0.00017 -4e-05 5e-05)
(0.00018 -4e-05 5e-05)
(0.00019 -4e-05 5e-05)
(0.0002 -4e-05 5e-05)
(0.00021 -4e-05 5e-05)
(0.00022 -4e-05 5e-05)
(0.00023 -4e-05 5e-05)
(0.00024 -4e-05 5e-05)
(0.00025 -4e-05 5e-05)
(0.00026 -4e-05 5e-05)
(0.00027 -4e-05 5e-05)
(0.00028 -4e-05 5e-05)
(0.00029 -4e-05 5e-05)
(0.0003 -4e-05 5e-05)
(0.00031 -4e-05 5e-05)
(0.00032 -4e-05 5e-05)
(0.00033 -4e-05 5e-05)
(0.00034 -4e-05 5e-05)
(0.00035 -4e-05 5e-05)
(0.00036 -4e-05 5e-05)
(0.00037 -4e-05 5e-05)
(0.00038 -4e-05 5e-05)
(0.00039 -4e-05 5e-05)
(0.0004 -4e-05 5e-05)
(0.00041 -4e-05 5e-05)
(0.00042 -4e-05 5e-05)
(0.00043 -4e-05 5e-05)
(0.00044 -4e-05 5e-05)
(0.00045 -4e-05 5e-05)
(0.00046 -4e-05 5e-05)
(0.00047 -4e-05 5e-05)
(0.00048 -4e-05 5e-05)
(0.00049 -4e-05 5e-05)
(0.0005 -4e-05 5e-05)
(0.00051 -4e-05 5e-05)
(0.00052 -4e-05 5e-05)
(0.00053 -4e-05 5e-05)
(0.00054 -4e-05 5e-05)
(0.00055 -4e-05 5e-05)
(0.00056 -4e-05 5e-05)
(0.00057 -4e-05 5e-05)
(0.00058 -4e-05 5e-05)
(0.00059 -4e-05 5e-05)
(0.0006 -4e-05 5e-05)
(0.00061 -4e-05 5e-05)
(0.00062 -4e-05 5e-05)
(0.00063 -4e-05 5e-05)
(0.00064 -4e-05 5e-05)
(0.00065 -4e-05 5e-05)
(0.00066 -4e-05 5e-05)
(0.00067 -4e-05 5e-05)
(0.00068 -4e-05 5e-05)
(0.00069 -4e-05 5e-05)
(0.0007 -4e-05 5e-05)
(0.00071 -4e-05 5e-05)
(0.00072 -4e-05 5e-05)
(0.00073 -4e-05 5e-05)
(0.00074 -4e-05 5e-05)
(0.00075 -4e-05 5e-05)
(0.00076 -4e-05 5e-05)
(0.00077 -4e-05 5e-05)
(0.00078 -4e-05 5e-05)
(0.00079 -4e-05 5e-05)
(0.0008 -4e-05 5e-05)
(0.00081 -4e-05 5e-05)
(0.00082 -4e-05 5e-05)
(0.00083 -4e-05 5e-05)
(0.00084 -4e-05 5e-05)
(0.00085 -4e-05 5e-05)
(0.00086 -4e-05 5e-05)
(0.00087 -4e-05 5e-05)
(0.00088 -4e-05 5e-05)
(0.00089 -4e-05 5e-05)
(0.0009 -4e-05 5e-05)
(0.00091 -4e-05 5e-05)
(0.00092 -4e-05 5e-05)
(0.00093 -4e-05 5e-05)
(0.00094 -4e-05 5e-05)
(0.00095 -4e-05 5e-05)
(0.00096 -4e-05 5e-05)
(0.00097 -4e-05 5e-05)
(0.00098 -4e-05 5e-05)
(0.00099 -4e-05 5e-05)
(0.001 -4e-05 5e-05)
(0.00101 -4e-05 5e-05)
(0.00102 -4e-05 5e-05)
(0.00103 -4e-05 5e-05)
(0.00104 -4e-05 5e-05)
(0.00105 -4e-05 5e-05)
(0.00106 -4e-05 5e-05)
(0.00107 -4e-05 5e-05)
(0.00108 -4e-05 5e-05)
(0.00109 -4e-05 5e-05)
(0.0011 -4e-05 5e-05)
(0.00111 -4e-05 5e-05)
(0.00112 -4e-05 5e-05)
(0.00113 -4e-05 5e-05)
(0.00114 -4e-05 5e-05)
(0.00115 -4e-05 5e-05)
(0.00116 -4e-05 5e-05)
(0.00117 -4e-05 5e-05)
(0.00118 -4e-05 5e-05)
(0.00119 -4e-05 5e-05)
(0.0012 -4e-05 5e-05)
(0.00121 -4e-05 5e-05)
(0.00122 -4e-05 5e-05)
(0.00123 -4e-05 5e-05)
(0.00124 -4e-05 5e-05)
(0.00125 -4e-05 5e-05)
(0.00126 -4e-05 5e-05)
(0.00127 -4e-05 5e-05)
(0.00128 -4e-05 5e-05)
(0.00129 -4e-05 5e-05)
(0.0013 -4e-05 5e-05)
(0.00131 -4e-05 5e-05)
(0.00132 -4e-05 5e-05)
(0.00133 -4e-05 5e-05)
(0.00134 -4e-05 5e-05)
(0.00135 -4e-05 5e-05)
(0.00136 -4e-05 5e-05)
(0.00137 -4e-05 5e-05)
(0.00138 -4e-05 5e-05)
(0.00139 -4e-05 5e-05)
(0.0014 -4e-05 5e-05)
(0.00141 -4e-05 5e-05)
(0.00142 -4e-05 5e-05)
(0.00143 -4e-05 5e-05)
(0.00144 -4e-05 5e-05)
(0.00145 -4e-05 5e-05)
(0.00146 -4e-05 5e-05)
(0.00147 -4e-05 5e-05)
(0.00148 -4e-05 5e-05)
(0.00149 -4e-05 5e-05)
(0.0015 -4e-05 5e-05)
(6e-05 -3e-05 5e-05)
(7e-05 -3e-05 5e-05)
(8e-05 -3e-05 5e-05)
(9e-05 -3e-05 5e-05)
(0.0001 -3e-05 5e-05)
(0.00011 -3e-05 5e-05)
(0.00012 -3e-05 5e-05)
(0.00013 -3e-05 5e-05)
(0.00014 -3e-05 5e-05)
(0.00015 -3e-05 5e-05)
(0.00016 -3e-05 5e-05)
(0.00017 -3e-05 5e-05)
(0.00018 -3e-05 5e-05)
(0.00019 -3e-05 5e-05)
(0.0002 -3e-05 5e-05)
(0.00021 -3e-05 5e-05)
(0.00022 -3e-05 5e-05)
(0.00023 -3e-05 5e-05)
(0.00024 -3e-05 5e-05)
(0.00025 -3e-05 5e-05)
(0.00026 -3e-05 5e-05)
(0.00027 -3e-05 5e-05)
(0.00028 -3e-05 5e-05)
(0.00029 -3e-05 5e-05)
(0.0003 -3e-05 5e-05)
(0.00031 -3e-05 5e-05)
(0.00032 -3e-05 5e-05)
(0.00033 -3e-05 5e-05)
(0.00034 -3e-05 5e-05)
(0.00035 -3e-05 5e-05)
(0.00036 -3e-05 5e-05)
(0.00037 -3e-05 5e-05)
(0.00038 -3e-05 5e-05)
(0.00039 -3e-05 5e-05)
(0.0004 -3e-05 5e-05)
(0.00041 -3e-05 5e-05)
(0.00042 -3e-05 5e-05)
(0.00043 -3e-05 5e-05)
(0.00044 -3e-05 5e-05)
(0.00045 -3e-05 5e-05)
(0.00046 -3e-05 5e-05)
(0.00047 -3e-05 5e-05)
(0.00048 -3e-05 5e-05)
(0.00049 -3e-05 5e-05)
(0.0005 -3e-05 5e-05)
(0.00051 -3e-05 5e-05)
(0.00052 -3e-05 5e-05)
(0.00053 -3e-05 5e-05)
(0.00054 -3e-05 5e-05)
(0.00055 -3e-05 5e-05)
(0.00056 -3e-05 5e-05)
(0.00057 -3e-05 5e-05)
(0.00058 -3e-05 5e-05)
(0.00059 -3e-05 5e-05)
(0.0006 -3e-05 5e-05)
(0.00061 -3e-05 5e-05)
(0.00062 -3e-05 5e-05)
(0.00063 -3e-05 5e-05)
(0.00064 -3e-05 5e-05)
(0.00065 -3e-05 5e-05)
(0.00066 -3e-05 5e-05)
(0.00067 -3e-05 5e-05)
(0.00068 -3e-05 5e-05)
(0.00069 -3e-05 5e-05)
(0.0007 -3e-05 5e-05)
(0.00071 -3e-05 5e-05)
(0.00072 -3e-05 5e-05)
(0.00073 -3e-05 5e-05)
(0.00074 -3e-05 5e-05)
(0.00075 -3e-05 5e-05)
(0.00076 -3e-05 5e-05)
(0.00077 -3e-05 5e-05)
(0.00078 -3e-05 5e-05)
(0.00079 -3e-05 5e-05)
(0.0008 -3e-05 5e-05)
(0.00081 -3e-05 5e-05)
(0.00082 -3e-05 5e-05)
(0.00083 -3e-05 5e-05)
(0.00084 -3e-05 5e-05)
(0.00085 -3e-05 5e-05)
(0.00086 -3e-05 5e-05)
(0.00087 -3e-05 5e-05)
(0.00088 -3e-05 5e-05)
(0.00089 -3e-05 5e-05)
(0.0009 -3e-05 5e-05)
(0.00091 -3e-05 5e-05)
(0.00092 -3e-05 5e-05)
(0.00093 -3e-05 5e-05)
(0.00094 -3e-05 5e-05)
(0.00095 -3e-05 5e-05)
(0.00096 -3e-05 5e-05)
(0.00097 -3e-05 5e-05)
(0.00098 -3e-05 5e-05)
(0.00099 -3e-05 5e-05)
(0.001 -3e-05 5e-05)
(0.00101 -3e-05 5e-05)
(0.00102 -3e-05 5e-05)
(0.00103 -3e-05 5e-05)
(0.00104 -3e-05 5e-05)
(0.00105 -3e-05 5e-05)
(0.00106 -3e-05 5e-05)
(0.00107 -3e-05 5e-05)
(0.00108 -3e-05 5e-05)
(0.00109 -3e-05 5e-05)
(0.0011 -3e-05 5e-05)
(0.00111 -3e-05 5e-05)
(0.00112 -3e-05 5e-05)
(0.00113 -3e-05 5e-05)
(0.00114 -3e-05 5e-05)
(0.00115 -3e-05 5e-05)
(0.00116 -3e-05 5e-05)
(0.00117 -3e-05 5e-05)
(0.00118 -3e-05 5e-05)
(0.00119 -3e-05 5e-05)
(0.0012 -3e-05 5e-05)
(0.00121 -3e-05 5e-05)
(0.00122 -3e-05 5e-05)
(0.00123 -3e-05 5e-05)
(0.00124 -3e-05 5e-05)
(0.00125 -3e-05 5e-05)
(0.00126 -3e-05 5e-05)
(0.00127 -3e-05 5e-05)
(0.00128 -3e-05 5e-05)
(0.00129 -3e-05 5e-05)
(0.0013 -3e-05 5e-05)
(0.00131 -3e-05 5e-05)
(0.00132 -3e-05 5e-05)
(0.00133 -3e-05 5e-05)
(0.00134 -3e-05 5e-05)
(0.00135 -3e-05 5e-05)
(0.00136 -3e-05 5e-05)
(0.00137 -3e-05 5e-05)
(0.00138 -3e-05 5e-05)
(0.00139 -3e-05 5e-05)
(0.0014 -3e-05 5e-05)
(0.00141 -3e-05 5e-05)
(0.00142 -3e-05 5e-05)
(0.00143 -3e-05 5e-05)
(0.00144 -3e-05 5e-05)
(0.00145 -3e-05 5e-05)
(0.00146 -3e-05 5e-05)
(0.00147 -3e-05 5e-05)
(0.00148 -3e-05 5e-05)
(0.00149 -3e-05 5e-05)
(0.0015 -3e-05 5e-05)
(6e-05 -2e-05 5e-05)
(7e-05 -2e-05 5e-05)
(8e-05 -2e-05 5e-05)
(9e-05 -2e-05 5e-05)
(0.0001 -2e-05 5e-05)
(0.00011 -2e-05 5e-05)
(0.00012 -2e-05 5e-05)
(0.00013 -2e-05 5e-05)
(0.00014 -2e-05 5e-05)
(0.00015 -2e-05 5e-05)
(0.00016 -2e-05 5e-05)
(0.00017 -2e-05 5e-05)
(0.00018 -2e-05 5e-05)
(0.00019 -2e-05 5e-05)
(0.0002 -2e-05 5e-05)
(0.00021 -2e-05 5e-05)
(0.00022 -2e-05 5e-05)
(0.00023 -2e-05 5e-05)
(0.00024 -2e-05 5e-05)
(0.00025 -2e-05 5e-05)
(0.00026 -2e-05 5e-05)
(0.00027 -2e-05 5e-05)
(0.00028 -2e-05 5e-05)
(0.00029 -2e-05 5e-05)
(0.0003 -2e-05 5e-05)
(0.00031 -2e-05 5e-05)
(0.00032 -2e-05 5e-05)
(0.00033 -2e-05 5e-05)
(0.00034 -2e-05 5e-05)
(0.00035 -2e-05 5e-05)
(0.00036 -2e-05 5e-05)
(0.00037 -2e-05 5e-05)
(0.00038 -2e-05 5e-05)
(0.00039 -2e-05 5e-05)
(0.0004 -2e-05 5e-05)
(0.00041 -2e-05 5e-05)
(0.00042 -2e-05 5e-05)
(0.00043 -2e-05 5e-05)
(0.00044 -2e-05 5e-05)
(0.00045 -2e-05 5e-05)
(0.00046 -2e-05 5e-05)
(0.00047 -2e-05 5e-05)
(0.00048 -2e-05 5e-05)
(0.00049 -2e-05 5e-05)
(0.0005 -2e-05 5e-05)
(0.00051 -2e-05 5e-05)
(0.00052 -2e-05 5e-05)
(0.00053 -2e-05 5e-05)
(0.00054 -2e-05 5e-05)
(0.00055 -2e-05 5e-05)
(0.00056 -2e-05 5e-05)
(0.00057 -2e-05 5e-05)
(0.00058 -2e-05 5e-05)
(0.00059 -2e-05 5e-05)
(0.0006 -2e-05 5e-05)
(0.00061 -2e-05 5e-05)
(0.00062 -2e-05 5e-05)
(0.00063 -2e-05 5e-05)
(0.00064 -2e-05 5e-05)
(0.00065 -2e-05 5e-05)
(0.00066 -2e-05 5e-05)
(0.00067 -2e-05 5e-05)
(0.00068 -2e-05 5e-05)
(0.00069 -2e-05 5e-05)
(0.0007 -2e-05 5e-05)
(0.00071 -2e-05 5e-05)
(0.00072 -2e-05 5e-05)
(0.00073 -2e-05 5e-05)
(0.00074 -2e-05 5e-05)
(0.00075 -2e-05 5e-05)
(0.00076 -2e-05 5e-05)
(0.00077 -2e-05 5e-05)
(0.00078 -2e-05 5e-05)
(0.00079 -2e-05 5e-05)
(0.0008 -2e-05 5e-05)
(0.00081 -2e-05 5e-05)
(0.00082 -2e-05 5e-05)
(0.00083 -2e-05 5e-05)
(0.00084 -2e-05 5e-05)
(0.00085 -2e-05 5e-05)
(0.00086 -2e-05 5e-05)
(0.00087 -2e-05 5e-05)
(0.00088 -2e-05 5e-05)
(0.00089 -2e-05 5e-05)
(0.0009 -2e-05 5e-05)
(0.00091 -2e-05 5e-05)
(0.00092 -2e-05 5e-05)
(0.00093 -2e-05 5e-05)
(0.00094 -2e-05 5e-05)
(0.00095 -2e-05 5e-05)
(0.00096 -2e-05 5e-05)
(0.00097 -2e-05 5e-05)
(0.00098 -2e-05 5e-05)
(0.00099 -2e-05 5e-05)
(0.001 -2e-05 5e-05)
(0.00101 -2e-05 5e-05)
(0.00102 -2e-05 5e-05)
(0.00103 -2e-05 5e-05)
(0.00104 -2e-05 5e-05)
(0.00105 -2e-05 5e-05)
(0.00106 -2e-05 5e-05)
(0.00107 -2e-05 5e-05)
(0.00108 -2e-05 5e-05)
(0.00109 -2e-05 5e-05)
(0.0011 -2e-05 5e-05)
(0.00111 -2e-05 5e-05)
(0.00112 -2e-05 5e-05)
(0.00113 -2e-05 5e-05)
(0.00114 -2e-05 5e-05)
(0.00115 -2e-05 5e-05)
(0.00116 -2e-05 5e-05)
(0.00117 -2e-05 5e-05)
(0.00118 -2e-05 5e-05)
(0.00119 -2e-05 5e-05)
(0.0012 -2e-05 5e-05)
(0.00121 -2e-05 5e-05)
(0.00122 -2e-05 5e-05)
(0.00123 -2e-05 5e-05)
(0.00124 -2e-05 5e-05)
(0.00125 -2e-05 5e-05)
(0.00126 -2e-05 5e-05)
(0.00127 -2e-05 5e-05)
(0.00128 -2e-05 5e-05)
(0.00129 -2e-05 5e-05)
(0.0013 -2e-05 5e-05)
(0.00131 -2e-05 5e-05)
(0.00132 -2e-05 5e-05)
(0.00133 -2e-05 5e-05)
(0.00134 -2e-05 5e-05)
(0.00135 -2e-05 5e-05)
(0.00136 -2e-05 5e-05)
(0.00137 -2e-05 5e-05)
(0.00138 -2e-05 5e-05)
(0.00139 -2e-05 5e-05)
(0.0014 -2e-05 5e-05)
(0.00141 -2e-05 5e-05)
(0.00142 -2e-05 5e-05)
(0.00143 -2e-05 5e-05)
(0.00144 -2e-05 5e-05)
(0.00145 -2e-05 5e-05)
(0.00146 -2e-05 5e-05)
(0.00147 -2e-05 5e-05)
(0.00148 -2e-05 5e-05)
(0.00149 -2e-05 5e-05)
(0.0015 -2e-05 5e-05)
(6e-05 -1e-05 5e-05)
(7e-05 -1e-05 5e-05)
(8e-05 -1e-05 5e-05)
(9e-05 -1e-05 5e-05)
(0.0001 -1e-05 5e-05)
(0.00011 -1e-05 5e-05)
(0.00012 -1e-05 5e-05)
(0.00013 -1e-05 5e-05)
(0.00014 -1e-05 5e-05)
(0.00015 -1e-05 5e-05)
(0.00016 -1e-05 5e-05)
(0.00017 -1e-05 5e-05)
(0.00018 -1e-05 5e-05)
(0.00019 -1e-05 5e-05)
(0.0002 -1e-05 5e-05)
(0.00021 -1e-05 5e-05)
(0.00022 -1e-05 5e-05)
(0.00023 -1e-05 5e-05)
(0.00024 -1e-05 5e-05)
(0.00025 -1e-05 5e-05)
(0.00026 -1e-05 5e-05)
(0.00027 -1e-05 5e-05)
(0.00028 -1e-05 5e-05)
(0.00029 -1e-05 5e-05)
(0.0003 -1e-05 5e-05)
(0.00031 -1e-05 5e-05)
(0.00032 -1e-05 5e-05)
(0.00033 -1e-05 5e-05)
(0.00034 -1e-05 5e-05)
(0.00035 -1e-05 5e-05)
(0.00036 -1e-05 5e-05)
(0.00037 -1e-05 5e-05)
(0.00038 -1e-05 5e-05)
(0.00039 -1e-05 5e-05)
(0.0004 -1e-05 5e-05)
(0.00041 -1e-05 5e-05)
(0.00042 -1e-05 5e-05)
(0.00043 -1e-05 5e-05)
(0.00044 -1e-05 5e-05)
(0.00045 -1e-05 5e-05)
(0.00046 -1e-05 5e-05)
(0.00047 -1e-05 5e-05)
(0.00048 -1e-05 5e-05)
(0.00049 -1e-05 5e-05)
(0.0005 -1e-05 5e-05)
(0.00051 -1e-05 5e-05)
(0.00052 -1e-05 5e-05)
(0.00053 -1e-05 5e-05)
(0.00054 -1e-05 5e-05)
(0.00055 -1e-05 5e-05)
(0.00056 -1e-05 5e-05)
(0.00057 -1e-05 5e-05)
(0.00058 -1e-05 5e-05)
(0.00059 -1e-05 5e-05)
(0.0006 -1e-05 5e-05)
(0.00061 -1e-05 5e-05)
(0.00062 -1e-05 5e-05)
(0.00063 -1e-05 5e-05)
(0.00064 -1e-05 5e-05)
(0.00065 -1e-05 5e-05)
(0.00066 -1e-05 5e-05)
(0.00067 -1e-05 5e-05)
(0.00068 -1e-05 5e-05)
(0.00069 -1e-05 5e-05)
(0.0007 -1e-05 5e-05)
(0.00071 -1e-05 5e-05)
(0.00072 -1e-05 5e-05)
(0.00073 -1e-05 5e-05)
(0.00074 -1e-05 5e-05)
(0.00075 -1e-05 5e-05)
(0.00076 -1e-05 5e-05)
(0.00077 -1e-05 5e-05)
(0.00078 -1e-05 5e-05)
(0.00079 -1e-05 5e-05)
(0.0008 -1e-05 5e-05)
(0.00081 -1e-05 5e-05)
(0.00082 -1e-05 5e-05)
(0.00083 -1e-05 5e-05)
(0.00084 -1e-05 5e-05)
(0.00085 -1e-05 5e-05)
(0.00086 -1e-05 5e-05)
(0.00087 -1e-05 5e-05)
(0.00088 -1e-05 5e-05)
(0.00089 -1e-05 5e-05)
(0.0009 -1e-05 5e-05)
(0.00091 -1e-05 5e-05)
(0.00092 -1e-05 5e-05)
(0.00093 -1e-05 5e-05)
(0.00094 -1e-05 5e-05)
(0.00095 -1e-05 5e-05)
(0.00096 -1e-05 5e-05)
(0.00097 -1e-05 5e-05)
(0.00098 -1e-05 5e-05)
(0.00099 -1e-05 5e-05)
(0.001 -1e-05 5e-05)
(0.00101 -1e-05 5e-05)
(0.00102 -1e-05 5e-05)
(0.00103 -1e-05 5e-05)
(0.00104 -1e-05 5e-05)
(0.00105 -1e-05 5e-05)
(0.00106 -1e-05 5e-05)
(0.00107 -1e-05 5e-05)
(0.00108 -1e-05 5e-05)
(0.00109 -1e-05 5e-05)
(0.0011 -1e-05 5e-05)
(0.00111 -1e-05 5e-05)
(0.00112 -1e-05 5e-05)
(0.00113 -1e-05 5e-05)
(0.00114 -1e-05 5e-05)
(0.00115 -1e-05 5e-05)
(0.00116 -1e-05 5e-05)
(0.00117 -1e-05 5e-05)
(0.00118 -1e-05 5e-05)
(0.00119 -1e-05 5e-05)
(0.0012 -1e-05 5e-05)
(0.00121 -1e-05 5e-05)
(0.00122 -1e-05 5e-05)
(0.00123 -1e-05 5e-05)
(0.00124 -1e-05 5e-05)
(0.00125 -1e-05 5e-05)
(0.00126 -1e-05 5e-05)
(0.00127 -1e-05 5e-05)
(0.00128 -1e-05 5e-05)
(0.00129 -1e-05 5e-05)
(0.0013 -1e-05 5e-05)
(0.00131 -1e-05 5e-05)
(0.00132 -1e-05 5e-05)
(0.00133 -1e-05 5e-05)
(0.00134 -1e-05 5e-05)
(0.00135 -1e-05 5e-05)
(0.00136 -1e-05 5e-05)
(0.00137 -1e-05 5e-05)
(0.00138 -1e-05 5e-05)
(0.00139 -1e-05 5e-05)
(0.0014 -1e-05 5e-05)
(0.00141 -1e-05 5e-05)
(0.00142 -1e-05 5e-05)
(0.00143 -1e-05 5e-05)
(0.00144 -1e-05 5e-05)
(0.00145 -1e-05 5e-05)
(0.00146 -1e-05 5e-05)
(0.00147 -1e-05 5e-05)
(0.00148 -1e-05 5e-05)
(0.00149 -1e-05 5e-05)
(0.0015 -1e-05 5e-05)
(6e-05 0 5e-05)
(7e-05 0 5e-05)
(8e-05 0 5e-05)
(9e-05 0 5e-05)
(0.0001 0 5e-05)
(0.00011 0 5e-05)
(0.00012 0 5e-05)
(0.00013 0 5e-05)
(0.00014 0 5e-05)
(0.00015 0 5e-05)
(0.00016 0 5e-05)
(0.00017 0 5e-05)
(0.00018 0 5e-05)
(0.00019 0 5e-05)
(0.0002 0 5e-05)
(0.00021 0 5e-05)
(0.00022 0 5e-05)
(0.00023 0 5e-05)
(0.00024 0 5e-05)
(0.00025 0 5e-05)
(0.00026 0 5e-05)
(0.00027 0 5e-05)
(0.00028 0 5e-05)
(0.00029 0 5e-05)
(0.0003 0 5e-05)
(0.00031 0 5e-05)
(0.00032 0 5e-05)
(0.00033 0 5e-05)
(0.00034 0 5e-05)
(0.00035 0 5e-05)
(0.00036 -1.129377263e-21 5e-05)
(0.00037 1.129377263e-21 5e-05)
(0.00038 0 5e-05)
(0.00039 0 5e-05)
(0.0004 0 5e-05)
(0.00041 0 5e-05)
(0.00042 0 5e-05)
(0.00043 0 5e-05)
(0.00044 0 5e-05)
(0.00045 -1.129377263e-21 5e-05)
(0.00046 1.129377263e-21 5e-05)
(0.00047 0 5e-05)
(0.00048 0 5e-05)
(0.00049 0 5e-05)
(0.0005 0 5e-05)
(0.00051 0 5e-05)
(0.00052 0 5e-05)
(0.00053 0 5e-05)
(0.00054 -1.129377263e-21 5e-05)
(0.00055 1.129377263e-21 5e-05)
(0.00056 0 5e-05)
(0.00057 1.129377263e-21 5e-05)
(0.00058 0 5e-05)
(0.00059 0 5e-05)
(0.0006 0 5e-05)
(0.00061 0 5e-05)
(0.00062 0 5e-05)
(0.00063 0 5e-05)
(0.00064 -5.646886315e-22 5e-05)
(0.00065 -5.646886315e-22 5e-05)
(0.00066 -5.646886315e-22 5e-05)
(0.00067 -5.646886315e-22 5e-05)
(0.00068 0 5e-05)
(0.00069 0 5e-05)
(0.0007 0 5e-05)
(0.00071 0 5e-05)
(0.00072 5.646886315e-22 5e-05)
(0.00073 5.646886315e-22 5e-05)
(0.00074 5.646886315e-22 5e-05)
(0.00075 5.646886315e-22 5e-05)
(0.00076 0 5e-05)
(0.00077 0 5e-05)
(0.00078 0 5e-05)
(0.00079 0 5e-05)
(0.0008 0 5e-05)
(0.00081 0 5e-05)
(0.00082 0 5e-05)
(0.00083 0 5e-05)
(0.00084 0 5e-05)
(0.00085 0 5e-05)
(0.00086 0 5e-05)
(0.00087 0 5e-05)
(0.00088 0 5e-05)
(0.00089 0 5e-05)
(0.0009 0 5e-05)
(0.00091 0 5e-05)
(0.00092 0 5e-05)
(0.00093 0 5e-05)
(0.00094 0 5e-05)
(0.00095 0 5e-05)
(0.00096 5.646886315e-22 5e-05)
(0.00097 5.646886315e-22 5e-05)
(0.00098 0 5e-05)
(0.00099 0 5e-05)
(0.001 5.646886315e-22 5e-05)
(0.00101 -5.646886315e-22 5e-05)
(0.00102 -5.646886315e-22 5e-05)
(0.00103 0 5e-05)
(0.00104 0 5e-05)
(0.00105 5.646886315e-22 5e-05)
(0.00106 2.823443158e-22 5e-05)
(0.00107 0 5e-05)
(0.00108 -2.823443158e-22 5e-05)
(0.00109 5.646886315e-22 5e-05)
(0.0011 -5.646886315e-22 5e-05)
(0.00111 2.823443158e-22 5e-05)
(0.00112 0 5e-05)
(0.00113 -2.823443158e-22 5e-05)
(0.00114 2.823443158e-22 5e-05)
(0.00115 2.823443158e-22 5e-05)
(0.00116 0 5e-05)
(0.00117 -2.823443158e-22 5e-05)
(0.00118 5.646886315e-22 5e-05)
(0.00119 2.823443158e-22 5e-05)
(0.0012 0 5e-05)
(0.00121 -2.823443158e-22 5e-05)
(0.00122 -5.646886315e-22 5e-05)
(0.00123 2.823443158e-22 5e-05)
(0.00124 0 5e-05)
(0.00125 -2.823443158e-22 5e-05)
(0.00126 -2.823443158e-22 5e-05)
(0.00127 -5.646886315e-22 5e-05)
(0.00128 2.823443158e-22 5e-05)
(0.00129 0 5e-05)
(0.0013 -4.235164736e-22 5e-05)
(0.00131 4.235164736e-22 5e-05)
(0.00132 1.411721579e-22 5e-05)
(0.00133 0 5e-05)
(0.00134 -2.823443158e-22 5e-05)
(0.00135 5.646886315e-22 5e-05)
(0.00136 4.235164736e-22 5e-05)
(0.00137 1.411721579e-22 5e-05)
(0.00138 -2.823443158e-22 5e-05)
(0.00139 5.646886315e-22 5e-05)
(0.0014 3.529303947e-22 5e-05)
(0.00141 7.058607894e-23 5e-05)
(0.00142 -1.411721579e-22 5e-05)
(0.00143 -3.529303947e-22 5e-05)
(0.00144 4.941025526e-22 5e-05)
(0.00145 2.823443158e-22 5e-05)
(0.00146 -1.764651973e-22 5e-05)
(0.00147 -4.235164736e-22 5e-05)
(0.00148 4.764560328e-22 5e-05)
(0.00149 2.382280164e-22 5e-05)
(0.0015 0 5e-05)
(6e-05 1e-05 5e-05)
(7e-05 1e-05 5e-05)
(8e-05 1e-05 5e-05)
(9e-05 1e-05 5e-05)
(0.0001 1e-05 5e-05)
(0.00011 1e-05 5e-05)
(0.00012 1e-05 5e-05)
(0.00013 1e-05 5e-05)
(0.00014 1e-05 5e-05)
(0.00015 1e-05 5e-05)
(0.00016 1e-05 5e-05)
(0.00017 1e-05 5e-05)
(0.00018 1e-05 5e-05)
(0.00019 1e-05 5e-05)
(0.0002 1e-05 5e-05)
(0.00021 1e-05 5e-05)
(0.00022 1e-05 5e-05)
(0.00023 1e-05 5e-05)
(0.00024 1e-05 5e-05)
(0.00025 1e-05 5e-05)
(0.00026 1e-05 5e-05)
(0.00027 1e-05 5e-05)
(0.00028 1e-05 5e-05)
(0.00029 1e-05 5e-05)
(0.0003 1e-05 5e-05)
(0.00031 1e-05 5e-05)
(0.00032 1e-05 5e-05)
(0.00033 1e-05 5e-05)
(0.00034 1e-05 5e-05)
(0.00035 1e-05 5e-05)
(0.00036 1e-05 5e-05)
(0.00037 1e-05 5e-05)
(0.00038 1e-05 5e-05)
(0.00039 1e-05 5e-05)
(0.0004 1e-05 5e-05)
(0.00041 1e-05 5e-05)
(0.00042 1e-05 5e-05)
(0.00043 1e-05 5e-05)
(0.00044 1e-05 5e-05)
(0.00045 1e-05 5e-05)
(0.00046 1e-05 5e-05)
(0.00047 1e-05 5e-05)
(0.00048 1e-05 5e-05)
(0.00049 1e-05 5e-05)
(0.0005 1e-05 5e-05)
(0.00051 1e-05 5e-05)
(0.00052 1e-05 5e-05)
(0.00053 1e-05 5e-05)
(0.00054 1e-05 5e-05)
(0.00055 1e-05 5e-05)
(0.00056 1e-05 5e-05)
(0.00057 1e-05 5e-05)
(0.00058 1e-05 5e-05)
(0.00059 1e-05 5e-05)
(0.0006 1e-05 5e-05)
(0.00061 1e-05 5e-05)
(0.00062 1e-05 5e-05)
(0.00063 1e-05 5e-05)
(0.00064 1e-05 5e-05)
(0.00065 1e-05 5e-05)
(0.00066 1e-05 5e-05)
(0.00067 1e-05 5e-05)
(0.00068 1e-05 5e-05)
(0.00069 1e-05 5e-05)
(0.0007 1e-05 5e-05)
(0.00071 1e-05 5e-05)
(0.00072 1e-05 5e-05)
(0.00073 1e-05 5e-05)
(0.00074 1e-05 5e-05)
(0.00075 1e-05 5e-05)
(0.00076 1e-05 5e-05)
(0.00077 1e-05 5e-05)
(0.00078 1e-05 5e-05)
(0.00079 1e-05 5e-05)
(0.0008 1e-05 5e-05)
(0.00081 1e-05 5e-05)
(0.00082 1e-05 5e-05)
(0.00083 1e-05 5e-05)
(0.00084 1e-05 5e-05)
(0.00085 1e-05 5e-05)
(0.00086 1e-05 5e-05)
(0.00087 1e-05 5e-05)
(0.00088 1e-05 5e-05)
(0.00089 1e-05 5e-05)
(0.0009 1e-05 5e-05)
(0.00091 1e-05 5e-05)
(0.00092 1e-05 5e-05)
(0.00093 1e-05 5e-05)
(0.00094 1e-05 5e-05)
(0.00095 1e-05 5e-05)
(0.00096 1e-05 5e-05)
(0.00097 1e-05 5e-05)
(0.00098 1e-05 5e-05)
(0.00099 1e-05 5e-05)
(0.001 1e-05 5e-05)
(0.00101 1e-05 5e-05)
(0.00102 1e-05 5e-05)
(0.00103 1e-05 5e-05)
(0.00104 1e-05 5e-05)
(0.00105 1e-05 5e-05)
(0.00106 1e-05 5e-05)
(0.00107 1e-05 5e-05)
(0.00108 1e-05 5e-05)
(0.00109 1e-05 5e-05)
(0.0011 1e-05 5e-05)
(0.00111 1e-05 5e-05)
(0.00112 1e-05 5e-05)
(0.00113 1e-05 5e-05)
(0.00114 1e-05 5e-05)
(0.00115 1e-05 5e-05)
(0.00116 1e-05 5e-05)
(0.00117 1e-05 5e-05)
(0.00118 1e-05 5e-05)
(0.00119 1e-05 5e-05)
(0.0012 1e-05 5e-05)
(0.00121 1e-05 5e-05)
(0.00122 1e-05 5e-05)
(0.00123 1e-05 5e-05)
(0.00124 1e-05 5e-05)
(0.00125 1e-05 5e-05)
(0.00126 1e-05 5e-05)
(0.00127 1e-05 5e-05)
(0.00128 1e-05 5e-05)
(0.00129 1e-05 5e-05)
(0.0013 1e-05 5e-05)
(0.00131 1e-05 5e-05)
(0.00132 1e-05 5e-05)
(0.00133 1e-05 5e-05)
(0.00134 1e-05 5e-05)
(0.00135 1e-05 5e-05)
(0.00136 1e-05 5e-05)
(0.00137 1e-05 5e-05)
(0.00138 1e-05 5e-05)
(0.00139 1e-05 5e-05)
(0.0014 1e-05 5e-05)
(0.00141 1e-05 5e-05)
(0.00142 1e-05 5e-05)
(0.00143 1e-05 5e-05)
(0.00144 1e-05 5e-05)
(0.00145 1e-05 5e-05)
(0.00146 1e-05 5e-05)
(0.00147 1e-05 5e-05)
(0.00148 1e-05 5e-05)
(0.00149 1e-05 5e-05)
(0.0015 1e-05 5e-05)
(6e-05 2e-05 5e-05)
(7e-05 2e-05 5e-05)
(8e-05 2e-05 5e-05)
(9e-05 2e-05 5e-05)
(0.0001 2e-05 5e-05)
(0.00011 2e-05 5e-05)
(0.00012 2e-05 5e-05)
(0.00013 2e-05 5e-05)
(0.00014 2e-05 5e-05)
(0.00015 2e-05 5e-05)
(0.00016 2e-05 5e-05)
(0.00017 2e-05 5e-05)
(0.00018 2e-05 5e-05)
(0.00019 2e-05 5e-05)
(0.0002 2e-05 5e-05)
(0.00021 2e-05 5e-05)
(0.00022 2e-05 5e-05)
(0.00023 2e-05 5e-05)
(0.00024 2e-05 5e-05)
(0.00025 2e-05 5e-05)
(0.00026 2e-05 5e-05)
(0.00027 2e-05 5e-05)
(0.00028 2e-05 5e-05)
(0.00029 2e-05 5e-05)
(0.0003 2e-05 5e-05)
(0.00031 2e-05 5e-05)
(0.00032 2e-05 5e-05)
(0.00033 2e-05 5e-05)
(0.00034 2e-05 5e-05)
(0.00035 2e-05 5e-05)
(0.00036 2e-05 5e-05)
(0.00037 2e-05 5e-05)
(0.00038 2e-05 5e-05)
(0.00039 2e-05 5e-05)
(0.0004 2e-05 5e-05)
(0.00041 2e-05 5e-05)
(0.00042 2e-05 5e-05)
(0.00043 2e-05 5e-05)
(0.00044 2e-05 5e-05)
(0.00045 2e-05 5e-05)
(0.00046 2e-05 5e-05)
(0.00047 2e-05 5e-05)
(0.00048 2e-05 5e-05)
(0.00049 2e-05 5e-05)
(0.0005 2e-05 5e-05)
(0.00051 2e-05 5e-05)
(0.00052 2e-05 5e-05)
(0.00053 2e-05 5e-05)
(0.00054 2e-05 5e-05)
(0.00055 2e-05 5e-05)
(0.00056 2e-05 5e-05)
(0.00057 2e-05 5e-05)
(0.00058 2e-05 5e-05)
(0.00059 2e-05 5e-05)
(0.0006 2e-05 5e-05)
(0.00061 2e-05 5e-05)
(0.00062 2e-05 5e-05)
(0.00063 2e-05 5e-05)
(0.00064 2e-05 5e-05)
(0.00065 2e-05 5e-05)
(0.00066 2e-05 5e-05)
(0.00067 2e-05 5e-05)
(0.00068 2e-05 5e-05)
(0.00069 2e-05 5e-05)
(0.0007 2e-05 5e-05)
(0.00071 2e-05 5e-05)
(0.00072 2e-05 5e-05)
(0.00073 2e-05 5e-05)
(0.00074 2e-05 5e-05)
(0.00075 2e-05 5e-05)
(0.00076 2e-05 5e-05)
(0.00077 2e-05 5e-05)
(0.00078 2e-05 5e-05)
(0.00079 2e-05 5e-05)
(0.0008 2e-05 5e-05)
(0.00081 2e-05 5e-05)
(0.00082 2e-05 5e-05)
(0.00083 2e-05 5e-05)
(0.00084 2e-05 5e-05)
(0.00085 2e-05 5e-05)
(0.00086 2e-05 5e-05)
(0.00087 2e-05 5e-05)
(0.00088 2e-05 5e-05)
(0.00089 2e-05 5e-05)
(0.0009 2e-05 5e-05)
(0.00091 2e-05 5e-05)
(0.00092 2e-05 5e-05)
(0.00093 2e-05 5e-05)
(0.00094 2e-05 5e-05)
(0.00095 2e-05 5e-05)
(0.00096 2e-05 5e-05)
(0.00097 2e-05 5e-05)
(0.00098 2e-05 5e-05)
(0.00099 2e-05 5e-05)
(0.001 2e-05 5e-05)
(0.00101 2e-05 5e-05)
(0.00102 2e-05 5e-05)
(0.00103 2e-05 5e-05)
(0.00104 2e-05 5e-05)
(0.00105 2e-05 5e-05)
(0.00106 2e-05 5e-05)
(0.00107 2e-05 5e-05)
(0.00108 2e-05 5e-05)
(0.00109 2e-05 5e-05)
(0.0011 2e-05 5e-05)
(0.00111 2e-05 5e-05)
(0.00112 2e-05 5e-05)
(0.00113 2e-05 5e-05)
(0.00114 2e-05 5e-05)
(0.00115 2e-05 5e-05)
(0.00116 2e-05 5e-05)
(0.00117 2e-05 5e-05)
(0.00118 2e-05 5e-05)
(0.00119 2e-05 5e-05)
(0.0012 2e-05 5e-05)
(0.00121 2e-05 5e-05)
(0.00122 2e-05 5e-05)
(0.00123 2e-05 5e-05)
(0.00124 2e-05 5e-05)
(0.00125 2e-05 5e-05)
(0.00126 2e-05 5e-05)
(0.00127 2e-05 5e-05)
(0.00128 2e-05 5e-05)
(0.00129 2e-05 5e-05)
(0.0013 2e-05 5e-05)
(0.00131 2e-05 5e-05)
(0.00132 2e-05 5e-05)
(0.00133 2e-05 5e-05)
(0.00134 2e-05 5e-05)
(0.00135 2e-05 5e-05)
(0.00136 2e-05 5e-05)
(0.00137 2e-05 5e-05)
(0.00138 2e-05 5e-05)
(0.00139 2e-05 5e-05)
(0.0014 2e-05 5e-05)
(0.00141 2e-05 5e-05)
(0.00142 2e-05 5e-05)
(0.00143 2e-05 5e-05)
(0.00144 2e-05 5e-05)
(0.00145 2e-05 5e-05)
(0.00146 2e-05 5e-05)
(0.00147 2e-05 5e-05)
(0.00148 2e-05 5e-05)
(0.00149 2e-05 5e-05)
(0.0015 2e-05 5e-05)
(6e-05 3e-05 5e-05)
(7e-05 3e-05 5e-05)
(8e-05 3e-05 5e-05)
(9e-05 3e-05 5e-05)
(0.0001 3e-05 5e-05)
(0.00011 3e-05 5e-05)
(0.00012 3e-05 5e-05)
(0.00013 3e-05 5e-05)
(0.00014 3e-05 5e-05)
(0.00015 3e-05 5e-05)
(0.00016 3e-05 5e-05)
(0.00017 3e-05 5e-05)
(0.00018 3e-05 5e-05)
(0.00019 3e-05 5e-05)
(0.0002 3e-05 5e-05)
(0.00021 3e-05 5e-05)
(0.00022 3e-05 5e-05)
(0.00023 3e-05 5e-05)
(0.00024 3e-05 5e-05)
(0.00025 3e-05 5e-05)
(0.00026 3e-05 5e-05)
(0.00027 3e-05 5e-05)
(0.00028 3e-05 5e-05)
(0.00029 3e-05 5e-05)
(0.0003 3e-05 5e-05)
(0.00031 3e-05 5e-05)
(0.00032 3e-05 5e-05)
(0.00033 3e-05 5e-05)
(0.00034 3e-05 5e-05)
(0.00035 3e-05 5e-05)
(0.00036 3e-05 5e-05)
(0.00037 3e-05 5e-05)
(0.00038 3e-05 5e-05)
(0.00039 3e-05 5e-05)
(0.0004 3e-05 5e-05)
(0.00041 3e-05 5e-05)
(0.00042 3e-05 5e-05)
(0.00043 3e-05 5e-05)
(0.00044 3e-05 5e-05)
(0.00045 3e-05 5e-05)
(0.00046 3e-05 5e-05)
(0.00047 3e-05 5e-05)
(0.00048 3e-05 5e-05)
(0.00049 3e-05 5e-05)
(0.0005 3e-05 5e-05)
(0.00051 3e-05 5e-05)
(0.00052 3e-05 5e-05)
(0.00053 3e-05 5e-05)
(0.00054 3e-05 5e-05)
(0.00055 3e-05 5e-05)
(0.00056 3e-05 5e-05)
(0.00057 3e-05 5e-05)
(0.00058 3e-05 5e-05)
(0.00059 3e-05 5e-05)
(0.0006 3e-05 5e-05)
(0.00061 3e-05 5e-05)
(0.00062 3e-05 5e-05)
(0.00063 3e-05 5e-05)
(0.00064 3e-05 5e-05)
(0.00065 3e-05 5e-05)
(0.00066 3e-05 5e-05)
(0.00067 3e-05 5e-05)
(0.00068 3e-05 5e-05)
(0.00069 3e-05 5e-05)
(0.0007 3e-05 5e-05)
(0.00071 3e-05 5e-05)
(0.00072 3e-05 5e-05)
(0.00073 3e-05 5e-05)
(0.00074 3e-05 5e-05)
(0.00075 3e-05 5e-05)
(0.00076 3e-05 5e-05)
(0.00077 3e-05 5e-05)
(0.00078 3e-05 5e-05)
(0.00079 3e-05 5e-05)
(0.0008 3e-05 5e-05)
(0.00081 3e-05 5e-05)
(0.00082 3e-05 5e-05)
(0.00083 3e-05 5e-05)
(0.00084 3e-05 5e-05)
(0.00085 3e-05 5e-05)
(0.00086 3e-05 5e-05)
(0.00087 3e-05 5e-05)
(0.00088 3e-05 5e-05)
(0.00089 3e-05 5e-05)
(0.0009 3e-05 5e-05)
(0.00091 3e-05 5e-05)
(0.00092 3e-05 5e-05)
(0.00093 3e-05 5e-05)
(0.00094 3e-05 5e-05)
(0.00095 3e-05 5e-05)
(0.00096 3e-05 5e-05)
(0.00097 3e-05 5e-05)
(0.00098 3e-05 5e-05)
(0.00099 3e-05 5e-05)
(0.001 3e-05 5e-05)
(0.00101 3e-05 5e-05)
(0.00102 3e-05 5e-05)
(0.00103 3e-05 5e-05)
(0.00104 3e-05 5e-05)
(0.00105 3e-05 5e-05)
(0.00106 3e-05 5e-05)
(0.00107 3e-05 5e-05)
(0.00108 3e-05 5e-05)
(0.00109 3e-05 5e-05)
(0.0011 3e-05 5e-05)
(0.00111 3e-05 5e-05)
(0.00112 3e-05 5e-05)
(0.00113 3e-05 5e-05)
(0.00114 3e-05 5e-05)
(0.00115 3e-05 5e-05)
(0.00116 3e-05 5e-05)
(0.00117 3e-05 5e-05)
(0.00118 3e-05 5e-05)
(0.00119 3e-05 5e-05)
(0.0012 3e-05 5e-05)
(0.00121 3e-05 5e-05)
(0.00122 3e-05 5e-05)
(0.00123 3e-05 5e-05)
(0.00124 3e-05 5e-05)
(0.00125 3e-05 5e-05)
(0.00126 3e-05 5e-05)
(0.00127 3e-05 5e-05)
(0.00128 3e-05 5e-05)
(0.00129 3e-05 5e-05)
(0.0013 3e-05 5e-05)
(0.00131 3e-05 5e-05)
(0.00132 3e-05 5e-05)
(0.00133 3e-05 5e-05)
(0.00134 3e-05 5e-05)
(0.00135 3e-05 5e-05)
(0.00136 3e-05 5e-05)
(0.00137 3e-05 5e-05)
(0.00138 3e-05 5e-05)
(0.00139 3e-05 5e-05)
(0.0014 3e-05 5e-05)
(0.00141 3e-05 5e-05)
(0.00142 3e-05 5e-05)
(0.00143 3e-05 5e-05)
(0.00144 3e-05 5e-05)
(0.00145 3e-05 5e-05)
(0.00146 3e-05 5e-05)
(0.00147 3e-05 5e-05)
(0.00148 3e-05 5e-05)
(0.00149 3e-05 5e-05)
(0.0015 3e-05 5e-05)
(6e-05 4e-05 5e-05)
(7e-05 4e-05 5e-05)
(8e-05 4e-05 5e-05)
(9e-05 4e-05 5e-05)
(0.0001 4e-05 5e-05)
(0.00011 4e-05 5e-05)
(0.00012 4e-05 5e-05)
(0.00013 4e-05 5e-05)
(0.00014 4e-05 5e-05)
(0.00015 4e-05 5e-05)
(0.00016 4e-05 5e-05)
(0.00017 4e-05 5e-05)
(0.00018 4e-05 5e-05)
(0.00019 4e-05 5e-05)
(0.0002 4e-05 5e-05)
(0.00021 4e-05 5e-05)
(0.00022 4e-05 5e-05)
(0.00023 4e-05 5e-05)
(0.00024 4e-05 5e-05)
(0.00025 4e-05 5e-05)
(0.00026 4e-05 5e-05)
(0.00027 4e-05 5e-05)
(0.00028 4e-05 5e-05)
(0.00029 4e-05 5e-05)
(0.0003 4e-05 5e-05)
(0.00031 4e-05 5e-05)
(0.00032 4e-05 5e-05)
(0.00033 4e-05 5e-05)
(0.00034 4e-05 5e-05)
(0.00035 4e-05 5e-05)
(0.00036 4e-05 5e-05)
(0.00037 4e-05 5e-05)
(0.00038 4e-05 5e-05)
(0.00039 4e-05 5e-05)
(0.0004 4e-05 5e-05)
(0.00041 4e-05 5e-05)
(0.00042 4e-05 5e-05)
(0.00043 4e-05 5e-05)
(0.00044 4e-05 5e-05)
(0.00045 4e-05 5e-05)
(0.00046 4e-05 5e-05)
(0.00047 4e-05 5e-05)
(0.00048 4e-05 5e-05)
(0.00049 4e-05 5e-05)
(0.0005 4e-05 5e-05)
(0.00051 4e-05 5e-05)
(0.00052 4e-05 5e-05)
(0.00053 4e-05 5e-05)
(0.00054 4e-05 5e-05)
(0.00055 4e-05 5e-05)
(0.00056 4e-05 5e-05)
(0.00057 4e-05 5e-05)
(0.00058 4e-05 5e-05)
(0.00059 4e-05 5e-05)
(0.0006 4e-05 5e-05)
(0.00061 4e-05 5e-05)
(0.00062 4e-05 5e-05)
(0.00063 4e-05 5e-05)
(0.00064 4e-05 5e-05)
(0.00065 4e-05 5e-05)
(0.00066 4e-05 5e-05)
(0.00067 4e-05 5e-05)
(0.00068 4e-05 5e-05)
(0.00069 4e-05 5e-05)
(0.0007 4e-05 5e-05)
(0.00071 4e-05 5e-05)
(0.00072 4e-05 5e-05)
(0.00073 4e-05 5e-05)
(0.00074 4e-05 5e-05)
(0.00075 4e-05 5e-05)
(0.00076 4e-05 5e-05)
(0.00077 4e-05 5e-05)
(0.00078 4e-05 5e-05)
(0.00079 4e-05 5e-05)
(0.0008 4e-05 5e-05)
(0.00081 4e-05 5e-05)
(0.00082 4e-05 5e-05)
(0.00083 4e-05 5e-05)
(0.00084 4e-05 5e-05)
(0.00085 4e-05 5e-05)
(0.00086 4e-05 5e-05)
(0.00087 4e-05 5e-05)
(0.00088 4e-05 5e-05)
(0.00089 4e-05 5e-05)
(0.0009 4e-05 5e-05)
(0.00091 4e-05 5e-05)
(0.00092 4e-05 5e-05)
(0.00093 4e-05 5e-05)
(0.00094 4e-05 5e-05)
(0.00095 4e-05 5e-05)
(0.00096 4e-05 5e-05)
(0.00097 4e-05 5e-05)
(0.00098 4e-05 5e-05)
(0.00099 4e-05 5e-05)
(0.001 4e-05 5e-05)
(0.00101 4e-05 5e-05)
(0.00102 4e-05 5e-05)
(0.00103 4e-05 5e-05)
(0.00104 4e-05 5e-05)
(0.00105 4e-05 5e-05)
(0.00106 4e-05 5e-05)
(0.00107 4e-05 5e-05)
(0.00108 4e-05 5e-05)
(0.00109 4e-05 5e-05)
(0.0011 4e-05 5e-05)
(0.00111 4e-05 5e-05)
(0.00112 4e-05 5e-05)
(0.00113 4e-05 5e-05)
(0.00114 4e-05 5e-05)
(0.00115 4e-05 5e-05)
(0.00116 4e-05 5e-05)
(0.00117 4e-05 5e-05)
(0.00118 4e-05 5e-05)
(0.00119 4e-05 5e-05)
(0.0012 4e-05 5e-05)
(0.00121 4e-05 5e-05)
(0.00122 4e-05 5e-05)
(0.00123 4e-05 5e-05)
(0.00124 4e-05 5e-05)
(0.00125 4e-05 5e-05)
(0.00126 4e-05 5e-05)
(0.00127 4e-05 5e-05)
(0.00128 4e-05 5e-05)
(0.00129 4e-05 5e-05)
(0.0013 4e-05 5e-05)
(0.00131 4e-05 5e-05)
(0.00132 4e-05 5e-05)
(0.00133 4e-05 5e-05)
(0.00134 4e-05 5e-05)
(0.00135 4e-05 5e-05)
(0.00136 4e-05 5e-05)
(0.00137 4e-05 5e-05)
(0.00138 4e-05 5e-05)
(0.00139 4e-05 5e-05)
(0.0014 4e-05 5e-05)
(0.00141 4e-05 5e-05)
(0.00142 4e-05 5e-05)
(0.00143 4e-05 5e-05)
(0.00144 4e-05 5e-05)
(0.00145 4e-05 5e-05)
(0.00146 4e-05 5e-05)
(0.00147 4e-05 5e-05)
(0.00148 4e-05 5e-05)
(0.00149 4e-05 5e-05)
(0.0015 4e-05 5e-05)
(6e-05 5e-05 5e-05)
(7e-05 5e-05 5e-05)
(8e-05 5e-05 5e-05)
(9e-05 5e-05 5e-05)
(0.0001 5e-05 5e-05)
(0.00011 5e-05 5e-05)
(0.00012 5e-05 5e-05)
(0.00013 5e-05 5e-05)
(0.00014 5e-05 5e-05)
(0.00015 5e-05 5e-05)
(0.00016 5e-05 5e-05)
(0.00017 5e-05 5e-05)
(0.00018 5e-05 5e-05)
(0.00019 5e-05 5e-05)
(0.0002 5e-05 5e-05)
(0.00021 5e-05 5e-05)
(0.00022 5e-05 5e-05)
(0.00023 5e-05 5e-05)
(0.00024 5e-05 5e-05)
(0.00025 5e-05 5e-05)
(0.00026 5e-05 5e-05)
(0.00027 5e-05 5e-05)
(0.00028 5e-05 5e-05)
(0.00029 5e-05 5e-05)
(0.0003 5e-05 5e-05)
(0.00031 5e-05 5e-05)
(0.00032 5e-05 5e-05)
(0.00033 5e-05 5e-05)
(0.00034 5e-05 5e-05)
(0.00035 5e-05 5e-05)
(0.00036 5e-05 5e-05)
(0.00037 5e-05 5e-05)
(0.00038 5e-05 5e-05)
(0.00039 5e-05 5e-05)
(0.0004 5e-05 5e-05)
(0.00041 5e-05 5e-05)
(0.00042 5e-05 5e-05)
(0.00043 5e-05 5e-05)
(0.00044 5e-05 5e-05)
(0.00045 5e-05 5e-05)
(0.00046 5e-05 5e-05)
(0.00047 5e-05 5e-05)
(0.00048 5e-05 5e-05)
(0.00049 5e-05 5e-05)
(0.0005 5e-05 5e-05)
(0.00051 5e-05 5e-05)
(0.00052 5e-05 5e-05)
(0.00053 5e-05 5e-05)
(0.00054 5e-05 5e-05)
(0.00055 5e-05 5e-05)
(0.00056 5e-05 5e-05)
(0.00057 5e-05 5e-05)
(0.00058 5e-05 5e-05)
(0.00059 5e-05 5e-05)
(0.0006 5e-05 5e-05)
(0.00061 5e-05 5e-05)
(0.00062 5e-05 5e-05)
(0.00063 5e-05 5e-05)
(0.00064 5e-05 5e-05)
(0.00065 5e-05 5e-05)
(0.00066 5e-05 5e-05)
(0.00067 5e-05 5e-05)
(0.00068 5e-05 5e-05)
(0.00069 5e-05 5e-05)
(0.0007 5e-05 5e-05)
(0.00071 5e-05 5e-05)
(0.00072 5e-05 5e-05)
(0.00073 5e-05 5e-05)
(0.00074 5e-05 5e-05)
(0.00075 5e-05 5e-05)
(0.00076 5e-05 5e-05)
(0.00077 5e-05 5e-05)
(0.00078 5e-05 5e-05)
(0.00079 5e-05 5e-05)
(0.0008 5e-05 5e-05)
(0.00081 5e-05 5e-05)
(0.00082 5e-05 5e-05)
(0.00083 5e-05 5e-05)
(0.00084 5e-05 5e-05)
(0.00085 5e-05 5e-05)
(0.00086 5e-05 5e-05)
(0.00087 5e-05 5e-05)
(0.00088 5e-05 5e-05)
(0.00089 5e-05 5e-05)
(0.0009 5e-05 5e-05)
(0.00091 5e-05 5e-05)
(0.00092 5e-05 5e-05)
(0.00093 5e-05 5e-05)
(0.00094 5e-05 5e-05)
(0.00095 5e-05 5e-05)
(0.00096 5e-05 5e-05)
(0.00097 5e-05 5e-05)
(0.00098 5e-05 5e-05)
(0.00099 5e-05 5e-05)
(0.001 5e-05 5e-05)
(0.00101 5e-05 5e-05)
(0.00102 5e-05 5e-05)
(0.00103 5e-05 5e-05)
(0.00104 5e-05 5e-05)
(0.00105 5e-05 5e-05)
(0.00106 5e-05 5e-05)
(0.00107 5e-05 5e-05)
(0.00108 5e-05 5e-05)
(0.00109 5e-05 5e-05)
(0.0011 5e-05 5e-05)
(0.00111 5e-05 5e-05)
(0.00112 5e-05 5e-05)
(0.00113 5e-05 5e-05)
(0.00114 5e-05 5e-05)
(0.00115 5e-05 5e-05)
(0.00116 5e-05 5e-05)
(0.00117 5e-05 5e-05)
(0.00118 5e-05 5e-05)
(0.00119 5e-05 5e-05)
(0.0012 5e-05 5e-05)
(0.00121 5e-05 5e-05)
(0.00122 5e-05 5e-05)
(0.00123 5e-05 5e-05)
(0.00124 5e-05 5e-05)
(0.00125 5e-05 5e-05)
(0.00126 5e-05 5e-05)
(0.00127 5e-05 5e-05)
(0.00128 5e-05 5e-05)
(0.00129 5e-05 5e-05)
(0.0013 5e-05 5e-05)
(0.00131 5e-05 5e-05)
(0.00132 5e-05 5e-05)
(0.00133 5e-05 5e-05)
(0.00134 5e-05 5e-05)
(0.00135 5e-05 5e-05)
(0.00136 5e-05 5e-05)
(0.00137 5e-05 5e-05)
(0.00138 5e-05 5e-05)
(0.00139 5e-05 5e-05)
(0.0014 5e-05 5e-05)
(0.00141 5e-05 5e-05)
(0.00142 5e-05 5e-05)
(0.00143 5e-05 5e-05)
(0.00144 5e-05 5e-05)
(0.00145 5e-05 5e-05)
(0.00146 5e-05 5e-05)
(0.00147 5e-05 5e-05)
(0.00148 5e-05 5e-05)
(0.00149 5e-05 5e-05)
(0.0015 5e-05 5e-05)
(-5e-05 6e-05 -5e-05)
(-4e-05 6e-05 -5e-05)
(-3e-05 6e-05 -5e-05)
(-2e-05 6e-05 -5e-05)
(-1e-05 6e-05 -5e-05)
(0 6e-05 -5e-05)
(1e-05 6e-05 -5e-05)
(2e-05 6e-05 -5e-05)
(3e-05 6e-05 -5e-05)
(4e-05 6e-05 -5e-05)
(5e-05 6e-05 -5e-05)
(-5e-05 7e-05 -5e-05)
(-4e-05 7e-05 -5e-05)
(-3e-05 7e-05 -5e-05)
(-2e-05 7e-05 -5e-05)
(-1e-05 7e-05 -5e-05)
(0 7e-05 -5e-05)
(1e-05 7e-05 -5e-05)
(2e-05 7e-05 -5e-05)
(3e-05 7e-05 -5e-05)
(4e-05 7e-05 -5e-05)
(5e-05 7e-05 -5e-05)
(-5e-05 8e-05 -5e-05)
(-4e-05 8e-05 -5e-05)
(-3e-05 8e-05 -5e-05)
(-2e-05 8e-05 -5e-05)
(-1e-05 8e-05 -5e-05)
(0 8e-05 -5e-05)
(1e-05 8e-05 -5e-05)
(2e-05 8e-05 -5e-05)
(3e-05 8e-05 -5e-05)
(4e-05 8e-05 -5e-05)
(5e-05 8e-05 -5e-05)
(-5e-05 9e-05 -5e-05)
(-4e-05 9e-05 -5e-05)
(-3e-05 9e-05 -5e-05)
(-2e-05 9e-05 -5e-05)
(-1e-05 9e-05 -5e-05)
(0 9e-05 -5e-05)
(1e-05 9e-05 -5e-05)
(2e-05 9e-05 -5e-05)
(3e-05 9e-05 -5e-05)
(4e-05 9e-05 -5e-05)
(5e-05 9e-05 -5e-05)
(-5e-05 0.0001 -5e-05)
(-4e-05 0.0001 -5e-05)
(-3e-05 0.0001 -5e-05)
(-2e-05 0.0001 -5e-05)
(-1e-05 0.0001 -5e-05)
(0 0.0001 -5e-05)
(1e-05 0.0001 -5e-05)
(2e-05 0.0001 -5e-05)
(3e-05 0.0001 -5e-05)
(4e-05 0.0001 -5e-05)
(5e-05 0.0001 -5e-05)
(-5e-05 0.00011 -5e-05)
(-4e-05 0.00011 -5e-05)
(-3e-05 0.00011 -5e-05)
(-2e-05 0.00011 -5e-05)
(-1e-05 0.00011 -5e-05)
(0 0.00011 -5e-05)
(1e-05 0.00011 -5e-05)
(2e-05 0.00011 -5e-05)
(3e-05 0.00011 -5e-05)
(4e-05 0.00011 -5e-05)
(5e-05 0.00011 -5e-05)
(-5e-05 0.00012 -5e-05)
(-4e-05 0.00012 -5e-05)
(-3e-05 0.00012 -5e-05)
(-2e-05 0.00012 -5e-05)
(-1e-05 0.00012 -5e-05)
(0 0.00012 -5e-05)
(1e-05 0.00012 -5e-05)
(2e-05 0.00012 -5e-05)
(3e-05 0.00012 -5e-05)
(4e-05 0.00012 -5e-05)
(5e-05 0.00012 -5e-05)
(-5e-05 0.00013 -5e-05)
(-4e-05 0.00013 -5e-05)
(-3e-05 0.00013 -5e-05)
(-2e-05 0.00013 -5e-05)
(-1e-05 0.00013 -5e-05)
(0 0.00013 -5e-05)
(1e-05 0.00013 -5e-05)
(2e-05 0.00013 -5e-05)
(3e-05 0.00013 -5e-05)
(4e-05 0.00013 -5e-05)
(5e-05 0.00013 -5e-05)
(-5e-05 0.00014 -5e-05)
(-4e-05 0.00014 -5e-05)
(-3e-05 0.00014 -5e-05)
(-2e-05 0.00014 -5e-05)
(-1e-05 0.00014 -5e-05)
(0 0.00014 -5e-05)
(1e-05 0.00014 -5e-05)
(2e-05 0.00014 -5e-05)
(3e-05 0.00014 -5e-05)
(4e-05 0.00014 -5e-05)
(5e-05 0.00014 -5e-05)
(-5e-05 0.00015 -5e-05)
(-4e-05 0.00015 -5e-05)
(-3e-05 0.00015 -5e-05)
(-2e-05 0.00015 -5e-05)
(-1e-05 0.00015 -5e-05)
(0 0.00015 -5e-05)
(1e-05 0.00015 -5e-05)
(2e-05 0.00015 -5e-05)
(3e-05 0.00015 -5e-05)
(4e-05 0.00015 -5e-05)
(5e-05 0.00015 -5e-05)
(-5e-05 0.00016 -5e-05)
(-4e-05 0.00016 -5e-05)
(-3e-05 0.00016 -5e-05)
(-2e-05 0.00016 -5e-05)
(-1e-05 0.00016 -5e-05)
(0 0.00016 -5e-05)
(1e-05 0.00016 -5e-05)
(2e-05 0.00016 -5e-05)
(3e-05 0.00016 -5e-05)
(4e-05 0.00016 -5e-05)
(5e-05 0.00016 -5e-05)
(-5e-05 0.00017 -5e-05)
(-4e-05 0.00017 -5e-05)
(-3e-05 0.00017 -5e-05)
(-2e-05 0.00017 -5e-05)
(-1e-05 0.00017 -5e-05)
(0 0.00017 -5e-05)
(1e-05 0.00017 -5e-05)
(2e-05 0.00017 -5e-05)
(3e-05 0.00017 -5e-05)
(4e-05 0.00017 -5e-05)
(5e-05 0.00017 -5e-05)
(-5e-05 0.00018 -5e-05)
(-4e-05 0.00018 -5e-05)
(-3e-05 0.00018 -5e-05)
(-2e-05 0.00018 -5e-05)
(-1e-05 0.00018 -5e-05)
(0 0.00018 -5e-05)
(1e-05 0.00018 -5e-05)
(2e-05 0.00018 -5e-05)
(3e-05 0.00018 -5e-05)
(4e-05 0.00018 -5e-05)
(5e-05 0.00018 -5e-05)
(-5e-05 0.00019 -5e-05)
(-4e-05 0.00019 -5e-05)
(-3e-05 0.00019 -5e-05)
(-2e-05 0.00019 -5e-05)
(-1e-05 0.00019 -5e-05)
(0 0.00019 -5e-05)
(1e-05 0.00019 -5e-05)
(2e-05 0.00019 -5e-05)
(3e-05 0.00019 -5e-05)
(4e-05 0.00019 -5e-05)
(5e-05 0.00019 -5e-05)
(-5e-05 0.0002 -5e-05)
(-4e-05 0.0002 -5e-05)
(-3e-05 0.0002 -5e-05)
(-2e-05 0.0002 -5e-05)
(-1e-05 0.0002 -5e-05)
(0 0.0002 -5e-05)
(1e-05 0.0002 -5e-05)
(2e-05 0.0002 -5e-05)
(3e-05 0.0002 -5e-05)
(4e-05 0.0002 -5e-05)
(5e-05 0.0002 -5e-05)
(-5e-05 0.00021 -5e-05)
(-4e-05 0.00021 -5e-05)
(-3e-05 0.00021 -5e-05)
(-2e-05 0.00021 -5e-05)
(-1e-05 0.00021 -5e-05)
(0 0.00021 -5e-05)
(1e-05 0.00021 -5e-05)
(2e-05 0.00021 -5e-05)
(3e-05 0.00021 -5e-05)
(4e-05 0.00021 -5e-05)
(5e-05 0.00021 -5e-05)
(-5e-05 0.00022 -5e-05)
(-4e-05 0.00022 -5e-05)
(-3e-05 0.00022 -5e-05)
(-2e-05 0.00022 -5e-05)
(-1e-05 0.00022 -5e-05)
(0 0.00022 -5e-05)
(1e-05 0.00022 -5e-05)
(2e-05 0.00022 -5e-05)
(3e-05 0.00022 -5e-05)
(4e-05 0.00022 -5e-05)
(5e-05 0.00022 -5e-05)
(-5e-05 0.00023 -5e-05)
(-4e-05 0.00023 -5e-05)
(-3e-05 0.00023 -5e-05)
(-2e-05 0.00023 -5e-05)
(-1e-05 0.00023 -5e-05)
(0 0.00023 -5e-05)
(1e-05 0.00023 -5e-05)
(2e-05 0.00023 -5e-05)
(3e-05 0.00023 -5e-05)
(4e-05 0.00023 -5e-05)
(5e-05 0.00023 -5e-05)
(-5e-05 0.00024 -5e-05)
(-4e-05 0.00024 -5e-05)
(-3e-05 0.00024 -5e-05)
(-2e-05 0.00024 -5e-05)
(-1e-05 0.00024 -5e-05)
(0 0.00024 -5e-05)
(1e-05 0.00024 -5e-05)
(2e-05 0.00024 -5e-05)
(3e-05 0.00024 -5e-05)
(4e-05 0.00024 -5e-05)
(5e-05 0.00024 -5e-05)
(-5e-05 0.00025 -5e-05)
(-4e-05 0.00025 -5e-05)
(-3e-05 0.00025 -5e-05)
(-2e-05 0.00025 -5e-05)
(-1e-05 0.00025 -5e-05)
(0 0.00025 -5e-05)
(1e-05 0.00025 -5e-05)
(2e-05 0.00025 -5e-05)
(3e-05 0.00025 -5e-05)
(4e-05 0.00025 -5e-05)
(5e-05 0.00025 -5e-05)
(-5e-05 0.00026 -5e-05)
(-4e-05 0.00026 -5e-05)
(-3e-05 0.00026 -5e-05)
(-2e-05 0.00026 -5e-05)
(-1e-05 0.00026 -5e-05)
(0 0.00026 -5e-05)
(1e-05 0.00026 -5e-05)
(2e-05 0.00026 -5e-05)
(3e-05 0.00026 -5e-05)
(4e-05 0.00026 -5e-05)
(5e-05 0.00026 -5e-05)
(-5e-05 0.00027 -5e-05)
(-4e-05 0.00027 -5e-05)
(-3e-05 0.00027 -5e-05)
(-2e-05 0.00027 -5e-05)
(-1e-05 0.00027 -5e-05)
(0 0.00027 -5e-05)
(1e-05 0.00027 -5e-05)
(2e-05 0.00027 -5e-05)
(3e-05 0.00027 -5e-05)
(4e-05 0.00027 -5e-05)
(5e-05 0.00027 -5e-05)
(-5e-05 0.00028 -5e-05)
(-4e-05 0.00028 -5e-05)
(-3e-05 0.00028 -5e-05)
(-2e-05 0.00028 -5e-05)
(-1e-05 0.00028 -5e-05)
(0 0.00028 -5e-05)
(1e-05 0.00028 -5e-05)
(2e-05 0.00028 -5e-05)
(3e-05 0.00028 -5e-05)
(4e-05 0.00028 -5e-05)
(5e-05 0.00028 -5e-05)
(-5e-05 0.00029 -5e-05)
(-4e-05 0.00029 -5e-05)
(-3e-05 0.00029 -5e-05)
(-2e-05 0.00029 -5e-05)
(-1e-05 0.00029 -5e-05)
(0 0.00029 -5e-05)
(1e-05 0.00029 -5e-05)
(2e-05 0.00029 -5e-05)
(3e-05 0.00029 -5e-05)
(4e-05 0.00029 -5e-05)
(5e-05 0.00029 -5e-05)
(-5e-05 0.0003 -5e-05)
(-4e-05 0.0003 -5e-05)
(-3e-05 0.0003 -5e-05)
(-2e-05 0.0003 -5e-05)
(-1e-05 0.0003 -5e-05)
(0 0.0003 -5e-05)
(1e-05 0.0003 -5e-05)
(2e-05 0.0003 -5e-05)
(3e-05 0.0003 -5e-05)
(4e-05 0.0003 -5e-05)
(5e-05 0.0003 -5e-05)
(-5e-05 0.00031 -5e-05)
(-4e-05 0.00031 -5e-05)
(-3e-05 0.00031 -5e-05)
(-2e-05 0.00031 -5e-05)
(-1e-05 0.00031 -5e-05)
(0 0.00031 -5e-05)
(1e-05 0.00031 -5e-05)
(2e-05 0.00031 -5e-05)
(3e-05 0.00031 -5e-05)
(4e-05 0.00031 -5e-05)
(5e-05 0.00031 -5e-05)
(-5e-05 0.00032 -5e-05)
(-4e-05 0.00032 -5e-05)
(-3e-05 0.00032 -5e-05)
(-2e-05 0.00032 -5e-05)
(-1e-05 0.00032 -5e-05)
(0 0.00032 -5e-05)
(1e-05 0.00032 -5e-05)
(2e-05 0.00032 -5e-05)
(3e-05 0.00032 -5e-05)
(4e-05 0.00032 -5e-05)
(5e-05 0.00032 -5e-05)
(-5e-05 0.00033 -5e-05)
(-4e-05 0.00033 -5e-05)
(-3e-05 0.00033 -5e-05)
(-2e-05 0.00033 -5e-05)
(-1e-05 0.00033 -5e-05)
(0 0.00033 -5e-05)
(1e-05 0.00033 -5e-05)
(2e-05 0.00033 -5e-05)
(3e-05 0.00033 -5e-05)
(4e-05 0.00033 -5e-05)
(5e-05 0.00033 -5e-05)
(-5e-05 0.00034 -5e-05)
(-4e-05 0.00034 -5e-05)
(-3e-05 0.00034 -5e-05)
(-2e-05 0.00034 -5e-05)
(-1e-05 0.00034 -5e-05)
(0 0.00034 -5e-05)
(1e-05 0.00034 -5e-05)
(2e-05 0.00034 -5e-05)
(3e-05 0.00034 -5e-05)
(4e-05 0.00034 -5e-05)
(5e-05 0.00034 -5e-05)
(-5e-05 0.00035 -5e-05)
(-4e-05 0.00035 -5e-05)
(-3e-05 0.00035 -5e-05)
(-2e-05 0.00035 -5e-05)
(-1e-05 0.00035 -5e-05)
(0 0.00035 -5e-05)
(1e-05 0.00035 -5e-05)
(2e-05 0.00035 -5e-05)
(3e-05 0.00035 -5e-05)
(4e-05 0.00035 -5e-05)
(5e-05 0.00035 -5e-05)
(-5e-05 0.00036 -5e-05)
(-4e-05 0.00036 -5e-05)
(-3e-05 0.00036 -5e-05)
(-2e-05 0.00036 -5e-05)
(-1e-05 0.00036 -5e-05)
(0 0.00036 -5e-05)
(1e-05 0.00036 -5e-05)
(2e-05 0.00036 -5e-05)
(3e-05 0.00036 -5e-05)
(4e-05 0.00036 -5e-05)
(5e-05 0.00036 -5e-05)
(-5e-05 0.00037 -5e-05)
(-4e-05 0.00037 -5e-05)
(-3e-05 0.00037 -5e-05)
(-2e-05 0.00037 -5e-05)
(-1e-05 0.00037 -5e-05)
(0 0.00037 -5e-05)
(1e-05 0.00037 -5e-05)
(2e-05 0.00037 -5e-05)
(3e-05 0.00037 -5e-05)
(4e-05 0.00037 -5e-05)
(5e-05 0.00037 -5e-05)
(-5e-05 0.00038 -5e-05)
(-4e-05 0.00038 -5e-05)
(-3e-05 0.00038 -5e-05)
(-2e-05 0.00038 -5e-05)
(-1e-05 0.00038 -5e-05)
(0 0.00038 -5e-05)
(1e-05 0.00038 -5e-05)
(2e-05 0.00038 -5e-05)
(3e-05 0.00038 -5e-05)
(4e-05 0.00038 -5e-05)
(5e-05 0.00038 -5e-05)
(-5e-05 0.00039 -5e-05)
(-4e-05 0.00039 -5e-05)
(-3e-05 0.00039 -5e-05)
(-2e-05 0.00039 -5e-05)
(-1e-05 0.00039 -5e-05)
(0 0.00039 -5e-05)
(1e-05 0.00039 -5e-05)
(2e-05 0.00039 -5e-05)
(3e-05 0.00039 -5e-05)
(4e-05 0.00039 -5e-05)
(5e-05 0.00039 -5e-05)
(-5e-05 0.0004 -5e-05)
(-4e-05 0.0004 -5e-05)
(-3e-05 0.0004 -5e-05)
(-2e-05 0.0004 -5e-05)
(-1e-05 0.0004 -5e-05)
(0 0.0004 -5e-05)
(1e-05 0.0004 -5e-05)
(2e-05 0.0004 -5e-05)
(3e-05 0.0004 -5e-05)
(4e-05 0.0004 -5e-05)
(5e-05 0.0004 -5e-05)
(-5e-05 0.00041 -5e-05)
(-4e-05 0.00041 -5e-05)
(-3e-05 0.00041 -5e-05)
(-2e-05 0.00041 -5e-05)
(-1e-05 0.00041 -5e-05)
(0 0.00041 -5e-05)
(1e-05 0.00041 -5e-05)
(2e-05 0.00041 -5e-05)
(3e-05 0.00041 -5e-05)
(4e-05 0.00041 -5e-05)
(5e-05 0.00041 -5e-05)
(-5e-05 0.00042 -5e-05)
(-4e-05 0.00042 -5e-05)
(-3e-05 0.00042 -5e-05)
(-2e-05 0.00042 -5e-05)
(-1e-05 0.00042 -5e-05)
(0 0.00042 -5e-05)
(1e-05 0.00042 -5e-05)
(2e-05 0.00042 -5e-05)
(3e-05 0.00042 -5e-05)
(4e-05 0.00042 -5e-05)
(5e-05 0.00042 -5e-05)
(-5e-05 0.00043 -5e-05)
(-4e-05 0.00043 -5e-05)
(-3e-05 0.00043 -5e-05)
(-2e-05 0.00043 -5e-05)
(-1e-05 0.00043 -5e-05)
(0 0.00043 -5e-05)
(1e-05 0.00043 -5e-05)
(2e-05 0.00043 -5e-05)
(3e-05 0.00043 -5e-05)
(4e-05 0.00043 -5e-05)
(5e-05 0.00043 -5e-05)
(-5e-05 0.00044 -5e-05)
(-4e-05 0.00044 -5e-05)
(-3e-05 0.00044 -5e-05)
(-2e-05 0.00044 -5e-05)
(-1e-05 0.00044 -5e-05)
(0 0.00044 -5e-05)
(1e-05 0.00044 -5e-05)
(2e-05 0.00044 -5e-05)
(3e-05 0.00044 -5e-05)
(4e-05 0.00044 -5e-05)
(5e-05 0.00044 -5e-05)
(-5e-05 0.00045 -5e-05)
(-4e-05 0.00045 -5e-05)
(-3e-05 0.00045 -5e-05)
(-2e-05 0.00045 -5e-05)
(-1e-05 0.00045 -5e-05)
(0 0.00045 -5e-05)
(1e-05 0.00045 -5e-05)
(2e-05 0.00045 -5e-05)
(3e-05 0.00045 -5e-05)
(4e-05 0.00045 -5e-05)
(5e-05 0.00045 -5e-05)
(-5e-05 0.00046 -5e-05)
(-4e-05 0.00046 -5e-05)
(-3e-05 0.00046 -5e-05)
(-2e-05 0.00046 -5e-05)
(-1e-05 0.00046 -5e-05)
(0 0.00046 -5e-05)
(1e-05 0.00046 -5e-05)
(2e-05 0.00046 -5e-05)
(3e-05 0.00046 -5e-05)
(4e-05 0.00046 -5e-05)
(5e-05 0.00046 -5e-05)
(-5e-05 0.00047 -5e-05)
(-4e-05 0.00047 -5e-05)
(-3e-05 0.00047 -5e-05)
(-2e-05 0.00047 -5e-05)
(-1e-05 0.00047 -5e-05)
(0 0.00047 -5e-05)
(1e-05 0.00047 -5e-05)
(2e-05 0.00047 -5e-05)
(3e-05 0.00047 -5e-05)
(4e-05 0.00047 -5e-05)
(5e-05 0.00047 -5e-05)
(-5e-05 0.00048 -5e-05)
(-4e-05 0.00048 -5e-05)
(-3e-05 0.00048 -5e-05)
(-2e-05 0.00048 -5e-05)
(-1e-05 0.00048 -5e-05)
(0 0.00048 -5e-05)
(1e-05 0.00048 -5e-05)
(2e-05 0.00048 -5e-05)
(3e-05 0.00048 -5e-05)
(4e-05 0.00048 -5e-05)
(5e-05 0.00048 -5e-05)
(-5e-05 0.00049 -5e-05)
(-4e-05 0.00049 -5e-05)
(-3e-05 0.00049 -5e-05)
(-2e-05 0.00049 -5e-05)
(-1e-05 0.00049 -5e-05)
(0 0.00049 -5e-05)
(1e-05 0.00049 -5e-05)
(2e-05 0.00049 -5e-05)
(3e-05 0.00049 -5e-05)
(4e-05 0.00049 -5e-05)
(5e-05 0.00049 -5e-05)
(-5e-05 0.0005 -5e-05)
(-4e-05 0.0005 -5e-05)
(-3e-05 0.0005 -5e-05)
(-2e-05 0.0005 -5e-05)
(-1e-05 0.0005 -5e-05)
(0 0.0005 -5e-05)
(1e-05 0.0005 -5e-05)
(2e-05 0.0005 -5e-05)
(3e-05 0.0005 -5e-05)
(4e-05 0.0005 -5e-05)
(5e-05 0.0005 -5e-05)
(-5e-05 0.00051 -5e-05)
(-4e-05 0.00051 -5e-05)
(-3e-05 0.00051 -5e-05)
(-2e-05 0.00051 -5e-05)
(-1e-05 0.00051 -5e-05)
(0 0.00051 -5e-05)
(1e-05 0.00051 -5e-05)
(2e-05 0.00051 -5e-05)
(3e-05 0.00051 -5e-05)
(4e-05 0.00051 -5e-05)
(5e-05 0.00051 -5e-05)
(-5e-05 0.00052 -5e-05)
(-4e-05 0.00052 -5e-05)
(-3e-05 0.00052 -5e-05)
(-2e-05 0.00052 -5e-05)
(-1e-05 0.00052 -5e-05)
(0 0.00052 -5e-05)
(1e-05 0.00052 -5e-05)
(2e-05 0.00052 -5e-05)
(3e-05 0.00052 -5e-05)
(4e-05 0.00052 -5e-05)
(5e-05 0.00052 -5e-05)
(-5e-05 0.00053 -5e-05)
(-4e-05 0.00053 -5e-05)
(-3e-05 0.00053 -5e-05)
(-2e-05 0.00053 -5e-05)
(-1e-05 0.00053 -5e-05)
(0 0.00053 -5e-05)
(1e-05 0.00053 -5e-05)
(2e-05 0.00053 -5e-05)
(3e-05 0.00053 -5e-05)
(4e-05 0.00053 -5e-05)
(5e-05 0.00053 -5e-05)
(-5e-05 0.00054 -5e-05)
(-4e-05 0.00054 -5e-05)
(-3e-05 0.00054 -5e-05)
(-2e-05 0.00054 -5e-05)
(-1e-05 0.00054 -5e-05)
(0 0.00054 -5e-05)
(1e-05 0.00054 -5e-05)
(2e-05 0.00054 -5e-05)
(3e-05 0.00054 -5e-05)
(4e-05 0.00054 -5e-05)
(5e-05 0.00054 -5e-05)
(-5e-05 0.00055 -5e-05)
(-4e-05 0.00055 -5e-05)
(-3e-05 0.00055 -5e-05)
(-2e-05 0.00055 -5e-05)
(-1e-05 0.00055 -5e-05)
(0 0.00055 -5e-05)
(1e-05 0.00055 -5e-05)
(2e-05 0.00055 -5e-05)
(3e-05 0.00055 -5e-05)
(4e-05 0.00055 -5e-05)
(5e-05 0.00055 -5e-05)
(-5e-05 0.00056 -5e-05)
(-4e-05 0.00056 -5e-05)
(-3e-05 0.00056 -5e-05)
(-2e-05 0.00056 -5e-05)
(-1e-05 0.00056 -5e-05)
(0 0.00056 -5e-05)
(1e-05 0.00056 -5e-05)
(2e-05 0.00056 -5e-05)
(3e-05 0.00056 -5e-05)
(4e-05 0.00056 -5e-05)
(5e-05 0.00056 -5e-05)
(-5e-05 0.00057 -5e-05)
(-4e-05 0.00057 -5e-05)
(-3e-05 0.00057 -5e-05)
(-2e-05 0.00057 -5e-05)
(-1e-05 0.00057 -5e-05)
(0 0.00057 -5e-05)
(1e-05 0.00057 -5e-05)
(2e-05 0.00057 -5e-05)
(3e-05 0.00057 -5e-05)
(4e-05 0.00057 -5e-05)
(5e-05 0.00057 -5e-05)
(-5e-05 0.00058 -5e-05)
(-4e-05 0.00058 -5e-05)
(-3e-05 0.00058 -5e-05)
(-2e-05 0.00058 -5e-05)
(-1e-05 0.00058 -5e-05)
(0 0.00058 -5e-05)
(1e-05 0.00058 -5e-05)
(2e-05 0.00058 -5e-05)
(3e-05 0.00058 -5e-05)
(4e-05 0.00058 -5e-05)
(5e-05 0.00058 -5e-05)
(-5e-05 0.00059 -5e-05)
(-4e-05 0.00059 -5e-05)
(-3e-05 0.00059 -5e-05)
(-2e-05 0.00059 -5e-05)
(-1e-05 0.00059 -5e-05)
(0 0.00059 -5e-05)
(1e-05 0.00059 -5e-05)
(2e-05 0.00059 -5e-05)
(3e-05 0.00059 -5e-05)
(4e-05 0.00059 -5e-05)
(5e-05 0.00059 -5e-05)
(-5e-05 0.0006 -5e-05)
(-4e-05 0.0006 -5e-05)
(-3e-05 0.0006 -5e-05)
(-2e-05 0.0006 -5e-05)
(-1e-05 0.0006 -5e-05)
(0 0.0006 -5e-05)
(1e-05 0.0006 -5e-05)
(2e-05 0.0006 -5e-05)
(3e-05 0.0006 -5e-05)
(4e-05 0.0006 -5e-05)
(5e-05 0.0006 -5e-05)
(-5e-05 0.00061 -5e-05)
(-4e-05 0.00061 -5e-05)
(-3e-05 0.00061 -5e-05)
(-2e-05 0.00061 -5e-05)
(-1e-05 0.00061 -5e-05)
(0 0.00061 -5e-05)
(1e-05 0.00061 -5e-05)
(2e-05 0.00061 -5e-05)
(3e-05 0.00061 -5e-05)
(4e-05 0.00061 -5e-05)
(5e-05 0.00061 -5e-05)
(-5e-05 0.00062 -5e-05)
(-4e-05 0.00062 -5e-05)
(-3e-05 0.00062 -5e-05)
(-2e-05 0.00062 -5e-05)
(-1e-05 0.00062 -5e-05)
(0 0.00062 -5e-05)
(1e-05 0.00062 -5e-05)
(2e-05 0.00062 -5e-05)
(3e-05 0.00062 -5e-05)
(4e-05 0.00062 -5e-05)
(5e-05 0.00062 -5e-05)
(-5e-05 0.00063 -5e-05)
(-4e-05 0.00063 -5e-05)
(-3e-05 0.00063 -5e-05)
(-2e-05 0.00063 -5e-05)
(-1e-05 0.00063 -5e-05)
(0 0.00063 -5e-05)
(1e-05 0.00063 -5e-05)
(2e-05 0.00063 -5e-05)
(3e-05 0.00063 -5e-05)
(4e-05 0.00063 -5e-05)
(5e-05 0.00063 -5e-05)
(-5e-05 0.00064 -5e-05)
(-4e-05 0.00064 -5e-05)
(-3e-05 0.00064 -5e-05)
(-2e-05 0.00064 -5e-05)
(-1e-05 0.00064 -5e-05)
(0 0.00064 -5e-05)
(1e-05 0.00064 -5e-05)
(2e-05 0.00064 -5e-05)
(3e-05 0.00064 -5e-05)
(4e-05 0.00064 -5e-05)
(5e-05 0.00064 -5e-05)
(-5e-05 0.00065 -5e-05)
(-4e-05 0.00065 -5e-05)
(-3e-05 0.00065 -5e-05)
(-2e-05 0.00065 -5e-05)
(-1e-05 0.00065 -5e-05)
(0 0.00065 -5e-05)
(1e-05 0.00065 -5e-05)
(2e-05 0.00065 -5e-05)
(3e-05 0.00065 -5e-05)
(4e-05 0.00065 -5e-05)
(5e-05 0.00065 -5e-05)
(-5e-05 6e-05 -4e-05)
(-4e-05 6e-05 -4e-05)
(-3e-05 6e-05 -4e-05)
(-2e-05 6e-05 -4e-05)
(-1e-05 6e-05 -4e-05)
(0 6e-05 -4e-05)
(1e-05 6e-05 -4e-05)
(2e-05 6e-05 -4e-05)
(3e-05 6e-05 -4e-05)
(4e-05 6e-05 -4e-05)
(5e-05 6e-05 -4e-05)
(-5e-05 7e-05 -4e-05)
(-4e-05 7e-05 -4e-05)
(-3e-05 7e-05 -4e-05)
(-2e-05 7e-05 -4e-05)
(-1e-05 7e-05 -4e-05)
(0 7e-05 -4e-05)
(1e-05 7e-05 -4e-05)
(2e-05 7e-05 -4e-05)
(3e-05 7e-05 -4e-05)
(4e-05 7e-05 -4e-05)
(5e-05 7e-05 -4e-05)
(-5e-05 8e-05 -4e-05)
(-4e-05 8e-05 -4e-05)
(-3e-05 8e-05 -4e-05)
(-2e-05 8e-05 -4e-05)
(-1e-05 8e-05 -4e-05)
(0 8e-05 -4e-05)
(1e-05 8e-05 -4e-05)
(2e-05 8e-05 -4e-05)
(3e-05 8e-05 -4e-05)
(4e-05 8e-05 -4e-05)
(5e-05 8e-05 -4e-05)
(-5e-05 9e-05 -4e-05)
(-4e-05 9e-05 -4e-05)
(-3e-05 9e-05 -4e-05)
(-2e-05 9e-05 -4e-05)
(-1e-05 9e-05 -4e-05)
(0 9e-05 -4e-05)
(1e-05 9e-05 -4e-05)
(2e-05 9e-05 -4e-05)
(3e-05 9e-05 -4e-05)
(4e-05 9e-05 -4e-05)
(5e-05 9e-05 -4e-05)
(-5e-05 0.0001 -4e-05)
(-4e-05 0.0001 -4e-05)
(-3e-05 0.0001 -4e-05)
(-2e-05 0.0001 -4e-05)
(-1e-05 0.0001 -4e-05)
(0 0.0001 -4e-05)
(1e-05 0.0001 -4e-05)
(2e-05 0.0001 -4e-05)
(3e-05 0.0001 -4e-05)
(4e-05 0.0001 -4e-05)
(5e-05 0.0001 -4e-05)
(-5e-05 0.00011 -4e-05)
(-4e-05 0.00011 -4e-05)
(-3e-05 0.00011 -4e-05)
(-2e-05 0.00011 -4e-05)
(-1e-05 0.00011 -4e-05)
(0 0.00011 -4e-05)
(1e-05 0.00011 -4e-05)
(2e-05 0.00011 -4e-05)
(3e-05 0.00011 -4e-05)
(4e-05 0.00011 -4e-05)
(5e-05 0.00011 -4e-05)
(-5e-05 0.00012 -4e-05)
(-4e-05 0.00012 -4e-05)
(-3e-05 0.00012 -4e-05)
(-2e-05 0.00012 -4e-05)
(-1e-05 0.00012 -4e-05)
(0 0.00012 -4e-05)
(1e-05 0.00012 -4e-05)
(2e-05 0.00012 -4e-05)
(3e-05 0.00012 -4e-05)
(4e-05 0.00012 -4e-05)
(5e-05 0.00012 -4e-05)
(-5e-05 0.00013 -4e-05)
(-4e-05 0.00013 -4e-05)
(-3e-05 0.00013 -4e-05)
(-2e-05 0.00013 -4e-05)
(-1e-05 0.00013 -4e-05)
(0 0.00013 -4e-05)
(1e-05 0.00013 -4e-05)
(2e-05 0.00013 -4e-05)
(3e-05 0.00013 -4e-05)
(4e-05 0.00013 -4e-05)
(5e-05 0.00013 -4e-05)
(-5e-05 0.00014 -4e-05)
(-4e-05 0.00014 -4e-05)
(-3e-05 0.00014 -4e-05)
(-2e-05 0.00014 -4e-05)
(-1e-05 0.00014 -4e-05)
(0 0.00014 -4e-05)
(1e-05 0.00014 -4e-05)
(2e-05 0.00014 -4e-05)
(3e-05 0.00014 -4e-05)
(4e-05 0.00014 -4e-05)
(5e-05 0.00014 -4e-05)
(-5e-05 0.00015 -4e-05)
(-4e-05 0.00015 -4e-05)
(-3e-05 0.00015 -4e-05)
(-2e-05 0.00015 -4e-05)
(-1e-05 0.00015 -4e-05)
(0 0.00015 -4e-05)
(1e-05 0.00015 -4e-05)
(2e-05 0.00015 -4e-05)
(3e-05 0.00015 -4e-05)
(4e-05 0.00015 -4e-05)
(5e-05 0.00015 -4e-05)
(-5e-05 0.00016 -4e-05)
(-4e-05 0.00016 -4e-05)
(-3e-05 0.00016 -4e-05)
(-2e-05 0.00016 -4e-05)
(-1e-05 0.00016 -4e-05)
(0 0.00016 -4e-05)
(1e-05 0.00016 -4e-05)
(2e-05 0.00016 -4e-05)
(3e-05 0.00016 -4e-05)
(4e-05 0.00016 -4e-05)
(5e-05 0.00016 -4e-05)
(-5e-05 0.00017 -4e-05)
(-4e-05 0.00017 -4e-05)
(-3e-05 0.00017 -4e-05)
(-2e-05 0.00017 -4e-05)
(-1e-05 0.00017 -4e-05)
(0 0.00017 -4e-05)
(1e-05 0.00017 -4e-05)
(2e-05 0.00017 -4e-05)
(3e-05 0.00017 -4e-05)
(4e-05 0.00017 -4e-05)
(5e-05 0.00017 -4e-05)
(-5e-05 0.00018 -4e-05)
(-4e-05 0.00018 -4e-05)
(-3e-05 0.00018 -4e-05)
(-2e-05 0.00018 -4e-05)
(-1e-05 0.00018 -4e-05)
(0 0.00018 -4e-05)
(1e-05 0.00018 -4e-05)
(2e-05 0.00018 -4e-05)
(3e-05 0.00018 -4e-05)
(4e-05 0.00018 -4e-05)
(5e-05 0.00018 -4e-05)
(-5e-05 0.00019 -4e-05)
(-4e-05 0.00019 -4e-05)
(-3e-05 0.00019 -4e-05)
(-2e-05 0.00019 -4e-05)
(-1e-05 0.00019 -4e-05)
(0 0.00019 -4e-05)
(1e-05 0.00019 -4e-05)
(2e-05 0.00019 -4e-05)
(3e-05 0.00019 -4e-05)
(4e-05 0.00019 -4e-05)
(5e-05 0.00019 -4e-05)
(-5e-05 0.0002 -4e-05)
(-4e-05 0.0002 -4e-05)
(-3e-05 0.0002 -4e-05)
(-2e-05 0.0002 -4e-05)
(-1e-05 0.0002 -4e-05)
(0 0.0002 -4e-05)
(1e-05 0.0002 -4e-05)
(2e-05 0.0002 -4e-05)
(3e-05 0.0002 -4e-05)
(4e-05 0.0002 -4e-05)
(5e-05 0.0002 -4e-05)
(-5e-05 0.00021 -4e-05)
(-4e-05 0.00021 -4e-05)
(-3e-05 0.00021 -4e-05)
(-2e-05 0.00021 -4e-05)
(-1e-05 0.00021 -4e-05)
(0 0.00021 -4e-05)
(1e-05 0.00021 -4e-05)
(2e-05 0.00021 -4e-05)
(3e-05 0.00021 -4e-05)
(4e-05 0.00021 -4e-05)
(5e-05 0.00021 -4e-05)
(-5e-05 0.00022 -4e-05)
(-4e-05 0.00022 -4e-05)
(-3e-05 0.00022 -4e-05)
(-2e-05 0.00022 -4e-05)
(-1e-05 0.00022 -4e-05)
(0 0.00022 -4e-05)
(1e-05 0.00022 -4e-05)
(2e-05 0.00022 -4e-05)
(3e-05 0.00022 -4e-05)
(4e-05 0.00022 -4e-05)
(5e-05 0.00022 -4e-05)
(-5e-05 0.00023 -4e-05)
(-4e-05 0.00023 -4e-05)
(-3e-05 0.00023 -4e-05)
(-2e-05 0.00023 -4e-05)
(-1e-05 0.00023 -4e-05)
(0 0.00023 -4e-05)
(1e-05 0.00023 -4e-05)
(2e-05 0.00023 -4e-05)
(3e-05 0.00023 -4e-05)
(4e-05 0.00023 -4e-05)
(5e-05 0.00023 -4e-05)
(-5e-05 0.00024 -4e-05)
(-4e-05 0.00024 -4e-05)
(-3e-05 0.00024 -4e-05)
(-2e-05 0.00024 -4e-05)
(-1e-05 0.00024 -4e-05)
(0 0.00024 -4e-05)
(1e-05 0.00024 -4e-05)
(2e-05 0.00024 -4e-05)
(3e-05 0.00024 -4e-05)
(4e-05 0.00024 -4e-05)
(5e-05 0.00024 -4e-05)
(-5e-05 0.00025 -4e-05)
(-4e-05 0.00025 -4e-05)
(-3e-05 0.00025 -4e-05)
(-2e-05 0.00025 -4e-05)
(-1e-05 0.00025 -4e-05)
(0 0.00025 -4e-05)
(1e-05 0.00025 -4e-05)
(2e-05 0.00025 -4e-05)
(3e-05 0.00025 -4e-05)
(4e-05 0.00025 -4e-05)
(5e-05 0.00025 -4e-05)
(-5e-05 0.00026 -4e-05)
(-4e-05 0.00026 -4e-05)
(-3e-05 0.00026 -4e-05)
(-2e-05 0.00026 -4e-05)
(-1e-05 0.00026 -4e-05)
(0 0.00026 -4e-05)
(1e-05 0.00026 -4e-05)
(2e-05 0.00026 -4e-05)
(3e-05 0.00026 -4e-05)
(4e-05 0.00026 -4e-05)
(5e-05 0.00026 -4e-05)
(-5e-05 0.00027 -4e-05)
(-4e-05 0.00027 -4e-05)
(-3e-05 0.00027 -4e-05)
(-2e-05 0.00027 -4e-05)
(-1e-05 0.00027 -4e-05)
(0 0.00027 -4e-05)
(1e-05 0.00027 -4e-05)
(2e-05 0.00027 -4e-05)
(3e-05 0.00027 -4e-05)
(4e-05 0.00027 -4e-05)
(5e-05 0.00027 -4e-05)
(-5e-05 0.00028 -4e-05)
(-4e-05 0.00028 -4e-05)
(-3e-05 0.00028 -4e-05)
(-2e-05 0.00028 -4e-05)
(-1e-05 0.00028 -4e-05)
(0 0.00028 -4e-05)
(1e-05 0.00028 -4e-05)
(2e-05 0.00028 -4e-05)
(3e-05 0.00028 -4e-05)
(4e-05 0.00028 -4e-05)
(5e-05 0.00028 -4e-05)
(-5e-05 0.00029 -4e-05)
(-4e-05 0.00029 -4e-05)
(-3e-05 0.00029 -4e-05)
(-2e-05 0.00029 -4e-05)
(-1e-05 0.00029 -4e-05)
(0 0.00029 -4e-05)
(1e-05 0.00029 -4e-05)
(2e-05 0.00029 -4e-05)
(3e-05 0.00029 -4e-05)
(4e-05 0.00029 -4e-05)
(5e-05 0.00029 -4e-05)
(-5e-05 0.0003 -4e-05)
(-4e-05 0.0003 -4e-05)
(-3e-05 0.0003 -4e-05)
(-2e-05 0.0003 -4e-05)
(-1e-05 0.0003 -4e-05)
(0 0.0003 -4e-05)
(1e-05 0.0003 -4e-05)
(2e-05 0.0003 -4e-05)
(3e-05 0.0003 -4e-05)
(4e-05 0.0003 -4e-05)
(5e-05 0.0003 -4e-05)
(-5e-05 0.00031 -4e-05)
(-4e-05 0.00031 -4e-05)
(-3e-05 0.00031 -4e-05)
(-2e-05 0.00031 -4e-05)
(-1e-05 0.00031 -4e-05)
(0 0.00031 -4e-05)
(1e-05 0.00031 -4e-05)
(2e-05 0.00031 -4e-05)
(3e-05 0.00031 -4e-05)
(4e-05 0.00031 -4e-05)
(5e-05 0.00031 -4e-05)
(-5e-05 0.00032 -4e-05)
(-4e-05 0.00032 -4e-05)
(-3e-05 0.00032 -4e-05)
(-2e-05 0.00032 -4e-05)
(-1e-05 0.00032 -4e-05)
(0 0.00032 -4e-05)
(1e-05 0.00032 -4e-05)
(2e-05 0.00032 -4e-05)
(3e-05 0.00032 -4e-05)
(4e-05 0.00032 -4e-05)
(5e-05 0.00032 -4e-05)
(-5e-05 0.00033 -4e-05)
(-4e-05 0.00033 -4e-05)
(-3e-05 0.00033 -4e-05)
(-2e-05 0.00033 -4e-05)
(-1e-05 0.00033 -4e-05)
(0 0.00033 -4e-05)
(1e-05 0.00033 -4e-05)
(2e-05 0.00033 -4e-05)
(3e-05 0.00033 -4e-05)
(4e-05 0.00033 -4e-05)
(5e-05 0.00033 -4e-05)
(-5e-05 0.00034 -4e-05)
(-4e-05 0.00034 -4e-05)
(-3e-05 0.00034 -4e-05)
(-2e-05 0.00034 -4e-05)
(-1e-05 0.00034 -4e-05)
(0 0.00034 -4e-05)
(1e-05 0.00034 -4e-05)
(2e-05 0.00034 -4e-05)
(3e-05 0.00034 -4e-05)
(4e-05 0.00034 -4e-05)
(5e-05 0.00034 -4e-05)
(-5e-05 0.00035 -4e-05)
(-4e-05 0.00035 -4e-05)
(-3e-05 0.00035 -4e-05)
(-2e-05 0.00035 -4e-05)
(-1e-05 0.00035 -4e-05)
(0 0.00035 -4e-05)
(1e-05 0.00035 -4e-05)
(2e-05 0.00035 -4e-05)
(3e-05 0.00035 -4e-05)
(4e-05 0.00035 -4e-05)
(5e-05 0.00035 -4e-05)
(-5e-05 0.00036 -4e-05)
(-4e-05 0.00036 -4e-05)
(-3e-05 0.00036 -4e-05)
(-2e-05 0.00036 -4e-05)
(-1e-05 0.00036 -4e-05)
(0 0.00036 -4e-05)
(1e-05 0.00036 -4e-05)
(2e-05 0.00036 -4e-05)
(3e-05 0.00036 -4e-05)
(4e-05 0.00036 -4e-05)
(5e-05 0.00036 -4e-05)
(-5e-05 0.00037 -4e-05)
(-4e-05 0.00037 -4e-05)
(-3e-05 0.00037 -4e-05)
(-2e-05 0.00037 -4e-05)
(-1e-05 0.00037 -4e-05)
(0 0.00037 -4e-05)
(1e-05 0.00037 -4e-05)
(2e-05 0.00037 -4e-05)
(3e-05 0.00037 -4e-05)
(4e-05 0.00037 -4e-05)
(5e-05 0.00037 -4e-05)
(-5e-05 0.00038 -4e-05)
(-4e-05 0.00038 -4e-05)
(-3e-05 0.00038 -4e-05)
(-2e-05 0.00038 -4e-05)
(-1e-05 0.00038 -4e-05)
(0 0.00038 -4e-05)
(1e-05 0.00038 -4e-05)
(2e-05 0.00038 -4e-05)
(3e-05 0.00038 -4e-05)
(4e-05 0.00038 -4e-05)
(5e-05 0.00038 -4e-05)
(-5e-05 0.00039 -4e-05)
(-4e-05 0.00039 -4e-05)
(-3e-05 0.00039 -4e-05)
(-2e-05 0.00039 -4e-05)
(-1e-05 0.00039 -4e-05)
(0 0.00039 -4e-05)
(1e-05 0.00039 -4e-05)
(2e-05 0.00039 -4e-05)
(3e-05 0.00039 -4e-05)
(4e-05 0.00039 -4e-05)
(5e-05 0.00039 -4e-05)
(-5e-05 0.0004 -4e-05)
(-4e-05 0.0004 -4e-05)
(-3e-05 0.0004 -4e-05)
(-2e-05 0.0004 -4e-05)
(-1e-05 0.0004 -4e-05)
(0 0.0004 -4e-05)
(1e-05 0.0004 -4e-05)
(2e-05 0.0004 -4e-05)
(3e-05 0.0004 -4e-05)
(4e-05 0.0004 -4e-05)
(5e-05 0.0004 -4e-05)
(-5e-05 0.00041 -4e-05)
(-4e-05 0.00041 -4e-05)
(-3e-05 0.00041 -4e-05)
(-2e-05 0.00041 -4e-05)
(-1e-05 0.00041 -4e-05)
(0 0.00041 -4e-05)
(1e-05 0.00041 -4e-05)
(2e-05 0.00041 -4e-05)
(3e-05 0.00041 -4e-05)
(4e-05 0.00041 -4e-05)
(5e-05 0.00041 -4e-05)
(-5e-05 0.00042 -4e-05)
(-4e-05 0.00042 -4e-05)
(-3e-05 0.00042 -4e-05)
(-2e-05 0.00042 -4e-05)
(-1e-05 0.00042 -4e-05)
(0 0.00042 -4e-05)
(1e-05 0.00042 -4e-05)
(2e-05 0.00042 -4e-05)
(3e-05 0.00042 -4e-05)
(4e-05 0.00042 -4e-05)
(5e-05 0.00042 -4e-05)
(-5e-05 0.00043 -4e-05)
(-4e-05 0.00043 -4e-05)
(-3e-05 0.00043 -4e-05)
(-2e-05 0.00043 -4e-05)
(-1e-05 0.00043 -4e-05)
(0 0.00043 -4e-05)
(1e-05 0.00043 -4e-05)
(2e-05 0.00043 -4e-05)
(3e-05 0.00043 -4e-05)
(4e-05 0.00043 -4e-05)
(5e-05 0.00043 -4e-05)
(-5e-05 0.00044 -4e-05)
(-4e-05 0.00044 -4e-05)
(-3e-05 0.00044 -4e-05)
(-2e-05 0.00044 -4e-05)
(-1e-05 0.00044 -4e-05)
(0 0.00044 -4e-05)
(1e-05 0.00044 -4e-05)
(2e-05 0.00044 -4e-05)
(3e-05 0.00044 -4e-05)
(4e-05 0.00044 -4e-05)
(5e-05 0.00044 -4e-05)
(-5e-05 0.00045 -4e-05)
(-4e-05 0.00045 -4e-05)
(-3e-05 0.00045 -4e-05)
(-2e-05 0.00045 -4e-05)
(-1e-05 0.00045 -4e-05)
(0 0.00045 -4e-05)
(1e-05 0.00045 -4e-05)
(2e-05 0.00045 -4e-05)
(3e-05 0.00045 -4e-05)
(4e-05 0.00045 -4e-05)
(5e-05 0.00045 -4e-05)
(-5e-05 0.00046 -4e-05)
(-4e-05 0.00046 -4e-05)
(-3e-05 0.00046 -4e-05)
(-2e-05 0.00046 -4e-05)
(-1e-05 0.00046 -4e-05)
(0 0.00046 -4e-05)
(1e-05 0.00046 -4e-05)
(2e-05 0.00046 -4e-05)
(3e-05 0.00046 -4e-05)
(4e-05 0.00046 -4e-05)
(5e-05 0.00046 -4e-05)
(-5e-05 0.00047 -4e-05)
(-4e-05 0.00047 -4e-05)
(-3e-05 0.00047 -4e-05)
(-2e-05 0.00047 -4e-05)
(-1e-05 0.00047 -4e-05)
(0 0.00047 -4e-05)
(1e-05 0.00047 -4e-05)
(2e-05 0.00047 -4e-05)
(3e-05 0.00047 -4e-05)
(4e-05 0.00047 -4e-05)
(5e-05 0.00047 -4e-05)
(-5e-05 0.00048 -4e-05)
(-4e-05 0.00048 -4e-05)
(-3e-05 0.00048 -4e-05)
(-2e-05 0.00048 -4e-05)
(-1e-05 0.00048 -4e-05)
(0 0.00048 -4e-05)
(1e-05 0.00048 -4e-05)
(2e-05 0.00048 -4e-05)
(3e-05 0.00048 -4e-05)
(4e-05 0.00048 -4e-05)
(5e-05 0.00048 -4e-05)
(-5e-05 0.00049 -4e-05)
(-4e-05 0.00049 -4e-05)
(-3e-05 0.00049 -4e-05)
(-2e-05 0.00049 -4e-05)
(-1e-05 0.00049 -4e-05)
(0 0.00049 -4e-05)
(1e-05 0.00049 -4e-05)
(2e-05 0.00049 -4e-05)
(3e-05 0.00049 -4e-05)
(4e-05 0.00049 -4e-05)
(5e-05 0.00049 -4e-05)
(-5e-05 0.0005 -4e-05)
(-4e-05 0.0005 -4e-05)
(-3e-05 0.0005 -4e-05)
(-2e-05 0.0005 -4e-05)
(-1e-05 0.0005 -4e-05)
(0 0.0005 -4e-05)
(1e-05 0.0005 -4e-05)
(2e-05 0.0005 -4e-05)
(3e-05 0.0005 -4e-05)
(4e-05 0.0005 -4e-05)
(5e-05 0.0005 -4e-05)
(-5e-05 0.00051 -4e-05)
(-4e-05 0.00051 -4e-05)
(-3e-05 0.00051 -4e-05)
(-2e-05 0.00051 -4e-05)
(-1e-05 0.00051 -4e-05)
(0 0.00051 -4e-05)
(1e-05 0.00051 -4e-05)
(2e-05 0.00051 -4e-05)
(3e-05 0.00051 -4e-05)
(4e-05 0.00051 -4e-05)
(5e-05 0.00051 -4e-05)
(-5e-05 0.00052 -4e-05)
(-4e-05 0.00052 -4e-05)
(-3e-05 0.00052 -4e-05)
(-2e-05 0.00052 -4e-05)
(-1e-05 0.00052 -4e-05)
(0 0.00052 -4e-05)
(1e-05 0.00052 -4e-05)
(2e-05 0.00052 -4e-05)
(3e-05 0.00052 -4e-05)
(4e-05 0.00052 -4e-05)
(5e-05 0.00052 -4e-05)
(-5e-05 0.00053 -4e-05)
(-4e-05 0.00053 -4e-05)
(-3e-05 0.00053 -4e-05)
(-2e-05 0.00053 -4e-05)
(-1e-05 0.00053 -4e-05)
(0 0.00053 -4e-05)
(1e-05 0.00053 -4e-05)
(2e-05 0.00053 -4e-05)
(3e-05 0.00053 -4e-05)
(4e-05 0.00053 -4e-05)
(5e-05 0.00053 -4e-05)
(-5e-05 0.00054 -4e-05)
(-4e-05 0.00054 -4e-05)
(-3e-05 0.00054 -4e-05)
(-2e-05 0.00054 -4e-05)
(-1e-05 0.00054 -4e-05)
(0 0.00054 -4e-05)
(1e-05 0.00054 -4e-05)
(2e-05 0.00054 -4e-05)
(3e-05 0.00054 -4e-05)
(4e-05 0.00054 -4e-05)
(5e-05 0.00054 -4e-05)
(-5e-05 0.00055 -4e-05)
(-4e-05 0.00055 -4e-05)
(-3e-05 0.00055 -4e-05)
(-2e-05 0.00055 -4e-05)
(-1e-05 0.00055 -4e-05)
(0 0.00055 -4e-05)
(1e-05 0.00055 -4e-05)
(2e-05 0.00055 -4e-05)
(3e-05 0.00055 -4e-05)
(4e-05 0.00055 -4e-05)
(5e-05 0.00055 -4e-05)
(-5e-05 0.00056 -4e-05)
(-4e-05 0.00056 -4e-05)
(-3e-05 0.00056 -4e-05)
(-2e-05 0.00056 -4e-05)
(-1e-05 0.00056 -4e-05)
(0 0.00056 -4e-05)
(1e-05 0.00056 -4e-05)
(2e-05 0.00056 -4e-05)
(3e-05 0.00056 -4e-05)
(4e-05 0.00056 -4e-05)
(5e-05 0.00056 -4e-05)
(-5e-05 0.00057 -4e-05)
(-4e-05 0.00057 -4e-05)
(-3e-05 0.00057 -4e-05)
(-2e-05 0.00057 -4e-05)
(-1e-05 0.00057 -4e-05)
(0 0.00057 -4e-05)
(1e-05 0.00057 -4e-05)
(2e-05 0.00057 -4e-05)
(3e-05 0.00057 -4e-05)
(4e-05 0.00057 -4e-05)
(5e-05 0.00057 -4e-05)
(-5e-05 0.00058 -4e-05)
(-4e-05 0.00058 -4e-05)
(-3e-05 0.00058 -4e-05)
(-2e-05 0.00058 -4e-05)
(-1e-05 0.00058 -4e-05)
(0 0.00058 -4e-05)
(1e-05 0.00058 -4e-05)
(2e-05 0.00058 -4e-05)
(3e-05 0.00058 -4e-05)
(4e-05 0.00058 -4e-05)
(5e-05 0.00058 -4e-05)
(-5e-05 0.00059 -4e-05)
(-4e-05 0.00059 -4e-05)
(-3e-05 0.00059 -4e-05)
(-2e-05 0.00059 -4e-05)
(-1e-05 0.00059 -4e-05)
(0 0.00059 -4e-05)
(1e-05 0.00059 -4e-05)
(2e-05 0.00059 -4e-05)
(3e-05 0.00059 -4e-05)
(4e-05 0.00059 -4e-05)
(5e-05 0.00059 -4e-05)
(-5e-05 0.0006 -4e-05)
(-4e-05 0.0006 -4e-05)
(-3e-05 0.0006 -4e-05)
(-2e-05 0.0006 -4e-05)
(-1e-05 0.0006 -4e-05)
(0 0.0006 -4e-05)
(1e-05 0.0006 -4e-05)
(2e-05 0.0006 -4e-05)
(3e-05 0.0006 -4e-05)
(4e-05 0.0006 -4e-05)
(5e-05 0.0006 -4e-05)
(-5e-05 0.00061 -4e-05)
(-4e-05 0.00061 -4e-05)
(-3e-05 0.00061 -4e-05)
(-2e-05 0.00061 -4e-05)
(-1e-05 0.00061 -4e-05)
(0 0.00061 -4e-05)
(1e-05 0.00061 -4e-05)
(2e-05 0.00061 -4e-05)
(3e-05 0.00061 -4e-05)
(4e-05 0.00061 -4e-05)
(5e-05 0.00061 -4e-05)
(-5e-05 0.00062 -4e-05)
(-4e-05 0.00062 -4e-05)
(-3e-05 0.00062 -4e-05)
(-2e-05 0.00062 -4e-05)
(-1e-05 0.00062 -4e-05)
(0 0.00062 -4e-05)
(1e-05 0.00062 -4e-05)
(2e-05 0.00062 -4e-05)
(3e-05 0.00062 -4e-05)
(4e-05 0.00062 -4e-05)
(5e-05 0.00062 -4e-05)
(-5e-05 0.00063 -4e-05)
(-4e-05 0.00063 -4e-05)
(-3e-05 0.00063 -4e-05)
(-2e-05 0.00063 -4e-05)
(-1e-05 0.00063 -4e-05)
(0 0.00063 -4e-05)
(1e-05 0.00063 -4e-05)
(2e-05 0.00063 -4e-05)
(3e-05 0.00063 -4e-05)
(4e-05 0.00063 -4e-05)
(5e-05 0.00063 -4e-05)
(-5e-05 0.00064 -4e-05)
(-4e-05 0.00064 -4e-05)
(-3e-05 0.00064 -4e-05)
(-2e-05 0.00064 -4e-05)
(-1e-05 0.00064 -4e-05)
(0 0.00064 -4e-05)
(1e-05 0.00064 -4e-05)
(2e-05 0.00064 -4e-05)
(3e-05 0.00064 -4e-05)
(4e-05 0.00064 -4e-05)
(5e-05 0.00064 -4e-05)
(-5e-05 0.00065 -4e-05)
(-4e-05 0.00065 -4e-05)
(-3e-05 0.00065 -4e-05)
(-2e-05 0.00065 -4e-05)
(-1e-05 0.00065 -4e-05)
(0 0.00065 -4e-05)
(1e-05 0.00065 -4e-05)
(2e-05 0.00065 -4e-05)
(3e-05 0.00065 -4e-05)
(4e-05 0.00065 -4e-05)
(5e-05 0.00065 -4e-05)
(-5e-05 6e-05 -3e-05)
(-4e-05 6e-05 -3e-05)
(-3e-05 6e-05 -3e-05)
(-2e-05 6e-05 -3e-05)
(-1e-05 6e-05 -3e-05)
(0 6e-05 -3e-05)
(1e-05 6e-05 -3e-05)
(2e-05 6e-05 -3e-05)
(3e-05 6e-05 -3e-05)
(4e-05 6e-05 -3e-05)
(5e-05 6e-05 -3e-05)
(-5e-05 7e-05 -3e-05)
(-4e-05 7e-05 -3e-05)
(-3e-05 7e-05 -3e-05)
(-2e-05 7e-05 -3e-05)
(-1e-05 7e-05 -3e-05)
(0 7e-05 -3e-05)
(1e-05 7e-05 -3e-05)
(2e-05 7e-05 -3e-05)
(3e-05 7e-05 -3e-05)
(4e-05 7e-05 -3e-05)
(5e-05 7e-05 -3e-05)
(-5e-05 8e-05 -3e-05)
(-4e-05 8e-05 -3e-05)
(-3e-05 8e-05 -3e-05)
(-2e-05 8e-05 -3e-05)
(-1e-05 8e-05 -3e-05)
(0 8e-05 -3e-05)
(1e-05 8e-05 -3e-05)
(2e-05 8e-05 -3e-05)
(3e-05 8e-05 -3e-05)
(4e-05 8e-05 -3e-05)
(5e-05 8e-05 -3e-05)
(-5e-05 9e-05 -3e-05)
(-4e-05 9e-05 -3e-05)
(-3e-05 9e-05 -3e-05)
(-2e-05 9e-05 -3e-05)
(-1e-05 9e-05 -3e-05)
(0 9e-05 -3e-05)
(1e-05 9e-05 -3e-05)
(2e-05 9e-05 -3e-05)
(3e-05 9e-05 -3e-05)
(4e-05 9e-05 -3e-05)
(5e-05 9e-05 -3e-05)
(-5e-05 0.0001 -3e-05)
(-4e-05 0.0001 -3e-05)
(-3e-05 0.0001 -3e-05)
(-2e-05 0.0001 -3e-05)
(-1e-05 0.0001 -3e-05)
(0 0.0001 -3e-05)
(1e-05 0.0001 -3e-05)
(2e-05 0.0001 -3e-05)
(3e-05 0.0001 -3e-05)
(4e-05 0.0001 -3e-05)
(5e-05 0.0001 -3e-05)
(-5e-05 0.00011 -3e-05)
(-4e-05 0.00011 -3e-05)
(-3e-05 0.00011 -3e-05)
(-2e-05 0.00011 -3e-05)
(-1e-05 0.00011 -3e-05)
(0 0.00011 -3e-05)
(1e-05 0.00011 -3e-05)
(2e-05 0.00011 -3e-05)
(3e-05 0.00011 -3e-05)
(4e-05 0.00011 -3e-05)
(5e-05 0.00011 -3e-05)
(-5e-05 0.00012 -3e-05)
(-4e-05 0.00012 -3e-05)
(-3e-05 0.00012 -3e-05)
(-2e-05 0.00012 -3e-05)
(-1e-05 0.00012 -3e-05)
(0 0.00012 -3e-05)
(1e-05 0.00012 -3e-05)
(2e-05 0.00012 -3e-05)
(3e-05 0.00012 -3e-05)
(4e-05 0.00012 -3e-05)
(5e-05 0.00012 -3e-05)
(-5e-05 0.00013 -3e-05)
(-4e-05 0.00013 -3e-05)
(-3e-05 0.00013 -3e-05)
(-2e-05 0.00013 -3e-05)
(-1e-05 0.00013 -3e-05)
(0 0.00013 -3e-05)
(1e-05 0.00013 -3e-05)
(2e-05 0.00013 -3e-05)
(3e-05 0.00013 -3e-05)
(4e-05 0.00013 -3e-05)
(5e-05 0.00013 -3e-05)
(-5e-05 0.00014 -3e-05)
(-4e-05 0.00014 -3e-05)
(-3e-05 0.00014 -3e-05)
(-2e-05 0.00014 -3e-05)
(-1e-05 0.00014 -3e-05)
(0 0.00014 -3e-05)
(1e-05 0.00014 -3e-05)
(2e-05 0.00014 -3e-05)
(3e-05 0.00014 -3e-05)
(4e-05 0.00014 -3e-05)
(5e-05 0.00014 -3e-05)
(-5e-05 0.00015 -3e-05)
(-4e-05 0.00015 -3e-05)
(-3e-05 0.00015 -3e-05)
(-2e-05 0.00015 -3e-05)
(-1e-05 0.00015 -3e-05)
(0 0.00015 -3e-05)
(1e-05 0.00015 -3e-05)
(2e-05 0.00015 -3e-05)
(3e-05 0.00015 -3e-05)
(4e-05 0.00015 -3e-05)
(5e-05 0.00015 -3e-05)
(-5e-05 0.00016 -3e-05)
(-4e-05 0.00016 -3e-05)
(-3e-05 0.00016 -3e-05)
(-2e-05 0.00016 -3e-05)
(-1e-05 0.00016 -3e-05)
(0 0.00016 -3e-05)
(1e-05 0.00016 -3e-05)
(2e-05 0.00016 -3e-05)
(3e-05 0.00016 -3e-05)
(4e-05 0.00016 -3e-05)
(5e-05 0.00016 -3e-05)
(-5e-05 0.00017 -3e-05)
(-4e-05 0.00017 -3e-05)
(-3e-05 0.00017 -3e-05)
(-2e-05 0.00017 -3e-05)
(-1e-05 0.00017 -3e-05)
(0 0.00017 -3e-05)
(1e-05 0.00017 -3e-05)
(2e-05 0.00017 -3e-05)
(3e-05 0.00017 -3e-05)
(4e-05 0.00017 -3e-05)
(5e-05 0.00017 -3e-05)
(-5e-05 0.00018 -3e-05)
(-4e-05 0.00018 -3e-05)
(-3e-05 0.00018 -3e-05)
(-2e-05 0.00018 -3e-05)
(-1e-05 0.00018 -3e-05)
(0 0.00018 -3e-05)
(1e-05 0.00018 -3e-05)
(2e-05 0.00018 -3e-05)
(3e-05 0.00018 -3e-05)
(4e-05 0.00018 -3e-05)
(5e-05 0.00018 -3e-05)
(-5e-05 0.00019 -3e-05)
(-4e-05 0.00019 -3e-05)
(-3e-05 0.00019 -3e-05)
(-2e-05 0.00019 -3e-05)
(-1e-05 0.00019 -3e-05)
(0 0.00019 -3e-05)
(1e-05 0.00019 -3e-05)
(2e-05 0.00019 -3e-05)
(3e-05 0.00019 -3e-05)
(4e-05 0.00019 -3e-05)
(5e-05 0.00019 -3e-05)
(-5e-05 0.0002 -3e-05)
(-4e-05 0.0002 -3e-05)
(-3e-05 0.0002 -3e-05)
(-2e-05 0.0002 -3e-05)
(-1e-05 0.0002 -3e-05)
(0 0.0002 -3e-05)
(1e-05 0.0002 -3e-05)
(2e-05 0.0002 -3e-05)
(3e-05 0.0002 -3e-05)
(4e-05 0.0002 -3e-05)
(5e-05 0.0002 -3e-05)
(-5e-05 0.00021 -3e-05)
(-4e-05 0.00021 -3e-05)
(-3e-05 0.00021 -3e-05)
(-2e-05 0.00021 -3e-05)
(-1e-05 0.00021 -3e-05)
(0 0.00021 -3e-05)
(1e-05 0.00021 -3e-05)
(2e-05 0.00021 -3e-05)
(3e-05 0.00021 -3e-05)
(4e-05 0.00021 -3e-05)
(5e-05 0.00021 -3e-05)
(-5e-05 0.00022 -3e-05)
(-4e-05 0.00022 -3e-05)
(-3e-05 0.00022 -3e-05)
(-2e-05 0.00022 -3e-05)
(-1e-05 0.00022 -3e-05)
(0 0.00022 -3e-05)
(1e-05 0.00022 -3e-05)
(2e-05 0.00022 -3e-05)
(3e-05 0.00022 -3e-05)
(4e-05 0.00022 -3e-05)
(5e-05 0.00022 -3e-05)
(-5e-05 0.00023 -3e-05)
(-4e-05 0.00023 -3e-05)
(-3e-05 0.00023 -3e-05)
(-2e-05 0.00023 -3e-05)
(-1e-05 0.00023 -3e-05)
(0 0.00023 -3e-05)
(1e-05 0.00023 -3e-05)
(2e-05 0.00023 -3e-05)
(3e-05 0.00023 -3e-05)
(4e-05 0.00023 -3e-05)
(5e-05 0.00023 -3e-05)
(-5e-05 0.00024 -3e-05)
(-4e-05 0.00024 -3e-05)
(-3e-05 0.00024 -3e-05)
(-2e-05 0.00024 -3e-05)
(-1e-05 0.00024 -3e-05)
(0 0.00024 -3e-05)
(1e-05 0.00024 -3e-05)
(2e-05 0.00024 -3e-05)
(3e-05 0.00024 -3e-05)
(4e-05 0.00024 -3e-05)
(5e-05 0.00024 -3e-05)
(-5e-05 0.00025 -3e-05)
(-4e-05 0.00025 -3e-05)
(-3e-05 0.00025 -3e-05)
(-2e-05 0.00025 -3e-05)
(-1e-05 0.00025 -3e-05)
(0 0.00025 -3e-05)
(1e-05 0.00025 -3e-05)
(2e-05 0.00025 -3e-05)
(3e-05 0.00025 -3e-05)
(4e-05 0.00025 -3e-05)
(5e-05 0.00025 -3e-05)
(-5e-05 0.00026 -3e-05)
(-4e-05 0.00026 -3e-05)
(-3e-05 0.00026 -3e-05)
(-2e-05 0.00026 -3e-05)
(-1e-05 0.00026 -3e-05)
(0 0.00026 -3e-05)
(1e-05 0.00026 -3e-05)
(2e-05 0.00026 -3e-05)
(3e-05 0.00026 -3e-05)
(4e-05 0.00026 -3e-05)
(5e-05 0.00026 -3e-05)
(-5e-05 0.00027 -3e-05)
(-4e-05 0.00027 -3e-05)
(-3e-05 0.00027 -3e-05)
(-2e-05 0.00027 -3e-05)
(-1e-05 0.00027 -3e-05)
(0 0.00027 -3e-05)
(1e-05 0.00027 -3e-05)
(2e-05 0.00027 -3e-05)
(3e-05 0.00027 -3e-05)
(4e-05 0.00027 -3e-05)
(5e-05 0.00027 -3e-05)
(-5e-05 0.00028 -3e-05)
(-4e-05 0.00028 -3e-05)
(-3e-05 0.00028 -3e-05)
(-2e-05 0.00028 -3e-05)
(-1e-05 0.00028 -3e-05)
(0 0.00028 -3e-05)
(1e-05 0.00028 -3e-05)
(2e-05 0.00028 -3e-05)
(3e-05 0.00028 -3e-05)
(4e-05 0.00028 -3e-05)
(5e-05 0.00028 -3e-05)
(-5e-05 0.00029 -3e-05)
(-4e-05 0.00029 -3e-05)
(-3e-05 0.00029 -3e-05)
(-2e-05 0.00029 -3e-05)
(-1e-05 0.00029 -3e-05)
(0 0.00029 -3e-05)
(1e-05 0.00029 -3e-05)
(2e-05 0.00029 -3e-05)
(3e-05 0.00029 -3e-05)
(4e-05 0.00029 -3e-05)
(5e-05 0.00029 -3e-05)
(-5e-05 0.0003 -3e-05)
(-4e-05 0.0003 -3e-05)
(-3e-05 0.0003 -3e-05)
(-2e-05 0.0003 -3e-05)
(-1e-05 0.0003 -3e-05)
(0 0.0003 -3e-05)
(1e-05 0.0003 -3e-05)
(2e-05 0.0003 -3e-05)
(3e-05 0.0003 -3e-05)
(4e-05 0.0003 -3e-05)
(5e-05 0.0003 -3e-05)
(-5e-05 0.00031 -3e-05)
(-4e-05 0.00031 -3e-05)
(-3e-05 0.00031 -3e-05)
(-2e-05 0.00031 -3e-05)
(-1e-05 0.00031 -3e-05)
(0 0.00031 -3e-05)
(1e-05 0.00031 -3e-05)
(2e-05 0.00031 -3e-05)
(3e-05 0.00031 -3e-05)
(4e-05 0.00031 -3e-05)
(5e-05 0.00031 -3e-05)
(-5e-05 0.00032 -3e-05)
(-4e-05 0.00032 -3e-05)
(-3e-05 0.00032 -3e-05)
(-2e-05 0.00032 -3e-05)
(-1e-05 0.00032 -3e-05)
(0 0.00032 -3e-05)
(1e-05 0.00032 -3e-05)
(2e-05 0.00032 -3e-05)
(3e-05 0.00032 -3e-05)
(4e-05 0.00032 -3e-05)
(5e-05 0.00032 -3e-05)
(-5e-05 0.00033 -3e-05)
(-4e-05 0.00033 -3e-05)
(-3e-05 0.00033 -3e-05)
(-2e-05 0.00033 -3e-05)
(-1e-05 0.00033 -3e-05)
(0 0.00033 -3e-05)
(1e-05 0.00033 -3e-05)
(2e-05 0.00033 -3e-05)
(3e-05 0.00033 -3e-05)
(4e-05 0.00033 -3e-05)
(5e-05 0.00033 -3e-05)
(-5e-05 0.00034 -3e-05)
(-4e-05 0.00034 -3e-05)
(-3e-05 0.00034 -3e-05)
(-2e-05 0.00034 -3e-05)
(-1e-05 0.00034 -3e-05)
(0 0.00034 -3e-05)
(1e-05 0.00034 -3e-05)
(2e-05 0.00034 -3e-05)
(3e-05 0.00034 -3e-05)
(4e-05 0.00034 -3e-05)
(5e-05 0.00034 -3e-05)
(-5e-05 0.00035 -3e-05)
(-4e-05 0.00035 -3e-05)
(-3e-05 0.00035 -3e-05)
(-2e-05 0.00035 -3e-05)
(-1e-05 0.00035 -3e-05)
(0 0.00035 -3e-05)
(1e-05 0.00035 -3e-05)
(2e-05 0.00035 -3e-05)
(3e-05 0.00035 -3e-05)
(4e-05 0.00035 -3e-05)
(5e-05 0.00035 -3e-05)
(-5e-05 0.00036 -3e-05)
(-4e-05 0.00036 -3e-05)
(-3e-05 0.00036 -3e-05)
(-2e-05 0.00036 -3e-05)
(-1e-05 0.00036 -3e-05)
(0 0.00036 -3e-05)
(1e-05 0.00036 -3e-05)
(2e-05 0.00036 -3e-05)
(3e-05 0.00036 -3e-05)
(4e-05 0.00036 -3e-05)
(5e-05 0.00036 -3e-05)
(-5e-05 0.00037 -3e-05)
(-4e-05 0.00037 -3e-05)
(-3e-05 0.00037 -3e-05)
(-2e-05 0.00037 -3e-05)
(-1e-05 0.00037 -3e-05)
(0 0.00037 -3e-05)
(1e-05 0.00037 -3e-05)
(2e-05 0.00037 -3e-05)
(3e-05 0.00037 -3e-05)
(4e-05 0.00037 -3e-05)
(5e-05 0.00037 -3e-05)
(-5e-05 0.00038 -3e-05)
(-4e-05 0.00038 -3e-05)
(-3e-05 0.00038 -3e-05)
(-2e-05 0.00038 -3e-05)
(-1e-05 0.00038 -3e-05)
(0 0.00038 -3e-05)
(1e-05 0.00038 -3e-05)
(2e-05 0.00038 -3e-05)
(3e-05 0.00038 -3e-05)
(4e-05 0.00038 -3e-05)
(5e-05 0.00038 -3e-05)
(-5e-05 0.00039 -3e-05)
(-4e-05 0.00039 -3e-05)
(-3e-05 0.00039 -3e-05)
(-2e-05 0.00039 -3e-05)
(-1e-05 0.00039 -3e-05)
(0 0.00039 -3e-05)
(1e-05 0.00039 -3e-05)
(2e-05 0.00039 -3e-05)
(3e-05 0.00039 -3e-05)
(4e-05 0.00039 -3e-05)
(5e-05 0.00039 -3e-05)
(-5e-05 0.0004 -3e-05)
(-4e-05 0.0004 -3e-05)
(-3e-05 0.0004 -3e-05)
(-2e-05 0.0004 -3e-05)
(-1e-05 0.0004 -3e-05)
(0 0.0004 -3e-05)
(1e-05 0.0004 -3e-05)
(2e-05 0.0004 -3e-05)
(3e-05 0.0004 -3e-05)
(4e-05 0.0004 -3e-05)
(5e-05 0.0004 -3e-05)
(-5e-05 0.00041 -3e-05)
(-4e-05 0.00041 -3e-05)
(-3e-05 0.00041 -3e-05)
(-2e-05 0.00041 -3e-05)
(-1e-05 0.00041 -3e-05)
(0 0.00041 -3e-05)
(1e-05 0.00041 -3e-05)
(2e-05 0.00041 -3e-05)
(3e-05 0.00041 -3e-05)
(4e-05 0.00041 -3e-05)
(5e-05 0.00041 -3e-05)
(-5e-05 0.00042 -3e-05)
(-4e-05 0.00042 -3e-05)
(-3e-05 0.00042 -3e-05)
(-2e-05 0.00042 -3e-05)
(-1e-05 0.00042 -3e-05)
(0 0.00042 -3e-05)
(1e-05 0.00042 -3e-05)
(2e-05 0.00042 -3e-05)
(3e-05 0.00042 -3e-05)
(4e-05 0.00042 -3e-05)
(5e-05 0.00042 -3e-05)
(-5e-05 0.00043 -3e-05)
(-4e-05 0.00043 -3e-05)
(-3e-05 0.00043 -3e-05)
(-2e-05 0.00043 -3e-05)
(-1e-05 0.00043 -3e-05)
(0 0.00043 -3e-05)
(1e-05 0.00043 -3e-05)
(2e-05 0.00043 -3e-05)
(3e-05 0.00043 -3e-05)
(4e-05 0.00043 -3e-05)
(5e-05 0.00043 -3e-05)
(-5e-05 0.00044 -3e-05)
(-4e-05 0.00044 -3e-05)
(-3e-05 0.00044 -3e-05)
(-2e-05 0.00044 -3e-05)
(-1e-05 0.00044 -3e-05)
(0 0.00044 -3e-05)
(1e-05 0.00044 -3e-05)
(2e-05 0.00044 -3e-05)
(3e-05 0.00044 -3e-05)
(4e-05 0.00044 -3e-05)
(5e-05 0.00044 -3e-05)
(-5e-05 0.00045 -3e-05)
(-4e-05 0.00045 -3e-05)
(-3e-05 0.00045 -3e-05)
(-2e-05 0.00045 -3e-05)
(-1e-05 0.00045 -3e-05)
(0 0.00045 -3e-05)
(1e-05 0.00045 -3e-05)
(2e-05 0.00045 -3e-05)
(3e-05 0.00045 -3e-05)
(4e-05 0.00045 -3e-05)
(5e-05 0.00045 -3e-05)
(-5e-05 0.00046 -3e-05)
(-4e-05 0.00046 -3e-05)
(-3e-05 0.00046 -3e-05)
(-2e-05 0.00046 -3e-05)
(-1e-05 0.00046 -3e-05)
(0 0.00046 -3e-05)
(1e-05 0.00046 -3e-05)
(2e-05 0.00046 -3e-05)
(3e-05 0.00046 -3e-05)
(4e-05 0.00046 -3e-05)
(5e-05 0.00046 -3e-05)
(-5e-05 0.00047 -3e-05)
(-4e-05 0.00047 -3e-05)
(-3e-05 0.00047 -3e-05)
(-2e-05 0.00047 -3e-05)
(-1e-05 0.00047 -3e-05)
(0 0.00047 -3e-05)
(1e-05 0.00047 -3e-05)
(2e-05 0.00047 -3e-05)
(3e-05 0.00047 -3e-05)
(4e-05 0.00047 -3e-05)
(5e-05 0.00047 -3e-05)
(-5e-05 0.00048 -3e-05)
(-4e-05 0.00048 -3e-05)
(-3e-05 0.00048 -3e-05)
(-2e-05 0.00048 -3e-05)
(-1e-05 0.00048 -3e-05)
(0 0.00048 -3e-05)
(1e-05 0.00048 -3e-05)
(2e-05 0.00048 -3e-05)
(3e-05 0.00048 -3e-05)
(4e-05 0.00048 -3e-05)
(5e-05 0.00048 -3e-05)
(-5e-05 0.00049 -3e-05)
(-4e-05 0.00049 -3e-05)
(-3e-05 0.00049 -3e-05)
(-2e-05 0.00049 -3e-05)
(-1e-05 0.00049 -3e-05)
(0 0.00049 -3e-05)
(1e-05 0.00049 -3e-05)
(2e-05 0.00049 -3e-05)
(3e-05 0.00049 -3e-05)
(4e-05 0.00049 -3e-05)
(5e-05 0.00049 -3e-05)
(-5e-05 0.0005 -3e-05)
(-4e-05 0.0005 -3e-05)
(-3e-05 0.0005 -3e-05)
(-2e-05 0.0005 -3e-05)
(-1e-05 0.0005 -3e-05)
(0 0.0005 -3e-05)
(1e-05 0.0005 -3e-05)
(2e-05 0.0005 -3e-05)
(3e-05 0.0005 -3e-05)
(4e-05 0.0005 -3e-05)
(5e-05 0.0005 -3e-05)
(-5e-05 0.00051 -3e-05)
(-4e-05 0.00051 -3e-05)
(-3e-05 0.00051 -3e-05)
(-2e-05 0.00051 -3e-05)
(-1e-05 0.00051 -3e-05)
(0 0.00051 -3e-05)
(1e-05 0.00051 -3e-05)
(2e-05 0.00051 -3e-05)
(3e-05 0.00051 -3e-05)
(4e-05 0.00051 -3e-05)
(5e-05 0.00051 -3e-05)
(-5e-05 0.00052 -3e-05)
(-4e-05 0.00052 -3e-05)
(-3e-05 0.00052 -3e-05)
(-2e-05 0.00052 -3e-05)
(-1e-05 0.00052 -3e-05)
(0 0.00052 -3e-05)
(1e-05 0.00052 -3e-05)
(2e-05 0.00052 -3e-05)
(3e-05 0.00052 -3e-05)
(4e-05 0.00052 -3e-05)
(5e-05 0.00052 -3e-05)
(-5e-05 0.00053 -3e-05)
(-4e-05 0.00053 -3e-05)
(-3e-05 0.00053 -3e-05)
(-2e-05 0.00053 -3e-05)
(-1e-05 0.00053 -3e-05)
(0 0.00053 -3e-05)
(1e-05 0.00053 -3e-05)
(2e-05 0.00053 -3e-05)
(3e-05 0.00053 -3e-05)
(4e-05 0.00053 -3e-05)
(5e-05 0.00053 -3e-05)
(-5e-05 0.00054 -3e-05)
(-4e-05 0.00054 -3e-05)
(-3e-05 0.00054 -3e-05)
(-2e-05 0.00054 -3e-05)
(-1e-05 0.00054 -3e-05)
(0 0.00054 -3e-05)
(1e-05 0.00054 -3e-05)
(2e-05 0.00054 -3e-05)
(3e-05 0.00054 -3e-05)
(4e-05 0.00054 -3e-05)
(5e-05 0.00054 -3e-05)
(-5e-05 0.00055 -3e-05)
(-4e-05 0.00055 -3e-05)
(-3e-05 0.00055 -3e-05)
(-2e-05 0.00055 -3e-05)
(-1e-05 0.00055 -3e-05)
(0 0.00055 -3e-05)
(1e-05 0.00055 -3e-05)
(2e-05 0.00055 -3e-05)
(3e-05 0.00055 -3e-05)
(4e-05 0.00055 -3e-05)
(5e-05 0.00055 -3e-05)
(-5e-05 0.00056 -3e-05)
(-4e-05 0.00056 -3e-05)
(-3e-05 0.00056 -3e-05)
(-2e-05 0.00056 -3e-05)
(-1e-05 0.00056 -3e-05)
(0 0.00056 -3e-05)
(1e-05 0.00056 -3e-05)
(2e-05 0.00056 -3e-05)
(3e-05 0.00056 -3e-05)
(4e-05 0.00056 -3e-05)
(5e-05 0.00056 -3e-05)
(-5e-05 0.00057 -3e-05)
(-4e-05 0.00057 -3e-05)
(-3e-05 0.00057 -3e-05)
(-2e-05 0.00057 -3e-05)
(-1e-05 0.00057 -3e-05)
(0 0.00057 -3e-05)
(1e-05 0.00057 -3e-05)
(2e-05 0.00057 -3e-05)
(3e-05 0.00057 -3e-05)
(4e-05 0.00057 -3e-05)
(5e-05 0.00057 -3e-05)
(-5e-05 0.00058 -3e-05)
(-4e-05 0.00058 -3e-05)
(-3e-05 0.00058 -3e-05)
(-2e-05 0.00058 -3e-05)
(-1e-05 0.00058 -3e-05)
(0 0.00058 -3e-05)
(1e-05 0.00058 -3e-05)
(2e-05 0.00058 -3e-05)
(3e-05 0.00058 -3e-05)
(4e-05 0.00058 -3e-05)
(5e-05 0.00058 -3e-05)
(-5e-05 0.00059 -3e-05)
(-4e-05 0.00059 -3e-05)
(-3e-05 0.00059 -3e-05)
(-2e-05 0.00059 -3e-05)
(-1e-05 0.00059 -3e-05)
(0 0.00059 -3e-05)
(1e-05 0.00059 -3e-05)
(2e-05 0.00059 -3e-05)
(3e-05 0.00059 -3e-05)
(4e-05 0.00059 -3e-05)
(5e-05 0.00059 -3e-05)
(-5e-05 0.0006 -3e-05)
(-4e-05 0.0006 -3e-05)
(-3e-05 0.0006 -3e-05)
(-2e-05 0.0006 -3e-05)
(-1e-05 0.0006 -3e-05)
(0 0.0006 -3e-05)
(1e-05 0.0006 -3e-05)
(2e-05 0.0006 -3e-05)
(3e-05 0.0006 -3e-05)
(4e-05 0.0006 -3e-05)
(5e-05 0.0006 -3e-05)
(-5e-05 0.00061 -3e-05)
(-4e-05 0.00061 -3e-05)
(-3e-05 0.00061 -3e-05)
(-2e-05 0.00061 -3e-05)
(-1e-05 0.00061 -3e-05)
(0 0.00061 -3e-05)
(1e-05 0.00061 -3e-05)
(2e-05 0.00061 -3e-05)
(3e-05 0.00061 -3e-05)
(4e-05 0.00061 -3e-05)
(5e-05 0.00061 -3e-05)
(-5e-05 0.00062 -3e-05)
(-4e-05 0.00062 -3e-05)
(-3e-05 0.00062 -3e-05)
(-2e-05 0.00062 -3e-05)
(-1e-05 0.00062 -3e-05)
(0 0.00062 -3e-05)
(1e-05 0.00062 -3e-05)
(2e-05 0.00062 -3e-05)
(3e-05 0.00062 -3e-05)
(4e-05 0.00062 -3e-05)
(5e-05 0.00062 -3e-05)
(-5e-05 0.00063 -3e-05)
(-4e-05 0.00063 -3e-05)
(-3e-05 0.00063 -3e-05)
(-2e-05 0.00063 -3e-05)
(-1e-05 0.00063 -3e-05)
(0 0.00063 -3e-05)
(1e-05 0.00063 -3e-05)
(2e-05 0.00063 -3e-05)
(3e-05 0.00063 -3e-05)
(4e-05 0.00063 -3e-05)
(5e-05 0.00063 -3e-05)
(-5e-05 0.00064 -3e-05)
(-4e-05 0.00064 -3e-05)
(-3e-05 0.00064 -3e-05)
(-2e-05 0.00064 -3e-05)
(-1e-05 0.00064 -3e-05)
(0 0.00064 -3e-05)
(1e-05 0.00064 -3e-05)
(2e-05 0.00064 -3e-05)
(3e-05 0.00064 -3e-05)
(4e-05 0.00064 -3e-05)
(5e-05 0.00064 -3e-05)
(-5e-05 0.00065 -3e-05)
(-4e-05 0.00065 -3e-05)
(-3e-05 0.00065 -3e-05)
(-2e-05 0.00065 -3e-05)
(-1e-05 0.00065 -3e-05)
(0 0.00065 -3e-05)
(1e-05 0.00065 -3e-05)
(2e-05 0.00065 -3e-05)
(3e-05 0.00065 -3e-05)
(4e-05 0.00065 -3e-05)
(5e-05 0.00065 -3e-05)
(-5e-05 6e-05 -2e-05)
(-4e-05 6e-05 -2e-05)
(-3e-05 6e-05 -2e-05)
(-2e-05 6e-05 -2e-05)
(-1e-05 6e-05 -2e-05)
(0 6e-05 -2e-05)
(1e-05 6e-05 -2e-05)
(2e-05 6e-05 -2e-05)
(3e-05 6e-05 -2e-05)
(4e-05 6e-05 -2e-05)
(5e-05 6e-05 -2e-05)
(-5e-05 7e-05 -2e-05)
(-4e-05 7e-05 -2e-05)
(-3e-05 7e-05 -2e-05)
(-2e-05 7e-05 -2e-05)
(-1e-05 7e-05 -2e-05)
(0 7e-05 -2e-05)
(1e-05 7e-05 -2e-05)
(2e-05 7e-05 -2e-05)
(3e-05 7e-05 -2e-05)
(4e-05 7e-05 -2e-05)
(5e-05 7e-05 -2e-05)
(-5e-05 8e-05 -2e-05)
(-4e-05 8e-05 -2e-05)
(-3e-05 8e-05 -2e-05)
(-2e-05 8e-05 -2e-05)
(-1e-05 8e-05 -2e-05)
(0 8e-05 -2e-05)
(1e-05 8e-05 -2e-05)
(2e-05 8e-05 -2e-05)
(3e-05 8e-05 -2e-05)
(4e-05 8e-05 -2e-05)
(5e-05 8e-05 -2e-05)
(-5e-05 9e-05 -2e-05)
(-4e-05 9e-05 -2e-05)
(-3e-05 9e-05 -2e-05)
(-2e-05 9e-05 -2e-05)
(-1e-05 9e-05 -2e-05)
(0 9e-05 -2e-05)
(1e-05 9e-05 -2e-05)
(2e-05 9e-05 -2e-05)
(3e-05 9e-05 -2e-05)
(4e-05 9e-05 -2e-05)
(5e-05 9e-05 -2e-05)
(-5e-05 0.0001 -2e-05)
(-4e-05 0.0001 -2e-05)
(-3e-05 0.0001 -2e-05)
(-2e-05 0.0001 -2e-05)
(-1e-05 0.0001 -2e-05)
(0 0.0001 -2e-05)
(1e-05 0.0001 -2e-05)
(2e-05 0.0001 -2e-05)
(3e-05 0.0001 -2e-05)
(4e-05 0.0001 -2e-05)
(5e-05 0.0001 -2e-05)
(-5e-05 0.00011 -2e-05)
(-4e-05 0.00011 -2e-05)
(-3e-05 0.00011 -2e-05)
(-2e-05 0.00011 -2e-05)
(-1e-05 0.00011 -2e-05)
(0 0.00011 -2e-05)
(1e-05 0.00011 -2e-05)
(2e-05 0.00011 -2e-05)
(3e-05 0.00011 -2e-05)
(4e-05 0.00011 -2e-05)
(5e-05 0.00011 -2e-05)
(-5e-05 0.00012 -2e-05)
(-4e-05 0.00012 -2e-05)
(-3e-05 0.00012 -2e-05)
(-2e-05 0.00012 -2e-05)
(-1e-05 0.00012 -2e-05)
(0 0.00012 -2e-05)
(1e-05 0.00012 -2e-05)
(2e-05 0.00012 -2e-05)
(3e-05 0.00012 -2e-05)
(4e-05 0.00012 -2e-05)
(5e-05 0.00012 -2e-05)
(-5e-05 0.00013 -2e-05)
(-4e-05 0.00013 -2e-05)
(-3e-05 0.00013 -2e-05)
(-2e-05 0.00013 -2e-05)
(-1e-05 0.00013 -2e-05)
(0 0.00013 -2e-05)
(1e-05 0.00013 -2e-05)
(2e-05 0.00013 -2e-05)
(3e-05 0.00013 -2e-05)
(4e-05 0.00013 -2e-05)
(5e-05 0.00013 -2e-05)
(-5e-05 0.00014 -2e-05)
(-4e-05 0.00014 -2e-05)
(-3e-05 0.00014 -2e-05)
(-2e-05 0.00014 -2e-05)
(-1e-05 0.00014 -2e-05)
(0 0.00014 -2e-05)
(1e-05 0.00014 -2e-05)
(2e-05 0.00014 -2e-05)
(3e-05 0.00014 -2e-05)
(4e-05 0.00014 -2e-05)
(5e-05 0.00014 -2e-05)
(-5e-05 0.00015 -2e-05)
(-4e-05 0.00015 -2e-05)
(-3e-05 0.00015 -2e-05)
(-2e-05 0.00015 -2e-05)
(-1e-05 0.00015 -2e-05)
(0 0.00015 -2e-05)
(1e-05 0.00015 -2e-05)
(2e-05 0.00015 -2e-05)
(3e-05 0.00015 -2e-05)
(4e-05 0.00015 -2e-05)
(5e-05 0.00015 -2e-05)
(-5e-05 0.00016 -2e-05)
(-4e-05 0.00016 -2e-05)
(-3e-05 0.00016 -2e-05)
(-2e-05 0.00016 -2e-05)
(-1e-05 0.00016 -2e-05)
(0 0.00016 -2e-05)
(1e-05 0.00016 -2e-05)
(2e-05 0.00016 -2e-05)
(3e-05 0.00016 -2e-05)
(4e-05 0.00016 -2e-05)
(5e-05 0.00016 -2e-05)
(-5e-05 0.00017 -2e-05)
(-4e-05 0.00017 -2e-05)
(-3e-05 0.00017 -2e-05)
(-2e-05 0.00017 -2e-05)
(-1e-05 0.00017 -2e-05)
(0 0.00017 -2e-05)
(1e-05 0.00017 -2e-05)
(2e-05 0.00017 -2e-05)
(3e-05 0.00017 -2e-05)
(4e-05 0.00017 -2e-05)
(5e-05 0.00017 -2e-05)
(-5e-05 0.00018 -2e-05)
(-4e-05 0.00018 -2e-05)
(-3e-05 0.00018 -2e-05)
(-2e-05 0.00018 -2e-05)
(-1e-05 0.00018 -2e-05)
(0 0.00018 -2e-05)
(1e-05 0.00018 -2e-05)
(2e-05 0.00018 -2e-05)
(3e-05 0.00018 -2e-05)
(4e-05 0.00018 -2e-05)
(5e-05 0.00018 -2e-05)
(-5e-05 0.00019 -2e-05)
(-4e-05 0.00019 -2e-05)
(-3e-05 0.00019 -2e-05)
(-2e-05 0.00019 -2e-05)
(-1e-05 0.00019 -2e-05)
(0 0.00019 -2e-05)
(1e-05 0.00019 -2e-05)
(2e-05 0.00019 -2e-05)
(3e-05 0.00019 -2e-05)
(4e-05 0.00019 -2e-05)
(5e-05 0.00019 -2e-05)
(-5e-05 0.0002 -2e-05)
(-4e-05 0.0002 -2e-05)
(-3e-05 0.0002 -2e-05)
(-2e-05 0.0002 -2e-05)
(-1e-05 0.0002 -2e-05)
(0 0.0002 -2e-05)
(1e-05 0.0002 -2e-05)
(2e-05 0.0002 -2e-05)
(3e-05 0.0002 -2e-05)
(4e-05 0.0002 -2e-05)
(5e-05 0.0002 -2e-05)
(-5e-05 0.00021 -2e-05)
(-4e-05 0.00021 -2e-05)
(-3e-05 0.00021 -2e-05)
(-2e-05 0.00021 -2e-05)
(-1e-05 0.00021 -2e-05)
(0 0.00021 -2e-05)
(1e-05 0.00021 -2e-05)
(2e-05 0.00021 -2e-05)
(3e-05 0.00021 -2e-05)
(4e-05 0.00021 -2e-05)
(5e-05 0.00021 -2e-05)
(-5e-05 0.00022 -2e-05)
(-4e-05 0.00022 -2e-05)
(-3e-05 0.00022 -2e-05)
(-2e-05 0.00022 -2e-05)
(-1e-05 0.00022 -2e-05)
(0 0.00022 -2e-05)
(1e-05 0.00022 -2e-05)
(2e-05 0.00022 -2e-05)
(3e-05 0.00022 -2e-05)
(4e-05 0.00022 -2e-05)
(5e-05 0.00022 -2e-05)
(-5e-05 0.00023 -2e-05)
(-4e-05 0.00023 -2e-05)
(-3e-05 0.00023 -2e-05)
(-2e-05 0.00023 -2e-05)
(-1e-05 0.00023 -2e-05)
(0 0.00023 -2e-05)
(1e-05 0.00023 -2e-05)
(2e-05 0.00023 -2e-05)
(3e-05 0.00023 -2e-05)
(4e-05 0.00023 -2e-05)
(5e-05 0.00023 -2e-05)
(-5e-05 0.00024 -2e-05)
(-4e-05 0.00024 -2e-05)
(-3e-05 0.00024 -2e-05)
(-2e-05 0.00024 -2e-05)
(-1e-05 0.00024 -2e-05)
(0 0.00024 -2e-05)
(1e-05 0.00024 -2e-05)
(2e-05 0.00024 -2e-05)
(3e-05 0.00024 -2e-05)
(4e-05 0.00024 -2e-05)
(5e-05 0.00024 -2e-05)
(-5e-05 0.00025 -2e-05)
(-4e-05 0.00025 -2e-05)
(-3e-05 0.00025 -2e-05)
(-2e-05 0.00025 -2e-05)
(-1e-05 0.00025 -2e-05)
(0 0.00025 -2e-05)
(1e-05 0.00025 -2e-05)
(2e-05 0.00025 -2e-05)
(3e-05 0.00025 -2e-05)
(4e-05 0.00025 -2e-05)
(5e-05 0.00025 -2e-05)
(-5e-05 0.00026 -2e-05)
(-4e-05 0.00026 -2e-05)
(-3e-05 0.00026 -2e-05)
(-2e-05 0.00026 -2e-05)
(-1e-05 0.00026 -2e-05)
(0 0.00026 -2e-05)
(1e-05 0.00026 -2e-05)
(2e-05 0.00026 -2e-05)
(3e-05 0.00026 -2e-05)
(4e-05 0.00026 -2e-05)
(5e-05 0.00026 -2e-05)
(-5e-05 0.00027 -2e-05)
(-4e-05 0.00027 -2e-05)
(-3e-05 0.00027 -2e-05)
(-2e-05 0.00027 -2e-05)
(-1e-05 0.00027 -2e-05)
(0 0.00027 -2e-05)
(1e-05 0.00027 -2e-05)
(2e-05 0.00027 -2e-05)
(3e-05 0.00027 -2e-05)
(4e-05 0.00027 -2e-05)
(5e-05 0.00027 -2e-05)
(-5e-05 0.00028 -2e-05)
(-4e-05 0.00028 -2e-05)
(-3e-05 0.00028 -2e-05)
(-2e-05 0.00028 -2e-05)
(-1e-05 0.00028 -2e-05)
(0 0.00028 -2e-05)
(1e-05 0.00028 -2e-05)
(2e-05 0.00028 -2e-05)
(3e-05 0.00028 -2e-05)
(4e-05 0.00028 -2e-05)
(5e-05 0.00028 -2e-05)
(-5e-05 0.00029 -2e-05)
(-4e-05 0.00029 -2e-05)
(-3e-05 0.00029 -2e-05)
(-2e-05 0.00029 -2e-05)
(-1e-05 0.00029 -2e-05)
(0 0.00029 -2e-05)
(1e-05 0.00029 -2e-05)
(2e-05 0.00029 -2e-05)
(3e-05 0.00029 -2e-05)
(4e-05 0.00029 -2e-05)
(5e-05 0.00029 -2e-05)
(-5e-05 0.0003 -2e-05)
(-4e-05 0.0003 -2e-05)
(-3e-05 0.0003 -2e-05)
(-2e-05 0.0003 -2e-05)
(-1e-05 0.0003 -2e-05)
(0 0.0003 -2e-05)
(1e-05 0.0003 -2e-05)
(2e-05 0.0003 -2e-05)
(3e-05 0.0003 -2e-05)
(4e-05 0.0003 -2e-05)
(5e-05 0.0003 -2e-05)
(-5e-05 0.00031 -2e-05)
(-4e-05 0.00031 -2e-05)
(-3e-05 0.00031 -2e-05)
(-2e-05 0.00031 -2e-05)
(-1e-05 0.00031 -2e-05)
(0 0.00031 -2e-05)
(1e-05 0.00031 -2e-05)
(2e-05 0.00031 -2e-05)
(3e-05 0.00031 -2e-05)
(4e-05 0.00031 -2e-05)
(5e-05 0.00031 -2e-05)
(-5e-05 0.00032 -2e-05)
(-4e-05 0.00032 -2e-05)
(-3e-05 0.00032 -2e-05)
(-2e-05 0.00032 -2e-05)
(-1e-05 0.00032 -2e-05)
(0 0.00032 -2e-05)
(1e-05 0.00032 -2e-05)
(2e-05 0.00032 -2e-05)
(3e-05 0.00032 -2e-05)
(4e-05 0.00032 -2e-05)
(5e-05 0.00032 -2e-05)
(-5e-05 0.00033 -2e-05)
(-4e-05 0.00033 -2e-05)
(-3e-05 0.00033 -2e-05)
(-2e-05 0.00033 -2e-05)
(-1e-05 0.00033 -2e-05)
(0 0.00033 -2e-05)
(1e-05 0.00033 -2e-05)
(2e-05 0.00033 -2e-05)
(3e-05 0.00033 -2e-05)
(4e-05 0.00033 -2e-05)
(5e-05 0.00033 -2e-05)
(-5e-05 0.00034 -2e-05)
(-4e-05 0.00034 -2e-05)
(-3e-05 0.00034 -2e-05)
(-2e-05 0.00034 -2e-05)
(-1e-05 0.00034 -2e-05)
(0 0.00034 -2e-05)
(1e-05 0.00034 -2e-05)
(2e-05 0.00034 -2e-05)
(3e-05 0.00034 -2e-05)
(4e-05 0.00034 -2e-05)
(5e-05 0.00034 -2e-05)
(-5e-05 0.00035 -2e-05)
(-4e-05 0.00035 -2e-05)
(-3e-05 0.00035 -2e-05)
(-2e-05 0.00035 -2e-05)
(-1e-05 0.00035 -2e-05)
(0 0.00035 -2e-05)
(1e-05 0.00035 -2e-05)
(2e-05 0.00035 -2e-05)
(3e-05 0.00035 -2e-05)
(4e-05 0.00035 -2e-05)
(5e-05 0.00035 -2e-05)
(-5e-05 0.00036 -2e-05)
(-4e-05 0.00036 -2e-05)
(-3e-05 0.00036 -2e-05)
(-2e-05 0.00036 -2e-05)
(-1e-05 0.00036 -2e-05)
(0 0.00036 -2e-05)
(1e-05 0.00036 -2e-05)
(2e-05 0.00036 -2e-05)
(3e-05 0.00036 -2e-05)
(4e-05 0.00036 -2e-05)
(5e-05 0.00036 -2e-05)
(-5e-05 0.00037 -2e-05)
(-4e-05 0.00037 -2e-05)
(-3e-05 0.00037 -2e-05)
(-2e-05 0.00037 -2e-05)
(-1e-05 0.00037 -2e-05)
(0 0.00037 -2e-05)
(1e-05 0.00037 -2e-05)
(2e-05 0.00037 -2e-05)
(3e-05 0.00037 -2e-05)
(4e-05 0.00037 -2e-05)
(5e-05 0.00037 -2e-05)
(-5e-05 0.00038 -2e-05)
(-4e-05 0.00038 -2e-05)
(-3e-05 0.00038 -2e-05)
(-2e-05 0.00038 -2e-05)
(-1e-05 0.00038 -2e-05)
(0 0.00038 -2e-05)
(1e-05 0.00038 -2e-05)
(2e-05 0.00038 -2e-05)
(3e-05 0.00038 -2e-05)
(4e-05 0.00038 -2e-05)
(5e-05 0.00038 -2e-05)
(-5e-05 0.00039 -2e-05)
(-4e-05 0.00039 -2e-05)
(-3e-05 0.00039 -2e-05)
(-2e-05 0.00039 -2e-05)
(-1e-05 0.00039 -2e-05)
(0 0.00039 -2e-05)
(1e-05 0.00039 -2e-05)
(2e-05 0.00039 -2e-05)
(3e-05 0.00039 -2e-05)
(4e-05 0.00039 -2e-05)
(5e-05 0.00039 -2e-05)
(-5e-05 0.0004 -2e-05)
(-4e-05 0.0004 -2e-05)
(-3e-05 0.0004 -2e-05)
(-2e-05 0.0004 -2e-05)
(-1e-05 0.0004 -2e-05)
(0 0.0004 -2e-05)
(1e-05 0.0004 -2e-05)
(2e-05 0.0004 -2e-05)
(3e-05 0.0004 -2e-05)
(4e-05 0.0004 -2e-05)
(5e-05 0.0004 -2e-05)
(-5e-05 0.00041 -2e-05)
(-4e-05 0.00041 -2e-05)
(-3e-05 0.00041 -2e-05)
(-2e-05 0.00041 -2e-05)
(-1e-05 0.00041 -2e-05)
(0 0.00041 -2e-05)
(1e-05 0.00041 -2e-05)
(2e-05 0.00041 -2e-05)
(3e-05 0.00041 -2e-05)
(4e-05 0.00041 -2e-05)
(5e-05 0.00041 -2e-05)
(-5e-05 0.00042 -2e-05)
(-4e-05 0.00042 -2e-05)
(-3e-05 0.00042 -2e-05)
(-2e-05 0.00042 -2e-05)
(-1e-05 0.00042 -2e-05)
(0 0.00042 -2e-05)
(1e-05 0.00042 -2e-05)
(2e-05 0.00042 -2e-05)
(3e-05 0.00042 -2e-05)
(4e-05 0.00042 -2e-05)
(5e-05 0.00042 -2e-05)
(-5e-05 0.00043 -2e-05)
(-4e-05 0.00043 -2e-05)
(-3e-05 0.00043 -2e-05)
(-2e-05 0.00043 -2e-05)
(-1e-05 0.00043 -2e-05)
(0 0.00043 -2e-05)
(1e-05 0.00043 -2e-05)
(2e-05 0.00043 -2e-05)
(3e-05 0.00043 -2e-05)
(4e-05 0.00043 -2e-05)
(5e-05 0.00043 -2e-05)
(-5e-05 0.00044 -2e-05)
(-4e-05 0.00044 -2e-05)
(-3e-05 0.00044 -2e-05)
(-2e-05 0.00044 -2e-05)
(-1e-05 0.00044 -2e-05)
(0 0.00044 -2e-05)
(1e-05 0.00044 -2e-05)
(2e-05 0.00044 -2e-05)
(3e-05 0.00044 -2e-05)
(4e-05 0.00044 -2e-05)
(5e-05 0.00044 -2e-05)
(-5e-05 0.00045 -2e-05)
(-4e-05 0.00045 -2e-05)
(-3e-05 0.00045 -2e-05)
(-2e-05 0.00045 -2e-05)
(-1e-05 0.00045 -2e-05)
(0 0.00045 -2e-05)
(1e-05 0.00045 -2e-05)
(2e-05 0.00045 -2e-05)
(3e-05 0.00045 -2e-05)
(4e-05 0.00045 -2e-05)
(5e-05 0.00045 -2e-05)
(-5e-05 0.00046 -2e-05)
(-4e-05 0.00046 -2e-05)
(-3e-05 0.00046 -2e-05)
(-2e-05 0.00046 -2e-05)
(-1e-05 0.00046 -2e-05)
(0 0.00046 -2e-05)
(1e-05 0.00046 -2e-05)
(2e-05 0.00046 -2e-05)
(3e-05 0.00046 -2e-05)
(4e-05 0.00046 -2e-05)
(5e-05 0.00046 -2e-05)
(-5e-05 0.00047 -2e-05)
(-4e-05 0.00047 -2e-05)
(-3e-05 0.00047 -2e-05)
(-2e-05 0.00047 -2e-05)
(-1e-05 0.00047 -2e-05)
(0 0.00047 -2e-05)
(1e-05 0.00047 -2e-05)
(2e-05 0.00047 -2e-05)
(3e-05 0.00047 -2e-05)
(4e-05 0.00047 -2e-05)
(5e-05 0.00047 -2e-05)
(-5e-05 0.00048 -2e-05)
(-4e-05 0.00048 -2e-05)
(-3e-05 0.00048 -2e-05)
(-2e-05 0.00048 -2e-05)
(-1e-05 0.00048 -2e-05)
(0 0.00048 -2e-05)
(1e-05 0.00048 -2e-05)
(2e-05 0.00048 -2e-05)
(3e-05 0.00048 -2e-05)
(4e-05 0.00048 -2e-05)
(5e-05 0.00048 -2e-05)
(-5e-05 0.00049 -2e-05)
(-4e-05 0.00049 -2e-05)
(-3e-05 0.00049 -2e-05)
(-2e-05 0.00049 -2e-05)
(-1e-05 0.00049 -2e-05)
(0 0.00049 -2e-05)
(1e-05 0.00049 -2e-05)
(2e-05 0.00049 -2e-05)
(3e-05 0.00049 -2e-05)
(4e-05 0.00049 -2e-05)
(5e-05 0.00049 -2e-05)
(-5e-05 0.0005 -2e-05)
(-4e-05 0.0005 -2e-05)
(-3e-05 0.0005 -2e-05)
(-2e-05 0.0005 -2e-05)
(-1e-05 0.0005 -2e-05)
(0 0.0005 -2e-05)
(1e-05 0.0005 -2e-05)
(2e-05 0.0005 -2e-05)
(3e-05 0.0005 -2e-05)
(4e-05 0.0005 -2e-05)
(5e-05 0.0005 -2e-05)
(-5e-05 0.00051 -2e-05)
(-4e-05 0.00051 -2e-05)
(-3e-05 0.00051 -2e-05)
(-2e-05 0.00051 -2e-05)
(-1e-05 0.00051 -2e-05)
(0 0.00051 -2e-05)
(1e-05 0.00051 -2e-05)
(2e-05 0.00051 -2e-05)
(3e-05 0.00051 -2e-05)
(4e-05 0.00051 -2e-05)
(5e-05 0.00051 -2e-05)
(-5e-05 0.00052 -2e-05)
(-4e-05 0.00052 -2e-05)
(-3e-05 0.00052 -2e-05)
(-2e-05 0.00052 -2e-05)
(-1e-05 0.00052 -2e-05)
(0 0.00052 -2e-05)
(1e-05 0.00052 -2e-05)
(2e-05 0.00052 -2e-05)
(3e-05 0.00052 -2e-05)
(4e-05 0.00052 -2e-05)
(5e-05 0.00052 -2e-05)
(-5e-05 0.00053 -2e-05)
(-4e-05 0.00053 -2e-05)
(-3e-05 0.00053 -2e-05)
(-2e-05 0.00053 -2e-05)
(-1e-05 0.00053 -2e-05)
(0 0.00053 -2e-05)
(1e-05 0.00053 -2e-05)
(2e-05 0.00053 -2e-05)
(3e-05 0.00053 -2e-05)
(4e-05 0.00053 -2e-05)
(5e-05 0.00053 -2e-05)
(-5e-05 0.00054 -2e-05)
(-4e-05 0.00054 -2e-05)
(-3e-05 0.00054 -2e-05)
(-2e-05 0.00054 -2e-05)
(-1e-05 0.00054 -2e-05)
(0 0.00054 -2e-05)
(1e-05 0.00054 -2e-05)
(2e-05 0.00054 -2e-05)
(3e-05 0.00054 -2e-05)
(4e-05 0.00054 -2e-05)
(5e-05 0.00054 -2e-05)
(-5e-05 0.00055 -2e-05)
(-4e-05 0.00055 -2e-05)
(-3e-05 0.00055 -2e-05)
(-2e-05 0.00055 -2e-05)
(-1e-05 0.00055 -2e-05)
(0 0.00055 -2e-05)
(1e-05 0.00055 -2e-05)
(2e-05 0.00055 -2e-05)
(3e-05 0.00055 -2e-05)
(4e-05 0.00055 -2e-05)
(5e-05 0.00055 -2e-05)
(-5e-05 0.00056 -2e-05)
(-4e-05 0.00056 -2e-05)
(-3e-05 0.00056 -2e-05)
(-2e-05 0.00056 -2e-05)
(-1e-05 0.00056 -2e-05)
(0 0.00056 -2e-05)
(1e-05 0.00056 -2e-05)
(2e-05 0.00056 -2e-05)
(3e-05 0.00056 -2e-05)
(4e-05 0.00056 -2e-05)
(5e-05 0.00056 -2e-05)
(-5e-05 0.00057 -2e-05)
(-4e-05 0.00057 -2e-05)
(-3e-05 0.00057 -2e-05)
(-2e-05 0.00057 -2e-05)
(-1e-05 0.00057 -2e-05)
(0 0.00057 -2e-05)
(1e-05 0.00057 -2e-05)
(2e-05 0.00057 -2e-05)
(3e-05 0.00057 -2e-05)
(4e-05 0.00057 -2e-05)
(5e-05 0.00057 -2e-05)
(-5e-05 0.00058 -2e-05)
(-4e-05 0.00058 -2e-05)
(-3e-05 0.00058 -2e-05)
(-2e-05 0.00058 -2e-05)
(-1e-05 0.00058 -2e-05)
(0 0.00058 -2e-05)
(1e-05 0.00058 -2e-05)
(2e-05 0.00058 -2e-05)
(3e-05 0.00058 -2e-05)
(4e-05 0.00058 -2e-05)
(5e-05 0.00058 -2e-05)
(-5e-05 0.00059 -2e-05)
(-4e-05 0.00059 -2e-05)
(-3e-05 0.00059 -2e-05)
(-2e-05 0.00059 -2e-05)
(-1e-05 0.00059 -2e-05)
(0 0.00059 -2e-05)
(1e-05 0.00059 -2e-05)
(2e-05 0.00059 -2e-05)
(3e-05 0.00059 -2e-05)
(4e-05 0.00059 -2e-05)
(5e-05 0.00059 -2e-05)
(-5e-05 0.0006 -2e-05)
(-4e-05 0.0006 -2e-05)
(-3e-05 0.0006 -2e-05)
(-2e-05 0.0006 -2e-05)
(-1e-05 0.0006 -2e-05)
(0 0.0006 -2e-05)
(1e-05 0.0006 -2e-05)
(2e-05 0.0006 -2e-05)
(3e-05 0.0006 -2e-05)
(4e-05 0.0006 -2e-05)
(5e-05 0.0006 -2e-05)
(-5e-05 0.00061 -2e-05)
(-4e-05 0.00061 -2e-05)
(-3e-05 0.00061 -2e-05)
(-2e-05 0.00061 -2e-05)
(-1e-05 0.00061 -2e-05)
(0 0.00061 -2e-05)
(1e-05 0.00061 -2e-05)
(2e-05 0.00061 -2e-05)
(3e-05 0.00061 -2e-05)
(4e-05 0.00061 -2e-05)
(5e-05 0.00061 -2e-05)
(-5e-05 0.00062 -2e-05)
(-4e-05 0.00062 -2e-05)
(-3e-05 0.00062 -2e-05)
(-2e-05 0.00062 -2e-05)
(-1e-05 0.00062 -2e-05)
(0 0.00062 -2e-05)
(1e-05 0.00062 -2e-05)
(2e-05 0.00062 -2e-05)
(3e-05 0.00062 -2e-05)
(4e-05 0.00062 -2e-05)
(5e-05 0.00062 -2e-05)
(-5e-05 0.00063 -2e-05)
(-4e-05 0.00063 -2e-05)
(-3e-05 0.00063 -2e-05)
(-2e-05 0.00063 -2e-05)
(-1e-05 0.00063 -2e-05)
(0 0.00063 -2e-05)
(1e-05 0.00063 -2e-05)
(2e-05 0.00063 -2e-05)
(3e-05 0.00063 -2e-05)
(4e-05 0.00063 -2e-05)
(5e-05 0.00063 -2e-05)
(-5e-05 0.00064 -2e-05)
(-4e-05 0.00064 -2e-05)
(-3e-05 0.00064 -2e-05)
(-2e-05 0.00064 -2e-05)
(-1e-05 0.00064 -2e-05)
(0 0.00064 -2e-05)
(1e-05 0.00064 -2e-05)
(2e-05 0.00064 -2e-05)
(3e-05 0.00064 -2e-05)
(4e-05 0.00064 -2e-05)
(5e-05 0.00064 -2e-05)
(-5e-05 0.00065 -2e-05)
(-4e-05 0.00065 -2e-05)
(-3e-05 0.00065 -2e-05)
(-2e-05 0.00065 -2e-05)
(-1e-05 0.00065 -2e-05)
(0 0.00065 -2e-05)
(1e-05 0.00065 -2e-05)
(2e-05 0.00065 -2e-05)
(3e-05 0.00065 -2e-05)
(4e-05 0.00065 -2e-05)
(5e-05 0.00065 -2e-05)
(-5e-05 6e-05 -1e-05)
(-4e-05 6e-05 -1e-05)
(-3e-05 6e-05 -1e-05)
(-2e-05 6e-05 -1e-05)
(-1e-05 6e-05 -1e-05)
(0 6e-05 -1e-05)
(1e-05 6e-05 -1e-05)
(2e-05 6e-05 -1e-05)
(3e-05 6e-05 -1e-05)
(4e-05 6e-05 -1e-05)
(5e-05 6e-05 -1e-05)
(-5e-05 7e-05 -1e-05)
(-4e-05 7e-05 -1e-05)
(-3e-05 7e-05 -1e-05)
(-2e-05 7e-05 -1e-05)
(-1e-05 7e-05 -1e-05)
(0 7e-05 -1e-05)
(1e-05 7e-05 -1e-05)
(2e-05 7e-05 -1e-05)
(3e-05 7e-05 -1e-05)
(4e-05 7e-05 -1e-05)
(5e-05 7e-05 -1e-05)
(-5e-05 8e-05 -1e-05)
(-4e-05 8e-05 -1e-05)
(-3e-05 8e-05 -1e-05)
(-2e-05 8e-05 -1e-05)
(-1e-05 8e-05 -1e-05)
(0 8e-05 -1e-05)
(1e-05 8e-05 -1e-05)
(2e-05 8e-05 -1e-05)
(3e-05 8e-05 -1e-05)
(4e-05 8e-05 -1e-05)
(5e-05 8e-05 -1e-05)
(-5e-05 9e-05 -1e-05)
(-4e-05 9e-05 -1e-05)
(-3e-05 9e-05 -1e-05)
(-2e-05 9e-05 -1e-05)
(-1e-05 9e-05 -1e-05)
(0 9e-05 -1e-05)
(1e-05 9e-05 -1e-05)
(2e-05 9e-05 -1e-05)
(3e-05 9e-05 -1e-05)
(4e-05 9e-05 -1e-05)
(5e-05 9e-05 -1e-05)
(-5e-05 0.0001 -1e-05)
(-4e-05 0.0001 -1e-05)
(-3e-05 0.0001 -1e-05)
(-2e-05 0.0001 -1e-05)
(-1e-05 0.0001 -1e-05)
(0 0.0001 -1e-05)
(1e-05 0.0001 -1e-05)
(2e-05 0.0001 -1e-05)
(3e-05 0.0001 -1e-05)
(4e-05 0.0001 -1e-05)
(5e-05 0.0001 -1e-05)
(-5e-05 0.00011 -1e-05)
(-4e-05 0.00011 -1e-05)
(-3e-05 0.00011 -1e-05)
(-2e-05 0.00011 -1e-05)
(-1e-05 0.00011 -1e-05)
(0 0.00011 -1e-05)
(1e-05 0.00011 -1e-05)
(2e-05 0.00011 -1e-05)
(3e-05 0.00011 -1e-05)
(4e-05 0.00011 -1e-05)
(5e-05 0.00011 -1e-05)
(-5e-05 0.00012 -1e-05)
(-4e-05 0.00012 -1e-05)
(-3e-05 0.00012 -1e-05)
(-2e-05 0.00012 -1e-05)
(-1e-05 0.00012 -1e-05)
(0 0.00012 -1e-05)
(1e-05 0.00012 -1e-05)
(2e-05 0.00012 -1e-05)
(3e-05 0.00012 -1e-05)
(4e-05 0.00012 -1e-05)
(5e-05 0.00012 -1e-05)
(-5e-05 0.00013 -1e-05)
(-4e-05 0.00013 -1e-05)
(-3e-05 0.00013 -1e-05)
(-2e-05 0.00013 -1e-05)
(-1e-05 0.00013 -1e-05)
(0 0.00013 -1e-05)
(1e-05 0.00013 -1e-05)
(2e-05 0.00013 -1e-05)
(3e-05 0.00013 -1e-05)
(4e-05 0.00013 -1e-05)
(5e-05 0.00013 -1e-05)
(-5e-05 0.00014 -1e-05)
(-4e-05 0.00014 -1e-05)
(-3e-05 0.00014 -1e-05)
(-2e-05 0.00014 -1e-05)
(-1e-05 0.00014 -1e-05)
(0 0.00014 -1e-05)
(1e-05 0.00014 -1e-05)
(2e-05 0.00014 -1e-05)
(3e-05 0.00014 -1e-05)
(4e-05 0.00014 -1e-05)
(5e-05 0.00014 -1e-05)
(-5e-05 0.00015 -1e-05)
(-4e-05 0.00015 -1e-05)
(-3e-05 0.00015 -1e-05)
(-2e-05 0.00015 -1e-05)
(-1e-05 0.00015 -1e-05)
(0 0.00015 -1e-05)
(1e-05 0.00015 -1e-05)
(2e-05 0.00015 -1e-05)
(3e-05 0.00015 -1e-05)
(4e-05 0.00015 -1e-05)
(5e-05 0.00015 -1e-05)
(-5e-05 0.00016 -1e-05)
(-4e-05 0.00016 -1e-05)
(-3e-05 0.00016 -1e-05)
(-2e-05 0.00016 -1e-05)
(-1e-05 0.00016 -1e-05)
(0 0.00016 -1e-05)
(1e-05 0.00016 -1e-05)
(2e-05 0.00016 -1e-05)
(3e-05 0.00016 -1e-05)
(4e-05 0.00016 -1e-05)
(5e-05 0.00016 -1e-05)
(-5e-05 0.00017 -1e-05)
(-4e-05 0.00017 -1e-05)
(-3e-05 0.00017 -1e-05)
(-2e-05 0.00017 -1e-05)
(-1e-05 0.00017 -1e-05)
(0 0.00017 -1e-05)
(1e-05 0.00017 -1e-05)
(2e-05 0.00017 -1e-05)
(3e-05 0.00017 -1e-05)
(4e-05 0.00017 -1e-05)
(5e-05 0.00017 -1e-05)
(-5e-05 0.00018 -1e-05)
(-4e-05 0.00018 -1e-05)
(-3e-05 0.00018 -1e-05)
(-2e-05 0.00018 -1e-05)
(-1e-05 0.00018 -1e-05)
(0 0.00018 -1e-05)
(1e-05 0.00018 -1e-05)
(2e-05 0.00018 -1e-05)
(3e-05 0.00018 -1e-05)
(4e-05 0.00018 -1e-05)
(5e-05 0.00018 -1e-05)
(-5e-05 0.00019 -1e-05)
(-4e-05 0.00019 -1e-05)
(-3e-05 0.00019 -1e-05)
(-2e-05 0.00019 -1e-05)
(-1e-05 0.00019 -1e-05)
(0 0.00019 -1e-05)
(1e-05 0.00019 -1e-05)
(2e-05 0.00019 -1e-05)
(3e-05 0.00019 -1e-05)
(4e-05 0.00019 -1e-05)
(5e-05 0.00019 -1e-05)
(-5e-05 0.0002 -1e-05)
(-4e-05 0.0002 -1e-05)
(-3e-05 0.0002 -1e-05)
(-2e-05 0.0002 -1e-05)
(-1e-05 0.0002 -1e-05)
(0 0.0002 -1e-05)
(1e-05 0.0002 -1e-05)
(2e-05 0.0002 -1e-05)
(3e-05 0.0002 -1e-05)
(4e-05 0.0002 -1e-05)
(5e-05 0.0002 -1e-05)
(-5e-05 0.00021 -1e-05)
(-4e-05 0.00021 -1e-05)
(-3e-05 0.00021 -1e-05)
(-2e-05 0.00021 -1e-05)
(-1e-05 0.00021 -1e-05)
(0 0.00021 -1e-05)
(1e-05 0.00021 -1e-05)
(2e-05 0.00021 -1e-05)
(3e-05 0.00021 -1e-05)
(4e-05 0.00021 -1e-05)
(5e-05 0.00021 -1e-05)
(-5e-05 0.00022 -1e-05)
(-4e-05 0.00022 -1e-05)
(-3e-05 0.00022 -1e-05)
(-2e-05 0.00022 -1e-05)
(-1e-05 0.00022 -1e-05)
(0 0.00022 -1e-05)
(1e-05 0.00022 -1e-05)
(2e-05 0.00022 -1e-05)
(3e-05 0.00022 -1e-05)
(4e-05 0.00022 -1e-05)
(5e-05 0.00022 -1e-05)
(-5e-05 0.00023 -1e-05)
(-4e-05 0.00023 -1e-05)
(-3e-05 0.00023 -1e-05)
(-2e-05 0.00023 -1e-05)
(-1e-05 0.00023 -1e-05)
(0 0.00023 -1e-05)
(1e-05 0.00023 -1e-05)
(2e-05 0.00023 -1e-05)
(3e-05 0.00023 -1e-05)
(4e-05 0.00023 -1e-05)
(5e-05 0.00023 -1e-05)
(-5e-05 0.00024 -1e-05)
(-4e-05 0.00024 -1e-05)
(-3e-05 0.00024 -1e-05)
(-2e-05 0.00024 -1e-05)
(-1e-05 0.00024 -1e-05)
(0 0.00024 -1e-05)
(1e-05 0.00024 -1e-05)
(2e-05 0.00024 -1e-05)
(3e-05 0.00024 -1e-05)
(4e-05 0.00024 -1e-05)
(5e-05 0.00024 -1e-05)
(-5e-05 0.00025 -1e-05)
(-4e-05 0.00025 -1e-05)
(-3e-05 0.00025 -1e-05)
(-2e-05 0.00025 -1e-05)
(-1e-05 0.00025 -1e-05)
(0 0.00025 -1e-05)
(1e-05 0.00025 -1e-05)
(2e-05 0.00025 -1e-05)
(3e-05 0.00025 -1e-05)
(4e-05 0.00025 -1e-05)
(5e-05 0.00025 -1e-05)
(-5e-05 0.00026 -1e-05)
(-4e-05 0.00026 -1e-05)
(-3e-05 0.00026 -1e-05)
(-2e-05 0.00026 -1e-05)
(-1e-05 0.00026 -1e-05)
(0 0.00026 -1e-05)
(1e-05 0.00026 -1e-05)
(2e-05 0.00026 -1e-05)
(3e-05 0.00026 -1e-05)
(4e-05 0.00026 -1e-05)
(5e-05 0.00026 -1e-05)
(-5e-05 0.00027 -1e-05)
(-4e-05 0.00027 -1e-05)
(-3e-05 0.00027 -1e-05)
(-2e-05 0.00027 -1e-05)
(-1e-05 0.00027 -1e-05)
(0 0.00027 -1e-05)
(1e-05 0.00027 -1e-05)
(2e-05 0.00027 -1e-05)
(3e-05 0.00027 -1e-05)
(4e-05 0.00027 -1e-05)
(5e-05 0.00027 -1e-05)
(-5e-05 0.00028 -1e-05)
(-4e-05 0.00028 -1e-05)
(-3e-05 0.00028 -1e-05)
(-2e-05 0.00028 -1e-05)
(-1e-05 0.00028 -1e-05)
(0 0.00028 -1e-05)
(1e-05 0.00028 -1e-05)
(2e-05 0.00028 -1e-05)
(3e-05 0.00028 -1e-05)
(4e-05 0.00028 -1e-05)
(5e-05 0.00028 -1e-05)
(-5e-05 0.00029 -1e-05)
(-4e-05 0.00029 -1e-05)
(-3e-05 0.00029 -1e-05)
(-2e-05 0.00029 -1e-05)
(-1e-05 0.00029 -1e-05)
(0 0.00029 -1e-05)
(1e-05 0.00029 -1e-05)
(2e-05 0.00029 -1e-05)
(3e-05 0.00029 -1e-05)
(4e-05 0.00029 -1e-05)
(5e-05 0.00029 -1e-05)
(-5e-05 0.0003 -1e-05)
(-4e-05 0.0003 -1e-05)
(-3e-05 0.0003 -1e-05)
(-2e-05 0.0003 -1e-05)
(-1e-05 0.0003 -1e-05)
(0 0.0003 -1e-05)
(1e-05 0.0003 -1e-05)
(2e-05 0.0003 -1e-05)
(3e-05 0.0003 -1e-05)
(4e-05 0.0003 -1e-05)
(5e-05 0.0003 -1e-05)
(-5e-05 0.00031 -1e-05)
(-4e-05 0.00031 -1e-05)
(-3e-05 0.00031 -1e-05)
(-2e-05 0.00031 -1e-05)
(-1e-05 0.00031 -1e-05)
(0 0.00031 -1e-05)
(1e-05 0.00031 -1e-05)
(2e-05 0.00031 -1e-05)
(3e-05 0.00031 -1e-05)
(4e-05 0.00031 -1e-05)
(5e-05 0.00031 -1e-05)
(-5e-05 0.00032 -1e-05)
(-4e-05 0.00032 -1e-05)
(-3e-05 0.00032 -1e-05)
(-2e-05 0.00032 -1e-05)
(-1e-05 0.00032 -1e-05)
(0 0.00032 -1e-05)
(1e-05 0.00032 -1e-05)
(2e-05 0.00032 -1e-05)
(3e-05 0.00032 -1e-05)
(4e-05 0.00032 -1e-05)
(5e-05 0.00032 -1e-05)
(-5e-05 0.00033 -1e-05)
(-4e-05 0.00033 -1e-05)
(-3e-05 0.00033 -1e-05)
(-2e-05 0.00033 -1e-05)
(-1e-05 0.00033 -1e-05)
(0 0.00033 -1e-05)
(1e-05 0.00033 -1e-05)
(2e-05 0.00033 -1e-05)
(3e-05 0.00033 -1e-05)
(4e-05 0.00033 -1e-05)
(5e-05 0.00033 -1e-05)
(-5e-05 0.00034 -1e-05)
(-4e-05 0.00034 -1e-05)
(-3e-05 0.00034 -1e-05)
(-2e-05 0.00034 -1e-05)
(-1e-05 0.00034 -1e-05)
(0 0.00034 -1e-05)
(1e-05 0.00034 -1e-05)
(2e-05 0.00034 -1e-05)
(3e-05 0.00034 -1e-05)
(4e-05 0.00034 -1e-05)
(5e-05 0.00034 -1e-05)
(-5e-05 0.00035 -1e-05)
(-4e-05 0.00035 -1e-05)
(-3e-05 0.00035 -1e-05)
(-2e-05 0.00035 -1e-05)
(-1e-05 0.00035 -1e-05)
(0 0.00035 -1e-05)
(1e-05 0.00035 -1e-05)
(2e-05 0.00035 -1e-05)
(3e-05 0.00035 -1e-05)
(4e-05 0.00035 -1e-05)
(5e-05 0.00035 -1e-05)
(-5e-05 0.00036 -1e-05)
(-4e-05 0.00036 -1e-05)
(-3e-05 0.00036 -1e-05)
(-2e-05 0.00036 -1e-05)
(-1e-05 0.00036 -1e-05)
(0 0.00036 -1e-05)
(1e-05 0.00036 -1e-05)
(2e-05 0.00036 -1e-05)
(3e-05 0.00036 -1e-05)
(4e-05 0.00036 -1e-05)
(5e-05 0.00036 -1e-05)
(-5e-05 0.00037 -1e-05)
(-4e-05 0.00037 -1e-05)
(-3e-05 0.00037 -1e-05)
(-2e-05 0.00037 -1e-05)
(-1e-05 0.00037 -1e-05)
(0 0.00037 -1e-05)
(1e-05 0.00037 -1e-05)
(2e-05 0.00037 -1e-05)
(3e-05 0.00037 -1e-05)
(4e-05 0.00037 -1e-05)
(5e-05 0.00037 -1e-05)
(-5e-05 0.00038 -1e-05)
(-4e-05 0.00038 -1e-05)
(-3e-05 0.00038 -1e-05)
(-2e-05 0.00038 -1e-05)
(-1e-05 0.00038 -1e-05)
(0 0.00038 -1e-05)
(1e-05 0.00038 -1e-05)
(2e-05 0.00038 -1e-05)
(3e-05 0.00038 -1e-05)
(4e-05 0.00038 -1e-05)
(5e-05 0.00038 -1e-05)
(-5e-05 0.00039 -1e-05)
(-4e-05 0.00039 -1e-05)
(-3e-05 0.00039 -1e-05)
(-2e-05 0.00039 -1e-05)
(-1e-05 0.00039 -1e-05)
(0 0.00039 -1e-05)
(1e-05 0.00039 -1e-05)
(2e-05 0.00039 -1e-05)
(3e-05 0.00039 -1e-05)
(4e-05 0.00039 -1e-05)
(5e-05 0.00039 -1e-05)
(-5e-05 0.0004 -1e-05)
(-4e-05 0.0004 -1e-05)
(-3e-05 0.0004 -1e-05)
(-2e-05 0.0004 -1e-05)
(-1e-05 0.0004 -1e-05)
(0 0.0004 -1e-05)
(1e-05 0.0004 -1e-05)
(2e-05 0.0004 -1e-05)
(3e-05 0.0004 -1e-05)
(4e-05 0.0004 -1e-05)
(5e-05 0.0004 -1e-05)
(-5e-05 0.00041 -1e-05)
(-4e-05 0.00041 -1e-05)
(-3e-05 0.00041 -1e-05)
(-2e-05 0.00041 -1e-05)
(-1e-05 0.00041 -1e-05)
(0 0.00041 -1e-05)
(1e-05 0.00041 -1e-05)
(2e-05 0.00041 -1e-05)
(3e-05 0.00041 -1e-05)
(4e-05 0.00041 -1e-05)
(5e-05 0.00041 -1e-05)
(-5e-05 0.00042 -1e-05)
(-4e-05 0.00042 -1e-05)
(-3e-05 0.00042 -1e-05)
(-2e-05 0.00042 -1e-05)
(-1e-05 0.00042 -1e-05)
(0 0.00042 -1e-05)
(1e-05 0.00042 -1e-05)
(2e-05 0.00042 -1e-05)
(3e-05 0.00042 -1e-05)
(4e-05 0.00042 -1e-05)
(5e-05 0.00042 -1e-05)
(-5e-05 0.00043 -1e-05)
(-4e-05 0.00043 -1e-05)
(-3e-05 0.00043 -1e-05)
(-2e-05 0.00043 -1e-05)
(-1e-05 0.00043 -1e-05)
(0 0.00043 -1e-05)
(1e-05 0.00043 -1e-05)
(2e-05 0.00043 -1e-05)
(3e-05 0.00043 -1e-05)
(4e-05 0.00043 -1e-05)
(5e-05 0.00043 -1e-05)
(-5e-05 0.00044 -1e-05)
(-4e-05 0.00044 -1e-05)
(-3e-05 0.00044 -1e-05)
(-2e-05 0.00044 -1e-05)
(-1e-05 0.00044 -1e-05)
(0 0.00044 -1e-05)
(1e-05 0.00044 -1e-05)
(2e-05 0.00044 -1e-05)
(3e-05 0.00044 -1e-05)
(4e-05 0.00044 -1e-05)
(5e-05 0.00044 -1e-05)
(-5e-05 0.00045 -1e-05)
(-4e-05 0.00045 -1e-05)
(-3e-05 0.00045 -1e-05)
(-2e-05 0.00045 -1e-05)
(-1e-05 0.00045 -1e-05)
(0 0.00045 -1e-05)
(1e-05 0.00045 -1e-05)
(2e-05 0.00045 -1e-05)
(3e-05 0.00045 -1e-05)
(4e-05 0.00045 -1e-05)
(5e-05 0.00045 -1e-05)
(-5e-05 0.00046 -1e-05)
(-4e-05 0.00046 -1e-05)
(-3e-05 0.00046 -1e-05)
(-2e-05 0.00046 -1e-05)
(-1e-05 0.00046 -1e-05)
(0 0.00046 -1e-05)
(1e-05 0.00046 -1e-05)
(2e-05 0.00046 -1e-05)
(3e-05 0.00046 -1e-05)
(4e-05 0.00046 -1e-05)
(5e-05 0.00046 -1e-05)
(-5e-05 0.00047 -1e-05)
(-4e-05 0.00047 -1e-05)
(-3e-05 0.00047 -1e-05)
(-2e-05 0.00047 -1e-05)
(-1e-05 0.00047 -1e-05)
(0 0.00047 -1e-05)
(1e-05 0.00047 -1e-05)
(2e-05 0.00047 -1e-05)
(3e-05 0.00047 -1e-05)
(4e-05 0.00047 -1e-05)
(5e-05 0.00047 -1e-05)
(-5e-05 0.00048 -1e-05)
(-4e-05 0.00048 -1e-05)
(-3e-05 0.00048 -1e-05)
(-2e-05 0.00048 -1e-05)
(-1e-05 0.00048 -1e-05)
(0 0.00048 -1e-05)
(1e-05 0.00048 -1e-05)
(2e-05 0.00048 -1e-05)
(3e-05 0.00048 -1e-05)
(4e-05 0.00048 -1e-05)
(5e-05 0.00048 -1e-05)
(-5e-05 0.00049 -1e-05)
(-4e-05 0.00049 -1e-05)
(-3e-05 0.00049 -1e-05)
(-2e-05 0.00049 -1e-05)
(-1e-05 0.00049 -1e-05)
(0 0.00049 -1e-05)
(1e-05 0.00049 -1e-05)
(2e-05 0.00049 -1e-05)
(3e-05 0.00049 -1e-05)
(4e-05 0.00049 -1e-05)
(5e-05 0.00049 -1e-05)
(-5e-05 0.0005 -1e-05)
(-4e-05 0.0005 -1e-05)
(-3e-05 0.0005 -1e-05)
(-2e-05 0.0005 -1e-05)
(-1e-05 0.0005 -1e-05)
(0 0.0005 -1e-05)
(1e-05 0.0005 -1e-05)
(2e-05 0.0005 -1e-05)
(3e-05 0.0005 -1e-05)
(4e-05 0.0005 -1e-05)
(5e-05 0.0005 -1e-05)
(-5e-05 0.00051 -1e-05)
(-4e-05 0.00051 -1e-05)
(-3e-05 0.00051 -1e-05)
(-2e-05 0.00051 -1e-05)
(-1e-05 0.00051 -1e-05)
(0 0.00051 -1e-05)
(1e-05 0.00051 -1e-05)
(2e-05 0.00051 -1e-05)
(3e-05 0.00051 -1e-05)
(4e-05 0.00051 -1e-05)
(5e-05 0.00051 -1e-05)
(-5e-05 0.00052 -1e-05)
(-4e-05 0.00052 -1e-05)
(-3e-05 0.00052 -1e-05)
(-2e-05 0.00052 -1e-05)
(-1e-05 0.00052 -1e-05)
(0 0.00052 -1e-05)
(1e-05 0.00052 -1e-05)
(2e-05 0.00052 -1e-05)
(3e-05 0.00052 -1e-05)
(4e-05 0.00052 -1e-05)
(5e-05 0.00052 -1e-05)
(-5e-05 0.00053 -1e-05)
(-4e-05 0.00053 -1e-05)
(-3e-05 0.00053 -1e-05)
(-2e-05 0.00053 -1e-05)
(-1e-05 0.00053 -1e-05)
(0 0.00053 -1e-05)
(1e-05 0.00053 -1e-05)
(2e-05 0.00053 -1e-05)
(3e-05 0.00053 -1e-05)
(4e-05 0.00053 -1e-05)
(5e-05 0.00053 -1e-05)
(-5e-05 0.00054 -1e-05)
(-4e-05 0.00054 -1e-05)
(-3e-05 0.00054 -1e-05)
(-2e-05 0.00054 -1e-05)
(-1e-05 0.00054 -1e-05)
(0 0.00054 -1e-05)
(1e-05 0.00054 -1e-05)
(2e-05 0.00054 -1e-05)
(3e-05 0.00054 -1e-05)
(4e-05 0.00054 -1e-05)
(5e-05 0.00054 -1e-05)
(-5e-05 0.00055 -1e-05)
(-4e-05 0.00055 -1e-05)
(-3e-05 0.00055 -1e-05)
(-2e-05 0.00055 -1e-05)
(-1e-05 0.00055 -1e-05)
(0 0.00055 -1e-05)
(1e-05 0.00055 -1e-05)
(2e-05 0.00055 -1e-05)
(3e-05 0.00055 -1e-05)
(4e-05 0.00055 -1e-05)
(5e-05 0.00055 -1e-05)
(-5e-05 0.00056 -1e-05)
(-4e-05 0.00056 -1e-05)
(-3e-05 0.00056 -1e-05)
(-2e-05 0.00056 -1e-05)
(-1e-05 0.00056 -1e-05)
(0 0.00056 -1e-05)
(1e-05 0.00056 -1e-05)
(2e-05 0.00056 -1e-05)
(3e-05 0.00056 -1e-05)
(4e-05 0.00056 -1e-05)
(5e-05 0.00056 -1e-05)
(-5e-05 0.00057 -1e-05)
(-4e-05 0.00057 -1e-05)
(-3e-05 0.00057 -1e-05)
(-2e-05 0.00057 -1e-05)
(-1e-05 0.00057 -1e-05)
(0 0.00057 -1e-05)
(1e-05 0.00057 -1e-05)
(2e-05 0.00057 -1e-05)
(3e-05 0.00057 -1e-05)
(4e-05 0.00057 -1e-05)
(5e-05 0.00057 -1e-05)
(-5e-05 0.00058 -1e-05)
(-4e-05 0.00058 -1e-05)
(-3e-05 0.00058 -1e-05)
(-2e-05 0.00058 -1e-05)
(-1e-05 0.00058 -1e-05)
(0 0.00058 -1e-05)
(1e-05 0.00058 -1e-05)
(2e-05 0.00058 -1e-05)
(3e-05 0.00058 -1e-05)
(4e-05 0.00058 -1e-05)
(5e-05 0.00058 -1e-05)
(-5e-05 0.00059 -1e-05)
(-4e-05 0.00059 -1e-05)
(-3e-05 0.00059 -1e-05)
(-2e-05 0.00059 -1e-05)
(-1e-05 0.00059 -1e-05)
(0 0.00059 -1e-05)
(1e-05 0.00059 -1e-05)
(2e-05 0.00059 -1e-05)
(3e-05 0.00059 -1e-05)
(4e-05 0.00059 -1e-05)
(5e-05 0.00059 -1e-05)
(-5e-05 0.0006 -1e-05)
(-4e-05 0.0006 -1e-05)
(-3e-05 0.0006 -1e-05)
(-2e-05 0.0006 -1e-05)
(-1e-05 0.0006 -1e-05)
(0 0.0006 -1e-05)
(1e-05 0.0006 -1e-05)
(2e-05 0.0006 -1e-05)
(3e-05 0.0006 -1e-05)
(4e-05 0.0006 -1e-05)
(5e-05 0.0006 -1e-05)
(-5e-05 0.00061 -1e-05)
(-4e-05 0.00061 -1e-05)
(-3e-05 0.00061 -1e-05)
(-2e-05 0.00061 -1e-05)
(-1e-05 0.00061 -1e-05)
(0 0.00061 -1e-05)
(1e-05 0.00061 -1e-05)
(2e-05 0.00061 -1e-05)
(3e-05 0.00061 -1e-05)
(4e-05 0.00061 -1e-05)
(5e-05 0.00061 -1e-05)
(-5e-05 0.00062 -1e-05)
(-4e-05 0.00062 -1e-05)
(-3e-05 0.00062 -1e-05)
(-2e-05 0.00062 -1e-05)
(-1e-05 0.00062 -1e-05)
(0 0.00062 -1e-05)
(1e-05 0.00062 -1e-05)
(2e-05 0.00062 -1e-05)
(3e-05 0.00062 -1e-05)
(4e-05 0.00062 -1e-05)
(5e-05 0.00062 -1e-05)
(-5e-05 0.00063 -1e-05)
(-4e-05 0.00063 -1e-05)
(-3e-05 0.00063 -1e-05)
(-2e-05 0.00063 -1e-05)
(-1e-05 0.00063 -1e-05)
(0 0.00063 -1e-05)
(1e-05 0.00063 -1e-05)
(2e-05 0.00063 -1e-05)
(3e-05 0.00063 -1e-05)
(4e-05 0.00063 -1e-05)
(5e-05 0.00063 -1e-05)
(-5e-05 0.00064 -1e-05)
(-4e-05 0.00064 -1e-05)
(-3e-05 0.00064 -1e-05)
(-2e-05 0.00064 -1e-05)
(-1e-05 0.00064 -1e-05)
(0 0.00064 -1e-05)
(1e-05 0.00064 -1e-05)
(2e-05 0.00064 -1e-05)
(3e-05 0.00064 -1e-05)
(4e-05 0.00064 -1e-05)
(5e-05 0.00064 -1e-05)
(-5e-05 0.00065 -1e-05)
(-4e-05 0.00065 -1e-05)
(-3e-05 0.00065 -1e-05)
(-2e-05 0.00065 -1e-05)
(-1e-05 0.00065 -1e-05)
(0 0.00065 -1e-05)
(1e-05 0.00065 -1e-05)
(2e-05 0.00065 -1e-05)
(3e-05 0.00065 -1e-05)
(4e-05 0.00065 -1e-05)
(5e-05 0.00065 -1e-05)
(-5e-05 6e-05 0)
(-4e-05 6e-05 0)
(-3e-05 6e-05 0)
(-2e-05 6e-05 0)
(-1e-05 6e-05 5.646886315e-22)
(0 6e-05 0)
(1e-05 6e-05 5.646886315e-22)
(2e-05 6e-05 -2.823443158e-22)
(3e-05 6e-05 -2.823443158e-22)
(4e-05 6e-05 -1.411721579e-22)
(5e-05 6e-05 0)
(-5e-05 7e-05 0)
(-4e-05 7e-05 0)
(-3e-05 7e-05 0)
(-2e-05 7e-05 0)
(-1e-05 7e-05 0)
(0 7e-05 0)
(1e-05 7e-05 0)
(2e-05 7e-05 -2.823443158e-22)
(3e-05 7e-05 -2.823443158e-22)
(4e-05 7e-05 -1.411721579e-22)
(5e-05 7e-05 0)
(-5e-05 8e-05 0)
(-4e-05 8e-05 0)
(-3e-05 8e-05 0)
(-2e-05 8e-05 0)
(-1e-05 8e-05 0)
(0 8e-05 0)
(1e-05 8e-05 0)
(2e-05 8e-05 -2.823443158e-22)
(3e-05 8e-05 -2.823443158e-22)
(4e-05 8e-05 -1.411721579e-22)
(5e-05 8e-05 0)
(-5e-05 9e-05 0)
(-4e-05 9e-05 0)
(-3e-05 9e-05 0)
(-2e-05 9e-05 0)
(-1e-05 9e-05 0)
(0 9e-05 0)
(1e-05 9e-05 0)
(2e-05 9e-05 -2.823443158e-22)
(3e-05 9e-05 -2.823443158e-22)
(4e-05 9e-05 -1.411721579e-22)
(5e-05 9e-05 0)
(-5e-05 0.0001 0)
(-4e-05 0.0001 0)
(-3e-05 0.0001 0)
(-2e-05 0.0001 0)
(-1e-05 0.0001 0)
(0 0.0001 0)
(1e-05 0.0001 0)
(2e-05 0.0001 -2.823443158e-22)
(3e-05 0.0001 -2.823443158e-22)
(4e-05 0.0001 -1.411721579e-22)
(5e-05 0.0001 0)
(-5e-05 0.00011 0)
(-4e-05 0.00011 0)
(-3e-05 0.00011 0)
(-2e-05 0.00011 0)
(-1e-05 0.00011 0)
(0 0.00011 0)
(1e-05 0.00011 0)
(2e-05 0.00011 0)
(3e-05 0.00011 -2.823443158e-22)
(4e-05 0.00011 -1.411721579e-22)
(5e-05 0.00011 0)
(-5e-05 0.00012 0)
(-4e-05 0.00012 0)
(-3e-05 0.00012 0)
(-2e-05 0.00012 0)
(-1e-05 0.00012 -5.646886315e-22)
(0 0.00012 0)
(1e-05 0.00012 0)
(2e-05 0.00012 -2.823443158e-22)
(3e-05 0.00012 -2.823443158e-22)
(4e-05 0.00012 -1.411721579e-22)
(5e-05 0.00012 0)
(-5e-05 0.00013 0)
(-4e-05 0.00013 0)
(-3e-05 0.00013 0)
(-2e-05 0.00013 0)
(-1e-05 0.00013 0)
(0 0.00013 0)
(1e-05 0.00013 0)
(2e-05 0.00013 -2.823443158e-22)
(3e-05 0.00013 0)
(4e-05 0.00013 0)
(5e-05 0.00013 0)
(-5e-05 0.00014 0)
(-4e-05 0.00014 0)
(-3e-05 0.00014 0)
(-2e-05 0.00014 0)
(-1e-05 0.00014 0)
(0 0.00014 0)
(1e-05 0.00014 0)
(2e-05 0.00014 2.823443158e-22)
(3e-05 0.00014 -2.823443158e-22)
(4e-05 0.00014 -1.411721579e-22)
(5e-05 0.00014 0)
(-5e-05 0.00015 0)
(-4e-05 0.00015 0)
(-3e-05 0.00015 0)
(-2e-05 0.00015 0)
(-1e-05 0.00015 0)
(0 0.00015 0)
(1e-05 0.00015 0)
(2e-05 0.00015 -2.823443158e-22)
(3e-05 0.00015 -2.823443158e-22)
(4e-05 0.00015 -1.411721579e-22)
(5e-05 0.00015 0)
(-5e-05 0.00016 0)
(-4e-05 0.00016 0)
(-3e-05 0.00016 0)
(-2e-05 0.00016 0)
(-1e-05 0.00016 0)
(0 0.00016 0)
(1e-05 0.00016 0)
(2e-05 0.00016 -2.823443158e-22)
(3e-05 0.00016 -2.823443158e-22)
(4e-05 0.00016 9.882051051e-22)
(5e-05 0.00016 0)
(-5e-05 0.00017 0)
(-4e-05 0.00017 0)
(-3e-05 0.00017 0)
(-2e-05 0.00017 0)
(-1e-05 0.00017 -5.646886315e-22)
(0 0.00017 0)
(1e-05 0.00017 -5.646886315e-22)
(2e-05 0.00017 -2.823443158e-22)
(3e-05 0.00017 -2.823443158e-22)
(4e-05 0.00017 -1.411721579e-22)
(5e-05 0.00017 0)
(-5e-05 0.00018 0)
(-4e-05 0.00018 0)
(-3e-05 0.00018 -1.129377263e-21)
(-2e-05 0.00018 0)
(-1e-05 0.00018 0)
(0 0.00018 0)
(1e-05 0.00018 0)
(2e-05 0.00018 -1.411721579e-21)
(3e-05 0.00018 -2.823443158e-22)
(4e-05 0.00018 -1.411721579e-22)
(5e-05 0.00018 0)
(-5e-05 0.00019 0)
(-4e-05 0.00019 0)
(-3e-05 0.00019 0)
(-2e-05 0.00019 0)
(-1e-05 0.00019 5.646886315e-22)
(0 0.00019 0)
(1e-05 0.00019 5.646886315e-22)
(2e-05 0.00019 -2.823443158e-22)
(3e-05 0.00019 0)
(4e-05 0.00019 -1.411721579e-22)
(5e-05 0.00019 0)
(-5e-05 0.0002 0)
(-4e-05 0.0002 0)
(-3e-05 0.0002 0)
(-2e-05 0.0002 0)
(-1e-05 0.0002 0)
(0 0.0002 0)
(1e-05 0.0002 0)
(2e-05 0.0002 -2.823443158e-22)
(3e-05 0.0002 -2.823443158e-22)
(4e-05 0.0002 -1.411721579e-22)
(5e-05 0.0002 0)
(-5e-05 0.00021 0)
(-4e-05 0.00021 0)
(-3e-05 0.00021 0)
(-2e-05 0.00021 1.129377263e-21)
(-1e-05 0.00021 -5.646886315e-22)
(0 0.00021 0)
(1e-05 0.00021 -5.646886315e-22)
(2e-05 0.00021 -2.823443158e-22)
(3e-05 0.00021 -2.823443158e-22)
(4e-05 0.00021 -1.411721579e-22)
(5e-05 0.00021 0)
(-5e-05 0.00022 0)
(-4e-05 0.00022 0)
(-3e-05 0.00022 0)
(-2e-05 0.00022 0)
(-1e-05 0.00022 0)
(0 0.00022 0)
(1e-05 0.00022 0)
(2e-05 0.00022 -2.823443158e-22)
(3e-05 0.00022 -2.823443158e-22)
(4e-05 0.00022 -1.411721579e-22)
(5e-05 0.00022 0)
(-5e-05 0.00023 0)
(-4e-05 0.00023 0)
(-3e-05 0.00023 0)
(-2e-05 0.00023 0)
(-1e-05 0.00023 5.646886315e-22)
(0 0.00023 0)
(1e-05 0.00023 5.646886315e-22)
(2e-05 0.00023 -2.823443158e-22)
(3e-05 0.00023 0)
(4e-05 0.00023 -1.411721579e-22)
(5e-05 0.00023 0)
(-5e-05 0.00024 0)
(-4e-05 0.00024 0)
(-3e-05 0.00024 0)
(-2e-05 0.00024 0)
(-1e-05 0.00024 0)
(0 0.00024 0)
(1e-05 0.00024 0)
(2e-05 0.00024 -2.823443158e-22)
(3e-05 0.00024 -2.823443158e-22)
(4e-05 0.00024 -1.411721579e-22)
(5e-05 0.00024 0)
(-5e-05 0.00025 0)
(-4e-05 0.00025 0)
(-3e-05 0.00025 0)
(-2e-05 0.00025 0)
(-1e-05 0.00025 0)
(0 0.00025 0)
(1e-05 0.00025 0)
(2e-05 0.00025 -2.823443158e-22)
(3e-05 0.00025 0)
(4e-05 0.00025 -1.411721579e-22)
(5e-05 0.00025 0)
(-5e-05 0.00026 0)
(-4e-05 0.00026 0)
(-3e-05 0.00026 0)
(-2e-05 0.00026 0)
(-1e-05 0.00026 0)
(0 0.00026 0)
(1e-05 0.00026 0)
(2e-05 0.00026 -2.823443158e-22)
(3e-05 0.00026 -2.823443158e-22)
(4e-05 0.00026 -1.411721579e-22)
(5e-05 0.00026 0)
(-5e-05 0.00027 1.129377263e-21)
(-4e-05 0.00027 1.129377263e-21)
(-3e-05 0.00027 0)
(-2e-05 0.00027 1.129377263e-21)
(-1e-05 0.00027 1.694065895e-21)
(0 0.00027 1.129377263e-21)
(1e-05 0.00027 1.129377263e-21)
(2e-05 0.00027 -2.823443158e-22)
(3e-05 0.00027 8.470329473e-22)
(4e-05 0.00027 -1.411721579e-22)
(5e-05 0.00027 1.129377263e-21)
(-5e-05 0.00028 0)
(-4e-05 0.00028 0)
(-3e-05 0.00028 0)
(-2e-05 0.00028 0)
(-1e-05 0.00028 0)
(0 0.00028 0)
(1e-05 0.00028 0)
(2e-05 0.00028 -2.823443158e-22)
(3e-05 0.00028 -2.823443158e-22)
(4e-05 0.00028 -1.411721579e-22)
(5e-05 0.00028 0)
(-5e-05 0.00029 0)
(-4e-05 0.00029 0)
(-3e-05 0.00029 -1.129377263e-21)
(-2e-05 0.00029 0)
(-1e-05 0.00029 0)
(0 0.00029 0)
(1e-05 0.00029 0)
(2e-05 0.00029 -2.823443158e-22)
(3e-05 0.00029 -2.823443158e-22)
(4e-05 0.00029 -1.411721579e-22)
(5e-05 0.00029 0)
(-5e-05 0.0003 1.129377263e-21)
(-4e-05 0.0003 1.129377263e-21)
(-3e-05 0.0003 0)
(-2e-05 0.0003 1.129377263e-21)
(-1e-05 0.0003 5.646886315e-22)
(0 0.0003 1.129377263e-21)
(1e-05 0.0003 0)
(2e-05 0.0003 -2.823443158e-22)
(3e-05 0.0003 8.470329473e-22)
(4e-05 0.0003 -1.411721579e-22)
(5e-05 0.0003 1.129377263e-21)
(-5e-05 0.00031 0)
(-4e-05 0.00031 0)
(-3e-05 0.00031 0)
(-2e-05 0.00031 0)
(-1e-05 0.00031 0)
(0 0.00031 0)
(1e-05 0.00031 0)
(2e-05 0.00031 -2.823443158e-22)
(3e-05 0.00031 -2.823443158e-22)
(4e-05 0.00031 -1.411721579e-22)
(5e-05 0.00031 0)
(-5e-05 0.00032 -1.129377263e-21)
(-4e-05 0.00032 0)
(-3e-05 0.00032 0)
(-2e-05 0.00032 0)
(-1e-05 0.00032 0)
(0 0.00032 -1.129377263e-21)
(1e-05 0.00032 0)
(2e-05 0.00032 -2.823443158e-22)
(3e-05 0.00032 -2.823443158e-22)
(4e-05 0.00032 -1.411721579e-22)
(5e-05 0.00032 -1.129377263e-21)
(-5e-05 0.00033 0)
(-4e-05 0.00033 -1.129377263e-21)
(-3e-05 0.00033 0)
(-2e-05 0.00033 0)
(-1e-05 0.00033 0)
(0 0.00033 0)
(1e-05 0.00033 0)
(2e-05 0.00033 -2.823443158e-22)
(3e-05 0.00033 -2.823443158e-22)
(4e-05 0.00033 -1.411721579e-22)
(5e-05 0.00033 0)
(-5e-05 0.00034 1.129377263e-21)
(-4e-05 0.00034 1.129377263e-21)
(-3e-05 0.00034 0)
(-2e-05 0.00034 0)
(-1e-05 0.00034 5.646886315e-22)
(0 0.00034 1.129377263e-21)
(1e-05 0.00034 0)
(2e-05 0.00034 8.470329473e-22)
(3e-05 0.00034 -2.823443158e-22)
(4e-05 0.00034 9.882051051e-22)
(5e-05 0.00034 1.129377263e-21)
(-5e-05 0.00035 0)
(-4e-05 0.00035 0)
(-3e-05 0.00035 0)
(-2e-05 0.00035 0)
(-1e-05 0.00035 0)
(0 0.00035 0)
(1e-05 0.00035 0)
(2e-05 0.00035 -2.823443158e-22)
(3e-05 0.00035 -2.823443158e-22)
(4e-05 0.00035 -1.411721579e-22)
(5e-05 0.00035 0)
(-5e-05 0.00036 0)
(-4e-05 0.00036 0)
(-3e-05 0.00036 0)
(-2e-05 0.00036 0)
(-1e-05 0.00036 0)
(0 0.00036 0)
(1e-05 0.00036 0)
(2e-05 0.00036 -2.823443158e-22)
(3e-05 0.00036 -2.823443158e-22)
(4e-05 0.00036 -1.411721579e-22)
(5e-05 0.00036 0)
(-5e-05 0.00037 0)
(-4e-05 0.00037 -1.129377263e-21)
(-3e-05 0.00037 0)
(-2e-05 0.00037 0)
(-1e-05 0.00037 0)
(0 0.00037 0)
(1e-05 0.00037 0)
(2e-05 0.00037 -2.823443158e-22)
(3e-05 0.00037 -2.823443158e-22)
(4e-05 0.00037 -1.411721579e-22)
(5e-05 0.00037 0)
(-5e-05 0.00038 0)
(-4e-05 0.00038 0)
(-3e-05 0.00038 0)
(-2e-05 0.00038 0)
(-1e-05 0.00038 0)
(0 0.00038 0)
(1e-05 0.00038 0)
(2e-05 0.00038 -2.823443158e-22)
(3e-05 0.00038 -2.823443158e-22)
(4e-05 0.00038 -1.411721579e-22)
(5e-05 0.00038 0)
(-5e-05 0.00039 0)
(-4e-05 0.00039 0)
(-3e-05 0.00039 0)
(-2e-05 0.00039 0)
(-1e-05 0.00039 0)
(0 0.00039 0)
(1e-05 0.00039 0)
(2e-05 0.00039 -2.823443158e-22)
(3e-05 0.00039 -2.823443158e-22)
(4e-05 0.00039 -1.411721579e-22)
(5e-05 0.00039 0)
(-5e-05 0.0004 0)
(-4e-05 0.0004 -1.129377263e-21)
(-3e-05 0.0004 0)
(-2e-05 0.0004 0)
(-1e-05 0.0004 0)
(0 0.0004 0)
(1e-05 0.0004 0)
(2e-05 0.0004 -2.823443158e-22)
(3e-05 0.0004 -2.823443158e-22)
(4e-05 0.0004 -1.411721579e-22)
(5e-05 0.0004 0)
(-5e-05 0.00041 0)
(-4e-05 0.00041 0)
(-3e-05 0.00041 -1.129377263e-21)
(-2e-05 0.00041 0)
(-1e-05 0.00041 0)
(0 0.00041 0)
(1e-05 0.00041 0)
(2e-05 0.00041 -2.823443158e-22)
(3e-05 0.00041 -2.823443158e-22)
(4e-05 0.00041 -1.411721579e-22)
(5e-05 0.00041 0)
(-5e-05 0.00042 0)
(-4e-05 0.00042 0)
(-3e-05 0.00042 0)
(-2e-05 0.00042 0)
(-1e-05 0.00042 0)
(0 0.00042 0)
(1e-05 0.00042 0)
(2e-05 0.00042 -2.823443158e-22)
(3e-05 0.00042 -2.823443158e-22)
(4e-05 0.00042 -1.411721579e-22)
(5e-05 0.00042 0)
(-5e-05 0.00043 0)
(-4e-05 0.00043 0)
(-3e-05 0.00043 0)
(-2e-05 0.00043 0)
(-1e-05 0.00043 0)
(0 0.00043 0)
(1e-05 0.00043 0)
(2e-05 0.00043 -2.823443158e-22)
(3e-05 0.00043 -2.823443158e-22)
(4e-05 0.00043 -1.411721579e-22)
(5e-05 0.00043 0)
(-5e-05 0.00044 0)
(-4e-05 0.00044 0)
(-3e-05 0.00044 0)
(-2e-05 0.00044 0)
(-1e-05 0.00044 0)
(0 0.00044 0)
(1e-05 0.00044 0)
(2e-05 0.00044 -2.823443158e-22)
(3e-05 0.00044 -2.823443158e-22)
(4e-05 0.00044 -1.411721579e-22)
(5e-05 0.00044 0)
(-5e-05 0.00045 -1.129377263e-21)
(-4e-05 0.00045 -1.129377263e-21)
(-3e-05 0.00045 -1.129377263e-21)
(-2e-05 0.00045 0)
(-1e-05 0.00045 -1.129377263e-21)
(0 0.00045 -1.129377263e-21)
(1e-05 0.00045 -1.129377263e-21)
(2e-05 0.00045 -2.823443158e-22)
(3e-05 0.00045 -2.823443158e-22)
(4e-05 0.00045 -1.411721579e-22)
(5e-05 0.00045 -1.129377263e-21)
(-5e-05 0.00046 1.129377263e-21)
(-4e-05 0.00046 1.129377263e-21)
(-3e-05 0.00046 1.129377263e-21)
(-2e-05 0.00046 0)
(-1e-05 0.00046 1.129377263e-21)
(0 0.00046 1.129377263e-21)
(1e-05 0.00046 1.129377263e-21)
(2e-05 0.00046 8.470329473e-22)
(3e-05 0.00046 8.470329473e-22)
(4e-05 0.00046 9.882051051e-22)
(5e-05 0.00046 1.129377263e-21)
(-5e-05 0.00047 0)
(-4e-05 0.00047 0)
(-3e-05 0.00047 0)
(-2e-05 0.00047 0)
(-1e-05 0.00047 -1.129377263e-21)
(0 0.00047 -1.129377263e-21)
(1e-05 0.00047 -1.129377263e-21)
(2e-05 0.00047 -2.823443158e-22)
(3e-05 0.00047 -2.823443158e-22)
(4e-05 0.00047 -1.411721579e-22)
(5e-05 0.00047 0)
(-5e-05 0.00048 0)
(-4e-05 0.00048 0)
(-3e-05 0.00048 0)
(-2e-05 0.00048 0)
(-1e-05 0.00048 0)
(0 0.00048 0)
(1e-05 0.00048 0)
(2e-05 0.00048 8.470329473e-22)
(3e-05 0.00048 -2.823443158e-22)
(4e-05 0.00048 -1.411721579e-22)
(5e-05 0.00048 0)
(-5e-05 0.00049 0)
(-4e-05 0.00049 0)
(-3e-05 0.00049 0)
(-2e-05 0.00049 0)
(-1e-05 0.00049 0)
(0 0.00049 0)
(1e-05 0.00049 0)
(2e-05 0.00049 -2.823443158e-22)
(3e-05 0.00049 -2.823443158e-22)
(4e-05 0.00049 -1.411721579e-22)
(5e-05 0.00049 0)
(-5e-05 0.0005 0)
(-4e-05 0.0005 0)
(-3e-05 0.0005 0)
(-2e-05 0.0005 0)
(-1e-05 0.0005 1.129377263e-21)
(0 0.0005 1.129377263e-21)
(1e-05 0.0005 1.129377263e-21)
(2e-05 0.0005 8.470329473e-22)
(3e-05 0.0005 8.470329473e-22)
(4e-05 0.0005 -1.411721579e-22)
(5e-05 0.0005 0)
(-5e-05 0.00051 1.129377263e-21)
(-4e-05 0.00051 1.129377263e-21)
(-3e-05 0.00051 0)
(-2e-05 0.00051 0)
(-1e-05 0.00051 1.129377263e-21)
(0 0.00051 1.129377263e-21)
(1e-05 0.00051 1.129377263e-21)
(2e-05 0.00051 8.470329473e-22)
(3e-05 0.00051 8.470329473e-22)
(4e-05 0.00051 9.882051051e-22)
(5e-05 0.00051 1.129377263e-21)
(-5e-05 0.00052 1.129377263e-21)
(-4e-05 0.00052 1.129377263e-21)
(-3e-05 0.00052 -1.129377263e-21)
(-2e-05 0.00052 0)
(-1e-05 0.00052 1.129377263e-21)
(0 0.00052 1.129377263e-21)
(1e-05 0.00052 1.129377263e-21)
(2e-05 0.00052 -2.823443158e-22)
(3e-05 0.00052 8.470329473e-22)
(4e-05 0.00052 9.882051051e-22)
(5e-05 0.00052 1.129377263e-21)
(-5e-05 0.00053 0)
(-4e-05 0.00053 0)
(-3e-05 0.00053 0)
(-2e-05 0.00053 0)
(-1e-05 0.00053 -1.129377263e-21)
(0 0.00053 -1.129377263e-21)
(1e-05 0.00053 -1.129377263e-21)
(2e-05 0.00053 -2.823443158e-22)
(3e-05 0.00053 -2.823443158e-22)
(4e-05 0.00053 -1.411721579e-22)
(5e-05 0.00053 0)
(-5e-05 0.00054 0)
(-4e-05 0.00054 0)
(-3e-05 0.00054 0)
(-2e-05 0.00054 0)
(-1e-05 0.00054 0)
(0 0.00054 0)
(1e-05 0.00054 0)
(2e-05 0.00054 -2.823443158e-22)
(3e-05 0.00054 -2.823443158e-22)
(4e-05 0.00054 -1.411721579e-22)
(5e-05 0.00054 0)
(-5e-05 0.00055 0)
(-4e-05 0.00055 0)
(-3e-05 0.00055 0)
(-2e-05 0.00055 0)
(-1e-05 0.00055 1.129377263e-21)
(0 0.00055 1.129377263e-21)
(1e-05 0.00055 1.129377263e-21)
(2e-05 0.00055 8.470329473e-22)
(3e-05 0.00055 8.470329473e-22)
(4e-05 0.00055 9.882051051e-22)
(5e-05 0.00055 0)
(-5e-05 0.00056 0)
(-4e-05 0.00056 -1.129377263e-21)
(-3e-05 0.00056 0)
(-2e-05 0.00056 0)
(-1e-05 0.00056 1.129377263e-21)
(0 0.00056 1.129377263e-21)
(1e-05 0.00056 1.129377263e-21)
(2e-05 0.00056 8.470329473e-22)
(3e-05 0.00056 8.470329473e-22)
(4e-05 0.00056 9.882051051e-22)
(5e-05 0.00056 0)
(-5e-05 0.00057 0)
(-4e-05 0.00057 0)
(-3e-05 0.00057 0)
(-2e-05 0.00057 0)
(-1e-05 0.00057 -1.129377263e-21)
(0 0.00057 -1.129377263e-21)
(1e-05 0.00057 -1.129377263e-21)
(2e-05 0.00057 -2.823443158e-22)
(3e-05 0.00057 -2.823443158e-22)
(4e-05 0.00057 -1.411721579e-22)
(5e-05 0.00057 0)
(-5e-05 0.00058 0)
(-4e-05 0.00058 0)
(-3e-05 0.00058 0)
(-2e-05 0.00058 0)
(-1e-05 0.00058 -1.129377263e-21)
(0 0.00058 -1.129377263e-21)
(1e-05 0.00058 -1.129377263e-21)
(2e-05 0.00058 -2.823443158e-22)
(3e-05 0.00058 -2.823443158e-22)
(4e-05 0.00058 -1.411721579e-22)
(5e-05 0.00058 0)
(-5e-05 0.00059 0)
(-4e-05 0.00059 0)
(-3e-05 0.00059 0)
(-2e-05 0.00059 0)
(-1e-05 0.00059 0)
(0 0.00059 0)
(1e-05 0.00059 0)
(2e-05 0.00059 -2.823443158e-22)
(3e-05 0.00059 -2.823443158e-22)
(4e-05 0.00059 -1.411721579e-22)
(5e-05 0.00059 0)
(-5e-05 0.0006 0)
(-4e-05 0.0006 0)
(-3e-05 0.0006 0)
(-2e-05 0.0006 0)
(-1e-05 0.0006 0)
(0 0.0006 0)
(1e-05 0.0006 0)
(2e-05 0.0006 -2.823443158e-22)
(3e-05 0.0006 -2.823443158e-22)
(4e-05 0.0006 -1.411721579e-22)
(5e-05 0.0006 0)
(-5e-05 0.00061 0)
(-4e-05 0.00061 0)
(-3e-05 0.00061 0)
(-2e-05 0.00061 0)
(-1e-05 0.00061 1.129377263e-21)
(0 0.00061 1.129377263e-21)
(1e-05 0.00061 1.129377263e-21)
(2e-05 0.00061 8.470329473e-22)
(3e-05 0.00061 8.470329473e-22)
(4e-05 0.00061 9.882051051e-22)
(5e-05 0.00061 0)
(-5e-05 0.00062 0)
(-4e-05 0.00062 0)
(-3e-05 0.00062 0)
(-2e-05 0.00062 0)
(-1e-05 0.00062 1.129377263e-21)
(0 0.00062 1.129377263e-21)
(1e-05 0.00062 1.129377263e-21)
(2e-05 0.00062 8.470329473e-22)
(3e-05 0.00062 8.470329473e-22)
(4e-05 0.00062 9.882051051e-22)
(5e-05 0.00062 0)
(-5e-05 0.00063 0)
(-4e-05 0.00063 0)
(-3e-05 0.00063 0)
(-2e-05 0.00063 0)
(-1e-05 0.00063 -1.129377263e-21)
(0 0.00063 -1.129377263e-21)
(1e-05 0.00063 -1.129377263e-21)
(2e-05 0.00063 -2.823443158e-22)
(3e-05 0.00063 -2.823443158e-22)
(4e-05 0.00063 -1.411721579e-22)
(5e-05 0.00063 0)
(-5e-05 0.00064 0)
(-4e-05 0.00064 0)
(-3e-05 0.00064 0)
(-2e-05 0.00064 0)
(-1e-05 0.00064 -1.129377263e-21)
(0 0.00064 -1.129377263e-21)
(1e-05 0.00064 -1.129377263e-21)
(2e-05 0.00064 -2.823443158e-22)
(3e-05 0.00064 -2.823443158e-22)
(4e-05 0.00064 -1.411721579e-22)
(5e-05 0.00064 0)
(-5e-05 0.00065 0)
(-4e-05 0.00065 0)
(-3e-05 0.00065 0)
(-2e-05 0.00065 0)
(-1e-05 0.00065 0)
(0 0.00065 0)
(1e-05 0.00065 0)
(2e-05 0.00065 -2.823443158e-22)
(3e-05 0.00065 -2.823443158e-22)
(4e-05 0.00065 -1.411721579e-22)
(5e-05 0.00065 0)
(-5e-05 6e-05 1e-05)
(-4e-05 6e-05 1e-05)
(-3e-05 6e-05 1e-05)
(-2e-05 6e-05 1e-05)
(-1e-05 6e-05 1e-05)
(0 6e-05 1e-05)
(1e-05 6e-05 1e-05)
(2e-05 6e-05 1e-05)
(3e-05 6e-05 1e-05)
(4e-05 6e-05 1e-05)
(5e-05 6e-05 1e-05)
(-5e-05 7e-05 1e-05)
(-4e-05 7e-05 1e-05)
(-3e-05 7e-05 1e-05)
(-2e-05 7e-05 1e-05)
(-1e-05 7e-05 1e-05)
(0 7e-05 1e-05)
(1e-05 7e-05 1e-05)
(2e-05 7e-05 1e-05)
(3e-05 7e-05 1e-05)
(4e-05 7e-05 1e-05)
(5e-05 7e-05 1e-05)
(-5e-05 8e-05 1e-05)
(-4e-05 8e-05 1e-05)
(-3e-05 8e-05 1e-05)
(-2e-05 8e-05 1e-05)
(-1e-05 8e-05 1e-05)
(0 8e-05 1e-05)
(1e-05 8e-05 1e-05)
(2e-05 8e-05 1e-05)
(3e-05 8e-05 1e-05)
(4e-05 8e-05 1e-05)
(5e-05 8e-05 1e-05)
(-5e-05 9e-05 1e-05)
(-4e-05 9e-05 1e-05)
(-3e-05 9e-05 1e-05)
(-2e-05 9e-05 1e-05)
(-1e-05 9e-05 1e-05)
(0 9e-05 1e-05)
(1e-05 9e-05 1e-05)
(2e-05 9e-05 1e-05)
(3e-05 9e-05 1e-05)
(4e-05 9e-05 1e-05)
(5e-05 9e-05 1e-05)
(-5e-05 0.0001 1e-05)
(-4e-05 0.0001 1e-05)
(-3e-05 0.0001 1e-05)
(-2e-05 0.0001 1e-05)
(-1e-05 0.0001 1e-05)
(0 0.0001 1e-05)
(1e-05 0.0001 1e-05)
(2e-05 0.0001 1e-05)
(3e-05 0.0001 1e-05)
(4e-05 0.0001 1e-05)
(5e-05 0.0001 1e-05)
(-5e-05 0.00011 1e-05)
(-4e-05 0.00011 1e-05)
(-3e-05 0.00011 1e-05)
(-2e-05 0.00011 1e-05)
(-1e-05 0.00011 1e-05)
(0 0.00011 1e-05)
(1e-05 0.00011 1e-05)
(2e-05 0.00011 1e-05)
(3e-05 0.00011 1e-05)
(4e-05 0.00011 1e-05)
(5e-05 0.00011 1e-05)
(-5e-05 0.00012 1e-05)
(-4e-05 0.00012 1e-05)
(-3e-05 0.00012 1e-05)
(-2e-05 0.00012 1e-05)
(-1e-05 0.00012 1e-05)
(0 0.00012 1e-05)
(1e-05 0.00012 1e-05)
(2e-05 0.00012 1e-05)
(3e-05 0.00012 1e-05)
(4e-05 0.00012 1e-05)
(5e-05 0.00012 1e-05)
(-5e-05 0.00013 1e-05)
(-4e-05 0.00013 1e-05)
(-3e-05 0.00013 1e-05)
(-2e-05 0.00013 1e-05)
(-1e-05 0.00013 1e-05)
(0 0.00013 1e-05)
(1e-05 0.00013 1e-05)
(2e-05 0.00013 1e-05)
(3e-05 0.00013 1e-05)
(4e-05 0.00013 1e-05)
(5e-05 0.00013 1e-05)
(-5e-05 0.00014 1e-05)
(-4e-05 0.00014 1e-05)
(-3e-05 0.00014 1e-05)
(-2e-05 0.00014 1e-05)
(-1e-05 0.00014 1e-05)
(0 0.00014 1e-05)
(1e-05 0.00014 1e-05)
(2e-05 0.00014 1e-05)
(3e-05 0.00014 1e-05)
(4e-05 0.00014 1e-05)
(5e-05 0.00014 1e-05)
(-5e-05 0.00015 1e-05)
(-4e-05 0.00015 1e-05)
(-3e-05 0.00015 1e-05)
(-2e-05 0.00015 1e-05)
(-1e-05 0.00015 1e-05)
(0 0.00015 1e-05)
(1e-05 0.00015 1e-05)
(2e-05 0.00015 1e-05)
(3e-05 0.00015 1e-05)
(4e-05 0.00015 1e-05)
(5e-05 0.00015 1e-05)
(-5e-05 0.00016 1e-05)
(-4e-05 0.00016 1e-05)
(-3e-05 0.00016 1e-05)
(-2e-05 0.00016 1e-05)
(-1e-05 0.00016 1e-05)
(0 0.00016 1e-05)
(1e-05 0.00016 1e-05)
(2e-05 0.00016 1e-05)
(3e-05 0.00016 1e-05)
(4e-05 0.00016 1e-05)
(5e-05 0.00016 1e-05)
(-5e-05 0.00017 1e-05)
(-4e-05 0.00017 1e-05)
(-3e-05 0.00017 1e-05)
(-2e-05 0.00017 1e-05)
(-1e-05 0.00017 1e-05)
(0 0.00017 1e-05)
(1e-05 0.00017 1e-05)
(2e-05 0.00017 1e-05)
(3e-05 0.00017 1e-05)
(4e-05 0.00017 1e-05)
(5e-05 0.00017 1e-05)
(-5e-05 0.00018 1e-05)
(-4e-05 0.00018 1e-05)
(-3e-05 0.00018 1e-05)
(-2e-05 0.00018 1e-05)
(-1e-05 0.00018 1e-05)
(0 0.00018 1e-05)
(1e-05 0.00018 1e-05)
(2e-05 0.00018 1e-05)
(3e-05 0.00018 1e-05)
(4e-05 0.00018 1e-05)
(5e-05 0.00018 1e-05)
(-5e-05 0.00019 1e-05)
(-4e-05 0.00019 1e-05)
(-3e-05 0.00019 1e-05)
(-2e-05 0.00019 1e-05)
(-1e-05 0.00019 1e-05)
(0 0.00019 1e-05)
(1e-05 0.00019 1e-05)
(2e-05 0.00019 1e-05)
(3e-05 0.00019 1e-05)
(4e-05 0.00019 1e-05)
(5e-05 0.00019 1e-05)
(-5e-05 0.0002 1e-05)
(-4e-05 0.0002 1e-05)
(-3e-05 0.0002 1e-05)
(-2e-05 0.0002 1e-05)
(-1e-05 0.0002 1e-05)
(0 0.0002 1e-05)
(1e-05 0.0002 1e-05)
(2e-05 0.0002 1e-05)
(3e-05 0.0002 1e-05)
(4e-05 0.0002 1e-05)
(5e-05 0.0002 1e-05)
(-5e-05 0.00021 1e-05)
(-4e-05 0.00021 1e-05)
(-3e-05 0.00021 1e-05)
(-2e-05 0.00021 1e-05)
(-1e-05 0.00021 1e-05)
(0 0.00021 1e-05)
(1e-05 0.00021 1e-05)
(2e-05 0.00021 1e-05)
(3e-05 0.00021 1e-05)
(4e-05 0.00021 1e-05)
(5e-05 0.00021 1e-05)
(-5e-05 0.00022 1e-05)
(-4e-05 0.00022 1e-05)
(-3e-05 0.00022 1e-05)
(-2e-05 0.00022 1e-05)
(-1e-05 0.00022 1e-05)
(0 0.00022 1e-05)
(1e-05 0.00022 1e-05)
(2e-05 0.00022 1e-05)
(3e-05 0.00022 1e-05)
(4e-05 0.00022 1e-05)
(5e-05 0.00022 1e-05)
(-5e-05 0.00023 1e-05)
(-4e-05 0.00023 1e-05)
(-3e-05 0.00023 1e-05)
(-2e-05 0.00023 1e-05)
(-1e-05 0.00023 1e-05)
(0 0.00023 1e-05)
(1e-05 0.00023 1e-05)
(2e-05 0.00023 1e-05)
(3e-05 0.00023 1e-05)
(4e-05 0.00023 1e-05)
(5e-05 0.00023 1e-05)
(-5e-05 0.00024 1e-05)
(-4e-05 0.00024 1e-05)
(-3e-05 0.00024 1e-05)
(-2e-05 0.00024 1e-05)
(-1e-05 0.00024 1e-05)
(0 0.00024 1e-05)
(1e-05 0.00024 1e-05)
(2e-05 0.00024 1e-05)
(3e-05 0.00024 1e-05)
(4e-05 0.00024 1e-05)
(5e-05 0.00024 1e-05)
(-5e-05 0.00025 1e-05)
(-4e-05 0.00025 1e-05)
(-3e-05 0.00025 1e-05)
(-2e-05 0.00025 1e-05)
(-1e-05 0.00025 1e-05)
(0 0.00025 1e-05)
(1e-05 0.00025 1e-05)
(2e-05 0.00025 1e-05)
(3e-05 0.00025 1e-05)
(4e-05 0.00025 1e-05)
(5e-05 0.00025 1e-05)
(-5e-05 0.00026 1e-05)
(-4e-05 0.00026 1e-05)
(-3e-05 0.00026 1e-05)
(-2e-05 0.00026 1e-05)
(-1e-05 0.00026 1e-05)
(0 0.00026 1e-05)
(1e-05 0.00026 1e-05)
(2e-05 0.00026 1e-05)
(3e-05 0.00026 1e-05)
(4e-05 0.00026 1e-05)
(5e-05 0.00026 1e-05)
(-5e-05 0.00027 1e-05)
(-4e-05 0.00027 1e-05)
(-3e-05 0.00027 1e-05)
(-2e-05 0.00027 1e-05)
(-1e-05 0.00027 1e-05)
(0 0.00027 1e-05)
(1e-05 0.00027 1e-05)
(2e-05 0.00027 1e-05)
(3e-05 0.00027 1e-05)
(4e-05 0.00027 1e-05)
(5e-05 0.00027 1e-05)
(-5e-05 0.00028 1e-05)
(-4e-05 0.00028 1e-05)
(-3e-05 0.00028 1e-05)
(-2e-05 0.00028 1e-05)
(-1e-05 0.00028 1e-05)
(0 0.00028 1e-05)
(1e-05 0.00028 1e-05)
(2e-05 0.00028 1e-05)
(3e-05 0.00028 1e-05)
(4e-05 0.00028 1e-05)
(5e-05 0.00028 1e-05)
(-5e-05 0.00029 1e-05)
(-4e-05 0.00029 1e-05)
(-3e-05 0.00029 1e-05)
(-2e-05 0.00029 1e-05)
(-1e-05 0.00029 1e-05)
(0 0.00029 1e-05)
(1e-05 0.00029 1e-05)
(2e-05 0.00029 1e-05)
(3e-05 0.00029 1e-05)
(4e-05 0.00029 1e-05)
(5e-05 0.00029 1e-05)
(-5e-05 0.0003 1e-05)
(-4e-05 0.0003 1e-05)
(-3e-05 0.0003 1e-05)
(-2e-05 0.0003 1e-05)
(-1e-05 0.0003 1e-05)
(0 0.0003 1e-05)
(1e-05 0.0003 1e-05)
(2e-05 0.0003 1e-05)
(3e-05 0.0003 1e-05)
(4e-05 0.0003 1e-05)
(5e-05 0.0003 1e-05)
(-5e-05 0.00031 1e-05)
(-4e-05 0.00031 1e-05)
(-3e-05 0.00031 1e-05)
(-2e-05 0.00031 1e-05)
(-1e-05 0.00031 1e-05)
(0 0.00031 1e-05)
(1e-05 0.00031 1e-05)
(2e-05 0.00031 1e-05)
(3e-05 0.00031 1e-05)
(4e-05 0.00031 1e-05)
(5e-05 0.00031 1e-05)
(-5e-05 0.00032 1e-05)
(-4e-05 0.00032 1e-05)
(-3e-05 0.00032 1e-05)
(-2e-05 0.00032 1e-05)
(-1e-05 0.00032 1e-05)
(0 0.00032 1e-05)
(1e-05 0.00032 1e-05)
(2e-05 0.00032 1e-05)
(3e-05 0.00032 1e-05)
(4e-05 0.00032 1e-05)
(5e-05 0.00032 1e-05)
(-5e-05 0.00033 1e-05)
(-4e-05 0.00033 1e-05)
(-3e-05 0.00033 1e-05)
(-2e-05 0.00033 1e-05)
(-1e-05 0.00033 1e-05)
(0 0.00033 1e-05)
(1e-05 0.00033 1e-05)
(2e-05 0.00033 1e-05)
(3e-05 0.00033 1e-05)
(4e-05 0.00033 1e-05)
(5e-05 0.00033 1e-05)
(-5e-05 0.00034 1e-05)
(-4e-05 0.00034 1e-05)
(-3e-05 0.00034 1e-05)
(-2e-05 0.00034 1e-05)
(-1e-05 0.00034 1e-05)
(0 0.00034 1e-05)
(1e-05 0.00034 1e-05)
(2e-05 0.00034 1e-05)
(3e-05 0.00034 1e-05)
(4e-05 0.00034 1e-05)
(5e-05 0.00034 1e-05)
(-5e-05 0.00035 1e-05)
(-4e-05 0.00035 1e-05)
(-3e-05 0.00035 1e-05)
(-2e-05 0.00035 1e-05)
(-1e-05 0.00035 1e-05)
(0 0.00035 1e-05)
(1e-05 0.00035 1e-05)
(2e-05 0.00035 1e-05)
(3e-05 0.00035 1e-05)
(4e-05 0.00035 1e-05)
(5e-05 0.00035 1e-05)
(-5e-05 0.00036 1e-05)
(-4e-05 0.00036 1e-05)
(-3e-05 0.00036 1e-05)
(-2e-05 0.00036 1e-05)
(-1e-05 0.00036 1e-05)
(0 0.00036 1e-05)
(1e-05 0.00036 1e-05)
(2e-05 0.00036 1e-05)
(3e-05 0.00036 1e-05)
(4e-05 0.00036 1e-05)
(5e-05 0.00036 1e-05)
(-5e-05 0.00037 1e-05)
(-4e-05 0.00037 1e-05)
(-3e-05 0.00037 1e-05)
(-2e-05 0.00037 1e-05)
(-1e-05 0.00037 1e-05)
(0 0.00037 1e-05)
(1e-05 0.00037 1e-05)
(2e-05 0.00037 1e-05)
(3e-05 0.00037 1e-05)
(4e-05 0.00037 1e-05)
(5e-05 0.00037 1e-05)
(-5e-05 0.00038 1e-05)
(-4e-05 0.00038 1e-05)
(-3e-05 0.00038 1e-05)
(-2e-05 0.00038 1e-05)
(-1e-05 0.00038 1e-05)
(0 0.00038 1e-05)
(1e-05 0.00038 1e-05)
(2e-05 0.00038 1e-05)
(3e-05 0.00038 1e-05)
(4e-05 0.00038 1e-05)
(5e-05 0.00038 1e-05)
(-5e-05 0.00039 1e-05)
(-4e-05 0.00039 1e-05)
(-3e-05 0.00039 1e-05)
(-2e-05 0.00039 1e-05)
(-1e-05 0.00039 1e-05)
(0 0.00039 1e-05)
(1e-05 0.00039 1e-05)
(2e-05 0.00039 1e-05)
(3e-05 0.00039 1e-05)
(4e-05 0.00039 1e-05)
(5e-05 0.00039 1e-05)
(-5e-05 0.0004 1e-05)
(-4e-05 0.0004 1e-05)
(-3e-05 0.0004 1e-05)
(-2e-05 0.0004 1e-05)
(-1e-05 0.0004 1e-05)
(0 0.0004 1e-05)
(1e-05 0.0004 1e-05)
(2e-05 0.0004 1e-05)
(3e-05 0.0004 1e-05)
(4e-05 0.0004 1e-05)
(5e-05 0.0004 1e-05)
(-5e-05 0.00041 1e-05)
(-4e-05 0.00041 1e-05)
(-3e-05 0.00041 1e-05)
(-2e-05 0.00041 1e-05)
(-1e-05 0.00041 1e-05)
(0 0.00041 1e-05)
(1e-05 0.00041 1e-05)
(2e-05 0.00041 1e-05)
(3e-05 0.00041 1e-05)
(4e-05 0.00041 1e-05)
(5e-05 0.00041 1e-05)
(-5e-05 0.00042 1e-05)
(-4e-05 0.00042 1e-05)
(-3e-05 0.00042 1e-05)
(-2e-05 0.00042 1e-05)
(-1e-05 0.00042 1e-05)
(0 0.00042 1e-05)
(1e-05 0.00042 1e-05)
(2e-05 0.00042 1e-05)
(3e-05 0.00042 1e-05)
(4e-05 0.00042 1e-05)
(5e-05 0.00042 1e-05)
(-5e-05 0.00043 1e-05)
(-4e-05 0.00043 1e-05)
(-3e-05 0.00043 1e-05)
(-2e-05 0.00043 1e-05)
(-1e-05 0.00043 1e-05)
(0 0.00043 1e-05)
(1e-05 0.00043 1e-05)
(2e-05 0.00043 1e-05)
(3e-05 0.00043 1e-05)
(4e-05 0.00043 1e-05)
(5e-05 0.00043 1e-05)
(-5e-05 0.00044 1e-05)
(-4e-05 0.00044 1e-05)
(-3e-05 0.00044 1e-05)
(-2e-05 0.00044 1e-05)
(-1e-05 0.00044 1e-05)
(0 0.00044 1e-05)
(1e-05 0.00044 1e-05)
(2e-05 0.00044 1e-05)
(3e-05 0.00044 1e-05)
(4e-05 0.00044 1e-05)
(5e-05 0.00044 1e-05)
(-5e-05 0.00045 1e-05)
(-4e-05 0.00045 1e-05)
(-3e-05 0.00045 1e-05)
(-2e-05 0.00045 1e-05)
(-1e-05 0.00045 1e-05)
(0 0.00045 1e-05)
(1e-05 0.00045 1e-05)
(2e-05 0.00045 1e-05)
(3e-05 0.00045 1e-05)
(4e-05 0.00045 1e-05)
(5e-05 0.00045 1e-05)
(-5e-05 0.00046 1e-05)
(-4e-05 0.00046 1e-05)
(-3e-05 0.00046 1e-05)
(-2e-05 0.00046 1e-05)
(-1e-05 0.00046 1e-05)
(0 0.00046 1e-05)
(1e-05 0.00046 1e-05)
(2e-05 0.00046 1e-05)
(3e-05 0.00046 1e-05)
(4e-05 0.00046 1e-05)
(5e-05 0.00046 1e-05)
(-5e-05 0.00047 1e-05)
(-4e-05 0.00047 1e-05)
(-3e-05 0.00047 1e-05)
(-2e-05 0.00047 1e-05)
(-1e-05 0.00047 1e-05)
(0 0.00047 1e-05)
(1e-05 0.00047 1e-05)
(2e-05 0.00047 1e-05)
(3e-05 0.00047 1e-05)
(4e-05 0.00047 1e-05)
(5e-05 0.00047 1e-05)
(-5e-05 0.00048 1e-05)
(-4e-05 0.00048 1e-05)
(-3e-05 0.00048 1e-05)
(-2e-05 0.00048 1e-05)
(-1e-05 0.00048 1e-05)
(0 0.00048 1e-05)
(1e-05 0.00048 1e-05)
(2e-05 0.00048 1e-05)
(3e-05 0.00048 1e-05)
(4e-05 0.00048 1e-05)
(5e-05 0.00048 1e-05)
(-5e-05 0.00049 1e-05)
(-4e-05 0.00049 1e-05)
(-3e-05 0.00049 1e-05)
(-2e-05 0.00049 1e-05)
(-1e-05 0.00049 1e-05)
(0 0.00049 1e-05)
(1e-05 0.00049 1e-05)
(2e-05 0.00049 1e-05)
(3e-05 0.00049 1e-05)
(4e-05 0.00049 1e-05)
(5e-05 0.00049 1e-05)
(-5e-05 0.0005 1e-05)
(-4e-05 0.0005 1e-05)
(-3e-05 0.0005 1e-05)
(-2e-05 0.0005 1e-05)
(-1e-05 0.0005 1e-05)
(0 0.0005 1e-05)
(1e-05 0.0005 1e-05)
(2e-05 0.0005 1e-05)
(3e-05 0.0005 1e-05)
(4e-05 0.0005 1e-05)
(5e-05 0.0005 1e-05)
(-5e-05 0.00051 1e-05)
(-4e-05 0.00051 1e-05)
(-3e-05 0.00051 1e-05)
(-2e-05 0.00051 1e-05)
(-1e-05 0.00051 1e-05)
(0 0.00051 1e-05)
(1e-05 0.00051 1e-05)
(2e-05 0.00051 1e-05)
(3e-05 0.00051 1e-05)
(4e-05 0.00051 1e-05)
(5e-05 0.00051 1e-05)
(-5e-05 0.00052 1e-05)
(-4e-05 0.00052 1e-05)
(-3e-05 0.00052 1e-05)
(-2e-05 0.00052 1e-05)
(-1e-05 0.00052 1e-05)
(0 0.00052 1e-05)
(1e-05 0.00052 1e-05)
(2e-05 0.00052 1e-05)
(3e-05 0.00052 1e-05)
(4e-05 0.00052 1e-05)
(5e-05 0.00052 1e-05)
(-5e-05 0.00053 1e-05)
(-4e-05 0.00053 1e-05)
(-3e-05 0.00053 1e-05)
(-2e-05 0.00053 1e-05)
(-1e-05 0.00053 1e-05)
(0 0.00053 1e-05)
(1e-05 0.00053 1e-05)
(2e-05 0.00053 1e-05)
(3e-05 0.00053 1e-05)
(4e-05 0.00053 1e-05)
(5e-05 0.00053 1e-05)
(-5e-05 0.00054 1e-05)
(-4e-05 0.00054 1e-05)
(-3e-05 0.00054 1e-05)
(-2e-05 0.00054 1e-05)
(-1e-05 0.00054 1e-05)
(0 0.00054 1e-05)
(1e-05 0.00054 1e-05)
(2e-05 0.00054 1e-05)
(3e-05 0.00054 1e-05)
(4e-05 0.00054 1e-05)
(5e-05 0.00054 1e-05)
(-5e-05 0.00055 1e-05)
(-4e-05 0.00055 1e-05)
(-3e-05 0.00055 1e-05)
(-2e-05 0.00055 1e-05)
(-1e-05 0.00055 1e-05)
(0 0.00055 1e-05)
(1e-05 0.00055 1e-05)
(2e-05 0.00055 1e-05)
(3e-05 0.00055 1e-05)
(4e-05 0.00055 1e-05)
(5e-05 0.00055 1e-05)
(-5e-05 0.00056 1e-05)
(-4e-05 0.00056 1e-05)
(-3e-05 0.00056 1e-05)
(-2e-05 0.00056 1e-05)
(-1e-05 0.00056 1e-05)
(0 0.00056 1e-05)
(1e-05 0.00056 1e-05)
(2e-05 0.00056 1e-05)
(3e-05 0.00056 1e-05)
(4e-05 0.00056 1e-05)
(5e-05 0.00056 1e-05)
(-5e-05 0.00057 1e-05)
(-4e-05 0.00057 1e-05)
(-3e-05 0.00057 1e-05)
(-2e-05 0.00057 1e-05)
(-1e-05 0.00057 1e-05)
(0 0.00057 1e-05)
(1e-05 0.00057 1e-05)
(2e-05 0.00057 1e-05)
(3e-05 0.00057 1e-05)
(4e-05 0.00057 1e-05)
(5e-05 0.00057 1e-05)
(-5e-05 0.00058 1e-05)
(-4e-05 0.00058 1e-05)
(-3e-05 0.00058 1e-05)
(-2e-05 0.00058 1e-05)
(-1e-05 0.00058 1e-05)
(0 0.00058 1e-05)
(1e-05 0.00058 1e-05)
(2e-05 0.00058 1e-05)
(3e-05 0.00058 1e-05)
(4e-05 0.00058 1e-05)
(5e-05 0.00058 1e-05)
(-5e-05 0.00059 1e-05)
(-4e-05 0.00059 1e-05)
(-3e-05 0.00059 1e-05)
(-2e-05 0.00059 1e-05)
(-1e-05 0.00059 1e-05)
(0 0.00059 1e-05)
(1e-05 0.00059 1e-05)
(2e-05 0.00059 1e-05)
(3e-05 0.00059 1e-05)
(4e-05 0.00059 1e-05)
(5e-05 0.00059 1e-05)
(-5e-05 0.0006 1e-05)
(-4e-05 0.0006 1e-05)
(-3e-05 0.0006 1e-05)
(-2e-05 0.0006 1e-05)
(-1e-05 0.0006 1e-05)
(0 0.0006 1e-05)
(1e-05 0.0006 1e-05)
(2e-05 0.0006 1e-05)
(3e-05 0.0006 1e-05)
(4e-05 0.0006 1e-05)
(5e-05 0.0006 1e-05)
(-5e-05 0.00061 1e-05)
(-4e-05 0.00061 1e-05)
(-3e-05 0.00061 1e-05)
(-2e-05 0.00061 1e-05)
(-1e-05 0.00061 1e-05)
(0 0.00061 1e-05)
(1e-05 0.00061 1e-05)
(2e-05 0.00061 1e-05)
(3e-05 0.00061 1e-05)
(4e-05 0.00061 1e-05)
(5e-05 0.00061 1e-05)
(-5e-05 0.00062 1e-05)
(-4e-05 0.00062 1e-05)
(-3e-05 0.00062 1e-05)
(-2e-05 0.00062 1e-05)
(-1e-05 0.00062 1e-05)
(0 0.00062 1e-05)
(1e-05 0.00062 1e-05)
(2e-05 0.00062 1e-05)
(3e-05 0.00062 1e-05)
(4e-05 0.00062 1e-05)
(5e-05 0.00062 1e-05)
(-5e-05 0.00063 1e-05)
(-4e-05 0.00063 1e-05)
(-3e-05 0.00063 1e-05)
(-2e-05 0.00063 1e-05)
(-1e-05 0.00063 1e-05)
(0 0.00063 1e-05)
(1e-05 0.00063 1e-05)
(2e-05 0.00063 1e-05)
(3e-05 0.00063 1e-05)
(4e-05 0.00063 1e-05)
(5e-05 0.00063 1e-05)
(-5e-05 0.00064 1e-05)
(-4e-05 0.00064 1e-05)
(-3e-05 0.00064 1e-05)
(-2e-05 0.00064 1e-05)
(-1e-05 0.00064 1e-05)
(0 0.00064 1e-05)
(1e-05 0.00064 1e-05)
(2e-05 0.00064 1e-05)
(3e-05 0.00064 1e-05)
(4e-05 0.00064 1e-05)
(5e-05 0.00064 1e-05)
(-5e-05 0.00065 1e-05)
(-4e-05 0.00065 1e-05)
(-3e-05 0.00065 1e-05)
(-2e-05 0.00065 1e-05)
(-1e-05 0.00065 1e-05)
(0 0.00065 1e-05)
(1e-05 0.00065 1e-05)
(2e-05 0.00065 1e-05)
(3e-05 0.00065 1e-05)
(4e-05 0.00065 1e-05)
(5e-05 0.00065 1e-05)
(-5e-05 6e-05 2e-05)
(-4e-05 6e-05 2e-05)
(-3e-05 6e-05 2e-05)
(-2e-05 6e-05 2e-05)
(-1e-05 6e-05 2e-05)
(0 6e-05 2e-05)
(1e-05 6e-05 2e-05)
(2e-05 6e-05 2e-05)
(3e-05 6e-05 2e-05)
(4e-05 6e-05 2e-05)
(5e-05 6e-05 2e-05)
(-5e-05 7e-05 2e-05)
(-4e-05 7e-05 2e-05)
(-3e-05 7e-05 2e-05)
(-2e-05 7e-05 2e-05)
(-1e-05 7e-05 2e-05)
(0 7e-05 2e-05)
(1e-05 7e-05 2e-05)
(2e-05 7e-05 2e-05)
(3e-05 7e-05 2e-05)
(4e-05 7e-05 2e-05)
(5e-05 7e-05 2e-05)
(-5e-05 8e-05 2e-05)
(-4e-05 8e-05 2e-05)
(-3e-05 8e-05 2e-05)
(-2e-05 8e-05 2e-05)
(-1e-05 8e-05 2e-05)
(0 8e-05 2e-05)
(1e-05 8e-05 2e-05)
(2e-05 8e-05 2e-05)
(3e-05 8e-05 2e-05)
(4e-05 8e-05 2e-05)
(5e-05 8e-05 2e-05)
(-5e-05 9e-05 2e-05)
(-4e-05 9e-05 2e-05)
(-3e-05 9e-05 2e-05)
(-2e-05 9e-05 2e-05)
(-1e-05 9e-05 2e-05)
(0 9e-05 2e-05)
(1e-05 9e-05 2e-05)
(2e-05 9e-05 2e-05)
(3e-05 9e-05 2e-05)
(4e-05 9e-05 2e-05)
(5e-05 9e-05 2e-05)
(-5e-05 0.0001 2e-05)
(-4e-05 0.0001 2e-05)
(-3e-05 0.0001 2e-05)
(-2e-05 0.0001 2e-05)
(-1e-05 0.0001 2e-05)
(0 0.0001 2e-05)
(1e-05 0.0001 2e-05)
(2e-05 0.0001 2e-05)
(3e-05 0.0001 2e-05)
(4e-05 0.0001 2e-05)
(5e-05 0.0001 2e-05)
(-5e-05 0.00011 2e-05)
(-4e-05 0.00011 2e-05)
(-3e-05 0.00011 2e-05)
(-2e-05 0.00011 2e-05)
(-1e-05 0.00011 2e-05)
(0 0.00011 2e-05)
(1e-05 0.00011 2e-05)
(2e-05 0.00011 2e-05)
(3e-05 0.00011 2e-05)
(4e-05 0.00011 2e-05)
(5e-05 0.00011 2e-05)
(-5e-05 0.00012 2e-05)
(-4e-05 0.00012 2e-05)
(-3e-05 0.00012 2e-05)
(-2e-05 0.00012 2e-05)
(-1e-05 0.00012 2e-05)
(0 0.00012 2e-05)
(1e-05 0.00012 2e-05)
(2e-05 0.00012 2e-05)
(3e-05 0.00012 2e-05)
(4e-05 0.00012 2e-05)
(5e-05 0.00012 2e-05)
(-5e-05 0.00013 2e-05)
(-4e-05 0.00013 2e-05)
(-3e-05 0.00013 2e-05)
(-2e-05 0.00013 2e-05)
(-1e-05 0.00013 2e-05)
(0 0.00013 2e-05)
(1e-05 0.00013 2e-05)
(2e-05 0.00013 2e-05)
(3e-05 0.00013 2e-05)
(4e-05 0.00013 2e-05)
(5e-05 0.00013 2e-05)
(-5e-05 0.00014 2e-05)
(-4e-05 0.00014 2e-05)
(-3e-05 0.00014 2e-05)
(-2e-05 0.00014 2e-05)
(-1e-05 0.00014 2e-05)
(0 0.00014 2e-05)
(1e-05 0.00014 2e-05)
(2e-05 0.00014 2e-05)
(3e-05 0.00014 2e-05)
(4e-05 0.00014 2e-05)
(5e-05 0.00014 2e-05)
(-5e-05 0.00015 2e-05)
(-4e-05 0.00015 2e-05)
(-3e-05 0.00015 2e-05)
(-2e-05 0.00015 2e-05)
(-1e-05 0.00015 2e-05)
(0 0.00015 2e-05)
(1e-05 0.00015 2e-05)
(2e-05 0.00015 2e-05)
(3e-05 0.00015 2e-05)
(4e-05 0.00015 2e-05)
(5e-05 0.00015 2e-05)
(-5e-05 0.00016 2e-05)
(-4e-05 0.00016 2e-05)
(-3e-05 0.00016 2e-05)
(-2e-05 0.00016 2e-05)
(-1e-05 0.00016 2e-05)
(0 0.00016 2e-05)
(1e-05 0.00016 2e-05)
(2e-05 0.00016 2e-05)
(3e-05 0.00016 2e-05)
(4e-05 0.00016 2e-05)
(5e-05 0.00016 2e-05)
(-5e-05 0.00017 2e-05)
(-4e-05 0.00017 2e-05)
(-3e-05 0.00017 2e-05)
(-2e-05 0.00017 2e-05)
(-1e-05 0.00017 2e-05)
(0 0.00017 2e-05)
(1e-05 0.00017 2e-05)
(2e-05 0.00017 2e-05)
(3e-05 0.00017 2e-05)
(4e-05 0.00017 2e-05)
(5e-05 0.00017 2e-05)
(-5e-05 0.00018 2e-05)
(-4e-05 0.00018 2e-05)
(-3e-05 0.00018 2e-05)
(-2e-05 0.00018 2e-05)
(-1e-05 0.00018 2e-05)
(0 0.00018 2e-05)
(1e-05 0.00018 2e-05)
(2e-05 0.00018 2e-05)
(3e-05 0.00018 2e-05)
(4e-05 0.00018 2e-05)
(5e-05 0.00018 2e-05)
(-5e-05 0.00019 2e-05)
(-4e-05 0.00019 2e-05)
(-3e-05 0.00019 2e-05)
(-2e-05 0.00019 2e-05)
(-1e-05 0.00019 2e-05)
(0 0.00019 2e-05)
(1e-05 0.00019 2e-05)
(2e-05 0.00019 2e-05)
(3e-05 0.00019 2e-05)
(4e-05 0.00019 2e-05)
(5e-05 0.00019 2e-05)
(-5e-05 0.0002 2e-05)
(-4e-05 0.0002 2e-05)
(-3e-05 0.0002 2e-05)
(-2e-05 0.0002 2e-05)
(-1e-05 0.0002 2e-05)
(0 0.0002 2e-05)
(1e-05 0.0002 2e-05)
(2e-05 0.0002 2e-05)
(3e-05 0.0002 2e-05)
(4e-05 0.0002 2e-05)
(5e-05 0.0002 2e-05)
(-5e-05 0.00021 2e-05)
(-4e-05 0.00021 2e-05)
(-3e-05 0.00021 2e-05)
(-2e-05 0.00021 2e-05)
(-1e-05 0.00021 2e-05)
(0 0.00021 2e-05)
(1e-05 0.00021 2e-05)
(2e-05 0.00021 2e-05)
(3e-05 0.00021 2e-05)
(4e-05 0.00021 2e-05)
(5e-05 0.00021 2e-05)
(-5e-05 0.00022 2e-05)
(-4e-05 0.00022 2e-05)
(-3e-05 0.00022 2e-05)
(-2e-05 0.00022 2e-05)
(-1e-05 0.00022 2e-05)
(0 0.00022 2e-05)
(1e-05 0.00022 2e-05)
(2e-05 0.00022 2e-05)
(3e-05 0.00022 2e-05)
(4e-05 0.00022 2e-05)
(5e-05 0.00022 2e-05)
(-5e-05 0.00023 2e-05)
(-4e-05 0.00023 2e-05)
(-3e-05 0.00023 2e-05)
(-2e-05 0.00023 2e-05)
(-1e-05 0.00023 2e-05)
(0 0.00023 2e-05)
(1e-05 0.00023 2e-05)
(2e-05 0.00023 2e-05)
(3e-05 0.00023 2e-05)
(4e-05 0.00023 2e-05)
(5e-05 0.00023 2e-05)
(-5e-05 0.00024 2e-05)
(-4e-05 0.00024 2e-05)
(-3e-05 0.00024 2e-05)
(-2e-05 0.00024 2e-05)
(-1e-05 0.00024 2e-05)
(0 0.00024 2e-05)
(1e-05 0.00024 2e-05)
(2e-05 0.00024 2e-05)
(3e-05 0.00024 2e-05)
(4e-05 0.00024 2e-05)
(5e-05 0.00024 2e-05)
(-5e-05 0.00025 2e-05)
(-4e-05 0.00025 2e-05)
(-3e-05 0.00025 2e-05)
(-2e-05 0.00025 2e-05)
(-1e-05 0.00025 2e-05)
(0 0.00025 2e-05)
(1e-05 0.00025 2e-05)
(2e-05 0.00025 2e-05)
(3e-05 0.00025 2e-05)
(4e-05 0.00025 2e-05)
(5e-05 0.00025 2e-05)
(-5e-05 0.00026 2e-05)
(-4e-05 0.00026 2e-05)
(-3e-05 0.00026 2e-05)
(-2e-05 0.00026 2e-05)
(-1e-05 0.00026 2e-05)
(0 0.00026 2e-05)
(1e-05 0.00026 2e-05)
(2e-05 0.00026 2e-05)
(3e-05 0.00026 2e-05)
(4e-05 0.00026 2e-05)
(5e-05 0.00026 2e-05)
(-5e-05 0.00027 2e-05)
(-4e-05 0.00027 2e-05)
(-3e-05 0.00027 2e-05)
(-2e-05 0.00027 2e-05)
(-1e-05 0.00027 2e-05)
(0 0.00027 2e-05)
(1e-05 0.00027 2e-05)
(2e-05 0.00027 2e-05)
(3e-05 0.00027 2e-05)
(4e-05 0.00027 2e-05)
(5e-05 0.00027 2e-05)
(-5e-05 0.00028 2e-05)
(-4e-05 0.00028 2e-05)
(-3e-05 0.00028 2e-05)
(-2e-05 0.00028 2e-05)
(-1e-05 0.00028 2e-05)
(0 0.00028 2e-05)
(1e-05 0.00028 2e-05)
(2e-05 0.00028 2e-05)
(3e-05 0.00028 2e-05)
(4e-05 0.00028 2e-05)
(5e-05 0.00028 2e-05)
(-5e-05 0.00029 2e-05)
(-4e-05 0.00029 2e-05)
(-3e-05 0.00029 2e-05)
(-2e-05 0.00029 2e-05)
(-1e-05 0.00029 2e-05)
(0 0.00029 2e-05)
(1e-05 0.00029 2e-05)
(2e-05 0.00029 2e-05)
(3e-05 0.00029 2e-05)
(4e-05 0.00029 2e-05)
(5e-05 0.00029 2e-05)
(-5e-05 0.0003 2e-05)
(-4e-05 0.0003 2e-05)
(-3e-05 0.0003 2e-05)
(-2e-05 0.0003 2e-05)
(-1e-05 0.0003 2e-05)
(0 0.0003 2e-05)
(1e-05 0.0003 2e-05)
(2e-05 0.0003 2e-05)
(3e-05 0.0003 2e-05)
(4e-05 0.0003 2e-05)
(5e-05 0.0003 2e-05)
(-5e-05 0.00031 2e-05)
(-4e-05 0.00031 2e-05)
(-3e-05 0.00031 2e-05)
(-2e-05 0.00031 2e-05)
(-1e-05 0.00031 2e-05)
(0 0.00031 2e-05)
(1e-05 0.00031 2e-05)
(2e-05 0.00031 2e-05)
(3e-05 0.00031 2e-05)
(4e-05 0.00031 2e-05)
(5e-05 0.00031 2e-05)
(-5e-05 0.00032 2e-05)
(-4e-05 0.00032 2e-05)
(-3e-05 0.00032 2e-05)
(-2e-05 0.00032 2e-05)
(-1e-05 0.00032 2e-05)
(0 0.00032 2e-05)
(1e-05 0.00032 2e-05)
(2e-05 0.00032 2e-05)
(3e-05 0.00032 2e-05)
(4e-05 0.00032 2e-05)
(5e-05 0.00032 2e-05)
(-5e-05 0.00033 2e-05)
(-4e-05 0.00033 2e-05)
(-3e-05 0.00033 2e-05)
(-2e-05 0.00033 2e-05)
(-1e-05 0.00033 2e-05)
(0 0.00033 2e-05)
(1e-05 0.00033 2e-05)
(2e-05 0.00033 2e-05)
(3e-05 0.00033 2e-05)
(4e-05 0.00033 2e-05)
(5e-05 0.00033 2e-05)
(-5e-05 0.00034 2e-05)
(-4e-05 0.00034 2e-05)
(-3e-05 0.00034 2e-05)
(-2e-05 0.00034 2e-05)
(-1e-05 0.00034 2e-05)
(0 0.00034 2e-05)
(1e-05 0.00034 2e-05)
(2e-05 0.00034 2e-05)
(3e-05 0.00034 2e-05)
(4e-05 0.00034 2e-05)
(5e-05 0.00034 2e-05)
(-5e-05 0.00035 2e-05)
(-4e-05 0.00035 2e-05)
(-3e-05 0.00035 2e-05)
(-2e-05 0.00035 2e-05)
(-1e-05 0.00035 2e-05)
(0 0.00035 2e-05)
(1e-05 0.00035 2e-05)
(2e-05 0.00035 2e-05)
(3e-05 0.00035 2e-05)
(4e-05 0.00035 2e-05)
(5e-05 0.00035 2e-05)
(-5e-05 0.00036 2e-05)
(-4e-05 0.00036 2e-05)
(-3e-05 0.00036 2e-05)
(-2e-05 0.00036 2e-05)
(-1e-05 0.00036 2e-05)
(0 0.00036 2e-05)
(1e-05 0.00036 2e-05)
(2e-05 0.00036 2e-05)
(3e-05 0.00036 2e-05)
(4e-05 0.00036 2e-05)
(5e-05 0.00036 2e-05)
(-5e-05 0.00037 2e-05)
(-4e-05 0.00037 2e-05)
(-3e-05 0.00037 2e-05)
(-2e-05 0.00037 2e-05)
(-1e-05 0.00037 2e-05)
(0 0.00037 2e-05)
(1e-05 0.00037 2e-05)
(2e-05 0.00037 2e-05)
(3e-05 0.00037 2e-05)
(4e-05 0.00037 2e-05)
(5e-05 0.00037 2e-05)
(-5e-05 0.00038 2e-05)
(-4e-05 0.00038 2e-05)
(-3e-05 0.00038 2e-05)
(-2e-05 0.00038 2e-05)
(-1e-05 0.00038 2e-05)
(0 0.00038 2e-05)
(1e-05 0.00038 2e-05)
(2e-05 0.00038 2e-05)
(3e-05 0.00038 2e-05)
(4e-05 0.00038 2e-05)
(5e-05 0.00038 2e-05)
(-5e-05 0.00039 2e-05)
(-4e-05 0.00039 2e-05)
(-3e-05 0.00039 2e-05)
(-2e-05 0.00039 2e-05)
(-1e-05 0.00039 2e-05)
(0 0.00039 2e-05)
(1e-05 0.00039 2e-05)
(2e-05 0.00039 2e-05)
(3e-05 0.00039 2e-05)
(4e-05 0.00039 2e-05)
(5e-05 0.00039 2e-05)
(-5e-05 0.0004 2e-05)
(-4e-05 0.0004 2e-05)
(-3e-05 0.0004 2e-05)
(-2e-05 0.0004 2e-05)
(-1e-05 0.0004 2e-05)
(0 0.0004 2e-05)
(1e-05 0.0004 2e-05)
(2e-05 0.0004 2e-05)
(3e-05 0.0004 2e-05)
(4e-05 0.0004 2e-05)
(5e-05 0.0004 2e-05)
(-5e-05 0.00041 2e-05)
(-4e-05 0.00041 2e-05)
(-3e-05 0.00041 2e-05)
(-2e-05 0.00041 2e-05)
(-1e-05 0.00041 2e-05)
(0 0.00041 2e-05)
(1e-05 0.00041 2e-05)
(2e-05 0.00041 2e-05)
(3e-05 0.00041 2e-05)
(4e-05 0.00041 2e-05)
(5e-05 0.00041 2e-05)
(-5e-05 0.00042 2e-05)
(-4e-05 0.00042 2e-05)
(-3e-05 0.00042 2e-05)
(-2e-05 0.00042 2e-05)
(-1e-05 0.00042 2e-05)
(0 0.00042 2e-05)
(1e-05 0.00042 2e-05)
(2e-05 0.00042 2e-05)
(3e-05 0.00042 2e-05)
(4e-05 0.00042 2e-05)
(5e-05 0.00042 2e-05)
(-5e-05 0.00043 2e-05)
(-4e-05 0.00043 2e-05)
(-3e-05 0.00043 2e-05)
(-2e-05 0.00043 2e-05)
(-1e-05 0.00043 2e-05)
(0 0.00043 2e-05)
(1e-05 0.00043 2e-05)
(2e-05 0.00043 2e-05)
(3e-05 0.00043 2e-05)
(4e-05 0.00043 2e-05)
(5e-05 0.00043 2e-05)
(-5e-05 0.00044 2e-05)
(-4e-05 0.00044 2e-05)
(-3e-05 0.00044 2e-05)
(-2e-05 0.00044 2e-05)
(-1e-05 0.00044 2e-05)
(0 0.00044 2e-05)
(1e-05 0.00044 2e-05)
(2e-05 0.00044 2e-05)
(3e-05 0.00044 2e-05)
(4e-05 0.00044 2e-05)
(5e-05 0.00044 2e-05)
(-5e-05 0.00045 2e-05)
(-4e-05 0.00045 2e-05)
(-3e-05 0.00045 2e-05)
(-2e-05 0.00045 2e-05)
(-1e-05 0.00045 2e-05)
(0 0.00045 2e-05)
(1e-05 0.00045 2e-05)
(2e-05 0.00045 2e-05)
(3e-05 0.00045 2e-05)
(4e-05 0.00045 2e-05)
(5e-05 0.00045 2e-05)
(-5e-05 0.00046 2e-05)
(-4e-05 0.00046 2e-05)
(-3e-05 0.00046 2e-05)
(-2e-05 0.00046 2e-05)
(-1e-05 0.00046 2e-05)
(0 0.00046 2e-05)
(1e-05 0.00046 2e-05)
(2e-05 0.00046 2e-05)
(3e-05 0.00046 2e-05)
(4e-05 0.00046 2e-05)
(5e-05 0.00046 2e-05)
(-5e-05 0.00047 2e-05)
(-4e-05 0.00047 2e-05)
(-3e-05 0.00047 2e-05)
(-2e-05 0.00047 2e-05)
(-1e-05 0.00047 2e-05)
(0 0.00047 2e-05)
(1e-05 0.00047 2e-05)
(2e-05 0.00047 2e-05)
(3e-05 0.00047 2e-05)
(4e-05 0.00047 2e-05)
(5e-05 0.00047 2e-05)
(-5e-05 0.00048 2e-05)
(-4e-05 0.00048 2e-05)
(-3e-05 0.00048 2e-05)
(-2e-05 0.00048 2e-05)
(-1e-05 0.00048 2e-05)
(0 0.00048 2e-05)
(1e-05 0.00048 2e-05)
(2e-05 0.00048 2e-05)
(3e-05 0.00048 2e-05)
(4e-05 0.00048 2e-05)
(5e-05 0.00048 2e-05)
(-5e-05 0.00049 2e-05)
(-4e-05 0.00049 2e-05)
(-3e-05 0.00049 2e-05)
(-2e-05 0.00049 2e-05)
(-1e-05 0.00049 2e-05)
(0 0.00049 2e-05)
(1e-05 0.00049 2e-05)
(2e-05 0.00049 2e-05)
(3e-05 0.00049 2e-05)
(4e-05 0.00049 2e-05)
(5e-05 0.00049 2e-05)
(-5e-05 0.0005 2e-05)
(-4e-05 0.0005 2e-05)
(-3e-05 0.0005 2e-05)
(-2e-05 0.0005 2e-05)
(-1e-05 0.0005 2e-05)
(0 0.0005 2e-05)
(1e-05 0.0005 2e-05)
(2e-05 0.0005 2e-05)
(3e-05 0.0005 2e-05)
(4e-05 0.0005 2e-05)
(5e-05 0.0005 2e-05)
(-5e-05 0.00051 2e-05)
(-4e-05 0.00051 2e-05)
(-3e-05 0.00051 2e-05)
(-2e-05 0.00051 2e-05)
(-1e-05 0.00051 2e-05)
(0 0.00051 2e-05)
(1e-05 0.00051 2e-05)
(2e-05 0.00051 2e-05)
(3e-05 0.00051 2e-05)
(4e-05 0.00051 2e-05)
(5e-05 0.00051 2e-05)
(-5e-05 0.00052 2e-05)
(-4e-05 0.00052 2e-05)
(-3e-05 0.00052 2e-05)
(-2e-05 0.00052 2e-05)
(-1e-05 0.00052 2e-05)
(0 0.00052 2e-05)
(1e-05 0.00052 2e-05)
(2e-05 0.00052 2e-05)
(3e-05 0.00052 2e-05)
(4e-05 0.00052 2e-05)
(5e-05 0.00052 2e-05)
(-5e-05 0.00053 2e-05)
(-4e-05 0.00053 2e-05)
(-3e-05 0.00053 2e-05)
(-2e-05 0.00053 2e-05)
(-1e-05 0.00053 2e-05)
(0 0.00053 2e-05)
(1e-05 0.00053 2e-05)
(2e-05 0.00053 2e-05)
(3e-05 0.00053 2e-05)
(4e-05 0.00053 2e-05)
(5e-05 0.00053 2e-05)
(-5e-05 0.00054 2e-05)
(-4e-05 0.00054 2e-05)
(-3e-05 0.00054 2e-05)
(-2e-05 0.00054 2e-05)
(-1e-05 0.00054 2e-05)
(0 0.00054 2e-05)
(1e-05 0.00054 2e-05)
(2e-05 0.00054 2e-05)
(3e-05 0.00054 2e-05)
(4e-05 0.00054 2e-05)
(5e-05 0.00054 2e-05)
(-5e-05 0.00055 2e-05)
(-4e-05 0.00055 2e-05)
(-3e-05 0.00055 2e-05)
(-2e-05 0.00055 2e-05)
(-1e-05 0.00055 2e-05)
(0 0.00055 2e-05)
(1e-05 0.00055 2e-05)
(2e-05 0.00055 2e-05)
(3e-05 0.00055 2e-05)
(4e-05 0.00055 2e-05)
(5e-05 0.00055 2e-05)
(-5e-05 0.00056 2e-05)
(-4e-05 0.00056 2e-05)
(-3e-05 0.00056 2e-05)
(-2e-05 0.00056 2e-05)
(-1e-05 0.00056 2e-05)
(0 0.00056 2e-05)
(1e-05 0.00056 2e-05)
(2e-05 0.00056 2e-05)
(3e-05 0.00056 2e-05)
(4e-05 0.00056 2e-05)
(5e-05 0.00056 2e-05)
(-5e-05 0.00057 2e-05)
(-4e-05 0.00057 2e-05)
(-3e-05 0.00057 2e-05)
(-2e-05 0.00057 2e-05)
(-1e-05 0.00057 2e-05)
(0 0.00057 2e-05)
(1e-05 0.00057 2e-05)
(2e-05 0.00057 2e-05)
(3e-05 0.00057 2e-05)
(4e-05 0.00057 2e-05)
(5e-05 0.00057 2e-05)
(-5e-05 0.00058 2e-05)
(-4e-05 0.00058 2e-05)
(-3e-05 0.00058 2e-05)
(-2e-05 0.00058 2e-05)
(-1e-05 0.00058 2e-05)
(0 0.00058 2e-05)
(1e-05 0.00058 2e-05)
(2e-05 0.00058 2e-05)
(3e-05 0.00058 2e-05)
(4e-05 0.00058 2e-05)
(5e-05 0.00058 2e-05)
(-5e-05 0.00059 2e-05)
(-4e-05 0.00059 2e-05)
(-3e-05 0.00059 2e-05)
(-2e-05 0.00059 2e-05)
(-1e-05 0.00059 2e-05)
(0 0.00059 2e-05)
(1e-05 0.00059 2e-05)
(2e-05 0.00059 2e-05)
(3e-05 0.00059 2e-05)
(4e-05 0.00059 2e-05)
(5e-05 0.00059 2e-05)
(-5e-05 0.0006 2e-05)
(-4e-05 0.0006 2e-05)
(-3e-05 0.0006 2e-05)
(-2e-05 0.0006 2e-05)
(-1e-05 0.0006 2e-05)
(0 0.0006 2e-05)
(1e-05 0.0006 2e-05)
(2e-05 0.0006 2e-05)
(3e-05 0.0006 2e-05)
(4e-05 0.0006 2e-05)
(5e-05 0.0006 2e-05)
(-5e-05 0.00061 2e-05)
(-4e-05 0.00061 2e-05)
(-3e-05 0.00061 2e-05)
(-2e-05 0.00061 2e-05)
(-1e-05 0.00061 2e-05)
(0 0.00061 2e-05)
(1e-05 0.00061 2e-05)
(2e-05 0.00061 2e-05)
(3e-05 0.00061 2e-05)
(4e-05 0.00061 2e-05)
(5e-05 0.00061 2e-05)
(-5e-05 0.00062 2e-05)
(-4e-05 0.00062 2e-05)
(-3e-05 0.00062 2e-05)
(-2e-05 0.00062 2e-05)
(-1e-05 0.00062 2e-05)
(0 0.00062 2e-05)
(1e-05 0.00062 2e-05)
(2e-05 0.00062 2e-05)
(3e-05 0.00062 2e-05)
(4e-05 0.00062 2e-05)
(5e-05 0.00062 2e-05)
(-5e-05 0.00063 2e-05)
(-4e-05 0.00063 2e-05)
(-3e-05 0.00063 2e-05)
(-2e-05 0.00063 2e-05)
(-1e-05 0.00063 2e-05)
(0 0.00063 2e-05)
(1e-05 0.00063 2e-05)
(2e-05 0.00063 2e-05)
(3e-05 0.00063 2e-05)
(4e-05 0.00063 2e-05)
(5e-05 0.00063 2e-05)
(-5e-05 0.00064 2e-05)
(-4e-05 0.00064 2e-05)
(-3e-05 0.00064 2e-05)
(-2e-05 0.00064 2e-05)
(-1e-05 0.00064 2e-05)
(0 0.00064 2e-05)
(1e-05 0.00064 2e-05)
(2e-05 0.00064 2e-05)
(3e-05 0.00064 2e-05)
(4e-05 0.00064 2e-05)
(5e-05 0.00064 2e-05)
(-5e-05 0.00065 2e-05)
(-4e-05 0.00065 2e-05)
(-3e-05 0.00065 2e-05)
(-2e-05 0.00065 2e-05)
(-1e-05 0.00065 2e-05)
(0 0.00065 2e-05)
(1e-05 0.00065 2e-05)
(2e-05 0.00065 2e-05)
(3e-05 0.00065 2e-05)
(4e-05 0.00065 2e-05)
(5e-05 0.00065 2e-05)
(-5e-05 6e-05 3e-05)
(-4e-05 6e-05 3e-05)
(-3e-05 6e-05 3e-05)
(-2e-05 6e-05 3e-05)
(-1e-05 6e-05 3e-05)
(0 6e-05 3e-05)
(1e-05 6e-05 3e-05)
(2e-05 6e-05 3e-05)
(3e-05 6e-05 3e-05)
(4e-05 6e-05 3e-05)
(5e-05 6e-05 3e-05)
(-5e-05 7e-05 3e-05)
(-4e-05 7e-05 3e-05)
(-3e-05 7e-05 3e-05)
(-2e-05 7e-05 3e-05)
(-1e-05 7e-05 3e-05)
(0 7e-05 3e-05)
(1e-05 7e-05 3e-05)
(2e-05 7e-05 3e-05)
(3e-05 7e-05 3e-05)
(4e-05 7e-05 3e-05)
(5e-05 7e-05 3e-05)
(-5e-05 8e-05 3e-05)
(-4e-05 8e-05 3e-05)
(-3e-05 8e-05 3e-05)
(-2e-05 8e-05 3e-05)
(-1e-05 8e-05 3e-05)
(0 8e-05 3e-05)
(1e-05 8e-05 3e-05)
(2e-05 8e-05 3e-05)
(3e-05 8e-05 3e-05)
(4e-05 8e-05 3e-05)
(5e-05 8e-05 3e-05)
(-5e-05 9e-05 3e-05)
(-4e-05 9e-05 3e-05)
(-3e-05 9e-05 3e-05)
(-2e-05 9e-05 3e-05)
(-1e-05 9e-05 3e-05)
(0 9e-05 3e-05)
(1e-05 9e-05 3e-05)
(2e-05 9e-05 3e-05)
(3e-05 9e-05 3e-05)
(4e-05 9e-05 3e-05)
(5e-05 9e-05 3e-05)
(-5e-05 0.0001 3e-05)
(-4e-05 0.0001 3e-05)
(-3e-05 0.0001 3e-05)
(-2e-05 0.0001 3e-05)
(-1e-05 0.0001 3e-05)
(0 0.0001 3e-05)
(1e-05 0.0001 3e-05)
(2e-05 0.0001 3e-05)
(3e-05 0.0001 3e-05)
(4e-05 0.0001 3e-05)
(5e-05 0.0001 3e-05)
(-5e-05 0.00011 3e-05)
(-4e-05 0.00011 3e-05)
(-3e-05 0.00011 3e-05)
(-2e-05 0.00011 3e-05)
(-1e-05 0.00011 3e-05)
(0 0.00011 3e-05)
(1e-05 0.00011 3e-05)
(2e-05 0.00011 3e-05)
(3e-05 0.00011 3e-05)
(4e-05 0.00011 3e-05)
(5e-05 0.00011 3e-05)
(-5e-05 0.00012 3e-05)
(-4e-05 0.00012 3e-05)
(-3e-05 0.00012 3e-05)
(-2e-05 0.00012 3e-05)
(-1e-05 0.00012 3e-05)
(0 0.00012 3e-05)
(1e-05 0.00012 3e-05)
(2e-05 0.00012 3e-05)
(3e-05 0.00012 3e-05)
(4e-05 0.00012 3e-05)
(5e-05 0.00012 3e-05)
(-5e-05 0.00013 3e-05)
(-4e-05 0.00013 3e-05)
(-3e-05 0.00013 3e-05)
(-2e-05 0.00013 3e-05)
(-1e-05 0.00013 3e-05)
(0 0.00013 3e-05)
(1e-05 0.00013 3e-05)
(2e-05 0.00013 3e-05)
(3e-05 0.00013 3e-05)
(4e-05 0.00013 3e-05)
(5e-05 0.00013 3e-05)
(-5e-05 0.00014 3e-05)
(-4e-05 0.00014 3e-05)
(-3e-05 0.00014 3e-05)
(-2e-05 0.00014 3e-05)
(-1e-05 0.00014 3e-05)
(0 0.00014 3e-05)
(1e-05 0.00014 3e-05)
(2e-05 0.00014 3e-05)
(3e-05 0.00014 3e-05)
(4e-05 0.00014 3e-05)
(5e-05 0.00014 3e-05)
(-5e-05 0.00015 3e-05)
(-4e-05 0.00015 3e-05)
(-3e-05 0.00015 3e-05)
(-2e-05 0.00015 3e-05)
(-1e-05 0.00015 3e-05)
(0 0.00015 3e-05)
(1e-05 0.00015 3e-05)
(2e-05 0.00015 3e-05)
(3e-05 0.00015 3e-05)
(4e-05 0.00015 3e-05)
(5e-05 0.00015 3e-05)
(-5e-05 0.00016 3e-05)
(-4e-05 0.00016 3e-05)
(-3e-05 0.00016 3e-05)
(-2e-05 0.00016 3e-05)
(-1e-05 0.00016 3e-05)
(0 0.00016 3e-05)
(1e-05 0.00016 3e-05)
(2e-05 0.00016 3e-05)
(3e-05 0.00016 3e-05)
(4e-05 0.00016 3e-05)
(5e-05 0.00016 3e-05)
(-5e-05 0.00017 3e-05)
(-4e-05 0.00017 3e-05)
(-3e-05 0.00017 3e-05)
(-2e-05 0.00017 3e-05)
(-1e-05 0.00017 3e-05)
(0 0.00017 3e-05)
(1e-05 0.00017 3e-05)
(2e-05 0.00017 3e-05)
(3e-05 0.00017 3e-05)
(4e-05 0.00017 3e-05)
(5e-05 0.00017 3e-05)
(-5e-05 0.00018 3e-05)
(-4e-05 0.00018 3e-05)
(-3e-05 0.00018 3e-05)
(-2e-05 0.00018 3e-05)
(-1e-05 0.00018 3e-05)
(0 0.00018 3e-05)
(1e-05 0.00018 3e-05)
(2e-05 0.00018 3e-05)
(3e-05 0.00018 3e-05)
(4e-05 0.00018 3e-05)
(5e-05 0.00018 3e-05)
(-5e-05 0.00019 3e-05)
(-4e-05 0.00019 3e-05)
(-3e-05 0.00019 3e-05)
(-2e-05 0.00019 3e-05)
(-1e-05 0.00019 3e-05)
(0 0.00019 3e-05)
(1e-05 0.00019 3e-05)
(2e-05 0.00019 3e-05)
(3e-05 0.00019 3e-05)
(4e-05 0.00019 3e-05)
(5e-05 0.00019 3e-05)
(-5e-05 0.0002 3e-05)
(-4e-05 0.0002 3e-05)
(-3e-05 0.0002 3e-05)
(-2e-05 0.0002 3e-05)
(-1e-05 0.0002 3e-05)
(0 0.0002 3e-05)
(1e-05 0.0002 3e-05)
(2e-05 0.0002 3e-05)
(3e-05 0.0002 3e-05)
(4e-05 0.0002 3e-05)
(5e-05 0.0002 3e-05)
(-5e-05 0.00021 3e-05)
(-4e-05 0.00021 3e-05)
(-3e-05 0.00021 3e-05)
(-2e-05 0.00021 3e-05)
(-1e-05 0.00021 3e-05)
(0 0.00021 3e-05)
(1e-05 0.00021 3e-05)
(2e-05 0.00021 3e-05)
(3e-05 0.00021 3e-05)
(4e-05 0.00021 3e-05)
(5e-05 0.00021 3e-05)
(-5e-05 0.00022 3e-05)
(-4e-05 0.00022 3e-05)
(-3e-05 0.00022 3e-05)
(-2e-05 0.00022 3e-05)
(-1e-05 0.00022 3e-05)
(0 0.00022 3e-05)
(1e-05 0.00022 3e-05)
(2e-05 0.00022 3e-05)
(3e-05 0.00022 3e-05)
(4e-05 0.00022 3e-05)
(5e-05 0.00022 3e-05)
(-5e-05 0.00023 3e-05)
(-4e-05 0.00023 3e-05)
(-3e-05 0.00023 3e-05)
(-2e-05 0.00023 3e-05)
(-1e-05 0.00023 3e-05)
(0 0.00023 3e-05)
(1e-05 0.00023 3e-05)
(2e-05 0.00023 3e-05)
(3e-05 0.00023 3e-05)
(4e-05 0.00023 3e-05)
(5e-05 0.00023 3e-05)
(-5e-05 0.00024 3e-05)
(-4e-05 0.00024 3e-05)
(-3e-05 0.00024 3e-05)
(-2e-05 0.00024 3e-05)
(-1e-05 0.00024 3e-05)
(0 0.00024 3e-05)
(1e-05 0.00024 3e-05)
(2e-05 0.00024 3e-05)
(3e-05 0.00024 3e-05)
(4e-05 0.00024 3e-05)
(5e-05 0.00024 3e-05)
(-5e-05 0.00025 3e-05)
(-4e-05 0.00025 3e-05)
(-3e-05 0.00025 3e-05)
(-2e-05 0.00025 3e-05)
(-1e-05 0.00025 3e-05)
(0 0.00025 3e-05)
(1e-05 0.00025 3e-05)
(2e-05 0.00025 3e-05)
(3e-05 0.00025 3e-05)
(4e-05 0.00025 3e-05)
(5e-05 0.00025 3e-05)
(-5e-05 0.00026 3e-05)
(-4e-05 0.00026 3e-05)
(-3e-05 0.00026 3e-05)
(-2e-05 0.00026 3e-05)
(-1e-05 0.00026 3e-05)
(0 0.00026 3e-05)
(1e-05 0.00026 3e-05)
(2e-05 0.00026 3e-05)
(3e-05 0.00026 3e-05)
(4e-05 0.00026 3e-05)
(5e-05 0.00026 3e-05)
(-5e-05 0.00027 3e-05)
(-4e-05 0.00027 3e-05)
(-3e-05 0.00027 3e-05)
(-2e-05 0.00027 3e-05)
(-1e-05 0.00027 3e-05)
(0 0.00027 3e-05)
(1e-05 0.00027 3e-05)
(2e-05 0.00027 3e-05)
(3e-05 0.00027 3e-05)
(4e-05 0.00027 3e-05)
(5e-05 0.00027 3e-05)
(-5e-05 0.00028 3e-05)
(-4e-05 0.00028 3e-05)
(-3e-05 0.00028 3e-05)
(-2e-05 0.00028 3e-05)
(-1e-05 0.00028 3e-05)
(0 0.00028 3e-05)
(1e-05 0.00028 3e-05)
(2e-05 0.00028 3e-05)
(3e-05 0.00028 3e-05)
(4e-05 0.00028 3e-05)
(5e-05 0.00028 3e-05)
(-5e-05 0.00029 3e-05)
(-4e-05 0.00029 3e-05)
(-3e-05 0.00029 3e-05)
(-2e-05 0.00029 3e-05)
(-1e-05 0.00029 3e-05)
(0 0.00029 3e-05)
(1e-05 0.00029 3e-05)
(2e-05 0.00029 3e-05)
(3e-05 0.00029 3e-05)
(4e-05 0.00029 3e-05)
(5e-05 0.00029 3e-05)
(-5e-05 0.0003 3e-05)
(-4e-05 0.0003 3e-05)
(-3e-05 0.0003 3e-05)
(-2e-05 0.0003 3e-05)
(-1e-05 0.0003 3e-05)
(0 0.0003 3e-05)
(1e-05 0.0003 3e-05)
(2e-05 0.0003 3e-05)
(3e-05 0.0003 3e-05)
(4e-05 0.0003 3e-05)
(5e-05 0.0003 3e-05)
(-5e-05 0.00031 3e-05)
(-4e-05 0.00031 3e-05)
(-3e-05 0.00031 3e-05)
(-2e-05 0.00031 3e-05)
(-1e-05 0.00031 3e-05)
(0 0.00031 3e-05)
(1e-05 0.00031 3e-05)
(2e-05 0.00031 3e-05)
(3e-05 0.00031 3e-05)
(4e-05 0.00031 3e-05)
(5e-05 0.00031 3e-05)
(-5e-05 0.00032 3e-05)
(-4e-05 0.00032 3e-05)
(-3e-05 0.00032 3e-05)
(-2e-05 0.00032 3e-05)
(-1e-05 0.00032 3e-05)
(0 0.00032 3e-05)
(1e-05 0.00032 3e-05)
(2e-05 0.00032 3e-05)
(3e-05 0.00032 3e-05)
(4e-05 0.00032 3e-05)
(5e-05 0.00032 3e-05)
(-5e-05 0.00033 3e-05)
(-4e-05 0.00033 3e-05)
(-3e-05 0.00033 3e-05)
(-2e-05 0.00033 3e-05)
(-1e-05 0.00033 3e-05)
(0 0.00033 3e-05)
(1e-05 0.00033 3e-05)
(2e-05 0.00033 3e-05)
(3e-05 0.00033 3e-05)
(4e-05 0.00033 3e-05)
(5e-05 0.00033 3e-05)
(-5e-05 0.00034 3e-05)
(-4e-05 0.00034 3e-05)
(-3e-05 0.00034 3e-05)
(-2e-05 0.00034 3e-05)
(-1e-05 0.00034 3e-05)
(0 0.00034 3e-05)
(1e-05 0.00034 3e-05)
(2e-05 0.00034 3e-05)
(3e-05 0.00034 3e-05)
(4e-05 0.00034 3e-05)
(5e-05 0.00034 3e-05)
(-5e-05 0.00035 3e-05)
(-4e-05 0.00035 3e-05)
(-3e-05 0.00035 3e-05)
(-2e-05 0.00035 3e-05)
(-1e-05 0.00035 3e-05)
(0 0.00035 3e-05)
(1e-05 0.00035 3e-05)
(2e-05 0.00035 3e-05)
(3e-05 0.00035 3e-05)
(4e-05 0.00035 3e-05)
(5e-05 0.00035 3e-05)
(-5e-05 0.00036 3e-05)
(-4e-05 0.00036 3e-05)
(-3e-05 0.00036 3e-05)
(-2e-05 0.00036 3e-05)
(-1e-05 0.00036 3e-05)
(0 0.00036 3e-05)
(1e-05 0.00036 3e-05)
(2e-05 0.00036 3e-05)
(3e-05 0.00036 3e-05)
(4e-05 0.00036 3e-05)
(5e-05 0.00036 3e-05)
(-5e-05 0.00037 3e-05)
(-4e-05 0.00037 3e-05)
(-3e-05 0.00037 3e-05)
(-2e-05 0.00037 3e-05)
(-1e-05 0.00037 3e-05)
(0 0.00037 3e-05)
(1e-05 0.00037 3e-05)
(2e-05 0.00037 3e-05)
(3e-05 0.00037 3e-05)
(4e-05 0.00037 3e-05)
(5e-05 0.00037 3e-05)
(-5e-05 0.00038 3e-05)
(-4e-05 0.00038 3e-05)
(-3e-05 0.00038 3e-05)
(-2e-05 0.00038 3e-05)
(-1e-05 0.00038 3e-05)
(0 0.00038 3e-05)
(1e-05 0.00038 3e-05)
(2e-05 0.00038 3e-05)
(3e-05 0.00038 3e-05)
(4e-05 0.00038 3e-05)
(5e-05 0.00038 3e-05)
(-5e-05 0.00039 3e-05)
(-4e-05 0.00039 3e-05)
(-3e-05 0.00039 3e-05)
(-2e-05 0.00039 3e-05)
(-1e-05 0.00039 3e-05)
(0 0.00039 3e-05)
(1e-05 0.00039 3e-05)
(2e-05 0.00039 3e-05)
(3e-05 0.00039 3e-05)
(4e-05 0.00039 3e-05)
(5e-05 0.00039 3e-05)
(-5e-05 0.0004 3e-05)
(-4e-05 0.0004 3e-05)
(-3e-05 0.0004 3e-05)
(-2e-05 0.0004 3e-05)
(-1e-05 0.0004 3e-05)
(0 0.0004 3e-05)
(1e-05 0.0004 3e-05)
(2e-05 0.0004 3e-05)
(3e-05 0.0004 3e-05)
(4e-05 0.0004 3e-05)
(5e-05 0.0004 3e-05)
(-5e-05 0.00041 3e-05)
(-4e-05 0.00041 3e-05)
(-3e-05 0.00041 3e-05)
(-2e-05 0.00041 3e-05)
(-1e-05 0.00041 3e-05)
(0 0.00041 3e-05)
(1e-05 0.00041 3e-05)
(2e-05 0.00041 3e-05)
(3e-05 0.00041 3e-05)
(4e-05 0.00041 3e-05)
(5e-05 0.00041 3e-05)
(-5e-05 0.00042 3e-05)
(-4e-05 0.00042 3e-05)
(-3e-05 0.00042 3e-05)
(-2e-05 0.00042 3e-05)
(-1e-05 0.00042 3e-05)
(0 0.00042 3e-05)
(1e-05 0.00042 3e-05)
(2e-05 0.00042 3e-05)
(3e-05 0.00042 3e-05)
(4e-05 0.00042 3e-05)
(5e-05 0.00042 3e-05)
(-5e-05 0.00043 3e-05)
(-4e-05 0.00043 3e-05)
(-3e-05 0.00043 3e-05)
(-2e-05 0.00043 3e-05)
(-1e-05 0.00043 3e-05)
(0 0.00043 3e-05)
(1e-05 0.00043 3e-05)
(2e-05 0.00043 3e-05)
(3e-05 0.00043 3e-05)
(4e-05 0.00043 3e-05)
(5e-05 0.00043 3e-05)
(-5e-05 0.00044 3e-05)
(-4e-05 0.00044 3e-05)
(-3e-05 0.00044 3e-05)
(-2e-05 0.00044 3e-05)
(-1e-05 0.00044 3e-05)
(0 0.00044 3e-05)
(1e-05 0.00044 3e-05)
(2e-05 0.00044 3e-05)
(3e-05 0.00044 3e-05)
(4e-05 0.00044 3e-05)
(5e-05 0.00044 3e-05)
(-5e-05 0.00045 3e-05)
(-4e-05 0.00045 3e-05)
(-3e-05 0.00045 3e-05)
(-2e-05 0.00045 3e-05)
(-1e-05 0.00045 3e-05)
(0 0.00045 3e-05)
(1e-05 0.00045 3e-05)
(2e-05 0.00045 3e-05)
(3e-05 0.00045 3e-05)
(4e-05 0.00045 3e-05)
(5e-05 0.00045 3e-05)
(-5e-05 0.00046 3e-05)
(-4e-05 0.00046 3e-05)
(-3e-05 0.00046 3e-05)
(-2e-05 0.00046 3e-05)
(-1e-05 0.00046 3e-05)
(0 0.00046 3e-05)
(1e-05 0.00046 3e-05)
(2e-05 0.00046 3e-05)
(3e-05 0.00046 3e-05)
(4e-05 0.00046 3e-05)
(5e-05 0.00046 3e-05)
(-5e-05 0.00047 3e-05)
(-4e-05 0.00047 3e-05)
(-3e-05 0.00047 3e-05)
(-2e-05 0.00047 3e-05)
(-1e-05 0.00047 3e-05)
(0 0.00047 3e-05)
(1e-05 0.00047 3e-05)
(2e-05 0.00047 3e-05)
(3e-05 0.00047 3e-05)
(4e-05 0.00047 3e-05)
(5e-05 0.00047 3e-05)
(-5e-05 0.00048 3e-05)
(-4e-05 0.00048 3e-05)
(-3e-05 0.00048 3e-05)
(-2e-05 0.00048 3e-05)
(-1e-05 0.00048 3e-05)
(0 0.00048 3e-05)
(1e-05 0.00048 3e-05)
(2e-05 0.00048 3e-05)
(3e-05 0.00048 3e-05)
(4e-05 0.00048 3e-05)
(5e-05 0.00048 3e-05)
(-5e-05 0.00049 3e-05)
(-4e-05 0.00049 3e-05)
(-3e-05 0.00049 3e-05)
(-2e-05 0.00049 3e-05)
(-1e-05 0.00049 3e-05)
(0 0.00049 3e-05)
(1e-05 0.00049 3e-05)
(2e-05 0.00049 3e-05)
(3e-05 0.00049 3e-05)
(4e-05 0.00049 3e-05)
(5e-05 0.00049 3e-05)
(-5e-05 0.0005 3e-05)
(-4e-05 0.0005 3e-05)
(-3e-05 0.0005 3e-05)
(-2e-05 0.0005 3e-05)
(-1e-05 0.0005 3e-05)
(0 0.0005 3e-05)
(1e-05 0.0005 3e-05)
(2e-05 0.0005 3e-05)
(3e-05 0.0005 3e-05)
(4e-05 0.0005 3e-05)
(5e-05 0.0005 3e-05)
(-5e-05 0.00051 3e-05)
(-4e-05 0.00051 3e-05)
(-3e-05 0.00051 3e-05)
(-2e-05 0.00051 3e-05)
(-1e-05 0.00051 3e-05)
(0 0.00051 3e-05)
(1e-05 0.00051 3e-05)
(2e-05 0.00051 3e-05)
(3e-05 0.00051 3e-05)
(4e-05 0.00051 3e-05)
(5e-05 0.00051 3e-05)
(-5e-05 0.00052 3e-05)
(-4e-05 0.00052 3e-05)
(-3e-05 0.00052 3e-05)
(-2e-05 0.00052 3e-05)
(-1e-05 0.00052 3e-05)
(0 0.00052 3e-05)
(1e-05 0.00052 3e-05)
(2e-05 0.00052 3e-05)
(3e-05 0.00052 3e-05)
(4e-05 0.00052 3e-05)
(5e-05 0.00052 3e-05)
(-5e-05 0.00053 3e-05)
(-4e-05 0.00053 3e-05)
(-3e-05 0.00053 3e-05)
(-2e-05 0.00053 3e-05)
(-1e-05 0.00053 3e-05)
(0 0.00053 3e-05)
(1e-05 0.00053 3e-05)
(2e-05 0.00053 3e-05)
(3e-05 0.00053 3e-05)
(4e-05 0.00053 3e-05)
(5e-05 0.00053 3e-05)
(-5e-05 0.00054 3e-05)
(-4e-05 0.00054 3e-05)
(-3e-05 0.00054 3e-05)
(-2e-05 0.00054 3e-05)
(-1e-05 0.00054 3e-05)
(0 0.00054 3e-05)
(1e-05 0.00054 3e-05)
(2e-05 0.00054 3e-05)
(3e-05 0.00054 3e-05)
(4e-05 0.00054 3e-05)
(5e-05 0.00054 3e-05)
(-5e-05 0.00055 3e-05)
(-4e-05 0.00055 3e-05)
(-3e-05 0.00055 3e-05)
(-2e-05 0.00055 3e-05)
(-1e-05 0.00055 3e-05)
(0 0.00055 3e-05)
(1e-05 0.00055 3e-05)
(2e-05 0.00055 3e-05)
(3e-05 0.00055 3e-05)
(4e-05 0.00055 3e-05)
(5e-05 0.00055 3e-05)
(-5e-05 0.00056 3e-05)
(-4e-05 0.00056 3e-05)
(-3e-05 0.00056 3e-05)
(-2e-05 0.00056 3e-05)
(-1e-05 0.00056 3e-05)
(0 0.00056 3e-05)
(1e-05 0.00056 3e-05)
(2e-05 0.00056 3e-05)
(3e-05 0.00056 3e-05)
(4e-05 0.00056 3e-05)
(5e-05 0.00056 3e-05)
(-5e-05 0.00057 3e-05)
(-4e-05 0.00057 3e-05)
(-3e-05 0.00057 3e-05)
(-2e-05 0.00057 3e-05)
(-1e-05 0.00057 3e-05)
(0 0.00057 3e-05)
(1e-05 0.00057 3e-05)
(2e-05 0.00057 3e-05)
(3e-05 0.00057 3e-05)
(4e-05 0.00057 3e-05)
(5e-05 0.00057 3e-05)
(-5e-05 0.00058 3e-05)
(-4e-05 0.00058 3e-05)
(-3e-05 0.00058 3e-05)
(-2e-05 0.00058 3e-05)
(-1e-05 0.00058 3e-05)
(0 0.00058 3e-05)
(1e-05 0.00058 3e-05)
(2e-05 0.00058 3e-05)
(3e-05 0.00058 3e-05)
(4e-05 0.00058 3e-05)
(5e-05 0.00058 3e-05)
(-5e-05 0.00059 3e-05)
(-4e-05 0.00059 3e-05)
(-3e-05 0.00059 3e-05)
(-2e-05 0.00059 3e-05)
(-1e-05 0.00059 3e-05)
(0 0.00059 3e-05)
(1e-05 0.00059 3e-05)
(2e-05 0.00059 3e-05)
(3e-05 0.00059 3e-05)
(4e-05 0.00059 3e-05)
(5e-05 0.00059 3e-05)
(-5e-05 0.0006 3e-05)
(-4e-05 0.0006 3e-05)
(-3e-05 0.0006 3e-05)
(-2e-05 0.0006 3e-05)
(-1e-05 0.0006 3e-05)
(0 0.0006 3e-05)
(1e-05 0.0006 3e-05)
(2e-05 0.0006 3e-05)
(3e-05 0.0006 3e-05)
(4e-05 0.0006 3e-05)
(5e-05 0.0006 3e-05)
(-5e-05 0.00061 3e-05)
(-4e-05 0.00061 3e-05)
(-3e-05 0.00061 3e-05)
(-2e-05 0.00061 3e-05)
(-1e-05 0.00061 3e-05)
(0 0.00061 3e-05)
(1e-05 0.00061 3e-05)
(2e-05 0.00061 3e-05)
(3e-05 0.00061 3e-05)
(4e-05 0.00061 3e-05)
(5e-05 0.00061 3e-05)
(-5e-05 0.00062 3e-05)
(-4e-05 0.00062 3e-05)
(-3e-05 0.00062 3e-05)
(-2e-05 0.00062 3e-05)
(-1e-05 0.00062 3e-05)
(0 0.00062 3e-05)
(1e-05 0.00062 3e-05)
(2e-05 0.00062 3e-05)
(3e-05 0.00062 3e-05)
(4e-05 0.00062 3e-05)
(5e-05 0.00062 3e-05)
(-5e-05 0.00063 3e-05)
(-4e-05 0.00063 3e-05)
(-3e-05 0.00063 3e-05)
(-2e-05 0.00063 3e-05)
(-1e-05 0.00063 3e-05)
(0 0.00063 3e-05)
(1e-05 0.00063 3e-05)
(2e-05 0.00063 3e-05)
(3e-05 0.00063 3e-05)
(4e-05 0.00063 3e-05)
(5e-05 0.00063 3e-05)
(-5e-05 0.00064 3e-05)
(-4e-05 0.00064 3e-05)
(-3e-05 0.00064 3e-05)
(-2e-05 0.00064 3e-05)
(-1e-05 0.00064 3e-05)
(0 0.00064 3e-05)
(1e-05 0.00064 3e-05)
(2e-05 0.00064 3e-05)
(3e-05 0.00064 3e-05)
(4e-05 0.00064 3e-05)
(5e-05 0.00064 3e-05)
(-5e-05 0.00065 3e-05)
(-4e-05 0.00065 3e-05)
(-3e-05 0.00065 3e-05)
(-2e-05 0.00065 3e-05)
(-1e-05 0.00065 3e-05)
(0 0.00065 3e-05)
(1e-05 0.00065 3e-05)
(2e-05 0.00065 3e-05)
(3e-05 0.00065 3e-05)
(4e-05 0.00065 3e-05)
(5e-05 0.00065 3e-05)
(-5e-05 6e-05 4e-05)
(-4e-05 6e-05 4e-05)
(-3e-05 6e-05 4e-05)
(-2e-05 6e-05 4e-05)
(-1e-05 6e-05 4e-05)
(0 6e-05 4e-05)
(1e-05 6e-05 4e-05)
(2e-05 6e-05 4e-05)
(3e-05 6e-05 4e-05)
(4e-05 6e-05 4e-05)
(5e-05 6e-05 4e-05)
(-5e-05 7e-05 4e-05)
(-4e-05 7e-05 4e-05)
(-3e-05 7e-05 4e-05)
(-2e-05 7e-05 4e-05)
(-1e-05 7e-05 4e-05)
(0 7e-05 4e-05)
(1e-05 7e-05 4e-05)
(2e-05 7e-05 4e-05)
(3e-05 7e-05 4e-05)
(4e-05 7e-05 4e-05)
(5e-05 7e-05 4e-05)
(-5e-05 8e-05 4e-05)
(-4e-05 8e-05 4e-05)
(-3e-05 8e-05 4e-05)
(-2e-05 8e-05 4e-05)
(-1e-05 8e-05 4e-05)
(0 8e-05 4e-05)
(1e-05 8e-05 4e-05)
(2e-05 8e-05 4e-05)
(3e-05 8e-05 4e-05)
(4e-05 8e-05 4e-05)
(5e-05 8e-05 4e-05)
(-5e-05 9e-05 4e-05)
(-4e-05 9e-05 4e-05)
(-3e-05 9e-05 4e-05)
(-2e-05 9e-05 4e-05)
(-1e-05 9e-05 4e-05)
(0 9e-05 4e-05)
(1e-05 9e-05 4e-05)
(2e-05 9e-05 4e-05)
(3e-05 9e-05 4e-05)
(4e-05 9e-05 4e-05)
(5e-05 9e-05 4e-05)
(-5e-05 0.0001 4e-05)
(-4e-05 0.0001 4e-05)
(-3e-05 0.0001 4e-05)
(-2e-05 0.0001 4e-05)
(-1e-05 0.0001 4e-05)
(0 0.0001 4e-05)
(1e-05 0.0001 4e-05)
(2e-05 0.0001 4e-05)
(3e-05 0.0001 4e-05)
(4e-05 0.0001 4e-05)
(5e-05 0.0001 4e-05)
(-5e-05 0.00011 4e-05)
(-4e-05 0.00011 4e-05)
(-3e-05 0.00011 4e-05)
(-2e-05 0.00011 4e-05)
(-1e-05 0.00011 4e-05)
(0 0.00011 4e-05)
(1e-05 0.00011 4e-05)
(2e-05 0.00011 4e-05)
(3e-05 0.00011 4e-05)
(4e-05 0.00011 4e-05)
(5e-05 0.00011 4e-05)
(-5e-05 0.00012 4e-05)
(-4e-05 0.00012 4e-05)
(-3e-05 0.00012 4e-05)
(-2e-05 0.00012 4e-05)
(-1e-05 0.00012 4e-05)
(0 0.00012 4e-05)
(1e-05 0.00012 4e-05)
(2e-05 0.00012 4e-05)
(3e-05 0.00012 4e-05)
(4e-05 0.00012 4e-05)
(5e-05 0.00012 4e-05)
(-5e-05 0.00013 4e-05)
(-4e-05 0.00013 4e-05)
(-3e-05 0.00013 4e-05)
(-2e-05 0.00013 4e-05)
(-1e-05 0.00013 4e-05)
(0 0.00013 4e-05)
(1e-05 0.00013 4e-05)
(2e-05 0.00013 4e-05)
(3e-05 0.00013 4e-05)
(4e-05 0.00013 4e-05)
(5e-05 0.00013 4e-05)
(-5e-05 0.00014 4e-05)
(-4e-05 0.00014 4e-05)
(-3e-05 0.00014 4e-05)
(-2e-05 0.00014 4e-05)
(-1e-05 0.00014 4e-05)
(0 0.00014 4e-05)
(1e-05 0.00014 4e-05)
(2e-05 0.00014 4e-05)
(3e-05 0.00014 4e-05)
(4e-05 0.00014 4e-05)
(5e-05 0.00014 4e-05)
(-5e-05 0.00015 4e-05)
(-4e-05 0.00015 4e-05)
(-3e-05 0.00015 4e-05)
(-2e-05 0.00015 4e-05)
(-1e-05 0.00015 4e-05)
(0 0.00015 4e-05)
(1e-05 0.00015 4e-05)
(2e-05 0.00015 4e-05)
(3e-05 0.00015 4e-05)
(4e-05 0.00015 4e-05)
(5e-05 0.00015 4e-05)
(-5e-05 0.00016 4e-05)
(-4e-05 0.00016 4e-05)
(-3e-05 0.00016 4e-05)
(-2e-05 0.00016 4e-05)
(-1e-05 0.00016 4e-05)
(0 0.00016 4e-05)
(1e-05 0.00016 4e-05)
(2e-05 0.00016 4e-05)
(3e-05 0.00016 4e-05)
(4e-05 0.00016 4e-05)
(5e-05 0.00016 4e-05)
(-5e-05 0.00017 4e-05)
(-4e-05 0.00017 4e-05)
(-3e-05 0.00017 4e-05)
(-2e-05 0.00017 4e-05)
(-1e-05 0.00017 4e-05)
(0 0.00017 4e-05)
(1e-05 0.00017 4e-05)
(2e-05 0.00017 4e-05)
(3e-05 0.00017 4e-05)
(4e-05 0.00017 4e-05)
(5e-05 0.00017 4e-05)
(-5e-05 0.00018 4e-05)
(-4e-05 0.00018 4e-05)
(-3e-05 0.00018 4e-05)
(-2e-05 0.00018 4e-05)
(-1e-05 0.00018 4e-05)
(0 0.00018 4e-05)
(1e-05 0.00018 4e-05)
(2e-05 0.00018 4e-05)
(3e-05 0.00018 4e-05)
(4e-05 0.00018 4e-05)
(5e-05 0.00018 4e-05)
(-5e-05 0.00019 4e-05)
(-4e-05 0.00019 4e-05)
(-3e-05 0.00019 4e-05)
(-2e-05 0.00019 4e-05)
(-1e-05 0.00019 4e-05)
(0 0.00019 4e-05)
(1e-05 0.00019 4e-05)
(2e-05 0.00019 4e-05)
(3e-05 0.00019 4e-05)
(4e-05 0.00019 4e-05)
(5e-05 0.00019 4e-05)
(-5e-05 0.0002 4e-05)
(-4e-05 0.0002 4e-05)
(-3e-05 0.0002 4e-05)
(-2e-05 0.0002 4e-05)
(-1e-05 0.0002 4e-05)
(0 0.0002 4e-05)
(1e-05 0.0002 4e-05)
(2e-05 0.0002 4e-05)
(3e-05 0.0002 4e-05)
(4e-05 0.0002 4e-05)
(5e-05 0.0002 4e-05)
(-5e-05 0.00021 4e-05)
(-4e-05 0.00021 4e-05)
(-3e-05 0.00021 4e-05)
(-2e-05 0.00021 4e-05)
(-1e-05 0.00021 4e-05)
(0 0.00021 4e-05)
(1e-05 0.00021 4e-05)
(2e-05 0.00021 4e-05)
(3e-05 0.00021 4e-05)
(4e-05 0.00021 4e-05)
(5e-05 0.00021 4e-05)
(-5e-05 0.00022 4e-05)
(-4e-05 0.00022 4e-05)
(-3e-05 0.00022 4e-05)
(-2e-05 0.00022 4e-05)
(-1e-05 0.00022 4e-05)
(0 0.00022 4e-05)
(1e-05 0.00022 4e-05)
(2e-05 0.00022 4e-05)
(3e-05 0.00022 4e-05)
(4e-05 0.00022 4e-05)
(5e-05 0.00022 4e-05)
(-5e-05 0.00023 4e-05)
(-4e-05 0.00023 4e-05)
(-3e-05 0.00023 4e-05)
(-2e-05 0.00023 4e-05)
(-1e-05 0.00023 4e-05)
(0 0.00023 4e-05)
(1e-05 0.00023 4e-05)
(2e-05 0.00023 4e-05)
(3e-05 0.00023 4e-05)
(4e-05 0.00023 4e-05)
(5e-05 0.00023 4e-05)
(-5e-05 0.00024 4e-05)
(-4e-05 0.00024 4e-05)
(-3e-05 0.00024 4e-05)
(-2e-05 0.00024 4e-05)
(-1e-05 0.00024 4e-05)
(0 0.00024 4e-05)
(1e-05 0.00024 4e-05)
(2e-05 0.00024 4e-05)
(3e-05 0.00024 4e-05)
(4e-05 0.00024 4e-05)
(5e-05 0.00024 4e-05)
(-5e-05 0.00025 4e-05)
(-4e-05 0.00025 4e-05)
(-3e-05 0.00025 4e-05)
(-2e-05 0.00025 4e-05)
(-1e-05 0.00025 4e-05)
(0 0.00025 4e-05)
(1e-05 0.00025 4e-05)
(2e-05 0.00025 4e-05)
(3e-05 0.00025 4e-05)
(4e-05 0.00025 4e-05)
(5e-05 0.00025 4e-05)
(-5e-05 0.00026 4e-05)
(-4e-05 0.00026 4e-05)
(-3e-05 0.00026 4e-05)
(-2e-05 0.00026 4e-05)
(-1e-05 0.00026 4e-05)
(0 0.00026 4e-05)
(1e-05 0.00026 4e-05)
(2e-05 0.00026 4e-05)
(3e-05 0.00026 4e-05)
(4e-05 0.00026 4e-05)
(5e-05 0.00026 4e-05)
(-5e-05 0.00027 4e-05)
(-4e-05 0.00027 4e-05)
(-3e-05 0.00027 4e-05)
(-2e-05 0.00027 4e-05)
(-1e-05 0.00027 4e-05)
(0 0.00027 4e-05)
(1e-05 0.00027 4e-05)
(2e-05 0.00027 4e-05)
(3e-05 0.00027 4e-05)
(4e-05 0.00027 4e-05)
(5e-05 0.00027 4e-05)
(-5e-05 0.00028 4e-05)
(-4e-05 0.00028 4e-05)
(-3e-05 0.00028 4e-05)
(-2e-05 0.00028 4e-05)
(-1e-05 0.00028 4e-05)
(0 0.00028 4e-05)
(1e-05 0.00028 4e-05)
(2e-05 0.00028 4e-05)
(3e-05 0.00028 4e-05)
(4e-05 0.00028 4e-05)
(5e-05 0.00028 4e-05)
(-5e-05 0.00029 4e-05)
(-4e-05 0.00029 4e-05)
(-3e-05 0.00029 4e-05)
(-2e-05 0.00029 4e-05)
(-1e-05 0.00029 4e-05)
(0 0.00029 4e-05)
(1e-05 0.00029 4e-05)
(2e-05 0.00029 4e-05)
(3e-05 0.00029 4e-05)
(4e-05 0.00029 4e-05)
(5e-05 0.00029 4e-05)
(-5e-05 0.0003 4e-05)
(-4e-05 0.0003 4e-05)
(-3e-05 0.0003 4e-05)
(-2e-05 0.0003 4e-05)
(-1e-05 0.0003 4e-05)
(0 0.0003 4e-05)
(1e-05 0.0003 4e-05)
(2e-05 0.0003 4e-05)
(3e-05 0.0003 4e-05)
(4e-05 0.0003 4e-05)
(5e-05 0.0003 4e-05)
(-5e-05 0.00031 4e-05)
(-4e-05 0.00031 4e-05)
(-3e-05 0.00031 4e-05)
(-2e-05 0.00031 4e-05)
(-1e-05 0.00031 4e-05)
(0 0.00031 4e-05)
(1e-05 0.00031 4e-05)
(2e-05 0.00031 4e-05)
(3e-05 0.00031 4e-05)
(4e-05 0.00031 4e-05)
(5e-05 0.00031 4e-05)
(-5e-05 0.00032 4e-05)
(-4e-05 0.00032 4e-05)
(-3e-05 0.00032 4e-05)
(-2e-05 0.00032 4e-05)
(-1e-05 0.00032 4e-05)
(0 0.00032 4e-05)
(1e-05 0.00032 4e-05)
(2e-05 0.00032 4e-05)
(3e-05 0.00032 4e-05)
(4e-05 0.00032 4e-05)
(5e-05 0.00032 4e-05)
(-5e-05 0.00033 4e-05)
(-4e-05 0.00033 4e-05)
(-3e-05 0.00033 4e-05)
(-2e-05 0.00033 4e-05)
(-1e-05 0.00033 4e-05)
(0 0.00033 4e-05)
(1e-05 0.00033 4e-05)
(2e-05 0.00033 4e-05)
(3e-05 0.00033 4e-05)
(4e-05 0.00033 4e-05)
(5e-05 0.00033 4e-05)
(-5e-05 0.00034 4e-05)
(-4e-05 0.00034 4e-05)
(-3e-05 0.00034 4e-05)
(-2e-05 0.00034 4e-05)
(-1e-05 0.00034 4e-05)
(0 0.00034 4e-05)
(1e-05 0.00034 4e-05)
(2e-05 0.00034 4e-05)
(3e-05 0.00034 4e-05)
(4e-05 0.00034 4e-05)
(5e-05 0.00034 4e-05)
(-5e-05 0.00035 4e-05)
(-4e-05 0.00035 4e-05)
(-3e-05 0.00035 4e-05)
(-2e-05 0.00035 4e-05)
(-1e-05 0.00035 4e-05)
(0 0.00035 4e-05)
(1e-05 0.00035 4e-05)
(2e-05 0.00035 4e-05)
(3e-05 0.00035 4e-05)
(4e-05 0.00035 4e-05)
(5e-05 0.00035 4e-05)
(-5e-05 0.00036 4e-05)
(-4e-05 0.00036 4e-05)
(-3e-05 0.00036 4e-05)
(-2e-05 0.00036 4e-05)
(-1e-05 0.00036 4e-05)
(0 0.00036 4e-05)
(1e-05 0.00036 4e-05)
(2e-05 0.00036 4e-05)
(3e-05 0.00036 4e-05)
(4e-05 0.00036 4e-05)
(5e-05 0.00036 4e-05)
(-5e-05 0.00037 4e-05)
(-4e-05 0.00037 4e-05)
(-3e-05 0.00037 4e-05)
(-2e-05 0.00037 4e-05)
(-1e-05 0.00037 4e-05)
(0 0.00037 4e-05)
(1e-05 0.00037 4e-05)
(2e-05 0.00037 4e-05)
(3e-05 0.00037 4e-05)
(4e-05 0.00037 4e-05)
(5e-05 0.00037 4e-05)
(-5e-05 0.00038 4e-05)
(-4e-05 0.00038 4e-05)
(-3e-05 0.00038 4e-05)
(-2e-05 0.00038 4e-05)
(-1e-05 0.00038 4e-05)
(0 0.00038 4e-05)
(1e-05 0.00038 4e-05)
(2e-05 0.00038 4e-05)
(3e-05 0.00038 4e-05)
(4e-05 0.00038 4e-05)
(5e-05 0.00038 4e-05)
(-5e-05 0.00039 4e-05)
(-4e-05 0.00039 4e-05)
(-3e-05 0.00039 4e-05)
(-2e-05 0.00039 4e-05)
(-1e-05 0.00039 4e-05)
(0 0.00039 4e-05)
(1e-05 0.00039 4e-05)
(2e-05 0.00039 4e-05)
(3e-05 0.00039 4e-05)
(4e-05 0.00039 4e-05)
(5e-05 0.00039 4e-05)
(-5e-05 0.0004 4e-05)
(-4e-05 0.0004 4e-05)
(-3e-05 0.0004 4e-05)
(-2e-05 0.0004 4e-05)
(-1e-05 0.0004 4e-05)
(0 0.0004 4e-05)
(1e-05 0.0004 4e-05)
(2e-05 0.0004 4e-05)
(3e-05 0.0004 4e-05)
(4e-05 0.0004 4e-05)
(5e-05 0.0004 4e-05)
(-5e-05 0.00041 4e-05)
(-4e-05 0.00041 4e-05)
(-3e-05 0.00041 4e-05)
(-2e-05 0.00041 4e-05)
(-1e-05 0.00041 4e-05)
(0 0.00041 4e-05)
(1e-05 0.00041 4e-05)
(2e-05 0.00041 4e-05)
(3e-05 0.00041 4e-05)
(4e-05 0.00041 4e-05)
(5e-05 0.00041 4e-05)
(-5e-05 0.00042 4e-05)
(-4e-05 0.00042 4e-05)
(-3e-05 0.00042 4e-05)
(-2e-05 0.00042 4e-05)
(-1e-05 0.00042 4e-05)
(0 0.00042 4e-05)
(1e-05 0.00042 4e-05)
(2e-05 0.00042 4e-05)
(3e-05 0.00042 4e-05)
(4e-05 0.00042 4e-05)
(5e-05 0.00042 4e-05)
(-5e-05 0.00043 4e-05)
(-4e-05 0.00043 4e-05)
(-3e-05 0.00043 4e-05)
(-2e-05 0.00043 4e-05)
(-1e-05 0.00043 4e-05)
(0 0.00043 4e-05)
(1e-05 0.00043 4e-05)
(2e-05 0.00043 4e-05)
(3e-05 0.00043 4e-05)
(4e-05 0.00043 4e-05)
(5e-05 0.00043 4e-05)
(-5e-05 0.00044 4e-05)
(-4e-05 0.00044 4e-05)
(-3e-05 0.00044 4e-05)
(-2e-05 0.00044 4e-05)
(-1e-05 0.00044 4e-05)
(0 0.00044 4e-05)
(1e-05 0.00044 4e-05)
(2e-05 0.00044 4e-05)
(3e-05 0.00044 4e-05)
(4e-05 0.00044 4e-05)
(5e-05 0.00044 4e-05)
(-5e-05 0.00045 4e-05)
(-4e-05 0.00045 4e-05)
(-3e-05 0.00045 4e-05)
(-2e-05 0.00045 4e-05)
(-1e-05 0.00045 4e-05)
(0 0.00045 4e-05)
(1e-05 0.00045 4e-05)
(2e-05 0.00045 4e-05)
(3e-05 0.00045 4e-05)
(4e-05 0.00045 4e-05)
(5e-05 0.00045 4e-05)
(-5e-05 0.00046 4e-05)
(-4e-05 0.00046 4e-05)
(-3e-05 0.00046 4e-05)
(-2e-05 0.00046 4e-05)
(-1e-05 0.00046 4e-05)
(0 0.00046 4e-05)
(1e-05 0.00046 4e-05)
(2e-05 0.00046 4e-05)
(3e-05 0.00046 4e-05)
(4e-05 0.00046 4e-05)
(5e-05 0.00046 4e-05)
(-5e-05 0.00047 4e-05)
(-4e-05 0.00047 4e-05)
(-3e-05 0.00047 4e-05)
(-2e-05 0.00047 4e-05)
(-1e-05 0.00047 4e-05)
(0 0.00047 4e-05)
(1e-05 0.00047 4e-05)
(2e-05 0.00047 4e-05)
(3e-05 0.00047 4e-05)
(4e-05 0.00047 4e-05)
(5e-05 0.00047 4e-05)
(-5e-05 0.00048 4e-05)
(-4e-05 0.00048 4e-05)
(-3e-05 0.00048 4e-05)
(-2e-05 0.00048 4e-05)
(-1e-05 0.00048 4e-05)
(0 0.00048 4e-05)
(1e-05 0.00048 4e-05)
(2e-05 0.00048 4e-05)
(3e-05 0.00048 4e-05)
(4e-05 0.00048 4e-05)
(5e-05 0.00048 4e-05)
(-5e-05 0.00049 4e-05)
(-4e-05 0.00049 4e-05)
(-3e-05 0.00049 4e-05)
(-2e-05 0.00049 4e-05)
(-1e-05 0.00049 4e-05)
(0 0.00049 4e-05)
(1e-05 0.00049 4e-05)
(2e-05 0.00049 4e-05)
(3e-05 0.00049 4e-05)
(4e-05 0.00049 4e-05)
(5e-05 0.00049 4e-05)
(-5e-05 0.0005 4e-05)
(-4e-05 0.0005 4e-05)
(-3e-05 0.0005 4e-05)
(-2e-05 0.0005 4e-05)
(-1e-05 0.0005 4e-05)
(0 0.0005 4e-05)
(1e-05 0.0005 4e-05)
(2e-05 0.0005 4e-05)
(3e-05 0.0005 4e-05)
(4e-05 0.0005 4e-05)
(5e-05 0.0005 4e-05)
(-5e-05 0.00051 4e-05)
(-4e-05 0.00051 4e-05)
(-3e-05 0.00051 4e-05)
(-2e-05 0.00051 4e-05)
(-1e-05 0.00051 4e-05)
(0 0.00051 4e-05)
(1e-05 0.00051 4e-05)
(2e-05 0.00051 4e-05)
(3e-05 0.00051 4e-05)
(4e-05 0.00051 4e-05)
(5e-05 0.00051 4e-05)
(-5e-05 0.00052 4e-05)
(-4e-05 0.00052 4e-05)
(-3e-05 0.00052 4e-05)
(-2e-05 0.00052 4e-05)
(-1e-05 0.00052 4e-05)
(0 0.00052 4e-05)
(1e-05 0.00052 4e-05)
(2e-05 0.00052 4e-05)
(3e-05 0.00052 4e-05)
(4e-05 0.00052 4e-05)
(5e-05 0.00052 4e-05)
(-5e-05 0.00053 4e-05)
(-4e-05 0.00053 4e-05)
(-3e-05 0.00053 4e-05)
(-2e-05 0.00053 4e-05)
(-1e-05 0.00053 4e-05)
(0 0.00053 4e-05)
(1e-05 0.00053 4e-05)
(2e-05 0.00053 4e-05)
(3e-05 0.00053 4e-05)
(4e-05 0.00053 4e-05)
(5e-05 0.00053 4e-05)
(-5e-05 0.00054 4e-05)
(-4e-05 0.00054 4e-05)
(-3e-05 0.00054 4e-05)
(-2e-05 0.00054 4e-05)
(-1e-05 0.00054 4e-05)
(0 0.00054 4e-05)
(1e-05 0.00054 4e-05)
(2e-05 0.00054 4e-05)
(3e-05 0.00054 4e-05)
(4e-05 0.00054 4e-05)
(5e-05 0.00054 4e-05)
(-5e-05 0.00055 4e-05)
(-4e-05 0.00055 4e-05)
(-3e-05 0.00055 4e-05)
(-2e-05 0.00055 4e-05)
(-1e-05 0.00055 4e-05)
(0 0.00055 4e-05)
(1e-05 0.00055 4e-05)
(2e-05 0.00055 4e-05)
(3e-05 0.00055 4e-05)
(4e-05 0.00055 4e-05)
(5e-05 0.00055 4e-05)
(-5e-05 0.00056 4e-05)
(-4e-05 0.00056 4e-05)
(-3e-05 0.00056 4e-05)
(-2e-05 0.00056 4e-05)
(-1e-05 0.00056 4e-05)
(0 0.00056 4e-05)
(1e-05 0.00056 4e-05)
(2e-05 0.00056 4e-05)
(3e-05 0.00056 4e-05)
(4e-05 0.00056 4e-05)
(5e-05 0.00056 4e-05)
(-5e-05 0.00057 4e-05)
(-4e-05 0.00057 4e-05)
(-3e-05 0.00057 4e-05)
(-2e-05 0.00057 4e-05)
(-1e-05 0.00057 4e-05)
(0 0.00057 4e-05)
(1e-05 0.00057 4e-05)
(2e-05 0.00057 4e-05)
(3e-05 0.00057 4e-05)
(4e-05 0.00057 4e-05)
(5e-05 0.00057 4e-05)
(-5e-05 0.00058 4e-05)
(-4e-05 0.00058 4e-05)
(-3e-05 0.00058 4e-05)
(-2e-05 0.00058 4e-05)
(-1e-05 0.00058 4e-05)
(0 0.00058 4e-05)
(1e-05 0.00058 4e-05)
(2e-05 0.00058 4e-05)
(3e-05 0.00058 4e-05)
(4e-05 0.00058 4e-05)
(5e-05 0.00058 4e-05)
(-5e-05 0.00059 4e-05)
(-4e-05 0.00059 4e-05)
(-3e-05 0.00059 4e-05)
(-2e-05 0.00059 4e-05)
(-1e-05 0.00059 4e-05)
(0 0.00059 4e-05)
(1e-05 0.00059 4e-05)
(2e-05 0.00059 4e-05)
(3e-05 0.00059 4e-05)
(4e-05 0.00059 4e-05)
(5e-05 0.00059 4e-05)
(-5e-05 0.0006 4e-05)
(-4e-05 0.0006 4e-05)
(-3e-05 0.0006 4e-05)
(-2e-05 0.0006 4e-05)
(-1e-05 0.0006 4e-05)
(0 0.0006 4e-05)
(1e-05 0.0006 4e-05)
(2e-05 0.0006 4e-05)
(3e-05 0.0006 4e-05)
(4e-05 0.0006 4e-05)
(5e-05 0.0006 4e-05)
(-5e-05 0.00061 4e-05)
(-4e-05 0.00061 4e-05)
(-3e-05 0.00061 4e-05)
(-2e-05 0.00061 4e-05)
(-1e-05 0.00061 4e-05)
(0 0.00061 4e-05)
(1e-05 0.00061 4e-05)
(2e-05 0.00061 4e-05)
(3e-05 0.00061 4e-05)
(4e-05 0.00061 4e-05)
(5e-05 0.00061 4e-05)
(-5e-05 0.00062 4e-05)
(-4e-05 0.00062 4e-05)
(-3e-05 0.00062 4e-05)
(-2e-05 0.00062 4e-05)
(-1e-05 0.00062 4e-05)
(0 0.00062 4e-05)
(1e-05 0.00062 4e-05)
(2e-05 0.00062 4e-05)
(3e-05 0.00062 4e-05)
(4e-05 0.00062 4e-05)
(5e-05 0.00062 4e-05)
(-5e-05 0.00063 4e-05)
(-4e-05 0.00063 4e-05)
(-3e-05 0.00063 4e-05)
(-2e-05 0.00063 4e-05)
(-1e-05 0.00063 4e-05)
(0 0.00063 4e-05)
(1e-05 0.00063 4e-05)
(2e-05 0.00063 4e-05)
(3e-05 0.00063 4e-05)
(4e-05 0.00063 4e-05)
(5e-05 0.00063 4e-05)
(-5e-05 0.00064 4e-05)
(-4e-05 0.00064 4e-05)
(-3e-05 0.00064 4e-05)
(-2e-05 0.00064 4e-05)
(-1e-05 0.00064 4e-05)
(0 0.00064 4e-05)
(1e-05 0.00064 4e-05)
(2e-05 0.00064 4e-05)
(3e-05 0.00064 4e-05)
(4e-05 0.00064 4e-05)
(5e-05 0.00064 4e-05)
(-5e-05 0.00065 4e-05)
(-4e-05 0.00065 4e-05)
(-3e-05 0.00065 4e-05)
(-2e-05 0.00065 4e-05)
(-1e-05 0.00065 4e-05)
(0 0.00065 4e-05)
(1e-05 0.00065 4e-05)
(2e-05 0.00065 4e-05)
(3e-05 0.00065 4e-05)
(4e-05 0.00065 4e-05)
(5e-05 0.00065 4e-05)
(-5e-05 6e-05 5e-05)
(-4e-05 6e-05 5e-05)
(-3e-05 6e-05 5e-05)
(-2e-05 6e-05 5e-05)
(-1e-05 6e-05 5e-05)
(0 6e-05 5e-05)
(1e-05 6e-05 5e-05)
(2e-05 6e-05 5e-05)
(3e-05 6e-05 5e-05)
(4e-05 6e-05 5e-05)
(5e-05 6e-05 5e-05)
(-5e-05 7e-05 5e-05)
(-4e-05 7e-05 5e-05)
(-3e-05 7e-05 5e-05)
(-2e-05 7e-05 5e-05)
(-1e-05 7e-05 5e-05)
(0 7e-05 5e-05)
(1e-05 7e-05 5e-05)
(2e-05 7e-05 5e-05)
(3e-05 7e-05 5e-05)
(4e-05 7e-05 5e-05)
(5e-05 7e-05 5e-05)
(-5e-05 8e-05 5e-05)
(-4e-05 8e-05 5e-05)
(-3e-05 8e-05 5e-05)
(-2e-05 8e-05 5e-05)
(-1e-05 8e-05 5e-05)
(0 8e-05 5e-05)
(1e-05 8e-05 5e-05)
(2e-05 8e-05 5e-05)
(3e-05 8e-05 5e-05)
(4e-05 8e-05 5e-05)
(5e-05 8e-05 5e-05)
(-5e-05 9e-05 5e-05)
(-4e-05 9e-05 5e-05)
(-3e-05 9e-05 5e-05)
(-2e-05 9e-05 5e-05)
(-1e-05 9e-05 5e-05)
(0 9e-05 5e-05)
(1e-05 9e-05 5e-05)
(2e-05 9e-05 5e-05)
(3e-05 9e-05 5e-05)
(4e-05 9e-05 5e-05)
(5e-05 9e-05 5e-05)
(-5e-05 0.0001 5e-05)
(-4e-05 0.0001 5e-05)
(-3e-05 0.0001 5e-05)
(-2e-05 0.0001 5e-05)
(-1e-05 0.0001 5e-05)
(0 0.0001 5e-05)
(1e-05 0.0001 5e-05)
(2e-05 0.0001 5e-05)
(3e-05 0.0001 5e-05)
(4e-05 0.0001 5e-05)
(5e-05 0.0001 5e-05)
(-5e-05 0.00011 5e-05)
(-4e-05 0.00011 5e-05)
(-3e-05 0.00011 5e-05)
(-2e-05 0.00011 5e-05)
(-1e-05 0.00011 5e-05)
(0 0.00011 5e-05)
(1e-05 0.00011 5e-05)
(2e-05 0.00011 5e-05)
(3e-05 0.00011 5e-05)
(4e-05 0.00011 5e-05)
(5e-05 0.00011 5e-05)
(-5e-05 0.00012 5e-05)
(-4e-05 0.00012 5e-05)
(-3e-05 0.00012 5e-05)
(-2e-05 0.00012 5e-05)
(-1e-05 0.00012 5e-05)
(0 0.00012 5e-05)
(1e-05 0.00012 5e-05)
(2e-05 0.00012 5e-05)
(3e-05 0.00012 5e-05)
(4e-05 0.00012 5e-05)
(5e-05 0.00012 5e-05)
(-5e-05 0.00013 5e-05)
(-4e-05 0.00013 5e-05)
(-3e-05 0.00013 5e-05)
(-2e-05 0.00013 5e-05)
(-1e-05 0.00013 5e-05)
(0 0.00013 5e-05)
(1e-05 0.00013 5e-05)
(2e-05 0.00013 5e-05)
(3e-05 0.00013 5e-05)
(4e-05 0.00013 5e-05)
(5e-05 0.00013 5e-05)
(-5e-05 0.00014 5e-05)
(-4e-05 0.00014 5e-05)
(-3e-05 0.00014 5e-05)
(-2e-05 0.00014 5e-05)
(-1e-05 0.00014 5e-05)
(0 0.00014 5e-05)
(1e-05 0.00014 5e-05)
(2e-05 0.00014 5e-05)
(3e-05 0.00014 5e-05)
(4e-05 0.00014 5e-05)
(5e-05 0.00014 5e-05)
(-5e-05 0.00015 5e-05)
(-4e-05 0.00015 5e-05)
(-3e-05 0.00015 5e-05)
(-2e-05 0.00015 5e-05)
(-1e-05 0.00015 5e-05)
(0 0.00015 5e-05)
(1e-05 0.00015 5e-05)
(2e-05 0.00015 5e-05)
(3e-05 0.00015 5e-05)
(4e-05 0.00015 5e-05)
(5e-05 0.00015 5e-05)
(-5e-05 0.00016 5e-05)
(-4e-05 0.00016 5e-05)
(-3e-05 0.00016 5e-05)
(-2e-05 0.00016 5e-05)
(-1e-05 0.00016 5e-05)
(0 0.00016 5e-05)
(1e-05 0.00016 5e-05)
(2e-05 0.00016 5e-05)
(3e-05 0.00016 5e-05)
(4e-05 0.00016 5e-05)
(5e-05 0.00016 5e-05)
(-5e-05 0.00017 5e-05)
(-4e-05 0.00017 5e-05)
(-3e-05 0.00017 5e-05)
(-2e-05 0.00017 5e-05)
(-1e-05 0.00017 5e-05)
(0 0.00017 5e-05)
(1e-05 0.00017 5e-05)
(2e-05 0.00017 5e-05)
(3e-05 0.00017 5e-05)
(4e-05 0.00017 5e-05)
(5e-05 0.00017 5e-05)
(-5e-05 0.00018 5e-05)
(-4e-05 0.00018 5e-05)
(-3e-05 0.00018 5e-05)
(-2e-05 0.00018 5e-05)
(-1e-05 0.00018 5e-05)
(0 0.00018 5e-05)
(1e-05 0.00018 5e-05)
(2e-05 0.00018 5e-05)
(3e-05 0.00018 5e-05)
(4e-05 0.00018 5e-05)
(5e-05 0.00018 5e-05)
(-5e-05 0.00019 5e-05)
(-4e-05 0.00019 5e-05)
(-3e-05 0.00019 5e-05)
(-2e-05 0.00019 5e-05)
(-1e-05 0.00019 5e-05)
(0 0.00019 5e-05)
(1e-05 0.00019 5e-05)
(2e-05 0.00019 5e-05)
(3e-05 0.00019 5e-05)
(4e-05 0.00019 5e-05)
(5e-05 0.00019 5e-05)
(-5e-05 0.0002 5e-05)
(-4e-05 0.0002 5e-05)
(-3e-05 0.0002 5e-05)
(-2e-05 0.0002 5e-05)
(-1e-05 0.0002 5e-05)
(0 0.0002 5e-05)
(1e-05 0.0002 5e-05)
(2e-05 0.0002 5e-05)
(3e-05 0.0002 5e-05)
(4e-05 0.0002 5e-05)
(5e-05 0.0002 5e-05)
(-5e-05 0.00021 5e-05)
(-4e-05 0.00021 5e-05)
(-3e-05 0.00021 5e-05)
(-2e-05 0.00021 5e-05)
(-1e-05 0.00021 5e-05)
(0 0.00021 5e-05)
(1e-05 0.00021 5e-05)
(2e-05 0.00021 5e-05)
(3e-05 0.00021 5e-05)
(4e-05 0.00021 5e-05)
(5e-05 0.00021 5e-05)
(-5e-05 0.00022 5e-05)
(-4e-05 0.00022 5e-05)
(-3e-05 0.00022 5e-05)
(-2e-05 0.00022 5e-05)
(-1e-05 0.00022 5e-05)
(0 0.00022 5e-05)
(1e-05 0.00022 5e-05)
(2e-05 0.00022 5e-05)
(3e-05 0.00022 5e-05)
(4e-05 0.00022 5e-05)
(5e-05 0.00022 5e-05)
(-5e-05 0.00023 5e-05)
(-4e-05 0.00023 5e-05)
(-3e-05 0.00023 5e-05)
(-2e-05 0.00023 5e-05)
(-1e-05 0.00023 5e-05)
(0 0.00023 5e-05)
(1e-05 0.00023 5e-05)
(2e-05 0.00023 5e-05)
(3e-05 0.00023 5e-05)
(4e-05 0.00023 5e-05)
(5e-05 0.00023 5e-05)
(-5e-05 0.00024 5e-05)
(-4e-05 0.00024 5e-05)
(-3e-05 0.00024 5e-05)
(-2e-05 0.00024 5e-05)
(-1e-05 0.00024 5e-05)
(0 0.00024 5e-05)
(1e-05 0.00024 5e-05)
(2e-05 0.00024 5e-05)
(3e-05 0.00024 5e-05)
(4e-05 0.00024 5e-05)
(5e-05 0.00024 5e-05)
(-5e-05 0.00025 5e-05)
(-4e-05 0.00025 5e-05)
(-3e-05 0.00025 5e-05)
(-2e-05 0.00025 5e-05)
(-1e-05 0.00025 5e-05)
(0 0.00025 5e-05)
(1e-05 0.00025 5e-05)
(2e-05 0.00025 5e-05)
(3e-05 0.00025 5e-05)
(4e-05 0.00025 5e-05)
(5e-05 0.00025 5e-05)
(-5e-05 0.00026 5e-05)
(-4e-05 0.00026 5e-05)
(-3e-05 0.00026 5e-05)
(-2e-05 0.00026 5e-05)
(-1e-05 0.00026 5e-05)
(0 0.00026 5e-05)
(1e-05 0.00026 5e-05)
(2e-05 0.00026 5e-05)
(3e-05 0.00026 5e-05)
(4e-05 0.00026 5e-05)
(5e-05 0.00026 5e-05)
(-5e-05 0.00027 5e-05)
(-4e-05 0.00027 5e-05)
(-3e-05 0.00027 5e-05)
(-2e-05 0.00027 5e-05)
(-1e-05 0.00027 5e-05)
(0 0.00027 5e-05)
(1e-05 0.00027 5e-05)
(2e-05 0.00027 5e-05)
(3e-05 0.00027 5e-05)
(4e-05 0.00027 5e-05)
(5e-05 0.00027 5e-05)
(-5e-05 0.00028 5e-05)
(-4e-05 0.00028 5e-05)
(-3e-05 0.00028 5e-05)
(-2e-05 0.00028 5e-05)
(-1e-05 0.00028 5e-05)
(0 0.00028 5e-05)
(1e-05 0.00028 5e-05)
(2e-05 0.00028 5e-05)
(3e-05 0.00028 5e-05)
(4e-05 0.00028 5e-05)
(5e-05 0.00028 5e-05)
(-5e-05 0.00029 5e-05)
(-4e-05 0.00029 5e-05)
(-3e-05 0.00029 5e-05)
(-2e-05 0.00029 5e-05)
(-1e-05 0.00029 5e-05)
(0 0.00029 5e-05)
(1e-05 0.00029 5e-05)
(2e-05 0.00029 5e-05)
(3e-05 0.00029 5e-05)
(4e-05 0.00029 5e-05)
(5e-05 0.00029 5e-05)
(-5e-05 0.0003 5e-05)
(-4e-05 0.0003 5e-05)
(-3e-05 0.0003 5e-05)
(-2e-05 0.0003 5e-05)
(-1e-05 0.0003 5e-05)
(0 0.0003 5e-05)
(1e-05 0.0003 5e-05)
(2e-05 0.0003 5e-05)
(3e-05 0.0003 5e-05)
(4e-05 0.0003 5e-05)
(5e-05 0.0003 5e-05)
(-5e-05 0.00031 5e-05)
(-4e-05 0.00031 5e-05)
(-3e-05 0.00031 5e-05)
(-2e-05 0.00031 5e-05)
(-1e-05 0.00031 5e-05)
(0 0.00031 5e-05)
(1e-05 0.00031 5e-05)
(2e-05 0.00031 5e-05)
(3e-05 0.00031 5e-05)
(4e-05 0.00031 5e-05)
(5e-05 0.00031 5e-05)
(-5e-05 0.00032 5e-05)
(-4e-05 0.00032 5e-05)
(-3e-05 0.00032 5e-05)
(-2e-05 0.00032 5e-05)
(-1e-05 0.00032 5e-05)
(0 0.00032 5e-05)
(1e-05 0.00032 5e-05)
(2e-05 0.00032 5e-05)
(3e-05 0.00032 5e-05)
(4e-05 0.00032 5e-05)
(5e-05 0.00032 5e-05)
(-5e-05 0.00033 5e-05)
(-4e-05 0.00033 5e-05)
(-3e-05 0.00033 5e-05)
(-2e-05 0.00033 5e-05)
(-1e-05 0.00033 5e-05)
(0 0.00033 5e-05)
(1e-05 0.00033 5e-05)
(2e-05 0.00033 5e-05)
(3e-05 0.00033 5e-05)
(4e-05 0.00033 5e-05)
(5e-05 0.00033 5e-05)
(-5e-05 0.00034 5e-05)
(-4e-05 0.00034 5e-05)
(-3e-05 0.00034 5e-05)
(-2e-05 0.00034 5e-05)
(-1e-05 0.00034 5e-05)
(0 0.00034 5e-05)
(1e-05 0.00034 5e-05)
(2e-05 0.00034 5e-05)
(3e-05 0.00034 5e-05)
(4e-05 0.00034 5e-05)
(5e-05 0.00034 5e-05)
(-5e-05 0.00035 5e-05)
(-4e-05 0.00035 5e-05)
(-3e-05 0.00035 5e-05)
(-2e-05 0.00035 5e-05)
(-1e-05 0.00035 5e-05)
(0 0.00035 5e-05)
(1e-05 0.00035 5e-05)
(2e-05 0.00035 5e-05)
(3e-05 0.00035 5e-05)
(4e-05 0.00035 5e-05)
(5e-05 0.00035 5e-05)
(-5e-05 0.00036 5e-05)
(-4e-05 0.00036 5e-05)
(-3e-05 0.00036 5e-05)
(-2e-05 0.00036 5e-05)
(-1e-05 0.00036 5e-05)
(0 0.00036 5e-05)
(1e-05 0.00036 5e-05)
(2e-05 0.00036 5e-05)
(3e-05 0.00036 5e-05)
(4e-05 0.00036 5e-05)
(5e-05 0.00036 5e-05)
(-5e-05 0.00037 5e-05)
(-4e-05 0.00037 5e-05)
(-3e-05 0.00037 5e-05)
(-2e-05 0.00037 5e-05)
(-1e-05 0.00037 5e-05)
(0 0.00037 5e-05)
(1e-05 0.00037 5e-05)
(2e-05 0.00037 5e-05)
(3e-05 0.00037 5e-05)
(4e-05 0.00037 5e-05)
(5e-05 0.00037 5e-05)
(-5e-05 0.00038 5e-05)
(-4e-05 0.00038 5e-05)
(-3e-05 0.00038 5e-05)
(-2e-05 0.00038 5e-05)
(-1e-05 0.00038 5e-05)
(0 0.00038 5e-05)
(1e-05 0.00038 5e-05)
(2e-05 0.00038 5e-05)
(3e-05 0.00038 5e-05)
(4e-05 0.00038 5e-05)
(5e-05 0.00038 5e-05)
(-5e-05 0.00039 5e-05)
(-4e-05 0.00039 5e-05)
(-3e-05 0.00039 5e-05)
(-2e-05 0.00039 5e-05)
(-1e-05 0.00039 5e-05)
(0 0.00039 5e-05)
(1e-05 0.00039 5e-05)
(2e-05 0.00039 5e-05)
(3e-05 0.00039 5e-05)
(4e-05 0.00039 5e-05)
(5e-05 0.00039 5e-05)
(-5e-05 0.0004 5e-05)
(-4e-05 0.0004 5e-05)
(-3e-05 0.0004 5e-05)
(-2e-05 0.0004 5e-05)
(-1e-05 0.0004 5e-05)
(0 0.0004 5e-05)
(1e-05 0.0004 5e-05)
(2e-05 0.0004 5e-05)
(3e-05 0.0004 5e-05)
(4e-05 0.0004 5e-05)
(5e-05 0.0004 5e-05)
(-5e-05 0.00041 5e-05)
(-4e-05 0.00041 5e-05)
(-3e-05 0.00041 5e-05)
(-2e-05 0.00041 5e-05)
(-1e-05 0.00041 5e-05)
(0 0.00041 5e-05)
(1e-05 0.00041 5e-05)
(2e-05 0.00041 5e-05)
(3e-05 0.00041 5e-05)
(4e-05 0.00041 5e-05)
(5e-05 0.00041 5e-05)
(-5e-05 0.00042 5e-05)
(-4e-05 0.00042 5e-05)
(-3e-05 0.00042 5e-05)
(-2e-05 0.00042 5e-05)
(-1e-05 0.00042 5e-05)
(0 0.00042 5e-05)
(1e-05 0.00042 5e-05)
(2e-05 0.00042 5e-05)
(3e-05 0.00042 5e-05)
(4e-05 0.00042 5e-05)
(5e-05 0.00042 5e-05)
(-5e-05 0.00043 5e-05)
(-4e-05 0.00043 5e-05)
(-3e-05 0.00043 5e-05)
(-2e-05 0.00043 5e-05)
(-1e-05 0.00043 5e-05)
(0 0.00043 5e-05)
(1e-05 0.00043 5e-05)
(2e-05 0.00043 5e-05)
(3e-05 0.00043 5e-05)
(4e-05 0.00043 5e-05)
(5e-05 0.00043 5e-05)
(-5e-05 0.00044 5e-05)
(-4e-05 0.00044 5e-05)
(-3e-05 0.00044 5e-05)
(-2e-05 0.00044 5e-05)
(-1e-05 0.00044 5e-05)
(0 0.00044 5e-05)
(1e-05 0.00044 5e-05)
(2e-05 0.00044 5e-05)
(3e-05 0.00044 5e-05)
(4e-05 0.00044 5e-05)
(5e-05 0.00044 5e-05)
(-5e-05 0.00045 5e-05)
(-4e-05 0.00045 5e-05)
(-3e-05 0.00045 5e-05)
(-2e-05 0.00045 5e-05)
(-1e-05 0.00045 5e-05)
(0 0.00045 5e-05)
(1e-05 0.00045 5e-05)
(2e-05 0.00045 5e-05)
(3e-05 0.00045 5e-05)
(4e-05 0.00045 5e-05)
(5e-05 0.00045 5e-05)
(-5e-05 0.00046 5e-05)
(-4e-05 0.00046 5e-05)
(-3e-05 0.00046 5e-05)
(-2e-05 0.00046 5e-05)
(-1e-05 0.00046 5e-05)
(0 0.00046 5e-05)
(1e-05 0.00046 5e-05)
(2e-05 0.00046 5e-05)
(3e-05 0.00046 5e-05)
(4e-05 0.00046 5e-05)
(5e-05 0.00046 5e-05)
(-5e-05 0.00047 5e-05)
(-4e-05 0.00047 5e-05)
(-3e-05 0.00047 5e-05)
(-2e-05 0.00047 5e-05)
(-1e-05 0.00047 5e-05)
(0 0.00047 5e-05)
(1e-05 0.00047 5e-05)
(2e-05 0.00047 5e-05)
(3e-05 0.00047 5e-05)
(4e-05 0.00047 5e-05)
(5e-05 0.00047 5e-05)
(-5e-05 0.00048 5e-05)
(-4e-05 0.00048 5e-05)
(-3e-05 0.00048 5e-05)
(-2e-05 0.00048 5e-05)
(-1e-05 0.00048 5e-05)
(0 0.00048 5e-05)
(1e-05 0.00048 5e-05)
(2e-05 0.00048 5e-05)
(3e-05 0.00048 5e-05)
(4e-05 0.00048 5e-05)
(5e-05 0.00048 5e-05)
(-5e-05 0.00049 5e-05)
(-4e-05 0.00049 5e-05)
(-3e-05 0.00049 5e-05)
(-2e-05 0.00049 5e-05)
(-1e-05 0.00049 5e-05)
(0 0.00049 5e-05)
(1e-05 0.00049 5e-05)
(2e-05 0.00049 5e-05)
(3e-05 0.00049 5e-05)
(4e-05 0.00049 5e-05)
(5e-05 0.00049 5e-05)
(-5e-05 0.0005 5e-05)
(-4e-05 0.0005 5e-05)
(-3e-05 0.0005 5e-05)
(-2e-05 0.0005 5e-05)
(-1e-05 0.0005 5e-05)
(0 0.0005 5e-05)
(1e-05 0.0005 5e-05)
(2e-05 0.0005 5e-05)
(3e-05 0.0005 5e-05)
(4e-05 0.0005 5e-05)
(5e-05 0.0005 5e-05)
(-5e-05 0.00051 5e-05)
(-4e-05 0.00051 5e-05)
(-3e-05 0.00051 5e-05)
(-2e-05 0.00051 5e-05)
(-1e-05 0.00051 5e-05)
(0 0.00051 5e-05)
(1e-05 0.00051 5e-05)
(2e-05 0.00051 5e-05)
(3e-05 0.00051 5e-05)
(4e-05 0.00051 5e-05)
(5e-05 0.00051 5e-05)
(-5e-05 0.00052 5e-05)
(-4e-05 0.00052 5e-05)
(-3e-05 0.00052 5e-05)
(-2e-05 0.00052 5e-05)
(-1e-05 0.00052 5e-05)
(0 0.00052 5e-05)
(1e-05 0.00052 5e-05)
(2e-05 0.00052 5e-05)
(3e-05 0.00052 5e-05)
(4e-05 0.00052 5e-05)
(5e-05 0.00052 5e-05)
(-5e-05 0.00053 5e-05)
(-4e-05 0.00053 5e-05)
(-3e-05 0.00053 5e-05)
(-2e-05 0.00053 5e-05)
(-1e-05 0.00053 5e-05)
(0 0.00053 5e-05)
(1e-05 0.00053 5e-05)
(2e-05 0.00053 5e-05)
(3e-05 0.00053 5e-05)
(4e-05 0.00053 5e-05)
(5e-05 0.00053 5e-05)
(-5e-05 0.00054 5e-05)
(-4e-05 0.00054 5e-05)
(-3e-05 0.00054 5e-05)
(-2e-05 0.00054 5e-05)
(-1e-05 0.00054 5e-05)
(0 0.00054 5e-05)
(1e-05 0.00054 5e-05)
(2e-05 0.00054 5e-05)
(3e-05 0.00054 5e-05)
(4e-05 0.00054 5e-05)
(5e-05 0.00054 5e-05)
(-5e-05 0.00055 5e-05)
(-4e-05 0.00055 5e-05)
(-3e-05 0.00055 5e-05)
(-2e-05 0.00055 5e-05)
(-1e-05 0.00055 5e-05)
(0 0.00055 5e-05)
(1e-05 0.00055 5e-05)
(2e-05 0.00055 5e-05)
(3e-05 0.00055 5e-05)
(4e-05 0.00055 5e-05)
(5e-05 0.00055 5e-05)
(-5e-05 0.00056 5e-05)
(-4e-05 0.00056 5e-05)
(-3e-05 0.00056 5e-05)
(-2e-05 0.00056 5e-05)
(-1e-05 0.00056 5e-05)
(0 0.00056 5e-05)
(1e-05 0.00056 5e-05)
(2e-05 0.00056 5e-05)
(3e-05 0.00056 5e-05)
(4e-05 0.00056 5e-05)
(5e-05 0.00056 5e-05)
(-5e-05 0.00057 5e-05)
(-4e-05 0.00057 5e-05)
(-3e-05 0.00057 5e-05)
(-2e-05 0.00057 5e-05)
(-1e-05 0.00057 5e-05)
(0 0.00057 5e-05)
(1e-05 0.00057 5e-05)
(2e-05 0.00057 5e-05)
(3e-05 0.00057 5e-05)
(4e-05 0.00057 5e-05)
(5e-05 0.00057 5e-05)
(-5e-05 0.00058 5e-05)
(-4e-05 0.00058 5e-05)
(-3e-05 0.00058 5e-05)
(-2e-05 0.00058 5e-05)
(-1e-05 0.00058 5e-05)
(0 0.00058 5e-05)
(1e-05 0.00058 5e-05)
(2e-05 0.00058 5e-05)
(3e-05 0.00058 5e-05)
(4e-05 0.00058 5e-05)
(5e-05 0.00058 5e-05)
(-5e-05 0.00059 5e-05)
(-4e-05 0.00059 5e-05)
(-3e-05 0.00059 5e-05)
(-2e-05 0.00059 5e-05)
(-1e-05 0.00059 5e-05)
(0 0.00059 5e-05)
(1e-05 0.00059 5e-05)
(2e-05 0.00059 5e-05)
(3e-05 0.00059 5e-05)
(4e-05 0.00059 5e-05)
(5e-05 0.00059 5e-05)
(-5e-05 0.0006 5e-05)
(-4e-05 0.0006 5e-05)
(-3e-05 0.0006 5e-05)
(-2e-05 0.0006 5e-05)
(-1e-05 0.0006 5e-05)
(0 0.0006 5e-05)
(1e-05 0.0006 5e-05)
(2e-05 0.0006 5e-05)
(3e-05 0.0006 5e-05)
(4e-05 0.0006 5e-05)
(5e-05 0.0006 5e-05)
(-5e-05 0.00061 5e-05)
(-4e-05 0.00061 5e-05)
(-3e-05 0.00061 5e-05)
(-2e-05 0.00061 5e-05)
(-1e-05 0.00061 5e-05)
(0 0.00061 5e-05)
(1e-05 0.00061 5e-05)
(2e-05 0.00061 5e-05)
(3e-05 0.00061 5e-05)
(4e-05 0.00061 5e-05)
(5e-05 0.00061 5e-05)
(-5e-05 0.00062 5e-05)
(-4e-05 0.00062 5e-05)
(-3e-05 0.00062 5e-05)
(-2e-05 0.00062 5e-05)
(-1e-05 0.00062 5e-05)
(0 0.00062 5e-05)
(1e-05 0.00062 5e-05)
(2e-05 0.00062 5e-05)
(3e-05 0.00062 5e-05)
(4e-05 0.00062 5e-05)
(5e-05 0.00062 5e-05)
(-5e-05 0.00063 5e-05)
(-4e-05 0.00063 5e-05)
(-3e-05 0.00063 5e-05)
(-2e-05 0.00063 5e-05)
(-1e-05 0.00063 5e-05)
(0 0.00063 5e-05)
(1e-05 0.00063 5e-05)
(2e-05 0.00063 5e-05)
(3e-05 0.00063 5e-05)
(4e-05 0.00063 5e-05)
(5e-05 0.00063 5e-05)
(-5e-05 0.00064 5e-05)
(-4e-05 0.00064 5e-05)
(-3e-05 0.00064 5e-05)
(-2e-05 0.00064 5e-05)
(-1e-05 0.00064 5e-05)
(0 0.00064 5e-05)
(1e-05 0.00064 5e-05)
(2e-05 0.00064 5e-05)
(3e-05 0.00064 5e-05)
(4e-05 0.00064 5e-05)
(5e-05 0.00064 5e-05)
(-5e-05 0.00065 5e-05)
(-4e-05 0.00065 5e-05)
(-3e-05 0.00065 5e-05)
(-2e-05 0.00065 5e-05)
(-1e-05 0.00065 5e-05)
(0 0.00065 5e-05)
(1e-05 0.00065 5e-05)
(2e-05 0.00065 5e-05)
(3e-05 0.00065 5e-05)
(4e-05 0.00065 5e-05)
(5e-05 0.00065 5e-05)
)


// ************************************************************************* //
