/*--------------------------------*- C++ -*----------------------------------*\
  =========                 |
  \\      /  F ield         | OpenFOAM: The Open Source CFD Toolbox
   \\    /   O peration     | Website:  https://openfoam.org
    \\  /    A nd           | Version:  13
     \\/     M anipulation  |
\*---------------------------------------------------------------------------*/
FoamFile
{
    format      ascii;
    class       vectorField;
    location    "constant/polyMesh";
    object      points;
}
// * * * * * * * * * * * * * * * * * * * * * * * * * * * * * * * * * * * * * //


19493
(
(0 -0.001414213562 -0.001414213562)
(0 -0.0009428090416 -0.001414213562)
(0 -0.0004714045208 -0.001414213562)
(0 0 -0.001414213562)
(0 0.0004714045208 -0.001414213562)
(0 0.0009428090416 -0.001414213562)
(0 0.001414213562 -0.001414213562)
(0 -0.001345177969 -0.001345177969)
(0 -0.0008967853124 -0.001345177969)
(0 -0.0004483926562 -0.001345177969)
(0 0 -0.001345177969)
(0 0.0004483926562 -0.001345177969)
(0 0.0008967853124 -0.001345177969)
(0 0.001345177969 -0.001345177969)
(0 -0.001276142375 -0.001276142375)
(0 -0.0008507615833 -0.001276142375)
(0 -0.0004253807916 -0.001276142375)
(0 0 -0.001276142375)
(0 0.0004253807916 -0.001276142375)
(0 0.0008507615833 -0.001276142375)
(0 0.001276142375 -0.001276142375)
(0 -0.001207106781 -0.001207106781)
(0 -0.0008047378541 -0.001207106781)
(0 -0.0004023689271 -0.001207106781)
(0 0 -0.001207106781)
(0 0.0004023689271 -0.001207106781)
(0 0.0008047378541 -0.001207106781)
(0 0.001207106781 -0.001207106781)
(0 -0.001138071187 -0.001138071187)
(0 -0.000758714125 -0.001138071187)
(0 -0.0003793570625 -0.001138071187)
(0 0 -0.001138071187)
(0 0.0003793570625 -0.001138071187)
(0 0.000758714125 -0.001138071187)
(0 0.001138071187 -0.001138071187)
(0 -0.001069035594 -0.001069035594)
(0 -0.0007126903958 -0.001069035594)
(0 -0.0003563451979 -0.001069035594)
(0 0 -0.001069035594)
(0 0.0003563451979 -0.001069035594)
(0 0.0007126903958 -0.001069035594)
(0 0.001069035594 -0.001069035594)
(0 -0.001 -0.001)
(0 -0.0006666666667 -0.001)
(0 -0.0003333333333 -0.001)
(0 0 -0.001)
(0 0.0003333333333 -0.001)
(0 0.0006666666667 -0.001)
(0 0.001 -0.001)
(0.0005 -0.001414213562 -0.001414213562)
(0.0005 -0.0009428090416 -0.001414213562)
(0.0005 -0.0004714045208 -0.001414213562)
(0.0005 0 -0.001414213562)
(0.0005 0.0004714045208 -0.001414213562)
(0.0005 0.0009428090416 -0.001414213562)
(0.0005 0.001414213562 -0.001414213562)
(0.0005 -0.001345177969 -0.001345177969)
(0.0005 -0.0008967853124 -0.001345177969)
(0.0005 -0.0004483926562 -0.001345177969)
(0.0005 0 -0.001345177969)
(0.0005 0.0004483926562 -0.001345177969)
(0.0005 0.0008967853124 -0.001345177969)
(0.0005 0.001345177969 -0.001345177969)
(0.0005 -0.001276142375 -0.001276142375)
(0.0005 -0.0008507615833 -0.001276142375)
(0.0005 -0.0004253807916 -0.001276142375)
(0.0005 0 -0.001276142375)
(0.0005 0.0004253807916 -0.001276142375)
(0.0005 0.0008507615833 -0.001276142375)
(0.0005 0.001276142375 -0.001276142375)
(0.0005 -0.001207106781 -0.001207106781)
(0.0005 -0.0008047378541 -0.001207106781)
(0.0005 -0.0004023689271 -0.001207106781)
(0.0005 0 -0.001207106781)
(0.0005 0.0004023689271 -0.001207106781)
(0.0005 0.0008047378541 -0.001207106781)
(0.0005 0.001207106781 -0.001207106781)
(0.0005 -0.001138071187 -0.001138071187)
(0.0005 -0.000758714125 -0.001138071187)
(0.0005 -0.0003793570625 -0.001138071187)
(0.0005 0 -0.001138071187)
(0.0005 0.0003793570625 -0.001138071187)
(0.0005 0.000758714125 -0.001138071187)
(0.0005 0.001138071187 -0.001138071187)
(0.0005 -0.001069035594 -0.001069035594)
(0.0005 -0.0007126903958 -0.001069035594)
(0.0005 -0.0003563451979 -0.001069035594)
(0.0005 0 -0.001069035594)
(0.0005 0.0003563451979 -0.001069035594)
(0.0005 0.0007126903958 -0.001069035594)
(0.0005 0.001069035594 -0.001069035594)
(0.0005 -0.001 -0.001)
(0.0005 -0.0006666666667 -0.001)
(0.0005 -0.0003333333333 -0.001)
(0.0005 0 -0.001)
(0.0005 0.0003333333333 -0.001)
(0.0005 0.0006666666667 -0.001)
(0.0005 0.001 -0.001)
(0.001 -0.001414213562 -0.001414213562)
(0.001 -0.0009428090416 -0.001414213562)
(0.001 -0.0004714045208 -0.001414213562)
(0.001 0 -0.001414213562)
(0.001 0.0004714045208 -0.001414213562)
(0.001 0.0009428090416 -0.001414213562)
(0.001 0.001414213562 -0.001414213562)
(0.001 -0.001345177969 -0.001345177969)
(0.001 -0.0008967853124 -0.001345177969)
(0.001 -0.0004483926562 -0.001345177969)
(0.001 0 -0.001345177969)
(0.001 0.0004483926562 -0.001345177969)
(0.001 0.0008967853124 -0.001345177969)
(0.001 0.001345177969 -0.001345177969)
(0.001 -0.001276142375 -0.001276142375)
(0.001 -0.0008507615833 -0.001276142375)
(0.001 -0.0004253807916 -0.001276142375)
(0.001 0 -0.001276142375)
(0.001 0.0004253807916 -0.001276142375)
(0.001 0.0008507615833 -0.001276142375)
(0.001 0.001276142375 -0.001276142375)
(0.001 -0.001207106781 -0.001207106781)
(0.001 -0.0008047378541 -0.001207106781)
(0.001 -0.0004023689271 -0.001207106781)
(0.001 0 -0.001207106781)
(0.001 0.0004023689271 -0.001207106781)
(0.001 0.0008047378541 -0.001207106781)
(0.001 0.001207106781 -0.001207106781)
(0.001 -0.001138071187 -0.001138071187)
(0.001 -0.000758714125 -0.001138071187)
(0.001 -0.0003793570625 -0.001138071187)
(0.001 0 -0.001138071187)
(0.001 0.0003793570625 -0.001138071187)
(0.001 0.000758714125 -0.001138071187)
(0.001 0.001138071187 -0.001138071187)
(0.001 -0.001069035594 -0.001069035594)
(0.001 -0.0007126903958 -0.001069035594)
(0.001 -0.0003563451979 -0.001069035594)
(0.001 0 -0.001069035594)
(0.001 0.0003563451979 -0.001069035594)
(0.001 0.0007126903958 -0.001069035594)
(0.001 0.001069035594 -0.001069035594)
(0.001 -0.001 -0.001)
(0.001 -0.0006666666667 -0.001)
(0.001 -0.0003333333333 -0.001)
(0.001 0 -0.001)
(0.001 0.0003333333333 -0.001)
(0.001 0.0006666666667 -0.001)
(0.001 0.001 -0.001)
(0.0015 -0.001414213562 -0.001414213562)
(0.0015 -0.0009428090416 -0.001414213562)
(0.0015 -0.0004714045208 -0.001414213562)
(0.0015 0 -0.001414213562)
(0.0015 0.0004714045208 -0.001414213562)
(0.0015 0.0009428090416 -0.001414213562)
(0.0015 0.001414213562 -0.001414213562)
(0.0015 -0.001345177969 -0.001345177969)
(0.0015 -0.0008967853124 -0.001345177969)
(0.0015 -0.0004483926562 -0.001345177969)
(0.0015 0 -0.001345177969)
(0.0015 0.0004483926562 -0.001345177969)
(0.0015 0.0008967853124 -0.001345177969)
(0.0015 0.001345177969 -0.001345177969)
(0.0015 -0.001276142375 -0.001276142375)
(0.0015 -0.0008507615833 -0.001276142375)
(0.0015 -0.0004253807916 -0.001276142375)
(0.0015 0 -0.001276142375)
(0.0015 0.0004253807916 -0.001276142375)
(0.0015 0.0008507615833 -0.001276142375)
(0.0015 0.001276142375 -0.001276142375)
(0.0015 -0.001207106781 -0.001207106781)
(0.0015 -0.0008047378541 -0.001207106781)
(0.0015 -0.0004023689271 -0.001207106781)
(0.0015 0 -0.001207106781)
(0.0015 0.0004023689271 -0.001207106781)
(0.0015 0.0008047378541 -0.001207106781)
(0.0015 0.001207106781 -0.001207106781)
(0.0015 -0.001138071187 -0.001138071187)
(0.0015 -0.000758714125 -0.001138071187)
(0.0015 -0.0003793570625 -0.001138071187)
(0.0015 0 -0.001138071187)
(0.0015 0.0003793570625 -0.001138071187)
(0.0015 0.000758714125 -0.001138071187)
(0.0015 0.001138071187 -0.001138071187)
(0.0015 -0.001069035594 -0.001069035594)
(0.0015 -0.0007126903958 -0.001069035594)
(0.0015 -0.0003563451979 -0.001069035594)
(0.0015 0 -0.001069035594)
(0.0015 0.0003563451979 -0.001069035594)
(0.0015 0.0007126903958 -0.001069035594)
(0.0015 0.001069035594 -0.001069035594)
(0.0015 -0.001 -0.001)
(0.0015 -0.0006666666667 -0.001)
(0.0015 -0.0003333333333 -0.001)
(0.0015 0 -0.001)
(0.0015 0.0003333333333 -0.001)
(0.0015 0.0006666666667 -0.001)
(0.0015 0.001 -0.001)
(0.002 -0.001414213562 -0.001414213562)
(0.002 -0.0009428090416 -0.001414213562)
(0.002 -0.0004714045208 -0.001414213562)
(0.002 0 -0.001414213562)
(0.002 0.0004714045208 -0.001414213562)
(0.002 0.0009428090416 -0.001414213562)
(0.002 0.001414213562 -0.001414213562)
(0.002 -0.001345177969 -0.001345177969)
(0.002 -0.0008967853124 -0.001345177969)
(0.002 -0.0004483926562 -0.001345177969)
(0.002 0 -0.001345177969)
(0.002 0.0004483926562 -0.001345177969)
(0.002 0.0008967853124 -0.001345177969)
(0.002 0.001345177969 -0.001345177969)
(0.002 -0.001276142375 -0.001276142375)
(0.002 -0.0008507615833 -0.001276142375)
(0.002 -0.0004253807916 -0.001276142375)
(0.002 0 -0.001276142375)
(0.002 0.0004253807916 -0.001276142375)
(0.002 0.0008507615833 -0.001276142375)
(0.002 0.001276142375 -0.001276142375)
(0.002 -0.001207106781 -0.001207106781)
(0.002 -0.0008047378541 -0.001207106781)
(0.002 -0.0004023689271 -0.001207106781)
(0.002 0 -0.001207106781)
(0.002 0.0004023689271 -0.001207106781)
(0.002 0.0008047378541 -0.001207106781)
(0.002 0.001207106781 -0.001207106781)
(0.002 -0.001138071187 -0.001138071187)
(0.002 -0.000758714125 -0.001138071187)
(0.002 -0.0003793570625 -0.001138071187)
(0.002 0 -0.001138071187)
(0.002 0.0003793570625 -0.001138071187)
(0.002 0.000758714125 -0.001138071187)
(0.002 0.001138071187 -0.001138071187)
(0.002 -0.001069035594 -0.001069035594)
(0.002 -0.0007126903958 -0.001069035594)
(0.002 -0.0003563451979 -0.001069035594)
(0.002 0 -0.001069035594)
(0.002 0.0003563451979 -0.001069035594)
(0.002 0.0007126903958 -0.001069035594)
(0.002 0.001069035594 -0.001069035594)
(0.002 -0.001 -0.001)
(0.002 -0.0006666666667 -0.001)
(0.002 -0.0003333333333 -0.001)
(0.002 0 -0.001)
(0.002 0.0003333333333 -0.001)
(0.002 0.0006666666667 -0.001)
(0.002 0.001 -0.001)
(0.0025 -0.001414213562 -0.001414213562)
(0.0025 -0.0009428090416 -0.001414213562)
(0.0025 -0.0004714045208 -0.001414213562)
(0.0025 0 -0.001414213562)
(0.0025 0.0004714045208 -0.001414213562)
(0.0025 0.0009428090416 -0.001414213562)
(0.0025 0.001414213562 -0.001414213562)
(0.0025 -0.001345177969 -0.001345177969)
(0.0025 -0.0008967853124 -0.001345177969)
(0.0025 -0.0004483926562 -0.001345177969)
(0.0025 0 -0.001345177969)
(0.0025 0.0004483926562 -0.001345177969)
(0.0025 0.0008967853124 -0.001345177969)
(0.0025 0.001345177969 -0.001345177969)
(0.0025 -0.001276142375 -0.001276142375)
(0.0025 -0.0008507615833 -0.001276142375)
(0.0025 -0.0004253807916 -0.001276142375)
(0.0025 0 -0.001276142375)
(0.0025 0.0004253807916 -0.001276142375)
(0.0025 0.0008507615833 -0.001276142375)
(0.0025 0.001276142375 -0.001276142375)
(0.0025 -0.001207106781 -0.001207106781)
(0.0025 -0.0008047378541 -0.001207106781)
(0.0025 -0.0004023689271 -0.001207106781)
(0.0025 0 -0.001207106781)
(0.0025 0.0004023689271 -0.001207106781)
(0.0025 0.0008047378541 -0.001207106781)
(0.0025 0.001207106781 -0.001207106781)
(0.0025 -0.001138071187 -0.001138071187)
(0.0025 -0.000758714125 -0.001138071187)
(0.0025 -0.0003793570625 -0.001138071187)
(0.0025 0 -0.001138071187)
(0.0025 0.0003793570625 -0.001138071187)
(0.0025 0.000758714125 -0.001138071187)
(0.0025 0.001138071187 -0.001138071187)
(0.0025 -0.001069035594 -0.001069035594)
(0.0025 -0.0007126903958 -0.001069035594)
(0.0025 -0.0003563451979 -0.001069035594)
(0.0025 0 -0.001069035594)
(0.0025 0.0003563451979 -0.001069035594)
(0.0025 0.0007126903958 -0.001069035594)
(0.0025 0.001069035594 -0.001069035594)
(0.0025 -0.001 -0.001)
(0.0025 -0.0006666666667 -0.001)
(0.0025 -0.0003333333333 -0.001)
(0.0025 0 -0.001)
(0.0025 0.0003333333333 -0.001)
(0.0025 0.0006666666667 -0.001)
(0.0025 0.001 -0.001)
(0.003 -0.001414213562 -0.001414213562)
(0.003 -0.0009428090416 -0.001414213562)
(0.003 -0.0004714045208 -0.001414213562)
(0.003 0 -0.001414213562)
(0.003 0.0004714045208 -0.001414213562)
(0.003 0.0009428090416 -0.001414213562)
(0.003 0.001414213562 -0.001414213562)
(0.003 -0.001345177969 -0.001345177969)
(0.003 -0.0008967853124 -0.001345177969)
(0.003 -0.0004483926562 -0.001345177969)
(0.003 0 -0.001345177969)
(0.003 0.0004483926562 -0.001345177969)
(0.003 0.0008967853124 -0.001345177969)
(0.003 0.001345177969 -0.001345177969)
(0.003 -0.001276142375 -0.001276142375)
(0.003 -0.0008507615833 -0.001276142375)
(0.003 -0.0004253807916 -0.001276142375)
(0.003 0 -0.001276142375)
(0.003 0.0004253807916 -0.001276142375)
(0.003 0.0008507615833 -0.001276142375)
(0.003 0.001276142375 -0.001276142375)
(0.003 -0.001207106781 -0.001207106781)
(0.003 -0.0008047378541 -0.001207106781)
(0.003 -0.0004023689271 -0.001207106781)
(0.003 0 -0.001207106781)
(0.003 0.0004023689271 -0.001207106781)
(0.003 0.0008047378541 -0.001207106781)
(0.003 0.001207106781 -0.001207106781)
(0.003 -0.001138071187 -0.001138071187)
(0.003 -0.000758714125 -0.001138071187)
(0.003 -0.0003793570625 -0.001138071187)
(0.003 0 -0.001138071187)
(0.003 0.0003793570625 -0.001138071187)
(0.003 0.000758714125 -0.001138071187)
(0.003 0.001138071187 -0.001138071187)
(0.003 -0.001069035594 -0.001069035594)
(0.003 -0.0007126903958 -0.001069035594)
(0.003 -0.0003563451979 -0.001069035594)
(0.003 0 -0.001069035594)
(0.003 0.0003563451979 -0.001069035594)
(0.003 0.0007126903958 -0.001069035594)
(0.003 0.001069035594 -0.001069035594)
(0.003 -0.001 -0.001)
(0.003 -0.0006666666667 -0.001)
(0.003 -0.0003333333333 -0.001)
(0.003 0 -0.001)
(0.003 0.0003333333333 -0.001)
(0.003 0.0006666666667 -0.001)
(0.003 0.001 -0.001)
(0.0035 -0.001414213562 -0.001414213562)
(0.0035 -0.0009428090416 -0.001414213562)
(0.0035 -0.0004714045208 -0.001414213562)
(0.0035 0 -0.001414213562)
(0.0035 0.0004714045208 -0.001414213562)
(0.0035 0.0009428090416 -0.001414213562)
(0.0035 0.001414213562 -0.001414213562)
(0.0035 -0.001345177969 -0.001345177969)
(0.0035 -0.0008967853124 -0.001345177969)
(0.0035 -0.0004483926562 -0.001345177969)
(0.0035 0 -0.001345177969)
(0.0035 0.0004483926562 -0.001345177969)
(0.0035 0.0008967853124 -0.001345177969)
(0.0035 0.001345177969 -0.001345177969)
(0.0035 -0.001276142375 -0.001276142375)
(0.0035 -0.0008507615833 -0.001276142375)
(0.0035 -0.0004253807916 -0.001276142375)
(0.0035 0 -0.001276142375)
(0.0035 0.0004253807916 -0.001276142375)
(0.0035 0.0008507615833 -0.001276142375)
(0.0035 0.001276142375 -0.001276142375)
(0.0035 -0.001207106781 -0.001207106781)
(0.0035 -0.0008047378541 -0.001207106781)
(0.0035 -0.0004023689271 -0.001207106781)
(0.0035 0 -0.001207106781)
(0.0035 0.0004023689271 -0.001207106781)
(0.0035 0.0008047378541 -0.001207106781)
(0.0035 0.001207106781 -0.001207106781)
(0.0035 -0.001138071187 -0.001138071187)
(0.0035 -0.000758714125 -0.001138071187)
(0.0035 -0.0003793570625 -0.001138071187)
(0.0035 0 -0.001138071187)
(0.0035 0.0003793570625 -0.001138071187)
(0.0035 0.000758714125 -0.001138071187)
(0.0035 0.001138071187 -0.001138071187)
(0.0035 -0.001069035594 -0.001069035594)
(0.0035 -0.0007126903958 -0.001069035594)
(0.0035 -0.0003563451979 -0.001069035594)
(0.0035 0 -0.001069035594)
(0.0035 0.0003563451979 -0.001069035594)
(0.0035 0.0007126903958 -0.001069035594)
(0.0035 0.001069035594 -0.001069035594)
(0.0035 -0.001 -0.001)
(0.0035 -0.0006666666667 -0.001)
(0.0035 -0.0003333333333 -0.001)
(0.0035 0 -0.001)
(0.0035 0.0003333333333 -0.001)
(0.0035 0.0006666666667 -0.001)
(0.0035 0.001 -0.001)
(0.004 -0.001414213562 -0.001414213562)
(0.004 -0.0009428090416 -0.001414213562)
(0.004 -0.0004714045208 -0.001414213562)
(0.004 0 -0.001414213562)
(0.004 0.0004714045208 -0.001414213562)
(0.004 0.0009428090416 -0.001414213562)
(0.004 0.001414213562 -0.001414213562)
(0.004 -0.001345177969 -0.001345177969)
(0.004 -0.0008967853124 -0.001345177969)
(0.004 -0.0004483926562 -0.001345177969)
(0.004 0 -0.001345177969)
(0.004 0.0004483926562 -0.001345177969)
(0.004 0.0008967853124 -0.001345177969)
(0.004 0.001345177969 -0.001345177969)
(0.004 -0.001276142375 -0.001276142375)
(0.004 -0.0008507615833 -0.001276142375)
(0.004 -0.0004253807916 -0.001276142375)
(0.004 0 -0.001276142375)
(0.004 0.0004253807916 -0.001276142375)
(0.004 0.0008507615833 -0.001276142375)
(0.004 0.001276142375 -0.001276142375)
(0.004 -0.001207106781 -0.001207106781)
(0.004 -0.0008047378541 -0.001207106781)
(0.004 -0.0004023689271 -0.001207106781)
(0.004 0 -0.001207106781)
(0.004 0.0004023689271 -0.001207106781)
(0.004 0.0008047378541 -0.001207106781)
(0.004 0.001207106781 -0.001207106781)
(0.004 -0.001138071187 -0.001138071187)
(0.004 -0.000758714125 -0.001138071187)
(0.004 -0.0003793570625 -0.001138071187)
(0.004 0 -0.001138071187)
(0.004 0.0003793570625 -0.001138071187)
(0.004 0.000758714125 -0.001138071187)
(0.004 0.001138071187 -0.001138071187)
(0.004 -0.001069035594 -0.001069035594)
(0.004 -0.0007126903958 -0.001069035594)
(0.004 -0.0003563451979 -0.001069035594)
(0.004 0 -0.001069035594)
(0.004 0.0003563451979 -0.001069035594)
(0.004 0.0007126903958 -0.001069035594)
(0.004 0.001069035594 -0.001069035594)
(0.004 -0.001 -0.001)
(0.004 -0.0006666666667 -0.001)
(0.004 -0.0003333333333 -0.001)
(0.004 0 -0.001)
(0.004 0.0003333333333 -0.001)
(0.004 0.0006666666667 -0.001)
(0.004 0.001 -0.001)
(0.0045 -0.001414213562 -0.001414213562)
(0.0045 -0.0009428090416 -0.001414213562)
(0.0045 -0.0004714045208 -0.001414213562)
(0.0045 0 -0.001414213562)
(0.0045 0.0004714045208 -0.001414213562)
(0.0045 0.0009428090416 -0.001414213562)
(0.0045 0.001414213562 -0.001414213562)
(0.0045 -0.001345177969 -0.001345177969)
(0.0045 -0.0008967853124 -0.001345177969)
(0.0045 -0.0004483926562 -0.001345177969)
(0.0045 0 -0.001345177969)
(0.0045 0.0004483926562 -0.001345177969)
(0.0045 0.0008967853124 -0.001345177969)
(0.0045 0.001345177969 -0.001345177969)
(0.0045 -0.001276142375 -0.001276142375)
(0.0045 -0.0008507615833 -0.001276142375)
(0.0045 -0.0004253807916 -0.001276142375)
(0.0045 0 -0.001276142375)
(0.0045 0.0004253807916 -0.001276142375)
(0.0045 0.0008507615833 -0.001276142375)
(0.0045 0.001276142375 -0.001276142375)
(0.0045 -0.001207106781 -0.001207106781)
(0.0045 -0.0008047378541 -0.001207106781)
(0.0045 -0.0004023689271 -0.001207106781)
(0.0045 0 -0.001207106781)
(0.0045 0.0004023689271 -0.001207106781)
(0.0045 0.0008047378541 -0.001207106781)
(0.0045 0.001207106781 -0.001207106781)
(0.0045 -0.001138071187 -0.001138071187)
(0.0045 -0.000758714125 -0.001138071187)
(0.0045 -0.0003793570625 -0.001138071187)
(0.0045 0 -0.001138071187)
(0.0045 0.0003793570625 -0.001138071187)
(0.0045 0.000758714125 -0.001138071187)
(0.0045 0.001138071187 -0.001138071187)
(0.0045 -0.001069035594 -0.001069035594)
(0.0045 -0.0007126903958 -0.001069035594)
(0.0045 -0.0003563451979 -0.001069035594)
(0.0045 0 -0.001069035594)
(0.0045 0.0003563451979 -0.001069035594)
(0.0045 0.0007126903958 -0.001069035594)
(0.0045 0.001069035594 -0.001069035594)
(0.0045 -0.001 -0.001)
(0.0045 -0.0006666666667 -0.001)
(0.0045 -0.0003333333333 -0.001)
(0.0045 0 -0.001)
(0.0045 0.0003333333333 -0.001)
(0.0045 0.0006666666667 -0.001)
(0.0045 0.001 -0.001)
(0.005 -0.001414213562 -0.001414213562)
(0.005 -0.0009428090416 -0.001414213562)
(0.005 -0.0004714045208 -0.001414213562)
(0.005 0 -0.001414213562)
(0.005 0.0004714045208 -0.001414213562)
(0.005 0.0009428090416 -0.001414213562)
(0.005 0.001414213562 -0.001414213562)
(0.005 -0.001345177969 -0.001345177969)
(0.005 -0.0008967853124 -0.001345177969)
(0.005 -0.0004483926562 -0.001345177969)
(0.005 0 -0.001345177969)
(0.005 0.0004483926562 -0.001345177969)
(0.005 0.0008967853124 -0.001345177969)
(0.005 0.001345177969 -0.001345177969)
(0.005 -0.001276142375 -0.001276142375)
(0.005 -0.0008507615833 -0.001276142375)
(0.005 -0.0004253807916 -0.001276142375)
(0.005 0 -0.001276142375)
(0.005 0.0004253807916 -0.001276142375)
(0.005 0.0008507615833 -0.001276142375)
(0.005 0.001276142375 -0.001276142375)
(0.005 -0.001207106781 -0.001207106781)
(0.005 -0.0008047378541 -0.001207106781)
(0.005 -0.0004023689271 -0.001207106781)
(0.005 0 -0.001207106781)
(0.005 0.0004023689271 -0.001207106781)
(0.005 0.0008047378541 -0.001207106781)
(0.005 0.001207106781 -0.001207106781)
(0.005 -0.001138071187 -0.001138071187)
(0.005 -0.000758714125 -0.001138071187)
(0.005 -0.0003793570625 -0.001138071187)
(0.005 0 -0.001138071187)
(0.005 0.0003793570625 -0.001138071187)
(0.005 0.000758714125 -0.001138071187)
(0.005 0.001138071187 -0.001138071187)
(0.005 -0.001069035594 -0.001069035594)
(0.005 -0.0007126903958 -0.001069035594)
(0.005 -0.0003563451979 -0.001069035594)
(0.005 0 -0.001069035594)
(0.005 0.0003563451979 -0.001069035594)
(0.005 0.0007126903958 -0.001069035594)
(0.005 0.001069035594 -0.001069035594)
(0.005 -0.001 -0.001)
(0.005 -0.0006666666667 -0.001)
(0.005 -0.0003333333333 -0.001)
(0.005 0 -0.001)
(0.005 0.0003333333333 -0.001)
(0.005 0.0006666666667 -0.001)
(0.005 0.001 -0.001)
(0.0055 -0.001414213562 -0.001414213562)
(0.0055 -0.0009428090416 -0.001414213562)
(0.0055 -0.0004714045208 -0.001414213562)
(0.0055 0 -0.001414213562)
(0.0055 0.0004714045208 -0.001414213562)
(0.0055 0.0009428090416 -0.001414213562)
(0.0055 0.001414213562 -0.001414213562)
(0.0055 -0.001345177969 -0.001345177969)
(0.0055 -0.0008967853124 -0.001345177969)
(0.0055 -0.0004483926562 -0.001345177969)
(0.0055 0 -0.001345177969)
(0.0055 0.0004483926562 -0.001345177969)
(0.0055 0.0008967853124 -0.001345177969)
(0.0055 0.001345177969 -0.001345177969)
(0.0055 -0.001276142375 -0.001276142375)
(0.0055 -0.0008507615833 -0.001276142375)
(0.0055 -0.0004253807916 -0.001276142375)
(0.0055 0 -0.001276142375)
(0.0055 0.0004253807916 -0.001276142375)
(0.0055 0.0008507615833 -0.001276142375)
(0.0055 0.001276142375 -0.001276142375)
(0.0055 -0.001207106781 -0.001207106781)
(0.0055 -0.0008047378541 -0.001207106781)
(0.0055 -0.0004023689271 -0.001207106781)
(0.0055 0 -0.001207106781)
(0.0055 0.0004023689271 -0.001207106781)
(0.0055 0.0008047378541 -0.001207106781)
(0.0055 0.001207106781 -0.001207106781)
(0.0055 -0.001138071187 -0.001138071187)
(0.0055 -0.000758714125 -0.001138071187)
(0.0055 -0.0003793570625 -0.001138071187)
(0.0055 0 -0.001138071187)
(0.0055 0.0003793570625 -0.001138071187)
(0.0055 0.000758714125 -0.001138071187)
(0.0055 0.001138071187 -0.001138071187)
(0.0055 -0.001069035594 -0.001069035594)
(0.0055 -0.0007126903958 -0.001069035594)
(0.0055 -0.0003563451979 -0.001069035594)
(0.0055 0 -0.001069035594)
(0.0055 0.0003563451979 -0.001069035594)
(0.0055 0.0007126903958 -0.001069035594)
(0.0055 0.001069035594 -0.001069035594)
(0.0055 -0.001 -0.001)
(0.0055 -0.0006666666667 -0.001)
(0.0055 -0.0003333333333 -0.001)
(0.0055 0 -0.001)
(0.0055 0.0003333333333 -0.001)
(0.0055 0.0006666666667 -0.001)
(0.0055 0.001 -0.001)
(0.006 -0.001414213562 -0.001414213562)
(0.006 -0.0009428090416 -0.001414213562)
(0.006 -0.0004714045208 -0.001414213562)
(0.006 0 -0.001414213562)
(0.006 0.0004714045208 -0.001414213562)
(0.006 0.0009428090416 -0.001414213562)
(0.006 0.001414213562 -0.001414213562)
(0.006 -0.001345177969 -0.001345177969)
(0.006 -0.0008967853124 -0.001345177969)
(0.006 -0.0004483926562 -0.001345177969)
(0.006 0 -0.001345177969)
(0.006 0.0004483926562 -0.001345177969)
(0.006 0.0008967853124 -0.001345177969)
(0.006 0.001345177969 -0.001345177969)
(0.006 -0.001276142375 -0.001276142375)
(0.006 -0.0008507615833 -0.001276142375)
(0.006 -0.0004253807916 -0.001276142375)
(0.006 0 -0.001276142375)
(0.006 0.0004253807916 -0.001276142375)
(0.006 0.0008507615833 -0.001276142375)
(0.006 0.001276142375 -0.001276142375)
(0.006 -0.001207106781 -0.001207106781)
(0.006 -0.0008047378541 -0.001207106781)
(0.006 -0.0004023689271 -0.001207106781)
(0.006 0 -0.001207106781)
(0.006 0.0004023689271 -0.001207106781)
(0.006 0.0008047378541 -0.001207106781)
(0.006 0.001207106781 -0.001207106781)
(0.006 -0.001138071187 -0.001138071187)
(0.006 -0.000758714125 -0.001138071187)
(0.006 -0.0003793570625 -0.001138071187)
(0.006 0 -0.001138071187)
(0.006 0.0003793570625 -0.001138071187)
(0.006 0.000758714125 -0.001138071187)
(0.006 0.001138071187 -0.001138071187)
(0.006 -0.001069035594 -0.001069035594)
(0.006 -0.0007126903958 -0.001069035594)
(0.006 -0.0003563451979 -0.001069035594)
(0.006 0 -0.001069035594)
(0.006 0.0003563451979 -0.001069035594)
(0.006 0.0007126903958 -0.001069035594)
(0.006 0.001069035594 -0.001069035594)
(0.006 -0.001 -0.001)
(0.006 -0.0006666666667 -0.001)
(0.006 -0.0003333333333 -0.001)
(0.006 0 -0.001)
(0.006 0.0003333333333 -0.001)
(0.006 0.0006666666667 -0.001)
(0.006 0.001 -0.001)
(0.0065 -0.001414213562 -0.001414213562)
(0.0065 -0.0009428090416 -0.001414213562)
(0.0065 -0.0004714045208 -0.001414213562)
(0.0065 0 -0.001414213562)
(0.0065 0.0004714045208 -0.001414213562)
(0.0065 0.0009428090416 -0.001414213562)
(0.0065 0.001414213562 -0.001414213562)
(0.0065 -0.001345177969 -0.001345177969)
(0.0065 -0.0008967853124 -0.001345177969)
(0.0065 -0.0004483926562 -0.001345177969)
(0.0065 0 -0.001345177969)
(0.0065 0.0004483926562 -0.001345177969)
(0.0065 0.0008967853124 -0.001345177969)
(0.0065 0.001345177969 -0.001345177969)
(0.0065 -0.001276142375 -0.001276142375)
(0.0065 -0.0008507615833 -0.001276142375)
(0.0065 -0.0004253807916 -0.001276142375)
(0.0065 0 -0.001276142375)
(0.0065 0.0004253807916 -0.001276142375)
(0.0065 0.0008507615833 -0.001276142375)
(0.0065 0.001276142375 -0.001276142375)
(0.0065 -0.001207106781 -0.001207106781)
(0.0065 -0.0008047378541 -0.001207106781)
(0.0065 -0.0004023689271 -0.001207106781)
(0.0065 0 -0.001207106781)
(0.0065 0.0004023689271 -0.001207106781)
(0.0065 0.0008047378541 -0.001207106781)
(0.0065 0.001207106781 -0.001207106781)
(0.0065 -0.001138071187 -0.001138071187)
(0.0065 -0.000758714125 -0.001138071187)
(0.0065 -0.0003793570625 -0.001138071187)
(0.0065 0 -0.001138071187)
(0.0065 0.0003793570625 -0.001138071187)
(0.0065 0.000758714125 -0.001138071187)
(0.0065 0.001138071187 -0.001138071187)
(0.0065 -0.001069035594 -0.001069035594)
(0.0065 -0.0007126903958 -0.001069035594)
(0.0065 -0.0003563451979 -0.001069035594)
(0.0065 0 -0.001069035594)
(0.0065 0.0003563451979 -0.001069035594)
(0.0065 0.0007126903958 -0.001069035594)
(0.0065 0.001069035594 -0.001069035594)
(0.0065 -0.001 -0.001)
(0.0065 -0.0006666666667 -0.001)
(0.0065 -0.0003333333333 -0.001)
(0.0065 0 -0.001)
(0.0065 0.0003333333333 -0.001)
(0.0065 0.0006666666667 -0.001)
(0.0065 0.001 -0.001)
(0.007 -0.001414213562 -0.001414213562)
(0.007 -0.0009428090416 -0.001414213562)
(0.007 -0.0004714045208 -0.001414213562)
(0.007 0 -0.001414213562)
(0.007 0.0004714045208 -0.001414213562)
(0.007 0.0009428090416 -0.001414213562)
(0.007 0.001414213562 -0.001414213562)
(0.007 -0.001345177969 -0.001345177969)
(0.007 -0.0008967853124 -0.001345177969)
(0.007 -0.0004483926562 -0.001345177969)
(0.007 0 -0.001345177969)
(0.007 0.0004483926562 -0.001345177969)
(0.007 0.0008967853124 -0.001345177969)
(0.007 0.001345177969 -0.001345177969)
(0.007 -0.001276142375 -0.001276142375)
(0.007 -0.0008507615833 -0.001276142375)
(0.007 -0.0004253807916 -0.001276142375)
(0.007 0 -0.001276142375)
(0.007 0.0004253807916 -0.001276142375)
(0.007 0.0008507615833 -0.001276142375)
(0.007 0.001276142375 -0.001276142375)
(0.007 -0.001207106781 -0.001207106781)
(0.007 -0.0008047378541 -0.001207106781)
(0.007 -0.0004023689271 -0.001207106781)
(0.007 0 -0.001207106781)
(0.007 0.0004023689271 -0.001207106781)
(0.007 0.0008047378541 -0.001207106781)
(0.007 0.001207106781 -0.001207106781)
(0.007 -0.001138071187 -0.001138071187)
(0.007 -0.000758714125 -0.001138071187)
(0.007 -0.0003793570625 -0.001138071187)
(0.007 0 -0.001138071187)
(0.007 0.0003793570625 -0.001138071187)
(0.007 0.000758714125 -0.001138071187)
(0.007 0.001138071187 -0.001138071187)
(0.007 -0.001069035594 -0.001069035594)
(0.007 -0.0007126903958 -0.001069035594)
(0.007 -0.0003563451979 -0.001069035594)
(0.007 0 -0.001069035594)
(0.007 0.0003563451979 -0.001069035594)
(0.007 0.0007126903958 -0.001069035594)
(0.007 0.001069035594 -0.001069035594)
(0.007 -0.001 -0.001)
(0.007 -0.0006666666667 -0.001)
(0.007 -0.0003333333333 -0.001)
(0.007 0 -0.001)
(0.007 0.0003333333333 -0.001)
(0.007 0.0006666666667 -0.001)
(0.007 0.001 -0.001)
(0.0075 -0.001414213562 -0.001414213562)
(0.0075 -0.0009428090416 -0.001414213562)
(0.0075 -0.0004714045208 -0.001414213562)
(0.0075 0 -0.001414213562)
(0.0075 0.0004714045208 -0.001414213562)
(0.0075 0.0009428090416 -0.001414213562)
(0.0075 0.001414213562 -0.001414213562)
(0.0075 -0.001345177969 -0.001345177969)
(0.0075 -0.0008967853124 -0.001345177969)
(0.0075 -0.0004483926562 -0.001345177969)
(0.0075 0 -0.001345177969)
(0.0075 0.0004483926562 -0.001345177969)
(0.0075 0.0008967853124 -0.001345177969)
(0.0075 0.001345177969 -0.001345177969)
(0.0075 -0.001276142375 -0.001276142375)
(0.0075 -0.0008507615833 -0.001276142375)
(0.0075 -0.0004253807916 -0.001276142375)
(0.0075 0 -0.001276142375)
(0.0075 0.0004253807916 -0.001276142375)
(0.0075 0.0008507615833 -0.001276142375)
(0.0075 0.001276142375 -0.001276142375)
(0.0075 -0.001207106781 -0.001207106781)
(0.0075 -0.0008047378541 -0.001207106781)
(0.0075 -0.0004023689271 -0.001207106781)
(0.0075 0 -0.001207106781)
(0.0075 0.0004023689271 -0.001207106781)
(0.0075 0.0008047378541 -0.001207106781)
(0.0075 0.001207106781 -0.001207106781)
(0.0075 -0.001138071187 -0.001138071187)
(0.0075 -0.000758714125 -0.001138071187)
(0.0075 -0.0003793570625 -0.001138071187)
(0.0075 0 -0.001138071187)
(0.0075 0.0003793570625 -0.001138071187)
(0.0075 0.000758714125 -0.001138071187)
(0.0075 0.001138071187 -0.001138071187)
(0.0075 -0.001069035594 -0.001069035594)
(0.0075 -0.0007126903958 -0.001069035594)
(0.0075 -0.0003563451979 -0.001069035594)
(0.0075 0 -0.001069035594)
(0.0075 0.0003563451979 -0.001069035594)
(0.0075 0.0007126903958 -0.001069035594)
(0.0075 0.001069035594 -0.001069035594)
(0.0075 -0.001 -0.001)
(0.0075 -0.0006666666667 -0.001)
(0.0075 -0.0003333333333 -0.001)
(0.0075 0 -0.001)
(0.0075 0.0003333333333 -0.001)
(0.0075 0.0006666666667 -0.001)
(0.0075 0.001 -0.001)
(0.008 -0.001414213562 -0.001414213562)
(0.008 -0.0009428090416 -0.001414213562)
(0.008 -0.0004714045208 -0.001414213562)
(0.008 0 -0.001414213562)
(0.008 0.0004714045208 -0.001414213562)
(0.008 0.0009428090416 -0.001414213562)
(0.008 0.001414213562 -0.001414213562)
(0.008 -0.001345177969 -0.001345177969)
(0.008 -0.0008967853124 -0.001345177969)
(0.008 -0.0004483926562 -0.001345177969)
(0.008 0 -0.001345177969)
(0.008 0.0004483926562 -0.001345177969)
(0.008 0.0008967853124 -0.001345177969)
(0.008 0.001345177969 -0.001345177969)
(0.008 -0.001276142375 -0.001276142375)
(0.008 -0.0008507615833 -0.001276142375)
(0.008 -0.0004253807916 -0.001276142375)
(0.008 0 -0.001276142375)
(0.008 0.0004253807916 -0.001276142375)
(0.008 0.0008507615833 -0.001276142375)
(0.008 0.001276142375 -0.001276142375)
(0.008 -0.001207106781 -0.001207106781)
(0.008 -0.0008047378541 -0.001207106781)
(0.008 -0.0004023689271 -0.001207106781)
(0.008 0 -0.001207106781)
(0.008 0.0004023689271 -0.001207106781)
(0.008 0.0008047378541 -0.001207106781)
(0.008 0.001207106781 -0.001207106781)
(0.008 -0.001138071187 -0.001138071187)
(0.008 -0.000758714125 -0.001138071187)
(0.008 -0.0003793570625 -0.001138071187)
(0.008 0 -0.001138071187)
(0.008 0.0003793570625 -0.001138071187)
(0.008 0.000758714125 -0.001138071187)
(0.008 0.001138071187 -0.001138071187)
(0.008 -0.001069035594 -0.001069035594)
(0.008 -0.0007126903958 -0.001069035594)
(0.008 -0.0003563451979 -0.001069035594)
(0.008 0 -0.001069035594)
(0.008 0.0003563451979 -0.001069035594)
(0.008 0.0007126903958 -0.001069035594)
(0.008 0.001069035594 -0.001069035594)
(0.008 -0.001 -0.001)
(0.008 -0.0006666666667 -0.001)
(0.008 -0.0003333333333 -0.001)
(0.008 0 -0.001)
(0.008 0.0003333333333 -0.001)
(0.008 0.0006666666667 -0.001)
(0.008 0.001 -0.001)
(0.0085 -0.001414213562 -0.001414213562)
(0.0085 -0.0009428090416 -0.001414213562)
(0.0085 -0.0004714045208 -0.001414213562)
(0.0085 0 -0.001414213562)
(0.0085 0.0004714045208 -0.001414213562)
(0.0085 0.0009428090416 -0.001414213562)
(0.0085 0.001414213562 -0.001414213562)
(0.0085 -0.001345177969 -0.001345177969)
(0.0085 -0.0008967853124 -0.001345177969)
(0.0085 -0.0004483926562 -0.001345177969)
(0.0085 0 -0.001345177969)
(0.0085 0.0004483926562 -0.001345177969)
(0.0085 0.0008967853124 -0.001345177969)
(0.0085 0.001345177969 -0.001345177969)
(0.0085 -0.001276142375 -0.001276142375)
(0.0085 -0.0008507615833 -0.001276142375)
(0.0085 -0.0004253807916 -0.001276142375)
(0.0085 0 -0.001276142375)
(0.0085 0.0004253807916 -0.001276142375)
(0.0085 0.0008507615833 -0.001276142375)
(0.0085 0.001276142375 -0.001276142375)
(0.0085 -0.001207106781 -0.001207106781)
(0.0085 -0.0008047378541 -0.001207106781)
(0.0085 -0.0004023689271 -0.001207106781)
(0.0085 0 -0.001207106781)
(0.0085 0.0004023689271 -0.001207106781)
(0.0085 0.0008047378541 -0.001207106781)
(0.0085 0.001207106781 -0.001207106781)
(0.0085 -0.001138071187 -0.001138071187)
(0.0085 -0.000758714125 -0.001138071187)
(0.0085 -0.0003793570625 -0.001138071187)
(0.0085 0 -0.001138071187)
(0.0085 0.0003793570625 -0.001138071187)
(0.0085 0.000758714125 -0.001138071187)
(0.0085 0.001138071187 -0.001138071187)
(0.0085 -0.001069035594 -0.001069035594)
(0.0085 -0.0007126903958 -0.001069035594)
(0.0085 -0.0003563451979 -0.001069035594)
(0.0085 0 -0.001069035594)
(0.0085 0.0003563451979 -0.001069035594)
(0.0085 0.0007126903958 -0.001069035594)
(0.0085 0.001069035594 -0.001069035594)
(0.0085 -0.001 -0.001)
(0.0085 -0.0006666666667 -0.001)
(0.0085 -0.0003333333333 -0.001)
(0.0085 0 -0.001)
(0.0085 0.0003333333333 -0.001)
(0.0085 0.0006666666667 -0.001)
(0.0085 0.001 -0.001)
(0.009 -0.001414213562 -0.001414213562)
(0.009 -0.0009428090416 -0.001414213562)
(0.009 -0.0004714045208 -0.001414213562)
(0.009 0 -0.001414213562)
(0.009 0.0004714045208 -0.001414213562)
(0.009 0.0009428090416 -0.001414213562)
(0.009 0.001414213562 -0.001414213562)
(0.009 -0.001345177969 -0.001345177969)
(0.009 -0.0008967853124 -0.001345177969)
(0.009 -0.0004483926562 -0.001345177969)
(0.009 0 -0.001345177969)
(0.009 0.0004483926562 -0.001345177969)
(0.009 0.0008967853124 -0.001345177969)
(0.009 0.001345177969 -0.001345177969)
(0.009 -0.001276142375 -0.001276142375)
(0.009 -0.0008507615833 -0.001276142375)
(0.009 -0.0004253807916 -0.001276142375)
(0.009 0 -0.001276142375)
(0.009 0.0004253807916 -0.001276142375)
(0.009 0.0008507615833 -0.001276142375)
(0.009 0.001276142375 -0.001276142375)
(0.009 -0.001207106781 -0.001207106781)
(0.009 -0.0008047378541 -0.001207106781)
(0.009 -0.0004023689271 -0.001207106781)
(0.009 0 -0.001207106781)
(0.009 0.0004023689271 -0.001207106781)
(0.009 0.0008047378541 -0.001207106781)
(0.009 0.001207106781 -0.001207106781)
(0.009 -0.001138071187 -0.001138071187)
(0.009 -0.000758714125 -0.001138071187)
(0.009 -0.0003793570625 -0.001138071187)
(0.009 0 -0.001138071187)
(0.009 0.0003793570625 -0.001138071187)
(0.009 0.000758714125 -0.001138071187)
(0.009 0.001138071187 -0.001138071187)
(0.009 -0.001069035594 -0.001069035594)
(0.009 -0.0007126903958 -0.001069035594)
(0.009 -0.0003563451979 -0.001069035594)
(0.009 0 -0.001069035594)
(0.009 0.0003563451979 -0.001069035594)
(0.009 0.0007126903958 -0.001069035594)
(0.009 0.001069035594 -0.001069035594)
(0.009 -0.001 -0.001)
(0.009 -0.0006666666667 -0.001)
(0.009 -0.0003333333333 -0.001)
(0.009 0 -0.001)
(0.009 0.0003333333333 -0.001)
(0.009 0.0006666666667 -0.001)
(0.009 0.001 -0.001)
(0.0095 -0.001414213562 -0.001414213562)
(0.0095 -0.0009428090416 -0.001414213562)
(0.0095 -0.0004714045208 -0.001414213562)
(0.0095 0 -0.001414213562)
(0.0095 0.0004714045208 -0.001414213562)
(0.0095 0.0009428090416 -0.001414213562)
(0.0095 0.001414213562 -0.001414213562)
(0.0095 -0.001345177969 -0.001345177969)
(0.0095 -0.0008967853124 -0.001345177969)
(0.0095 -0.0004483926562 -0.001345177969)
(0.0095 0 -0.001345177969)
(0.0095 0.0004483926562 -0.001345177969)
(0.0095 0.0008967853124 -0.001345177969)
(0.0095 0.001345177969 -0.001345177969)
(0.0095 -0.001276142375 -0.001276142375)
(0.0095 -0.0008507615833 -0.001276142375)
(0.0095 -0.0004253807916 -0.001276142375)
(0.0095 0 -0.001276142375)
(0.0095 0.0004253807916 -0.001276142375)
(0.0095 0.0008507615833 -0.001276142375)
(0.0095 0.001276142375 -0.001276142375)
(0.0095 -0.001207106781 -0.001207106781)
(0.0095 -0.0008047378541 -0.001207106781)
(0.0095 -0.0004023689271 -0.001207106781)
(0.0095 0 -0.001207106781)
(0.0095 0.0004023689271 -0.001207106781)
(0.0095 0.0008047378541 -0.001207106781)
(0.0095 0.001207106781 -0.001207106781)
(0.0095 -0.001138071187 -0.001138071187)
(0.0095 -0.000758714125 -0.001138071187)
(0.0095 -0.0003793570625 -0.001138071187)
(0.0095 0 -0.001138071187)
(0.0095 0.0003793570625 -0.001138071187)
(0.0095 0.000758714125 -0.001138071187)
(0.0095 0.001138071187 -0.001138071187)
(0.0095 -0.001069035594 -0.001069035594)
(0.0095 -0.0007126903958 -0.001069035594)
(0.0095 -0.0003563451979 -0.001069035594)
(0.0095 0 -0.001069035594)
(0.0095 0.0003563451979 -0.001069035594)
(0.0095 0.0007126903958 -0.001069035594)
(0.0095 0.001069035594 -0.001069035594)
(0.0095 -0.001 -0.001)
(0.0095 -0.0006666666667 -0.001)
(0.0095 -0.0003333333333 -0.001)
(0.0095 0 -0.001)
(0.0095 0.0003333333333 -0.001)
(0.0095 0.0006666666667 -0.001)
(0.0095 0.001 -0.001)
(0.01 -0.001414213562 -0.001414213562)
(0.01 -0.0009428090416 -0.001414213562)
(0.01 -0.0004714045208 -0.001414213562)
(0.01 0 -0.001414213562)
(0.01 0.0004714045208 -0.001414213562)
(0.01 0.0009428090416 -0.001414213562)
(0.01 0.001414213562 -0.001414213562)
(0.01 -0.001345177969 -0.001345177969)
(0.01 -0.0008967853124 -0.001345177969)
(0.01 -0.0004483926562 -0.001345177969)
(0.01 0 -0.001345177969)
(0.01 0.0004483926562 -0.001345177969)
(0.01 0.0008967853124 -0.001345177969)
(0.01 0.001345177969 -0.001345177969)
(0.01 -0.001276142375 -0.001276142375)
(0.01 -0.0008507615833 -0.001276142375)
(0.01 -0.0004253807916 -0.001276142375)
(0.01 0 -0.001276142375)
(0.01 0.0004253807916 -0.001276142375)
(0.01 0.0008507615833 -0.001276142375)
(0.01 0.001276142375 -0.001276142375)
(0.01 -0.001207106781 -0.001207106781)
(0.01 -0.0008047378541 -0.001207106781)
(0.01 -0.0004023689271 -0.001207106781)
(0.01 0 -0.001207106781)
(0.01 0.0004023689271 -0.001207106781)
(0.01 0.0008047378541 -0.001207106781)
(0.01 0.001207106781 -0.001207106781)
(0.01 -0.001138071187 -0.001138071187)
(0.01 -0.000758714125 -0.001138071187)
(0.01 -0.0003793570625 -0.001138071187)
(0.01 0 -0.001138071187)
(0.01 0.0003793570625 -0.001138071187)
(0.01 0.000758714125 -0.001138071187)
(0.01 0.001138071187 -0.001138071187)
(0.01 -0.001069035594 -0.001069035594)
(0.01 -0.0007126903958 -0.001069035594)
(0.01 -0.0003563451979 -0.001069035594)
(0.01 0 -0.001069035594)
(0.01 0.0003563451979 -0.001069035594)
(0.01 0.0007126903958 -0.001069035594)
(0.01 0.001069035594 -0.001069035594)
(0.01 -0.001 -0.001)
(0.01 -0.0006666666667 -0.001)
(0.01 -0.0003333333333 -0.001)
(0.01 0 -0.001)
(0.01 0.0003333333333 -0.001)
(0.01 0.0006666666667 -0.001)
(0.01 0.001 -0.001)
(0.0105 -0.001414213562 -0.001414213562)
(0.0105 -0.0009428090416 -0.001414213562)
(0.0105 -0.0004714045208 -0.001414213562)
(0.0105 0 -0.001414213562)
(0.0105 0.0004714045208 -0.001414213562)
(0.0105 0.0009428090416 -0.001414213562)
(0.0105 0.001414213562 -0.001414213562)
(0.0105 -0.001345177969 -0.001345177969)
(0.0105 -0.0008967853124 -0.001345177969)
(0.0105 -0.0004483926562 -0.001345177969)
(0.0105 0 -0.001345177969)
(0.0105 0.0004483926562 -0.001345177969)
(0.0105 0.0008967853124 -0.001345177969)
(0.0105 0.001345177969 -0.001345177969)
(0.0105 -0.001276142375 -0.001276142375)
(0.0105 -0.0008507615833 -0.001276142375)
(0.0105 -0.0004253807916 -0.001276142375)
(0.0105 0 -0.001276142375)
(0.0105 0.0004253807916 -0.001276142375)
(0.0105 0.0008507615833 -0.001276142375)
(0.0105 0.001276142375 -0.001276142375)
(0.0105 -0.001207106781 -0.001207106781)
(0.0105 -0.0008047378541 -0.001207106781)
(0.0105 -0.0004023689271 -0.001207106781)
(0.0105 0 -0.001207106781)
(0.0105 0.0004023689271 -0.001207106781)
(0.0105 0.0008047378541 -0.001207106781)
(0.0105 0.001207106781 -0.001207106781)
(0.0105 -0.001138071187 -0.001138071187)
(0.0105 -0.000758714125 -0.001138071187)
(0.0105 -0.0003793570625 -0.001138071187)
(0.0105 0 -0.001138071187)
(0.0105 0.0003793570625 -0.001138071187)
(0.0105 0.000758714125 -0.001138071187)
(0.0105 0.001138071187 -0.001138071187)
(0.0105 -0.001069035594 -0.001069035594)
(0.0105 -0.0007126903958 -0.001069035594)
(0.0105 -0.0003563451979 -0.001069035594)
(0.0105 0 -0.001069035594)
(0.0105 0.0003563451979 -0.001069035594)
(0.0105 0.0007126903958 -0.001069035594)
(0.0105 0.001069035594 -0.001069035594)
(0.0105 -0.001 -0.001)
(0.0105 -0.0006666666667 -0.001)
(0.0105 -0.0003333333333 -0.001)
(0.0105 0 -0.001)
(0.0105 0.0003333333333 -0.001)
(0.0105 0.0006666666667 -0.001)
(0.0105 0.001 -0.001)
(0.011 -0.001414213562 -0.001414213562)
(0.011 -0.0009428090416 -0.001414213562)
(0.011 -0.0004714045208 -0.001414213562)
(0.011 0 -0.001414213562)
(0.011 0.0004714045208 -0.001414213562)
(0.011 0.0009428090416 -0.001414213562)
(0.011 0.001414213562 -0.001414213562)
(0.011 -0.001345177969 -0.001345177969)
(0.011 -0.0008967853124 -0.001345177969)
(0.011 -0.0004483926562 -0.001345177969)
(0.011 0 -0.001345177969)
(0.011 0.0004483926562 -0.001345177969)
(0.011 0.0008967853124 -0.001345177969)
(0.011 0.001345177969 -0.001345177969)
(0.011 -0.001276142375 -0.001276142375)
(0.011 -0.0008507615833 -0.001276142375)
(0.011 -0.0004253807916 -0.001276142375)
(0.011 0 -0.001276142375)
(0.011 0.0004253807916 -0.001276142375)
(0.011 0.0008507615833 -0.001276142375)
(0.011 0.001276142375 -0.001276142375)
(0.011 -0.001207106781 -0.001207106781)
(0.011 -0.0008047378541 -0.001207106781)
(0.011 -0.0004023689271 -0.001207106781)
(0.011 0 -0.001207106781)
(0.011 0.0004023689271 -0.001207106781)
(0.011 0.0008047378541 -0.001207106781)
(0.011 0.001207106781 -0.001207106781)
(0.011 -0.001138071187 -0.001138071187)
(0.011 -0.000758714125 -0.001138071187)
(0.011 -0.0003793570625 -0.001138071187)
(0.011 0 -0.001138071187)
(0.011 0.0003793570625 -0.001138071187)
(0.011 0.000758714125 -0.001138071187)
(0.011 0.001138071187 -0.001138071187)
(0.011 -0.001069035594 -0.001069035594)
(0.011 -0.0007126903958 -0.001069035594)
(0.011 -0.0003563451979 -0.001069035594)
(0.011 0 -0.001069035594)
(0.011 0.0003563451979 -0.001069035594)
(0.011 0.0007126903958 -0.001069035594)
(0.011 0.001069035594 -0.001069035594)
(0.011 -0.001 -0.001)
(0.011 -0.0006666666667 -0.001)
(0.011 -0.0003333333333 -0.001)
(0.011 0 -0.001)
(0.011 0.0003333333333 -0.001)
(0.011 0.0006666666667 -0.001)
(0.011 0.001 -0.001)
(0.0115 -0.001414213562 -0.001414213562)
(0.0115 -0.0009428090416 -0.001414213562)
(0.0115 -0.0004714045208 -0.001414213562)
(0.0115 0 -0.001414213562)
(0.0115 0.0004714045208 -0.001414213562)
(0.0115 0.0009428090416 -0.001414213562)
(0.0115 0.001414213562 -0.001414213562)
(0.0115 -0.001345177969 -0.001345177969)
(0.0115 -0.0008967853124 -0.001345177969)
(0.0115 -0.0004483926562 -0.001345177969)
(0.0115 0 -0.001345177969)
(0.0115 0.0004483926562 -0.001345177969)
(0.0115 0.0008967853124 -0.001345177969)
(0.0115 0.001345177969 -0.001345177969)
(0.0115 -0.001276142375 -0.001276142375)
(0.0115 -0.0008507615833 -0.001276142375)
(0.0115 -0.0004253807916 -0.001276142375)
(0.0115 0 -0.001276142375)
(0.0115 0.0004253807916 -0.001276142375)
(0.0115 0.0008507615833 -0.001276142375)
(0.0115 0.001276142375 -0.001276142375)
(0.0115 -0.001207106781 -0.001207106781)
(0.0115 -0.0008047378541 -0.001207106781)
(0.0115 -0.0004023689271 -0.001207106781)
(0.0115 0 -0.001207106781)
(0.0115 0.0004023689271 -0.001207106781)
(0.0115 0.0008047378541 -0.001207106781)
(0.0115 0.001207106781 -0.001207106781)
(0.0115 -0.001138071187 -0.001138071187)
(0.0115 -0.000758714125 -0.001138071187)
(0.0115 -0.0003793570625 -0.001138071187)
(0.0115 0 -0.001138071187)
(0.0115 0.0003793570625 -0.001138071187)
(0.0115 0.000758714125 -0.001138071187)
(0.0115 0.001138071187 -0.001138071187)
(0.0115 -0.001069035594 -0.001069035594)
(0.0115 -0.0007126903958 -0.001069035594)
(0.0115 -0.0003563451979 -0.001069035594)
(0.0115 0 -0.001069035594)
(0.0115 0.0003563451979 -0.001069035594)
(0.0115 0.0007126903958 -0.001069035594)
(0.0115 0.001069035594 -0.001069035594)
(0.0115 -0.001 -0.001)
(0.0115 -0.0006666666667 -0.001)
(0.0115 -0.0003333333333 -0.001)
(0.0115 0 -0.001)
(0.0115 0.0003333333333 -0.001)
(0.0115 0.0006666666667 -0.001)
(0.0115 0.001 -0.001)
(0.012 -0.001414213562 -0.001414213562)
(0.012 -0.0009428090416 -0.001414213562)
(0.012 -0.0004714045208 -0.001414213562)
(0.012 0 -0.001414213562)
(0.012 0.0004714045208 -0.001414213562)
(0.012 0.0009428090416 -0.001414213562)
(0.012 0.001414213562 -0.001414213562)
(0.012 -0.001345177969 -0.001345177969)
(0.012 -0.0008967853124 -0.001345177969)
(0.012 -0.0004483926562 -0.001345177969)
(0.012 0 -0.001345177969)
(0.012 0.0004483926562 -0.001345177969)
(0.012 0.0008967853124 -0.001345177969)
(0.012 0.001345177969 -0.001345177969)
(0.012 -0.001276142375 -0.001276142375)
(0.012 -0.0008507615833 -0.001276142375)
(0.012 -0.0004253807916 -0.001276142375)
(0.012 0 -0.001276142375)
(0.012 0.0004253807916 -0.001276142375)
(0.012 0.0008507615833 -0.001276142375)
(0.012 0.001276142375 -0.001276142375)
(0.012 -0.001207106781 -0.001207106781)
(0.012 -0.0008047378541 -0.001207106781)
(0.012 -0.0004023689271 -0.001207106781)
(0.012 0 -0.001207106781)
(0.012 0.0004023689271 -0.001207106781)
(0.012 0.0008047378541 -0.001207106781)
(0.012 0.001207106781 -0.001207106781)
(0.012 -0.001138071187 -0.001138071187)
(0.012 -0.000758714125 -0.001138071187)
(0.012 -0.0003793570625 -0.001138071187)
(0.012 0 -0.001138071187)
(0.012 0.0003793570625 -0.001138071187)
(0.012 0.000758714125 -0.001138071187)
(0.012 0.001138071187 -0.001138071187)
(0.012 -0.001069035594 -0.001069035594)
(0.012 -0.0007126903958 -0.001069035594)
(0.012 -0.0003563451979 -0.001069035594)
(0.012 0 -0.001069035594)
(0.012 0.0003563451979 -0.001069035594)
(0.012 0.0007126903958 -0.001069035594)
(0.012 0.001069035594 -0.001069035594)
(0.012 -0.001 -0.001)
(0.012 -0.0006666666667 -0.001)
(0.012 -0.0003333333333 -0.001)
(0.012 0 -0.001)
(0.012 0.0003333333333 -0.001)
(0.012 0.0006666666667 -0.001)
(0.012 0.001 -0.001)
(0.0125 -0.001414213562 -0.001414213562)
(0.0125 -0.0009428090416 -0.001414213562)
(0.0125 -0.0004714045208 -0.001414213562)
(0.0125 0 -0.001414213562)
(0.0125 0.0004714045208 -0.001414213562)
(0.0125 0.0009428090416 -0.001414213562)
(0.0125 0.001414213562 -0.001414213562)
(0.0125 -0.001345177969 -0.001345177969)
(0.0125 -0.0008967853124 -0.001345177969)
(0.0125 -0.0004483926562 -0.001345177969)
(0.0125 0 -0.001345177969)
(0.0125 0.0004483926562 -0.001345177969)
(0.0125 0.0008967853124 -0.001345177969)
(0.0125 0.001345177969 -0.001345177969)
(0.0125 -0.001276142375 -0.001276142375)
(0.0125 -0.0008507615833 -0.001276142375)
(0.0125 -0.0004253807916 -0.001276142375)
(0.0125 0 -0.001276142375)
(0.0125 0.0004253807916 -0.001276142375)
(0.0125 0.0008507615833 -0.001276142375)
(0.0125 0.001276142375 -0.001276142375)
(0.0125 -0.001207106781 -0.001207106781)
(0.0125 -0.0008047378541 -0.001207106781)
(0.0125 -0.0004023689271 -0.001207106781)
(0.0125 0 -0.001207106781)
(0.0125 0.0004023689271 -0.001207106781)
(0.0125 0.0008047378541 -0.001207106781)
(0.0125 0.001207106781 -0.001207106781)
(0.0125 -0.001138071187 -0.001138071187)
(0.0125 -0.000758714125 -0.001138071187)
(0.0125 -0.0003793570625 -0.001138071187)
(0.0125 0 -0.001138071187)
(0.0125 0.0003793570625 -0.001138071187)
(0.0125 0.000758714125 -0.001138071187)
(0.0125 0.001138071187 -0.001138071187)
(0.0125 -0.001069035594 -0.001069035594)
(0.0125 -0.0007126903958 -0.001069035594)
(0.0125 -0.0003563451979 -0.001069035594)
(0.0125 0 -0.001069035594)
(0.0125 0.0003563451979 -0.001069035594)
(0.0125 0.0007126903958 -0.001069035594)
(0.0125 0.001069035594 -0.001069035594)
(0.0125 -0.001 -0.001)
(0.0125 -0.0006666666667 -0.001)
(0.0125 -0.0003333333333 -0.001)
(0.0125 0 -0.001)
(0.0125 0.0003333333333 -0.001)
(0.0125 0.0006666666667 -0.001)
(0.0125 0.001 -0.001)
(0.013 -0.001414213562 -0.001414213562)
(0.013 -0.0009428090416 -0.001414213562)
(0.013 -0.0004714045208 -0.001414213562)
(0.013 0 -0.001414213562)
(0.013 0.0004714045208 -0.001414213562)
(0.013 0.0009428090416 -0.001414213562)
(0.013 0.001414213562 -0.001414213562)
(0.013 -0.001345177969 -0.001345177969)
(0.013 -0.0008967853124 -0.001345177969)
(0.013 -0.0004483926562 -0.001345177969)
(0.013 0 -0.001345177969)
(0.013 0.0004483926562 -0.001345177969)
(0.013 0.0008967853124 -0.001345177969)
(0.013 0.001345177969 -0.001345177969)
(0.013 -0.001276142375 -0.001276142375)
(0.013 -0.0008507615833 -0.001276142375)
(0.013 -0.0004253807916 -0.001276142375)
(0.013 0 -0.001276142375)
(0.013 0.0004253807916 -0.001276142375)
(0.013 0.0008507615833 -0.001276142375)
(0.013 0.001276142375 -0.001276142375)
(0.013 -0.001207106781 -0.001207106781)
(0.013 -0.0008047378541 -0.001207106781)
(0.013 -0.0004023689271 -0.001207106781)
(0.013 0 -0.001207106781)
(0.013 0.0004023689271 -0.001207106781)
(0.013 0.0008047378541 -0.001207106781)
(0.013 0.001207106781 -0.001207106781)
(0.013 -0.001138071187 -0.001138071187)
(0.013 -0.000758714125 -0.001138071187)
(0.013 -0.0003793570625 -0.001138071187)
(0.013 0 -0.001138071187)
(0.013 0.0003793570625 -0.001138071187)
(0.013 0.000758714125 -0.001138071187)
(0.013 0.001138071187 -0.001138071187)
(0.013 -0.001069035594 -0.001069035594)
(0.013 -0.0007126903958 -0.001069035594)
(0.013 -0.0003563451979 -0.001069035594)
(0.013 0 -0.001069035594)
(0.013 0.0003563451979 -0.001069035594)
(0.013 0.0007126903958 -0.001069035594)
(0.013 0.001069035594 -0.001069035594)
(0.013 -0.001 -0.001)
(0.013 -0.0006666666667 -0.001)
(0.013 -0.0003333333333 -0.001)
(0.013 0 -0.001)
(0.013 0.0003333333333 -0.001)
(0.013 0.0006666666667 -0.001)
(0.013 0.001 -0.001)
(0.0135 -0.001414213562 -0.001414213562)
(0.0135 -0.0009428090416 -0.001414213562)
(0.0135 -0.0004714045208 -0.001414213562)
(0.0135 0 -0.001414213562)
(0.0135 0.0004714045208 -0.001414213562)
(0.0135 0.0009428090416 -0.001414213562)
(0.0135 0.001414213562 -0.001414213562)
(0.0135 -0.001345177969 -0.001345177969)
(0.0135 -0.0008967853124 -0.001345177969)
(0.0135 -0.0004483926562 -0.001345177969)
(0.0135 0 -0.001345177969)
(0.0135 0.0004483926562 -0.001345177969)
(0.0135 0.0008967853124 -0.001345177969)
(0.0135 0.001345177969 -0.001345177969)
(0.0135 -0.001276142375 -0.001276142375)
(0.0135 -0.0008507615833 -0.001276142375)
(0.0135 -0.0004253807916 -0.001276142375)
(0.0135 0 -0.001276142375)
(0.0135 0.0004253807916 -0.001276142375)
(0.0135 0.0008507615833 -0.001276142375)
(0.0135 0.001276142375 -0.001276142375)
(0.0135 -0.001207106781 -0.001207106781)
(0.0135 -0.0008047378541 -0.001207106781)
(0.0135 -0.0004023689271 -0.001207106781)
(0.0135 0 -0.001207106781)
(0.0135 0.0004023689271 -0.001207106781)
(0.0135 0.0008047378541 -0.001207106781)
(0.0135 0.001207106781 -0.001207106781)
(0.0135 -0.001138071187 -0.001138071187)
(0.0135 -0.000758714125 -0.001138071187)
(0.0135 -0.0003793570625 -0.001138071187)
(0.0135 0 -0.001138071187)
(0.0135 0.0003793570625 -0.001138071187)
(0.0135 0.000758714125 -0.001138071187)
(0.0135 0.001138071187 -0.001138071187)
(0.0135 -0.001069035594 -0.001069035594)
(0.0135 -0.0007126903958 -0.001069035594)
(0.0135 -0.0003563451979 -0.001069035594)
(0.0135 0 -0.001069035594)
(0.0135 0.0003563451979 -0.001069035594)
(0.0135 0.0007126903958 -0.001069035594)
(0.0135 0.001069035594 -0.001069035594)
(0.0135 -0.001 -0.001)
(0.0135 -0.0006666666667 -0.001)
(0.0135 -0.0003333333333 -0.001)
(0.0135 0 -0.001)
(0.0135 0.0003333333333 -0.001)
(0.0135 0.0006666666667 -0.001)
(0.0135 0.001 -0.001)
(0.014 -0.001414213562 -0.001414213562)
(0.014 -0.0009428090416 -0.001414213562)
(0.014 -0.0004714045208 -0.001414213562)
(0.014 0 -0.001414213562)
(0.014 0.0004714045208 -0.001414213562)
(0.014 0.0009428090416 -0.001414213562)
(0.014 0.001414213562 -0.001414213562)
(0.014 -0.001345177969 -0.001345177969)
(0.014 -0.0008967853124 -0.001345177969)
(0.014 -0.0004483926562 -0.001345177969)
(0.014 0 -0.001345177969)
(0.014 0.0004483926562 -0.001345177969)
(0.014 0.0008967853124 -0.001345177969)
(0.014 0.001345177969 -0.001345177969)
(0.014 -0.001276142375 -0.001276142375)
(0.014 -0.0008507615833 -0.001276142375)
(0.014 -0.0004253807916 -0.001276142375)
(0.014 0 -0.001276142375)
(0.014 0.0004253807916 -0.001276142375)
(0.014 0.0008507615833 -0.001276142375)
(0.014 0.001276142375 -0.001276142375)
(0.014 -0.001207106781 -0.001207106781)
(0.014 -0.0008047378541 -0.001207106781)
(0.014 -0.0004023689271 -0.001207106781)
(0.014 0 -0.001207106781)
(0.014 0.0004023689271 -0.001207106781)
(0.014 0.0008047378541 -0.001207106781)
(0.014 0.001207106781 -0.001207106781)
(0.014 -0.001138071187 -0.001138071187)
(0.014 -0.000758714125 -0.001138071187)
(0.014 -0.0003793570625 -0.001138071187)
(0.014 0 -0.001138071187)
(0.014 0.0003793570625 -0.001138071187)
(0.014 0.000758714125 -0.001138071187)
(0.014 0.001138071187 -0.001138071187)
(0.014 -0.001069035594 -0.001069035594)
(0.014 -0.0007126903958 -0.001069035594)
(0.014 -0.0003563451979 -0.001069035594)
(0.014 0 -0.001069035594)
(0.014 0.0003563451979 -0.001069035594)
(0.014 0.0007126903958 -0.001069035594)
(0.014 0.001069035594 -0.001069035594)
(0.014 -0.001 -0.001)
(0.014 -0.0006666666667 -0.001)
(0.014 -0.0003333333333 -0.001)
(0.014 0 -0.001)
(0.014 0.0003333333333 -0.001)
(0.014 0.0006666666667 -0.001)
(0.014 0.001 -0.001)
(0.0145 -0.001414213562 -0.001414213562)
(0.0145 -0.0009428090416 -0.001414213562)
(0.0145 -0.0004714045208 -0.001414213562)
(0.0145 0 -0.001414213562)
(0.0145 0.0004714045208 -0.001414213562)
(0.0145 0.0009428090416 -0.001414213562)
(0.0145 0.001414213562 -0.001414213562)
(0.0145 -0.001345177969 -0.001345177969)
(0.0145 -0.0008967853124 -0.001345177969)
(0.0145 -0.0004483926562 -0.001345177969)
(0.0145 0 -0.001345177969)
(0.0145 0.0004483926562 -0.001345177969)
(0.0145 0.0008967853124 -0.001345177969)
(0.0145 0.001345177969 -0.001345177969)
(0.0145 -0.001276142375 -0.001276142375)
(0.0145 -0.0008507615833 -0.001276142375)
(0.0145 -0.0004253807916 -0.001276142375)
(0.0145 0 -0.001276142375)
(0.0145 0.0004253807916 -0.001276142375)
(0.0145 0.0008507615833 -0.001276142375)
(0.0145 0.001276142375 -0.001276142375)
(0.0145 -0.001207106781 -0.001207106781)
(0.0145 -0.0008047378541 -0.001207106781)
(0.0145 -0.0004023689271 -0.001207106781)
(0.0145 0 -0.001207106781)
(0.0145 0.0004023689271 -0.001207106781)
(0.0145 0.0008047378541 -0.001207106781)
(0.0145 0.001207106781 -0.001207106781)
(0.0145 -0.001138071187 -0.001138071187)
(0.0145 -0.000758714125 -0.001138071187)
(0.0145 -0.0003793570625 -0.001138071187)
(0.0145 0 -0.001138071187)
(0.0145 0.0003793570625 -0.001138071187)
(0.0145 0.000758714125 -0.001138071187)
(0.0145 0.001138071187 -0.001138071187)
(0.0145 -0.001069035594 -0.001069035594)
(0.0145 -0.0007126903958 -0.001069035594)
(0.0145 -0.0003563451979 -0.001069035594)
(0.0145 0 -0.001069035594)
(0.0145 0.0003563451979 -0.001069035594)
(0.0145 0.0007126903958 -0.001069035594)
(0.0145 0.001069035594 -0.001069035594)
(0.0145 -0.001 -0.001)
(0.0145 -0.0006666666667 -0.001)
(0.0145 -0.0003333333333 -0.001)
(0.0145 0 -0.001)
(0.0145 0.0003333333333 -0.001)
(0.0145 0.0006666666667 -0.001)
(0.0145 0.001 -0.001)
(0.015 -0.001414213562 -0.001414213562)
(0.015 -0.0009428090416 -0.001414213562)
(0.015 -0.0004714045208 -0.001414213562)
(0.015 0 -0.001414213562)
(0.015 0.0004714045208 -0.001414213562)
(0.015 0.0009428090416 -0.001414213562)
(0.015 0.001414213562 -0.001414213562)
(0.015 -0.001345177969 -0.001345177969)
(0.015 -0.0008967853124 -0.001345177969)
(0.015 -0.0004483926562 -0.001345177969)
(0.015 0 -0.001345177969)
(0.015 0.0004483926562 -0.001345177969)
(0.015 0.0008967853124 -0.001345177969)
(0.015 0.001345177969 -0.001345177969)
(0.015 -0.001276142375 -0.001276142375)
(0.015 -0.0008507615833 -0.001276142375)
(0.015 -0.0004253807916 -0.001276142375)
(0.015 0 -0.001276142375)
(0.015 0.0004253807916 -0.001276142375)
(0.015 0.0008507615833 -0.001276142375)
(0.015 0.001276142375 -0.001276142375)
(0.015 -0.001207106781 -0.001207106781)
(0.015 -0.0008047378541 -0.001207106781)
(0.015 -0.0004023689271 -0.001207106781)
(0.015 0 -0.001207106781)
(0.015 0.0004023689271 -0.001207106781)
(0.015 0.0008047378541 -0.001207106781)
(0.015 0.001207106781 -0.001207106781)
(0.015 -0.001138071187 -0.001138071187)
(0.015 -0.000758714125 -0.001138071187)
(0.015 -0.0003793570625 -0.001138071187)
(0.015 0 -0.001138071187)
(0.015 0.0003793570625 -0.001138071187)
(0.015 0.000758714125 -0.001138071187)
(0.015 0.001138071187 -0.001138071187)
(0.015 -0.001069035594 -0.001069035594)
(0.015 -0.0007126903958 -0.001069035594)
(0.015 -0.0003563451979 -0.001069035594)
(0.015 0 -0.001069035594)
(0.015 0.0003563451979 -0.001069035594)
(0.015 0.0007126903958 -0.001069035594)
(0.015 0.001069035594 -0.001069035594)
(0.015 -0.001 -0.001)
(0.015 -0.0006666666667 -0.001)
(0.015 -0.0003333333333 -0.001)
(0.015 0 -0.001)
(0.015 0.0003333333333 -0.001)
(0.015 0.0006666666667 -0.001)
(0.015 0.001 -0.001)
(0.0155 -0.001414213562 -0.001414213562)
(0.0155 -0.0009428090416 -0.001414213562)
(0.0155 -0.0004714045208 -0.001414213562)
(0.0155 0 -0.001414213562)
(0.0155 0.0004714045208 -0.001414213562)
(0.0155 0.0009428090416 -0.001414213562)
(0.0155 0.001414213562 -0.001414213562)
(0.0155 -0.001345177969 -0.001345177969)
(0.0155 -0.0008967853124 -0.001345177969)
(0.0155 -0.0004483926562 -0.001345177969)
(0.0155 0 -0.001345177969)
(0.0155 0.0004483926562 -0.001345177969)
(0.0155 0.0008967853124 -0.001345177969)
(0.0155 0.001345177969 -0.001345177969)
(0.0155 -0.001276142375 -0.001276142375)
(0.0155 -0.0008507615833 -0.001276142375)
(0.0155 -0.0004253807916 -0.001276142375)
(0.0155 0 -0.001276142375)
(0.0155 0.0004253807916 -0.001276142375)
(0.0155 0.0008507615833 -0.001276142375)
(0.0155 0.001276142375 -0.001276142375)
(0.0155 -0.001207106781 -0.001207106781)
(0.0155 -0.0008047378541 -0.001207106781)
(0.0155 -0.0004023689271 -0.001207106781)
(0.0155 0 -0.001207106781)
(0.0155 0.0004023689271 -0.001207106781)
(0.0155 0.0008047378541 -0.001207106781)
(0.0155 0.001207106781 -0.001207106781)
(0.0155 -0.001138071187 -0.001138071187)
(0.0155 -0.000758714125 -0.001138071187)
(0.0155 -0.0003793570625 -0.001138071187)
(0.0155 0 -0.001138071187)
(0.0155 0.0003793570625 -0.001138071187)
(0.0155 0.000758714125 -0.001138071187)
(0.0155 0.001138071187 -0.001138071187)
(0.0155 -0.001069035594 -0.001069035594)
(0.0155 -0.0007126903958 -0.001069035594)
(0.0155 -0.0003563451979 -0.001069035594)
(0.0155 0 -0.001069035594)
(0.0155 0.0003563451979 -0.001069035594)
(0.0155 0.0007126903958 -0.001069035594)
(0.0155 0.001069035594 -0.001069035594)
(0.0155 -0.001 -0.001)
(0.0155 -0.0006666666667 -0.001)
(0.0155 -0.0003333333333 -0.001)
(0.0155 0 -0.001)
(0.0155 0.0003333333333 -0.001)
(0.0155 0.0006666666667 -0.001)
(0.0155 0.001 -0.001)
(0.016 -0.001414213562 -0.001414213562)
(0.016 -0.0009428090416 -0.001414213562)
(0.016 -0.0004714045208 -0.001414213562)
(0.016 0 -0.001414213562)
(0.016 0.0004714045208 -0.001414213562)
(0.016 0.0009428090416 -0.001414213562)
(0.016 0.001414213562 -0.001414213562)
(0.016 -0.001345177969 -0.001345177969)
(0.016 -0.0008967853124 -0.001345177969)
(0.016 -0.0004483926562 -0.001345177969)
(0.016 0 -0.001345177969)
(0.016 0.0004483926562 -0.001345177969)
(0.016 0.0008967853124 -0.001345177969)
(0.016 0.001345177969 -0.001345177969)
(0.016 -0.001276142375 -0.001276142375)
(0.016 -0.0008507615833 -0.001276142375)
(0.016 -0.0004253807916 -0.001276142375)
(0.016 0 -0.001276142375)
(0.016 0.0004253807916 -0.001276142375)
(0.016 0.0008507615833 -0.001276142375)
(0.016 0.001276142375 -0.001276142375)
(0.016 -0.001207106781 -0.001207106781)
(0.016 -0.0008047378541 -0.001207106781)
(0.016 -0.0004023689271 -0.001207106781)
(0.016 0 -0.001207106781)
(0.016 0.0004023689271 -0.001207106781)
(0.016 0.0008047378541 -0.001207106781)
(0.016 0.001207106781 -0.001207106781)
(0.016 -0.001138071187 -0.001138071187)
(0.016 -0.000758714125 -0.001138071187)
(0.016 -0.0003793570625 -0.001138071187)
(0.016 0 -0.001138071187)
(0.016 0.0003793570625 -0.001138071187)
(0.016 0.000758714125 -0.001138071187)
(0.016 0.001138071187 -0.001138071187)
(0.016 -0.001069035594 -0.001069035594)
(0.016 -0.0007126903958 -0.001069035594)
(0.016 -0.0003563451979 -0.001069035594)
(0.016 0 -0.001069035594)
(0.016 0.0003563451979 -0.001069035594)
(0.016 0.0007126903958 -0.001069035594)
(0.016 0.001069035594 -0.001069035594)
(0.016 -0.001 -0.001)
(0.016 -0.0006666666667 -0.001)
(0.016 -0.0003333333333 -0.001)
(0.016 0 -0.001)
(0.016 0.0003333333333 -0.001)
(0.016 0.0006666666667 -0.001)
(0.016 0.001 -0.001)
(0.0165 -0.001414213562 -0.001414213562)
(0.0165 -0.0009428090416 -0.001414213562)
(0.0165 -0.0004714045208 -0.001414213562)
(0.0165 0 -0.001414213562)
(0.0165 0.0004714045208 -0.001414213562)
(0.0165 0.0009428090416 -0.001414213562)
(0.0165 0.001414213562 -0.001414213562)
(0.0165 -0.001345177969 -0.001345177969)
(0.0165 -0.0008967853124 -0.001345177969)
(0.0165 -0.0004483926562 -0.001345177969)
(0.0165 0 -0.001345177969)
(0.0165 0.0004483926562 -0.001345177969)
(0.0165 0.0008967853124 -0.001345177969)
(0.0165 0.001345177969 -0.001345177969)
(0.0165 -0.001276142375 -0.001276142375)
(0.0165 -0.0008507615833 -0.001276142375)
(0.0165 -0.0004253807916 -0.001276142375)
(0.0165 0 -0.001276142375)
(0.0165 0.0004253807916 -0.001276142375)
(0.0165 0.0008507615833 -0.001276142375)
(0.0165 0.001276142375 -0.001276142375)
(0.0165 -0.001207106781 -0.001207106781)
(0.0165 -0.0008047378541 -0.001207106781)
(0.0165 -0.0004023689271 -0.001207106781)
(0.0165 0 -0.001207106781)
(0.0165 0.0004023689271 -0.001207106781)
(0.0165 0.0008047378541 -0.001207106781)
(0.0165 0.001207106781 -0.001207106781)
(0.0165 -0.001138071187 -0.001138071187)
(0.0165 -0.000758714125 -0.001138071187)
(0.0165 -0.0003793570625 -0.001138071187)
(0.0165 0 -0.001138071187)
(0.0165 0.0003793570625 -0.001138071187)
(0.0165 0.000758714125 -0.001138071187)
(0.0165 0.001138071187 -0.001138071187)
(0.0165 -0.001069035594 -0.001069035594)
(0.0165 -0.0007126903958 -0.001069035594)
(0.0165 -0.0003563451979 -0.001069035594)
(0.0165 0 -0.001069035594)
(0.0165 0.0003563451979 -0.001069035594)
(0.0165 0.0007126903958 -0.001069035594)
(0.0165 0.001069035594 -0.001069035594)
(0.0165 -0.001 -0.001)
(0.0165 -0.0006666666667 -0.001)
(0.0165 -0.0003333333333 -0.001)
(0.0165 0 -0.001)
(0.0165 0.0003333333333 -0.001)
(0.0165 0.0006666666667 -0.001)
(0.0165 0.001 -0.001)
(0.017 -0.001414213562 -0.001414213562)
(0.017 -0.0009428090416 -0.001414213562)
(0.017 -0.0004714045208 -0.001414213562)
(0.017 0 -0.001414213562)
(0.017 0.0004714045208 -0.001414213562)
(0.017 0.0009428090416 -0.001414213562)
(0.017 0.001414213562 -0.001414213562)
(0.017 -0.001345177969 -0.001345177969)
(0.017 -0.0008967853124 -0.001345177969)
(0.017 -0.0004483926562 -0.001345177969)
(0.017 0 -0.001345177969)
(0.017 0.0004483926562 -0.001345177969)
(0.017 0.0008967853124 -0.001345177969)
(0.017 0.001345177969 -0.001345177969)
(0.017 -0.001276142375 -0.001276142375)
(0.017 -0.0008507615833 -0.001276142375)
(0.017 -0.0004253807916 -0.001276142375)
(0.017 0 -0.001276142375)
(0.017 0.0004253807916 -0.001276142375)
(0.017 0.0008507615833 -0.001276142375)
(0.017 0.001276142375 -0.001276142375)
(0.017 -0.001207106781 -0.001207106781)
(0.017 -0.0008047378541 -0.001207106781)
(0.017 -0.0004023689271 -0.001207106781)
(0.017 0 -0.001207106781)
(0.017 0.0004023689271 -0.001207106781)
(0.017 0.0008047378541 -0.001207106781)
(0.017 0.001207106781 -0.001207106781)
(0.017 -0.001138071187 -0.001138071187)
(0.017 -0.000758714125 -0.001138071187)
(0.017 -0.0003793570625 -0.001138071187)
(0.017 0 -0.001138071187)
(0.017 0.0003793570625 -0.001138071187)
(0.017 0.000758714125 -0.001138071187)
(0.017 0.001138071187 -0.001138071187)
(0.017 -0.001069035594 -0.001069035594)
(0.017 -0.0007126903958 -0.001069035594)
(0.017 -0.0003563451979 -0.001069035594)
(0.017 0 -0.001069035594)
(0.017 0.0003563451979 -0.001069035594)
(0.017 0.0007126903958 -0.001069035594)
(0.017 0.001069035594 -0.001069035594)
(0.017 -0.001 -0.001)
(0.017 -0.0006666666667 -0.001)
(0.017 -0.0003333333333 -0.001)
(0.017 0 -0.001)
(0.017 0.0003333333333 -0.001)
(0.017 0.0006666666667 -0.001)
(0.017 0.001 -0.001)
(0.0175 -0.001414213562 -0.001414213562)
(0.0175 -0.0009428090416 -0.001414213562)
(0.0175 -0.0004714045208 -0.001414213562)
(0.0175 0 -0.001414213562)
(0.0175 0.0004714045208 -0.001414213562)
(0.0175 0.0009428090416 -0.001414213562)
(0.0175 0.001414213562 -0.001414213562)
(0.0175 -0.001345177969 -0.001345177969)
(0.0175 -0.0008967853124 -0.001345177969)
(0.0175 -0.0004483926562 -0.001345177969)
(0.0175 0 -0.001345177969)
(0.0175 0.0004483926562 -0.001345177969)
(0.0175 0.0008967853124 -0.001345177969)
(0.0175 0.001345177969 -0.001345177969)
(0.0175 -0.001276142375 -0.001276142375)
(0.0175 -0.0008507615833 -0.001276142375)
(0.0175 -0.0004253807916 -0.001276142375)
(0.0175 0 -0.001276142375)
(0.0175 0.0004253807916 -0.001276142375)
(0.0175 0.0008507615833 -0.001276142375)
(0.0175 0.001276142375 -0.001276142375)
(0.0175 -0.001207106781 -0.001207106781)
(0.0175 -0.0008047378541 -0.001207106781)
(0.0175 -0.0004023689271 -0.001207106781)
(0.0175 0 -0.001207106781)
(0.0175 0.0004023689271 -0.001207106781)
(0.0175 0.0008047378541 -0.001207106781)
(0.0175 0.001207106781 -0.001207106781)
(0.0175 -0.001138071187 -0.001138071187)
(0.0175 -0.000758714125 -0.001138071187)
(0.0175 -0.0003793570625 -0.001138071187)
(0.0175 0 -0.001138071187)
(0.0175 0.0003793570625 -0.001138071187)
(0.0175 0.000758714125 -0.001138071187)
(0.0175 0.001138071187 -0.001138071187)
(0.0175 -0.001069035594 -0.001069035594)
(0.0175 -0.0007126903958 -0.001069035594)
(0.0175 -0.0003563451979 -0.001069035594)
(0.0175 0 -0.001069035594)
(0.0175 0.0003563451979 -0.001069035594)
(0.0175 0.0007126903958 -0.001069035594)
(0.0175 0.001069035594 -0.001069035594)
(0.0175 -0.001 -0.001)
(0.0175 -0.0006666666667 -0.001)
(0.0175 -0.0003333333333 -0.001)
(0.0175 0 -0.001)
(0.0175 0.0003333333333 -0.001)
(0.0175 0.0006666666667 -0.001)
(0.0175 0.001 -0.001)
(0.018 -0.001414213562 -0.001414213562)
(0.018 -0.0009428090416 -0.001414213562)
(0.018 -0.0004714045208 -0.001414213562)
(0.018 0 -0.001414213562)
(0.018 0.0004714045208 -0.001414213562)
(0.018 0.0009428090416 -0.001414213562)
(0.018 0.001414213562 -0.001414213562)
(0.018 -0.001345177969 -0.001345177969)
(0.018 -0.0008967853124 -0.001345177969)
(0.018 -0.0004483926562 -0.001345177969)
(0.018 0 -0.001345177969)
(0.018 0.0004483926562 -0.001345177969)
(0.018 0.0008967853124 -0.001345177969)
(0.018 0.001345177969 -0.001345177969)
(0.018 -0.001276142375 -0.001276142375)
(0.018 -0.0008507615833 -0.001276142375)
(0.018 -0.0004253807916 -0.001276142375)
(0.018 0 -0.001276142375)
(0.018 0.0004253807916 -0.001276142375)
(0.018 0.0008507615833 -0.001276142375)
(0.018 0.001276142375 -0.001276142375)
(0.018 -0.001207106781 -0.001207106781)
(0.018 -0.0008047378541 -0.001207106781)
(0.018 -0.0004023689271 -0.001207106781)
(0.018 0 -0.001207106781)
(0.018 0.0004023689271 -0.001207106781)
(0.018 0.0008047378541 -0.001207106781)
(0.018 0.001207106781 -0.001207106781)
(0.018 -0.001138071187 -0.001138071187)
(0.018 -0.000758714125 -0.001138071187)
(0.018 -0.0003793570625 -0.001138071187)
(0.018 0 -0.001138071187)
(0.018 0.0003793570625 -0.001138071187)
(0.018 0.000758714125 -0.001138071187)
(0.018 0.001138071187 -0.001138071187)
(0.018 -0.001069035594 -0.001069035594)
(0.018 -0.0007126903958 -0.001069035594)
(0.018 -0.0003563451979 -0.001069035594)
(0.018 0 -0.001069035594)
(0.018 0.0003563451979 -0.001069035594)
(0.018 0.0007126903958 -0.001069035594)
(0.018 0.001069035594 -0.001069035594)
(0.018 -0.001 -0.001)
(0.018 -0.0006666666667 -0.001)
(0.018 -0.0003333333333 -0.001)
(0.018 0 -0.001)
(0.018 0.0003333333333 -0.001)
(0.018 0.0006666666667 -0.001)
(0.018 0.001 -0.001)
(0.0185 -0.001414213562 -0.001414213562)
(0.0185 -0.0009428090416 -0.001414213562)
(0.0185 -0.0004714045208 -0.001414213562)
(0.0185 0 -0.001414213562)
(0.0185 0.0004714045208 -0.001414213562)
(0.0185 0.0009428090416 -0.001414213562)
(0.0185 0.001414213562 -0.001414213562)
(0.0185 -0.001345177969 -0.001345177969)
(0.0185 -0.0008967853124 -0.001345177969)
(0.0185 -0.0004483926562 -0.001345177969)
(0.0185 0 -0.001345177969)
(0.0185 0.0004483926562 -0.001345177969)
(0.0185 0.0008967853124 -0.001345177969)
(0.0185 0.001345177969 -0.001345177969)
(0.0185 -0.001276142375 -0.001276142375)
(0.0185 -0.0008507615833 -0.001276142375)
(0.0185 -0.0004253807916 -0.001276142375)
(0.0185 0 -0.001276142375)
(0.0185 0.0004253807916 -0.001276142375)
(0.0185 0.0008507615833 -0.001276142375)
(0.0185 0.001276142375 -0.001276142375)
(0.0185 -0.001207106781 -0.001207106781)
(0.0185 -0.0008047378541 -0.001207106781)
(0.0185 -0.0004023689271 -0.001207106781)
(0.0185 0 -0.001207106781)
(0.0185 0.0004023689271 -0.001207106781)
(0.0185 0.0008047378541 -0.001207106781)
(0.0185 0.001207106781 -0.001207106781)
(0.0185 -0.001138071187 -0.001138071187)
(0.0185 -0.000758714125 -0.001138071187)
(0.0185 -0.0003793570625 -0.001138071187)
(0.0185 0 -0.001138071187)
(0.0185 0.0003793570625 -0.001138071187)
(0.0185 0.000758714125 -0.001138071187)
(0.0185 0.001138071187 -0.001138071187)
(0.0185 -0.001069035594 -0.001069035594)
(0.0185 -0.0007126903958 -0.001069035594)
(0.0185 -0.0003563451979 -0.001069035594)
(0.0185 0 -0.001069035594)
(0.0185 0.0003563451979 -0.001069035594)
(0.0185 0.0007126903958 -0.001069035594)
(0.0185 0.001069035594 -0.001069035594)
(0.0185 -0.001 -0.001)
(0.0185 -0.0006666666667 -0.001)
(0.0185 -0.0003333333333 -0.001)
(0.0185 0 -0.001)
(0.0185 0.0003333333333 -0.001)
(0.0185 0.0006666666667 -0.001)
(0.0185 0.001 -0.001)
(0.019 -0.001414213562 -0.001414213562)
(0.019 -0.0009428090416 -0.001414213562)
(0.019 -0.0004714045208 -0.001414213562)
(0.019 0 -0.001414213562)
(0.019 0.0004714045208 -0.001414213562)
(0.019 0.0009428090416 -0.001414213562)
(0.019 0.001414213562 -0.001414213562)
(0.019 -0.001345177969 -0.001345177969)
(0.019 -0.0008967853124 -0.001345177969)
(0.019 -0.0004483926562 -0.001345177969)
(0.019 0 -0.001345177969)
(0.019 0.0004483926562 -0.001345177969)
(0.019 0.0008967853124 -0.001345177969)
(0.019 0.001345177969 -0.001345177969)
(0.019 -0.001276142375 -0.001276142375)
(0.019 -0.0008507615833 -0.001276142375)
(0.019 -0.0004253807916 -0.001276142375)
(0.019 0 -0.001276142375)
(0.019 0.0004253807916 -0.001276142375)
(0.019 0.0008507615833 -0.001276142375)
(0.019 0.001276142375 -0.001276142375)
(0.019 -0.001207106781 -0.001207106781)
(0.019 -0.0008047378541 -0.001207106781)
(0.019 -0.0004023689271 -0.001207106781)
(0.019 0 -0.001207106781)
(0.019 0.0004023689271 -0.001207106781)
(0.019 0.0008047378541 -0.001207106781)
(0.019 0.001207106781 -0.001207106781)
(0.019 -0.001138071187 -0.001138071187)
(0.019 -0.000758714125 -0.001138071187)
(0.019 -0.0003793570625 -0.001138071187)
(0.019 0 -0.001138071187)
(0.019 0.0003793570625 -0.001138071187)
(0.019 0.000758714125 -0.001138071187)
(0.019 0.001138071187 -0.001138071187)
(0.019 -0.001069035594 -0.001069035594)
(0.019 -0.0007126903958 -0.001069035594)
(0.019 -0.0003563451979 -0.001069035594)
(0.019 0 -0.001069035594)
(0.019 0.0003563451979 -0.001069035594)
(0.019 0.0007126903958 -0.001069035594)
(0.019 0.001069035594 -0.001069035594)
(0.019 -0.001 -0.001)
(0.019 -0.0006666666667 -0.001)
(0.019 -0.0003333333333 -0.001)
(0.019 0 -0.001)
(0.019 0.0003333333333 -0.001)
(0.019 0.0006666666667 -0.001)
(0.019 0.001 -0.001)
(0.0195 -0.001414213562 -0.001414213562)
(0.0195 -0.0009428090416 -0.001414213562)
(0.0195 -0.0004714045208 -0.001414213562)
(0.0195 0 -0.001414213562)
(0.0195 0.0004714045208 -0.001414213562)
(0.0195 0.0009428090416 -0.001414213562)
(0.0195 0.001414213562 -0.001414213562)
(0.0195 -0.001345177969 -0.001345177969)
(0.0195 -0.0008967853124 -0.001345177969)
(0.0195 -0.0004483926562 -0.001345177969)
(0.0195 0 -0.001345177969)
(0.0195 0.0004483926562 -0.001345177969)
(0.0195 0.0008967853124 -0.001345177969)
(0.0195 0.001345177969 -0.001345177969)
(0.0195 -0.001276142375 -0.001276142375)
(0.0195 -0.0008507615833 -0.001276142375)
(0.0195 -0.0004253807916 -0.001276142375)
(0.0195 0 -0.001276142375)
(0.0195 0.0004253807916 -0.001276142375)
(0.0195 0.0008507615833 -0.001276142375)
(0.0195 0.001276142375 -0.001276142375)
(0.0195 -0.001207106781 -0.001207106781)
(0.0195 -0.0008047378541 -0.001207106781)
(0.0195 -0.0004023689271 -0.001207106781)
(0.0195 0 -0.001207106781)
(0.0195 0.0004023689271 -0.001207106781)
(0.0195 0.0008047378541 -0.001207106781)
(0.0195 0.001207106781 -0.001207106781)
(0.0195 -0.001138071187 -0.001138071187)
(0.0195 -0.000758714125 -0.001138071187)
(0.0195 -0.0003793570625 -0.001138071187)
(0.0195 0 -0.001138071187)
(0.0195 0.0003793570625 -0.001138071187)
(0.0195 0.000758714125 -0.001138071187)
(0.0195 0.001138071187 -0.001138071187)
(0.0195 -0.001069035594 -0.001069035594)
(0.0195 -0.0007126903958 -0.001069035594)
(0.0195 -0.0003563451979 -0.001069035594)
(0.0195 0 -0.001069035594)
(0.0195 0.0003563451979 -0.001069035594)
(0.0195 0.0007126903958 -0.001069035594)
(0.0195 0.001069035594 -0.001069035594)
(0.0195 -0.001 -0.001)
(0.0195 -0.0006666666667 -0.001)
(0.0195 -0.0003333333333 -0.001)
(0.0195 0 -0.001)
(0.0195 0.0003333333333 -0.001)
(0.0195 0.0006666666667 -0.001)
(0.0195 0.001 -0.001)
(0.02 -0.001414213562 -0.001414213562)
(0.02 -0.0009428090416 -0.001414213562)
(0.02 -0.0004714045208 -0.001414213562)
(0.02 0 -0.001414213562)
(0.02 0.0004714045208 -0.001414213562)
(0.02 0.0009428090416 -0.001414213562)
(0.02 0.001414213562 -0.001414213562)
(0.02 -0.001345177969 -0.001345177969)
(0.02 -0.0008967853124 -0.001345177969)
(0.02 -0.0004483926562 -0.001345177969)
(0.02 0 -0.001345177969)
(0.02 0.0004483926562 -0.001345177969)
(0.02 0.0008967853124 -0.001345177969)
(0.02 0.001345177969 -0.001345177969)
(0.02 -0.001276142375 -0.001276142375)
(0.02 -0.0008507615833 -0.001276142375)
(0.02 -0.0004253807916 -0.001276142375)
(0.02 0 -0.001276142375)
(0.02 0.0004253807916 -0.001276142375)
(0.02 0.0008507615833 -0.001276142375)
(0.02 0.001276142375 -0.001276142375)
(0.02 -0.001207106781 -0.001207106781)
(0.02 -0.0008047378541 -0.001207106781)
(0.02 -0.0004023689271 -0.001207106781)
(0.02 0 -0.001207106781)
(0.02 0.0004023689271 -0.001207106781)
(0.02 0.0008047378541 -0.001207106781)
(0.02 0.001207106781 -0.001207106781)
(0.02 -0.001138071187 -0.001138071187)
(0.02 -0.000758714125 -0.001138071187)
(0.02 -0.0003793570625 -0.001138071187)
(0.02 0 -0.001138071187)
(0.02 0.0003793570625 -0.001138071187)
(0.02 0.000758714125 -0.001138071187)
(0.02 0.001138071187 -0.001138071187)
(0.02 -0.001069035594 -0.001069035594)
(0.02 -0.0007126903958 -0.001069035594)
(0.02 -0.0003563451979 -0.001069035594)
(0.02 0 -0.001069035594)
(0.02 0.0003563451979 -0.001069035594)
(0.02 0.0007126903958 -0.001069035594)
(0.02 0.001069035594 -0.001069035594)
(0.02 -0.001 -0.001)
(0.02 -0.0006666666667 -0.001)
(0.02 -0.0003333333333 -0.001)
(0.02 0 -0.001)
(0.02 0.0003333333333 -0.001)
(0.02 0.0006666666667 -0.001)
(0.02 0.001 -0.001)
(0.0205 -0.001414213562 -0.001414213562)
(0.0205 -0.0009428090416 -0.001414213562)
(0.0205 -0.0004714045208 -0.001414213562)
(0.0205 0 -0.001414213562)
(0.0205 0.0004714045208 -0.001414213562)
(0.0205 0.0009428090416 -0.001414213562)
(0.0205 0.001414213562 -0.001414213562)
(0.0205 -0.001345177969 -0.001345177969)
(0.0205 -0.0008967853124 -0.001345177969)
(0.0205 -0.0004483926562 -0.001345177969)
(0.0205 0 -0.001345177969)
(0.0205 0.0004483926562 -0.001345177969)
(0.0205 0.0008967853124 -0.001345177969)
(0.0205 0.001345177969 -0.001345177969)
(0.0205 -0.001276142375 -0.001276142375)
(0.0205 -0.0008507615833 -0.001276142375)
(0.0205 -0.0004253807916 -0.001276142375)
(0.0205 0 -0.001276142375)
(0.0205 0.0004253807916 -0.001276142375)
(0.0205 0.0008507615833 -0.001276142375)
(0.0205 0.001276142375 -0.001276142375)
(0.0205 -0.001207106781 -0.001207106781)
(0.0205 -0.0008047378541 -0.001207106781)
(0.0205 -0.0004023689271 -0.001207106781)
(0.0205 0 -0.001207106781)
(0.0205 0.0004023689271 -0.001207106781)
(0.0205 0.0008047378541 -0.001207106781)
(0.0205 0.001207106781 -0.001207106781)
(0.0205 -0.001138071187 -0.001138071187)
(0.0205 -0.000758714125 -0.001138071187)
(0.0205 -0.0003793570625 -0.001138071187)
(0.0205 0 -0.001138071187)
(0.0205 0.0003793570625 -0.001138071187)
(0.0205 0.000758714125 -0.001138071187)
(0.0205 0.001138071187 -0.001138071187)
(0.0205 -0.001069035594 -0.001069035594)
(0.0205 -0.0007126903958 -0.001069035594)
(0.0205 -0.0003563451979 -0.001069035594)
(0.0205 0 -0.001069035594)
(0.0205 0.0003563451979 -0.001069035594)
(0.0205 0.0007126903958 -0.001069035594)
(0.0205 0.001069035594 -0.001069035594)
(0.0205 -0.001 -0.001)
(0.0205 -0.0006666666667 -0.001)
(0.0205 -0.0003333333333 -0.001)
(0.0205 0 -0.001)
(0.0205 0.0003333333333 -0.001)
(0.0205 0.0006666666667 -0.001)
(0.0205 0.001 -0.001)
(0.021 -0.001414213562 -0.001414213562)
(0.021 -0.0009428090416 -0.001414213562)
(0.021 -0.0004714045208 -0.001414213562)
(0.021 0 -0.001414213562)
(0.021 0.0004714045208 -0.001414213562)
(0.021 0.0009428090416 -0.001414213562)
(0.021 0.001414213562 -0.001414213562)
(0.021 -0.001345177969 -0.001345177969)
(0.021 -0.0008967853124 -0.001345177969)
(0.021 -0.0004483926562 -0.001345177969)
(0.021 0 -0.001345177969)
(0.021 0.0004483926562 -0.001345177969)
(0.021 0.0008967853124 -0.001345177969)
(0.021 0.001345177969 -0.001345177969)
(0.021 -0.001276142375 -0.001276142375)
(0.021 -0.0008507615833 -0.001276142375)
(0.021 -0.0004253807916 -0.001276142375)
(0.021 0 -0.001276142375)
(0.021 0.0004253807916 -0.001276142375)
(0.021 0.0008507615833 -0.001276142375)
(0.021 0.001276142375 -0.001276142375)
(0.021 -0.001207106781 -0.001207106781)
(0.021 -0.0008047378541 -0.001207106781)
(0.021 -0.0004023689271 -0.001207106781)
(0.021 0 -0.001207106781)
(0.021 0.0004023689271 -0.001207106781)
(0.021 0.0008047378541 -0.001207106781)
(0.021 0.001207106781 -0.001207106781)
(0.021 -0.001138071187 -0.001138071187)
(0.021 -0.000758714125 -0.001138071187)
(0.021 -0.0003793570625 -0.001138071187)
(0.021 0 -0.001138071187)
(0.021 0.0003793570625 -0.001138071187)
(0.021 0.000758714125 -0.001138071187)
(0.021 0.001138071187 -0.001138071187)
(0.021 -0.001069035594 -0.001069035594)
(0.021 -0.0007126903958 -0.001069035594)
(0.021 -0.0003563451979 -0.001069035594)
(0.021 0 -0.001069035594)
(0.021 0.0003563451979 -0.001069035594)
(0.021 0.0007126903958 -0.001069035594)
(0.021 0.001069035594 -0.001069035594)
(0.021 -0.001 -0.001)
(0.021 -0.0006666666667 -0.001)
(0.021 -0.0003333333333 -0.001)
(0.021 0 -0.001)
(0.021 0.0003333333333 -0.001)
(0.021 0.0006666666667 -0.001)
(0.021 0.001 -0.001)
(0.0215 -0.001414213562 -0.001414213562)
(0.0215 -0.0009428090416 -0.001414213562)
(0.0215 -0.0004714045208 -0.001414213562)
(0.0215 0 -0.001414213562)
(0.0215 0.0004714045208 -0.001414213562)
(0.0215 0.0009428090416 -0.001414213562)
(0.0215 0.001414213562 -0.001414213562)
(0.0215 -0.001345177969 -0.001345177969)
(0.0215 -0.0008967853124 -0.001345177969)
(0.0215 -0.0004483926562 -0.001345177969)
(0.0215 0 -0.001345177969)
(0.0215 0.0004483926562 -0.001345177969)
(0.0215 0.0008967853124 -0.001345177969)
(0.0215 0.001345177969 -0.001345177969)
(0.0215 -0.001276142375 -0.001276142375)
(0.0215 -0.0008507615833 -0.001276142375)
(0.0215 -0.0004253807916 -0.001276142375)
(0.0215 0 -0.001276142375)
(0.0215 0.0004253807916 -0.001276142375)
(0.0215 0.0008507615833 -0.001276142375)
(0.0215 0.001276142375 -0.001276142375)
(0.0215 -0.001207106781 -0.001207106781)
(0.0215 -0.0008047378541 -0.001207106781)
(0.0215 -0.0004023689271 -0.001207106781)
(0.0215 0 -0.001207106781)
(0.0215 0.0004023689271 -0.001207106781)
(0.0215 0.0008047378541 -0.001207106781)
(0.0215 0.001207106781 -0.001207106781)
(0.0215 -0.001138071187 -0.001138071187)
(0.0215 -0.000758714125 -0.001138071187)
(0.0215 -0.0003793570625 -0.001138071187)
(0.0215 0 -0.001138071187)
(0.0215 0.0003793570625 -0.001138071187)
(0.0215 0.000758714125 -0.001138071187)
(0.0215 0.001138071187 -0.001138071187)
(0.0215 -0.001069035594 -0.001069035594)
(0.0215 -0.0007126903958 -0.001069035594)
(0.0215 -0.0003563451979 -0.001069035594)
(0.0215 0 -0.001069035594)
(0.0215 0.0003563451979 -0.001069035594)
(0.0215 0.0007126903958 -0.001069035594)
(0.0215 0.001069035594 -0.001069035594)
(0.0215 -0.001 -0.001)
(0.0215 -0.0006666666667 -0.001)
(0.0215 -0.0003333333333 -0.001)
(0.0215 0 -0.001)
(0.0215 0.0003333333333 -0.001)
(0.0215 0.0006666666667 -0.001)
(0.0215 0.001 -0.001)
(0.022 -0.001414213562 -0.001414213562)
(0.022 -0.0009428090416 -0.001414213562)
(0.022 -0.0004714045208 -0.001414213562)
(0.022 0 -0.001414213562)
(0.022 0.0004714045208 -0.001414213562)
(0.022 0.0009428090416 -0.001414213562)
(0.022 0.001414213562 -0.001414213562)
(0.022 -0.001345177969 -0.001345177969)
(0.022 -0.0008967853124 -0.001345177969)
(0.022 -0.0004483926562 -0.001345177969)
(0.022 0 -0.001345177969)
(0.022 0.0004483926562 -0.001345177969)
(0.022 0.0008967853124 -0.001345177969)
(0.022 0.001345177969 -0.001345177969)
(0.022 -0.001276142375 -0.001276142375)
(0.022 -0.0008507615833 -0.001276142375)
(0.022 -0.0004253807916 -0.001276142375)
(0.022 0 -0.001276142375)
(0.022 0.0004253807916 -0.001276142375)
(0.022 0.0008507615833 -0.001276142375)
(0.022 0.001276142375 -0.001276142375)
(0.022 -0.001207106781 -0.001207106781)
(0.022 -0.0008047378541 -0.001207106781)
(0.022 -0.0004023689271 -0.001207106781)
(0.022 0 -0.001207106781)
(0.022 0.0004023689271 -0.001207106781)
(0.022 0.0008047378541 -0.001207106781)
(0.022 0.001207106781 -0.001207106781)
(0.022 -0.001138071187 -0.001138071187)
(0.022 -0.000758714125 -0.001138071187)
(0.022 -0.0003793570625 -0.001138071187)
(0.022 0 -0.001138071187)
(0.022 0.0003793570625 -0.001138071187)
(0.022 0.000758714125 -0.001138071187)
(0.022 0.001138071187 -0.001138071187)
(0.022 -0.001069035594 -0.001069035594)
(0.022 -0.0007126903958 -0.001069035594)
(0.022 -0.0003563451979 -0.001069035594)
(0.022 0 -0.001069035594)
(0.022 0.0003563451979 -0.001069035594)
(0.022 0.0007126903958 -0.001069035594)
(0.022 0.001069035594 -0.001069035594)
(0.022 -0.001 -0.001)
(0.022 -0.0006666666667 -0.001)
(0.022 -0.0003333333333 -0.001)
(0.022 0 -0.001)
(0.022 0.0003333333333 -0.001)
(0.022 0.0006666666667 -0.001)
(0.022 0.001 -0.001)
(0.0225 -0.001414213562 -0.001414213562)
(0.0225 -0.0009428090416 -0.001414213562)
(0.0225 -0.0004714045208 -0.001414213562)
(0.0225 0 -0.001414213562)
(0.0225 0.0004714045208 -0.001414213562)
(0.0225 0.0009428090416 -0.001414213562)
(0.0225 0.001414213562 -0.001414213562)
(0.0225 -0.001345177969 -0.001345177969)
(0.0225 -0.0008967853124 -0.001345177969)
(0.0225 -0.0004483926562 -0.001345177969)
(0.0225 0 -0.001345177969)
(0.0225 0.0004483926562 -0.001345177969)
(0.0225 0.0008967853124 -0.001345177969)
(0.0225 0.001345177969 -0.001345177969)
(0.0225 -0.001276142375 -0.001276142375)
(0.0225 -0.0008507615833 -0.001276142375)
(0.0225 -0.0004253807916 -0.001276142375)
(0.0225 0 -0.001276142375)
(0.0225 0.0004253807916 -0.001276142375)
(0.0225 0.0008507615833 -0.001276142375)
(0.0225 0.001276142375 -0.001276142375)
(0.0225 -0.001207106781 -0.001207106781)
(0.0225 -0.0008047378541 -0.001207106781)
(0.0225 -0.0004023689271 -0.001207106781)
(0.0225 0 -0.001207106781)
(0.0225 0.0004023689271 -0.001207106781)
(0.0225 0.0008047378541 -0.001207106781)
(0.0225 0.001207106781 -0.001207106781)
(0.0225 -0.001138071187 -0.001138071187)
(0.0225 -0.000758714125 -0.001138071187)
(0.0225 -0.0003793570625 -0.001138071187)
(0.0225 0 -0.001138071187)
(0.0225 0.0003793570625 -0.001138071187)
(0.0225 0.000758714125 -0.001138071187)
(0.0225 0.001138071187 -0.001138071187)
(0.0225 -0.001069035594 -0.001069035594)
(0.0225 -0.0007126903958 -0.001069035594)
(0.0225 -0.0003563451979 -0.001069035594)
(0.0225 0 -0.001069035594)
(0.0225 0.0003563451979 -0.001069035594)
(0.0225 0.0007126903958 -0.001069035594)
(0.0225 0.001069035594 -0.001069035594)
(0.0225 -0.001 -0.001)
(0.0225 -0.0006666666667 -0.001)
(0.0225 -0.0003333333333 -0.001)
(0.0225 0 -0.001)
(0.0225 0.0003333333333 -0.001)
(0.0225 0.0006666666667 -0.001)
(0.0225 0.001 -0.001)
(0.023 -0.001414213562 -0.001414213562)
(0.023 -0.0009428090416 -0.001414213562)
(0.023 -0.0004714045208 -0.001414213562)
(0.023 0 -0.001414213562)
(0.023 0.0004714045208 -0.001414213562)
(0.023 0.0009428090416 -0.001414213562)
(0.023 0.001414213562 -0.001414213562)
(0.023 -0.001345177969 -0.001345177969)
(0.023 -0.0008967853124 -0.001345177969)
(0.023 -0.0004483926562 -0.001345177969)
(0.023 0 -0.001345177969)
(0.023 0.0004483926562 -0.001345177969)
(0.023 0.0008967853124 -0.001345177969)
(0.023 0.001345177969 -0.001345177969)
(0.023 -0.001276142375 -0.001276142375)
(0.023 -0.0008507615833 -0.001276142375)
(0.023 -0.0004253807916 -0.001276142375)
(0.023 0 -0.001276142375)
(0.023 0.0004253807916 -0.001276142375)
(0.023 0.0008507615833 -0.001276142375)
(0.023 0.001276142375 -0.001276142375)
(0.023 -0.001207106781 -0.001207106781)
(0.023 -0.0008047378541 -0.001207106781)
(0.023 -0.0004023689271 -0.001207106781)
(0.023 0 -0.001207106781)
(0.023 0.0004023689271 -0.001207106781)
(0.023 0.0008047378541 -0.001207106781)
(0.023 0.001207106781 -0.001207106781)
(0.023 -0.001138071187 -0.001138071187)
(0.023 -0.000758714125 -0.001138071187)
(0.023 -0.0003793570625 -0.001138071187)
(0.023 0 -0.001138071187)
(0.023 0.0003793570625 -0.001138071187)
(0.023 0.000758714125 -0.001138071187)
(0.023 0.001138071187 -0.001138071187)
(0.023 -0.001069035594 -0.001069035594)
(0.023 -0.0007126903958 -0.001069035594)
(0.023 -0.0003563451979 -0.001069035594)
(0.023 0 -0.001069035594)
(0.023 0.0003563451979 -0.001069035594)
(0.023 0.0007126903958 -0.001069035594)
(0.023 0.001069035594 -0.001069035594)
(0.023 -0.001 -0.001)
(0.023 -0.0006666666667 -0.001)
(0.023 -0.0003333333333 -0.001)
(0.023 0 -0.001)
(0.023 0.0003333333333 -0.001)
(0.023 0.0006666666667 -0.001)
(0.023 0.001 -0.001)
(0.0235 -0.001414213562 -0.001414213562)
(0.0235 -0.0009428090416 -0.001414213562)
(0.0235 -0.0004714045208 -0.001414213562)
(0.0235 0 -0.001414213562)
(0.0235 0.0004714045208 -0.001414213562)
(0.0235 0.0009428090416 -0.001414213562)
(0.0235 0.001414213562 -0.001414213562)
(0.0235 -0.001345177969 -0.001345177969)
(0.0235 -0.0008967853124 -0.001345177969)
(0.0235 -0.0004483926562 -0.001345177969)
(0.0235 0 -0.001345177969)
(0.0235 0.0004483926562 -0.001345177969)
(0.0235 0.0008967853124 -0.001345177969)
(0.0235 0.001345177969 -0.001345177969)
(0.0235 -0.001276142375 -0.001276142375)
(0.0235 -0.0008507615833 -0.001276142375)
(0.0235 -0.0004253807916 -0.001276142375)
(0.0235 0 -0.001276142375)
(0.0235 0.0004253807916 -0.001276142375)
(0.0235 0.0008507615833 -0.001276142375)
(0.0235 0.001276142375 -0.001276142375)
(0.0235 -0.001207106781 -0.001207106781)
(0.0235 -0.0008047378541 -0.001207106781)
(0.0235 -0.0004023689271 -0.001207106781)
(0.0235 0 -0.001207106781)
(0.0235 0.0004023689271 -0.001207106781)
(0.0235 0.0008047378541 -0.001207106781)
(0.0235 0.001207106781 -0.001207106781)
(0.0235 -0.001138071187 -0.001138071187)
(0.0235 -0.000758714125 -0.001138071187)
(0.0235 -0.0003793570625 -0.001138071187)
(0.0235 0 -0.001138071187)
(0.0235 0.0003793570625 -0.001138071187)
(0.0235 0.000758714125 -0.001138071187)
(0.0235 0.001138071187 -0.001138071187)
(0.0235 -0.001069035594 -0.001069035594)
(0.0235 -0.0007126903958 -0.001069035594)
(0.0235 -0.0003563451979 -0.001069035594)
(0.0235 0 -0.001069035594)
(0.0235 0.0003563451979 -0.001069035594)
(0.0235 0.0007126903958 -0.001069035594)
(0.0235 0.001069035594 -0.001069035594)
(0.0235 -0.001 -0.001)
(0.0235 -0.0006666666667 -0.001)
(0.0235 -0.0003333333333 -0.001)
(0.0235 0 -0.001)
(0.0235 0.0003333333333 -0.001)
(0.0235 0.0006666666667 -0.001)
(0.0235 0.001 -0.001)
(0.024 -0.001414213562 -0.001414213562)
(0.024 -0.0009428090416 -0.001414213562)
(0.024 -0.0004714045208 -0.001414213562)
(0.024 0 -0.001414213562)
(0.024 0.0004714045208 -0.001414213562)
(0.024 0.0009428090416 -0.001414213562)
(0.024 0.001414213562 -0.001414213562)
(0.024 -0.001345177969 -0.001345177969)
(0.024 -0.0008967853124 -0.001345177969)
(0.024 -0.0004483926562 -0.001345177969)
(0.024 0 -0.001345177969)
(0.024 0.0004483926562 -0.001345177969)
(0.024 0.0008967853124 -0.001345177969)
(0.024 0.001345177969 -0.001345177969)
(0.024 -0.001276142375 -0.001276142375)
(0.024 -0.0008507615833 -0.001276142375)
(0.024 -0.0004253807916 -0.001276142375)
(0.024 0 -0.001276142375)
(0.024 0.0004253807916 -0.001276142375)
(0.024 0.0008507615833 -0.001276142375)
(0.024 0.001276142375 -0.001276142375)
(0.024 -0.001207106781 -0.001207106781)
(0.024 -0.0008047378541 -0.001207106781)
(0.024 -0.0004023689271 -0.001207106781)
(0.024 0 -0.001207106781)
(0.024 0.0004023689271 -0.001207106781)
(0.024 0.0008047378541 -0.001207106781)
(0.024 0.001207106781 -0.001207106781)
(0.024 -0.001138071187 -0.001138071187)
(0.024 -0.000758714125 -0.001138071187)
(0.024 -0.0003793570625 -0.001138071187)
(0.024 0 -0.001138071187)
(0.024 0.0003793570625 -0.001138071187)
(0.024 0.000758714125 -0.001138071187)
(0.024 0.001138071187 -0.001138071187)
(0.024 -0.001069035594 -0.001069035594)
(0.024 -0.0007126903958 -0.001069035594)
(0.024 -0.0003563451979 -0.001069035594)
(0.024 0 -0.001069035594)
(0.024 0.0003563451979 -0.001069035594)
(0.024 0.0007126903958 -0.001069035594)
(0.024 0.001069035594 -0.001069035594)
(0.024 -0.001 -0.001)
(0.024 -0.0006666666667 -0.001)
(0.024 -0.0003333333333 -0.001)
(0.024 0 -0.001)
(0.024 0.0003333333333 -0.001)
(0.024 0.0006666666667 -0.001)
(0.024 0.001 -0.001)
(0.0245 -0.001414213562 -0.001414213562)
(0.0245 -0.0009428090416 -0.001414213562)
(0.0245 -0.0004714045208 -0.001414213562)
(0.0245 0 -0.001414213562)
(0.0245 0.0004714045208 -0.001414213562)
(0.0245 0.0009428090416 -0.001414213562)
(0.0245 0.001414213562 -0.001414213562)
(0.0245 -0.001345177969 -0.001345177969)
(0.0245 -0.0008967853124 -0.001345177969)
(0.0245 -0.0004483926562 -0.001345177969)
(0.0245 0 -0.001345177969)
(0.0245 0.0004483926562 -0.001345177969)
(0.0245 0.0008967853124 -0.001345177969)
(0.0245 0.001345177969 -0.001345177969)
(0.0245 -0.001276142375 -0.001276142375)
(0.0245 -0.0008507615833 -0.001276142375)
(0.0245 -0.0004253807916 -0.001276142375)
(0.0245 0 -0.001276142375)
(0.0245 0.0004253807916 -0.001276142375)
(0.0245 0.0008507615833 -0.001276142375)
(0.0245 0.001276142375 -0.001276142375)
(0.0245 -0.001207106781 -0.001207106781)
(0.0245 -0.0008047378541 -0.001207106781)
(0.0245 -0.0004023689271 -0.001207106781)
(0.0245 0 -0.001207106781)
(0.0245 0.0004023689271 -0.001207106781)
(0.0245 0.0008047378541 -0.001207106781)
(0.0245 0.001207106781 -0.001207106781)
(0.0245 -0.001138071187 -0.001138071187)
(0.0245 -0.000758714125 -0.001138071187)
(0.0245 -0.0003793570625 -0.001138071187)
(0.0245 0 -0.001138071187)
(0.0245 0.0003793570625 -0.001138071187)
(0.0245 0.000758714125 -0.001138071187)
(0.0245 0.001138071187 -0.001138071187)
(0.0245 -0.001069035594 -0.001069035594)
(0.0245 -0.0007126903958 -0.001069035594)
(0.0245 -0.0003563451979 -0.001069035594)
(0.0245 0 -0.001069035594)
(0.0245 0.0003563451979 -0.001069035594)
(0.0245 0.0007126903958 -0.001069035594)
(0.0245 0.001069035594 -0.001069035594)
(0.0245 -0.001 -0.001)
(0.0245 -0.0006666666667 -0.001)
(0.0245 -0.0003333333333 -0.001)
(0.0245 0 -0.001)
(0.0245 0.0003333333333 -0.001)
(0.0245 0.0006666666667 -0.001)
(0.0245 0.001 -0.001)
(0.025 -0.001414213562 -0.001414213562)
(0.025 -0.0009428090416 -0.001414213562)
(0.025 -0.0004714045208 -0.001414213562)
(0.025 0 -0.001414213562)
(0.025 0.0004714045208 -0.001414213562)
(0.025 0.0009428090416 -0.001414213562)
(0.025 0.001414213562 -0.001414213562)
(0.025 -0.001345177969 -0.001345177969)
(0.025 -0.0008967853124 -0.001345177969)
(0.025 -0.0004483926562 -0.001345177969)
(0.025 0 -0.001345177969)
(0.025 0.0004483926562 -0.001345177969)
(0.025 0.0008967853124 -0.001345177969)
(0.025 0.001345177969 -0.001345177969)
(0.025 -0.001276142375 -0.001276142375)
(0.025 -0.0008507615833 -0.001276142375)
(0.025 -0.0004253807916 -0.001276142375)
(0.025 0 -0.001276142375)
(0.025 0.0004253807916 -0.001276142375)
(0.025 0.0008507615833 -0.001276142375)
(0.025 0.001276142375 -0.001276142375)
(0.025 -0.001207106781 -0.001207106781)
(0.025 -0.0008047378541 -0.001207106781)
(0.025 -0.0004023689271 -0.001207106781)
(0.025 0 -0.001207106781)
(0.025 0.0004023689271 -0.001207106781)
(0.025 0.0008047378541 -0.001207106781)
(0.025 0.001207106781 -0.001207106781)
(0.025 -0.001138071187 -0.001138071187)
(0.025 -0.000758714125 -0.001138071187)
(0.025 -0.0003793570625 -0.001138071187)
(0.025 0 -0.001138071187)
(0.025 0.0003793570625 -0.001138071187)
(0.025 0.000758714125 -0.001138071187)
(0.025 0.001138071187 -0.001138071187)
(0.025 -0.001069035594 -0.001069035594)
(0.025 -0.0007126903958 -0.001069035594)
(0.025 -0.0003563451979 -0.001069035594)
(0.025 0 -0.001069035594)
(0.025 0.0003563451979 -0.001069035594)
(0.025 0.0007126903958 -0.001069035594)
(0.025 0.001069035594 -0.001069035594)
(0.025 -0.001 -0.001)
(0.025 -0.0006666666667 -0.001)
(0.025 -0.0003333333333 -0.001)
(0.025 0 -0.001)
(0.025 0.0003333333333 -0.001)
(0.025 0.0006666666667 -0.001)
(0.025 0.001 -0.001)
(0.0255 -0.001414213562 -0.001414213562)
(0.0255 -0.0009428090416 -0.001414213562)
(0.0255 -0.0004714045208 -0.001414213562)
(0.0255 0 -0.001414213562)
(0.0255 0.0004714045208 -0.001414213562)
(0.0255 0.0009428090416 -0.001414213562)
(0.0255 0.001414213562 -0.001414213562)
(0.0255 -0.001345177969 -0.001345177969)
(0.0255 -0.0008967853124 -0.001345177969)
(0.0255 -0.0004483926562 -0.001345177969)
(0.0255 0 -0.001345177969)
(0.0255 0.0004483926562 -0.001345177969)
(0.0255 0.0008967853124 -0.001345177969)
(0.0255 0.001345177969 -0.001345177969)
(0.0255 -0.001276142375 -0.001276142375)
(0.0255 -0.0008507615833 -0.001276142375)
(0.0255 -0.0004253807916 -0.001276142375)
(0.0255 0 -0.001276142375)
(0.0255 0.0004253807916 -0.001276142375)
(0.0255 0.0008507615833 -0.001276142375)
(0.0255 0.001276142375 -0.001276142375)
(0.0255 -0.001207106781 -0.001207106781)
(0.0255 -0.0008047378541 -0.001207106781)
(0.0255 -0.0004023689271 -0.001207106781)
(0.0255 0 -0.001207106781)
(0.0255 0.0004023689271 -0.001207106781)
(0.0255 0.0008047378541 -0.001207106781)
(0.0255 0.001207106781 -0.001207106781)
(0.0255 -0.001138071187 -0.001138071187)
(0.0255 -0.000758714125 -0.001138071187)
(0.0255 -0.0003793570625 -0.001138071187)
(0.0255 0 -0.001138071187)
(0.0255 0.0003793570625 -0.001138071187)
(0.0255 0.000758714125 -0.001138071187)
(0.0255 0.001138071187 -0.001138071187)
(0.0255 -0.001069035594 -0.001069035594)
(0.0255 -0.0007126903958 -0.001069035594)
(0.0255 -0.0003563451979 -0.001069035594)
(0.0255 0 -0.001069035594)
(0.0255 0.0003563451979 -0.001069035594)
(0.0255 0.0007126903958 -0.001069035594)
(0.0255 0.001069035594 -0.001069035594)
(0.0255 -0.001 -0.001)
(0.0255 -0.0006666666667 -0.001)
(0.0255 -0.0003333333333 -0.001)
(0.0255 0 -0.001)
(0.0255 0.0003333333333 -0.001)
(0.0255 0.0006666666667 -0.001)
(0.0255 0.001 -0.001)
(0.026 -0.001414213562 -0.001414213562)
(0.026 -0.0009428090416 -0.001414213562)
(0.026 -0.0004714045208 -0.001414213562)
(0.026 0 -0.001414213562)
(0.026 0.0004714045208 -0.001414213562)
(0.026 0.0009428090416 -0.001414213562)
(0.026 0.001414213562 -0.001414213562)
(0.026 -0.001345177969 -0.001345177969)
(0.026 -0.0008967853124 -0.001345177969)
(0.026 -0.0004483926562 -0.001345177969)
(0.026 0 -0.001345177969)
(0.026 0.0004483926562 -0.001345177969)
(0.026 0.0008967853124 -0.001345177969)
(0.026 0.001345177969 -0.001345177969)
(0.026 -0.001276142375 -0.001276142375)
(0.026 -0.0008507615833 -0.001276142375)
(0.026 -0.0004253807916 -0.001276142375)
(0.026 0 -0.001276142375)
(0.026 0.0004253807916 -0.001276142375)
(0.026 0.0008507615833 -0.001276142375)
(0.026 0.001276142375 -0.001276142375)
(0.026 -0.001207106781 -0.001207106781)
(0.026 -0.0008047378541 -0.001207106781)
(0.026 -0.0004023689271 -0.001207106781)
(0.026 0 -0.001207106781)
(0.026 0.0004023689271 -0.001207106781)
(0.026 0.0008047378541 -0.001207106781)
(0.026 0.001207106781 -0.001207106781)
(0.026 -0.001138071187 -0.001138071187)
(0.026 -0.000758714125 -0.001138071187)
(0.026 -0.0003793570625 -0.001138071187)
(0.026 0 -0.001138071187)
(0.026 0.0003793570625 -0.001138071187)
(0.026 0.000758714125 -0.001138071187)
(0.026 0.001138071187 -0.001138071187)
(0.026 -0.001069035594 -0.001069035594)
(0.026 -0.0007126903958 -0.001069035594)
(0.026 -0.0003563451979 -0.001069035594)
(0.026 0 -0.001069035594)
(0.026 0.0003563451979 -0.001069035594)
(0.026 0.0007126903958 -0.001069035594)
(0.026 0.001069035594 -0.001069035594)
(0.026 -0.001 -0.001)
(0.026 -0.0006666666667 -0.001)
(0.026 -0.0003333333333 -0.001)
(0.026 0 -0.001)
(0.026 0.0003333333333 -0.001)
(0.026 0.0006666666667 -0.001)
(0.026 0.001 -0.001)
(0.0265 -0.001414213562 -0.001414213562)
(0.0265 -0.0009428090416 -0.001414213562)
(0.0265 -0.0004714045208 -0.001414213562)
(0.0265 0 -0.001414213562)
(0.0265 0.0004714045208 -0.001414213562)
(0.0265 0.0009428090416 -0.001414213562)
(0.0265 0.001414213562 -0.001414213562)
(0.0265 -0.001345177969 -0.001345177969)
(0.0265 -0.0008967853124 -0.001345177969)
(0.0265 -0.0004483926562 -0.001345177969)
(0.0265 0 -0.001345177969)
(0.0265 0.0004483926562 -0.001345177969)
(0.0265 0.0008967853124 -0.001345177969)
(0.0265 0.001345177969 -0.001345177969)
(0.0265 -0.001276142375 -0.001276142375)
(0.0265 -0.0008507615833 -0.001276142375)
(0.0265 -0.0004253807916 -0.001276142375)
(0.0265 0 -0.001276142375)
(0.0265 0.0004253807916 -0.001276142375)
(0.0265 0.0008507615833 -0.001276142375)
(0.0265 0.001276142375 -0.001276142375)
(0.0265 -0.001207106781 -0.001207106781)
(0.0265 -0.0008047378541 -0.001207106781)
(0.0265 -0.0004023689271 -0.001207106781)
(0.0265 0 -0.001207106781)
(0.0265 0.0004023689271 -0.001207106781)
(0.0265 0.0008047378541 -0.001207106781)
(0.0265 0.001207106781 -0.001207106781)
(0.0265 -0.001138071187 -0.001138071187)
(0.0265 -0.000758714125 -0.001138071187)
(0.0265 -0.0003793570625 -0.001138071187)
(0.0265 0 -0.001138071187)
(0.0265 0.0003793570625 -0.001138071187)
(0.0265 0.000758714125 -0.001138071187)
(0.0265 0.001138071187 -0.001138071187)
(0.0265 -0.001069035594 -0.001069035594)
(0.0265 -0.0007126903958 -0.001069035594)
(0.0265 -0.0003563451979 -0.001069035594)
(0.0265 0 -0.001069035594)
(0.0265 0.0003563451979 -0.001069035594)
(0.0265 0.0007126903958 -0.001069035594)
(0.0265 0.001069035594 -0.001069035594)
(0.0265 -0.001 -0.001)
(0.0265 -0.0006666666667 -0.001)
(0.0265 -0.0003333333333 -0.001)
(0.0265 0 -0.001)
(0.0265 0.0003333333333 -0.001)
(0.0265 0.0006666666667 -0.001)
(0.0265 0.001 -0.001)
(0.027 -0.001414213562 -0.001414213562)
(0.027 -0.0009428090416 -0.001414213562)
(0.027 -0.0004714045208 -0.001414213562)
(0.027 0 -0.001414213562)
(0.027 0.0004714045208 -0.001414213562)
(0.027 0.0009428090416 -0.001414213562)
(0.027 0.001414213562 -0.001414213562)
(0.027 -0.001345177969 -0.001345177969)
(0.027 -0.0008967853124 -0.001345177969)
(0.027 -0.0004483926562 -0.001345177969)
(0.027 0 -0.001345177969)
(0.027 0.0004483926562 -0.001345177969)
(0.027 0.0008967853124 -0.001345177969)
(0.027 0.001345177969 -0.001345177969)
(0.027 -0.001276142375 -0.001276142375)
(0.027 -0.0008507615833 -0.001276142375)
(0.027 -0.0004253807916 -0.001276142375)
(0.027 0 -0.001276142375)
(0.027 0.0004253807916 -0.001276142375)
(0.027 0.0008507615833 -0.001276142375)
(0.027 0.001276142375 -0.001276142375)
(0.027 -0.001207106781 -0.001207106781)
(0.027 -0.0008047378541 -0.001207106781)
(0.027 -0.0004023689271 -0.001207106781)
(0.027 0 -0.001207106781)
(0.027 0.0004023689271 -0.001207106781)
(0.027 0.0008047378541 -0.001207106781)
(0.027 0.001207106781 -0.001207106781)
(0.027 -0.001138071187 -0.001138071187)
(0.027 -0.000758714125 -0.001138071187)
(0.027 -0.0003793570625 -0.001138071187)
(0.027 0 -0.001138071187)
(0.027 0.0003793570625 -0.001138071187)
(0.027 0.000758714125 -0.001138071187)
(0.027 0.001138071187 -0.001138071187)
(0.027 -0.001069035594 -0.001069035594)
(0.027 -0.0007126903958 -0.001069035594)
(0.027 -0.0003563451979 -0.001069035594)
(0.027 0 -0.001069035594)
(0.027 0.0003563451979 -0.001069035594)
(0.027 0.0007126903958 -0.001069035594)
(0.027 0.001069035594 -0.001069035594)
(0.027 -0.001 -0.001)
(0.027 -0.0006666666667 -0.001)
(0.027 -0.0003333333333 -0.001)
(0.027 0 -0.001)
(0.027 0.0003333333333 -0.001)
(0.027 0.0006666666667 -0.001)
(0.027 0.001 -0.001)
(0.0275 -0.001414213562 -0.001414213562)
(0.0275 -0.0009428090416 -0.001414213562)
(0.0275 -0.0004714045208 -0.001414213562)
(0.0275 0 -0.001414213562)
(0.0275 0.0004714045208 -0.001414213562)
(0.0275 0.0009428090416 -0.001414213562)
(0.0275 0.001414213562 -0.001414213562)
(0.0275 -0.001345177969 -0.001345177969)
(0.0275 -0.0008967853124 -0.001345177969)
(0.0275 -0.0004483926562 -0.001345177969)
(0.0275 0 -0.001345177969)
(0.0275 0.0004483926562 -0.001345177969)
(0.0275 0.0008967853124 -0.001345177969)
(0.0275 0.001345177969 -0.001345177969)
(0.0275 -0.001276142375 -0.001276142375)
(0.0275 -0.0008507615833 -0.001276142375)
(0.0275 -0.0004253807916 -0.001276142375)
(0.0275 0 -0.001276142375)
(0.0275 0.0004253807916 -0.001276142375)
(0.0275 0.0008507615833 -0.001276142375)
(0.0275 0.001276142375 -0.001276142375)
(0.0275 -0.001207106781 -0.001207106781)
(0.0275 -0.0008047378541 -0.001207106781)
(0.0275 -0.0004023689271 -0.001207106781)
(0.0275 0 -0.001207106781)
(0.0275 0.0004023689271 -0.001207106781)
(0.0275 0.0008047378541 -0.001207106781)
(0.0275 0.001207106781 -0.001207106781)
(0.0275 -0.001138071187 -0.001138071187)
(0.0275 -0.000758714125 -0.001138071187)
(0.0275 -0.0003793570625 -0.001138071187)
(0.0275 0 -0.001138071187)
(0.0275 0.0003793570625 -0.001138071187)
(0.0275 0.000758714125 -0.001138071187)
(0.0275 0.001138071187 -0.001138071187)
(0.0275 -0.001069035594 -0.001069035594)
(0.0275 -0.0007126903958 -0.001069035594)
(0.0275 -0.0003563451979 -0.001069035594)
(0.0275 0 -0.001069035594)
(0.0275 0.0003563451979 -0.001069035594)
(0.0275 0.0007126903958 -0.001069035594)
(0.0275 0.001069035594 -0.001069035594)
(0.0275 -0.001 -0.001)
(0.0275 -0.0006666666667 -0.001)
(0.0275 -0.0003333333333 -0.001)
(0.0275 0 -0.001)
(0.0275 0.0003333333333 -0.001)
(0.0275 0.0006666666667 -0.001)
(0.0275 0.001 -0.001)
(0.028 -0.001414213562 -0.001414213562)
(0.028 -0.0009428090416 -0.001414213562)
(0.028 -0.0004714045208 -0.001414213562)
(0.028 0 -0.001414213562)
(0.028 0.0004714045208 -0.001414213562)
(0.028 0.0009428090416 -0.001414213562)
(0.028 0.001414213562 -0.001414213562)
(0.028 -0.001345177969 -0.001345177969)
(0.028 -0.0008967853124 -0.001345177969)
(0.028 -0.0004483926562 -0.001345177969)
(0.028 0 -0.001345177969)
(0.028 0.0004483926562 -0.001345177969)
(0.028 0.0008967853124 -0.001345177969)
(0.028 0.001345177969 -0.001345177969)
(0.028 -0.001276142375 -0.001276142375)
(0.028 -0.0008507615833 -0.001276142375)
(0.028 -0.0004253807916 -0.001276142375)
(0.028 0 -0.001276142375)
(0.028 0.0004253807916 -0.001276142375)
(0.028 0.0008507615833 -0.001276142375)
(0.028 0.001276142375 -0.001276142375)
(0.028 -0.001207106781 -0.001207106781)
(0.028 -0.0008047378541 -0.001207106781)
(0.028 -0.0004023689271 -0.001207106781)
(0.028 0 -0.001207106781)
(0.028 0.0004023689271 -0.001207106781)
(0.028 0.0008047378541 -0.001207106781)
(0.028 0.001207106781 -0.001207106781)
(0.028 -0.001138071187 -0.001138071187)
(0.028 -0.000758714125 -0.001138071187)
(0.028 -0.0003793570625 -0.001138071187)
(0.028 0 -0.001138071187)
(0.028 0.0003793570625 -0.001138071187)
(0.028 0.000758714125 -0.001138071187)
(0.028 0.001138071187 -0.001138071187)
(0.028 -0.001069035594 -0.001069035594)
(0.028 -0.0007126903958 -0.001069035594)
(0.028 -0.0003563451979 -0.001069035594)
(0.028 0 -0.001069035594)
(0.028 0.0003563451979 -0.001069035594)
(0.028 0.0007126903958 -0.001069035594)
(0.028 0.001069035594 -0.001069035594)
(0.028 -0.001 -0.001)
(0.028 -0.0006666666667 -0.001)
(0.028 -0.0003333333333 -0.001)
(0.028 0 -0.001)
(0.028 0.0003333333333 -0.001)
(0.028 0.0006666666667 -0.001)
(0.028 0.001 -0.001)
(0.0285 -0.001414213562 -0.001414213562)
(0.0285 -0.0009428090416 -0.001414213562)
(0.0285 -0.0004714045208 -0.001414213562)
(0.0285 0 -0.001414213562)
(0.0285 0.0004714045208 -0.001414213562)
(0.0285 0.0009428090416 -0.001414213562)
(0.0285 0.001414213562 -0.001414213562)
(0.0285 -0.001345177969 -0.001345177969)
(0.0285 -0.0008967853124 -0.001345177969)
(0.0285 -0.0004483926562 -0.001345177969)
(0.0285 0 -0.001345177969)
(0.0285 0.0004483926562 -0.001345177969)
(0.0285 0.0008967853124 -0.001345177969)
(0.0285 0.001345177969 -0.001345177969)
(0.0285 -0.001276142375 -0.001276142375)
(0.0285 -0.0008507615833 -0.001276142375)
(0.0285 -0.0004253807916 -0.001276142375)
(0.0285 0 -0.001276142375)
(0.0285 0.0004253807916 -0.001276142375)
(0.0285 0.0008507615833 -0.001276142375)
(0.0285 0.001276142375 -0.001276142375)
(0.0285 -0.001207106781 -0.001207106781)
(0.0285 -0.0008047378541 -0.001207106781)
(0.0285 -0.0004023689271 -0.001207106781)
(0.0285 0 -0.001207106781)
(0.0285 0.0004023689271 -0.001207106781)
(0.0285 0.0008047378541 -0.001207106781)
(0.0285 0.001207106781 -0.001207106781)
(0.0285 -0.001138071187 -0.001138071187)
(0.0285 -0.000758714125 -0.001138071187)
(0.0285 -0.0003793570625 -0.001138071187)
(0.0285 0 -0.001138071187)
(0.0285 0.0003793570625 -0.001138071187)
(0.0285 0.000758714125 -0.001138071187)
(0.0285 0.001138071187 -0.001138071187)
(0.0285 -0.001069035594 -0.001069035594)
(0.0285 -0.0007126903958 -0.001069035594)
(0.0285 -0.0003563451979 -0.001069035594)
(0.0285 0 -0.001069035594)
(0.0285 0.0003563451979 -0.001069035594)
(0.0285 0.0007126903958 -0.001069035594)
(0.0285 0.001069035594 -0.001069035594)
(0.0285 -0.001 -0.001)
(0.0285 -0.0006666666667 -0.001)
(0.0285 -0.0003333333333 -0.001)
(0.0285 0 -0.001)
(0.0285 0.0003333333333 -0.001)
(0.0285 0.0006666666667 -0.001)
(0.0285 0.001 -0.001)
(0.029 -0.001414213562 -0.001414213562)
(0.029 -0.0009428090416 -0.001414213562)
(0.029 -0.0004714045208 -0.001414213562)
(0.029 0 -0.001414213562)
(0.029 0.0004714045208 -0.001414213562)
(0.029 0.0009428090416 -0.001414213562)
(0.029 0.001414213562 -0.001414213562)
(0.029 -0.001345177969 -0.001345177969)
(0.029 -0.0008967853124 -0.001345177969)
(0.029 -0.0004483926562 -0.001345177969)
(0.029 0 -0.001345177969)
(0.029 0.0004483926562 -0.001345177969)
(0.029 0.0008967853124 -0.001345177969)
(0.029 0.001345177969 -0.001345177969)
(0.029 -0.001276142375 -0.001276142375)
(0.029 -0.0008507615833 -0.001276142375)
(0.029 -0.0004253807916 -0.001276142375)
(0.029 0 -0.001276142375)
(0.029 0.0004253807916 -0.001276142375)
(0.029 0.0008507615833 -0.001276142375)
(0.029 0.001276142375 -0.001276142375)
(0.029 -0.001207106781 -0.001207106781)
(0.029 -0.0008047378541 -0.001207106781)
(0.029 -0.0004023689271 -0.001207106781)
(0.029 0 -0.001207106781)
(0.029 0.0004023689271 -0.001207106781)
(0.029 0.0008047378541 -0.001207106781)
(0.029 0.001207106781 -0.001207106781)
(0.029 -0.001138071187 -0.001138071187)
(0.029 -0.000758714125 -0.001138071187)
(0.029 -0.0003793570625 -0.001138071187)
(0.029 0 -0.001138071187)
(0.029 0.0003793570625 -0.001138071187)
(0.029 0.000758714125 -0.001138071187)
(0.029 0.001138071187 -0.001138071187)
(0.029 -0.001069035594 -0.001069035594)
(0.029 -0.0007126903958 -0.001069035594)
(0.029 -0.0003563451979 -0.001069035594)
(0.029 0 -0.001069035594)
(0.029 0.0003563451979 -0.001069035594)
(0.029 0.0007126903958 -0.001069035594)
(0.029 0.001069035594 -0.001069035594)
(0.029 -0.001 -0.001)
(0.029 -0.0006666666667 -0.001)
(0.029 -0.0003333333333 -0.001)
(0.029 0 -0.001)
(0.029 0.0003333333333 -0.001)
(0.029 0.0006666666667 -0.001)
(0.029 0.001 -0.001)
(0.0295 -0.001414213562 -0.001414213562)
(0.0295 -0.0009428090416 -0.001414213562)
(0.0295 -0.0004714045208 -0.001414213562)
(0.0295 0 -0.001414213562)
(0.0295 0.0004714045208 -0.001414213562)
(0.0295 0.0009428090416 -0.001414213562)
(0.0295 0.001414213562 -0.001414213562)
(0.0295 -0.001345177969 -0.001345177969)
(0.0295 -0.0008967853124 -0.001345177969)
(0.0295 -0.0004483926562 -0.001345177969)
(0.0295 0 -0.001345177969)
(0.0295 0.0004483926562 -0.001345177969)
(0.0295 0.0008967853124 -0.001345177969)
(0.0295 0.001345177969 -0.001345177969)
(0.0295 -0.001276142375 -0.001276142375)
(0.0295 -0.0008507615833 -0.001276142375)
(0.0295 -0.0004253807916 -0.001276142375)
(0.0295 0 -0.001276142375)
(0.0295 0.0004253807916 -0.001276142375)
(0.0295 0.0008507615833 -0.001276142375)
(0.0295 0.001276142375 -0.001276142375)
(0.0295 -0.001207106781 -0.001207106781)
(0.0295 -0.0008047378541 -0.001207106781)
(0.0295 -0.0004023689271 -0.001207106781)
(0.0295 0 -0.001207106781)
(0.0295 0.0004023689271 -0.001207106781)
(0.0295 0.0008047378541 -0.001207106781)
(0.0295 0.001207106781 -0.001207106781)
(0.0295 -0.001138071187 -0.001138071187)
(0.0295 -0.000758714125 -0.001138071187)
(0.0295 -0.0003793570625 -0.001138071187)
(0.0295 0 -0.001138071187)
(0.0295 0.0003793570625 -0.001138071187)
(0.0295 0.000758714125 -0.001138071187)
(0.0295 0.001138071187 -0.001138071187)
(0.0295 -0.001069035594 -0.001069035594)
(0.0295 -0.0007126903958 -0.001069035594)
(0.0295 -0.0003563451979 -0.001069035594)
(0.0295 0 -0.001069035594)
(0.0295 0.0003563451979 -0.001069035594)
(0.0295 0.0007126903958 -0.001069035594)
(0.0295 0.001069035594 -0.001069035594)
(0.0295 -0.001 -0.001)
(0.0295 -0.0006666666667 -0.001)
(0.0295 -0.0003333333333 -0.001)
(0.0295 0 -0.001)
(0.0295 0.0003333333333 -0.001)
(0.0295 0.0006666666667 -0.001)
(0.0295 0.001 -0.001)
(0.03 -0.001414213562 -0.001414213562)
(0.03 -0.0009428090416 -0.001414213562)
(0.03 -0.0004714045208 -0.001414213562)
(0.03 0 -0.001414213562)
(0.03 0.0004714045208 -0.001414213562)
(0.03 0.0009428090416 -0.001414213562)
(0.03 0.001414213562 -0.001414213562)
(0.03 -0.001345177969 -0.001345177969)
(0.03 -0.0008967853124 -0.001345177969)
(0.03 -0.0004483926562 -0.001345177969)
(0.03 0 -0.001345177969)
(0.03 0.0004483926562 -0.001345177969)
(0.03 0.0008967853124 -0.001345177969)
(0.03 0.001345177969 -0.001345177969)
(0.03 -0.001276142375 -0.001276142375)
(0.03 -0.0008507615833 -0.001276142375)
(0.03 -0.0004253807916 -0.001276142375)
(0.03 0 -0.001276142375)
(0.03 0.0004253807916 -0.001276142375)
(0.03 0.0008507615833 -0.001276142375)
(0.03 0.001276142375 -0.001276142375)
(0.03 -0.001207106781 -0.001207106781)
(0.03 -0.0008047378541 -0.001207106781)
(0.03 -0.0004023689271 -0.001207106781)
(0.03 0 -0.001207106781)
(0.03 0.0004023689271 -0.001207106781)
(0.03 0.0008047378541 -0.001207106781)
(0.03 0.001207106781 -0.001207106781)
(0.03 -0.001138071187 -0.001138071187)
(0.03 -0.000758714125 -0.001138071187)
(0.03 -0.0003793570625 -0.001138071187)
(0.03 0 -0.001138071187)
(0.03 0.0003793570625 -0.001138071187)
(0.03 0.000758714125 -0.001138071187)
(0.03 0.001138071187 -0.001138071187)
(0.03 -0.001069035594 -0.001069035594)
(0.03 -0.0007126903958 -0.001069035594)
(0.03 -0.0003563451979 -0.001069035594)
(0.03 0 -0.001069035594)
(0.03 0.0003563451979 -0.001069035594)
(0.03 0.0007126903958 -0.001069035594)
(0.03 0.001069035594 -0.001069035594)
(0.03 -0.001 -0.001)
(0.03 -0.0006666666667 -0.001)
(0.03 -0.0003333333333 -0.001)
(0.03 0 -0.001)
(0.03 0.0003333333333 -0.001)
(0.03 0.0006666666667 -0.001)
(0.03 0.001 -0.001)
(0.0305 -0.001414213562 -0.001414213562)
(0.0305 -0.0009428090416 -0.001414213562)
(0.0305 -0.0004714045208 -0.001414213562)
(0.0305 0 -0.001414213562)
(0.0305 0.0004714045208 -0.001414213562)
(0.0305 0.0009428090416 -0.001414213562)
(0.0305 0.001414213562 -0.001414213562)
(0.0305 -0.001345177969 -0.001345177969)
(0.0305 -0.0008967853124 -0.001345177969)
(0.0305 -0.0004483926562 -0.001345177969)
(0.0305 0 -0.001345177969)
(0.0305 0.0004483926562 -0.001345177969)
(0.0305 0.0008967853124 -0.001345177969)
(0.0305 0.001345177969 -0.001345177969)
(0.0305 -0.001276142375 -0.001276142375)
(0.0305 -0.0008507615833 -0.001276142375)
(0.0305 -0.0004253807916 -0.001276142375)
(0.0305 0 -0.001276142375)
(0.0305 0.0004253807916 -0.001276142375)
(0.0305 0.0008507615833 -0.001276142375)
(0.0305 0.001276142375 -0.001276142375)
(0.0305 -0.001207106781 -0.001207106781)
(0.0305 -0.0008047378541 -0.001207106781)
(0.0305 -0.0004023689271 -0.001207106781)
(0.0305 0 -0.001207106781)
(0.0305 0.0004023689271 -0.001207106781)
(0.0305 0.0008047378541 -0.001207106781)
(0.0305 0.001207106781 -0.001207106781)
(0.0305 -0.001138071187 -0.001138071187)
(0.0305 -0.000758714125 -0.001138071187)
(0.0305 -0.0003793570625 -0.001138071187)
(0.0305 0 -0.001138071187)
(0.0305 0.0003793570625 -0.001138071187)
(0.0305 0.000758714125 -0.001138071187)
(0.0305 0.001138071187 -0.001138071187)
(0.0305 -0.001069035594 -0.001069035594)
(0.0305 -0.0007126903958 -0.001069035594)
(0.0305 -0.0003563451979 -0.001069035594)
(0.0305 0 -0.001069035594)
(0.0305 0.0003563451979 -0.001069035594)
(0.0305 0.0007126903958 -0.001069035594)
(0.0305 0.001069035594 -0.001069035594)
(0.0305 -0.001 -0.001)
(0.0305 -0.0006666666667 -0.001)
(0.0305 -0.0003333333333 -0.001)
(0.0305 0 -0.001)
(0.0305 0.0003333333333 -0.001)
(0.0305 0.0006666666667 -0.001)
(0.0305 0.001 -0.001)
(0.031 -0.001414213562 -0.001414213562)
(0.031 -0.0009428090416 -0.001414213562)
(0.031 -0.0004714045208 -0.001414213562)
(0.031 0 -0.001414213562)
(0.031 0.0004714045208 -0.001414213562)
(0.031 0.0009428090416 -0.001414213562)
(0.031 0.001414213562 -0.001414213562)
(0.031 -0.001345177969 -0.001345177969)
(0.031 -0.0008967853124 -0.001345177969)
(0.031 -0.0004483926562 -0.001345177969)
(0.031 0 -0.001345177969)
(0.031 0.0004483926562 -0.001345177969)
(0.031 0.0008967853124 -0.001345177969)
(0.031 0.001345177969 -0.001345177969)
(0.031 -0.001276142375 -0.001276142375)
(0.031 -0.0008507615833 -0.001276142375)
(0.031 -0.0004253807916 -0.001276142375)
(0.031 0 -0.001276142375)
(0.031 0.0004253807916 -0.001276142375)
(0.031 0.0008507615833 -0.001276142375)
(0.031 0.001276142375 -0.001276142375)
(0.031 -0.001207106781 -0.001207106781)
(0.031 -0.0008047378541 -0.001207106781)
(0.031 -0.0004023689271 -0.001207106781)
(0.031 0 -0.001207106781)
(0.031 0.0004023689271 -0.001207106781)
(0.031 0.0008047378541 -0.001207106781)
(0.031 0.001207106781 -0.001207106781)
(0.031 -0.001138071187 -0.001138071187)
(0.031 -0.000758714125 -0.001138071187)
(0.031 -0.0003793570625 -0.001138071187)
(0.031 0 -0.001138071187)
(0.031 0.0003793570625 -0.001138071187)
(0.031 0.000758714125 -0.001138071187)
(0.031 0.001138071187 -0.001138071187)
(0.031 -0.001069035594 -0.001069035594)
(0.031 -0.0007126903958 -0.001069035594)
(0.031 -0.0003563451979 -0.001069035594)
(0.031 0 -0.001069035594)
(0.031 0.0003563451979 -0.001069035594)
(0.031 0.0007126903958 -0.001069035594)
(0.031 0.001069035594 -0.001069035594)
(0.031 -0.001 -0.001)
(0.031 -0.0006666666667 -0.001)
(0.031 -0.0003333333333 -0.001)
(0.031 0 -0.001)
(0.031 0.0003333333333 -0.001)
(0.031 0.0006666666667 -0.001)
(0.031 0.001 -0.001)
(0.0315 -0.001414213562 -0.001414213562)
(0.0315 -0.0009428090416 -0.001414213562)
(0.0315 -0.0004714045208 -0.001414213562)
(0.0315 0 -0.001414213562)
(0.0315 0.0004714045208 -0.001414213562)
(0.0315 0.0009428090416 -0.001414213562)
(0.0315 0.001414213562 -0.001414213562)
(0.0315 -0.001345177969 -0.001345177969)
(0.0315 -0.0008967853124 -0.001345177969)
(0.0315 -0.0004483926562 -0.001345177969)
(0.0315 0 -0.001345177969)
(0.0315 0.0004483926562 -0.001345177969)
(0.0315 0.0008967853124 -0.001345177969)
(0.0315 0.001345177969 -0.001345177969)
(0.0315 -0.001276142375 -0.001276142375)
(0.0315 -0.0008507615833 -0.001276142375)
(0.0315 -0.0004253807916 -0.001276142375)
(0.0315 0 -0.001276142375)
(0.0315 0.0004253807916 -0.001276142375)
(0.0315 0.0008507615833 -0.001276142375)
(0.0315 0.001276142375 -0.001276142375)
(0.0315 -0.001207106781 -0.001207106781)
(0.0315 -0.0008047378541 -0.001207106781)
(0.0315 -0.0004023689271 -0.001207106781)
(0.0315 0 -0.001207106781)
(0.0315 0.0004023689271 -0.001207106781)
(0.0315 0.0008047378541 -0.001207106781)
(0.0315 0.001207106781 -0.001207106781)
(0.0315 -0.001138071187 -0.001138071187)
(0.0315 -0.000758714125 -0.001138071187)
(0.0315 -0.0003793570625 -0.001138071187)
(0.0315 0 -0.001138071187)
(0.0315 0.0003793570625 -0.001138071187)
(0.0315 0.000758714125 -0.001138071187)
(0.0315 0.001138071187 -0.001138071187)
(0.0315 -0.001069035594 -0.001069035594)
(0.0315 -0.0007126903958 -0.001069035594)
(0.0315 -0.0003563451979 -0.001069035594)
(0.0315 0 -0.001069035594)
(0.0315 0.0003563451979 -0.001069035594)
(0.0315 0.0007126903958 -0.001069035594)
(0.0315 0.001069035594 -0.001069035594)
(0.0315 -0.001 -0.001)
(0.0315 -0.0006666666667 -0.001)
(0.0315 -0.0003333333333 -0.001)
(0.0315 0 -0.001)
(0.0315 0.0003333333333 -0.001)
(0.0315 0.0006666666667 -0.001)
(0.0315 0.001 -0.001)
(0.032 -0.001414213562 -0.001414213562)
(0.032 -0.0009428090416 -0.001414213562)
(0.032 -0.0004714045208 -0.001414213562)
(0.032 0 -0.001414213562)
(0.032 0.0004714045208 -0.001414213562)
(0.032 0.0009428090416 -0.001414213562)
(0.032 0.001414213562 -0.001414213562)
(0.032 -0.001345177969 -0.001345177969)
(0.032 -0.0008967853124 -0.001345177969)
(0.032 -0.0004483926562 -0.001345177969)
(0.032 0 -0.001345177969)
(0.032 0.0004483926562 -0.001345177969)
(0.032 0.0008967853124 -0.001345177969)
(0.032 0.001345177969 -0.001345177969)
(0.032 -0.001276142375 -0.001276142375)
(0.032 -0.0008507615833 -0.001276142375)
(0.032 -0.0004253807916 -0.001276142375)
(0.032 0 -0.001276142375)
(0.032 0.0004253807916 -0.001276142375)
(0.032 0.0008507615833 -0.001276142375)
(0.032 0.001276142375 -0.001276142375)
(0.032 -0.001207106781 -0.001207106781)
(0.032 -0.0008047378541 -0.001207106781)
(0.032 -0.0004023689271 -0.001207106781)
(0.032 0 -0.001207106781)
(0.032 0.0004023689271 -0.001207106781)
(0.032 0.0008047378541 -0.001207106781)
(0.032 0.001207106781 -0.001207106781)
(0.032 -0.001138071187 -0.001138071187)
(0.032 -0.000758714125 -0.001138071187)
(0.032 -0.0003793570625 -0.001138071187)
(0.032 0 -0.001138071187)
(0.032 0.0003793570625 -0.001138071187)
(0.032 0.000758714125 -0.001138071187)
(0.032 0.001138071187 -0.001138071187)
(0.032 -0.001069035594 -0.001069035594)
(0.032 -0.0007126903958 -0.001069035594)
(0.032 -0.0003563451979 -0.001069035594)
(0.032 0 -0.001069035594)
(0.032 0.0003563451979 -0.001069035594)
(0.032 0.0007126903958 -0.001069035594)
(0.032 0.001069035594 -0.001069035594)
(0.032 -0.001 -0.001)
(0.032 -0.0006666666667 -0.001)
(0.032 -0.0003333333333 -0.001)
(0.032 0 -0.001)
(0.032 0.0003333333333 -0.001)
(0.032 0.0006666666667 -0.001)
(0.032 0.001 -0.001)
(0.0325 -0.001414213562 -0.001414213562)
(0.0325 -0.0009428090416 -0.001414213562)
(0.0325 -0.0004714045208 -0.001414213562)
(0.0325 0 -0.001414213562)
(0.0325 0.0004714045208 -0.001414213562)
(0.0325 0.0009428090416 -0.001414213562)
(0.0325 0.001414213562 -0.001414213562)
(0.0325 -0.001345177969 -0.001345177969)
(0.0325 -0.0008967853124 -0.001345177969)
(0.0325 -0.0004483926562 -0.001345177969)
(0.0325 0 -0.001345177969)
(0.0325 0.0004483926562 -0.001345177969)
(0.0325 0.0008967853124 -0.001345177969)
(0.0325 0.001345177969 -0.001345177969)
(0.0325 -0.001276142375 -0.001276142375)
(0.0325 -0.0008507615833 -0.001276142375)
(0.0325 -0.0004253807916 -0.001276142375)
(0.0325 0 -0.001276142375)
(0.0325 0.0004253807916 -0.001276142375)
(0.0325 0.0008507615833 -0.001276142375)
(0.0325 0.001276142375 -0.001276142375)
(0.0325 -0.001207106781 -0.001207106781)
(0.0325 -0.0008047378541 -0.001207106781)
(0.0325 -0.0004023689271 -0.001207106781)
(0.0325 0 -0.001207106781)
(0.0325 0.0004023689271 -0.001207106781)
(0.0325 0.0008047378541 -0.001207106781)
(0.0325 0.001207106781 -0.001207106781)
(0.0325 -0.001138071187 -0.001138071187)
(0.0325 -0.000758714125 -0.001138071187)
(0.0325 -0.0003793570625 -0.001138071187)
(0.0325 0 -0.001138071187)
(0.0325 0.0003793570625 -0.001138071187)
(0.0325 0.000758714125 -0.001138071187)
(0.0325 0.001138071187 -0.001138071187)
(0.0325 -0.001069035594 -0.001069035594)
(0.0325 -0.0007126903958 -0.001069035594)
(0.0325 -0.0003563451979 -0.001069035594)
(0.0325 0 -0.001069035594)
(0.0325 0.0003563451979 -0.001069035594)
(0.0325 0.0007126903958 -0.001069035594)
(0.0325 0.001069035594 -0.001069035594)
(0.0325 -0.001 -0.001)
(0.0325 -0.0006666666667 -0.001)
(0.0325 -0.0003333333333 -0.001)
(0.0325 0 -0.001)
(0.0325 0.0003333333333 -0.001)
(0.0325 0.0006666666667 -0.001)
(0.0325 0.001 -0.001)
(0.033 -0.001414213562 -0.001414213562)
(0.033 -0.0009428090416 -0.001414213562)
(0.033 -0.0004714045208 -0.001414213562)
(0.033 0 -0.001414213562)
(0.033 0.0004714045208 -0.001414213562)
(0.033 0.0009428090416 -0.001414213562)
(0.033 0.001414213562 -0.001414213562)
(0.033 -0.001345177969 -0.001345177969)
(0.033 -0.0008967853124 -0.001345177969)
(0.033 -0.0004483926562 -0.001345177969)
(0.033 0 -0.001345177969)
(0.033 0.0004483926562 -0.001345177969)
(0.033 0.0008967853124 -0.001345177969)
(0.033 0.001345177969 -0.001345177969)
(0.033 -0.001276142375 -0.001276142375)
(0.033 -0.0008507615833 -0.001276142375)
(0.033 -0.0004253807916 -0.001276142375)
(0.033 0 -0.001276142375)
(0.033 0.0004253807916 -0.001276142375)
(0.033 0.0008507615833 -0.001276142375)
(0.033 0.001276142375 -0.001276142375)
(0.033 -0.001207106781 -0.001207106781)
(0.033 -0.0008047378541 -0.001207106781)
(0.033 -0.0004023689271 -0.001207106781)
(0.033 0 -0.001207106781)
(0.033 0.0004023689271 -0.001207106781)
(0.033 0.0008047378541 -0.001207106781)
(0.033 0.001207106781 -0.001207106781)
(0.033 -0.001138071187 -0.001138071187)
(0.033 -0.000758714125 -0.001138071187)
(0.033 -0.0003793570625 -0.001138071187)
(0.033 0 -0.001138071187)
(0.033 0.0003793570625 -0.001138071187)
(0.033 0.000758714125 -0.001138071187)
(0.033 0.001138071187 -0.001138071187)
(0.033 -0.001069035594 -0.001069035594)
(0.033 -0.0007126903958 -0.001069035594)
(0.033 -0.0003563451979 -0.001069035594)
(0.033 0 -0.001069035594)
(0.033 0.0003563451979 -0.001069035594)
(0.033 0.0007126903958 -0.001069035594)
(0.033 0.001069035594 -0.001069035594)
(0.033 -0.001 -0.001)
(0.033 -0.0006666666667 -0.001)
(0.033 -0.0003333333333 -0.001)
(0.033 0 -0.001)
(0.033 0.0003333333333 -0.001)
(0.033 0.0006666666667 -0.001)
(0.033 0.001 -0.001)
(0.0335 -0.001414213562 -0.001414213562)
(0.0335 -0.0009428090416 -0.001414213562)
(0.0335 -0.0004714045208 -0.001414213562)
(0.0335 0 -0.001414213562)
(0.0335 0.0004714045208 -0.001414213562)
(0.0335 0.0009428090416 -0.001414213562)
(0.0335 0.001414213562 -0.001414213562)
(0.0335 -0.001345177969 -0.001345177969)
(0.0335 -0.0008967853124 -0.001345177969)
(0.0335 -0.0004483926562 -0.001345177969)
(0.0335 0 -0.001345177969)
(0.0335 0.0004483926562 -0.001345177969)
(0.0335 0.0008967853124 -0.001345177969)
(0.0335 0.001345177969 -0.001345177969)
(0.0335 -0.001276142375 -0.001276142375)
(0.0335 -0.0008507615833 -0.001276142375)
(0.0335 -0.0004253807916 -0.001276142375)
(0.0335 0 -0.001276142375)
(0.0335 0.0004253807916 -0.001276142375)
(0.0335 0.0008507615833 -0.001276142375)
(0.0335 0.001276142375 -0.001276142375)
(0.0335 -0.001207106781 -0.001207106781)
(0.0335 -0.0008047378541 -0.001207106781)
(0.0335 -0.0004023689271 -0.001207106781)
(0.0335 0 -0.001207106781)
(0.0335 0.0004023689271 -0.001207106781)
(0.0335 0.0008047378541 -0.001207106781)
(0.0335 0.001207106781 -0.001207106781)
(0.0335 -0.001138071187 -0.001138071187)
(0.0335 -0.000758714125 -0.001138071187)
(0.0335 -0.0003793570625 -0.001138071187)
(0.0335 0 -0.001138071187)
(0.0335 0.0003793570625 -0.001138071187)
(0.0335 0.000758714125 -0.001138071187)
(0.0335 0.001138071187 -0.001138071187)
(0.0335 -0.001069035594 -0.001069035594)
(0.0335 -0.0007126903958 -0.001069035594)
(0.0335 -0.0003563451979 -0.001069035594)
(0.0335 0 -0.001069035594)
(0.0335 0.0003563451979 -0.001069035594)
(0.0335 0.0007126903958 -0.001069035594)
(0.0335 0.001069035594 -0.001069035594)
(0.0335 -0.001 -0.001)
(0.0335 -0.0006666666667 -0.001)
(0.0335 -0.0003333333333 -0.001)
(0.0335 0 -0.001)
(0.0335 0.0003333333333 -0.001)
(0.0335 0.0006666666667 -0.001)
(0.0335 0.001 -0.001)
(0.034 -0.001414213562 -0.001414213562)
(0.034 -0.0009428090416 -0.001414213562)
(0.034 -0.0004714045208 -0.001414213562)
(0.034 0 -0.001414213562)
(0.034 0.0004714045208 -0.001414213562)
(0.034 0.0009428090416 -0.001414213562)
(0.034 0.001414213562 -0.001414213562)
(0.034 -0.001345177969 -0.001345177969)
(0.034 -0.0008967853124 -0.001345177969)
(0.034 -0.0004483926562 -0.001345177969)
(0.034 0 -0.001345177969)
(0.034 0.0004483926562 -0.001345177969)
(0.034 0.0008967853124 -0.001345177969)
(0.034 0.001345177969 -0.001345177969)
(0.034 -0.001276142375 -0.001276142375)
(0.034 -0.0008507615833 -0.001276142375)
(0.034 -0.0004253807916 -0.001276142375)
(0.034 0 -0.001276142375)
(0.034 0.0004253807916 -0.001276142375)
(0.034 0.0008507615833 -0.001276142375)
(0.034 0.001276142375 -0.001276142375)
(0.034 -0.001207106781 -0.001207106781)
(0.034 -0.0008047378541 -0.001207106781)
(0.034 -0.0004023689271 -0.001207106781)
(0.034 0 -0.001207106781)
(0.034 0.0004023689271 -0.001207106781)
(0.034 0.0008047378541 -0.001207106781)
(0.034 0.001207106781 -0.001207106781)
(0.034 -0.001138071187 -0.001138071187)
(0.034 -0.000758714125 -0.001138071187)
(0.034 -0.0003793570625 -0.001138071187)
(0.034 0 -0.001138071187)
(0.034 0.0003793570625 -0.001138071187)
(0.034 0.000758714125 -0.001138071187)
(0.034 0.001138071187 -0.001138071187)
(0.034 -0.001069035594 -0.001069035594)
(0.034 -0.0007126903958 -0.001069035594)
(0.034 -0.0003563451979 -0.001069035594)
(0.034 0 -0.001069035594)
(0.034 0.0003563451979 -0.001069035594)
(0.034 0.0007126903958 -0.001069035594)
(0.034 0.001069035594 -0.001069035594)
(0.034 -0.001 -0.001)
(0.034 -0.0006666666667 -0.001)
(0.034 -0.0003333333333 -0.001)
(0.034 0 -0.001)
(0.034 0.0003333333333 -0.001)
(0.034 0.0006666666667 -0.001)
(0.034 0.001 -0.001)
(0.0345 -0.001414213562 -0.001414213562)
(0.0345 -0.0009428090416 -0.001414213562)
(0.0345 -0.0004714045208 -0.001414213562)
(0.0345 0 -0.001414213562)
(0.0345 0.0004714045208 -0.001414213562)
(0.0345 0.0009428090416 -0.001414213562)
(0.0345 0.001414213562 -0.001414213562)
(0.0345 -0.001345177969 -0.001345177969)
(0.0345 -0.0008967853124 -0.001345177969)
(0.0345 -0.0004483926562 -0.001345177969)
(0.0345 0 -0.001345177969)
(0.0345 0.0004483926562 -0.001345177969)
(0.0345 0.0008967853124 -0.001345177969)
(0.0345 0.001345177969 -0.001345177969)
(0.0345 -0.001276142375 -0.001276142375)
(0.0345 -0.0008507615833 -0.001276142375)
(0.0345 -0.0004253807916 -0.001276142375)
(0.0345 0 -0.001276142375)
(0.0345 0.0004253807916 -0.001276142375)
(0.0345 0.0008507615833 -0.001276142375)
(0.0345 0.001276142375 -0.001276142375)
(0.0345 -0.001207106781 -0.001207106781)
(0.0345 -0.0008047378541 -0.001207106781)
(0.0345 -0.0004023689271 -0.001207106781)
(0.0345 0 -0.001207106781)
(0.0345 0.0004023689271 -0.001207106781)
(0.0345 0.0008047378541 -0.001207106781)
(0.0345 0.001207106781 -0.001207106781)
(0.0345 -0.001138071187 -0.001138071187)
(0.0345 -0.000758714125 -0.001138071187)
(0.0345 -0.0003793570625 -0.001138071187)
(0.0345 0 -0.001138071187)
(0.0345 0.0003793570625 -0.001138071187)
(0.0345 0.000758714125 -0.001138071187)
(0.0345 0.001138071187 -0.001138071187)
(0.0345 -0.001069035594 -0.001069035594)
(0.0345 -0.0007126903958 -0.001069035594)
(0.0345 -0.0003563451979 -0.001069035594)
(0.0345 0 -0.001069035594)
(0.0345 0.0003563451979 -0.001069035594)
(0.0345 0.0007126903958 -0.001069035594)
(0.0345 0.001069035594 -0.001069035594)
(0.0345 -0.001 -0.001)
(0.0345 -0.0006666666667 -0.001)
(0.0345 -0.0003333333333 -0.001)
(0.0345 0 -0.001)
(0.0345 0.0003333333333 -0.001)
(0.0345 0.0006666666667 -0.001)
(0.0345 0.001 -0.001)
(0.035 -0.001414213562 -0.001414213562)
(0.035 -0.0009428090416 -0.001414213562)
(0.035 -0.0004714045208 -0.001414213562)
(0.035 0 -0.001414213562)
(0.035 0.0004714045208 -0.001414213562)
(0.035 0.0009428090416 -0.001414213562)
(0.035 0.001414213562 -0.001414213562)
(0.035 -0.001345177969 -0.001345177969)
(0.035 -0.0008967853124 -0.001345177969)
(0.035 -0.0004483926562 -0.001345177969)
(0.035 0 -0.001345177969)
(0.035 0.0004483926562 -0.001345177969)
(0.035 0.0008967853124 -0.001345177969)
(0.035 0.001345177969 -0.001345177969)
(0.035 -0.001276142375 -0.001276142375)
(0.035 -0.0008507615833 -0.001276142375)
(0.035 -0.0004253807916 -0.001276142375)
(0.035 0 -0.001276142375)
(0.035 0.0004253807916 -0.001276142375)
(0.035 0.0008507615833 -0.001276142375)
(0.035 0.001276142375 -0.001276142375)
(0.035 -0.001207106781 -0.001207106781)
(0.035 -0.0008047378541 -0.001207106781)
(0.035 -0.0004023689271 -0.001207106781)
(0.035 0 -0.001207106781)
(0.035 0.0004023689271 -0.001207106781)
(0.035 0.0008047378541 -0.001207106781)
(0.035 0.001207106781 -0.001207106781)
(0.035 -0.001138071187 -0.001138071187)
(0.035 -0.000758714125 -0.001138071187)
(0.035 -0.0003793570625 -0.001138071187)
(0.035 0 -0.001138071187)
(0.035 0.0003793570625 -0.001138071187)
(0.035 0.000758714125 -0.001138071187)
(0.035 0.001138071187 -0.001138071187)
(0.035 -0.001069035594 -0.001069035594)
(0.035 -0.0007126903958 -0.001069035594)
(0.035 -0.0003563451979 -0.001069035594)
(0.035 0 -0.001069035594)
(0.035 0.0003563451979 -0.001069035594)
(0.035 0.0007126903958 -0.001069035594)
(0.035 0.001069035594 -0.001069035594)
(0.035 -0.001 -0.001)
(0.035 -0.0006666666667 -0.001)
(0.035 -0.0003333333333 -0.001)
(0.035 0 -0.001)
(0.035 0.0003333333333 -0.001)
(0.035 0.0006666666667 -0.001)
(0.035 0.001 -0.001)
(0.0355 -0.001414213562 -0.001414213562)
(0.0355 -0.0009428090416 -0.001414213562)
(0.0355 -0.0004714045208 -0.001414213562)
(0.0355 0 -0.001414213562)
(0.0355 0.0004714045208 -0.001414213562)
(0.0355 0.0009428090416 -0.001414213562)
(0.0355 0.001414213562 -0.001414213562)
(0.0355 -0.001345177969 -0.001345177969)
(0.0355 -0.0008967853124 -0.001345177969)
(0.0355 -0.0004483926562 -0.001345177969)
(0.0355 0 -0.001345177969)
(0.0355 0.0004483926562 -0.001345177969)
(0.0355 0.0008967853124 -0.001345177969)
(0.0355 0.001345177969 -0.001345177969)
(0.0355 -0.001276142375 -0.001276142375)
(0.0355 -0.0008507615833 -0.001276142375)
(0.0355 -0.0004253807916 -0.001276142375)
(0.0355 0 -0.001276142375)
(0.0355 0.0004253807916 -0.001276142375)
(0.0355 0.0008507615833 -0.001276142375)
(0.0355 0.001276142375 -0.001276142375)
(0.0355 -0.001207106781 -0.001207106781)
(0.0355 -0.0008047378541 -0.001207106781)
(0.0355 -0.0004023689271 -0.001207106781)
(0.0355 0 -0.001207106781)
(0.0355 0.0004023689271 -0.001207106781)
(0.0355 0.0008047378541 -0.001207106781)
(0.0355 0.001207106781 -0.001207106781)
(0.0355 -0.001138071187 -0.001138071187)
(0.0355 -0.000758714125 -0.001138071187)
(0.0355 -0.0003793570625 -0.001138071187)
(0.0355 0 -0.001138071187)
(0.0355 0.0003793570625 -0.001138071187)
(0.0355 0.000758714125 -0.001138071187)
(0.0355 0.001138071187 -0.001138071187)
(0.0355 -0.001069035594 -0.001069035594)
(0.0355 -0.0007126903958 -0.001069035594)
(0.0355 -0.0003563451979 -0.001069035594)
(0.0355 0 -0.001069035594)
(0.0355 0.0003563451979 -0.001069035594)
(0.0355 0.0007126903958 -0.001069035594)
(0.0355 0.001069035594 -0.001069035594)
(0.0355 -0.001 -0.001)
(0.0355 -0.0006666666667 -0.001)
(0.0355 -0.0003333333333 -0.001)
(0.0355 0 -0.001)
(0.0355 0.0003333333333 -0.001)
(0.0355 0.0006666666667 -0.001)
(0.0355 0.001 -0.001)
(0.036 -0.001414213562 -0.001414213562)
(0.036 -0.0009428090416 -0.001414213562)
(0.036 -0.0004714045208 -0.001414213562)
(0.036 0 -0.001414213562)
(0.036 0.0004714045208 -0.001414213562)
(0.036 0.0009428090416 -0.001414213562)
(0.036 0.001414213562 -0.001414213562)
(0.036 -0.001345177969 -0.001345177969)
(0.036 -0.0008967853124 -0.001345177969)
(0.036 -0.0004483926562 -0.001345177969)
(0.036 0 -0.001345177969)
(0.036 0.0004483926562 -0.001345177969)
(0.036 0.0008967853124 -0.001345177969)
(0.036 0.001345177969 -0.001345177969)
(0.036 -0.001276142375 -0.001276142375)
(0.036 -0.0008507615833 -0.001276142375)
(0.036 -0.0004253807916 -0.001276142375)
(0.036 0 -0.001276142375)
(0.036 0.0004253807916 -0.001276142375)
(0.036 0.0008507615833 -0.001276142375)
(0.036 0.001276142375 -0.001276142375)
(0.036 -0.001207106781 -0.001207106781)
(0.036 -0.0008047378541 -0.001207106781)
(0.036 -0.0004023689271 -0.001207106781)
(0.036 0 -0.001207106781)
(0.036 0.0004023689271 -0.001207106781)
(0.036 0.0008047378541 -0.001207106781)
(0.036 0.001207106781 -0.001207106781)
(0.036 -0.001138071187 -0.001138071187)
(0.036 -0.000758714125 -0.001138071187)
(0.036 -0.0003793570625 -0.001138071187)
(0.036 0 -0.001138071187)
(0.036 0.0003793570625 -0.001138071187)
(0.036 0.000758714125 -0.001138071187)
(0.036 0.001138071187 -0.001138071187)
(0.036 -0.001069035594 -0.001069035594)
(0.036 -0.0007126903958 -0.001069035594)
(0.036 -0.0003563451979 -0.001069035594)
(0.036 0 -0.001069035594)
(0.036 0.0003563451979 -0.001069035594)
(0.036 0.0007126903958 -0.001069035594)
(0.036 0.001069035594 -0.001069035594)
(0.036 -0.001 -0.001)
(0.036 -0.0006666666667 -0.001)
(0.036 -0.0003333333333 -0.001)
(0.036 0 -0.001)
(0.036 0.0003333333333 -0.001)
(0.036 0.0006666666667 -0.001)
(0.036 0.001 -0.001)
(0.0365 -0.001414213562 -0.001414213562)
(0.0365 -0.0009428090416 -0.001414213562)
(0.0365 -0.0004714045208 -0.001414213562)
(0.0365 0 -0.001414213562)
(0.0365 0.0004714045208 -0.001414213562)
(0.0365 0.0009428090416 -0.001414213562)
(0.0365 0.001414213562 -0.001414213562)
(0.0365 -0.001345177969 -0.001345177969)
(0.0365 -0.0008967853124 -0.001345177969)
(0.0365 -0.0004483926562 -0.001345177969)
(0.0365 0 -0.001345177969)
(0.0365 0.0004483926562 -0.001345177969)
(0.0365 0.0008967853124 -0.001345177969)
(0.0365 0.001345177969 -0.001345177969)
(0.0365 -0.001276142375 -0.001276142375)
(0.0365 -0.0008507615833 -0.001276142375)
(0.0365 -0.0004253807916 -0.001276142375)
(0.0365 0 -0.001276142375)
(0.0365 0.0004253807916 -0.001276142375)
(0.0365 0.0008507615833 -0.001276142375)
(0.0365 0.001276142375 -0.001276142375)
(0.0365 -0.001207106781 -0.001207106781)
(0.0365 -0.0008047378541 -0.001207106781)
(0.0365 -0.0004023689271 -0.001207106781)
(0.0365 0 -0.001207106781)
(0.0365 0.0004023689271 -0.001207106781)
(0.0365 0.0008047378541 -0.001207106781)
(0.0365 0.001207106781 -0.001207106781)
(0.0365 -0.001138071187 -0.001138071187)
(0.0365 -0.000758714125 -0.001138071187)
(0.0365 -0.0003793570625 -0.001138071187)
(0.0365 0 -0.001138071187)
(0.0365 0.0003793570625 -0.001138071187)
(0.0365 0.000758714125 -0.001138071187)
(0.0365 0.001138071187 -0.001138071187)
(0.0365 -0.001069035594 -0.001069035594)
(0.0365 -0.0007126903958 -0.001069035594)
(0.0365 -0.0003563451979 -0.001069035594)
(0.0365 0 -0.001069035594)
(0.0365 0.0003563451979 -0.001069035594)
(0.0365 0.0007126903958 -0.001069035594)
(0.0365 0.001069035594 -0.001069035594)
(0.0365 -0.001 -0.001)
(0.0365 -0.0006666666667 -0.001)
(0.0365 -0.0003333333333 -0.001)
(0.0365 0 -0.001)
(0.0365 0.0003333333333 -0.001)
(0.0365 0.0006666666667 -0.001)
(0.0365 0.001 -0.001)
(0.037 -0.001414213562 -0.001414213562)
(0.037 -0.0009428090416 -0.001414213562)
(0.037 -0.0004714045208 -0.001414213562)
(0.037 0 -0.001414213562)
(0.037 0.0004714045208 -0.001414213562)
(0.037 0.0009428090416 -0.001414213562)
(0.037 0.001414213562 -0.001414213562)
(0.037 -0.001345177969 -0.001345177969)
(0.037 -0.0008967853124 -0.001345177969)
(0.037 -0.0004483926562 -0.001345177969)
(0.037 0 -0.001345177969)
(0.037 0.0004483926562 -0.001345177969)
(0.037 0.0008967853124 -0.001345177969)
(0.037 0.001345177969 -0.001345177969)
(0.037 -0.001276142375 -0.001276142375)
(0.037 -0.0008507615833 -0.001276142375)
(0.037 -0.0004253807916 -0.001276142375)
(0.037 0 -0.001276142375)
(0.037 0.0004253807916 -0.001276142375)
(0.037 0.0008507615833 -0.001276142375)
(0.037 0.001276142375 -0.001276142375)
(0.037 -0.001207106781 -0.001207106781)
(0.037 -0.0008047378541 -0.001207106781)
(0.037 -0.0004023689271 -0.001207106781)
(0.037 0 -0.001207106781)
(0.037 0.0004023689271 -0.001207106781)
(0.037 0.0008047378541 -0.001207106781)
(0.037 0.001207106781 -0.001207106781)
(0.037 -0.001138071187 -0.001138071187)
(0.037 -0.000758714125 -0.001138071187)
(0.037 -0.0003793570625 -0.001138071187)
(0.037 0 -0.001138071187)
(0.037 0.0003793570625 -0.001138071187)
(0.037 0.000758714125 -0.001138071187)
(0.037 0.001138071187 -0.001138071187)
(0.037 -0.001069035594 -0.001069035594)
(0.037 -0.0007126903958 -0.001069035594)
(0.037 -0.0003563451979 -0.001069035594)
(0.037 0 -0.001069035594)
(0.037 0.0003563451979 -0.001069035594)
(0.037 0.0007126903958 -0.001069035594)
(0.037 0.001069035594 -0.001069035594)
(0.037 -0.001 -0.001)
(0.037 -0.0006666666667 -0.001)
(0.037 -0.0003333333333 -0.001)
(0.037 0 -0.001)
(0.037 0.0003333333333 -0.001)
(0.037 0.0006666666667 -0.001)
(0.037 0.001 -0.001)
(0.0375 -0.001414213562 -0.001414213562)
(0.0375 -0.0009428090416 -0.001414213562)
(0.0375 -0.0004714045208 -0.001414213562)
(0.0375 0 -0.001414213562)
(0.0375 0.0004714045208 -0.001414213562)
(0.0375 0.0009428090416 -0.001414213562)
(0.0375 0.001414213562 -0.001414213562)
(0.0375 -0.001345177969 -0.001345177969)
(0.0375 -0.0008967853124 -0.001345177969)
(0.0375 -0.0004483926562 -0.001345177969)
(0.0375 0 -0.001345177969)
(0.0375 0.0004483926562 -0.001345177969)
(0.0375 0.0008967853124 -0.001345177969)
(0.0375 0.001345177969 -0.001345177969)
(0.0375 -0.001276142375 -0.001276142375)
(0.0375 -0.0008507615833 -0.001276142375)
(0.0375 -0.0004253807916 -0.001276142375)
(0.0375 0 -0.001276142375)
(0.0375 0.0004253807916 -0.001276142375)
(0.0375 0.0008507615833 -0.001276142375)
(0.0375 0.001276142375 -0.001276142375)
(0.0375 -0.001207106781 -0.001207106781)
(0.0375 -0.0008047378541 -0.001207106781)
(0.0375 -0.0004023689271 -0.001207106781)
(0.0375 0 -0.001207106781)
(0.0375 0.0004023689271 -0.001207106781)
(0.0375 0.0008047378541 -0.001207106781)
(0.0375 0.001207106781 -0.001207106781)
(0.0375 -0.001138071187 -0.001138071187)
(0.0375 -0.000758714125 -0.001138071187)
(0.0375 -0.0003793570625 -0.001138071187)
(0.0375 0 -0.001138071187)
(0.0375 0.0003793570625 -0.001138071187)
(0.0375 0.000758714125 -0.001138071187)
(0.0375 0.001138071187 -0.001138071187)
(0.0375 -0.001069035594 -0.001069035594)
(0.0375 -0.0007126903958 -0.001069035594)
(0.0375 -0.0003563451979 -0.001069035594)
(0.0375 0 -0.001069035594)
(0.0375 0.0003563451979 -0.001069035594)
(0.0375 0.0007126903958 -0.001069035594)
(0.0375 0.001069035594 -0.001069035594)
(0.0375 -0.001 -0.001)
(0.0375 -0.0006666666667 -0.001)
(0.0375 -0.0003333333333 -0.001)
(0.0375 0 -0.001)
(0.0375 0.0003333333333 -0.001)
(0.0375 0.0006666666667 -0.001)
(0.0375 0.001 -0.001)
(0.038 -0.001414213562 -0.001414213562)
(0.038 -0.0009428090416 -0.001414213562)
(0.038 -0.0004714045208 -0.001414213562)
(0.038 0 -0.001414213562)
(0.038 0.0004714045208 -0.001414213562)
(0.038 0.0009428090416 -0.001414213562)
(0.038 0.001414213562 -0.001414213562)
(0.038 -0.001345177969 -0.001345177969)
(0.038 -0.0008967853124 -0.001345177969)
(0.038 -0.0004483926562 -0.001345177969)
(0.038 0 -0.001345177969)
(0.038 0.0004483926562 -0.001345177969)
(0.038 0.0008967853124 -0.001345177969)
(0.038 0.001345177969 -0.001345177969)
(0.038 -0.001276142375 -0.001276142375)
(0.038 -0.0008507615833 -0.001276142375)
(0.038 -0.0004253807916 -0.001276142375)
(0.038 0 -0.001276142375)
(0.038 0.0004253807916 -0.001276142375)
(0.038 0.0008507615833 -0.001276142375)
(0.038 0.001276142375 -0.001276142375)
(0.038 -0.001207106781 -0.001207106781)
(0.038 -0.0008047378541 -0.001207106781)
(0.038 -0.0004023689271 -0.001207106781)
(0.038 0 -0.001207106781)
(0.038 0.0004023689271 -0.001207106781)
(0.038 0.0008047378541 -0.001207106781)
(0.038 0.001207106781 -0.001207106781)
(0.038 -0.001138071187 -0.001138071187)
(0.038 -0.000758714125 -0.001138071187)
(0.038 -0.0003793570625 -0.001138071187)
(0.038 0 -0.001138071187)
(0.038 0.0003793570625 -0.001138071187)
(0.038 0.000758714125 -0.001138071187)
(0.038 0.001138071187 -0.001138071187)
(0.038 -0.001069035594 -0.001069035594)
(0.038 -0.0007126903958 -0.001069035594)
(0.038 -0.0003563451979 -0.001069035594)
(0.038 0 -0.001069035594)
(0.038 0.0003563451979 -0.001069035594)
(0.038 0.0007126903958 -0.001069035594)
(0.038 0.001069035594 -0.001069035594)
(0.038 -0.001 -0.001)
(0.038 -0.0006666666667 -0.001)
(0.038 -0.0003333333333 -0.001)
(0.038 0 -0.001)
(0.038 0.0003333333333 -0.001)
(0.038 0.0006666666667 -0.001)
(0.038 0.001 -0.001)
(0.0385 -0.001414213562 -0.001414213562)
(0.0385 -0.0009428090416 -0.001414213562)
(0.0385 -0.0004714045208 -0.001414213562)
(0.0385 0 -0.001414213562)
(0.0385 0.0004714045208 -0.001414213562)
(0.0385 0.0009428090416 -0.001414213562)
(0.0385 0.001414213562 -0.001414213562)
(0.0385 -0.001345177969 -0.001345177969)
(0.0385 -0.0008967853124 -0.001345177969)
(0.0385 -0.0004483926562 -0.001345177969)
(0.0385 0 -0.001345177969)
(0.0385 0.0004483926562 -0.001345177969)
(0.0385 0.0008967853124 -0.001345177969)
(0.0385 0.001345177969 -0.001345177969)
(0.0385 -0.001276142375 -0.001276142375)
(0.0385 -0.0008507615833 -0.001276142375)
(0.0385 -0.0004253807916 -0.001276142375)
(0.0385 0 -0.001276142375)
(0.0385 0.0004253807916 -0.001276142375)
(0.0385 0.0008507615833 -0.001276142375)
(0.0385 0.001276142375 -0.001276142375)
(0.0385 -0.001207106781 -0.001207106781)
(0.0385 -0.0008047378541 -0.001207106781)
(0.0385 -0.0004023689271 -0.001207106781)
(0.0385 0 -0.001207106781)
(0.0385 0.0004023689271 -0.001207106781)
(0.0385 0.0008047378541 -0.001207106781)
(0.0385 0.001207106781 -0.001207106781)
(0.0385 -0.001138071187 -0.001138071187)
(0.0385 -0.000758714125 -0.001138071187)
(0.0385 -0.0003793570625 -0.001138071187)
(0.0385 0 -0.001138071187)
(0.0385 0.0003793570625 -0.001138071187)
(0.0385 0.000758714125 -0.001138071187)
(0.0385 0.001138071187 -0.001138071187)
(0.0385 -0.001069035594 -0.001069035594)
(0.0385 -0.0007126903958 -0.001069035594)
(0.0385 -0.0003563451979 -0.001069035594)
(0.0385 0 -0.001069035594)
(0.0385 0.0003563451979 -0.001069035594)
(0.0385 0.0007126903958 -0.001069035594)
(0.0385 0.001069035594 -0.001069035594)
(0.0385 -0.001 -0.001)
(0.0385 -0.0006666666667 -0.001)
(0.0385 -0.0003333333333 -0.001)
(0.0385 0 -0.001)
(0.0385 0.0003333333333 -0.001)
(0.0385 0.0006666666667 -0.001)
(0.0385 0.001 -0.001)
(0.039 -0.001414213562 -0.001414213562)
(0.039 -0.0009428090416 -0.001414213562)
(0.039 -0.0004714045208 -0.001414213562)
(0.039 0 -0.001414213562)
(0.039 0.0004714045208 -0.001414213562)
(0.039 0.0009428090416 -0.001414213562)
(0.039 0.001414213562 -0.001414213562)
(0.039 -0.001345177969 -0.001345177969)
(0.039 -0.0008967853124 -0.001345177969)
(0.039 -0.0004483926562 -0.001345177969)
(0.039 0 -0.001345177969)
(0.039 0.0004483926562 -0.001345177969)
(0.039 0.0008967853124 -0.001345177969)
(0.039 0.001345177969 -0.001345177969)
(0.039 -0.001276142375 -0.001276142375)
(0.039 -0.0008507615833 -0.001276142375)
(0.039 -0.0004253807916 -0.001276142375)
(0.039 0 -0.001276142375)
(0.039 0.0004253807916 -0.001276142375)
(0.039 0.0008507615833 -0.001276142375)
(0.039 0.001276142375 -0.001276142375)
(0.039 -0.001207106781 -0.001207106781)
(0.039 -0.0008047378541 -0.001207106781)
(0.039 -0.0004023689271 -0.001207106781)
(0.039 0 -0.001207106781)
(0.039 0.0004023689271 -0.001207106781)
(0.039 0.0008047378541 -0.001207106781)
(0.039 0.001207106781 -0.001207106781)
(0.039 -0.001138071187 -0.001138071187)
(0.039 -0.000758714125 -0.001138071187)
(0.039 -0.0003793570625 -0.001138071187)
(0.039 0 -0.001138071187)
(0.039 0.0003793570625 -0.001138071187)
(0.039 0.000758714125 -0.001138071187)
(0.039 0.001138071187 -0.001138071187)
(0.039 -0.001069035594 -0.001069035594)
(0.039 -0.0007126903958 -0.001069035594)
(0.039 -0.0003563451979 -0.001069035594)
(0.039 0 -0.001069035594)
(0.039 0.0003563451979 -0.001069035594)
(0.039 0.0007126903958 -0.001069035594)
(0.039 0.001069035594 -0.001069035594)
(0.039 -0.001 -0.001)
(0.039 -0.0006666666667 -0.001)
(0.039 -0.0003333333333 -0.001)
(0.039 0 -0.001)
(0.039 0.0003333333333 -0.001)
(0.039 0.0006666666667 -0.001)
(0.039 0.001 -0.001)
(0.0395 -0.001414213562 -0.001414213562)
(0.0395 -0.0009428090416 -0.001414213562)
(0.0395 -0.0004714045208 -0.001414213562)
(0.0395 0 -0.001414213562)
(0.0395 0.0004714045208 -0.001414213562)
(0.0395 0.0009428090416 -0.001414213562)
(0.0395 0.001414213562 -0.001414213562)
(0.0395 -0.001345177969 -0.001345177969)
(0.0395 -0.0008967853124 -0.001345177969)
(0.0395 -0.0004483926562 -0.001345177969)
(0.0395 0 -0.001345177969)
(0.0395 0.0004483926562 -0.001345177969)
(0.0395 0.0008967853124 -0.001345177969)
(0.0395 0.001345177969 -0.001345177969)
(0.0395 -0.001276142375 -0.001276142375)
(0.0395 -0.0008507615833 -0.001276142375)
(0.0395 -0.0004253807916 -0.001276142375)
(0.0395 0 -0.001276142375)
(0.0395 0.0004253807916 -0.001276142375)
(0.0395 0.0008507615833 -0.001276142375)
(0.0395 0.001276142375 -0.001276142375)
(0.0395 -0.001207106781 -0.001207106781)
(0.0395 -0.0008047378541 -0.001207106781)
(0.0395 -0.0004023689271 -0.001207106781)
(0.0395 0 -0.001207106781)
(0.0395 0.0004023689271 -0.001207106781)
(0.0395 0.0008047378541 -0.001207106781)
(0.0395 0.001207106781 -0.001207106781)
(0.0395 -0.001138071187 -0.001138071187)
(0.0395 -0.000758714125 -0.001138071187)
(0.0395 -0.0003793570625 -0.001138071187)
(0.0395 0 -0.001138071187)
(0.0395 0.0003793570625 -0.001138071187)
(0.0395 0.000758714125 -0.001138071187)
(0.0395 0.001138071187 -0.001138071187)
(0.0395 -0.001069035594 -0.001069035594)
(0.0395 -0.0007126903958 -0.001069035594)
(0.0395 -0.0003563451979 -0.001069035594)
(0.0395 0 -0.001069035594)
(0.0395 0.0003563451979 -0.001069035594)
(0.0395 0.0007126903958 -0.001069035594)
(0.0395 0.001069035594 -0.001069035594)
(0.0395 -0.001 -0.001)
(0.0395 -0.0006666666667 -0.001)
(0.0395 -0.0003333333333 -0.001)
(0.0395 0 -0.001)
(0.0395 0.0003333333333 -0.001)
(0.0395 0.0006666666667 -0.001)
(0.0395 0.001 -0.001)
(0.04 -0.001414213562 -0.001414213562)
(0.04 -0.0009428090416 -0.001414213562)
(0.04 -0.0004714045208 -0.001414213562)
(0.04 0 -0.001414213562)
(0.04 0.0004714045208 -0.001414213562)
(0.04 0.0009428090416 -0.001414213562)
(0.04 0.001414213562 -0.001414213562)
(0.04 -0.001345177969 -0.001345177969)
(0.04 -0.0008967853124 -0.001345177969)
(0.04 -0.0004483926562 -0.001345177969)
(0.04 0 -0.001345177969)
(0.04 0.0004483926562 -0.001345177969)
(0.04 0.0008967853124 -0.001345177969)
(0.04 0.001345177969 -0.001345177969)
(0.04 -0.001276142375 -0.001276142375)
(0.04 -0.0008507615833 -0.001276142375)
(0.04 -0.0004253807916 -0.001276142375)
(0.04 0 -0.001276142375)
(0.04 0.0004253807916 -0.001276142375)
(0.04 0.0008507615833 -0.001276142375)
(0.04 0.001276142375 -0.001276142375)
(0.04 -0.001207106781 -0.001207106781)
(0.04 -0.0008047378541 -0.001207106781)
(0.04 -0.0004023689271 -0.001207106781)
(0.04 0 -0.001207106781)
(0.04 0.0004023689271 -0.001207106781)
(0.04 0.0008047378541 -0.001207106781)
(0.04 0.001207106781 -0.001207106781)
(0.04 -0.001138071187 -0.001138071187)
(0.04 -0.000758714125 -0.001138071187)
(0.04 -0.0003793570625 -0.001138071187)
(0.04 0 -0.001138071187)
(0.04 0.0003793570625 -0.001138071187)
(0.04 0.000758714125 -0.001138071187)
(0.04 0.001138071187 -0.001138071187)
(0.04 -0.001069035594 -0.001069035594)
(0.04 -0.0007126903958 -0.001069035594)
(0.04 -0.0003563451979 -0.001069035594)
(0.04 0 -0.001069035594)
(0.04 0.0003563451979 -0.001069035594)
(0.04 0.0007126903958 -0.001069035594)
(0.04 0.001069035594 -0.001069035594)
(0.04 -0.001 -0.001)
(0.04 -0.0006666666667 -0.001)
(0.04 -0.0003333333333 -0.001)
(0.04 0 -0.001)
(0.04 0.0003333333333 -0.001)
(0.04 0.0006666666667 -0.001)
(0.04 0.001 -0.001)
(0.0405 -0.001414213562 -0.001414213562)
(0.0405 -0.0009428090416 -0.001414213562)
(0.0405 -0.0004714045208 -0.001414213562)
(0.0405 0 -0.001414213562)
(0.0405 0.0004714045208 -0.001414213562)
(0.0405 0.0009428090416 -0.001414213562)
(0.0405 0.001414213562 -0.001414213562)
(0.0405 -0.001345177969 -0.001345177969)
(0.0405 -0.0008967853124 -0.001345177969)
(0.0405 -0.0004483926562 -0.001345177969)
(0.0405 0 -0.001345177969)
(0.0405 0.0004483926562 -0.001345177969)
(0.0405 0.0008967853124 -0.001345177969)
(0.0405 0.001345177969 -0.001345177969)
(0.0405 -0.001276142375 -0.001276142375)
(0.0405 -0.0008507615833 -0.001276142375)
(0.0405 -0.0004253807916 -0.001276142375)
(0.0405 0 -0.001276142375)
(0.0405 0.0004253807916 -0.001276142375)
(0.0405 0.0008507615833 -0.001276142375)
(0.0405 0.001276142375 -0.001276142375)
(0.0405 -0.001207106781 -0.001207106781)
(0.0405 -0.0008047378541 -0.001207106781)
(0.0405 -0.0004023689271 -0.001207106781)
(0.0405 0 -0.001207106781)
(0.0405 0.0004023689271 -0.001207106781)
(0.0405 0.0008047378541 -0.001207106781)
(0.0405 0.001207106781 -0.001207106781)
(0.0405 -0.001138071187 -0.001138071187)
(0.0405 -0.000758714125 -0.001138071187)
(0.0405 -0.0003793570625 -0.001138071187)
(0.0405 0 -0.001138071187)
(0.0405 0.0003793570625 -0.001138071187)
(0.0405 0.000758714125 -0.001138071187)
(0.0405 0.001138071187 -0.001138071187)
(0.0405 -0.001069035594 -0.001069035594)
(0.0405 -0.0007126903958 -0.001069035594)
(0.0405 -0.0003563451979 -0.001069035594)
(0.0405 0 -0.001069035594)
(0.0405 0.0003563451979 -0.001069035594)
(0.0405 0.0007126903958 -0.001069035594)
(0.0405 0.001069035594 -0.001069035594)
(0.0405 -0.001 -0.001)
(0.0405 -0.0006666666667 -0.001)
(0.0405 -0.0003333333333 -0.001)
(0.0405 0 -0.001)
(0.0405 0.0003333333333 -0.001)
(0.0405 0.0006666666667 -0.001)
(0.0405 0.001 -0.001)
(0.041 -0.001414213562 -0.001414213562)
(0.041 -0.0009428090416 -0.001414213562)
(0.041 -0.0004714045208 -0.001414213562)
(0.041 0 -0.001414213562)
(0.041 0.0004714045208 -0.001414213562)
(0.041 0.0009428090416 -0.001414213562)
(0.041 0.001414213562 -0.001414213562)
(0.041 -0.001345177969 -0.001345177969)
(0.041 -0.0008967853124 -0.001345177969)
(0.041 -0.0004483926562 -0.001345177969)
(0.041 0 -0.001345177969)
(0.041 0.0004483926562 -0.001345177969)
(0.041 0.0008967853124 -0.001345177969)
(0.041 0.001345177969 -0.001345177969)
(0.041 -0.001276142375 -0.001276142375)
(0.041 -0.0008507615833 -0.001276142375)
(0.041 -0.0004253807916 -0.001276142375)
(0.041 0 -0.001276142375)
(0.041 0.0004253807916 -0.001276142375)
(0.041 0.0008507615833 -0.001276142375)
(0.041 0.001276142375 -0.001276142375)
(0.041 -0.001207106781 -0.001207106781)
(0.041 -0.0008047378541 -0.001207106781)
(0.041 -0.0004023689271 -0.001207106781)
(0.041 0 -0.001207106781)
(0.041 0.0004023689271 -0.001207106781)
(0.041 0.0008047378541 -0.001207106781)
(0.041 0.001207106781 -0.001207106781)
(0.041 -0.001138071187 -0.001138071187)
(0.041 -0.000758714125 -0.001138071187)
(0.041 -0.0003793570625 -0.001138071187)
(0.041 0 -0.001138071187)
(0.041 0.0003793570625 -0.001138071187)
(0.041 0.000758714125 -0.001138071187)
(0.041 0.001138071187 -0.001138071187)
(0.041 -0.001069035594 -0.001069035594)
(0.041 -0.0007126903958 -0.001069035594)
(0.041 -0.0003563451979 -0.001069035594)
(0.041 0 -0.001069035594)
(0.041 0.0003563451979 -0.001069035594)
(0.041 0.0007126903958 -0.001069035594)
(0.041 0.001069035594 -0.001069035594)
(0.041 -0.001 -0.001)
(0.041 -0.0006666666667 -0.001)
(0.041 -0.0003333333333 -0.001)
(0.041 0 -0.001)
(0.041 0.0003333333333 -0.001)
(0.041 0.0006666666667 -0.001)
(0.041 0.001 -0.001)
(0.0415 -0.001414213562 -0.001414213562)
(0.0415 -0.0009428090416 -0.001414213562)
(0.0415 -0.0004714045208 -0.001414213562)
(0.0415 0 -0.001414213562)
(0.0415 0.0004714045208 -0.001414213562)
(0.0415 0.0009428090416 -0.001414213562)
(0.0415 0.001414213562 -0.001414213562)
(0.0415 -0.001345177969 -0.001345177969)
(0.0415 -0.0008967853124 -0.001345177969)
(0.0415 -0.0004483926562 -0.001345177969)
(0.0415 0 -0.001345177969)
(0.0415 0.0004483926562 -0.001345177969)
(0.0415 0.0008967853124 -0.001345177969)
(0.0415 0.001345177969 -0.001345177969)
(0.0415 -0.001276142375 -0.001276142375)
(0.0415 -0.0008507615833 -0.001276142375)
(0.0415 -0.0004253807916 -0.001276142375)
(0.0415 0 -0.001276142375)
(0.0415 0.0004253807916 -0.001276142375)
(0.0415 0.0008507615833 -0.001276142375)
(0.0415 0.001276142375 -0.001276142375)
(0.0415 -0.001207106781 -0.001207106781)
(0.0415 -0.0008047378541 -0.001207106781)
(0.0415 -0.0004023689271 -0.001207106781)
(0.0415 0 -0.001207106781)
(0.0415 0.0004023689271 -0.001207106781)
(0.0415 0.0008047378541 -0.001207106781)
(0.0415 0.001207106781 -0.001207106781)
(0.0415 -0.001138071187 -0.001138071187)
(0.0415 -0.000758714125 -0.001138071187)
(0.0415 -0.0003793570625 -0.001138071187)
(0.0415 0 -0.001138071187)
(0.0415 0.0003793570625 -0.001138071187)
(0.0415 0.000758714125 -0.001138071187)
(0.0415 0.001138071187 -0.001138071187)
(0.0415 -0.001069035594 -0.001069035594)
(0.0415 -0.0007126903958 -0.001069035594)
(0.0415 -0.0003563451979 -0.001069035594)
(0.0415 0 -0.001069035594)
(0.0415 0.0003563451979 -0.001069035594)
(0.0415 0.0007126903958 -0.001069035594)
(0.0415 0.001069035594 -0.001069035594)
(0.0415 -0.001 -0.001)
(0.0415 -0.0006666666667 -0.001)
(0.0415 -0.0003333333333 -0.001)
(0.0415 0 -0.001)
(0.0415 0.0003333333333 -0.001)
(0.0415 0.0006666666667 -0.001)
(0.0415 0.001 -0.001)
(0.042 -0.001414213562 -0.001414213562)
(0.042 -0.0009428090416 -0.001414213562)
(0.042 -0.0004714045208 -0.001414213562)
(0.042 0 -0.001414213562)
(0.042 0.0004714045208 -0.001414213562)
(0.042 0.0009428090416 -0.001414213562)
(0.042 0.001414213562 -0.001414213562)
(0.042 -0.001345177969 -0.001345177969)
(0.042 -0.0008967853124 -0.001345177969)
(0.042 -0.0004483926562 -0.001345177969)
(0.042 0 -0.001345177969)
(0.042 0.0004483926562 -0.001345177969)
(0.042 0.0008967853124 -0.001345177969)
(0.042 0.001345177969 -0.001345177969)
(0.042 -0.001276142375 -0.001276142375)
(0.042 -0.0008507615833 -0.001276142375)
(0.042 -0.0004253807916 -0.001276142375)
(0.042 0 -0.001276142375)
(0.042 0.0004253807916 -0.001276142375)
(0.042 0.0008507615833 -0.001276142375)
(0.042 0.001276142375 -0.001276142375)
(0.042 -0.001207106781 -0.001207106781)
(0.042 -0.0008047378541 -0.001207106781)
(0.042 -0.0004023689271 -0.001207106781)
(0.042 0 -0.001207106781)
(0.042 0.0004023689271 -0.001207106781)
(0.042 0.0008047378541 -0.001207106781)
(0.042 0.001207106781 -0.001207106781)
(0.042 -0.001138071187 -0.001138071187)
(0.042 -0.000758714125 -0.001138071187)
(0.042 -0.0003793570625 -0.001138071187)
(0.042 0 -0.001138071187)
(0.042 0.0003793570625 -0.001138071187)
(0.042 0.000758714125 -0.001138071187)
(0.042 0.001138071187 -0.001138071187)
(0.042 -0.001069035594 -0.001069035594)
(0.042 -0.0007126903958 -0.001069035594)
(0.042 -0.0003563451979 -0.001069035594)
(0.042 0 -0.001069035594)
(0.042 0.0003563451979 -0.001069035594)
(0.042 0.0007126903958 -0.001069035594)
(0.042 0.001069035594 -0.001069035594)
(0.042 -0.001 -0.001)
(0.042 -0.0006666666667 -0.001)
(0.042 -0.0003333333333 -0.001)
(0.042 0 -0.001)
(0.042 0.0003333333333 -0.001)
(0.042 0.0006666666667 -0.001)
(0.042 0.001 -0.001)
(0.0425 -0.001414213562 -0.001414213562)
(0.0425 -0.0009428090416 -0.001414213562)
(0.0425 -0.0004714045208 -0.001414213562)
(0.0425 0 -0.001414213562)
(0.0425 0.0004714045208 -0.001414213562)
(0.0425 0.0009428090416 -0.001414213562)
(0.0425 0.001414213562 -0.001414213562)
(0.0425 -0.001345177969 -0.001345177969)
(0.0425 -0.0008967853124 -0.001345177969)
(0.0425 -0.0004483926562 -0.001345177969)
(0.0425 0 -0.001345177969)
(0.0425 0.0004483926562 -0.001345177969)
(0.0425 0.0008967853124 -0.001345177969)
(0.0425 0.001345177969 -0.001345177969)
(0.0425 -0.001276142375 -0.001276142375)
(0.0425 -0.0008507615833 -0.001276142375)
(0.0425 -0.0004253807916 -0.001276142375)
(0.0425 0 -0.001276142375)
(0.0425 0.0004253807916 -0.001276142375)
(0.0425 0.0008507615833 -0.001276142375)
(0.0425 0.001276142375 -0.001276142375)
(0.0425 -0.001207106781 -0.001207106781)
(0.0425 -0.0008047378541 -0.001207106781)
(0.0425 -0.0004023689271 -0.001207106781)
(0.0425 0 -0.001207106781)
(0.0425 0.0004023689271 -0.001207106781)
(0.0425 0.0008047378541 -0.001207106781)
(0.0425 0.001207106781 -0.001207106781)
(0.0425 -0.001138071187 -0.001138071187)
(0.0425 -0.000758714125 -0.001138071187)
(0.0425 -0.0003793570625 -0.001138071187)
(0.0425 0 -0.001138071187)
(0.0425 0.0003793570625 -0.001138071187)
(0.0425 0.000758714125 -0.001138071187)
(0.0425 0.001138071187 -0.001138071187)
(0.0425 -0.001069035594 -0.001069035594)
(0.0425 -0.0007126903958 -0.001069035594)
(0.0425 -0.0003563451979 -0.001069035594)
(0.0425 0 -0.001069035594)
(0.0425 0.0003563451979 -0.001069035594)
(0.0425 0.0007126903958 -0.001069035594)
(0.0425 0.001069035594 -0.001069035594)
(0.0425 -0.001 -0.001)
(0.0425 -0.0006666666667 -0.001)
(0.0425 -0.0003333333333 -0.001)
(0.0425 0 -0.001)
(0.0425 0.0003333333333 -0.001)
(0.0425 0.0006666666667 -0.001)
(0.0425 0.001 -0.001)
(0.043 -0.001414213562 -0.001414213562)
(0.043 -0.0009428090416 -0.001414213562)
(0.043 -0.0004714045208 -0.001414213562)
(0.043 0 -0.001414213562)
(0.043 0.0004714045208 -0.001414213562)
(0.043 0.0009428090416 -0.001414213562)
(0.043 0.001414213562 -0.001414213562)
(0.043 -0.001345177969 -0.001345177969)
(0.043 -0.0008967853124 -0.001345177969)
(0.043 -0.0004483926562 -0.001345177969)
(0.043 0 -0.001345177969)
(0.043 0.0004483926562 -0.001345177969)
(0.043 0.0008967853124 -0.001345177969)
(0.043 0.001345177969 -0.001345177969)
(0.043 -0.001276142375 -0.001276142375)
(0.043 -0.0008507615833 -0.001276142375)
(0.043 -0.0004253807916 -0.001276142375)
(0.043 0 -0.001276142375)
(0.043 0.0004253807916 -0.001276142375)
(0.043 0.0008507615833 -0.001276142375)
(0.043 0.001276142375 -0.001276142375)
(0.043 -0.001207106781 -0.001207106781)
(0.043 -0.0008047378541 -0.001207106781)
(0.043 -0.0004023689271 -0.001207106781)
(0.043 0 -0.001207106781)
(0.043 0.0004023689271 -0.001207106781)
(0.043 0.0008047378541 -0.001207106781)
(0.043 0.001207106781 -0.001207106781)
(0.043 -0.001138071187 -0.001138071187)
(0.043 -0.000758714125 -0.001138071187)
(0.043 -0.0003793570625 -0.001138071187)
(0.043 0 -0.001138071187)
(0.043 0.0003793570625 -0.001138071187)
(0.043 0.000758714125 -0.001138071187)
(0.043 0.001138071187 -0.001138071187)
(0.043 -0.001069035594 -0.001069035594)
(0.043 -0.0007126903958 -0.001069035594)
(0.043 -0.0003563451979 -0.001069035594)
(0.043 0 -0.001069035594)
(0.043 0.0003563451979 -0.001069035594)
(0.043 0.0007126903958 -0.001069035594)
(0.043 0.001069035594 -0.001069035594)
(0.043 -0.001 -0.001)
(0.043 -0.0006666666667 -0.001)
(0.043 -0.0003333333333 -0.001)
(0.043 0 -0.001)
(0.043 0.0003333333333 -0.001)
(0.043 0.0006666666667 -0.001)
(0.043 0.001 -0.001)
(0.0435 -0.001414213562 -0.001414213562)
(0.0435 -0.0009428090416 -0.001414213562)
(0.0435 -0.0004714045208 -0.001414213562)
(0.0435 0 -0.001414213562)
(0.0435 0.0004714045208 -0.001414213562)
(0.0435 0.0009428090416 -0.001414213562)
(0.0435 0.001414213562 -0.001414213562)
(0.0435 -0.001345177969 -0.001345177969)
(0.0435 -0.0008967853124 -0.001345177969)
(0.0435 -0.0004483926562 -0.001345177969)
(0.0435 0 -0.001345177969)
(0.0435 0.0004483926562 -0.001345177969)
(0.0435 0.0008967853124 -0.001345177969)
(0.0435 0.001345177969 -0.001345177969)
(0.0435 -0.001276142375 -0.001276142375)
(0.0435 -0.0008507615833 -0.001276142375)
(0.0435 -0.0004253807916 -0.001276142375)
(0.0435 0 -0.001276142375)
(0.0435 0.0004253807916 -0.001276142375)
(0.0435 0.0008507615833 -0.001276142375)
(0.0435 0.001276142375 -0.001276142375)
(0.0435 -0.001207106781 -0.001207106781)
(0.0435 -0.0008047378541 -0.001207106781)
(0.0435 -0.0004023689271 -0.001207106781)
(0.0435 0 -0.001207106781)
(0.0435 0.0004023689271 -0.001207106781)
(0.0435 0.0008047378541 -0.001207106781)
(0.0435 0.001207106781 -0.001207106781)
(0.0435 -0.001138071187 -0.001138071187)
(0.0435 -0.000758714125 -0.001138071187)
(0.0435 -0.0003793570625 -0.001138071187)
(0.0435 0 -0.001138071187)
(0.0435 0.0003793570625 -0.001138071187)
(0.0435 0.000758714125 -0.001138071187)
(0.0435 0.001138071187 -0.001138071187)
(0.0435 -0.001069035594 -0.001069035594)
(0.0435 -0.0007126903958 -0.001069035594)
(0.0435 -0.0003563451979 -0.001069035594)
(0.0435 0 -0.001069035594)
(0.0435 0.0003563451979 -0.001069035594)
(0.0435 0.0007126903958 -0.001069035594)
(0.0435 0.001069035594 -0.001069035594)
(0.0435 -0.001 -0.001)
(0.0435 -0.0006666666667 -0.001)
(0.0435 -0.0003333333333 -0.001)
(0.0435 0 -0.001)
(0.0435 0.0003333333333 -0.001)
(0.0435 0.0006666666667 -0.001)
(0.0435 0.001 -0.001)
(0.044 -0.001414213562 -0.001414213562)
(0.044 -0.0009428090416 -0.001414213562)
(0.044 -0.0004714045208 -0.001414213562)
(0.044 0 -0.001414213562)
(0.044 0.0004714045208 -0.001414213562)
(0.044 0.0009428090416 -0.001414213562)
(0.044 0.001414213562 -0.001414213562)
(0.044 -0.001345177969 -0.001345177969)
(0.044 -0.0008967853124 -0.001345177969)
(0.044 -0.0004483926562 -0.001345177969)
(0.044 0 -0.001345177969)
(0.044 0.0004483926562 -0.001345177969)
(0.044 0.0008967853124 -0.001345177969)
(0.044 0.001345177969 -0.001345177969)
(0.044 -0.001276142375 -0.001276142375)
(0.044 -0.0008507615833 -0.001276142375)
(0.044 -0.0004253807916 -0.001276142375)
(0.044 0 -0.001276142375)
(0.044 0.0004253807916 -0.001276142375)
(0.044 0.0008507615833 -0.001276142375)
(0.044 0.001276142375 -0.001276142375)
(0.044 -0.001207106781 -0.001207106781)
(0.044 -0.0008047378541 -0.001207106781)
(0.044 -0.0004023689271 -0.001207106781)
(0.044 0 -0.001207106781)
(0.044 0.0004023689271 -0.001207106781)
(0.044 0.0008047378541 -0.001207106781)
(0.044 0.001207106781 -0.001207106781)
(0.044 -0.001138071187 -0.001138071187)
(0.044 -0.000758714125 -0.001138071187)
(0.044 -0.0003793570625 -0.001138071187)
(0.044 0 -0.001138071187)
(0.044 0.0003793570625 -0.001138071187)
(0.044 0.000758714125 -0.001138071187)
(0.044 0.001138071187 -0.001138071187)
(0.044 -0.001069035594 -0.001069035594)
(0.044 -0.0007126903958 -0.001069035594)
(0.044 -0.0003563451979 -0.001069035594)
(0.044 0 -0.001069035594)
(0.044 0.0003563451979 -0.001069035594)
(0.044 0.0007126903958 -0.001069035594)
(0.044 0.001069035594 -0.001069035594)
(0.044 -0.001 -0.001)
(0.044 -0.0006666666667 -0.001)
(0.044 -0.0003333333333 -0.001)
(0.044 0 -0.001)
(0.044 0.0003333333333 -0.001)
(0.044 0.0006666666667 -0.001)
(0.044 0.001 -0.001)
(0.0445 -0.001414213562 -0.001414213562)
(0.0445 -0.0009428090416 -0.001414213562)
(0.0445 -0.0004714045208 -0.001414213562)
(0.0445 0 -0.001414213562)
(0.0445 0.0004714045208 -0.001414213562)
(0.0445 0.0009428090416 -0.001414213562)
(0.0445 0.001414213562 -0.001414213562)
(0.0445 -0.001345177969 -0.001345177969)
(0.0445 -0.0008967853124 -0.001345177969)
(0.0445 -0.0004483926562 -0.001345177969)
(0.0445 0 -0.001345177969)
(0.0445 0.0004483926562 -0.001345177969)
(0.0445 0.0008967853124 -0.001345177969)
(0.0445 0.001345177969 -0.001345177969)
(0.0445 -0.001276142375 -0.001276142375)
(0.0445 -0.0008507615833 -0.001276142375)
(0.0445 -0.0004253807916 -0.001276142375)
(0.0445 0 -0.001276142375)
(0.0445 0.0004253807916 -0.001276142375)
(0.0445 0.0008507615833 -0.001276142375)
(0.0445 0.001276142375 -0.001276142375)
(0.0445 -0.001207106781 -0.001207106781)
(0.0445 -0.0008047378541 -0.001207106781)
(0.0445 -0.0004023689271 -0.001207106781)
(0.0445 0 -0.001207106781)
(0.0445 0.0004023689271 -0.001207106781)
(0.0445 0.0008047378541 -0.001207106781)
(0.0445 0.001207106781 -0.001207106781)
(0.0445 -0.001138071187 -0.001138071187)
(0.0445 -0.000758714125 -0.001138071187)
(0.0445 -0.0003793570625 -0.001138071187)
(0.0445 0 -0.001138071187)
(0.0445 0.0003793570625 -0.001138071187)
(0.0445 0.000758714125 -0.001138071187)
(0.0445 0.001138071187 -0.001138071187)
(0.0445 -0.001069035594 -0.001069035594)
(0.0445 -0.0007126903958 -0.001069035594)
(0.0445 -0.0003563451979 -0.001069035594)
(0.0445 0 -0.001069035594)
(0.0445 0.0003563451979 -0.001069035594)
(0.0445 0.0007126903958 -0.001069035594)
(0.0445 0.001069035594 -0.001069035594)
(0.0445 -0.001 -0.001)
(0.0445 -0.0006666666667 -0.001)
(0.0445 -0.0003333333333 -0.001)
(0.0445 0 -0.001)
(0.0445 0.0003333333333 -0.001)
(0.0445 0.0006666666667 -0.001)
(0.0445 0.001 -0.001)
(0.045 -0.001414213562 -0.001414213562)
(0.045 -0.0009428090416 -0.001414213562)
(0.045 -0.0004714045208 -0.001414213562)
(0.045 0 -0.001414213562)
(0.045 0.0004714045208 -0.001414213562)
(0.045 0.0009428090416 -0.001414213562)
(0.045 0.001414213562 -0.001414213562)
(0.045 -0.001345177969 -0.001345177969)
(0.045 -0.0008967853124 -0.001345177969)
(0.045 -0.0004483926562 -0.001345177969)
(0.045 0 -0.001345177969)
(0.045 0.0004483926562 -0.001345177969)
(0.045 0.0008967853124 -0.001345177969)
(0.045 0.001345177969 -0.001345177969)
(0.045 -0.001276142375 -0.001276142375)
(0.045 -0.0008507615833 -0.001276142375)
(0.045 -0.0004253807916 -0.001276142375)
(0.045 0 -0.001276142375)
(0.045 0.0004253807916 -0.001276142375)
(0.045 0.0008507615833 -0.001276142375)
(0.045 0.001276142375 -0.001276142375)
(0.045 -0.001207106781 -0.001207106781)
(0.045 -0.0008047378541 -0.001207106781)
(0.045 -0.0004023689271 -0.001207106781)
(0.045 0 -0.001207106781)
(0.045 0.0004023689271 -0.001207106781)
(0.045 0.0008047378541 -0.001207106781)
(0.045 0.001207106781 -0.001207106781)
(0.045 -0.001138071187 -0.001138071187)
(0.045 -0.000758714125 -0.001138071187)
(0.045 -0.0003793570625 -0.001138071187)
(0.045 0 -0.001138071187)
(0.045 0.0003793570625 -0.001138071187)
(0.045 0.000758714125 -0.001138071187)
(0.045 0.001138071187 -0.001138071187)
(0.045 -0.001069035594 -0.001069035594)
(0.045 -0.0007126903958 -0.001069035594)
(0.045 -0.0003563451979 -0.001069035594)
(0.045 0 -0.001069035594)
(0.045 0.0003563451979 -0.001069035594)
(0.045 0.0007126903958 -0.001069035594)
(0.045 0.001069035594 -0.001069035594)
(0.045 -0.001 -0.001)
(0.045 -0.0006666666667 -0.001)
(0.045 -0.0003333333333 -0.001)
(0.045 0 -0.001)
(0.045 0.0003333333333 -0.001)
(0.045 0.0006666666667 -0.001)
(0.045 0.001 -0.001)
(0.0455 -0.001414213562 -0.001414213562)
(0.0455 -0.0009428090416 -0.001414213562)
(0.0455 -0.0004714045208 -0.001414213562)
(0.0455 0 -0.001414213562)
(0.0455 0.0004714045208 -0.001414213562)
(0.0455 0.0009428090416 -0.001414213562)
(0.0455 0.001414213562 -0.001414213562)
(0.0455 -0.001345177969 -0.001345177969)
(0.0455 -0.0008967853124 -0.001345177969)
(0.0455 -0.0004483926562 -0.001345177969)
(0.0455 0 -0.001345177969)
(0.0455 0.0004483926562 -0.001345177969)
(0.0455 0.0008967853124 -0.001345177969)
(0.0455 0.001345177969 -0.001345177969)
(0.0455 -0.001276142375 -0.001276142375)
(0.0455 -0.0008507615833 -0.001276142375)
(0.0455 -0.0004253807916 -0.001276142375)
(0.0455 0 -0.001276142375)
(0.0455 0.0004253807916 -0.001276142375)
(0.0455 0.0008507615833 -0.001276142375)
(0.0455 0.001276142375 -0.001276142375)
(0.0455 -0.001207106781 -0.001207106781)
(0.0455 -0.0008047378541 -0.001207106781)
(0.0455 -0.0004023689271 -0.001207106781)
(0.0455 0 -0.001207106781)
(0.0455 0.0004023689271 -0.001207106781)
(0.0455 0.0008047378541 -0.001207106781)
(0.0455 0.001207106781 -0.001207106781)
(0.0455 -0.001138071187 -0.001138071187)
(0.0455 -0.000758714125 -0.001138071187)
(0.0455 -0.0003793570625 -0.001138071187)
(0.0455 0 -0.001138071187)
(0.0455 0.0003793570625 -0.001138071187)
(0.0455 0.000758714125 -0.001138071187)
(0.0455 0.001138071187 -0.001138071187)
(0.0455 -0.001069035594 -0.001069035594)
(0.0455 -0.0007126903958 -0.001069035594)
(0.0455 -0.0003563451979 -0.001069035594)
(0.0455 0 -0.001069035594)
(0.0455 0.0003563451979 -0.001069035594)
(0.0455 0.0007126903958 -0.001069035594)
(0.0455 0.001069035594 -0.001069035594)
(0.0455 -0.001 -0.001)
(0.0455 -0.0006666666667 -0.001)
(0.0455 -0.0003333333333 -0.001)
(0.0455 0 -0.001)
(0.0455 0.0003333333333 -0.001)
(0.0455 0.0006666666667 -0.001)
(0.0455 0.001 -0.001)
(0.046 -0.001414213562 -0.001414213562)
(0.046 -0.0009428090416 -0.001414213562)
(0.046 -0.0004714045208 -0.001414213562)
(0.046 0 -0.001414213562)
(0.046 0.0004714045208 -0.001414213562)
(0.046 0.0009428090416 -0.001414213562)
(0.046 0.001414213562 -0.001414213562)
(0.046 -0.001345177969 -0.001345177969)
(0.046 -0.0008967853124 -0.001345177969)
(0.046 -0.0004483926562 -0.001345177969)
(0.046 0 -0.001345177969)
(0.046 0.0004483926562 -0.001345177969)
(0.046 0.0008967853124 -0.001345177969)
(0.046 0.001345177969 -0.001345177969)
(0.046 -0.001276142375 -0.001276142375)
(0.046 -0.0008507615833 -0.001276142375)
(0.046 -0.0004253807916 -0.001276142375)
(0.046 0 -0.001276142375)
(0.046 0.0004253807916 -0.001276142375)
(0.046 0.0008507615833 -0.001276142375)
(0.046 0.001276142375 -0.001276142375)
(0.046 -0.001207106781 -0.001207106781)
(0.046 -0.0008047378541 -0.001207106781)
(0.046 -0.0004023689271 -0.001207106781)
(0.046 0 -0.001207106781)
(0.046 0.0004023689271 -0.001207106781)
(0.046 0.0008047378541 -0.001207106781)
(0.046 0.001207106781 -0.001207106781)
(0.046 -0.001138071187 -0.001138071187)
(0.046 -0.000758714125 -0.001138071187)
(0.046 -0.0003793570625 -0.001138071187)
(0.046 0 -0.001138071187)
(0.046 0.0003793570625 -0.001138071187)
(0.046 0.000758714125 -0.001138071187)
(0.046 0.001138071187 -0.001138071187)
(0.046 -0.001069035594 -0.001069035594)
(0.046 -0.0007126903958 -0.001069035594)
(0.046 -0.0003563451979 -0.001069035594)
(0.046 0 -0.001069035594)
(0.046 0.0003563451979 -0.001069035594)
(0.046 0.0007126903958 -0.001069035594)
(0.046 0.001069035594 -0.001069035594)
(0.046 -0.001 -0.001)
(0.046 -0.0006666666667 -0.001)
(0.046 -0.0003333333333 -0.001)
(0.046 0 -0.001)
(0.046 0.0003333333333 -0.001)
(0.046 0.0006666666667 -0.001)
(0.046 0.001 -0.001)
(0.0465 -0.001414213562 -0.001414213562)
(0.0465 -0.0009428090416 -0.001414213562)
(0.0465 -0.0004714045208 -0.001414213562)
(0.0465 0 -0.001414213562)
(0.0465 0.0004714045208 -0.001414213562)
(0.0465 0.0009428090416 -0.001414213562)
(0.0465 0.001414213562 -0.001414213562)
(0.0465 -0.001345177969 -0.001345177969)
(0.0465 -0.0008967853124 -0.001345177969)
(0.0465 -0.0004483926562 -0.001345177969)
(0.0465 0 -0.001345177969)
(0.0465 0.0004483926562 -0.001345177969)
(0.0465 0.0008967853124 -0.001345177969)
(0.0465 0.001345177969 -0.001345177969)
(0.0465 -0.001276142375 -0.001276142375)
(0.0465 -0.0008507615833 -0.001276142375)
(0.0465 -0.0004253807916 -0.001276142375)
(0.0465 0 -0.001276142375)
(0.0465 0.0004253807916 -0.001276142375)
(0.0465 0.0008507615833 -0.001276142375)
(0.0465 0.001276142375 -0.001276142375)
(0.0465 -0.001207106781 -0.001207106781)
(0.0465 -0.0008047378541 -0.001207106781)
(0.0465 -0.0004023689271 -0.001207106781)
(0.0465 0 -0.001207106781)
(0.0465 0.0004023689271 -0.001207106781)
(0.0465 0.0008047378541 -0.001207106781)
(0.0465 0.001207106781 -0.001207106781)
(0.0465 -0.001138071187 -0.001138071187)
(0.0465 -0.000758714125 -0.001138071187)
(0.0465 -0.0003793570625 -0.001138071187)
(0.0465 0 -0.001138071187)
(0.0465 0.0003793570625 -0.001138071187)
(0.0465 0.000758714125 -0.001138071187)
(0.0465 0.001138071187 -0.001138071187)
(0.0465 -0.001069035594 -0.001069035594)
(0.0465 -0.0007126903958 -0.001069035594)
(0.0465 -0.0003563451979 -0.001069035594)
(0.0465 0 -0.001069035594)
(0.0465 0.0003563451979 -0.001069035594)
(0.0465 0.0007126903958 -0.001069035594)
(0.0465 0.001069035594 -0.001069035594)
(0.0465 -0.001 -0.001)
(0.0465 -0.0006666666667 -0.001)
(0.0465 -0.0003333333333 -0.001)
(0.0465 0 -0.001)
(0.0465 0.0003333333333 -0.001)
(0.0465 0.0006666666667 -0.001)
(0.0465 0.001 -0.001)
(0.047 -0.001414213562 -0.001414213562)
(0.047 -0.0009428090416 -0.001414213562)
(0.047 -0.0004714045208 -0.001414213562)
(0.047 0 -0.001414213562)
(0.047 0.0004714045208 -0.001414213562)
(0.047 0.0009428090416 -0.001414213562)
(0.047 0.001414213562 -0.001414213562)
(0.047 -0.001345177969 -0.001345177969)
(0.047 -0.0008967853124 -0.001345177969)
(0.047 -0.0004483926562 -0.001345177969)
(0.047 0 -0.001345177969)
(0.047 0.0004483926562 -0.001345177969)
(0.047 0.0008967853124 -0.001345177969)
(0.047 0.001345177969 -0.001345177969)
(0.047 -0.001276142375 -0.001276142375)
(0.047 -0.0008507615833 -0.001276142375)
(0.047 -0.0004253807916 -0.001276142375)
(0.047 0 -0.001276142375)
(0.047 0.0004253807916 -0.001276142375)
(0.047 0.0008507615833 -0.001276142375)
(0.047 0.001276142375 -0.001276142375)
(0.047 -0.001207106781 -0.001207106781)
(0.047 -0.0008047378541 -0.001207106781)
(0.047 -0.0004023689271 -0.001207106781)
(0.047 0 -0.001207106781)
(0.047 0.0004023689271 -0.001207106781)
(0.047 0.0008047378541 -0.001207106781)
(0.047 0.001207106781 -0.001207106781)
(0.047 -0.001138071187 -0.001138071187)
(0.047 -0.000758714125 -0.001138071187)
(0.047 -0.0003793570625 -0.001138071187)
(0.047 0 -0.001138071187)
(0.047 0.0003793570625 -0.001138071187)
(0.047 0.000758714125 -0.001138071187)
(0.047 0.001138071187 -0.001138071187)
(0.047 -0.001069035594 -0.001069035594)
(0.047 -0.0007126903958 -0.001069035594)
(0.047 -0.0003563451979 -0.001069035594)
(0.047 0 -0.001069035594)
(0.047 0.0003563451979 -0.001069035594)
(0.047 0.0007126903958 -0.001069035594)
(0.047 0.001069035594 -0.001069035594)
(0.047 -0.001 -0.001)
(0.047 -0.0006666666667 -0.001)
(0.047 -0.0003333333333 -0.001)
(0.047 0 -0.001)
(0.047 0.0003333333333 -0.001)
(0.047 0.0006666666667 -0.001)
(0.047 0.001 -0.001)
(0.0475 -0.001414213562 -0.001414213562)
(0.0475 -0.0009428090416 -0.001414213562)
(0.0475 -0.0004714045208 -0.001414213562)
(0.0475 0 -0.001414213562)
(0.0475 0.0004714045208 -0.001414213562)
(0.0475 0.0009428090416 -0.001414213562)
(0.0475 0.001414213562 -0.001414213562)
(0.0475 -0.001345177969 -0.001345177969)
(0.0475 -0.0008967853124 -0.001345177969)
(0.0475 -0.0004483926562 -0.001345177969)
(0.0475 0 -0.001345177969)
(0.0475 0.0004483926562 -0.001345177969)
(0.0475 0.0008967853124 -0.001345177969)
(0.0475 0.001345177969 -0.001345177969)
(0.0475 -0.001276142375 -0.001276142375)
(0.0475 -0.0008507615833 -0.001276142375)
(0.0475 -0.0004253807916 -0.001276142375)
(0.0475 0 -0.001276142375)
(0.0475 0.0004253807916 -0.001276142375)
(0.0475 0.0008507615833 -0.001276142375)
(0.0475 0.001276142375 -0.001276142375)
(0.0475 -0.001207106781 -0.001207106781)
(0.0475 -0.0008047378541 -0.001207106781)
(0.0475 -0.0004023689271 -0.001207106781)
(0.0475 0 -0.001207106781)
(0.0475 0.0004023689271 -0.001207106781)
(0.0475 0.0008047378541 -0.001207106781)
(0.0475 0.001207106781 -0.001207106781)
(0.0475 -0.001138071187 -0.001138071187)
(0.0475 -0.000758714125 -0.001138071187)
(0.0475 -0.0003793570625 -0.001138071187)
(0.0475 0 -0.001138071187)
(0.0475 0.0003793570625 -0.001138071187)
(0.0475 0.000758714125 -0.001138071187)
(0.0475 0.001138071187 -0.001138071187)
(0.0475 -0.001069035594 -0.001069035594)
(0.0475 -0.0007126903958 -0.001069035594)
(0.0475 -0.0003563451979 -0.001069035594)
(0.0475 0 -0.001069035594)
(0.0475 0.0003563451979 -0.001069035594)
(0.0475 0.0007126903958 -0.001069035594)
(0.0475 0.001069035594 -0.001069035594)
(0.0475 -0.001 -0.001)
(0.0475 -0.0006666666667 -0.001)
(0.0475 -0.0003333333333 -0.001)
(0.0475 0 -0.001)
(0.0475 0.0003333333333 -0.001)
(0.0475 0.0006666666667 -0.001)
(0.0475 0.001 -0.001)
(0.048 -0.001414213562 -0.001414213562)
(0.048 -0.0009428090416 -0.001414213562)
(0.048 -0.0004714045208 -0.001414213562)
(0.048 0 -0.001414213562)
(0.048 0.0004714045208 -0.001414213562)
(0.048 0.0009428090416 -0.001414213562)
(0.048 0.001414213562 -0.001414213562)
(0.048 -0.001345177969 -0.001345177969)
(0.048 -0.0008967853124 -0.001345177969)
(0.048 -0.0004483926562 -0.001345177969)
(0.048 0 -0.001345177969)
(0.048 0.0004483926562 -0.001345177969)
(0.048 0.0008967853124 -0.001345177969)
(0.048 0.001345177969 -0.001345177969)
(0.048 -0.001276142375 -0.001276142375)
(0.048 -0.0008507615833 -0.001276142375)
(0.048 -0.0004253807916 -0.001276142375)
(0.048 0 -0.001276142375)
(0.048 0.0004253807916 -0.001276142375)
(0.048 0.0008507615833 -0.001276142375)
(0.048 0.001276142375 -0.001276142375)
(0.048 -0.001207106781 -0.001207106781)
(0.048 -0.0008047378541 -0.001207106781)
(0.048 -0.0004023689271 -0.001207106781)
(0.048 0 -0.001207106781)
(0.048 0.0004023689271 -0.001207106781)
(0.048 0.0008047378541 -0.001207106781)
(0.048 0.001207106781 -0.001207106781)
(0.048 -0.001138071187 -0.001138071187)
(0.048 -0.000758714125 -0.001138071187)
(0.048 -0.0003793570625 -0.001138071187)
(0.048 0 -0.001138071187)
(0.048 0.0003793570625 -0.001138071187)
(0.048 0.000758714125 -0.001138071187)
(0.048 0.001138071187 -0.001138071187)
(0.048 -0.001069035594 -0.001069035594)
(0.048 -0.0007126903958 -0.001069035594)
(0.048 -0.0003563451979 -0.001069035594)
(0.048 0 -0.001069035594)
(0.048 0.0003563451979 -0.001069035594)
(0.048 0.0007126903958 -0.001069035594)
(0.048 0.001069035594 -0.001069035594)
(0.048 -0.001 -0.001)
(0.048 -0.0006666666667 -0.001)
(0.048 -0.0003333333333 -0.001)
(0.048 0 -0.001)
(0.048 0.0003333333333 -0.001)
(0.048 0.0006666666667 -0.001)
(0.048 0.001 -0.001)
(0.0485 -0.001414213562 -0.001414213562)
(0.0485 -0.0009428090416 -0.001414213562)
(0.0485 -0.0004714045208 -0.001414213562)
(0.0485 0 -0.001414213562)
(0.0485 0.0004714045208 -0.001414213562)
(0.0485 0.0009428090416 -0.001414213562)
(0.0485 0.001414213562 -0.001414213562)
(0.0485 -0.001345177969 -0.001345177969)
(0.0485 -0.0008967853124 -0.001345177969)
(0.0485 -0.0004483926562 -0.001345177969)
(0.0485 0 -0.001345177969)
(0.0485 0.0004483926562 -0.001345177969)
(0.0485 0.0008967853124 -0.001345177969)
(0.0485 0.001345177969 -0.001345177969)
(0.0485 -0.001276142375 -0.001276142375)
(0.0485 -0.0008507615833 -0.001276142375)
(0.0485 -0.0004253807916 -0.001276142375)
(0.0485 0 -0.001276142375)
(0.0485 0.0004253807916 -0.001276142375)
(0.0485 0.0008507615833 -0.001276142375)
(0.0485 0.001276142375 -0.001276142375)
(0.0485 -0.001207106781 -0.001207106781)
(0.0485 -0.0008047378541 -0.001207106781)
(0.0485 -0.0004023689271 -0.001207106781)
(0.0485 0 -0.001207106781)
(0.0485 0.0004023689271 -0.001207106781)
(0.0485 0.0008047378541 -0.001207106781)
(0.0485 0.001207106781 -0.001207106781)
(0.0485 -0.001138071187 -0.001138071187)
(0.0485 -0.000758714125 -0.001138071187)
(0.0485 -0.0003793570625 -0.001138071187)
(0.0485 0 -0.001138071187)
(0.0485 0.0003793570625 -0.001138071187)
(0.0485 0.000758714125 -0.001138071187)
(0.0485 0.001138071187 -0.001138071187)
(0.0485 -0.001069035594 -0.001069035594)
(0.0485 -0.0007126903958 -0.001069035594)
(0.0485 -0.0003563451979 -0.001069035594)
(0.0485 0 -0.001069035594)
(0.0485 0.0003563451979 -0.001069035594)
(0.0485 0.0007126903958 -0.001069035594)
(0.0485 0.001069035594 -0.001069035594)
(0.0485 -0.001 -0.001)
(0.0485 -0.0006666666667 -0.001)
(0.0485 -0.0003333333333 -0.001)
(0.0485 0 -0.001)
(0.0485 0.0003333333333 -0.001)
(0.0485 0.0006666666667 -0.001)
(0.0485 0.001 -0.001)
(0.049 -0.001414213562 -0.001414213562)
(0.049 -0.0009428090416 -0.001414213562)
(0.049 -0.0004714045208 -0.001414213562)
(0.049 0 -0.001414213562)
(0.049 0.0004714045208 -0.001414213562)
(0.049 0.0009428090416 -0.001414213562)
(0.049 0.001414213562 -0.001414213562)
(0.049 -0.001345177969 -0.001345177969)
(0.049 -0.0008967853124 -0.001345177969)
(0.049 -0.0004483926562 -0.001345177969)
(0.049 0 -0.001345177969)
(0.049 0.0004483926562 -0.001345177969)
(0.049 0.0008967853124 -0.001345177969)
(0.049 0.001345177969 -0.001345177969)
(0.049 -0.001276142375 -0.001276142375)
(0.049 -0.0008507615833 -0.001276142375)
(0.049 -0.0004253807916 -0.001276142375)
(0.049 0 -0.001276142375)
(0.049 0.0004253807916 -0.001276142375)
(0.049 0.0008507615833 -0.001276142375)
(0.049 0.001276142375 -0.001276142375)
(0.049 -0.001207106781 -0.001207106781)
(0.049 -0.0008047378541 -0.001207106781)
(0.049 -0.0004023689271 -0.001207106781)
(0.049 0 -0.001207106781)
(0.049 0.0004023689271 -0.001207106781)
(0.049 0.0008047378541 -0.001207106781)
(0.049 0.001207106781 -0.001207106781)
(0.049 -0.001138071187 -0.001138071187)
(0.049 -0.000758714125 -0.001138071187)
(0.049 -0.0003793570625 -0.001138071187)
(0.049 0 -0.001138071187)
(0.049 0.0003793570625 -0.001138071187)
(0.049 0.000758714125 -0.001138071187)
(0.049 0.001138071187 -0.001138071187)
(0.049 -0.001069035594 -0.001069035594)
(0.049 -0.0007126903958 -0.001069035594)
(0.049 -0.0003563451979 -0.001069035594)
(0.049 0 -0.001069035594)
(0.049 0.0003563451979 -0.001069035594)
(0.049 0.0007126903958 -0.001069035594)
(0.049 0.001069035594 -0.001069035594)
(0.049 -0.001 -0.001)
(0.049 -0.0006666666667 -0.001)
(0.049 -0.0003333333333 -0.001)
(0.049 0 -0.001)
(0.049 0.0003333333333 -0.001)
(0.049 0.0006666666667 -0.001)
(0.049 0.001 -0.001)
(0.0495 -0.001414213562 -0.001414213562)
(0.0495 -0.0009428090416 -0.001414213562)
(0.0495 -0.0004714045208 -0.001414213562)
(0.0495 0 -0.001414213562)
(0.0495 0.0004714045208 -0.001414213562)
(0.0495 0.0009428090416 -0.001414213562)
(0.0495 0.001414213562 -0.001414213562)
(0.0495 -0.001345177969 -0.001345177969)
(0.0495 -0.0008967853124 -0.001345177969)
(0.0495 -0.0004483926562 -0.001345177969)
(0.0495 0 -0.001345177969)
(0.0495 0.0004483926562 -0.001345177969)
(0.0495 0.0008967853124 -0.001345177969)
(0.0495 0.001345177969 -0.001345177969)
(0.0495 -0.001276142375 -0.001276142375)
(0.0495 -0.0008507615833 -0.001276142375)
(0.0495 -0.0004253807916 -0.001276142375)
(0.0495 0 -0.001276142375)
(0.0495 0.0004253807916 -0.001276142375)
(0.0495 0.0008507615833 -0.001276142375)
(0.0495 0.001276142375 -0.001276142375)
(0.0495 -0.001207106781 -0.001207106781)
(0.0495 -0.0008047378541 -0.001207106781)
(0.0495 -0.0004023689271 -0.001207106781)
(0.0495 0 -0.001207106781)
(0.0495 0.0004023689271 -0.001207106781)
(0.0495 0.0008047378541 -0.001207106781)
(0.0495 0.001207106781 -0.001207106781)
(0.0495 -0.001138071187 -0.001138071187)
(0.0495 -0.000758714125 -0.001138071187)
(0.0495 -0.0003793570625 -0.001138071187)
(0.0495 0 -0.001138071187)
(0.0495 0.0003793570625 -0.001138071187)
(0.0495 0.000758714125 -0.001138071187)
(0.0495 0.001138071187 -0.001138071187)
(0.0495 -0.001069035594 -0.001069035594)
(0.0495 -0.0007126903958 -0.001069035594)
(0.0495 -0.0003563451979 -0.001069035594)
(0.0495 0 -0.001069035594)
(0.0495 0.0003563451979 -0.001069035594)
(0.0495 0.0007126903958 -0.001069035594)
(0.0495 0.001069035594 -0.001069035594)
(0.0495 -0.001 -0.001)
(0.0495 -0.0006666666667 -0.001)
(0.0495 -0.0003333333333 -0.001)
(0.0495 0 -0.001)
(0.0495 0.0003333333333 -0.001)
(0.0495 0.0006666666667 -0.001)
(0.0495 0.001 -0.001)
(0.05 -0.001414213562 -0.001414213562)
(0.05 -0.0009428090416 -0.001414213562)
(0.05 -0.0004714045208 -0.001414213562)
(0.05 0 -0.001414213562)
(0.05 0.0004714045208 -0.001414213562)
(0.05 0.0009428090416 -0.001414213562)
(0.05 0.001414213562 -0.001414213562)
(0.05 -0.001345177969 -0.001345177969)
(0.05 -0.0008967853124 -0.001345177969)
(0.05 -0.0004483926562 -0.001345177969)
(0.05 0 -0.001345177969)
(0.05 0.0004483926562 -0.001345177969)
(0.05 0.0008967853124 -0.001345177969)
(0.05 0.001345177969 -0.001345177969)
(0.05 -0.001276142375 -0.001276142375)
(0.05 -0.0008507615833 -0.001276142375)
(0.05 -0.0004253807916 -0.001276142375)
(0.05 0 -0.001276142375)
(0.05 0.0004253807916 -0.001276142375)
(0.05 0.0008507615833 -0.001276142375)
(0.05 0.001276142375 -0.001276142375)
(0.05 -0.001207106781 -0.001207106781)
(0.05 -0.0008047378541 -0.001207106781)
(0.05 -0.0004023689271 -0.001207106781)
(0.05 0 -0.001207106781)
(0.05 0.0004023689271 -0.001207106781)
(0.05 0.0008047378541 -0.001207106781)
(0.05 0.001207106781 -0.001207106781)
(0.05 -0.001138071187 -0.001138071187)
(0.05 -0.000758714125 -0.001138071187)
(0.05 -0.0003793570625 -0.001138071187)
(0.05 0 -0.001138071187)
(0.05 0.0003793570625 -0.001138071187)
(0.05 0.000758714125 -0.001138071187)
(0.05 0.001138071187 -0.001138071187)
(0.05 -0.001069035594 -0.001069035594)
(0.05 -0.0007126903958 -0.001069035594)
(0.05 -0.0003563451979 -0.001069035594)
(0.05 0 -0.001069035594)
(0.05 0.0003563451979 -0.001069035594)
(0.05 0.0007126903958 -0.001069035594)
(0.05 0.001069035594 -0.001069035594)
(0.05 -0.001 -0.001)
(0.05 -0.0006666666667 -0.001)
(0.05 -0.0003333333333 -0.001)
(0.05 0 -0.001)
(0.05 0.0003333333333 -0.001)
(0.05 0.0006666666667 -0.001)
(0.05 0.001 -0.001)
(0 -0.001414213562 -0.0009428090416)
(0 -0.001345177969 -0.0008967853124)
(0 -0.001276142375 -0.0008507615833)
(0 -0.001207106781 -0.0008047378541)
(0 -0.001138071187 -0.000758714125)
(0 -0.001069035594 -0.0007126903958)
(0 -0.001 -0.0006666666667)
(0 -0.001414213562 -0.0004714045208)
(0 -0.001345177969 -0.0004483926562)
(0 -0.001276142375 -0.0004253807916)
(0 -0.001207106781 -0.0004023689271)
(0 -0.001138071187 -0.0003793570625)
(0 -0.001069035594 -0.0003563451979)
(0 -0.001 -0.0003333333333)
(0 -0.001414213562 0)
(0 -0.001345177969 0)
(0 -0.001276142375 -1.807003621e-20)
(0 -0.001207106781 0)
(0 -0.001138071187 -9.035018104e-21)
(0 -0.001069035594 9.035018104e-21)
(0 -0.001 0)
(0 -0.001414213562 0.0004714045208)
(0 -0.001345177969 0.0004483926562)
(0 -0.001276142375 0.0004253807916)
(0 -0.001207106781 0.0004023689271)
(0 -0.001138071187 0.0003793570625)
(0 -0.001069035594 0.0003563451979)
(0 -0.001 0.0003333333333)
(0 -0.001414213562 0.0009428090416)
(0 -0.001345177969 0.0008967853124)
(0 -0.001276142375 0.0008507615833)
(0 -0.001207106781 0.0008047378541)
(0 -0.001138071187 0.000758714125)
(0 -0.001069035594 0.0007126903958)
(0 -0.001 0.0006666666667)
(0 -0.001414213562 0.001414213562)
(0 -0.001345177969 0.001345177969)
(0 -0.001276142375 0.001276142375)
(0 -0.001207106781 0.001207106781)
(0 -0.001138071187 0.001138071187)
(0 -0.001069035594 0.001069035594)
(0 -0.001 0.001)
(0.0005 -0.001414213562 -0.0009428090416)
(0.0005 -0.001345177969 -0.0008967853124)
(0.0005 -0.001276142375 -0.0008507615833)
(0.0005 -0.001207106781 -0.0008047378541)
(0.0005 -0.001138071187 -0.000758714125)
(0.0005 -0.001069035594 -0.0007126903958)
(0.0005 -0.001 -0.0006666666667)
(0.0005 -0.001414213562 -0.0004714045208)
(0.0005 -0.001345177969 -0.0004483926562)
(0.0005 -0.001276142375 -0.0004253807916)
(0.0005 -0.001207106781 -0.0004023689271)
(0.0005 -0.001138071187 -0.0003793570625)
(0.0005 -0.001069035594 -0.0003563451979)
(0.0005 -0.001 -0.0003333333333)
(0.0005 -0.001414213562 0)
(0.0005 -0.001345177969 0)
(0.0005 -0.001276142375 -1.807003621e-20)
(0.0005 -0.001207106781 0)
(0.0005 -0.001138071187 -9.035018104e-21)
(0.0005 -0.001069035594 9.035018104e-21)
(0.0005 -0.001 0)
(0.0005 -0.001414213562 0.0004714045208)
(0.0005 -0.001345177969 0.0004483926562)
(0.0005 -0.001276142375 0.0004253807916)
(0.0005 -0.001207106781 0.0004023689271)
(0.0005 -0.001138071187 0.0003793570625)
(0.0005 -0.001069035594 0.0003563451979)
(0.0005 -0.001 0.0003333333333)
(0.0005 -0.001414213562 0.0009428090416)
(0.0005 -0.001345177969 0.0008967853124)
(0.0005 -0.001276142375 0.0008507615833)
(0.0005 -0.001207106781 0.0008047378541)
(0.0005 -0.001138071187 0.000758714125)
(0.0005 -0.001069035594 0.0007126903958)
(0.0005 -0.001 0.0006666666667)
(0.0005 -0.001414213562 0.001414213562)
(0.0005 -0.001345177969 0.001345177969)
(0.0005 -0.001276142375 0.001276142375)
(0.0005 -0.001207106781 0.001207106781)
(0.0005 -0.001138071187 0.001138071187)
(0.0005 -0.001069035594 0.001069035594)
(0.0005 -0.001 0.001)
(0.001 -0.001414213562 -0.0009428090416)
(0.001 -0.001345177969 -0.0008967853124)
(0.001 -0.001276142375 -0.0008507615833)
(0.001 -0.001207106781 -0.0008047378541)
(0.001 -0.001138071187 -0.000758714125)
(0.001 -0.001069035594 -0.0007126903958)
(0.001 -0.001 -0.0006666666667)
(0.001 -0.001414213562 -0.0004714045208)
(0.001 -0.001345177969 -0.0004483926562)
(0.001 -0.001276142375 -0.0004253807916)
(0.001 -0.001207106781 -0.0004023689271)
(0.001 -0.001138071187 -0.0003793570625)
(0.001 -0.001069035594 -0.0003563451979)
(0.001 -0.001 -0.0003333333333)
(0.001 -0.001414213562 0)
(0.001 -0.001345177969 0)
(0.001 -0.001276142375 -1.807003621e-20)
(0.001 -0.001207106781 0)
(0.001 -0.001138071187 -9.035018104e-21)
(0.001 -0.001069035594 9.035018104e-21)
(0.001 -0.001 0)
(0.001 -0.001414213562 0.0004714045208)
(0.001 -0.001345177969 0.0004483926562)
(0.001 -0.001276142375 0.0004253807916)
(0.001 -0.001207106781 0.0004023689271)
(0.001 -0.001138071187 0.0003793570625)
(0.001 -0.001069035594 0.0003563451979)
(0.001 -0.001 0.0003333333333)
(0.001 -0.001414213562 0.0009428090416)
(0.001 -0.001345177969 0.0008967853124)
(0.001 -0.001276142375 0.0008507615833)
(0.001 -0.001207106781 0.0008047378541)
(0.001 -0.001138071187 0.000758714125)
(0.001 -0.001069035594 0.0007126903958)
(0.001 -0.001 0.0006666666667)
(0.001 -0.001414213562 0.001414213562)
(0.001 -0.001345177969 0.001345177969)
(0.001 -0.001276142375 0.001276142375)
(0.001 -0.001207106781 0.001207106781)
(0.001 -0.001138071187 0.001138071187)
(0.001 -0.001069035594 0.001069035594)
(0.001 -0.001 0.001)
(0.0015 -0.001414213562 -0.0009428090416)
(0.0015 -0.001345177969 -0.0008967853124)
(0.0015 -0.001276142375 -0.0008507615833)
(0.0015 -0.001207106781 -0.0008047378541)
(0.0015 -0.001138071187 -0.000758714125)
(0.0015 -0.001069035594 -0.0007126903958)
(0.0015 -0.001 -0.0006666666667)
(0.0015 -0.001414213562 -0.0004714045208)
(0.0015 -0.001345177969 -0.0004483926562)
(0.0015 -0.001276142375 -0.0004253807916)
(0.0015 -0.001207106781 -0.0004023689271)
(0.0015 -0.001138071187 -0.0003793570625)
(0.0015 -0.001069035594 -0.0003563451979)
(0.0015 -0.001 -0.0003333333333)
(0.0015 -0.001414213562 0)
(0.0015 -0.001345177969 0)
(0.0015 -0.001276142375 -1.807003621e-20)
(0.0015 -0.001207106781 0)
(0.0015 -0.001138071187 -9.035018104e-21)
(0.0015 -0.001069035594 9.035018104e-21)
(0.0015 -0.001 0)
(0.0015 -0.001414213562 0.0004714045208)
(0.0015 -0.001345177969 0.0004483926562)
(0.0015 -0.001276142375 0.0004253807916)
(0.0015 -0.001207106781 0.0004023689271)
(0.0015 -0.001138071187 0.0003793570625)
(0.0015 -0.001069035594 0.0003563451979)
(0.0015 -0.001 0.0003333333333)
(0.0015 -0.001414213562 0.0009428090416)
(0.0015 -0.001345177969 0.0008967853124)
(0.0015 -0.001276142375 0.0008507615833)
(0.0015 -0.001207106781 0.0008047378541)
(0.0015 -0.001138071187 0.000758714125)
(0.0015 -0.001069035594 0.0007126903958)
(0.0015 -0.001 0.0006666666667)
(0.0015 -0.001414213562 0.001414213562)
(0.0015 -0.001345177969 0.001345177969)
(0.0015 -0.001276142375 0.001276142375)
(0.0015 -0.001207106781 0.001207106781)
(0.0015 -0.001138071187 0.001138071187)
(0.0015 -0.001069035594 0.001069035594)
(0.0015 -0.001 0.001)
(0.002 -0.001414213562 -0.0009428090416)
(0.002 -0.001345177969 -0.0008967853124)
(0.002 -0.001276142375 -0.0008507615833)
(0.002 -0.001207106781 -0.0008047378541)
(0.002 -0.001138071187 -0.000758714125)
(0.002 -0.001069035594 -0.0007126903958)
(0.002 -0.001 -0.0006666666667)
(0.002 -0.001414213562 -0.0004714045208)
(0.002 -0.001345177969 -0.0004483926562)
(0.002 -0.001276142375 -0.0004253807916)
(0.002 -0.001207106781 -0.0004023689271)
(0.002 -0.001138071187 -0.0003793570625)
(0.002 -0.001069035594 -0.0003563451979)
(0.002 -0.001 -0.0003333333333)
(0.002 -0.001414213562 0)
(0.002 -0.001345177969 0)
(0.002 -0.001276142375 -1.807003621e-20)
(0.002 -0.001207106781 0)
(0.002 -0.001138071187 9.035018104e-21)
(0.002 -0.001069035594 4.517509052e-21)
(0.002 -0.001 0)
(0.002 -0.001414213562 0.0004714045208)
(0.002 -0.001345177969 0.0004483926562)
(0.002 -0.001276142375 0.0004253807916)
(0.002 -0.001207106781 0.0004023689271)
(0.002 -0.001138071187 0.0003793570625)
(0.002 -0.001069035594 0.0003563451979)
(0.002 -0.001 0.0003333333333)
(0.002 -0.001414213562 0.0009428090416)
(0.002 -0.001345177969 0.0008967853124)
(0.002 -0.001276142375 0.0008507615833)
(0.002 -0.001207106781 0.0008047378541)
(0.002 -0.001138071187 0.000758714125)
(0.002 -0.001069035594 0.0007126903958)
(0.002 -0.001 0.0006666666667)
(0.002 -0.001414213562 0.001414213562)
(0.002 -0.001345177969 0.001345177969)
(0.002 -0.001276142375 0.001276142375)
(0.002 -0.001207106781 0.001207106781)
(0.002 -0.001138071187 0.001138071187)
(0.002 -0.001069035594 0.001069035594)
(0.002 -0.001 0.001)
(0.0025 -0.001414213562 -0.0009428090416)
(0.0025 -0.001345177969 -0.0008967853124)
(0.0025 -0.001276142375 -0.0008507615833)
(0.0025 -0.001207106781 -0.0008047378541)
(0.0025 -0.001138071187 -0.000758714125)
(0.0025 -0.001069035594 -0.0007126903958)
(0.0025 -0.001 -0.0006666666667)
(0.0025 -0.001414213562 -0.0004714045208)
(0.0025 -0.001345177969 -0.0004483926562)
(0.0025 -0.001276142375 -0.0004253807916)
(0.0025 -0.001207106781 -0.0004023689271)
(0.0025 -0.001138071187 -0.0003793570625)
(0.0025 -0.001069035594 -0.0003563451979)
(0.0025 -0.001 -0.0003333333333)
(0.0025 -0.001414213562 0)
(0.0025 -0.001345177969 0)
(0.0025 -0.001276142375 -1.807003621e-20)
(0.0025 -0.001207106781 0)
(0.0025 -0.001138071187 -9.035018104e-21)
(0.0025 -0.001069035594 0)
(0.0025 -0.001 0)
(0.0025 -0.001414213562 0.0004714045208)
(0.0025 -0.001345177969 0.0004483926562)
(0.0025 -0.001276142375 0.0004253807916)
(0.0025 -0.001207106781 0.0004023689271)
(0.0025 -0.001138071187 0.0003793570625)
(0.0025 -0.001069035594 0.0003563451979)
(0.0025 -0.001 0.0003333333333)
(0.0025 -0.001414213562 0.0009428090416)
(0.0025 -0.001345177969 0.0008967853124)
(0.0025 -0.001276142375 0.0008507615833)
(0.0025 -0.001207106781 0.0008047378541)
(0.0025 -0.001138071187 0.000758714125)
(0.0025 -0.001069035594 0.0007126903958)
(0.0025 -0.001 0.0006666666667)
(0.0025 -0.001414213562 0.001414213562)
(0.0025 -0.001345177969 0.001345177969)
(0.0025 -0.001276142375 0.001276142375)
(0.0025 -0.001207106781 0.001207106781)
(0.0025 -0.001138071187 0.001138071187)
(0.0025 -0.001069035594 0.001069035594)
(0.0025 -0.001 0.001)
(0.003 -0.001414213562 -0.0009428090416)
(0.003 -0.001345177969 -0.0008967853124)
(0.003 -0.001276142375 -0.0008507615833)
(0.003 -0.001207106781 -0.0008047378541)
(0.003 -0.001138071187 -0.000758714125)
(0.003 -0.001069035594 -0.0007126903958)
(0.003 -0.001 -0.0006666666667)
(0.003 -0.001414213562 -0.0004714045208)
(0.003 -0.001345177969 -0.0004483926562)
(0.003 -0.001276142375 -0.0004253807916)
(0.003 -0.001207106781 -0.0004023689271)
(0.003 -0.001138071187 -0.0003793570625)
(0.003 -0.001069035594 -0.0003563451979)
(0.003 -0.001 -0.0003333333333)
(0.003 -0.001414213562 0)
(0.003 -0.001345177969 0)
(0.003 -0.001276142375 -1.807003621e-20)
(0.003 -0.001207106781 0)
(0.003 -0.001138071187 -9.035018104e-21)
(0.003 -0.001069035594 9.035018104e-21)
(0.003 -0.001 0)
(0.003 -0.001414213562 0.0004714045208)
(0.003 -0.001345177969 0.0004483926562)
(0.003 -0.001276142375 0.0004253807916)
(0.003 -0.001207106781 0.0004023689271)
(0.003 -0.001138071187 0.0003793570625)
(0.003 -0.001069035594 0.0003563451979)
(0.003 -0.001 0.0003333333333)
(0.003 -0.001414213562 0.0009428090416)
(0.003 -0.001345177969 0.0008967853124)
(0.003 -0.001276142375 0.0008507615833)
(0.003 -0.001207106781 0.0008047378541)
(0.003 -0.001138071187 0.000758714125)
(0.003 -0.001069035594 0.0007126903958)
(0.003 -0.001 0.0006666666667)
(0.003 -0.001414213562 0.001414213562)
(0.003 -0.001345177969 0.001345177969)
(0.003 -0.001276142375 0.001276142375)
(0.003 -0.001207106781 0.001207106781)
(0.003 -0.001138071187 0.001138071187)
(0.003 -0.001069035594 0.001069035594)
(0.003 -0.001 0.001)
(0.0035 -0.001414213562 -0.0009428090416)
(0.0035 -0.001345177969 -0.0008967853124)
(0.0035 -0.001276142375 -0.0008507615833)
(0.0035 -0.001207106781 -0.0008047378541)
(0.0035 -0.001138071187 -0.000758714125)
(0.0035 -0.001069035594 -0.0007126903958)
(0.0035 -0.001 -0.0006666666667)
(0.0035 -0.001414213562 -0.0004714045208)
(0.0035 -0.001345177969 -0.0004483926562)
(0.0035 -0.001276142375 -0.0004253807916)
(0.0035 -0.001207106781 -0.0004023689271)
(0.0035 -0.001138071187 -0.0003793570625)
(0.0035 -0.001069035594 -0.0003563451979)
(0.0035 -0.001 -0.0003333333333)
(0.0035 -0.001414213562 0)
(0.0035 -0.001345177969 0)
(0.0035 -0.001276142375 -1.807003621e-20)
(0.0035 -0.001207106781 0)
(0.0035 -0.001138071187 -9.035018104e-21)
(0.0035 -0.001069035594 4.517509052e-21)
(0.0035 -0.001 0)
(0.0035 -0.001414213562 0.0004714045208)
(0.0035 -0.001345177969 0.0004483926562)
(0.0035 -0.001276142375 0.0004253807916)
(0.0035 -0.001207106781 0.0004023689271)
(0.0035 -0.001138071187 0.0003793570625)
(0.0035 -0.001069035594 0.0003563451979)
(0.0035 -0.001 0.0003333333333)
(0.0035 -0.001414213562 0.0009428090416)
(0.0035 -0.001345177969 0.0008967853124)
(0.0035 -0.001276142375 0.0008507615833)
(0.0035 -0.001207106781 0.0008047378541)
(0.0035 -0.001138071187 0.000758714125)
(0.0035 -0.001069035594 0.0007126903958)
(0.0035 -0.001 0.0006666666667)
(0.0035 -0.001414213562 0.001414213562)
(0.0035 -0.001345177969 0.001345177969)
(0.0035 -0.001276142375 0.001276142375)
(0.0035 -0.001207106781 0.001207106781)
(0.0035 -0.001138071187 0.001138071187)
(0.0035 -0.001069035594 0.001069035594)
(0.0035 -0.001 0.001)
(0.004 -0.001414213562 -0.0009428090416)
(0.004 -0.001345177969 -0.0008967853124)
(0.004 -0.001276142375 -0.0008507615833)
(0.004 -0.001207106781 -0.0008047378541)
(0.004 -0.001138071187 -0.000758714125)
(0.004 -0.001069035594 -0.0007126903958)
(0.004 -0.001 -0.0006666666667)
(0.004 -0.001414213562 -0.0004714045208)
(0.004 -0.001345177969 -0.0004483926562)
(0.004 -0.001276142375 -0.0004253807916)
(0.004 -0.001207106781 -0.0004023689271)
(0.004 -0.001138071187 -0.0003793570625)
(0.004 -0.001069035594 -0.0003563451979)
(0.004 -0.001 -0.0003333333333)
(0.004 -0.001414213562 0)
(0.004 -0.001345177969 0)
(0.004 -0.001276142375 -1.807003621e-20)
(0.004 -0.001207106781 0)
(0.004 -0.001138071187 -9.035018104e-21)
(0.004 -0.001069035594 9.035018104e-21)
(0.004 -0.001 0)
(0.004 -0.001414213562 0.0004714045208)
(0.004 -0.001345177969 0.0004483926562)
(0.004 -0.001276142375 0.0004253807916)
(0.004 -0.001207106781 0.0004023689271)
(0.004 -0.001138071187 0.0003793570625)
(0.004 -0.001069035594 0.0003563451979)
(0.004 -0.001 0.0003333333333)
(0.004 -0.001414213562 0.0009428090416)
(0.004 -0.001345177969 0.0008967853124)
(0.004 -0.001276142375 0.0008507615833)
(0.004 -0.001207106781 0.0008047378541)
(0.004 -0.001138071187 0.000758714125)
(0.004 -0.001069035594 0.0007126903958)
(0.004 -0.001 0.0006666666667)
(0.004 -0.001414213562 0.001414213562)
(0.004 -0.001345177969 0.001345177969)
(0.004 -0.001276142375 0.001276142375)
(0.004 -0.001207106781 0.001207106781)
(0.004 -0.001138071187 0.001138071187)
(0.004 -0.001069035594 0.001069035594)
(0.004 -0.001 0.001)
(0.0045 -0.001414213562 -0.0009428090416)
(0.0045 -0.001345177969 -0.0008967853124)
(0.0045 -0.001276142375 -0.0008507615833)
(0.0045 -0.001207106781 -0.0008047378541)
(0.0045 -0.001138071187 -0.000758714125)
(0.0045 -0.001069035594 -0.0007126903958)
(0.0045 -0.001 -0.0006666666667)
(0.0045 -0.001414213562 -0.0004714045208)
(0.0045 -0.001345177969 -0.0004483926562)
(0.0045 -0.001276142375 -0.0004253807916)
(0.0045 -0.001207106781 -0.0004023689271)
(0.0045 -0.001138071187 -0.0003793570625)
(0.0045 -0.001069035594 -0.0003563451979)
(0.0045 -0.001 -0.0003333333333)
(0.0045 -0.001414213562 0)
(0.0045 -0.001345177969 0)
(0.0045 -0.001276142375 -1.807003621e-20)
(0.0045 -0.001207106781 0)
(0.0045 -0.001138071187 -9.035018104e-21)
(0.0045 -0.001069035594 9.035018104e-21)
(0.0045 -0.001 0)
(0.0045 -0.001414213562 0.0004714045208)
(0.0045 -0.001345177969 0.0004483926562)
(0.0045 -0.001276142375 0.0004253807916)
(0.0045 -0.001207106781 0.0004023689271)
(0.0045 -0.001138071187 0.0003793570625)
(0.0045 -0.001069035594 0.0003563451979)
(0.0045 -0.001 0.0003333333333)
(0.0045 -0.001414213562 0.0009428090416)
(0.0045 -0.001345177969 0.0008967853124)
(0.0045 -0.001276142375 0.0008507615833)
(0.0045 -0.001207106781 0.0008047378541)
(0.0045 -0.001138071187 0.000758714125)
(0.0045 -0.001069035594 0.0007126903958)
(0.0045 -0.001 0.0006666666667)
(0.0045 -0.001414213562 0.001414213562)
(0.0045 -0.001345177969 0.001345177969)
(0.0045 -0.001276142375 0.001276142375)
(0.0045 -0.001207106781 0.001207106781)
(0.0045 -0.001138071187 0.001138071187)
(0.0045 -0.001069035594 0.001069035594)
(0.0045 -0.001 0.001)
(0.005 -0.001414213562 -0.0009428090416)
(0.005 -0.001345177969 -0.0008967853124)
(0.005 -0.001276142375 -0.0008507615833)
(0.005 -0.001207106781 -0.0008047378541)
(0.005 -0.001138071187 -0.000758714125)
(0.005 -0.001069035594 -0.0007126903958)
(0.005 -0.001 -0.0006666666667)
(0.005 -0.001414213562 -0.0004714045208)
(0.005 -0.001345177969 -0.0004483926562)
(0.005 -0.001276142375 -0.0004253807916)
(0.005 -0.001207106781 -0.0004023689271)
(0.005 -0.001138071187 -0.0003793570625)
(0.005 -0.001069035594 -0.0003563451979)
(0.005 -0.001 -0.0003333333333)
(0.005 -0.001414213562 0)
(0.005 -0.001345177969 0)
(0.005 -0.001276142375 -1.807003621e-20)
(0.005 -0.001207106781 0)
(0.005 -0.001138071187 -9.035018104e-21)
(0.005 -0.001069035594 9.035018104e-21)
(0.005 -0.001 0)
(0.005 -0.001414213562 0.0004714045208)
(0.005 -0.001345177969 0.0004483926562)
(0.005 -0.001276142375 0.0004253807916)
(0.005 -0.001207106781 0.0004023689271)
(0.005 -0.001138071187 0.0003793570625)
(0.005 -0.001069035594 0.0003563451979)
(0.005 -0.001 0.0003333333333)
(0.005 -0.001414213562 0.0009428090416)
(0.005 -0.001345177969 0.0008967853124)
(0.005 -0.001276142375 0.0008507615833)
(0.005 -0.001207106781 0.0008047378541)
(0.005 -0.001138071187 0.000758714125)
(0.005 -0.001069035594 0.0007126903958)
(0.005 -0.001 0.0006666666667)
(0.005 -0.001414213562 0.001414213562)
(0.005 -0.001345177969 0.001345177969)
(0.005 -0.001276142375 0.001276142375)
(0.005 -0.001207106781 0.001207106781)
(0.005 -0.001138071187 0.001138071187)
(0.005 -0.001069035594 0.001069035594)
(0.005 -0.001 0.001)
(0.0055 -0.001414213562 -0.0009428090416)
(0.0055 -0.001345177969 -0.0008967853124)
(0.0055 -0.001276142375 -0.0008507615833)
(0.0055 -0.001207106781 -0.0008047378541)
(0.0055 -0.001138071187 -0.000758714125)
(0.0055 -0.001069035594 -0.0007126903958)
(0.0055 -0.001 -0.0006666666667)
(0.0055 -0.001414213562 -0.0004714045208)
(0.0055 -0.001345177969 -0.0004483926562)
(0.0055 -0.001276142375 -0.0004253807916)
(0.0055 -0.001207106781 -0.0004023689271)
(0.0055 -0.001138071187 -0.0003793570625)
(0.0055 -0.001069035594 -0.0003563451979)
(0.0055 -0.001 -0.0003333333333)
(0.0055 -0.001414213562 0)
(0.0055 -0.001345177969 0)
(0.0055 -0.001276142375 -1.807003621e-20)
(0.0055 -0.001207106781 0)
(0.0055 -0.001138071187 -9.035018104e-21)
(0.0055 -0.001069035594 9.035018104e-21)
(0.0055 -0.001 0)
(0.0055 -0.001414213562 0.0004714045208)
(0.0055 -0.001345177969 0.0004483926562)
(0.0055 -0.001276142375 0.0004253807916)
(0.0055 -0.001207106781 0.0004023689271)
(0.0055 -0.001138071187 0.0003793570625)
(0.0055 -0.001069035594 0.0003563451979)
(0.0055 -0.001 0.0003333333333)
(0.0055 -0.001414213562 0.0009428090416)
(0.0055 -0.001345177969 0.0008967853124)
(0.0055 -0.001276142375 0.0008507615833)
(0.0055 -0.001207106781 0.0008047378541)
(0.0055 -0.001138071187 0.000758714125)
(0.0055 -0.001069035594 0.0007126903958)
(0.0055 -0.001 0.0006666666667)
(0.0055 -0.001414213562 0.001414213562)
(0.0055 -0.001345177969 0.001345177969)
(0.0055 -0.001276142375 0.001276142375)
(0.0055 -0.001207106781 0.001207106781)
(0.0055 -0.001138071187 0.001138071187)
(0.0055 -0.001069035594 0.001069035594)
(0.0055 -0.001 0.001)
(0.006 -0.001414213562 -0.0009428090416)
(0.006 -0.001345177969 -0.0008967853124)
(0.006 -0.001276142375 -0.0008507615833)
(0.006 -0.001207106781 -0.0008047378541)
(0.006 -0.001138071187 -0.000758714125)
(0.006 -0.001069035594 -0.0007126903958)
(0.006 -0.001 -0.0006666666667)
(0.006 -0.001414213562 -0.0004714045208)
(0.006 -0.001345177969 -0.0004483926562)
(0.006 -0.001276142375 -0.0004253807916)
(0.006 -0.001207106781 -0.0004023689271)
(0.006 -0.001138071187 -0.0003793570625)
(0.006 -0.001069035594 -0.0003563451979)
(0.006 -0.001 -0.0003333333333)
(0.006 -0.001414213562 0)
(0.006 -0.001345177969 0)
(0.006 -0.001276142375 -1.807003621e-20)
(0.006 -0.001207106781 0)
(0.006 -0.001138071187 -9.035018104e-21)
(0.006 -0.001069035594 9.035018104e-21)
(0.006 -0.001 0)
(0.006 -0.001414213562 0.0004714045208)
(0.006 -0.001345177969 0.0004483926562)
(0.006 -0.001276142375 0.0004253807916)
(0.006 -0.001207106781 0.0004023689271)
(0.006 -0.001138071187 0.0003793570625)
(0.006 -0.001069035594 0.0003563451979)
(0.006 -0.001 0.0003333333333)
(0.006 -0.001414213562 0.0009428090416)
(0.006 -0.001345177969 0.0008967853124)
(0.006 -0.001276142375 0.0008507615833)
(0.006 -0.001207106781 0.0008047378541)
(0.006 -0.001138071187 0.000758714125)
(0.006 -0.001069035594 0.0007126903958)
(0.006 -0.001 0.0006666666667)
(0.006 -0.001414213562 0.001414213562)
(0.006 -0.001345177969 0.001345177969)
(0.006 -0.001276142375 0.001276142375)
(0.006 -0.001207106781 0.001207106781)
(0.006 -0.001138071187 0.001138071187)
(0.006 -0.001069035594 0.001069035594)
(0.006 -0.001 0.001)
(0.0065 -0.001414213562 -0.0009428090416)
(0.0065 -0.001345177969 -0.0008967853124)
(0.0065 -0.001276142375 -0.0008507615833)
(0.0065 -0.001207106781 -0.0008047378541)
(0.0065 -0.001138071187 -0.000758714125)
(0.0065 -0.001069035594 -0.0007126903958)
(0.0065 -0.001 -0.0006666666667)
(0.0065 -0.001414213562 -0.0004714045208)
(0.0065 -0.001345177969 -0.0004483926562)
(0.0065 -0.001276142375 -0.0004253807916)
(0.0065 -0.001207106781 -0.0004023689271)
(0.0065 -0.001138071187 -0.0003793570625)
(0.0065 -0.001069035594 -0.0003563451979)
(0.0065 -0.001 -0.0003333333333)
(0.0065 -0.001414213562 0)
(0.0065 -0.001345177969 0)
(0.0065 -0.001276142375 -1.807003621e-20)
(0.0065 -0.001207106781 0)
(0.0065 -0.001138071187 -9.035018104e-21)
(0.0065 -0.001069035594 0)
(0.0065 -0.001 0)
(0.0065 -0.001414213562 0.0004714045208)
(0.0065 -0.001345177969 0.0004483926562)
(0.0065 -0.001276142375 0.0004253807916)
(0.0065 -0.001207106781 0.0004023689271)
(0.0065 -0.001138071187 0.0003793570625)
(0.0065 -0.001069035594 0.0003563451979)
(0.0065 -0.001 0.0003333333333)
(0.0065 -0.001414213562 0.0009428090416)
(0.0065 -0.001345177969 0.0008967853124)
(0.0065 -0.001276142375 0.0008507615833)
(0.0065 -0.001207106781 0.0008047378541)
(0.0065 -0.001138071187 0.000758714125)
(0.0065 -0.001069035594 0.0007126903958)
(0.0065 -0.001 0.0006666666667)
(0.0065 -0.001414213562 0.001414213562)
(0.0065 -0.001345177969 0.001345177969)
(0.0065 -0.001276142375 0.001276142375)
(0.0065 -0.001207106781 0.001207106781)
(0.0065 -0.001138071187 0.001138071187)
(0.0065 -0.001069035594 0.001069035594)
(0.0065 -0.001 0.001)
(0.007 -0.001414213562 -0.0009428090416)
(0.007 -0.001345177969 -0.0008967853124)
(0.007 -0.001276142375 -0.0008507615833)
(0.007 -0.001207106781 -0.0008047378541)
(0.007 -0.001138071187 -0.000758714125)
(0.007 -0.001069035594 -0.0007126903958)
(0.007 -0.001 -0.0006666666667)
(0.007 -0.001414213562 -0.0004714045208)
(0.007 -0.001345177969 -0.0004483926562)
(0.007 -0.001276142375 -0.0004253807916)
(0.007 -0.001207106781 -0.0004023689271)
(0.007 -0.001138071187 -0.0003793570625)
(0.007 -0.001069035594 -0.0003563451979)
(0.007 -0.001 -0.0003333333333)
(0.007 -0.001414213562 0)
(0.007 -0.001345177969 0)
(0.007 -0.001276142375 -1.807003621e-20)
(0.007 -0.001207106781 0)
(0.007 -0.001138071187 -9.035018104e-21)
(0.007 -0.001069035594 9.035018104e-21)
(0.007 -0.001 0)
(0.007 -0.001414213562 0.0004714045208)
(0.007 -0.001345177969 0.0004483926562)
(0.007 -0.001276142375 0.0004253807916)
(0.007 -0.001207106781 0.0004023689271)
(0.007 -0.001138071187 0.0003793570625)
(0.007 -0.001069035594 0.0003563451979)
(0.007 -0.001 0.0003333333333)
(0.007 -0.001414213562 0.0009428090416)
(0.007 -0.001345177969 0.0008967853124)
(0.007 -0.001276142375 0.0008507615833)
(0.007 -0.001207106781 0.0008047378541)
(0.007 -0.001138071187 0.000758714125)
(0.007 -0.001069035594 0.0007126903958)
(0.007 -0.001 0.0006666666667)
(0.007 -0.001414213562 0.001414213562)
(0.007 -0.001345177969 0.001345177969)
(0.007 -0.001276142375 0.001276142375)
(0.007 -0.001207106781 0.001207106781)
(0.007 -0.001138071187 0.001138071187)
(0.007 -0.001069035594 0.001069035594)
(0.007 -0.001 0.001)
(0.0075 -0.001414213562 -0.0009428090416)
(0.0075 -0.001345177969 -0.0008967853124)
(0.0075 -0.001276142375 -0.0008507615833)
(0.0075 -0.001207106781 -0.0008047378541)
(0.0075 -0.001138071187 -0.000758714125)
(0.0075 -0.001069035594 -0.0007126903958)
(0.0075 -0.001 -0.0006666666667)
(0.0075 -0.001414213562 -0.0004714045208)
(0.0075 -0.001345177969 -0.0004483926562)
(0.0075 -0.001276142375 -0.0004253807916)
(0.0075 -0.001207106781 -0.0004023689271)
(0.0075 -0.001138071187 -0.0003793570625)
(0.0075 -0.001069035594 -0.0003563451979)
(0.0075 -0.001 -0.0003333333333)
(0.0075 -0.001414213562 0)
(0.0075 -0.001345177969 0)
(0.0075 -0.001276142375 -1.807003621e-20)
(0.0075 -0.001207106781 0)
(0.0075 -0.001138071187 -9.035018104e-21)
(0.0075 -0.001069035594 9.035018104e-21)
(0.0075 -0.001 0)
(0.0075 -0.001414213562 0.0004714045208)
(0.0075 -0.001345177969 0.0004483926562)
(0.0075 -0.001276142375 0.0004253807916)
(0.0075 -0.001207106781 0.0004023689271)
(0.0075 -0.001138071187 0.0003793570625)
(0.0075 -0.001069035594 0.0003563451979)
(0.0075 -0.001 0.0003333333333)
(0.0075 -0.001414213562 0.0009428090416)
(0.0075 -0.001345177969 0.0008967853124)
(0.0075 -0.001276142375 0.0008507615833)
(0.0075 -0.001207106781 0.0008047378541)
(0.0075 -0.001138071187 0.000758714125)
(0.0075 -0.001069035594 0.0007126903958)
(0.0075 -0.001 0.0006666666667)
(0.0075 -0.001414213562 0.001414213562)
(0.0075 -0.001345177969 0.001345177969)
(0.0075 -0.001276142375 0.001276142375)
(0.0075 -0.001207106781 0.001207106781)
(0.0075 -0.001138071187 0.001138071187)
(0.0075 -0.001069035594 0.001069035594)
(0.0075 -0.001 0.001)
(0.008 -0.001414213562 -0.0009428090416)
(0.008 -0.001345177969 -0.0008967853124)
(0.008 -0.001276142375 -0.0008507615833)
(0.008 -0.001207106781 -0.0008047378541)
(0.008 -0.001138071187 -0.000758714125)
(0.008 -0.001069035594 -0.0007126903958)
(0.008 -0.001 -0.0006666666667)
(0.008 -0.001414213562 -0.0004714045208)
(0.008 -0.001345177969 -0.0004483926562)
(0.008 -0.001276142375 -0.0004253807916)
(0.008 -0.001207106781 -0.0004023689271)
(0.008 -0.001138071187 -0.0003793570625)
(0.008 -0.001069035594 -0.0003563451979)
(0.008 -0.001 -0.0003333333333)
(0.008 -0.001414213562 0)
(0.008 -0.001345177969 0)
(0.008 -0.001276142375 -1.807003621e-20)
(0.008 -0.001207106781 0)
(0.008 -0.001138071187 -9.035018104e-21)
(0.008 -0.001069035594 0)
(0.008 -0.001 0)
(0.008 -0.001414213562 0.0004714045208)
(0.008 -0.001345177969 0.0004483926562)
(0.008 -0.001276142375 0.0004253807916)
(0.008 -0.001207106781 0.0004023689271)
(0.008 -0.001138071187 0.0003793570625)
(0.008 -0.001069035594 0.0003563451979)
(0.008 -0.001 0.0003333333333)
(0.008 -0.001414213562 0.0009428090416)
(0.008 -0.001345177969 0.0008967853124)
(0.008 -0.001276142375 0.0008507615833)
(0.008 -0.001207106781 0.0008047378541)
(0.008 -0.001138071187 0.000758714125)
(0.008 -0.001069035594 0.0007126903958)
(0.008 -0.001 0.0006666666667)
(0.008 -0.001414213562 0.001414213562)
(0.008 -0.001345177969 0.001345177969)
(0.008 -0.001276142375 0.001276142375)
(0.008 -0.001207106781 0.001207106781)
(0.008 -0.001138071187 0.001138071187)
(0.008 -0.001069035594 0.001069035594)
(0.008 -0.001 0.001)
(0.0085 -0.001414213562 -0.0009428090416)
(0.0085 -0.001345177969 -0.0008967853124)
(0.0085 -0.001276142375 -0.0008507615833)
(0.0085 -0.001207106781 -0.0008047378541)
(0.0085 -0.001138071187 -0.000758714125)
(0.0085 -0.001069035594 -0.0007126903958)
(0.0085 -0.001 -0.0006666666667)
(0.0085 -0.001414213562 -0.0004714045208)
(0.0085 -0.001345177969 -0.0004483926562)
(0.0085 -0.001276142375 -0.0004253807916)
(0.0085 -0.001207106781 -0.0004023689271)
(0.0085 -0.001138071187 -0.0003793570625)
(0.0085 -0.001069035594 -0.0003563451979)
(0.0085 -0.001 -0.0003333333333)
(0.0085 -0.001414213562 0)
(0.0085 -0.001345177969 0)
(0.0085 -0.001276142375 -1.807003621e-20)
(0.0085 -0.001207106781 0)
(0.0085 -0.001138071187 9.035018104e-21)
(0.0085 -0.001069035594 9.035018104e-21)
(0.0085 -0.001 0)
(0.0085 -0.001414213562 0.0004714045208)
(0.0085 -0.001345177969 0.0004483926562)
(0.0085 -0.001276142375 0.0004253807916)
(0.0085 -0.001207106781 0.0004023689271)
(0.0085 -0.001138071187 0.0003793570625)
(0.0085 -0.001069035594 0.0003563451979)
(0.0085 -0.001 0.0003333333333)
(0.0085 -0.001414213562 0.0009428090416)
(0.0085 -0.001345177969 0.0008967853124)
(0.0085 -0.001276142375 0.0008507615833)
(0.0085 -0.001207106781 0.0008047378541)
(0.0085 -0.001138071187 0.000758714125)
(0.0085 -0.001069035594 0.0007126903958)
(0.0085 -0.001 0.0006666666667)
(0.0085 -0.001414213562 0.001414213562)
(0.0085 -0.001345177969 0.001345177969)
(0.0085 -0.001276142375 0.001276142375)
(0.0085 -0.001207106781 0.001207106781)
(0.0085 -0.001138071187 0.001138071187)
(0.0085 -0.001069035594 0.001069035594)
(0.0085 -0.001 0.001)
(0.009 -0.001414213562 -0.0009428090416)
(0.009 -0.001345177969 -0.0008967853124)
(0.009 -0.001276142375 -0.0008507615833)
(0.009 -0.001207106781 -0.0008047378541)
(0.009 -0.001138071187 -0.000758714125)
(0.009 -0.001069035594 -0.0007126903958)
(0.009 -0.001 -0.0006666666667)
(0.009 -0.001414213562 -0.0004714045208)
(0.009 -0.001345177969 -0.0004483926562)
(0.009 -0.001276142375 -0.0004253807916)
(0.009 -0.001207106781 -0.0004023689271)
(0.009 -0.001138071187 -0.0003793570625)
(0.009 -0.001069035594 -0.0003563451979)
(0.009 -0.001 -0.0003333333333)
(0.009 -0.001414213562 0)
(0.009 -0.001345177969 0)
(0.009 -0.001276142375 -1.807003621e-20)
(0.009 -0.001207106781 0)
(0.009 -0.001138071187 -9.035018104e-21)
(0.009 -0.001069035594 -9.035018104e-21)
(0.009 -0.001 0)
(0.009 -0.001414213562 0.0004714045208)
(0.009 -0.001345177969 0.0004483926562)
(0.009 -0.001276142375 0.0004253807916)
(0.009 -0.001207106781 0.0004023689271)
(0.009 -0.001138071187 0.0003793570625)
(0.009 -0.001069035594 0.0003563451979)
(0.009 -0.001 0.0003333333333)
(0.009 -0.001414213562 0.0009428090416)
(0.009 -0.001345177969 0.0008967853124)
(0.009 -0.001276142375 0.0008507615833)
(0.009 -0.001207106781 0.0008047378541)
(0.009 -0.001138071187 0.000758714125)
(0.009 -0.001069035594 0.0007126903958)
(0.009 -0.001 0.0006666666667)
(0.009 -0.001414213562 0.001414213562)
(0.009 -0.001345177969 0.001345177969)
(0.009 -0.001276142375 0.001276142375)
(0.009 -0.001207106781 0.001207106781)
(0.009 -0.001138071187 0.001138071187)
(0.009 -0.001069035594 0.001069035594)
(0.009 -0.001 0.001)
(0.0095 -0.001414213562 -0.0009428090416)
(0.0095 -0.001345177969 -0.0008967853124)
(0.0095 -0.001276142375 -0.0008507615833)
(0.0095 -0.001207106781 -0.0008047378541)
(0.0095 -0.001138071187 -0.000758714125)
(0.0095 -0.001069035594 -0.0007126903958)
(0.0095 -0.001 -0.0006666666667)
(0.0095 -0.001414213562 -0.0004714045208)
(0.0095 -0.001345177969 -0.0004483926562)
(0.0095 -0.001276142375 -0.0004253807916)
(0.0095 -0.001207106781 -0.0004023689271)
(0.0095 -0.001138071187 -0.0003793570625)
(0.0095 -0.001069035594 -0.0003563451979)
(0.0095 -0.001 -0.0003333333333)
(0.0095 -0.001414213562 0)
(0.0095 -0.001345177969 0)
(0.0095 -0.001276142375 -1.807003621e-20)
(0.0095 -0.001207106781 0)
(0.0095 -0.001138071187 -9.035018104e-21)
(0.0095 -0.001069035594 9.035018104e-21)
(0.0095 -0.001 0)
(0.0095 -0.001414213562 0.0004714045208)
(0.0095 -0.001345177969 0.0004483926562)
(0.0095 -0.001276142375 0.0004253807916)
(0.0095 -0.001207106781 0.0004023689271)
(0.0095 -0.001138071187 0.0003793570625)
(0.0095 -0.001069035594 0.0003563451979)
(0.0095 -0.001 0.0003333333333)
(0.0095 -0.001414213562 0.0009428090416)
(0.0095 -0.001345177969 0.0008967853124)
(0.0095 -0.001276142375 0.0008507615833)
(0.0095 -0.001207106781 0.0008047378541)
(0.0095 -0.001138071187 0.000758714125)
(0.0095 -0.001069035594 0.0007126903958)
(0.0095 -0.001 0.0006666666667)
(0.0095 -0.001414213562 0.001414213562)
(0.0095 -0.001345177969 0.001345177969)
(0.0095 -0.001276142375 0.001276142375)
(0.0095 -0.001207106781 0.001207106781)
(0.0095 -0.001138071187 0.001138071187)
(0.0095 -0.001069035594 0.001069035594)
(0.0095 -0.001 0.001)
(0.01 -0.001414213562 -0.0009428090416)
(0.01 -0.001345177969 -0.0008967853124)
(0.01 -0.001276142375 -0.0008507615833)
(0.01 -0.001207106781 -0.0008047378541)
(0.01 -0.001138071187 -0.000758714125)
(0.01 -0.001069035594 -0.0007126903958)
(0.01 -0.001 -0.0006666666667)
(0.01 -0.001414213562 -0.0004714045208)
(0.01 -0.001345177969 -0.0004483926562)
(0.01 -0.001276142375 -0.0004253807916)
(0.01 -0.001207106781 -0.0004023689271)
(0.01 -0.001138071187 -0.0003793570625)
(0.01 -0.001069035594 -0.0003563451979)
(0.01 -0.001 -0.0003333333333)
(0.01 -0.001414213562 0)
(0.01 -0.001345177969 0)
(0.01 -0.001276142375 -1.807003621e-20)
(0.01 -0.001207106781 0)
(0.01 -0.001138071187 -9.035018104e-21)
(0.01 -0.001069035594 -9.035018104e-21)
(0.01 -0.001 0)
(0.01 -0.001414213562 0.0004714045208)
(0.01 -0.001345177969 0.0004483926562)
(0.01 -0.001276142375 0.0004253807916)
(0.01 -0.001207106781 0.0004023689271)
(0.01 -0.001138071187 0.0003793570625)
(0.01 -0.001069035594 0.0003563451979)
(0.01 -0.001 0.0003333333333)
(0.01 -0.001414213562 0.0009428090416)
(0.01 -0.001345177969 0.0008967853124)
(0.01 -0.001276142375 0.0008507615833)
(0.01 -0.001207106781 0.0008047378541)
(0.01 -0.001138071187 0.000758714125)
(0.01 -0.001069035594 0.0007126903958)
(0.01 -0.001 0.0006666666667)
(0.01 -0.001414213562 0.001414213562)
(0.01 -0.001345177969 0.001345177969)
(0.01 -0.001276142375 0.001276142375)
(0.01 -0.001207106781 0.001207106781)
(0.01 -0.001138071187 0.001138071187)
(0.01 -0.001069035594 0.001069035594)
(0.01 -0.001 0.001)
(0.0105 -0.001414213562 -0.0009428090416)
(0.0105 -0.001345177969 -0.0008967853124)
(0.0105 -0.001276142375 -0.0008507615833)
(0.0105 -0.001207106781 -0.0008047378541)
(0.0105 -0.001138071187 -0.000758714125)
(0.0105 -0.001069035594 -0.0007126903958)
(0.0105 -0.001 -0.0006666666667)
(0.0105 -0.001414213562 -0.0004714045208)
(0.0105 -0.001345177969 -0.0004483926562)
(0.0105 -0.001276142375 -0.0004253807916)
(0.0105 -0.001207106781 -0.0004023689271)
(0.0105 -0.001138071187 -0.0003793570625)
(0.0105 -0.001069035594 -0.0003563451979)
(0.0105 -0.001 -0.0003333333333)
(0.0105 -0.001414213562 0)
(0.0105 -0.001345177969 0)
(0.0105 -0.001276142375 -1.807003621e-20)
(0.0105 -0.001207106781 0)
(0.0105 -0.001138071187 -9.035018104e-21)
(0.0105 -0.001069035594 -9.035018104e-21)
(0.0105 -0.001 0)
(0.0105 -0.001414213562 0.0004714045208)
(0.0105 -0.001345177969 0.0004483926562)
(0.0105 -0.001276142375 0.0004253807916)
(0.0105 -0.001207106781 0.0004023689271)
(0.0105 -0.001138071187 0.0003793570625)
(0.0105 -0.001069035594 0.0003563451979)
(0.0105 -0.001 0.0003333333333)
(0.0105 -0.001414213562 0.0009428090416)
(0.0105 -0.001345177969 0.0008967853124)
(0.0105 -0.001276142375 0.0008507615833)
(0.0105 -0.001207106781 0.0008047378541)
(0.0105 -0.001138071187 0.000758714125)
(0.0105 -0.001069035594 0.0007126903958)
(0.0105 -0.001 0.0006666666667)
(0.0105 -0.001414213562 0.001414213562)
(0.0105 -0.001345177969 0.001345177969)
(0.0105 -0.001276142375 0.001276142375)
(0.0105 -0.001207106781 0.001207106781)
(0.0105 -0.001138071187 0.001138071187)
(0.0105 -0.001069035594 0.001069035594)
(0.0105 -0.001 0.001)
(0.011 -0.001414213562 -0.0009428090416)
(0.011 -0.001345177969 -0.0008967853124)
(0.011 -0.001276142375 -0.0008507615833)
(0.011 -0.001207106781 -0.0008047378541)
(0.011 -0.001138071187 -0.000758714125)
(0.011 -0.001069035594 -0.0007126903958)
(0.011 -0.001 -0.0006666666667)
(0.011 -0.001414213562 -0.0004714045208)
(0.011 -0.001345177969 -0.0004483926562)
(0.011 -0.001276142375 -0.0004253807916)
(0.011 -0.001207106781 -0.0004023689271)
(0.011 -0.001138071187 -0.0003793570625)
(0.011 -0.001069035594 -0.0003563451979)
(0.011 -0.001 -0.0003333333333)
(0.011 -0.001414213562 0)
(0.011 -0.001345177969 0)
(0.011 -0.001276142375 -1.807003621e-20)
(0.011 -0.001207106781 0)
(0.011 -0.001138071187 -9.035018104e-21)
(0.011 -0.001069035594 9.035018104e-21)
(0.011 -0.001 0)
(0.011 -0.001414213562 0.0004714045208)
(0.011 -0.001345177969 0.0004483926562)
(0.011 -0.001276142375 0.0004253807916)
(0.011 -0.001207106781 0.0004023689271)
(0.011 -0.001138071187 0.0003793570625)
(0.011 -0.001069035594 0.0003563451979)
(0.011 -0.001 0.0003333333333)
(0.011 -0.001414213562 0.0009428090416)
(0.011 -0.001345177969 0.0008967853124)
(0.011 -0.001276142375 0.0008507615833)
(0.011 -0.001207106781 0.0008047378541)
(0.011 -0.001138071187 0.000758714125)
(0.011 -0.001069035594 0.0007126903958)
(0.011 -0.001 0.0006666666667)
(0.011 -0.001414213562 0.001414213562)
(0.011 -0.001345177969 0.001345177969)
(0.011 -0.001276142375 0.001276142375)
(0.011 -0.001207106781 0.001207106781)
(0.011 -0.001138071187 0.001138071187)
(0.011 -0.001069035594 0.001069035594)
(0.011 -0.001 0.001)
(0.0115 -0.001414213562 -0.0009428090416)
(0.0115 -0.001345177969 -0.0008967853124)
(0.0115 -0.001276142375 -0.0008507615833)
(0.0115 -0.001207106781 -0.0008047378541)
(0.0115 -0.001138071187 -0.000758714125)
(0.0115 -0.001069035594 -0.0007126903958)
(0.0115 -0.001 -0.0006666666667)
(0.0115 -0.001414213562 -0.0004714045208)
(0.0115 -0.001345177969 -0.0004483926562)
(0.0115 -0.001276142375 -0.0004253807916)
(0.0115 -0.001207106781 -0.0004023689271)
(0.0115 -0.001138071187 -0.0003793570625)
(0.0115 -0.001069035594 -0.0003563451979)
(0.0115 -0.001 -0.0003333333333)
(0.0115 -0.001414213562 0)
(0.0115 -0.001345177969 0)
(0.0115 -0.001276142375 -1.807003621e-20)
(0.0115 -0.001207106781 0)
(0.0115 -0.001138071187 -9.035018104e-21)
(0.0115 -0.001069035594 9.035018104e-21)
(0.0115 -0.001 0)
(0.0115 -0.001414213562 0.0004714045208)
(0.0115 -0.001345177969 0.0004483926562)
(0.0115 -0.001276142375 0.0004253807916)
(0.0115 -0.001207106781 0.0004023689271)
(0.0115 -0.001138071187 0.0003793570625)
(0.0115 -0.001069035594 0.0003563451979)
(0.0115 -0.001 0.0003333333333)
(0.0115 -0.001414213562 0.0009428090416)
(0.0115 -0.001345177969 0.0008967853124)
(0.0115 -0.001276142375 0.0008507615833)
(0.0115 -0.001207106781 0.0008047378541)
(0.0115 -0.001138071187 0.000758714125)
(0.0115 -0.001069035594 0.0007126903958)
(0.0115 -0.001 0.0006666666667)
(0.0115 -0.001414213562 0.001414213562)
(0.0115 -0.001345177969 0.001345177969)
(0.0115 -0.001276142375 0.001276142375)
(0.0115 -0.001207106781 0.001207106781)
(0.0115 -0.001138071187 0.001138071187)
(0.0115 -0.001069035594 0.001069035594)
(0.0115 -0.001 0.001)
(0.012 -0.001414213562 -0.0009428090416)
(0.012 -0.001345177969 -0.0008967853124)
(0.012 -0.001276142375 -0.0008507615833)
(0.012 -0.001207106781 -0.0008047378541)
(0.012 -0.001138071187 -0.000758714125)
(0.012 -0.001069035594 -0.0007126903958)
(0.012 -0.001 -0.0006666666667)
(0.012 -0.001414213562 -0.0004714045208)
(0.012 -0.001345177969 -0.0004483926562)
(0.012 -0.001276142375 -0.0004253807916)
(0.012 -0.001207106781 -0.0004023689271)
(0.012 -0.001138071187 -0.0003793570625)
(0.012 -0.001069035594 -0.0003563451979)
(0.012 -0.001 -0.0003333333333)
(0.012 -0.001414213562 0)
(0.012 -0.001345177969 -3.614007242e-20)
(0.012 -0.001276142375 -1.807003621e-20)
(0.012 -0.001207106781 0)
(0.012 -0.001138071187 9.035018104e-21)
(0.012 -0.001069035594 -9.035018104e-21)
(0.012 -0.001 0)
(0.012 -0.001414213562 0.0004714045208)
(0.012 -0.001345177969 0.0004483926562)
(0.012 -0.001276142375 0.0004253807916)
(0.012 -0.001207106781 0.0004023689271)
(0.012 -0.001138071187 0.0003793570625)
(0.012 -0.001069035594 0.0003563451979)
(0.012 -0.001 0.0003333333333)
(0.012 -0.001414213562 0.0009428090416)
(0.012 -0.001345177969 0.0008967853124)
(0.012 -0.001276142375 0.0008507615833)
(0.012 -0.001207106781 0.0008047378541)
(0.012 -0.001138071187 0.000758714125)
(0.012 -0.001069035594 0.0007126903958)
(0.012 -0.001 0.0006666666667)
(0.012 -0.001414213562 0.001414213562)
(0.012 -0.001345177969 0.001345177969)
(0.012 -0.001276142375 0.001276142375)
(0.012 -0.001207106781 0.001207106781)
(0.012 -0.001138071187 0.001138071187)
(0.012 -0.001069035594 0.001069035594)
(0.012 -0.001 0.001)
(0.0125 -0.001414213562 -0.0009428090416)
(0.0125 -0.001345177969 -0.0008967853124)
(0.0125 -0.001276142375 -0.0008507615833)
(0.0125 -0.001207106781 -0.0008047378541)
(0.0125 -0.001138071187 -0.000758714125)
(0.0125 -0.001069035594 -0.0007126903958)
(0.0125 -0.001 -0.0006666666667)
(0.0125 -0.001414213562 -0.0004714045208)
(0.0125 -0.001345177969 -0.0004483926562)
(0.0125 -0.001276142375 -0.0004253807916)
(0.0125 -0.001207106781 -0.0004023689271)
(0.0125 -0.001138071187 -0.0003793570625)
(0.0125 -0.001069035594 -0.0003563451979)
(0.0125 -0.001 -0.0003333333333)
(0.0125 -0.001414213562 0)
(0.0125 -0.001345177969 0)
(0.0125 -0.001276142375 -1.807003621e-20)
(0.0125 -0.001207106781 0)
(0.0125 -0.001138071187 -9.035018104e-21)
(0.0125 -0.001069035594 9.035018104e-21)
(0.0125 -0.001 0)
(0.0125 -0.001414213562 0.0004714045208)
(0.0125 -0.001345177969 0.0004483926562)
(0.0125 -0.001276142375 0.0004253807916)
(0.0125 -0.001207106781 0.0004023689271)
(0.0125 -0.001138071187 0.0003793570625)
(0.0125 -0.001069035594 0.0003563451979)
(0.0125 -0.001 0.0003333333333)
(0.0125 -0.001414213562 0.0009428090416)
(0.0125 -0.001345177969 0.0008967853124)
(0.0125 -0.001276142375 0.0008507615833)
(0.0125 -0.001207106781 0.0008047378541)
(0.0125 -0.001138071187 0.000758714125)
(0.0125 -0.001069035594 0.0007126903958)
(0.0125 -0.001 0.0006666666667)
(0.0125 -0.001414213562 0.001414213562)
(0.0125 -0.001345177969 0.001345177969)
(0.0125 -0.001276142375 0.001276142375)
(0.0125 -0.001207106781 0.001207106781)
(0.0125 -0.001138071187 0.001138071187)
(0.0125 -0.001069035594 0.001069035594)
(0.0125 -0.001 0.001)
(0.013 -0.001414213562 -0.0009428090416)
(0.013 -0.001345177969 -0.0008967853124)
(0.013 -0.001276142375 -0.0008507615833)
(0.013 -0.001207106781 -0.0008047378541)
(0.013 -0.001138071187 -0.000758714125)
(0.013 -0.001069035594 -0.0007126903958)
(0.013 -0.001 -0.0006666666667)
(0.013 -0.001414213562 -0.0004714045208)
(0.013 -0.001345177969 -0.0004483926562)
(0.013 -0.001276142375 -0.0004253807916)
(0.013 -0.001207106781 -0.0004023689271)
(0.013 -0.001138071187 -0.0003793570625)
(0.013 -0.001069035594 -0.0003563451979)
(0.013 -0.001 -0.0003333333333)
(0.013 -0.001414213562 0)
(0.013 -0.001345177969 0)
(0.013 -0.001276142375 -1.807003621e-20)
(0.013 -0.001207106781 0)
(0.013 -0.001138071187 -9.035018104e-21)
(0.013 -0.001069035594 9.035018104e-21)
(0.013 -0.001 0)
(0.013 -0.001414213562 0.0004714045208)
(0.013 -0.001345177969 0.0004483926562)
(0.013 -0.001276142375 0.0004253807916)
(0.013 -0.001207106781 0.0004023689271)
(0.013 -0.001138071187 0.0003793570625)
(0.013 -0.001069035594 0.0003563451979)
(0.013 -0.001 0.0003333333333)
(0.013 -0.001414213562 0.0009428090416)
(0.013 -0.001345177969 0.0008967853124)
(0.013 -0.001276142375 0.0008507615833)
(0.013 -0.001207106781 0.0008047378541)
(0.013 -0.001138071187 0.000758714125)
(0.013 -0.001069035594 0.0007126903958)
(0.013 -0.001 0.0006666666667)
(0.013 -0.001414213562 0.001414213562)
(0.013 -0.001345177969 0.001345177969)
(0.013 -0.001276142375 0.001276142375)
(0.013 -0.001207106781 0.001207106781)
(0.013 -0.001138071187 0.001138071187)
(0.013 -0.001069035594 0.001069035594)
(0.013 -0.001 0.001)
(0.0135 -0.001414213562 -0.0009428090416)
(0.0135 -0.001345177969 -0.0008967853124)
(0.0135 -0.001276142375 -0.0008507615833)
(0.0135 -0.001207106781 -0.0008047378541)
(0.0135 -0.001138071187 -0.000758714125)
(0.0135 -0.001069035594 -0.0007126903958)
(0.0135 -0.001 -0.0006666666667)
(0.0135 -0.001414213562 -0.0004714045208)
(0.0135 -0.001345177969 -0.0004483926562)
(0.0135 -0.001276142375 -0.0004253807916)
(0.0135 -0.001207106781 -0.0004023689271)
(0.0135 -0.001138071187 -0.0003793570625)
(0.0135 -0.001069035594 -0.0003563451979)
(0.0135 -0.001 -0.0003333333333)
(0.0135 -0.001414213562 0)
(0.0135 -0.001345177969 0)
(0.0135 -0.001276142375 -1.807003621e-20)
(0.0135 -0.001207106781 0)
(0.0135 -0.001138071187 -9.035018104e-21)
(0.0135 -0.001069035594 -9.035018104e-21)
(0.0135 -0.001 0)
(0.0135 -0.001414213562 0.0004714045208)
(0.0135 -0.001345177969 0.0004483926562)
(0.0135 -0.001276142375 0.0004253807916)
(0.0135 -0.001207106781 0.0004023689271)
(0.0135 -0.001138071187 0.0003793570625)
(0.0135 -0.001069035594 0.0003563451979)
(0.0135 -0.001 0.0003333333333)
(0.0135 -0.001414213562 0.0009428090416)
(0.0135 -0.001345177969 0.0008967853124)
(0.0135 -0.001276142375 0.0008507615833)
(0.0135 -0.001207106781 0.0008047378541)
(0.0135 -0.001138071187 0.000758714125)
(0.0135 -0.001069035594 0.0007126903958)
(0.0135 -0.001 0.0006666666667)
(0.0135 -0.001414213562 0.001414213562)
(0.0135 -0.001345177969 0.001345177969)
(0.0135 -0.001276142375 0.001276142375)
(0.0135 -0.001207106781 0.001207106781)
(0.0135 -0.001138071187 0.001138071187)
(0.0135 -0.001069035594 0.001069035594)
(0.0135 -0.001 0.001)
(0.014 -0.001414213562 -0.0009428090416)
(0.014 -0.001345177969 -0.0008967853124)
(0.014 -0.001276142375 -0.0008507615833)
(0.014 -0.001207106781 -0.0008047378541)
(0.014 -0.001138071187 -0.000758714125)
(0.014 -0.001069035594 -0.0007126903958)
(0.014 -0.001 -0.0006666666667)
(0.014 -0.001414213562 -0.0004714045208)
(0.014 -0.001345177969 -0.0004483926562)
(0.014 -0.001276142375 -0.0004253807916)
(0.014 -0.001207106781 -0.0004023689271)
(0.014 -0.001138071187 -0.0003793570625)
(0.014 -0.001069035594 -0.0003563451979)
(0.014 -0.001 -0.0003333333333)
(0.014 -0.001414213562 0)
(0.014 -0.001345177969 0)
(0.014 -0.001276142375 -1.807003621e-20)
(0.014 -0.001207106781 0)
(0.014 -0.001138071187 -9.035018104e-21)
(0.014 -0.001069035594 9.035018104e-21)
(0.014 -0.001 0)
(0.014 -0.001414213562 0.0004714045208)
(0.014 -0.001345177969 0.0004483926562)
(0.014 -0.001276142375 0.0004253807916)
(0.014 -0.001207106781 0.0004023689271)
(0.014 -0.001138071187 0.0003793570625)
(0.014 -0.001069035594 0.0003563451979)
(0.014 -0.001 0.0003333333333)
(0.014 -0.001414213562 0.0009428090416)
(0.014 -0.001345177969 0.0008967853124)
(0.014 -0.001276142375 0.0008507615833)
(0.014 -0.001207106781 0.0008047378541)
(0.014 -0.001138071187 0.000758714125)
(0.014 -0.001069035594 0.0007126903958)
(0.014 -0.001 0.0006666666667)
(0.014 -0.001414213562 0.001414213562)
(0.014 -0.001345177969 0.001345177969)
(0.014 -0.001276142375 0.001276142375)
(0.014 -0.001207106781 0.001207106781)
(0.014 -0.001138071187 0.001138071187)
(0.014 -0.001069035594 0.001069035594)
(0.014 -0.001 0.001)
(0.0145 -0.001414213562 -0.0009428090416)
(0.0145 -0.001345177969 -0.0008967853124)
(0.0145 -0.001276142375 -0.0008507615833)
(0.0145 -0.001207106781 -0.0008047378541)
(0.0145 -0.001138071187 -0.000758714125)
(0.0145 -0.001069035594 -0.0007126903958)
(0.0145 -0.001 -0.0006666666667)
(0.0145 -0.001414213562 -0.0004714045208)
(0.0145 -0.001345177969 -0.0004483926562)
(0.0145 -0.001276142375 -0.0004253807916)
(0.0145 -0.001207106781 -0.0004023689271)
(0.0145 -0.001138071187 -0.0003793570625)
(0.0145 -0.001069035594 -0.0003563451979)
(0.0145 -0.001 -0.0003333333333)
(0.0145 -0.001414213562 0)
(0.0145 -0.001345177969 0)
(0.0145 -0.001276142375 -1.807003621e-20)
(0.0145 -0.001207106781 0)
(0.0145 -0.001138071187 9.035018104e-21)
(0.0145 -0.001069035594 9.035018104e-21)
(0.0145 -0.001 0)
(0.0145 -0.001414213562 0.0004714045208)
(0.0145 -0.001345177969 0.0004483926562)
(0.0145 -0.001276142375 0.0004253807916)
(0.0145 -0.001207106781 0.0004023689271)
(0.0145 -0.001138071187 0.0003793570625)
(0.0145 -0.001069035594 0.0003563451979)
(0.0145 -0.001 0.0003333333333)
(0.0145 -0.001414213562 0.0009428090416)
(0.0145 -0.001345177969 0.0008967853124)
(0.0145 -0.001276142375 0.0008507615833)
(0.0145 -0.001207106781 0.0008047378541)
(0.0145 -0.001138071187 0.000758714125)
(0.0145 -0.001069035594 0.0007126903958)
(0.0145 -0.001 0.0006666666667)
(0.0145 -0.001414213562 0.001414213562)
(0.0145 -0.001345177969 0.001345177969)
(0.0145 -0.001276142375 0.001276142375)
(0.0145 -0.001207106781 0.001207106781)
(0.0145 -0.001138071187 0.001138071187)
(0.0145 -0.001069035594 0.001069035594)
(0.0145 -0.001 0.001)
(0.015 -0.001414213562 -0.0009428090416)
(0.015 -0.001345177969 -0.0008967853124)
(0.015 -0.001276142375 -0.0008507615833)
(0.015 -0.001207106781 -0.0008047378541)
(0.015 -0.001138071187 -0.000758714125)
(0.015 -0.001069035594 -0.0007126903958)
(0.015 -0.001 -0.0006666666667)
(0.015 -0.001414213562 -0.0004714045208)
(0.015 -0.001345177969 -0.0004483926562)
(0.015 -0.001276142375 -0.0004253807916)
(0.015 -0.001207106781 -0.0004023689271)
(0.015 -0.001138071187 -0.0003793570625)
(0.015 -0.001069035594 -0.0003563451979)
(0.015 -0.001 -0.0003333333333)
(0.015 -0.001414213562 0)
(0.015 -0.001345177969 0)
(0.015 -0.001276142375 -1.807003621e-20)
(0.015 -0.001207106781 0)
(0.015 -0.001138071187 -9.035018104e-21)
(0.015 -0.001069035594 9.035018104e-21)
(0.015 -0.001 0)
(0.015 -0.001414213562 0.0004714045208)
(0.015 -0.001345177969 0.0004483926562)
(0.015 -0.001276142375 0.0004253807916)
(0.015 -0.001207106781 0.0004023689271)
(0.015 -0.001138071187 0.0003793570625)
(0.015 -0.001069035594 0.0003563451979)
(0.015 -0.001 0.0003333333333)
(0.015 -0.001414213562 0.0009428090416)
(0.015 -0.001345177969 0.0008967853124)
(0.015 -0.001276142375 0.0008507615833)
(0.015 -0.001207106781 0.0008047378541)
(0.015 -0.001138071187 0.000758714125)
(0.015 -0.001069035594 0.0007126903958)
(0.015 -0.001 0.0006666666667)
(0.015 -0.001414213562 0.001414213562)
(0.015 -0.001345177969 0.001345177969)
(0.015 -0.001276142375 0.001276142375)
(0.015 -0.001207106781 0.001207106781)
(0.015 -0.001138071187 0.001138071187)
(0.015 -0.001069035594 0.001069035594)
(0.015 -0.001 0.001)
(0.0155 -0.001414213562 -0.0009428090416)
(0.0155 -0.001345177969 -0.0008967853124)
(0.0155 -0.001276142375 -0.0008507615833)
(0.0155 -0.001207106781 -0.0008047378541)
(0.0155 -0.001138071187 -0.000758714125)
(0.0155 -0.001069035594 -0.0007126903958)
(0.0155 -0.001 -0.0006666666667)
(0.0155 -0.001414213562 -0.0004714045208)
(0.0155 -0.001345177969 -0.0004483926562)
(0.0155 -0.001276142375 -0.0004253807916)
(0.0155 -0.001207106781 -0.0004023689271)
(0.0155 -0.001138071187 -0.0003793570625)
(0.0155 -0.001069035594 -0.0003563451979)
(0.0155 -0.001 -0.0003333333333)
(0.0155 -0.001414213562 0)
(0.0155 -0.001345177969 0)
(0.0155 -0.001276142375 -1.807003621e-20)
(0.0155 -0.001207106781 0)
(0.0155 -0.001138071187 -9.035018104e-21)
(0.0155 -0.001069035594 0)
(0.0155 -0.001 0)
(0.0155 -0.001414213562 0.0004714045208)
(0.0155 -0.001345177969 0.0004483926562)
(0.0155 -0.001276142375 0.0004253807916)
(0.0155 -0.001207106781 0.0004023689271)
(0.0155 -0.001138071187 0.0003793570625)
(0.0155 -0.001069035594 0.0003563451979)
(0.0155 -0.001 0.0003333333333)
(0.0155 -0.001414213562 0.0009428090416)
(0.0155 -0.001345177969 0.0008967853124)
(0.0155 -0.001276142375 0.0008507615833)
(0.0155 -0.001207106781 0.0008047378541)
(0.0155 -0.001138071187 0.000758714125)
(0.0155 -0.001069035594 0.0007126903958)
(0.0155 -0.001 0.0006666666667)
(0.0155 -0.001414213562 0.001414213562)
(0.0155 -0.001345177969 0.001345177969)
(0.0155 -0.001276142375 0.001276142375)
(0.0155 -0.001207106781 0.001207106781)
(0.0155 -0.001138071187 0.001138071187)
(0.0155 -0.001069035594 0.001069035594)
(0.0155 -0.001 0.001)
(0.016 -0.001414213562 -0.0009428090416)
(0.016 -0.001345177969 -0.0008967853124)
(0.016 -0.001276142375 -0.0008507615833)
(0.016 -0.001207106781 -0.0008047378541)
(0.016 -0.001138071187 -0.000758714125)
(0.016 -0.001069035594 -0.0007126903958)
(0.016 -0.001 -0.0006666666667)
(0.016 -0.001414213562 -0.0004714045208)
(0.016 -0.001345177969 -0.0004483926562)
(0.016 -0.001276142375 -0.0004253807916)
(0.016 -0.001207106781 -0.0004023689271)
(0.016 -0.001138071187 -0.0003793570625)
(0.016 -0.001069035594 -0.0003563451979)
(0.016 -0.001 -0.0003333333333)
(0.016 -0.001414213562 0)
(0.016 -0.001345177969 0)
(0.016 -0.001276142375 -1.807003621e-20)
(0.016 -0.001207106781 0)
(0.016 -0.001138071187 9.035018104e-21)
(0.016 -0.001069035594 0)
(0.016 -0.001 0)
(0.016 -0.001414213562 0.0004714045208)
(0.016 -0.001345177969 0.0004483926562)
(0.016 -0.001276142375 0.0004253807916)
(0.016 -0.001207106781 0.0004023689271)
(0.016 -0.001138071187 0.0003793570625)
(0.016 -0.001069035594 0.0003563451979)
(0.016 -0.001 0.0003333333333)
(0.016 -0.001414213562 0.0009428090416)
(0.016 -0.001345177969 0.0008967853124)
(0.016 -0.001276142375 0.0008507615833)
(0.016 -0.001207106781 0.0008047378541)
(0.016 -0.001138071187 0.000758714125)
(0.016 -0.001069035594 0.0007126903958)
(0.016 -0.001 0.0006666666667)
(0.016 -0.001414213562 0.001414213562)
(0.016 -0.001345177969 0.001345177969)
(0.016 -0.001276142375 0.001276142375)
(0.016 -0.001207106781 0.001207106781)
(0.016 -0.001138071187 0.001138071187)
(0.016 -0.001069035594 0.001069035594)
(0.016 -0.001 0.001)
(0.0165 -0.001414213562 -0.0009428090416)
(0.0165 -0.001345177969 -0.0008967853124)
(0.0165 -0.001276142375 -0.0008507615833)
(0.0165 -0.001207106781 -0.0008047378541)
(0.0165 -0.001138071187 -0.000758714125)
(0.0165 -0.001069035594 -0.0007126903958)
(0.0165 -0.001 -0.0006666666667)
(0.0165 -0.001414213562 -0.0004714045208)
(0.0165 -0.001345177969 -0.0004483926562)
(0.0165 -0.001276142375 -0.0004253807916)
(0.0165 -0.001207106781 -0.0004023689271)
(0.0165 -0.001138071187 -0.0003793570625)
(0.0165 -0.001069035594 -0.0003563451979)
(0.0165 -0.001 -0.0003333333333)
(0.0165 -0.001414213562 0)
(0.0165 -0.001345177969 0)
(0.0165 -0.001276142375 -1.807003621e-20)
(0.0165 -0.001207106781 0)
(0.0165 -0.001138071187 -9.035018104e-21)
(0.0165 -0.001069035594 9.035018104e-21)
(0.0165 -0.001 0)
(0.0165 -0.001414213562 0.0004714045208)
(0.0165 -0.001345177969 0.0004483926562)
(0.0165 -0.001276142375 0.0004253807916)
(0.0165 -0.001207106781 0.0004023689271)
(0.0165 -0.001138071187 0.0003793570625)
(0.0165 -0.001069035594 0.0003563451979)
(0.0165 -0.001 0.0003333333333)
(0.0165 -0.001414213562 0.0009428090416)
(0.0165 -0.001345177969 0.0008967853124)
(0.0165 -0.001276142375 0.0008507615833)
(0.0165 -0.001207106781 0.0008047378541)
(0.0165 -0.001138071187 0.000758714125)
(0.0165 -0.001069035594 0.0007126903958)
(0.0165 -0.001 0.0006666666667)
(0.0165 -0.001414213562 0.001414213562)
(0.0165 -0.001345177969 0.001345177969)
(0.0165 -0.001276142375 0.001276142375)
(0.0165 -0.001207106781 0.001207106781)
(0.0165 -0.001138071187 0.001138071187)
(0.0165 -0.001069035594 0.001069035594)
(0.0165 -0.001 0.001)
(0.017 -0.001414213562 -0.0009428090416)
(0.017 -0.001345177969 -0.0008967853124)
(0.017 -0.001276142375 -0.0008507615833)
(0.017 -0.001207106781 -0.0008047378541)
(0.017 -0.001138071187 -0.000758714125)
(0.017 -0.001069035594 -0.0007126903958)
(0.017 -0.001 -0.0006666666667)
(0.017 -0.001414213562 -0.0004714045208)
(0.017 -0.001345177969 -0.0004483926562)
(0.017 -0.001276142375 -0.0004253807916)
(0.017 -0.001207106781 -0.0004023689271)
(0.017 -0.001138071187 -0.0003793570625)
(0.017 -0.001069035594 -0.0003563451979)
(0.017 -0.001 -0.0003333333333)
(0.017 -0.001414213562 0)
(0.017 -0.001345177969 0)
(0.017 -0.001276142375 -1.807003621e-20)
(0.017 -0.001207106781 0)
(0.017 -0.001138071187 -9.035018104e-21)
(0.017 -0.001069035594 0)
(0.017 -0.001 0)
(0.017 -0.001414213562 0.0004714045208)
(0.017 -0.001345177969 0.0004483926562)
(0.017 -0.001276142375 0.0004253807916)
(0.017 -0.001207106781 0.0004023689271)
(0.017 -0.001138071187 0.0003793570625)
(0.017 -0.001069035594 0.0003563451979)
(0.017 -0.001 0.0003333333333)
(0.017 -0.001414213562 0.0009428090416)
(0.017 -0.001345177969 0.0008967853124)
(0.017 -0.001276142375 0.0008507615833)
(0.017 -0.001207106781 0.0008047378541)
(0.017 -0.001138071187 0.000758714125)
(0.017 -0.001069035594 0.0007126903958)
(0.017 -0.001 0.0006666666667)
(0.017 -0.001414213562 0.001414213562)
(0.017 -0.001345177969 0.001345177969)
(0.017 -0.001276142375 0.001276142375)
(0.017 -0.001207106781 0.001207106781)
(0.017 -0.001138071187 0.001138071187)
(0.017 -0.001069035594 0.001069035594)
(0.017 -0.001 0.001)
(0.0175 -0.001414213562 -0.0009428090416)
(0.0175 -0.001345177969 -0.0008967853124)
(0.0175 -0.001276142375 -0.0008507615833)
(0.0175 -0.001207106781 -0.0008047378541)
(0.0175 -0.001138071187 -0.000758714125)
(0.0175 -0.001069035594 -0.0007126903958)
(0.0175 -0.001 -0.0006666666667)
(0.0175 -0.001414213562 -0.0004714045208)
(0.0175 -0.001345177969 -0.0004483926562)
(0.0175 -0.001276142375 -0.0004253807916)
(0.0175 -0.001207106781 -0.0004023689271)
(0.0175 -0.001138071187 -0.0003793570625)
(0.0175 -0.001069035594 -0.0003563451979)
(0.0175 -0.001 -0.0003333333333)
(0.0175 -0.001414213562 0)
(0.0175 -0.001345177969 0)
(0.0175 -0.001276142375 -1.807003621e-20)
(0.0175 -0.001207106781 0)
(0.0175 -0.001138071187 -9.035018104e-21)
(0.0175 -0.001069035594 -9.035018104e-21)
(0.0175 -0.001 0)
(0.0175 -0.001414213562 0.0004714045208)
(0.0175 -0.001345177969 0.0004483926562)
(0.0175 -0.001276142375 0.0004253807916)
(0.0175 -0.001207106781 0.0004023689271)
(0.0175 -0.001138071187 0.0003793570625)
(0.0175 -0.001069035594 0.0003563451979)
(0.0175 -0.001 0.0003333333333)
(0.0175 -0.001414213562 0.0009428090416)
(0.0175 -0.001345177969 0.0008967853124)
(0.0175 -0.001276142375 0.0008507615833)
(0.0175 -0.001207106781 0.0008047378541)
(0.0175 -0.001138071187 0.000758714125)
(0.0175 -0.001069035594 0.0007126903958)
(0.0175 -0.001 0.0006666666667)
(0.0175 -0.001414213562 0.001414213562)
(0.0175 -0.001345177969 0.001345177969)
(0.0175 -0.001276142375 0.001276142375)
(0.0175 -0.001207106781 0.001207106781)
(0.0175 -0.001138071187 0.001138071187)
(0.0175 -0.001069035594 0.001069035594)
(0.0175 -0.001 0.001)
(0.018 -0.001414213562 -0.0009428090416)
(0.018 -0.001345177969 -0.0008967853124)
(0.018 -0.001276142375 -0.0008507615833)
(0.018 -0.001207106781 -0.0008047378541)
(0.018 -0.001138071187 -0.000758714125)
(0.018 -0.001069035594 -0.0007126903958)
(0.018 -0.001 -0.0006666666667)
(0.018 -0.001414213562 -0.0004714045208)
(0.018 -0.001345177969 -0.0004483926562)
(0.018 -0.001276142375 -0.0004253807916)
(0.018 -0.001207106781 -0.0004023689271)
(0.018 -0.001138071187 -0.0003793570625)
(0.018 -0.001069035594 -0.0003563451979)
(0.018 -0.001 -0.0003333333333)
(0.018 -0.001414213562 0)
(0.018 -0.001345177969 0)
(0.018 -0.001276142375 -1.807003621e-20)
(0.018 -0.001207106781 0)
(0.018 -0.001138071187 -9.035018104e-21)
(0.018 -0.001069035594 0)
(0.018 -0.001 0)
(0.018 -0.001414213562 0.0004714045208)
(0.018 -0.001345177969 0.0004483926562)
(0.018 -0.001276142375 0.0004253807916)
(0.018 -0.001207106781 0.0004023689271)
(0.018 -0.001138071187 0.0003793570625)
(0.018 -0.001069035594 0.0003563451979)
(0.018 -0.001 0.0003333333333)
(0.018 -0.001414213562 0.0009428090416)
(0.018 -0.001345177969 0.0008967853124)
(0.018 -0.001276142375 0.0008507615833)
(0.018 -0.001207106781 0.0008047378541)
(0.018 -0.001138071187 0.000758714125)
(0.018 -0.001069035594 0.0007126903958)
(0.018 -0.001 0.0006666666667)
(0.018 -0.001414213562 0.001414213562)
(0.018 -0.001345177969 0.001345177969)
(0.018 -0.001276142375 0.001276142375)
(0.018 -0.001207106781 0.001207106781)
(0.018 -0.001138071187 0.001138071187)
(0.018 -0.001069035594 0.001069035594)
(0.018 -0.001 0.001)
(0.0185 -0.001414213562 -0.0009428090416)
(0.0185 -0.001345177969 -0.0008967853124)
(0.0185 -0.001276142375 -0.0008507615833)
(0.0185 -0.001207106781 -0.0008047378541)
(0.0185 -0.001138071187 -0.000758714125)
(0.0185 -0.001069035594 -0.0007126903958)
(0.0185 -0.001 -0.0006666666667)
(0.0185 -0.001414213562 -0.0004714045208)
(0.0185 -0.001345177969 -0.0004483926562)
(0.0185 -0.001276142375 -0.0004253807916)
(0.0185 -0.001207106781 -0.0004023689271)
(0.0185 -0.001138071187 -0.0003793570625)
(0.0185 -0.001069035594 -0.0003563451979)
(0.0185 -0.001 -0.0003333333333)
(0.0185 -0.001414213562 0)
(0.0185 -0.001345177969 0)
(0.0185 -0.001276142375 -1.807003621e-20)
(0.0185 -0.001207106781 0)
(0.0185 -0.001138071187 -9.035018104e-21)
(0.0185 -0.001069035594 9.035018104e-21)
(0.0185 -0.001 0)
(0.0185 -0.001414213562 0.0004714045208)
(0.0185 -0.001345177969 0.0004483926562)
(0.0185 -0.001276142375 0.0004253807916)
(0.0185 -0.001207106781 0.0004023689271)
(0.0185 -0.001138071187 0.0003793570625)
(0.0185 -0.001069035594 0.0003563451979)
(0.0185 -0.001 0.0003333333333)
(0.0185 -0.001414213562 0.0009428090416)
(0.0185 -0.001345177969 0.0008967853124)
(0.0185 -0.001276142375 0.0008507615833)
(0.0185 -0.001207106781 0.0008047378541)
(0.0185 -0.001138071187 0.000758714125)
(0.0185 -0.001069035594 0.0007126903958)
(0.0185 -0.001 0.0006666666667)
(0.0185 -0.001414213562 0.001414213562)
(0.0185 -0.001345177969 0.001345177969)
(0.0185 -0.001276142375 0.001276142375)
(0.0185 -0.001207106781 0.001207106781)
(0.0185 -0.001138071187 0.001138071187)
(0.0185 -0.001069035594 0.001069035594)
(0.0185 -0.001 0.001)
(0.019 -0.001414213562 -0.0009428090416)
(0.019 -0.001345177969 -0.0008967853124)
(0.019 -0.001276142375 -0.0008507615833)
(0.019 -0.001207106781 -0.0008047378541)
(0.019 -0.001138071187 -0.000758714125)
(0.019 -0.001069035594 -0.0007126903958)
(0.019 -0.001 -0.0006666666667)
(0.019 -0.001414213562 -0.0004714045208)
(0.019 -0.001345177969 -0.0004483926562)
(0.019 -0.001276142375 -0.0004253807916)
(0.019 -0.001207106781 -0.0004023689271)
(0.019 -0.001138071187 -0.0003793570625)
(0.019 -0.001069035594 -0.0003563451979)
(0.019 -0.001 -0.0003333333333)
(0.019 -0.001414213562 0)
(0.019 -0.001345177969 0)
(0.019 -0.001276142375 -1.807003621e-20)
(0.019 -0.001207106781 0)
(0.019 -0.001138071187 -9.035018104e-21)
(0.019 -0.001069035594 -9.035018104e-21)
(0.019 -0.001 0)
(0.019 -0.001414213562 0.0004714045208)
(0.019 -0.001345177969 0.0004483926562)
(0.019 -0.001276142375 0.0004253807916)
(0.019 -0.001207106781 0.0004023689271)
(0.019 -0.001138071187 0.0003793570625)
(0.019 -0.001069035594 0.0003563451979)
(0.019 -0.001 0.0003333333333)
(0.019 -0.001414213562 0.0009428090416)
(0.019 -0.001345177969 0.0008967853124)
(0.019 -0.001276142375 0.0008507615833)
(0.019 -0.001207106781 0.0008047378541)
(0.019 -0.001138071187 0.000758714125)
(0.019 -0.001069035594 0.0007126903958)
(0.019 -0.001 0.0006666666667)
(0.019 -0.001414213562 0.001414213562)
(0.019 -0.001345177969 0.001345177969)
(0.019 -0.001276142375 0.001276142375)
(0.019 -0.001207106781 0.001207106781)
(0.019 -0.001138071187 0.001138071187)
(0.019 -0.001069035594 0.001069035594)
(0.019 -0.001 0.001)
(0.0195 -0.001414213562 -0.0009428090416)
(0.0195 -0.001345177969 -0.0008967853124)
(0.0195 -0.001276142375 -0.0008507615833)
(0.0195 -0.001207106781 -0.0008047378541)
(0.0195 -0.001138071187 -0.000758714125)
(0.0195 -0.001069035594 -0.0007126903958)
(0.0195 -0.001 -0.0006666666667)
(0.0195 -0.001414213562 -0.0004714045208)
(0.0195 -0.001345177969 -0.0004483926562)
(0.0195 -0.001276142375 -0.0004253807916)
(0.0195 -0.001207106781 -0.0004023689271)
(0.0195 -0.001138071187 -0.0003793570625)
(0.0195 -0.001069035594 -0.0003563451979)
(0.0195 -0.001 -0.0003333333333)
(0.0195 -0.001414213562 0)
(0.0195 -0.001345177969 0)
(0.0195 -0.001276142375 -1.807003621e-20)
(0.0195 -0.001207106781 0)
(0.0195 -0.001138071187 -9.035018104e-21)
(0.0195 -0.001069035594 0)
(0.0195 -0.001 0)
(0.0195 -0.001414213562 0.0004714045208)
(0.0195 -0.001345177969 0.0004483926562)
(0.0195 -0.001276142375 0.0004253807916)
(0.0195 -0.001207106781 0.0004023689271)
(0.0195 -0.001138071187 0.0003793570625)
(0.0195 -0.001069035594 0.0003563451979)
(0.0195 -0.001 0.0003333333333)
(0.0195 -0.001414213562 0.0009428090416)
(0.0195 -0.001345177969 0.0008967853124)
(0.0195 -0.001276142375 0.0008507615833)
(0.0195 -0.001207106781 0.0008047378541)
(0.0195 -0.001138071187 0.000758714125)
(0.0195 -0.001069035594 0.0007126903958)
(0.0195 -0.001 0.0006666666667)
(0.0195 -0.001414213562 0.001414213562)
(0.0195 -0.001345177969 0.001345177969)
(0.0195 -0.001276142375 0.001276142375)
(0.0195 -0.001207106781 0.001207106781)
(0.0195 -0.001138071187 0.001138071187)
(0.0195 -0.001069035594 0.001069035594)
(0.0195 -0.001 0.001)
(0.02 -0.001414213562 -0.0009428090416)
(0.02 -0.001345177969 -0.0008967853124)
(0.02 -0.001276142375 -0.0008507615833)
(0.02 -0.001207106781 -0.0008047378541)
(0.02 -0.001138071187 -0.000758714125)
(0.02 -0.001069035594 -0.0007126903958)
(0.02 -0.001 -0.0006666666667)
(0.02 -0.001414213562 -0.0004714045208)
(0.02 -0.001345177969 -0.0004483926562)
(0.02 -0.001276142375 -0.0004253807916)
(0.02 -0.001207106781 -0.0004023689271)
(0.02 -0.001138071187 -0.0003793570625)
(0.02 -0.001069035594 -0.0003563451979)
(0.02 -0.001 -0.0003333333333)
(0.02 -0.001414213562 0)
(0.02 -0.001345177969 0)
(0.02 -0.001276142375 -1.807003621e-20)
(0.02 -0.001207106781 0)
(0.02 -0.001138071187 -9.035018104e-21)
(0.02 -0.001069035594 9.035018104e-21)
(0.02 -0.001 0)
(0.02 -0.001414213562 0.0004714045208)
(0.02 -0.001345177969 0.0004483926562)
(0.02 -0.001276142375 0.0004253807916)
(0.02 -0.001207106781 0.0004023689271)
(0.02 -0.001138071187 0.0003793570625)
(0.02 -0.001069035594 0.0003563451979)
(0.02 -0.001 0.0003333333333)
(0.02 -0.001414213562 0.0009428090416)
(0.02 -0.001345177969 0.0008967853124)
(0.02 -0.001276142375 0.0008507615833)
(0.02 -0.001207106781 0.0008047378541)
(0.02 -0.001138071187 0.000758714125)
(0.02 -0.001069035594 0.0007126903958)
(0.02 -0.001 0.0006666666667)
(0.02 -0.001414213562 0.001414213562)
(0.02 -0.001345177969 0.001345177969)
(0.02 -0.001276142375 0.001276142375)
(0.02 -0.001207106781 0.001207106781)
(0.02 -0.001138071187 0.001138071187)
(0.02 -0.001069035594 0.001069035594)
(0.02 -0.001 0.001)
(0.0205 -0.001414213562 -0.0009428090416)
(0.0205 -0.001345177969 -0.0008967853124)
(0.0205 -0.001276142375 -0.0008507615833)
(0.0205 -0.001207106781 -0.0008047378541)
(0.0205 -0.001138071187 -0.000758714125)
(0.0205 -0.001069035594 -0.0007126903958)
(0.0205 -0.001 -0.0006666666667)
(0.0205 -0.001414213562 -0.0004714045208)
(0.0205 -0.001345177969 -0.0004483926562)
(0.0205 -0.001276142375 -0.0004253807916)
(0.0205 -0.001207106781 -0.0004023689271)
(0.0205 -0.001138071187 -0.0003793570625)
(0.0205 -0.001069035594 -0.0003563451979)
(0.0205 -0.001 -0.0003333333333)
(0.0205 -0.001414213562 0)
(0.0205 -0.001345177969 0)
(0.0205 -0.001276142375 0)
(0.0205 -0.001207106781 0)
(0.0205 -0.001138071187 9.035018104e-21)
(0.0205 -0.001069035594 -9.035018104e-21)
(0.0205 -0.001 0)
(0.0205 -0.001414213562 0.0004714045208)
(0.0205 -0.001345177969 0.0004483926562)
(0.0205 -0.001276142375 0.0004253807916)
(0.0205 -0.001207106781 0.0004023689271)
(0.0205 -0.001138071187 0.0003793570625)
(0.0205 -0.001069035594 0.0003563451979)
(0.0205 -0.001 0.0003333333333)
(0.0205 -0.001414213562 0.0009428090416)
(0.0205 -0.001345177969 0.0008967853124)
(0.0205 -0.001276142375 0.0008507615833)
(0.0205 -0.001207106781 0.0008047378541)
(0.0205 -0.001138071187 0.000758714125)
(0.0205 -0.001069035594 0.0007126903958)
(0.0205 -0.001 0.0006666666667)
(0.0205 -0.001414213562 0.001414213562)
(0.0205 -0.001345177969 0.001345177969)
(0.0205 -0.001276142375 0.001276142375)
(0.0205 -0.001207106781 0.001207106781)
(0.0205 -0.001138071187 0.001138071187)
(0.0205 -0.001069035594 0.001069035594)
(0.0205 -0.001 0.001)
(0.021 -0.001414213562 -0.0009428090416)
(0.021 -0.001345177969 -0.0008967853124)
(0.021 -0.001276142375 -0.0008507615833)
(0.021 -0.001207106781 -0.0008047378541)
(0.021 -0.001138071187 -0.000758714125)
(0.021 -0.001069035594 -0.0007126903958)
(0.021 -0.001 -0.0006666666667)
(0.021 -0.001414213562 -0.0004714045208)
(0.021 -0.001345177969 -0.0004483926562)
(0.021 -0.001276142375 -0.0004253807916)
(0.021 -0.001207106781 -0.0004023689271)
(0.021 -0.001138071187 -0.0003793570625)
(0.021 -0.001069035594 -0.0003563451979)
(0.021 -0.001 -0.0003333333333)
(0.021 -0.001414213562 0)
(0.021 -0.001345177969 0)
(0.021 -0.001276142375 0)
(0.021 -0.001207106781 0)
(0.021 -0.001138071187 9.035018104e-21)
(0.021 -0.001069035594 9.035018104e-21)
(0.021 -0.001 0)
(0.021 -0.001414213562 0.0004714045208)
(0.021 -0.001345177969 0.0004483926562)
(0.021 -0.001276142375 0.0004253807916)
(0.021 -0.001207106781 0.0004023689271)
(0.021 -0.001138071187 0.0003793570625)
(0.021 -0.001069035594 0.0003563451979)
(0.021 -0.001 0.0003333333333)
(0.021 -0.001414213562 0.0009428090416)
(0.021 -0.001345177969 0.0008967853124)
(0.021 -0.001276142375 0.0008507615833)
(0.021 -0.001207106781 0.0008047378541)
(0.021 -0.001138071187 0.000758714125)
(0.021 -0.001069035594 0.0007126903958)
(0.021 -0.001 0.0006666666667)
(0.021 -0.001414213562 0.001414213562)
(0.021 -0.001345177969 0.001345177969)
(0.021 -0.001276142375 0.001276142375)
(0.021 -0.001207106781 0.001207106781)
(0.021 -0.001138071187 0.001138071187)
(0.021 -0.001069035594 0.001069035594)
(0.021 -0.001 0.001)
(0.0215 -0.001414213562 -0.0009428090416)
(0.0215 -0.001345177969 -0.0008967853124)
(0.0215 -0.001276142375 -0.0008507615833)
(0.0215 -0.001207106781 -0.0008047378541)
(0.0215 -0.001138071187 -0.000758714125)
(0.0215 -0.001069035594 -0.0007126903958)
(0.0215 -0.001 -0.0006666666667)
(0.0215 -0.001414213562 -0.0004714045208)
(0.0215 -0.001345177969 -0.0004483926562)
(0.0215 -0.001276142375 -0.0004253807916)
(0.0215 -0.001207106781 -0.0004023689271)
(0.0215 -0.001138071187 -0.0003793570625)
(0.0215 -0.001069035594 -0.0003563451979)
(0.0215 -0.001 -0.0003333333333)
(0.0215 -0.001414213562 0)
(0.0215 -0.001345177969 0)
(0.0215 -0.001276142375 -1.807003621e-20)
(0.0215 -0.001207106781 0)
(0.0215 -0.001138071187 -9.035018104e-21)
(0.0215 -0.001069035594 -9.035018104e-21)
(0.0215 -0.001 0)
(0.0215 -0.001414213562 0.0004714045208)
(0.0215 -0.001345177969 0.0004483926562)
(0.0215 -0.001276142375 0.0004253807916)
(0.0215 -0.001207106781 0.0004023689271)
(0.0215 -0.001138071187 0.0003793570625)
(0.0215 -0.001069035594 0.0003563451979)
(0.0215 -0.001 0.0003333333333)
(0.0215 -0.001414213562 0.0009428090416)
(0.0215 -0.001345177969 0.0008967853124)
(0.0215 -0.001276142375 0.0008507615833)
(0.0215 -0.001207106781 0.0008047378541)
(0.0215 -0.001138071187 0.000758714125)
(0.0215 -0.001069035594 0.0007126903958)
(0.0215 -0.001 0.0006666666667)
(0.0215 -0.001414213562 0.001414213562)
(0.0215 -0.001345177969 0.001345177969)
(0.0215 -0.001276142375 0.001276142375)
(0.0215 -0.001207106781 0.001207106781)
(0.0215 -0.001138071187 0.001138071187)
(0.0215 -0.001069035594 0.001069035594)
(0.0215 -0.001 0.001)
(0.022 -0.001414213562 -0.0009428090416)
(0.022 -0.001345177969 -0.0008967853124)
(0.022 -0.001276142375 -0.0008507615833)
(0.022 -0.001207106781 -0.0008047378541)
(0.022 -0.001138071187 -0.000758714125)
(0.022 -0.001069035594 -0.0007126903958)
(0.022 -0.001 -0.0006666666667)
(0.022 -0.001414213562 -0.0004714045208)
(0.022 -0.001345177969 -0.0004483926562)
(0.022 -0.001276142375 -0.0004253807916)
(0.022 -0.001207106781 -0.0004023689271)
(0.022 -0.001138071187 -0.0003793570625)
(0.022 -0.001069035594 -0.0003563451979)
(0.022 -0.001 -0.0003333333333)
(0.022 -0.001414213562 0)
(0.022 -0.001345177969 0)
(0.022 -0.001276142375 0)
(0.022 -0.001207106781 0)
(0.022 -0.001138071187 9.035018104e-21)
(0.022 -0.001069035594 -9.035018104e-21)
(0.022 -0.001 0)
(0.022 -0.001414213562 0.0004714045208)
(0.022 -0.001345177969 0.0004483926562)
(0.022 -0.001276142375 0.0004253807916)
(0.022 -0.001207106781 0.0004023689271)
(0.022 -0.001138071187 0.0003793570625)
(0.022 -0.001069035594 0.0003563451979)
(0.022 -0.001 0.0003333333333)
(0.022 -0.001414213562 0.0009428090416)
(0.022 -0.001345177969 0.0008967853124)
(0.022 -0.001276142375 0.0008507615833)
(0.022 -0.001207106781 0.0008047378541)
(0.022 -0.001138071187 0.000758714125)
(0.022 -0.001069035594 0.0007126903958)
(0.022 -0.001 0.0006666666667)
(0.022 -0.001414213562 0.001414213562)
(0.022 -0.001345177969 0.001345177969)
(0.022 -0.001276142375 0.001276142375)
(0.022 -0.001207106781 0.001207106781)
(0.022 -0.001138071187 0.001138071187)
(0.022 -0.001069035594 0.001069035594)
(0.022 -0.001 0.001)
(0.0225 -0.001414213562 -0.0009428090416)
(0.0225 -0.001345177969 -0.0008967853124)
(0.0225 -0.001276142375 -0.0008507615833)
(0.0225 -0.001207106781 -0.0008047378541)
(0.0225 -0.001138071187 -0.000758714125)
(0.0225 -0.001069035594 -0.0007126903958)
(0.0225 -0.001 -0.0006666666667)
(0.0225 -0.001414213562 -0.0004714045208)
(0.0225 -0.001345177969 -0.0004483926562)
(0.0225 -0.001276142375 -0.0004253807916)
(0.0225 -0.001207106781 -0.0004023689271)
(0.0225 -0.001138071187 -0.0003793570625)
(0.0225 -0.001069035594 -0.0003563451979)
(0.0225 -0.001 -0.0003333333333)
(0.0225 -0.001414213562 0)
(0.0225 -0.001345177969 0)
(0.0225 -0.001276142375 0)
(0.0225 -0.001207106781 0)
(0.0225 -0.001138071187 9.035018104e-21)
(0.0225 -0.001069035594 9.035018104e-21)
(0.0225 -0.001 0)
(0.0225 -0.001414213562 0.0004714045208)
(0.0225 -0.001345177969 0.0004483926562)
(0.0225 -0.001276142375 0.0004253807916)
(0.0225 -0.001207106781 0.0004023689271)
(0.0225 -0.001138071187 0.0003793570625)
(0.0225 -0.001069035594 0.0003563451979)
(0.0225 -0.001 0.0003333333333)
(0.0225 -0.001414213562 0.0009428090416)
(0.0225 -0.001345177969 0.0008967853124)
(0.0225 -0.001276142375 0.0008507615833)
(0.0225 -0.001207106781 0.0008047378541)
(0.0225 -0.001138071187 0.000758714125)
(0.0225 -0.001069035594 0.0007126903958)
(0.0225 -0.001 0.0006666666667)
(0.0225 -0.001414213562 0.001414213562)
(0.0225 -0.001345177969 0.001345177969)
(0.0225 -0.001276142375 0.001276142375)
(0.0225 -0.001207106781 0.001207106781)
(0.0225 -0.001138071187 0.001138071187)
(0.0225 -0.001069035594 0.001069035594)
(0.0225 -0.001 0.001)
(0.023 -0.001414213562 -0.0009428090416)
(0.023 -0.001345177969 -0.0008967853124)
(0.023 -0.001276142375 -0.0008507615833)
(0.023 -0.001207106781 -0.0008047378541)
(0.023 -0.001138071187 -0.000758714125)
(0.023 -0.001069035594 -0.0007126903958)
(0.023 -0.001 -0.0006666666667)
(0.023 -0.001414213562 -0.0004714045208)
(0.023 -0.001345177969 -0.0004483926562)
(0.023 -0.001276142375 -0.0004253807916)
(0.023 -0.001207106781 -0.0004023689271)
(0.023 -0.001138071187 -0.0003793570625)
(0.023 -0.001069035594 -0.0003563451979)
(0.023 -0.001 -0.0003333333333)
(0.023 -0.001414213562 0)
(0.023 -0.001345177969 0)
(0.023 -0.001276142375 -1.807003621e-20)
(0.023 -0.001207106781 0)
(0.023 -0.001138071187 -9.035018104e-21)
(0.023 -0.001069035594 -9.035018104e-21)
(0.023 -0.001 0)
(0.023 -0.001414213562 0.0004714045208)
(0.023 -0.001345177969 0.0004483926562)
(0.023 -0.001276142375 0.0004253807916)
(0.023 -0.001207106781 0.0004023689271)
(0.023 -0.001138071187 0.0003793570625)
(0.023 -0.001069035594 0.0003563451979)
(0.023 -0.001 0.0003333333333)
(0.023 -0.001414213562 0.0009428090416)
(0.023 -0.001345177969 0.0008967853124)
(0.023 -0.001276142375 0.0008507615833)
(0.023 -0.001207106781 0.0008047378541)
(0.023 -0.001138071187 0.000758714125)
(0.023 -0.001069035594 0.0007126903958)
(0.023 -0.001 0.0006666666667)
(0.023 -0.001414213562 0.001414213562)
(0.023 -0.001345177969 0.001345177969)
(0.023 -0.001276142375 0.001276142375)
(0.023 -0.001207106781 0.001207106781)
(0.023 -0.001138071187 0.001138071187)
(0.023 -0.001069035594 0.001069035594)
(0.023 -0.001 0.001)
(0.0235 -0.001414213562 -0.0009428090416)
(0.0235 -0.001345177969 -0.0008967853124)
(0.0235 -0.001276142375 -0.0008507615833)
(0.0235 -0.001207106781 -0.0008047378541)
(0.0235 -0.001138071187 -0.000758714125)
(0.0235 -0.001069035594 -0.0007126903958)
(0.0235 -0.001 -0.0006666666667)
(0.0235 -0.001414213562 -0.0004714045208)
(0.0235 -0.001345177969 -0.0004483926562)
(0.0235 -0.001276142375 -0.0004253807916)
(0.0235 -0.001207106781 -0.0004023689271)
(0.0235 -0.001138071187 -0.0003793570625)
(0.0235 -0.001069035594 -0.0003563451979)
(0.0235 -0.001 -0.0003333333333)
(0.0235 -0.001414213562 0)
(0.0235 -0.001345177969 0)
(0.0235 -0.001276142375 -1.807003621e-20)
(0.0235 -0.001207106781 0)
(0.0235 -0.001138071187 -9.035018104e-21)
(0.0235 -0.001069035594 9.035018104e-21)
(0.0235 -0.001 0)
(0.0235 -0.001414213562 0.0004714045208)
(0.0235 -0.001345177969 0.0004483926562)
(0.0235 -0.001276142375 0.0004253807916)
(0.0235 -0.001207106781 0.0004023689271)
(0.0235 -0.001138071187 0.0003793570625)
(0.0235 -0.001069035594 0.0003563451979)
(0.0235 -0.001 0.0003333333333)
(0.0235 -0.001414213562 0.0009428090416)
(0.0235 -0.001345177969 0.0008967853124)
(0.0235 -0.001276142375 0.0008507615833)
(0.0235 -0.001207106781 0.0008047378541)
(0.0235 -0.001138071187 0.000758714125)
(0.0235 -0.001069035594 0.0007126903958)
(0.0235 -0.001 0.0006666666667)
(0.0235 -0.001414213562 0.001414213562)
(0.0235 -0.001345177969 0.001345177969)
(0.0235 -0.001276142375 0.001276142375)
(0.0235 -0.001207106781 0.001207106781)
(0.0235 -0.001138071187 0.001138071187)
(0.0235 -0.001069035594 0.001069035594)
(0.0235 -0.001 0.001)
(0.024 -0.001414213562 -0.0009428090416)
(0.024 -0.001345177969 -0.0008967853124)
(0.024 -0.001276142375 -0.0008507615833)
(0.024 -0.001207106781 -0.0008047378541)
(0.024 -0.001138071187 -0.000758714125)
(0.024 -0.001069035594 -0.0007126903958)
(0.024 -0.001 -0.0006666666667)
(0.024 -0.001414213562 -0.0004714045208)
(0.024 -0.001345177969 -0.0004483926562)
(0.024 -0.001276142375 -0.0004253807916)
(0.024 -0.001207106781 -0.0004023689271)
(0.024 -0.001138071187 -0.0003793570625)
(0.024 -0.001069035594 -0.0003563451979)
(0.024 -0.001 -0.0003333333333)
(0.024 -0.001414213562 0)
(0.024 -0.001345177969 0)
(0.024 -0.001276142375 -1.807003621e-20)
(0.024 -0.001207106781 0)
(0.024 -0.001138071187 -9.035018104e-21)
(0.024 -0.001069035594 9.035018104e-21)
(0.024 -0.001 0)
(0.024 -0.001414213562 0.0004714045208)
(0.024 -0.001345177969 0.0004483926562)
(0.024 -0.001276142375 0.0004253807916)
(0.024 -0.001207106781 0.0004023689271)
(0.024 -0.001138071187 0.0003793570625)
(0.024 -0.001069035594 0.0003563451979)
(0.024 -0.001 0.0003333333333)
(0.024 -0.001414213562 0.0009428090416)
(0.024 -0.001345177969 0.0008967853124)
(0.024 -0.001276142375 0.0008507615833)
(0.024 -0.001207106781 0.0008047378541)
(0.024 -0.001138071187 0.000758714125)
(0.024 -0.001069035594 0.0007126903958)
(0.024 -0.001 0.0006666666667)
(0.024 -0.001414213562 0.001414213562)
(0.024 -0.001345177969 0.001345177969)
(0.024 -0.001276142375 0.001276142375)
(0.024 -0.001207106781 0.001207106781)
(0.024 -0.001138071187 0.001138071187)
(0.024 -0.001069035594 0.001069035594)
(0.024 -0.001 0.001)
(0.0245 -0.001414213562 -0.0009428090416)
(0.0245 -0.001345177969 -0.0008967853124)
(0.0245 -0.001276142375 -0.0008507615833)
(0.0245 -0.001207106781 -0.0008047378541)
(0.0245 -0.001138071187 -0.000758714125)
(0.0245 -0.001069035594 -0.0007126903958)
(0.0245 -0.001 -0.0006666666667)
(0.0245 -0.001414213562 -0.0004714045208)
(0.0245 -0.001345177969 -0.0004483926562)
(0.0245 -0.001276142375 -0.0004253807916)
(0.0245 -0.001207106781 -0.0004023689271)
(0.0245 -0.001138071187 -0.0003793570625)
(0.0245 -0.001069035594 -0.0003563451979)
(0.0245 -0.001 -0.0003333333333)
(0.0245 -0.001414213562 0)
(0.0245 -0.001345177969 0)
(0.0245 -0.001276142375 -1.807003621e-20)
(0.0245 -0.001207106781 0)
(0.0245 -0.001138071187 -9.035018104e-21)
(0.0245 -0.001069035594 9.035018104e-21)
(0.0245 -0.001 0)
(0.0245 -0.001414213562 0.0004714045208)
(0.0245 -0.001345177969 0.0004483926562)
(0.0245 -0.001276142375 0.0004253807916)
(0.0245 -0.001207106781 0.0004023689271)
(0.0245 -0.001138071187 0.0003793570625)
(0.0245 -0.001069035594 0.0003563451979)
(0.0245 -0.001 0.0003333333333)
(0.0245 -0.001414213562 0.0009428090416)
(0.0245 -0.001345177969 0.0008967853124)
(0.0245 -0.001276142375 0.0008507615833)
(0.0245 -0.001207106781 0.0008047378541)
(0.0245 -0.001138071187 0.000758714125)
(0.0245 -0.001069035594 0.0007126903958)
(0.0245 -0.001 0.0006666666667)
(0.0245 -0.001414213562 0.001414213562)
(0.0245 -0.001345177969 0.001345177969)
(0.0245 -0.001276142375 0.001276142375)
(0.0245 -0.001207106781 0.001207106781)
(0.0245 -0.001138071187 0.001138071187)
(0.0245 -0.001069035594 0.001069035594)
(0.0245 -0.001 0.001)
(0.025 -0.001414213562 -0.0009428090416)
(0.025 -0.001345177969 -0.0008967853124)
(0.025 -0.001276142375 -0.0008507615833)
(0.025 -0.001207106781 -0.0008047378541)
(0.025 -0.001138071187 -0.000758714125)
(0.025 -0.001069035594 -0.0007126903958)
(0.025 -0.001 -0.0006666666667)
(0.025 -0.001414213562 -0.0004714045208)
(0.025 -0.001345177969 -0.0004483926562)
(0.025 -0.001276142375 -0.0004253807916)
(0.025 -0.001207106781 -0.0004023689271)
(0.025 -0.001138071187 -0.0003793570625)
(0.025 -0.001069035594 -0.0003563451979)
(0.025 -0.001 -0.0003333333333)
(0.025 -0.001414213562 0)
(0.025 -0.001345177969 0)
(0.025 -0.001276142375 -1.807003621e-20)
(0.025 -0.001207106781 0)
(0.025 -0.001138071187 -9.035018104e-21)
(0.025 -0.001069035594 9.035018104e-21)
(0.025 -0.001 0)
(0.025 -0.001414213562 0.0004714045208)
(0.025 -0.001345177969 0.0004483926562)
(0.025 -0.001276142375 0.0004253807916)
(0.025 -0.001207106781 0.0004023689271)
(0.025 -0.001138071187 0.0003793570625)
(0.025 -0.001069035594 0.0003563451979)
(0.025 -0.001 0.0003333333333)
(0.025 -0.001414213562 0.0009428090416)
(0.025 -0.001345177969 0.0008967853124)
(0.025 -0.001276142375 0.0008507615833)
(0.025 -0.001207106781 0.0008047378541)
(0.025 -0.001138071187 0.000758714125)
(0.025 -0.001069035594 0.0007126903958)
(0.025 -0.001 0.0006666666667)
(0.025 -0.001414213562 0.001414213562)
(0.025 -0.001345177969 0.001345177969)
(0.025 -0.001276142375 0.001276142375)
(0.025 -0.001207106781 0.001207106781)
(0.025 -0.001138071187 0.001138071187)
(0.025 -0.001069035594 0.001069035594)
(0.025 -0.001 0.001)
(0.0255 -0.001414213562 -0.0009428090416)
(0.0255 -0.001345177969 -0.0008967853124)
(0.0255 -0.001276142375 -0.0008507615833)
(0.0255 -0.001207106781 -0.0008047378541)
(0.0255 -0.001138071187 -0.000758714125)
(0.0255 -0.001069035594 -0.0007126903958)
(0.0255 -0.001 -0.0006666666667)
(0.0255 -0.001414213562 -0.0004714045208)
(0.0255 -0.001345177969 -0.0004483926562)
(0.0255 -0.001276142375 -0.0004253807916)
(0.0255 -0.001207106781 -0.0004023689271)
(0.0255 -0.001138071187 -0.0003793570625)
(0.0255 -0.001069035594 -0.0003563451979)
(0.0255 -0.001 -0.0003333333333)
(0.0255 -0.001414213562 0)
(0.0255 -0.001345177969 0)
(0.0255 -0.001276142375 -1.807003621e-20)
(0.0255 -0.001207106781 0)
(0.0255 -0.001138071187 -9.035018104e-21)
(0.0255 -0.001069035594 9.035018104e-21)
(0.0255 -0.001 0)
(0.0255 -0.001414213562 0.0004714045208)
(0.0255 -0.001345177969 0.0004483926562)
(0.0255 -0.001276142375 0.0004253807916)
(0.0255 -0.001207106781 0.0004023689271)
(0.0255 -0.001138071187 0.0003793570625)
(0.0255 -0.001069035594 0.0003563451979)
(0.0255 -0.001 0.0003333333333)
(0.0255 -0.001414213562 0.0009428090416)
(0.0255 -0.001345177969 0.0008967853124)
(0.0255 -0.001276142375 0.0008507615833)
(0.0255 -0.001207106781 0.0008047378541)
(0.0255 -0.001138071187 0.000758714125)
(0.0255 -0.001069035594 0.0007126903958)
(0.0255 -0.001 0.0006666666667)
(0.0255 -0.001414213562 0.001414213562)
(0.0255 -0.001345177969 0.001345177969)
(0.0255 -0.001276142375 0.001276142375)
(0.0255 -0.001207106781 0.001207106781)
(0.0255 -0.001138071187 0.001138071187)
(0.0255 -0.001069035594 0.001069035594)
(0.0255 -0.001 0.001)
(0.026 -0.001414213562 -0.0009428090416)
(0.026 -0.001345177969 -0.0008967853124)
(0.026 -0.001276142375 -0.0008507615833)
(0.026 -0.001207106781 -0.0008047378541)
(0.026 -0.001138071187 -0.000758714125)
(0.026 -0.001069035594 -0.0007126903958)
(0.026 -0.001 -0.0006666666667)
(0.026 -0.001414213562 -0.0004714045208)
(0.026 -0.001345177969 -0.0004483926562)
(0.026 -0.001276142375 -0.0004253807916)
(0.026 -0.001207106781 -0.0004023689271)
(0.026 -0.001138071187 -0.0003793570625)
(0.026 -0.001069035594 -0.0003563451979)
(0.026 -0.001 -0.0003333333333)
(0.026 -0.001414213562 0)
(0.026 -0.001345177969 0)
(0.026 -0.001276142375 -1.807003621e-20)
(0.026 -0.001207106781 0)
(0.026 -0.001138071187 -9.035018104e-21)
(0.026 -0.001069035594 9.035018104e-21)
(0.026 -0.001 0)
(0.026 -0.001414213562 0.0004714045208)
(0.026 -0.001345177969 0.0004483926562)
(0.026 -0.001276142375 0.0004253807916)
(0.026 -0.001207106781 0.0004023689271)
(0.026 -0.001138071187 0.0003793570625)
(0.026 -0.001069035594 0.0003563451979)
(0.026 -0.001 0.0003333333333)
(0.026 -0.001414213562 0.0009428090416)
(0.026 -0.001345177969 0.0008967853124)
(0.026 -0.001276142375 0.0008507615833)
(0.026 -0.001207106781 0.0008047378541)
(0.026 -0.001138071187 0.000758714125)
(0.026 -0.001069035594 0.0007126903958)
(0.026 -0.001 0.0006666666667)
(0.026 -0.001414213562 0.001414213562)
(0.026 -0.001345177969 0.001345177969)
(0.026 -0.001276142375 0.001276142375)
(0.026 -0.001207106781 0.001207106781)
(0.026 -0.001138071187 0.001138071187)
(0.026 -0.001069035594 0.001069035594)
(0.026 -0.001 0.001)
(0.0265 -0.001414213562 -0.0009428090416)
(0.0265 -0.001345177969 -0.0008967853124)
(0.0265 -0.001276142375 -0.0008507615833)
(0.0265 -0.001207106781 -0.0008047378541)
(0.0265 -0.001138071187 -0.000758714125)
(0.0265 -0.001069035594 -0.0007126903958)
(0.0265 -0.001 -0.0006666666667)
(0.0265 -0.001414213562 -0.0004714045208)
(0.0265 -0.001345177969 -0.0004483926562)
(0.0265 -0.001276142375 -0.0004253807916)
(0.0265 -0.001207106781 -0.0004023689271)
(0.0265 -0.001138071187 -0.0003793570625)
(0.0265 -0.001069035594 -0.0003563451979)
(0.0265 -0.001 -0.0003333333333)
(0.0265 -0.001414213562 0)
(0.0265 -0.001345177969 0)
(0.0265 -0.001276142375 -1.807003621e-20)
(0.0265 -0.001207106781 0)
(0.0265 -0.001138071187 -9.035018104e-21)
(0.0265 -0.001069035594 9.035018104e-21)
(0.0265 -0.001 0)
(0.0265 -0.001414213562 0.0004714045208)
(0.0265 -0.001345177969 0.0004483926562)
(0.0265 -0.001276142375 0.0004253807916)
(0.0265 -0.001207106781 0.0004023689271)
(0.0265 -0.001138071187 0.0003793570625)
(0.0265 -0.001069035594 0.0003563451979)
(0.0265 -0.001 0.0003333333333)
(0.0265 -0.001414213562 0.0009428090416)
(0.0265 -0.001345177969 0.0008967853124)
(0.0265 -0.001276142375 0.0008507615833)
(0.0265 -0.001207106781 0.0008047378541)
(0.0265 -0.001138071187 0.000758714125)
(0.0265 -0.001069035594 0.0007126903958)
(0.0265 -0.001 0.0006666666667)
(0.0265 -0.001414213562 0.001414213562)
(0.0265 -0.001345177969 0.001345177969)
(0.0265 -0.001276142375 0.001276142375)
(0.0265 -0.001207106781 0.001207106781)
(0.0265 -0.001138071187 0.001138071187)
(0.0265 -0.001069035594 0.001069035594)
(0.0265 -0.001 0.001)
(0.027 -0.001414213562 -0.0009428090416)
(0.027 -0.001345177969 -0.0008967853124)
(0.027 -0.001276142375 -0.0008507615833)
(0.027 -0.001207106781 -0.0008047378541)
(0.027 -0.001138071187 -0.000758714125)
(0.027 -0.001069035594 -0.0007126903958)
(0.027 -0.001 -0.0006666666667)
(0.027 -0.001414213562 -0.0004714045208)
(0.027 -0.001345177969 -0.0004483926562)
(0.027 -0.001276142375 -0.0004253807916)
(0.027 -0.001207106781 -0.0004023689271)
(0.027 -0.001138071187 -0.0003793570625)
(0.027 -0.001069035594 -0.0003563451979)
(0.027 -0.001 -0.0003333333333)
(0.027 -0.001414213562 0)
(0.027 -0.001345177969 0)
(0.027 -0.001276142375 -1.807003621e-20)
(0.027 -0.001207106781 0)
(0.027 -0.001138071187 -9.035018104e-21)
(0.027 -0.001069035594 9.035018104e-21)
(0.027 -0.001 0)
(0.027 -0.001414213562 0.0004714045208)
(0.027 -0.001345177969 0.0004483926562)
(0.027 -0.001276142375 0.0004253807916)
(0.027 -0.001207106781 0.0004023689271)
(0.027 -0.001138071187 0.0003793570625)
(0.027 -0.001069035594 0.0003563451979)
(0.027 -0.001 0.0003333333333)
(0.027 -0.001414213562 0.0009428090416)
(0.027 -0.001345177969 0.0008967853124)
(0.027 -0.001276142375 0.0008507615833)
(0.027 -0.001207106781 0.0008047378541)
(0.027 -0.001138071187 0.000758714125)
(0.027 -0.001069035594 0.0007126903958)
(0.027 -0.001 0.0006666666667)
(0.027 -0.001414213562 0.001414213562)
(0.027 -0.001345177969 0.001345177969)
(0.027 -0.001276142375 0.001276142375)
(0.027 -0.001207106781 0.001207106781)
(0.027 -0.001138071187 0.001138071187)
(0.027 -0.001069035594 0.001069035594)
(0.027 -0.001 0.001)
(0.0275 -0.001414213562 -0.0009428090416)
(0.0275 -0.001345177969 -0.0008967853124)
(0.0275 -0.001276142375 -0.0008507615833)
(0.0275 -0.001207106781 -0.0008047378541)
(0.0275 -0.001138071187 -0.000758714125)
(0.0275 -0.001069035594 -0.0007126903958)
(0.0275 -0.001 -0.0006666666667)
(0.0275 -0.001414213562 -0.0004714045208)
(0.0275 -0.001345177969 -0.0004483926562)
(0.0275 -0.001276142375 -0.0004253807916)
(0.0275 -0.001207106781 -0.0004023689271)
(0.0275 -0.001138071187 -0.0003793570625)
(0.0275 -0.001069035594 -0.0003563451979)
(0.0275 -0.001 -0.0003333333333)
(0.0275 -0.001414213562 0)
(0.0275 -0.001345177969 0)
(0.0275 -0.001276142375 -1.807003621e-20)
(0.0275 -0.001207106781 0)
(0.0275 -0.001138071187 -9.035018104e-21)
(0.0275 -0.001069035594 9.035018104e-21)
(0.0275 -0.001 0)
(0.0275 -0.001414213562 0.0004714045208)
(0.0275 -0.001345177969 0.0004483926562)
(0.0275 -0.001276142375 0.0004253807916)
(0.0275 -0.001207106781 0.0004023689271)
(0.0275 -0.001138071187 0.0003793570625)
(0.0275 -0.001069035594 0.0003563451979)
(0.0275 -0.001 0.0003333333333)
(0.0275 -0.001414213562 0.0009428090416)
(0.0275 -0.001345177969 0.0008967853124)
(0.0275 -0.001276142375 0.0008507615833)
(0.0275 -0.001207106781 0.0008047378541)
(0.0275 -0.001138071187 0.000758714125)
(0.0275 -0.001069035594 0.0007126903958)
(0.0275 -0.001 0.0006666666667)
(0.0275 -0.001414213562 0.001414213562)
(0.0275 -0.001345177969 0.001345177969)
(0.0275 -0.001276142375 0.001276142375)
(0.0275 -0.001207106781 0.001207106781)
(0.0275 -0.001138071187 0.001138071187)
(0.0275 -0.001069035594 0.001069035594)
(0.0275 -0.001 0.001)
(0.028 -0.001414213562 -0.0009428090416)
(0.028 -0.001345177969 -0.0008967853124)
(0.028 -0.001276142375 -0.0008507615833)
(0.028 -0.001207106781 -0.0008047378541)
(0.028 -0.001138071187 -0.000758714125)
(0.028 -0.001069035594 -0.0007126903958)
(0.028 -0.001 -0.0006666666667)
(0.028 -0.001414213562 -0.0004714045208)
(0.028 -0.001345177969 -0.0004483926562)
(0.028 -0.001276142375 -0.0004253807916)
(0.028 -0.001207106781 -0.0004023689271)
(0.028 -0.001138071187 -0.0003793570625)
(0.028 -0.001069035594 -0.0003563451979)
(0.028 -0.001 -0.0003333333333)
(0.028 -0.001414213562 0)
(0.028 -0.001345177969 0)
(0.028 -0.001276142375 -1.807003621e-20)
(0.028 -0.001207106781 0)
(0.028 -0.001138071187 -9.035018104e-21)
(0.028 -0.001069035594 9.035018104e-21)
(0.028 -0.001 0)
(0.028 -0.001414213562 0.0004714045208)
(0.028 -0.001345177969 0.0004483926562)
(0.028 -0.001276142375 0.0004253807916)
(0.028 -0.001207106781 0.0004023689271)
(0.028 -0.001138071187 0.0003793570625)
(0.028 -0.001069035594 0.0003563451979)
(0.028 -0.001 0.0003333333333)
(0.028 -0.001414213562 0.0009428090416)
(0.028 -0.001345177969 0.0008967853124)
(0.028 -0.001276142375 0.0008507615833)
(0.028 -0.001207106781 0.0008047378541)
(0.028 -0.001138071187 0.000758714125)
(0.028 -0.001069035594 0.0007126903958)
(0.028 -0.001 0.0006666666667)
(0.028 -0.001414213562 0.001414213562)
(0.028 -0.001345177969 0.001345177969)
(0.028 -0.001276142375 0.001276142375)
(0.028 -0.001207106781 0.001207106781)
(0.028 -0.001138071187 0.001138071187)
(0.028 -0.001069035594 0.001069035594)
(0.028 -0.001 0.001)
(0.0285 -0.001414213562 -0.0009428090416)
(0.0285 -0.001345177969 -0.0008967853124)
(0.0285 -0.001276142375 -0.0008507615833)
(0.0285 -0.001207106781 -0.0008047378541)
(0.0285 -0.001138071187 -0.000758714125)
(0.0285 -0.001069035594 -0.0007126903958)
(0.0285 -0.001 -0.0006666666667)
(0.0285 -0.001414213562 -0.0004714045208)
(0.0285 -0.001345177969 -0.0004483926562)
(0.0285 -0.001276142375 -0.0004253807916)
(0.0285 -0.001207106781 -0.0004023689271)
(0.0285 -0.001138071187 -0.0003793570625)
(0.0285 -0.001069035594 -0.0003563451979)
(0.0285 -0.001 -0.0003333333333)
(0.0285 -0.001414213562 0)
(0.0285 -0.001345177969 0)
(0.0285 -0.001276142375 -1.807003621e-20)
(0.0285 -0.001207106781 0)
(0.0285 -0.001138071187 -9.035018104e-21)
(0.0285 -0.001069035594 9.035018104e-21)
(0.0285 -0.001 0)
(0.0285 -0.001414213562 0.0004714045208)
(0.0285 -0.001345177969 0.0004483926562)
(0.0285 -0.001276142375 0.0004253807916)
(0.0285 -0.001207106781 0.0004023689271)
(0.0285 -0.001138071187 0.0003793570625)
(0.0285 -0.001069035594 0.0003563451979)
(0.0285 -0.001 0.0003333333333)
(0.0285 -0.001414213562 0.0009428090416)
(0.0285 -0.001345177969 0.0008967853124)
(0.0285 -0.001276142375 0.0008507615833)
(0.0285 -0.001207106781 0.0008047378541)
(0.0285 -0.001138071187 0.000758714125)
(0.0285 -0.001069035594 0.0007126903958)
(0.0285 -0.001 0.0006666666667)
(0.0285 -0.001414213562 0.001414213562)
(0.0285 -0.001345177969 0.001345177969)
(0.0285 -0.001276142375 0.001276142375)
(0.0285 -0.001207106781 0.001207106781)
(0.0285 -0.001138071187 0.001138071187)
(0.0285 -0.001069035594 0.001069035594)
(0.0285 -0.001 0.001)
(0.029 -0.001414213562 -0.0009428090416)
(0.029 -0.001345177969 -0.0008967853124)
(0.029 -0.001276142375 -0.0008507615833)
(0.029 -0.001207106781 -0.0008047378541)
(0.029 -0.001138071187 -0.000758714125)
(0.029 -0.001069035594 -0.0007126903958)
(0.029 -0.001 -0.0006666666667)
(0.029 -0.001414213562 -0.0004714045208)
(0.029 -0.001345177969 -0.0004483926562)
(0.029 -0.001276142375 -0.0004253807916)
(0.029 -0.001207106781 -0.0004023689271)
(0.029 -0.001138071187 -0.0003793570625)
(0.029 -0.001069035594 -0.0003563451979)
(0.029 -0.001 -0.0003333333333)
(0.029 -0.001414213562 0)
(0.029 -0.001345177969 0)
(0.029 -0.001276142375 -1.807003621e-20)
(0.029 -0.001207106781 0)
(0.029 -0.001138071187 -9.035018104e-21)
(0.029 -0.001069035594 9.035018104e-21)
(0.029 -0.001 0)
(0.029 -0.001414213562 0.0004714045208)
(0.029 -0.001345177969 0.0004483926562)
(0.029 -0.001276142375 0.0004253807916)
(0.029 -0.001207106781 0.0004023689271)
(0.029 -0.001138071187 0.0003793570625)
(0.029 -0.001069035594 0.0003563451979)
(0.029 -0.001 0.0003333333333)
(0.029 -0.001414213562 0.0009428090416)
(0.029 -0.001345177969 0.0008967853124)
(0.029 -0.001276142375 0.0008507615833)
(0.029 -0.001207106781 0.0008047378541)
(0.029 -0.001138071187 0.000758714125)
(0.029 -0.001069035594 0.0007126903958)
(0.029 -0.001 0.0006666666667)
(0.029 -0.001414213562 0.001414213562)
(0.029 -0.001345177969 0.001345177969)
(0.029 -0.001276142375 0.001276142375)
(0.029 -0.001207106781 0.001207106781)
(0.029 -0.001138071187 0.001138071187)
(0.029 -0.001069035594 0.001069035594)
(0.029 -0.001 0.001)
(0.0295 -0.001414213562 -0.0009428090416)
(0.0295 -0.001345177969 -0.0008967853124)
(0.0295 -0.001276142375 -0.0008507615833)
(0.0295 -0.001207106781 -0.0008047378541)
(0.0295 -0.001138071187 -0.000758714125)
(0.0295 -0.001069035594 -0.0007126903958)
(0.0295 -0.001 -0.0006666666667)
(0.0295 -0.001414213562 -0.0004714045208)
(0.0295 -0.001345177969 -0.0004483926562)
(0.0295 -0.001276142375 -0.0004253807916)
(0.0295 -0.001207106781 -0.0004023689271)
(0.0295 -0.001138071187 -0.0003793570625)
(0.0295 -0.001069035594 -0.0003563451979)
(0.0295 -0.001 -0.0003333333333)
(0.0295 -0.001414213562 0)
(0.0295 -0.001345177969 0)
(0.0295 -0.001276142375 -1.807003621e-20)
(0.0295 -0.001207106781 0)
(0.0295 -0.001138071187 -9.035018104e-21)
(0.0295 -0.001069035594 9.035018104e-21)
(0.0295 -0.001 0)
(0.0295 -0.001414213562 0.0004714045208)
(0.0295 -0.001345177969 0.0004483926562)
(0.0295 -0.001276142375 0.0004253807916)
(0.0295 -0.001207106781 0.0004023689271)
(0.0295 -0.001138071187 0.0003793570625)
(0.0295 -0.001069035594 0.0003563451979)
(0.0295 -0.001 0.0003333333333)
(0.0295 -0.001414213562 0.0009428090416)
(0.0295 -0.001345177969 0.0008967853124)
(0.0295 -0.001276142375 0.0008507615833)
(0.0295 -0.001207106781 0.0008047378541)
(0.0295 -0.001138071187 0.000758714125)
(0.0295 -0.001069035594 0.0007126903958)
(0.0295 -0.001 0.0006666666667)
(0.0295 -0.001414213562 0.001414213562)
(0.0295 -0.001345177969 0.001345177969)
(0.0295 -0.001276142375 0.001276142375)
(0.0295 -0.001207106781 0.001207106781)
(0.0295 -0.001138071187 0.001138071187)
(0.0295 -0.001069035594 0.001069035594)
(0.0295 -0.001 0.001)
(0.03 -0.001414213562 -0.0009428090416)
(0.03 -0.001345177969 -0.0008967853124)
(0.03 -0.001276142375 -0.0008507615833)
(0.03 -0.001207106781 -0.0008047378541)
(0.03 -0.001138071187 -0.000758714125)
(0.03 -0.001069035594 -0.0007126903958)
(0.03 -0.001 -0.0006666666667)
(0.03 -0.001414213562 -0.0004714045208)
(0.03 -0.001345177969 -0.0004483926562)
(0.03 -0.001276142375 -0.0004253807916)
(0.03 -0.001207106781 -0.0004023689271)
(0.03 -0.001138071187 -0.0003793570625)
(0.03 -0.001069035594 -0.0003563451979)
(0.03 -0.001 -0.0003333333333)
(0.03 -0.001414213562 0)
(0.03 -0.001345177969 0)
(0.03 -0.001276142375 -1.807003621e-20)
(0.03 -0.001207106781 0)
(0.03 -0.001138071187 -9.035018104e-21)
(0.03 -0.001069035594 9.035018104e-21)
(0.03 -0.001 0)
(0.03 -0.001414213562 0.0004714045208)
(0.03 -0.001345177969 0.0004483926562)
(0.03 -0.001276142375 0.0004253807916)
(0.03 -0.001207106781 0.0004023689271)
(0.03 -0.001138071187 0.0003793570625)
(0.03 -0.001069035594 0.0003563451979)
(0.03 -0.001 0.0003333333333)
(0.03 -0.001414213562 0.0009428090416)
(0.03 -0.001345177969 0.0008967853124)
(0.03 -0.001276142375 0.0008507615833)
(0.03 -0.001207106781 0.0008047378541)
(0.03 -0.001138071187 0.000758714125)
(0.03 -0.001069035594 0.0007126903958)
(0.03 -0.001 0.0006666666667)
(0.03 -0.001414213562 0.001414213562)
(0.03 -0.001345177969 0.001345177969)
(0.03 -0.001276142375 0.001276142375)
(0.03 -0.001207106781 0.001207106781)
(0.03 -0.001138071187 0.001138071187)
(0.03 -0.001069035594 0.001069035594)
(0.03 -0.001 0.001)
(0.0305 -0.001414213562 -0.0009428090416)
(0.0305 -0.001345177969 -0.0008967853124)
(0.0305 -0.001276142375 -0.0008507615833)
(0.0305 -0.001207106781 -0.0008047378541)
(0.0305 -0.001138071187 -0.000758714125)
(0.0305 -0.001069035594 -0.0007126903958)
(0.0305 -0.001 -0.0006666666667)
(0.0305 -0.001414213562 -0.0004714045208)
(0.0305 -0.001345177969 -0.0004483926562)
(0.0305 -0.001276142375 -0.0004253807916)
(0.0305 -0.001207106781 -0.0004023689271)
(0.0305 -0.001138071187 -0.0003793570625)
(0.0305 -0.001069035594 -0.0003563451979)
(0.0305 -0.001 -0.0003333333333)
(0.0305 -0.001414213562 0)
(0.0305 -0.001345177969 0)
(0.0305 -0.001276142375 -1.807003621e-20)
(0.0305 -0.001207106781 0)
(0.0305 -0.001138071187 -9.035018104e-21)
(0.0305 -0.001069035594 0)
(0.0305 -0.001 0)
(0.0305 -0.001414213562 0.0004714045208)
(0.0305 -0.001345177969 0.0004483926562)
(0.0305 -0.001276142375 0.0004253807916)
(0.0305 -0.001207106781 0.0004023689271)
(0.0305 -0.001138071187 0.0003793570625)
(0.0305 -0.001069035594 0.0003563451979)
(0.0305 -0.001 0.0003333333333)
(0.0305 -0.001414213562 0.0009428090416)
(0.0305 -0.001345177969 0.0008967853124)
(0.0305 -0.001276142375 0.0008507615833)
(0.0305 -0.001207106781 0.0008047378541)
(0.0305 -0.001138071187 0.000758714125)
(0.0305 -0.001069035594 0.0007126903958)
(0.0305 -0.001 0.0006666666667)
(0.0305 -0.001414213562 0.001414213562)
(0.0305 -0.001345177969 0.001345177969)
(0.0305 -0.001276142375 0.001276142375)
(0.0305 -0.001207106781 0.001207106781)
(0.0305 -0.001138071187 0.001138071187)
(0.0305 -0.001069035594 0.001069035594)
(0.0305 -0.001 0.001)
(0.031 -0.001414213562 -0.0009428090416)
(0.031 -0.001345177969 -0.0008967853124)
(0.031 -0.001276142375 -0.0008507615833)
(0.031 -0.001207106781 -0.0008047378541)
(0.031 -0.001138071187 -0.000758714125)
(0.031 -0.001069035594 -0.0007126903958)
(0.031 -0.001 -0.0006666666667)
(0.031 -0.001414213562 -0.0004714045208)
(0.031 -0.001345177969 -0.0004483926562)
(0.031 -0.001276142375 -0.0004253807916)
(0.031 -0.001207106781 -0.0004023689271)
(0.031 -0.001138071187 -0.0003793570625)
(0.031 -0.001069035594 -0.0003563451979)
(0.031 -0.001 -0.0003333333333)
(0.031 -0.001414213562 0)
(0.031 -0.001345177969 0)
(0.031 -0.001276142375 -1.807003621e-20)
(0.031 -0.001207106781 0)
(0.031 -0.001138071187 -9.035018104e-21)
(0.031 -0.001069035594 -9.035018104e-21)
(0.031 -0.001 0)
(0.031 -0.001414213562 0.0004714045208)
(0.031 -0.001345177969 0.0004483926562)
(0.031 -0.001276142375 0.0004253807916)
(0.031 -0.001207106781 0.0004023689271)
(0.031 -0.001138071187 0.0003793570625)
(0.031 -0.001069035594 0.0003563451979)
(0.031 -0.001 0.0003333333333)
(0.031 -0.001414213562 0.0009428090416)
(0.031 -0.001345177969 0.0008967853124)
(0.031 -0.001276142375 0.0008507615833)
(0.031 -0.001207106781 0.0008047378541)
(0.031 -0.001138071187 0.000758714125)
(0.031 -0.001069035594 0.0007126903958)
(0.031 -0.001 0.0006666666667)
(0.031 -0.001414213562 0.001414213562)
(0.031 -0.001345177969 0.001345177969)
(0.031 -0.001276142375 0.001276142375)
(0.031 -0.001207106781 0.001207106781)
(0.031 -0.001138071187 0.001138071187)
(0.031 -0.001069035594 0.001069035594)
(0.031 -0.001 0.001)
(0.0315 -0.001414213562 -0.0009428090416)
(0.0315 -0.001345177969 -0.0008967853124)
(0.0315 -0.001276142375 -0.0008507615833)
(0.0315 -0.001207106781 -0.0008047378541)
(0.0315 -0.001138071187 -0.000758714125)
(0.0315 -0.001069035594 -0.0007126903958)
(0.0315 -0.001 -0.0006666666667)
(0.0315 -0.001414213562 -0.0004714045208)
(0.0315 -0.001345177969 -0.0004483926562)
(0.0315 -0.001276142375 -0.0004253807916)
(0.0315 -0.001207106781 -0.0004023689271)
(0.0315 -0.001138071187 -0.0003793570625)
(0.0315 -0.001069035594 -0.0003563451979)
(0.0315 -0.001 -0.0003333333333)
(0.0315 -0.001414213562 0)
(0.0315 -0.001345177969 0)
(0.0315 -0.001276142375 -1.807003621e-20)
(0.0315 -0.001207106781 0)
(0.0315 -0.001138071187 -9.035018104e-21)
(0.0315 -0.001069035594 9.035018104e-21)
(0.0315 -0.001 0)
(0.0315 -0.001414213562 0.0004714045208)
(0.0315 -0.001345177969 0.0004483926562)
(0.0315 -0.001276142375 0.0004253807916)
(0.0315 -0.001207106781 0.0004023689271)
(0.0315 -0.001138071187 0.0003793570625)
(0.0315 -0.001069035594 0.0003563451979)
(0.0315 -0.001 0.0003333333333)
(0.0315 -0.001414213562 0.0009428090416)
(0.0315 -0.001345177969 0.0008967853124)
(0.0315 -0.001276142375 0.0008507615833)
(0.0315 -0.001207106781 0.0008047378541)
(0.0315 -0.001138071187 0.000758714125)
(0.0315 -0.001069035594 0.0007126903958)
(0.0315 -0.001 0.0006666666667)
(0.0315 -0.001414213562 0.001414213562)
(0.0315 -0.001345177969 0.001345177969)
(0.0315 -0.001276142375 0.001276142375)
(0.0315 -0.001207106781 0.001207106781)
(0.0315 -0.001138071187 0.001138071187)
(0.0315 -0.001069035594 0.001069035594)
(0.0315 -0.001 0.001)
(0.032 -0.001414213562 -0.0009428090416)
(0.032 -0.001345177969 -0.0008967853124)
(0.032 -0.001276142375 -0.0008507615833)
(0.032 -0.001207106781 -0.0008047378541)
(0.032 -0.001138071187 -0.000758714125)
(0.032 -0.001069035594 -0.0007126903958)
(0.032 -0.001 -0.0006666666667)
(0.032 -0.001414213562 -0.0004714045208)
(0.032 -0.001345177969 -0.0004483926562)
(0.032 -0.001276142375 -0.0004253807916)
(0.032 -0.001207106781 -0.0004023689271)
(0.032 -0.001138071187 -0.0003793570625)
(0.032 -0.001069035594 -0.0003563451979)
(0.032 -0.001 -0.0003333333333)
(0.032 -0.001414213562 0)
(0.032 -0.001345177969 0)
(0.032 -0.001276142375 -1.807003621e-20)
(0.032 -0.001207106781 0)
(0.032 -0.001138071187 -9.035018104e-21)
(0.032 -0.001069035594 0)
(0.032 -0.001 0)
(0.032 -0.001414213562 0.0004714045208)
(0.032 -0.001345177969 0.0004483926562)
(0.032 -0.001276142375 0.0004253807916)
(0.032 -0.001207106781 0.0004023689271)
(0.032 -0.001138071187 0.0003793570625)
(0.032 -0.001069035594 0.0003563451979)
(0.032 -0.001 0.0003333333333)
(0.032 -0.001414213562 0.0009428090416)
(0.032 -0.001345177969 0.0008967853124)
(0.032 -0.001276142375 0.0008507615833)
(0.032 -0.001207106781 0.0008047378541)
(0.032 -0.001138071187 0.000758714125)
(0.032 -0.001069035594 0.0007126903958)
(0.032 -0.001 0.0006666666667)
(0.032 -0.001414213562 0.001414213562)
(0.032 -0.001345177969 0.001345177969)
(0.032 -0.001276142375 0.001276142375)
(0.032 -0.001207106781 0.001207106781)
(0.032 -0.001138071187 0.001138071187)
(0.032 -0.001069035594 0.001069035594)
(0.032 -0.001 0.001)
(0.0325 -0.001414213562 -0.0009428090416)
(0.0325 -0.001345177969 -0.0008967853124)
(0.0325 -0.001276142375 -0.0008507615833)
(0.0325 -0.001207106781 -0.0008047378541)
(0.0325 -0.001138071187 -0.000758714125)
(0.0325 -0.001069035594 -0.0007126903958)
(0.0325 -0.001 -0.0006666666667)
(0.0325 -0.001414213562 -0.0004714045208)
(0.0325 -0.001345177969 -0.0004483926562)
(0.0325 -0.001276142375 -0.0004253807916)
(0.0325 -0.001207106781 -0.0004023689271)
(0.0325 -0.001138071187 -0.0003793570625)
(0.0325 -0.001069035594 -0.0003563451979)
(0.0325 -0.001 -0.0003333333333)
(0.0325 -0.001414213562 0)
(0.0325 -0.001345177969 0)
(0.0325 -0.001276142375 -1.807003621e-20)
(0.0325 -0.001207106781 0)
(0.0325 -0.001138071187 -9.035018104e-21)
(0.0325 -0.001069035594 -9.035018104e-21)
(0.0325 -0.001 0)
(0.0325 -0.001414213562 0.0004714045208)
(0.0325 -0.001345177969 0.0004483926562)
(0.0325 -0.001276142375 0.0004253807916)
(0.0325 -0.001207106781 0.0004023689271)
(0.0325 -0.001138071187 0.0003793570625)
(0.0325 -0.001069035594 0.0003563451979)
(0.0325 -0.001 0.0003333333333)
(0.0325 -0.001414213562 0.0009428090416)
(0.0325 -0.001345177969 0.0008967853124)
(0.0325 -0.001276142375 0.0008507615833)
(0.0325 -0.001207106781 0.0008047378541)
(0.0325 -0.001138071187 0.000758714125)
(0.0325 -0.001069035594 0.0007126903958)
(0.0325 -0.001 0.0006666666667)
(0.0325 -0.001414213562 0.001414213562)
(0.0325 -0.001345177969 0.001345177969)
(0.0325 -0.001276142375 0.001276142375)
(0.0325 -0.001207106781 0.001207106781)
(0.0325 -0.001138071187 0.001138071187)
(0.0325 -0.001069035594 0.001069035594)
(0.0325 -0.001 0.001)
(0.033 -0.001414213562 -0.0009428090416)
(0.033 -0.001345177969 -0.0008967853124)
(0.033 -0.001276142375 -0.0008507615833)
(0.033 -0.001207106781 -0.0008047378541)
(0.033 -0.001138071187 -0.000758714125)
(0.033 -0.001069035594 -0.0007126903958)
(0.033 -0.001 -0.0006666666667)
(0.033 -0.001414213562 -0.0004714045208)
(0.033 -0.001345177969 -0.0004483926562)
(0.033 -0.001276142375 -0.0004253807916)
(0.033 -0.001207106781 -0.0004023689271)
(0.033 -0.001138071187 -0.0003793570625)
(0.033 -0.001069035594 -0.0003563451979)
(0.033 -0.001 -0.0003333333333)
(0.033 -0.001414213562 0)
(0.033 -0.001345177969 0)
(0.033 -0.001276142375 -1.807003621e-20)
(0.033 -0.001207106781 0)
(0.033 -0.001138071187 -9.035018104e-21)
(0.033 -0.001069035594 9.035018104e-21)
(0.033 -0.001 0)
(0.033 -0.001414213562 0.0004714045208)
(0.033 -0.001345177969 0.0004483926562)
(0.033 -0.001276142375 0.0004253807916)
(0.033 -0.001207106781 0.0004023689271)
(0.033 -0.001138071187 0.0003793570625)
(0.033 -0.001069035594 0.0003563451979)
(0.033 -0.001 0.0003333333333)
(0.033 -0.001414213562 0.0009428090416)
(0.033 -0.001345177969 0.0008967853124)
(0.033 -0.001276142375 0.0008507615833)
(0.033 -0.001207106781 0.0008047378541)
(0.033 -0.001138071187 0.000758714125)
(0.033 -0.001069035594 0.0007126903958)
(0.033 -0.001 0.0006666666667)
(0.033 -0.001414213562 0.001414213562)
(0.033 -0.001345177969 0.001345177969)
(0.033 -0.001276142375 0.001276142375)
(0.033 -0.001207106781 0.001207106781)
(0.033 -0.001138071187 0.001138071187)
(0.033 -0.001069035594 0.001069035594)
(0.033 -0.001 0.001)
(0.0335 -0.001414213562 -0.0009428090416)
(0.0335 -0.001345177969 -0.0008967853124)
(0.0335 -0.001276142375 -0.0008507615833)
(0.0335 -0.001207106781 -0.0008047378541)
(0.0335 -0.001138071187 -0.000758714125)
(0.0335 -0.001069035594 -0.0007126903958)
(0.0335 -0.001 -0.0006666666667)
(0.0335 -0.001414213562 -0.0004714045208)
(0.0335 -0.001345177969 -0.0004483926562)
(0.0335 -0.001276142375 -0.0004253807916)
(0.0335 -0.001207106781 -0.0004023689271)
(0.0335 -0.001138071187 -0.0003793570625)
(0.0335 -0.001069035594 -0.0003563451979)
(0.0335 -0.001 -0.0003333333333)
(0.0335 -0.001414213562 0)
(0.0335 -0.001345177969 0)
(0.0335 -0.001276142375 -1.807003621e-20)
(0.0335 -0.001207106781 0)
(0.0335 -0.001138071187 -9.035018104e-21)
(0.0335 -0.001069035594 0)
(0.0335 -0.001 0)
(0.0335 -0.001414213562 0.0004714045208)
(0.0335 -0.001345177969 0.0004483926562)
(0.0335 -0.001276142375 0.0004253807916)
(0.0335 -0.001207106781 0.0004023689271)
(0.0335 -0.001138071187 0.0003793570625)
(0.0335 -0.001069035594 0.0003563451979)
(0.0335 -0.001 0.0003333333333)
(0.0335 -0.001414213562 0.0009428090416)
(0.0335 -0.001345177969 0.0008967853124)
(0.0335 -0.001276142375 0.0008507615833)
(0.0335 -0.001207106781 0.0008047378541)
(0.0335 -0.001138071187 0.000758714125)
(0.0335 -0.001069035594 0.0007126903958)
(0.0335 -0.001 0.0006666666667)
(0.0335 -0.001414213562 0.001414213562)
(0.0335 -0.001345177969 0.001345177969)
(0.0335 -0.001276142375 0.001276142375)
(0.0335 -0.001207106781 0.001207106781)
(0.0335 -0.001138071187 0.001138071187)
(0.0335 -0.001069035594 0.001069035594)
(0.0335 -0.001 0.001)
(0.034 -0.001414213562 -0.0009428090416)
(0.034 -0.001345177969 -0.0008967853124)
(0.034 -0.001276142375 -0.0008507615833)
(0.034 -0.001207106781 -0.0008047378541)
(0.034 -0.001138071187 -0.000758714125)
(0.034 -0.001069035594 -0.0007126903958)
(0.034 -0.001 -0.0006666666667)
(0.034 -0.001414213562 -0.0004714045208)
(0.034 -0.001345177969 -0.0004483926562)
(0.034 -0.001276142375 -0.0004253807916)
(0.034 -0.001207106781 -0.0004023689271)
(0.034 -0.001138071187 -0.0003793570625)
(0.034 -0.001069035594 -0.0003563451979)
(0.034 -0.001 -0.0003333333333)
(0.034 -0.001414213562 0)
(0.034 -0.001345177969 0)
(0.034 -0.001276142375 -1.807003621e-20)
(0.034 -0.001207106781 0)
(0.034 -0.001138071187 -9.035018104e-21)
(0.034 -0.001069035594 -9.035018104e-21)
(0.034 -0.001 0)
(0.034 -0.001414213562 0.0004714045208)
(0.034 -0.001345177969 0.0004483926562)
(0.034 -0.001276142375 0.0004253807916)
(0.034 -0.001207106781 0.0004023689271)
(0.034 -0.001138071187 0.0003793570625)
(0.034 -0.001069035594 0.0003563451979)
(0.034 -0.001 0.0003333333333)
(0.034 -0.001414213562 0.0009428090416)
(0.034 -0.001345177969 0.0008967853124)
(0.034 -0.001276142375 0.0008507615833)
(0.034 -0.001207106781 0.0008047378541)
(0.034 -0.001138071187 0.000758714125)
(0.034 -0.001069035594 0.0007126903958)
(0.034 -0.001 0.0006666666667)
(0.034 -0.001414213562 0.001414213562)
(0.034 -0.001345177969 0.001345177969)
(0.034 -0.001276142375 0.001276142375)
(0.034 -0.001207106781 0.001207106781)
(0.034 -0.001138071187 0.001138071187)
(0.034 -0.001069035594 0.001069035594)
(0.034 -0.001 0.001)
(0.0345 -0.001414213562 -0.0009428090416)
(0.0345 -0.001345177969 -0.0008967853124)
(0.0345 -0.001276142375 -0.0008507615833)
(0.0345 -0.001207106781 -0.0008047378541)
(0.0345 -0.001138071187 -0.000758714125)
(0.0345 -0.001069035594 -0.0007126903958)
(0.0345 -0.001 -0.0006666666667)
(0.0345 -0.001414213562 -0.0004714045208)
(0.0345 -0.001345177969 -0.0004483926562)
(0.0345 -0.001276142375 -0.0004253807916)
(0.0345 -0.001207106781 -0.0004023689271)
(0.0345 -0.001138071187 -0.0003793570625)
(0.0345 -0.001069035594 -0.0003563451979)
(0.0345 -0.001 -0.0003333333333)
(0.0345 -0.001414213562 0)
(0.0345 -0.001345177969 0)
(0.0345 -0.001276142375 -1.807003621e-20)
(0.0345 -0.001207106781 0)
(0.0345 -0.001138071187 -9.035018104e-21)
(0.0345 -0.001069035594 9.035018104e-21)
(0.0345 -0.001 0)
(0.0345 -0.001414213562 0.0004714045208)
(0.0345 -0.001345177969 0.0004483926562)
(0.0345 -0.001276142375 0.0004253807916)
(0.0345 -0.001207106781 0.0004023689271)
(0.0345 -0.001138071187 0.0003793570625)
(0.0345 -0.001069035594 0.0003563451979)
(0.0345 -0.001 0.0003333333333)
(0.0345 -0.001414213562 0.0009428090416)
(0.0345 -0.001345177969 0.0008967853124)
(0.0345 -0.001276142375 0.0008507615833)
(0.0345 -0.001207106781 0.0008047378541)
(0.0345 -0.001138071187 0.000758714125)
(0.0345 -0.001069035594 0.0007126903958)
(0.0345 -0.001 0.0006666666667)
(0.0345 -0.001414213562 0.001414213562)
(0.0345 -0.001345177969 0.001345177969)
(0.0345 -0.001276142375 0.001276142375)
(0.0345 -0.001207106781 0.001207106781)
(0.0345 -0.001138071187 0.001138071187)
(0.0345 -0.001069035594 0.001069035594)
(0.0345 -0.001 0.001)
(0.035 -0.001414213562 -0.0009428090416)
(0.035 -0.001345177969 -0.0008967853124)
(0.035 -0.001276142375 -0.0008507615833)
(0.035 -0.001207106781 -0.0008047378541)
(0.035 -0.001138071187 -0.000758714125)
(0.035 -0.001069035594 -0.0007126903958)
(0.035 -0.001 -0.0006666666667)
(0.035 -0.001414213562 -0.0004714045208)
(0.035 -0.001345177969 -0.0004483926562)
(0.035 -0.001276142375 -0.0004253807916)
(0.035 -0.001207106781 -0.0004023689271)
(0.035 -0.001138071187 -0.0003793570625)
(0.035 -0.001069035594 -0.0003563451979)
(0.035 -0.001 -0.0003333333333)
(0.035 -0.001414213562 0)
(0.035 -0.001345177969 0)
(0.035 -0.001276142375 -1.807003621e-20)
(0.035 -0.001207106781 0)
(0.035 -0.001138071187 -9.035018104e-21)
(0.035 -0.001069035594 -9.035018104e-21)
(0.035 -0.001 0)
(0.035 -0.001414213562 0.0004714045208)
(0.035 -0.001345177969 0.0004483926562)
(0.035 -0.001276142375 0.0004253807916)
(0.035 -0.001207106781 0.0004023689271)
(0.035 -0.001138071187 0.0003793570625)
(0.035 -0.001069035594 0.0003563451979)
(0.035 -0.001 0.0003333333333)
(0.035 -0.001414213562 0.0009428090416)
(0.035 -0.001345177969 0.0008967853124)
(0.035 -0.001276142375 0.0008507615833)
(0.035 -0.001207106781 0.0008047378541)
(0.035 -0.001138071187 0.000758714125)
(0.035 -0.001069035594 0.0007126903958)
(0.035 -0.001 0.0006666666667)
(0.035 -0.001414213562 0.001414213562)
(0.035 -0.001345177969 0.001345177969)
(0.035 -0.001276142375 0.001276142375)
(0.035 -0.001207106781 0.001207106781)
(0.035 -0.001138071187 0.001138071187)
(0.035 -0.001069035594 0.001069035594)
(0.035 -0.001 0.001)
(0.0355 -0.001414213562 -0.0009428090416)
(0.0355 -0.001345177969 -0.0008967853124)
(0.0355 -0.001276142375 -0.0008507615833)
(0.0355 -0.001207106781 -0.0008047378541)
(0.0355 -0.001138071187 -0.000758714125)
(0.0355 -0.001069035594 -0.0007126903958)
(0.0355 -0.001 -0.0006666666667)
(0.0355 -0.001414213562 -0.0004714045208)
(0.0355 -0.001345177969 -0.0004483926562)
(0.0355 -0.001276142375 -0.0004253807916)
(0.0355 -0.001207106781 -0.0004023689271)
(0.0355 -0.001138071187 -0.0003793570625)
(0.0355 -0.001069035594 -0.0003563451979)
(0.0355 -0.001 -0.0003333333333)
(0.0355 -0.001414213562 0)
(0.0355 -0.001345177969 0)
(0.0355 -0.001276142375 -1.807003621e-20)
(0.0355 -0.001207106781 0)
(0.0355 -0.001138071187 -9.035018104e-21)
(0.0355 -0.001069035594 9.035018104e-21)
(0.0355 -0.001 0)
(0.0355 -0.001414213562 0.0004714045208)
(0.0355 -0.001345177969 0.0004483926562)
(0.0355 -0.001276142375 0.0004253807916)
(0.0355 -0.001207106781 0.0004023689271)
(0.0355 -0.001138071187 0.0003793570625)
(0.0355 -0.001069035594 0.0003563451979)
(0.0355 -0.001 0.0003333333333)
(0.0355 -0.001414213562 0.0009428090416)
(0.0355 -0.001345177969 0.0008967853124)
(0.0355 -0.001276142375 0.0008507615833)
(0.0355 -0.001207106781 0.0008047378541)
(0.0355 -0.001138071187 0.000758714125)
(0.0355 -0.001069035594 0.0007126903958)
(0.0355 -0.001 0.0006666666667)
(0.0355 -0.001414213562 0.001414213562)
(0.0355 -0.001345177969 0.001345177969)
(0.0355 -0.001276142375 0.001276142375)
(0.0355 -0.001207106781 0.001207106781)
(0.0355 -0.001138071187 0.001138071187)
(0.0355 -0.001069035594 0.001069035594)
(0.0355 -0.001 0.001)
(0.036 -0.001414213562 -0.0009428090416)
(0.036 -0.001345177969 -0.0008967853124)
(0.036 -0.001276142375 -0.0008507615833)
(0.036 -0.001207106781 -0.0008047378541)
(0.036 -0.001138071187 -0.000758714125)
(0.036 -0.001069035594 -0.0007126903958)
(0.036 -0.001 -0.0006666666667)
(0.036 -0.001414213562 -0.0004714045208)
(0.036 -0.001345177969 -0.0004483926562)
(0.036 -0.001276142375 -0.0004253807916)
(0.036 -0.001207106781 -0.0004023689271)
(0.036 -0.001138071187 -0.0003793570625)
(0.036 -0.001069035594 -0.0003563451979)
(0.036 -0.001 -0.0003333333333)
(0.036 -0.001414213562 0)
(0.036 -0.001345177969 0)
(0.036 -0.001276142375 -1.807003621e-20)
(0.036 -0.001207106781 0)
(0.036 -0.001138071187 -9.035018104e-21)
(0.036 -0.001069035594 9.035018104e-21)
(0.036 -0.001 0)
(0.036 -0.001414213562 0.0004714045208)
(0.036 -0.001345177969 0.0004483926562)
(0.036 -0.001276142375 0.0004253807916)
(0.036 -0.001207106781 0.0004023689271)
(0.036 -0.001138071187 0.0003793570625)
(0.036 -0.001069035594 0.0003563451979)
(0.036 -0.001 0.0003333333333)
(0.036 -0.001414213562 0.0009428090416)
(0.036 -0.001345177969 0.0008967853124)
(0.036 -0.001276142375 0.0008507615833)
(0.036 -0.001207106781 0.0008047378541)
(0.036 -0.001138071187 0.000758714125)
(0.036 -0.001069035594 0.0007126903958)
(0.036 -0.001 0.0006666666667)
(0.036 -0.001414213562 0.001414213562)
(0.036 -0.001345177969 0.001345177969)
(0.036 -0.001276142375 0.001276142375)
(0.036 -0.001207106781 0.001207106781)
(0.036 -0.001138071187 0.001138071187)
(0.036 -0.001069035594 0.001069035594)
(0.036 -0.001 0.001)
(0.0365 -0.001414213562 -0.0009428090416)
(0.0365 -0.001345177969 -0.0008967853124)
(0.0365 -0.001276142375 -0.0008507615833)
(0.0365 -0.001207106781 -0.0008047378541)
(0.0365 -0.001138071187 -0.000758714125)
(0.0365 -0.001069035594 -0.0007126903958)
(0.0365 -0.001 -0.0006666666667)
(0.0365 -0.001414213562 -0.0004714045208)
(0.0365 -0.001345177969 -0.0004483926562)
(0.0365 -0.001276142375 -0.0004253807916)
(0.0365 -0.001207106781 -0.0004023689271)
(0.0365 -0.001138071187 -0.0003793570625)
(0.0365 -0.001069035594 -0.0003563451979)
(0.0365 -0.001 -0.0003333333333)
(0.0365 -0.001414213562 0)
(0.0365 -0.001345177969 0)
(0.0365 -0.001276142375 -1.807003621e-20)
(0.0365 -0.001207106781 0)
(0.0365 -0.001138071187 -9.035018104e-21)
(0.0365 -0.001069035594 -9.035018104e-21)
(0.0365 -0.001 0)
(0.0365 -0.001414213562 0.0004714045208)
(0.0365 -0.001345177969 0.0004483926562)
(0.0365 -0.001276142375 0.0004253807916)
(0.0365 -0.001207106781 0.0004023689271)
(0.0365 -0.001138071187 0.0003793570625)
(0.0365 -0.001069035594 0.0003563451979)
(0.0365 -0.001 0.0003333333333)
(0.0365 -0.001414213562 0.0009428090416)
(0.0365 -0.001345177969 0.0008967853124)
(0.0365 -0.001276142375 0.0008507615833)
(0.0365 -0.001207106781 0.0008047378541)
(0.0365 -0.001138071187 0.000758714125)
(0.0365 -0.001069035594 0.0007126903958)
(0.0365 -0.001 0.0006666666667)
(0.0365 -0.001414213562 0.001414213562)
(0.0365 -0.001345177969 0.001345177969)
(0.0365 -0.001276142375 0.001276142375)
(0.0365 -0.001207106781 0.001207106781)
(0.0365 -0.001138071187 0.001138071187)
(0.0365 -0.001069035594 0.001069035594)
(0.0365 -0.001 0.001)
(0.037 -0.001414213562 -0.0009428090416)
(0.037 -0.001345177969 -0.0008967853124)
(0.037 -0.001276142375 -0.0008507615833)
(0.037 -0.001207106781 -0.0008047378541)
(0.037 -0.001138071187 -0.000758714125)
(0.037 -0.001069035594 -0.0007126903958)
(0.037 -0.001 -0.0006666666667)
(0.037 -0.001414213562 -0.0004714045208)
(0.037 -0.001345177969 -0.0004483926562)
(0.037 -0.001276142375 -0.0004253807916)
(0.037 -0.001207106781 -0.0004023689271)
(0.037 -0.001138071187 -0.0003793570625)
(0.037 -0.001069035594 -0.0003563451979)
(0.037 -0.001 -0.0003333333333)
(0.037 -0.001414213562 0)
(0.037 -0.001345177969 0)
(0.037 -0.001276142375 -1.807003621e-20)
(0.037 -0.001207106781 0)
(0.037 -0.001138071187 -9.035018104e-21)
(0.037 -0.001069035594 9.035018104e-21)
(0.037 -0.001 0)
(0.037 -0.001414213562 0.0004714045208)
(0.037 -0.001345177969 0.0004483926562)
(0.037 -0.001276142375 0.0004253807916)
(0.037 -0.001207106781 0.0004023689271)
(0.037 -0.001138071187 0.0003793570625)
(0.037 -0.001069035594 0.0003563451979)
(0.037 -0.001 0.0003333333333)
(0.037 -0.001414213562 0.0009428090416)
(0.037 -0.001345177969 0.0008967853124)
(0.037 -0.001276142375 0.0008507615833)
(0.037 -0.001207106781 0.0008047378541)
(0.037 -0.001138071187 0.000758714125)
(0.037 -0.001069035594 0.0007126903958)
(0.037 -0.001 0.0006666666667)
(0.037 -0.001414213562 0.001414213562)
(0.037 -0.001345177969 0.001345177969)
(0.037 -0.001276142375 0.001276142375)
(0.037 -0.001207106781 0.001207106781)
(0.037 -0.001138071187 0.001138071187)
(0.037 -0.001069035594 0.001069035594)
(0.037 -0.001 0.001)
(0.0375 -0.001414213562 -0.0009428090416)
(0.0375 -0.001345177969 -0.0008967853124)
(0.0375 -0.001276142375 -0.0008507615833)
(0.0375 -0.001207106781 -0.0008047378541)
(0.0375 -0.001138071187 -0.000758714125)
(0.0375 -0.001069035594 -0.0007126903958)
(0.0375 -0.001 -0.0006666666667)
(0.0375 -0.001414213562 -0.0004714045208)
(0.0375 -0.001345177969 -0.0004483926562)
(0.0375 -0.001276142375 -0.0004253807916)
(0.0375 -0.001207106781 -0.0004023689271)
(0.0375 -0.001138071187 -0.0003793570625)
(0.0375 -0.001069035594 -0.0003563451979)
(0.0375 -0.001 -0.0003333333333)
(0.0375 -0.001414213562 0)
(0.0375 -0.001345177969 0)
(0.0375 -0.001276142375 -1.807003621e-20)
(0.0375 -0.001207106781 0)
(0.0375 -0.001138071187 -9.035018104e-21)
(0.0375 -0.001069035594 9.035018104e-21)
(0.0375 -0.001 0)
(0.0375 -0.001414213562 0.0004714045208)
(0.0375 -0.001345177969 0.0004483926562)
(0.0375 -0.001276142375 0.0004253807916)
(0.0375 -0.001207106781 0.0004023689271)
(0.0375 -0.001138071187 0.0003793570625)
(0.0375 -0.001069035594 0.0003563451979)
(0.0375 -0.001 0.0003333333333)
(0.0375 -0.001414213562 0.0009428090416)
(0.0375 -0.001345177969 0.0008967853124)
(0.0375 -0.001276142375 0.0008507615833)
(0.0375 -0.001207106781 0.0008047378541)
(0.0375 -0.001138071187 0.000758714125)
(0.0375 -0.001069035594 0.0007126903958)
(0.0375 -0.001 0.0006666666667)
(0.0375 -0.001414213562 0.001414213562)
(0.0375 -0.001345177969 0.001345177969)
(0.0375 -0.001276142375 0.001276142375)
(0.0375 -0.001207106781 0.001207106781)
(0.0375 -0.001138071187 0.001138071187)
(0.0375 -0.001069035594 0.001069035594)
(0.0375 -0.001 0.001)
(0.038 -0.001414213562 -0.0009428090416)
(0.038 -0.001345177969 -0.0008967853124)
(0.038 -0.001276142375 -0.0008507615833)
(0.038 -0.001207106781 -0.0008047378541)
(0.038 -0.001138071187 -0.000758714125)
(0.038 -0.001069035594 -0.0007126903958)
(0.038 -0.001 -0.0006666666667)
(0.038 -0.001414213562 -0.0004714045208)
(0.038 -0.001345177969 -0.0004483926562)
(0.038 -0.001276142375 -0.0004253807916)
(0.038 -0.001207106781 -0.0004023689271)
(0.038 -0.001138071187 -0.0003793570625)
(0.038 -0.001069035594 -0.0003563451979)
(0.038 -0.001 -0.0003333333333)
(0.038 -0.001414213562 0)
(0.038 -0.001345177969 -3.614007242e-20)
(0.038 -0.001276142375 -1.807003621e-20)
(0.038 -0.001207106781 0)
(0.038 -0.001138071187 9.035018104e-21)
(0.038 -0.001069035594 -9.035018104e-21)
(0.038 -0.001 0)
(0.038 -0.001414213562 0.0004714045208)
(0.038 -0.001345177969 0.0004483926562)
(0.038 -0.001276142375 0.0004253807916)
(0.038 -0.001207106781 0.0004023689271)
(0.038 -0.001138071187 0.0003793570625)
(0.038 -0.001069035594 0.0003563451979)
(0.038 -0.001 0.0003333333333)
(0.038 -0.001414213562 0.0009428090416)
(0.038 -0.001345177969 0.0008967853124)
(0.038 -0.001276142375 0.0008507615833)
(0.038 -0.001207106781 0.0008047378541)
(0.038 -0.001138071187 0.000758714125)
(0.038 -0.001069035594 0.0007126903958)
(0.038 -0.001 0.0006666666667)
(0.038 -0.001414213562 0.001414213562)
(0.038 -0.001345177969 0.001345177969)
(0.038 -0.001276142375 0.001276142375)
(0.038 -0.001207106781 0.001207106781)
(0.038 -0.001138071187 0.001138071187)
(0.038 -0.001069035594 0.001069035594)
(0.038 -0.001 0.001)
(0.0385 -0.001414213562 -0.0009428090416)
(0.0385 -0.001345177969 -0.0008967853124)
(0.0385 -0.001276142375 -0.0008507615833)
(0.0385 -0.001207106781 -0.0008047378541)
(0.0385 -0.001138071187 -0.000758714125)
(0.0385 -0.001069035594 -0.0007126903958)
(0.0385 -0.001 -0.0006666666667)
(0.0385 -0.001414213562 -0.0004714045208)
(0.0385 -0.001345177969 -0.0004483926562)
(0.0385 -0.001276142375 -0.0004253807916)
(0.0385 -0.001207106781 -0.0004023689271)
(0.0385 -0.001138071187 -0.0003793570625)
(0.0385 -0.001069035594 -0.0003563451979)
(0.0385 -0.001 -0.0003333333333)
(0.0385 -0.001414213562 0)
(0.0385 -0.001345177969 0)
(0.0385 -0.001276142375 -1.807003621e-20)
(0.0385 -0.001207106781 0)
(0.0385 -0.001138071187 -9.035018104e-21)
(0.0385 -0.001069035594 9.035018104e-21)
(0.0385 -0.001 0)
(0.0385 -0.001414213562 0.0004714045208)
(0.0385 -0.001345177969 0.0004483926562)
(0.0385 -0.001276142375 0.0004253807916)
(0.0385 -0.001207106781 0.0004023689271)
(0.0385 -0.001138071187 0.0003793570625)
(0.0385 -0.001069035594 0.0003563451979)
(0.0385 -0.001 0.0003333333333)
(0.0385 -0.001414213562 0.0009428090416)
(0.0385 -0.001345177969 0.0008967853124)
(0.0385 -0.001276142375 0.0008507615833)
(0.0385 -0.001207106781 0.0008047378541)
(0.0385 -0.001138071187 0.000758714125)
(0.0385 -0.001069035594 0.0007126903958)
(0.0385 -0.001 0.0006666666667)
(0.0385 -0.001414213562 0.001414213562)
(0.0385 -0.001345177969 0.001345177969)
(0.0385 -0.001276142375 0.001276142375)
(0.0385 -0.001207106781 0.001207106781)
(0.0385 -0.001138071187 0.001138071187)
(0.0385 -0.001069035594 0.001069035594)
(0.0385 -0.001 0.001)
(0.039 -0.001414213562 -0.0009428090416)
(0.039 -0.001345177969 -0.0008967853124)
(0.039 -0.001276142375 -0.0008507615833)
(0.039 -0.001207106781 -0.0008047378541)
(0.039 -0.001138071187 -0.000758714125)
(0.039 -0.001069035594 -0.0007126903958)
(0.039 -0.001 -0.0006666666667)
(0.039 -0.001414213562 -0.0004714045208)
(0.039 -0.001345177969 -0.0004483926562)
(0.039 -0.001276142375 -0.0004253807916)
(0.039 -0.001207106781 -0.0004023689271)
(0.039 -0.001138071187 -0.0003793570625)
(0.039 -0.001069035594 -0.0003563451979)
(0.039 -0.001 -0.0003333333333)
(0.039 -0.001414213562 0)
(0.039 -0.001345177969 0)
(0.039 -0.001276142375 -1.807003621e-20)
(0.039 -0.001207106781 0)
(0.039 -0.001138071187 -9.035018104e-21)
(0.039 -0.001069035594 9.035018104e-21)
(0.039 -0.001 0)
(0.039 -0.001414213562 0.0004714045208)
(0.039 -0.001345177969 0.0004483926562)
(0.039 -0.001276142375 0.0004253807916)
(0.039 -0.001207106781 0.0004023689271)
(0.039 -0.001138071187 0.0003793570625)
(0.039 -0.001069035594 0.0003563451979)
(0.039 -0.001 0.0003333333333)
(0.039 -0.001414213562 0.0009428090416)
(0.039 -0.001345177969 0.0008967853124)
(0.039 -0.001276142375 0.0008507615833)
(0.039 -0.001207106781 0.0008047378541)
(0.039 -0.001138071187 0.000758714125)
(0.039 -0.001069035594 0.0007126903958)
(0.039 -0.001 0.0006666666667)
(0.039 -0.001414213562 0.001414213562)
(0.039 -0.001345177969 0.001345177969)
(0.039 -0.001276142375 0.001276142375)
(0.039 -0.001207106781 0.001207106781)
(0.039 -0.001138071187 0.001138071187)
(0.039 -0.001069035594 0.001069035594)
(0.039 -0.001 0.001)
(0.0395 -0.001414213562 -0.0009428090416)
(0.0395 -0.001345177969 -0.0008967853124)
(0.0395 -0.001276142375 -0.0008507615833)
(0.0395 -0.001207106781 -0.0008047378541)
(0.0395 -0.001138071187 -0.000758714125)
(0.0395 -0.001069035594 -0.0007126903958)
(0.0395 -0.001 -0.0006666666667)
(0.0395 -0.001414213562 -0.0004714045208)
(0.0395 -0.001345177969 -0.0004483926562)
(0.0395 -0.001276142375 -0.0004253807916)
(0.0395 -0.001207106781 -0.0004023689271)
(0.0395 -0.001138071187 -0.0003793570625)
(0.0395 -0.001069035594 -0.0003563451979)
(0.0395 -0.001 -0.0003333333333)
(0.0395 -0.001414213562 0)
(0.0395 -0.001345177969 -3.614007242e-20)
(0.0395 -0.001276142375 -1.807003621e-20)
(0.0395 -0.001207106781 0)
(0.0395 -0.001138071187 9.035018104e-21)
(0.0395 -0.001069035594 -9.035018104e-21)
(0.0395 -0.001 0)
(0.0395 -0.001414213562 0.0004714045208)
(0.0395 -0.001345177969 0.0004483926562)
(0.0395 -0.001276142375 0.0004253807916)
(0.0395 -0.001207106781 0.0004023689271)
(0.0395 -0.001138071187 0.0003793570625)
(0.0395 -0.001069035594 0.0003563451979)
(0.0395 -0.001 0.0003333333333)
(0.0395 -0.001414213562 0.0009428090416)
(0.0395 -0.001345177969 0.0008967853124)
(0.0395 -0.001276142375 0.0008507615833)
(0.0395 -0.001207106781 0.0008047378541)
(0.0395 -0.001138071187 0.000758714125)
(0.0395 -0.001069035594 0.0007126903958)
(0.0395 -0.001 0.0006666666667)
(0.0395 -0.001414213562 0.001414213562)
(0.0395 -0.001345177969 0.001345177969)
(0.0395 -0.001276142375 0.001276142375)
(0.0395 -0.001207106781 0.001207106781)
(0.0395 -0.001138071187 0.001138071187)
(0.0395 -0.001069035594 0.001069035594)
(0.0395 -0.001 0.001)
(0.04 -0.001414213562 -0.0009428090416)
(0.04 -0.001345177969 -0.0008967853124)
(0.04 -0.001276142375 -0.0008507615833)
(0.04 -0.001207106781 -0.0008047378541)
(0.04 -0.001138071187 -0.000758714125)
(0.04 -0.001069035594 -0.0007126903958)
(0.04 -0.001 -0.0006666666667)
(0.04 -0.001414213562 -0.0004714045208)
(0.04 -0.001345177969 -0.0004483926562)
(0.04 -0.001276142375 -0.0004253807916)
(0.04 -0.001207106781 -0.0004023689271)
(0.04 -0.001138071187 -0.0003793570625)
(0.04 -0.001069035594 -0.0003563451979)
(0.04 -0.001 -0.0003333333333)
(0.04 -0.001414213562 0)
(0.04 -0.001345177969 0)
(0.04 -0.001276142375 -1.807003621e-20)
(0.04 -0.001207106781 0)
(0.04 -0.001138071187 -9.035018104e-21)
(0.04 -0.001069035594 9.035018104e-21)
(0.04 -0.001 0)
(0.04 -0.001414213562 0.0004714045208)
(0.04 -0.001345177969 0.0004483926562)
(0.04 -0.001276142375 0.0004253807916)
(0.04 -0.001207106781 0.0004023689271)
(0.04 -0.001138071187 0.0003793570625)
(0.04 -0.001069035594 0.0003563451979)
(0.04 -0.001 0.0003333333333)
(0.04 -0.001414213562 0.0009428090416)
(0.04 -0.001345177969 0.0008967853124)
(0.04 -0.001276142375 0.0008507615833)
(0.04 -0.001207106781 0.0008047378541)
(0.04 -0.001138071187 0.000758714125)
(0.04 -0.001069035594 0.0007126903958)
(0.04 -0.001 0.0006666666667)
(0.04 -0.001414213562 0.001414213562)
(0.04 -0.001345177969 0.001345177969)
(0.04 -0.001276142375 0.001276142375)
(0.04 -0.001207106781 0.001207106781)
(0.04 -0.001138071187 0.001138071187)
(0.04 -0.001069035594 0.001069035594)
(0.04 -0.001 0.001)
(0.0405 -0.001414213562 -0.0009428090416)
(0.0405 -0.001345177969 -0.0008967853124)
(0.0405 -0.001276142375 -0.0008507615833)
(0.0405 -0.001207106781 -0.0008047378541)
(0.0405 -0.001138071187 -0.000758714125)
(0.0405 -0.001069035594 -0.0007126903958)
(0.0405 -0.001 -0.0006666666667)
(0.0405 -0.001414213562 -0.0004714045208)
(0.0405 -0.001345177969 -0.0004483926562)
(0.0405 -0.001276142375 -0.0004253807916)
(0.0405 -0.001207106781 -0.0004023689271)
(0.0405 -0.001138071187 -0.0003793570625)
(0.0405 -0.001069035594 -0.0003563451979)
(0.0405 -0.001 -0.0003333333333)
(0.0405 -0.001414213562 0)
(0.0405 -0.001345177969 0)
(0.0405 -0.001276142375 -1.807003621e-20)
(0.0405 -0.001207106781 0)
(0.0405 -0.001138071187 -9.035018104e-21)
(0.0405 -0.001069035594 9.035018104e-21)
(0.0405 -0.001 0)
(0.0405 -0.001414213562 0.0004714045208)
(0.0405 -0.001345177969 0.0004483926562)
(0.0405 -0.001276142375 0.0004253807916)
(0.0405 -0.001207106781 0.0004023689271)
(0.0405 -0.001138071187 0.0003793570625)
(0.0405 -0.001069035594 0.0003563451979)
(0.0405 -0.001 0.0003333333333)
(0.0405 -0.001414213562 0.0009428090416)
(0.0405 -0.001345177969 0.0008967853124)
(0.0405 -0.001276142375 0.0008507615833)
(0.0405 -0.001207106781 0.0008047378541)
(0.0405 -0.001138071187 0.000758714125)
(0.0405 -0.001069035594 0.0007126903958)
(0.0405 -0.001 0.0006666666667)
(0.0405 -0.001414213562 0.001414213562)
(0.0405 -0.001345177969 0.001345177969)
(0.0405 -0.001276142375 0.001276142375)
(0.0405 -0.001207106781 0.001207106781)
(0.0405 -0.001138071187 0.001138071187)
(0.0405 -0.001069035594 0.001069035594)
(0.0405 -0.001 0.001)
(0.041 -0.001414213562 -0.0009428090416)
(0.041 -0.001345177969 -0.0008967853124)
(0.041 -0.001276142375 -0.0008507615833)
(0.041 -0.001207106781 -0.0008047378541)
(0.041 -0.001138071187 -0.000758714125)
(0.041 -0.001069035594 -0.0007126903958)
(0.041 -0.001 -0.0006666666667)
(0.041 -0.001414213562 -0.0004714045208)
(0.041 -0.001345177969 -0.0004483926562)
(0.041 -0.001276142375 -0.0004253807916)
(0.041 -0.001207106781 -0.0004023689271)
(0.041 -0.001138071187 -0.0003793570625)
(0.041 -0.001069035594 -0.0003563451979)
(0.041 -0.001 -0.0003333333333)
(0.041 -0.001414213562 0)
(0.041 -0.001345177969 0)
(0.041 -0.001276142375 -1.807003621e-20)
(0.041 -0.001207106781 0)
(0.041 -0.001138071187 -9.035018104e-21)
(0.041 -0.001069035594 9.035018104e-21)
(0.041 -0.001 0)
(0.041 -0.001414213562 0.0004714045208)
(0.041 -0.001345177969 0.0004483926562)
(0.041 -0.001276142375 0.0004253807916)
(0.041 -0.001207106781 0.0004023689271)
(0.041 -0.001138071187 0.0003793570625)
(0.041 -0.001069035594 0.0003563451979)
(0.041 -0.001 0.0003333333333)
(0.041 -0.001414213562 0.0009428090416)
(0.041 -0.001345177969 0.0008967853124)
(0.041 -0.001276142375 0.0008507615833)
(0.041 -0.001207106781 0.0008047378541)
(0.041 -0.001138071187 0.000758714125)
(0.041 -0.001069035594 0.0007126903958)
(0.041 -0.001 0.0006666666667)
(0.041 -0.001414213562 0.001414213562)
(0.041 -0.001345177969 0.001345177969)
(0.041 -0.001276142375 0.001276142375)
(0.041 -0.001207106781 0.001207106781)
(0.041 -0.001138071187 0.001138071187)
(0.041 -0.001069035594 0.001069035594)
(0.041 -0.001 0.001)
(0.0415 -0.001414213562 -0.0009428090416)
(0.0415 -0.001345177969 -0.0008967853124)
(0.0415 -0.001276142375 -0.0008507615833)
(0.0415 -0.001207106781 -0.0008047378541)
(0.0415 -0.001138071187 -0.000758714125)
(0.0415 -0.001069035594 -0.0007126903958)
(0.0415 -0.001 -0.0006666666667)
(0.0415 -0.001414213562 -0.0004714045208)
(0.0415 -0.001345177969 -0.0004483926562)
(0.0415 -0.001276142375 -0.0004253807916)
(0.0415 -0.001207106781 -0.0004023689271)
(0.0415 -0.001138071187 -0.0003793570625)
(0.0415 -0.001069035594 -0.0003563451979)
(0.0415 -0.001 -0.0003333333333)
(0.0415 -0.001414213562 0)
(0.0415 -0.001345177969 0)
(0.0415 -0.001276142375 -1.807003621e-20)
(0.0415 -0.001207106781 0)
(0.0415 -0.001138071187 -9.035018104e-21)
(0.0415 -0.001069035594 9.035018104e-21)
(0.0415 -0.001 0)
(0.0415 -0.001414213562 0.0004714045208)
(0.0415 -0.001345177969 0.0004483926562)
(0.0415 -0.001276142375 0.0004253807916)
(0.0415 -0.001207106781 0.0004023689271)
(0.0415 -0.001138071187 0.0003793570625)
(0.0415 -0.001069035594 0.0003563451979)
(0.0415 -0.001 0.0003333333333)
(0.0415 -0.001414213562 0.0009428090416)
(0.0415 -0.001345177969 0.0008967853124)
(0.0415 -0.001276142375 0.0008507615833)
(0.0415 -0.001207106781 0.0008047378541)
(0.0415 -0.001138071187 0.000758714125)
(0.0415 -0.001069035594 0.0007126903958)
(0.0415 -0.001 0.0006666666667)
(0.0415 -0.001414213562 0.001414213562)
(0.0415 -0.001345177969 0.001345177969)
(0.0415 -0.001276142375 0.001276142375)
(0.0415 -0.001207106781 0.001207106781)
(0.0415 -0.001138071187 0.001138071187)
(0.0415 -0.001069035594 0.001069035594)
(0.0415 -0.001 0.001)
(0.042 -0.001414213562 -0.0009428090416)
(0.042 -0.001345177969 -0.0008967853124)
(0.042 -0.001276142375 -0.0008507615833)
(0.042 -0.001207106781 -0.0008047378541)
(0.042 -0.001138071187 -0.000758714125)
(0.042 -0.001069035594 -0.0007126903958)
(0.042 -0.001 -0.0006666666667)
(0.042 -0.001414213562 -0.0004714045208)
(0.042 -0.001345177969 -0.0004483926562)
(0.042 -0.001276142375 -0.0004253807916)
(0.042 -0.001207106781 -0.0004023689271)
(0.042 -0.001138071187 -0.0003793570625)
(0.042 -0.001069035594 -0.0003563451979)
(0.042 -0.001 -0.0003333333333)
(0.042 -0.001414213562 0)
(0.042 -0.001345177969 0)
(0.042 -0.001276142375 -1.807003621e-20)
(0.042 -0.001207106781 0)
(0.042 -0.001138071187 -9.035018104e-21)
(0.042 -0.001069035594 0)
(0.042 -0.001 0)
(0.042 -0.001414213562 0.0004714045208)
(0.042 -0.001345177969 0.0004483926562)
(0.042 -0.001276142375 0.0004253807916)
(0.042 -0.001207106781 0.0004023689271)
(0.042 -0.001138071187 0.0003793570625)
(0.042 -0.001069035594 0.0003563451979)
(0.042 -0.001 0.0003333333333)
(0.042 -0.001414213562 0.0009428090416)
(0.042 -0.001345177969 0.0008967853124)
(0.042 -0.001276142375 0.0008507615833)
(0.042 -0.001207106781 0.0008047378541)
(0.042 -0.001138071187 0.000758714125)
(0.042 -0.001069035594 0.0007126903958)
(0.042 -0.001 0.0006666666667)
(0.042 -0.001414213562 0.001414213562)
(0.042 -0.001345177969 0.001345177969)
(0.042 -0.001276142375 0.001276142375)
(0.042 -0.001207106781 0.001207106781)
(0.042 -0.001138071187 0.001138071187)
(0.042 -0.001069035594 0.001069035594)
(0.042 -0.001 0.001)
(0.0425 -0.001414213562 -0.0009428090416)
(0.0425 -0.001345177969 -0.0008967853124)
(0.0425 -0.001276142375 -0.0008507615833)
(0.0425 -0.001207106781 -0.0008047378541)
(0.0425 -0.001138071187 -0.000758714125)
(0.0425 -0.001069035594 -0.0007126903958)
(0.0425 -0.001 -0.0006666666667)
(0.0425 -0.001414213562 -0.0004714045208)
(0.0425 -0.001345177969 -0.0004483926562)
(0.0425 -0.001276142375 -0.0004253807916)
(0.0425 -0.001207106781 -0.0004023689271)
(0.0425 -0.001138071187 -0.0003793570625)
(0.0425 -0.001069035594 -0.0003563451979)
(0.0425 -0.001 -0.0003333333333)
(0.0425 -0.001414213562 0)
(0.0425 -0.001345177969 0)
(0.0425 -0.001276142375 -1.807003621e-20)
(0.0425 -0.001207106781 0)
(0.0425 -0.001138071187 -9.035018104e-21)
(0.0425 -0.001069035594 9.035018104e-21)
(0.0425 -0.001 0)
(0.0425 -0.001414213562 0.0004714045208)
(0.0425 -0.001345177969 0.0004483926562)
(0.0425 -0.001276142375 0.0004253807916)
(0.0425 -0.001207106781 0.0004023689271)
(0.0425 -0.001138071187 0.0003793570625)
(0.0425 -0.001069035594 0.0003563451979)
(0.0425 -0.001 0.0003333333333)
(0.0425 -0.001414213562 0.0009428090416)
(0.0425 -0.001345177969 0.0008967853124)
(0.0425 -0.001276142375 0.0008507615833)
(0.0425 -0.001207106781 0.0008047378541)
(0.0425 -0.001138071187 0.000758714125)
(0.0425 -0.001069035594 0.0007126903958)
(0.0425 -0.001 0.0006666666667)
(0.0425 -0.001414213562 0.001414213562)
(0.0425 -0.001345177969 0.001345177969)
(0.0425 -0.001276142375 0.001276142375)
(0.0425 -0.001207106781 0.001207106781)
(0.0425 -0.001138071187 0.001138071187)
(0.0425 -0.001069035594 0.001069035594)
(0.0425 -0.001 0.001)
(0.043 -0.001414213562 -0.0009428090416)
(0.043 -0.001345177969 -0.0008967853124)
(0.043 -0.001276142375 -0.0008507615833)
(0.043 -0.001207106781 -0.0008047378541)
(0.043 -0.001138071187 -0.000758714125)
(0.043 -0.001069035594 -0.0007126903958)
(0.043 -0.001 -0.0006666666667)
(0.043 -0.001414213562 -0.0004714045208)
(0.043 -0.001345177969 -0.0004483926562)
(0.043 -0.001276142375 -0.0004253807916)
(0.043 -0.001207106781 -0.0004023689271)
(0.043 -0.001138071187 -0.0003793570625)
(0.043 -0.001069035594 -0.0003563451979)
(0.043 -0.001 -0.0003333333333)
(0.043 -0.001414213562 0)
(0.043 -0.001345177969 0)
(0.043 -0.001276142375 -1.807003621e-20)
(0.043 -0.001207106781 0)
(0.043 -0.001138071187 -9.035018104e-21)
(0.043 -0.001069035594 9.035018104e-21)
(0.043 -0.001 0)
(0.043 -0.001414213562 0.0004714045208)
(0.043 -0.001345177969 0.0004483926562)
(0.043 -0.001276142375 0.0004253807916)
(0.043 -0.001207106781 0.0004023689271)
(0.043 -0.001138071187 0.0003793570625)
(0.043 -0.001069035594 0.0003563451979)
(0.043 -0.001 0.0003333333333)
(0.043 -0.001414213562 0.0009428090416)
(0.043 -0.001345177969 0.0008967853124)
(0.043 -0.001276142375 0.0008507615833)
(0.043 -0.001207106781 0.0008047378541)
(0.043 -0.001138071187 0.000758714125)
(0.043 -0.001069035594 0.0007126903958)
(0.043 -0.001 0.0006666666667)
(0.043 -0.001414213562 0.001414213562)
(0.043 -0.001345177969 0.001345177969)
(0.043 -0.001276142375 0.001276142375)
(0.043 -0.001207106781 0.001207106781)
(0.043 -0.001138071187 0.001138071187)
(0.043 -0.001069035594 0.001069035594)
(0.043 -0.001 0.001)
(0.0435 -0.001414213562 -0.0009428090416)
(0.0435 -0.001345177969 -0.0008967853124)
(0.0435 -0.001276142375 -0.0008507615833)
(0.0435 -0.001207106781 -0.0008047378541)
(0.0435 -0.001138071187 -0.000758714125)
(0.0435 -0.001069035594 -0.0007126903958)
(0.0435 -0.001 -0.0006666666667)
(0.0435 -0.001414213562 -0.0004714045208)
(0.0435 -0.001345177969 -0.0004483926562)
(0.0435 -0.001276142375 -0.0004253807916)
(0.0435 -0.001207106781 -0.0004023689271)
(0.0435 -0.001138071187 -0.0003793570625)
(0.0435 -0.001069035594 -0.0003563451979)
(0.0435 -0.001 -0.0003333333333)
(0.0435 -0.001414213562 0)
(0.0435 -0.001345177969 0)
(0.0435 -0.001276142375 -1.807003621e-20)
(0.0435 -0.001207106781 0)
(0.0435 -0.001138071187 -9.035018104e-21)
(0.0435 -0.001069035594 0)
(0.0435 -0.001 0)
(0.0435 -0.001414213562 0.0004714045208)
(0.0435 -0.001345177969 0.0004483926562)
(0.0435 -0.001276142375 0.0004253807916)
(0.0435 -0.001207106781 0.0004023689271)
(0.0435 -0.001138071187 0.0003793570625)
(0.0435 -0.001069035594 0.0003563451979)
(0.0435 -0.001 0.0003333333333)
(0.0435 -0.001414213562 0.0009428090416)
(0.0435 -0.001345177969 0.0008967853124)
(0.0435 -0.001276142375 0.0008507615833)
(0.0435 -0.001207106781 0.0008047378541)
(0.0435 -0.001138071187 0.000758714125)
(0.0435 -0.001069035594 0.0007126903958)
(0.0435 -0.001 0.0006666666667)
(0.0435 -0.001414213562 0.001414213562)
(0.0435 -0.001345177969 0.001345177969)
(0.0435 -0.001276142375 0.001276142375)
(0.0435 -0.001207106781 0.001207106781)
(0.0435 -0.001138071187 0.001138071187)
(0.0435 -0.001069035594 0.001069035594)
(0.0435 -0.001 0.001)
(0.044 -0.001414213562 -0.0009428090416)
(0.044 -0.001345177969 -0.0008967853124)
(0.044 -0.001276142375 -0.0008507615833)
(0.044 -0.001207106781 -0.0008047378541)
(0.044 -0.001138071187 -0.000758714125)
(0.044 -0.001069035594 -0.0007126903958)
(0.044 -0.001 -0.0006666666667)
(0.044 -0.001414213562 -0.0004714045208)
(0.044 -0.001345177969 -0.0004483926562)
(0.044 -0.001276142375 -0.0004253807916)
(0.044 -0.001207106781 -0.0004023689271)
(0.044 -0.001138071187 -0.0003793570625)
(0.044 -0.001069035594 -0.0003563451979)
(0.044 -0.001 -0.0003333333333)
(0.044 -0.001414213562 0)
(0.044 -0.001345177969 0)
(0.044 -0.001276142375 -1.807003621e-20)
(0.044 -0.001207106781 0)
(0.044 -0.001138071187 -9.035018104e-21)
(0.044 -0.001069035594 9.035018104e-21)
(0.044 -0.001 0)
(0.044 -0.001414213562 0.0004714045208)
(0.044 -0.001345177969 0.0004483926562)
(0.044 -0.001276142375 0.0004253807916)
(0.044 -0.001207106781 0.0004023689271)
(0.044 -0.001138071187 0.0003793570625)
(0.044 -0.001069035594 0.0003563451979)
(0.044 -0.001 0.0003333333333)
(0.044 -0.001414213562 0.0009428090416)
(0.044 -0.001345177969 0.0008967853124)
(0.044 -0.001276142375 0.0008507615833)
(0.044 -0.001207106781 0.0008047378541)
(0.044 -0.001138071187 0.000758714125)
(0.044 -0.001069035594 0.0007126903958)
(0.044 -0.001 0.0006666666667)
(0.044 -0.001414213562 0.001414213562)
(0.044 -0.001345177969 0.001345177969)
(0.044 -0.001276142375 0.001276142375)
(0.044 -0.001207106781 0.001207106781)
(0.044 -0.001138071187 0.001138071187)
(0.044 -0.001069035594 0.001069035594)
(0.044 -0.001 0.001)
(0.0445 -0.001414213562 -0.0009428090416)
(0.0445 -0.001345177969 -0.0008967853124)
(0.0445 -0.001276142375 -0.0008507615833)
(0.0445 -0.001207106781 -0.0008047378541)
(0.0445 -0.001138071187 -0.000758714125)
(0.0445 -0.001069035594 -0.0007126903958)
(0.0445 -0.001 -0.0006666666667)
(0.0445 -0.001414213562 -0.0004714045208)
(0.0445 -0.001345177969 -0.0004483926562)
(0.0445 -0.001276142375 -0.0004253807916)
(0.0445 -0.001207106781 -0.0004023689271)
(0.0445 -0.001138071187 -0.0003793570625)
(0.0445 -0.001069035594 -0.0003563451979)
(0.0445 -0.001 -0.0003333333333)
(0.0445 -0.001414213562 0)
(0.0445 -0.001345177969 0)
(0.0445 -0.001276142375 -1.807003621e-20)
(0.0445 -0.001207106781 0)
(0.0445 -0.001138071187 -9.035018104e-21)
(0.0445 -0.001069035594 9.035018104e-21)
(0.0445 -0.001 0)
(0.0445 -0.001414213562 0.0004714045208)
(0.0445 -0.001345177969 0.0004483926562)
(0.0445 -0.001276142375 0.0004253807916)
(0.0445 -0.001207106781 0.0004023689271)
(0.0445 -0.001138071187 0.0003793570625)
(0.0445 -0.001069035594 0.0003563451979)
(0.0445 -0.001 0.0003333333333)
(0.0445 -0.001414213562 0.0009428090416)
(0.0445 -0.001345177969 0.0008967853124)
(0.0445 -0.001276142375 0.0008507615833)
(0.0445 -0.001207106781 0.0008047378541)
(0.0445 -0.001138071187 0.000758714125)
(0.0445 -0.001069035594 0.0007126903958)
(0.0445 -0.001 0.0006666666667)
(0.0445 -0.001414213562 0.001414213562)
(0.0445 -0.001345177969 0.001345177969)
(0.0445 -0.001276142375 0.001276142375)
(0.0445 -0.001207106781 0.001207106781)
(0.0445 -0.001138071187 0.001138071187)
(0.0445 -0.001069035594 0.001069035594)
(0.0445 -0.001 0.001)
(0.045 -0.001414213562 -0.0009428090416)
(0.045 -0.001345177969 -0.0008967853124)
(0.045 -0.001276142375 -0.0008507615833)
(0.045 -0.001207106781 -0.0008047378541)
(0.045 -0.001138071187 -0.000758714125)
(0.045 -0.001069035594 -0.0007126903958)
(0.045 -0.001 -0.0006666666667)
(0.045 -0.001414213562 -0.0004714045208)
(0.045 -0.001345177969 -0.0004483926562)
(0.045 -0.001276142375 -0.0004253807916)
(0.045 -0.001207106781 -0.0004023689271)
(0.045 -0.001138071187 -0.0003793570625)
(0.045 -0.001069035594 -0.0003563451979)
(0.045 -0.001 -0.0003333333333)
(0.045 -0.001414213562 0)
(0.045 -0.001345177969 0)
(0.045 -0.001276142375 -1.807003621e-20)
(0.045 -0.001207106781 0)
(0.045 -0.001138071187 -9.035018104e-21)
(0.045 -0.001069035594 0)
(0.045 -0.001 0)
(0.045 -0.001414213562 0.0004714045208)
(0.045 -0.001345177969 0.0004483926562)
(0.045 -0.001276142375 0.0004253807916)
(0.045 -0.001207106781 0.0004023689271)
(0.045 -0.001138071187 0.0003793570625)
(0.045 -0.001069035594 0.0003563451979)
(0.045 -0.001 0.0003333333333)
(0.045 -0.001414213562 0.0009428090416)
(0.045 -0.001345177969 0.0008967853124)
(0.045 -0.001276142375 0.0008507615833)
(0.045 -0.001207106781 0.0008047378541)
(0.045 -0.001138071187 0.000758714125)
(0.045 -0.001069035594 0.0007126903958)
(0.045 -0.001 0.0006666666667)
(0.045 -0.001414213562 0.001414213562)
(0.045 -0.001345177969 0.001345177969)
(0.045 -0.001276142375 0.001276142375)
(0.045 -0.001207106781 0.001207106781)
(0.045 -0.001138071187 0.001138071187)
(0.045 -0.001069035594 0.001069035594)
(0.045 -0.001 0.001)
(0.0455 -0.001414213562 -0.0009428090416)
(0.0455 -0.001345177969 -0.0008967853124)
(0.0455 -0.001276142375 -0.0008507615833)
(0.0455 -0.001207106781 -0.0008047378541)
(0.0455 -0.001138071187 -0.000758714125)
(0.0455 -0.001069035594 -0.0007126903958)
(0.0455 -0.001 -0.0006666666667)
(0.0455 -0.001414213562 -0.0004714045208)
(0.0455 -0.001345177969 -0.0004483926562)
(0.0455 -0.001276142375 -0.0004253807916)
(0.0455 -0.001207106781 -0.0004023689271)
(0.0455 -0.001138071187 -0.0003793570625)
(0.0455 -0.001069035594 -0.0003563451979)
(0.0455 -0.001 -0.0003333333333)
(0.0455 -0.001414213562 0)
(0.0455 -0.001345177969 0)
(0.0455 -0.001276142375 -1.807003621e-20)
(0.0455 -0.001207106781 0)
(0.0455 -0.001138071187 -9.035018104e-21)
(0.0455 -0.001069035594 9.035018104e-21)
(0.0455 -0.001 0)
(0.0455 -0.001414213562 0.0004714045208)
(0.0455 -0.001345177969 0.0004483926562)
(0.0455 -0.001276142375 0.0004253807916)
(0.0455 -0.001207106781 0.0004023689271)
(0.0455 -0.001138071187 0.0003793570625)
(0.0455 -0.001069035594 0.0003563451979)
(0.0455 -0.001 0.0003333333333)
(0.0455 -0.001414213562 0.0009428090416)
(0.0455 -0.001345177969 0.0008967853124)
(0.0455 -0.001276142375 0.0008507615833)
(0.0455 -0.001207106781 0.0008047378541)
(0.0455 -0.001138071187 0.000758714125)
(0.0455 -0.001069035594 0.0007126903958)
(0.0455 -0.001 0.0006666666667)
(0.0455 -0.001414213562 0.001414213562)
(0.0455 -0.001345177969 0.001345177969)
(0.0455 -0.001276142375 0.001276142375)
(0.0455 -0.001207106781 0.001207106781)
(0.0455 -0.001138071187 0.001138071187)
(0.0455 -0.001069035594 0.001069035594)
(0.0455 -0.001 0.001)
(0.046 -0.001414213562 -0.0009428090416)
(0.046 -0.001345177969 -0.0008967853124)
(0.046 -0.001276142375 -0.0008507615833)
(0.046 -0.001207106781 -0.0008047378541)
(0.046 -0.001138071187 -0.000758714125)
(0.046 -0.001069035594 -0.0007126903958)
(0.046 -0.001 -0.0006666666667)
(0.046 -0.001414213562 -0.0004714045208)
(0.046 -0.001345177969 -0.0004483926562)
(0.046 -0.001276142375 -0.0004253807916)
(0.046 -0.001207106781 -0.0004023689271)
(0.046 -0.001138071187 -0.0003793570625)
(0.046 -0.001069035594 -0.0003563451979)
(0.046 -0.001 -0.0003333333333)
(0.046 -0.001414213562 0)
(0.046 -0.001345177969 0)
(0.046 -0.001276142375 -1.807003621e-20)
(0.046 -0.001207106781 0)
(0.046 -0.001138071187 -9.035018104e-21)
(0.046 -0.001069035594 9.035018104e-21)
(0.046 -0.001 0)
(0.046 -0.001414213562 0.0004714045208)
(0.046 -0.001345177969 0.0004483926562)
(0.046 -0.001276142375 0.0004253807916)
(0.046 -0.001207106781 0.0004023689271)
(0.046 -0.001138071187 0.0003793570625)
(0.046 -0.001069035594 0.0003563451979)
(0.046 -0.001 0.0003333333333)
(0.046 -0.001414213562 0.0009428090416)
(0.046 -0.001345177969 0.0008967853124)
(0.046 -0.001276142375 0.0008507615833)
(0.046 -0.001207106781 0.0008047378541)
(0.046 -0.001138071187 0.000758714125)
(0.046 -0.001069035594 0.0007126903958)
(0.046 -0.001 0.0006666666667)
(0.046 -0.001414213562 0.001414213562)
(0.046 -0.001345177969 0.001345177969)
(0.046 -0.001276142375 0.001276142375)
(0.046 -0.001207106781 0.001207106781)
(0.046 -0.001138071187 0.001138071187)
(0.046 -0.001069035594 0.001069035594)
(0.046 -0.001 0.001)
(0.0465 -0.001414213562 -0.0009428090416)
(0.0465 -0.001345177969 -0.0008967853124)
(0.0465 -0.001276142375 -0.0008507615833)
(0.0465 -0.001207106781 -0.0008047378541)
(0.0465 -0.001138071187 -0.000758714125)
(0.0465 -0.001069035594 -0.0007126903958)
(0.0465 -0.001 -0.0006666666667)
(0.0465 -0.001414213562 -0.0004714045208)
(0.0465 -0.001345177969 -0.0004483926562)
(0.0465 -0.001276142375 -0.0004253807916)
(0.0465 -0.001207106781 -0.0004023689271)
(0.0465 -0.001138071187 -0.0003793570625)
(0.0465 -0.001069035594 -0.0003563451979)
(0.0465 -0.001 -0.0003333333333)
(0.0465 -0.001414213562 0)
(0.0465 -0.001345177969 0)
(0.0465 -0.001276142375 -1.807003621e-20)
(0.0465 -0.001207106781 0)
(0.0465 -0.001138071187 -9.035018104e-21)
(0.0465 -0.001069035594 0)
(0.0465 -0.001 0)
(0.0465 -0.001414213562 0.0004714045208)
(0.0465 -0.001345177969 0.0004483926562)
(0.0465 -0.001276142375 0.0004253807916)
(0.0465 -0.001207106781 0.0004023689271)
(0.0465 -0.001138071187 0.0003793570625)
(0.0465 -0.001069035594 0.0003563451979)
(0.0465 -0.001 0.0003333333333)
(0.0465 -0.001414213562 0.0009428090416)
(0.0465 -0.001345177969 0.0008967853124)
(0.0465 -0.001276142375 0.0008507615833)
(0.0465 -0.001207106781 0.0008047378541)
(0.0465 -0.001138071187 0.000758714125)
(0.0465 -0.001069035594 0.0007126903958)
(0.0465 -0.001 0.0006666666667)
(0.0465 -0.001414213562 0.001414213562)
(0.0465 -0.001345177969 0.001345177969)
(0.0465 -0.001276142375 0.001276142375)
(0.0465 -0.001207106781 0.001207106781)
(0.0465 -0.001138071187 0.001138071187)
(0.0465 -0.001069035594 0.001069035594)
(0.0465 -0.001 0.001)
(0.047 -0.001414213562 -0.0009428090416)
(0.047 -0.001345177969 -0.0008967853124)
(0.047 -0.001276142375 -0.0008507615833)
(0.047 -0.001207106781 -0.0008047378541)
(0.047 -0.001138071187 -0.000758714125)
(0.047 -0.001069035594 -0.0007126903958)
(0.047 -0.001 -0.0006666666667)
(0.047 -0.001414213562 -0.0004714045208)
(0.047 -0.001345177969 -0.0004483926562)
(0.047 -0.001276142375 -0.0004253807916)
(0.047 -0.001207106781 -0.0004023689271)
(0.047 -0.001138071187 -0.0003793570625)
(0.047 -0.001069035594 -0.0003563451979)
(0.047 -0.001 -0.0003333333333)
(0.047 -0.001414213562 0)
(0.047 -0.001345177969 0)
(0.047 -0.001276142375 -1.807003621e-20)
(0.047 -0.001207106781 0)
(0.047 -0.001138071187 -9.035018104e-21)
(0.047 -0.001069035594 9.035018104e-21)
(0.047 -0.001 0)
(0.047 -0.001414213562 0.0004714045208)
(0.047 -0.001345177969 0.0004483926562)
(0.047 -0.001276142375 0.0004253807916)
(0.047 -0.001207106781 0.0004023689271)
(0.047 -0.001138071187 0.0003793570625)
(0.047 -0.001069035594 0.0003563451979)
(0.047 -0.001 0.0003333333333)
(0.047 -0.001414213562 0.0009428090416)
(0.047 -0.001345177969 0.0008967853124)
(0.047 -0.001276142375 0.0008507615833)
(0.047 -0.001207106781 0.0008047378541)
(0.047 -0.001138071187 0.000758714125)
(0.047 -0.001069035594 0.0007126903958)
(0.047 -0.001 0.0006666666667)
(0.047 -0.001414213562 0.001414213562)
(0.047 -0.001345177969 0.001345177969)
(0.047 -0.001276142375 0.001276142375)
(0.047 -0.001207106781 0.001207106781)
(0.047 -0.001138071187 0.001138071187)
(0.047 -0.001069035594 0.001069035594)
(0.047 -0.001 0.001)
(0.0475 -0.001414213562 -0.0009428090416)
(0.0475 -0.001345177969 -0.0008967853124)
(0.0475 -0.001276142375 -0.0008507615833)
(0.0475 -0.001207106781 -0.0008047378541)
(0.0475 -0.001138071187 -0.000758714125)
(0.0475 -0.001069035594 -0.0007126903958)
(0.0475 -0.001 -0.0006666666667)
(0.0475 -0.001414213562 -0.0004714045208)
(0.0475 -0.001345177969 -0.0004483926562)
(0.0475 -0.001276142375 -0.0004253807916)
(0.0475 -0.001207106781 -0.0004023689271)
(0.0475 -0.001138071187 -0.0003793570625)
(0.0475 -0.001069035594 -0.0003563451979)
(0.0475 -0.001 -0.0003333333333)
(0.0475 -0.001414213562 0)
(0.0475 -0.001345177969 0)
(0.0475 -0.001276142375 -1.807003621e-20)
(0.0475 -0.001207106781 0)
(0.0475 -0.001138071187 -9.035018104e-21)
(0.0475 -0.001069035594 9.035018104e-21)
(0.0475 -0.001 0)
(0.0475 -0.001414213562 0.0004714045208)
(0.0475 -0.001345177969 0.0004483926562)
(0.0475 -0.001276142375 0.0004253807916)
(0.0475 -0.001207106781 0.0004023689271)
(0.0475 -0.001138071187 0.0003793570625)
(0.0475 -0.001069035594 0.0003563451979)
(0.0475 -0.001 0.0003333333333)
(0.0475 -0.001414213562 0.0009428090416)
(0.0475 -0.001345177969 0.0008967853124)
(0.0475 -0.001276142375 0.0008507615833)
(0.0475 -0.001207106781 0.0008047378541)
(0.0475 -0.001138071187 0.000758714125)
(0.0475 -0.001069035594 0.0007126903958)
(0.0475 -0.001 0.0006666666667)
(0.0475 -0.001414213562 0.001414213562)
(0.0475 -0.001345177969 0.001345177969)
(0.0475 -0.001276142375 0.001276142375)
(0.0475 -0.001207106781 0.001207106781)
(0.0475 -0.001138071187 0.001138071187)
(0.0475 -0.001069035594 0.001069035594)
(0.0475 -0.001 0.001)
(0.048 -0.001414213562 -0.0009428090416)
(0.048 -0.001345177969 -0.0008967853124)
(0.048 -0.001276142375 -0.0008507615833)
(0.048 -0.001207106781 -0.0008047378541)
(0.048 -0.001138071187 -0.000758714125)
(0.048 -0.001069035594 -0.0007126903958)
(0.048 -0.001 -0.0006666666667)
(0.048 -0.001414213562 -0.0004714045208)
(0.048 -0.001345177969 -0.0004483926562)
(0.048 -0.001276142375 -0.0004253807916)
(0.048 -0.001207106781 -0.0004023689271)
(0.048 -0.001138071187 -0.0003793570625)
(0.048 -0.001069035594 -0.0003563451979)
(0.048 -0.001 -0.0003333333333)
(0.048 -0.001414213562 0)
(0.048 -0.001345177969 0)
(0.048 -0.001276142375 -1.807003621e-20)
(0.048 -0.001207106781 0)
(0.048 -0.001138071187 -9.035018104e-21)
(0.048 -0.001069035594 9.035018104e-21)
(0.048 -0.001 0)
(0.048 -0.001414213562 0.0004714045208)
(0.048 -0.001345177969 0.0004483926562)
(0.048 -0.001276142375 0.0004253807916)
(0.048 -0.001207106781 0.0004023689271)
(0.048 -0.001138071187 0.0003793570625)
(0.048 -0.001069035594 0.0003563451979)
(0.048 -0.001 0.0003333333333)
(0.048 -0.001414213562 0.0009428090416)
(0.048 -0.001345177969 0.0008967853124)
(0.048 -0.001276142375 0.0008507615833)
(0.048 -0.001207106781 0.0008047378541)
(0.048 -0.001138071187 0.000758714125)
(0.048 -0.001069035594 0.0007126903958)
(0.048 -0.001 0.0006666666667)
(0.048 -0.001414213562 0.001414213562)
(0.048 -0.001345177969 0.001345177969)
(0.048 -0.001276142375 0.001276142375)
(0.048 -0.001207106781 0.001207106781)
(0.048 -0.001138071187 0.001138071187)
(0.048 -0.001069035594 0.001069035594)
(0.048 -0.001 0.001)
(0.0485 -0.001414213562 -0.0009428090416)
(0.0485 -0.001345177969 -0.0008967853124)
(0.0485 -0.001276142375 -0.0008507615833)
(0.0485 -0.001207106781 -0.0008047378541)
(0.0485 -0.001138071187 -0.000758714125)
(0.0485 -0.001069035594 -0.0007126903958)
(0.0485 -0.001 -0.0006666666667)
(0.0485 -0.001414213562 -0.0004714045208)
(0.0485 -0.001345177969 -0.0004483926562)
(0.0485 -0.001276142375 -0.0004253807916)
(0.0485 -0.001207106781 -0.0004023689271)
(0.0485 -0.001138071187 -0.0003793570625)
(0.0485 -0.001069035594 -0.0003563451979)
(0.0485 -0.001 -0.0003333333333)
(0.0485 -0.001414213562 0)
(0.0485 -0.001345177969 0)
(0.0485 -0.001276142375 -1.807003621e-20)
(0.0485 -0.001207106781 0)
(0.0485 -0.001138071187 -9.035018104e-21)
(0.0485 -0.001069035594 9.035018104e-21)
(0.0485 -0.001 0)
(0.0485 -0.001414213562 0.0004714045208)
(0.0485 -0.001345177969 0.0004483926562)
(0.0485 -0.001276142375 0.0004253807916)
(0.0485 -0.001207106781 0.0004023689271)
(0.0485 -0.001138071187 0.0003793570625)
(0.0485 -0.001069035594 0.0003563451979)
(0.0485 -0.001 0.0003333333333)
(0.0485 -0.001414213562 0.0009428090416)
(0.0485 -0.001345177969 0.0008967853124)
(0.0485 -0.001276142375 0.0008507615833)
(0.0485 -0.001207106781 0.0008047378541)
(0.0485 -0.001138071187 0.000758714125)
(0.0485 -0.001069035594 0.0007126903958)
(0.0485 -0.001 0.0006666666667)
(0.0485 -0.001414213562 0.001414213562)
(0.0485 -0.001345177969 0.001345177969)
(0.0485 -0.001276142375 0.001276142375)
(0.0485 -0.001207106781 0.001207106781)
(0.0485 -0.001138071187 0.001138071187)
(0.0485 -0.001069035594 0.001069035594)
(0.0485 -0.001 0.001)
(0.049 -0.001414213562 -0.0009428090416)
(0.049 -0.001345177969 -0.0008967853124)
(0.049 -0.001276142375 -0.0008507615833)
(0.049 -0.001207106781 -0.0008047378541)
(0.049 -0.001138071187 -0.000758714125)
(0.049 -0.001069035594 -0.0007126903958)
(0.049 -0.001 -0.0006666666667)
(0.049 -0.001414213562 -0.0004714045208)
(0.049 -0.001345177969 -0.0004483926562)
(0.049 -0.001276142375 -0.0004253807916)
(0.049 -0.001207106781 -0.0004023689271)
(0.049 -0.001138071187 -0.0003793570625)
(0.049 -0.001069035594 -0.0003563451979)
(0.049 -0.001 -0.0003333333333)
(0.049 -0.001414213562 0)
(0.049 -0.001345177969 0)
(0.049 -0.001276142375 -1.807003621e-20)
(0.049 -0.001207106781 0)
(0.049 -0.001138071187 -9.035018104e-21)
(0.049 -0.001069035594 9.035018104e-21)
(0.049 -0.001 0)
(0.049 -0.001414213562 0.0004714045208)
(0.049 -0.001345177969 0.0004483926562)
(0.049 -0.001276142375 0.0004253807916)
(0.049 -0.001207106781 0.0004023689271)
(0.049 -0.001138071187 0.0003793570625)
(0.049 -0.001069035594 0.0003563451979)
(0.049 -0.001 0.0003333333333)
(0.049 -0.001414213562 0.0009428090416)
(0.049 -0.001345177969 0.0008967853124)
(0.049 -0.001276142375 0.0008507615833)
(0.049 -0.001207106781 0.0008047378541)
(0.049 -0.001138071187 0.000758714125)
(0.049 -0.001069035594 0.0007126903958)
(0.049 -0.001 0.0006666666667)
(0.049 -0.001414213562 0.001414213562)
(0.049 -0.001345177969 0.001345177969)
(0.049 -0.001276142375 0.001276142375)
(0.049 -0.001207106781 0.001207106781)
(0.049 -0.001138071187 0.001138071187)
(0.049 -0.001069035594 0.001069035594)
(0.049 -0.001 0.001)
(0.0495 -0.001414213562 -0.0009428090416)
(0.0495 -0.001345177969 -0.0008967853124)
(0.0495 -0.001276142375 -0.0008507615833)
(0.0495 -0.001207106781 -0.0008047378541)
(0.0495 -0.001138071187 -0.000758714125)
(0.0495 -0.001069035594 -0.0007126903958)
(0.0495 -0.001 -0.0006666666667)
(0.0495 -0.001414213562 -0.0004714045208)
(0.0495 -0.001345177969 -0.0004483926562)
(0.0495 -0.001276142375 -0.0004253807916)
(0.0495 -0.001207106781 -0.0004023689271)
(0.0495 -0.001138071187 -0.0003793570625)
(0.0495 -0.001069035594 -0.0003563451979)
(0.0495 -0.001 -0.0003333333333)
(0.0495 -0.001414213562 0)
(0.0495 -0.001345177969 0)
(0.0495 -0.001276142375 -1.807003621e-20)
(0.0495 -0.001207106781 0)
(0.0495 -0.001138071187 -9.035018104e-21)
(0.0495 -0.001069035594 9.035018104e-21)
(0.0495 -0.001 0)
(0.0495 -0.001414213562 0.0004714045208)
(0.0495 -0.001345177969 0.0004483926562)
(0.0495 -0.001276142375 0.0004253807916)
(0.0495 -0.001207106781 0.0004023689271)
(0.0495 -0.001138071187 0.0003793570625)
(0.0495 -0.001069035594 0.0003563451979)
(0.0495 -0.001 0.0003333333333)
(0.0495 -0.001414213562 0.0009428090416)
(0.0495 -0.001345177969 0.0008967853124)
(0.0495 -0.001276142375 0.0008507615833)
(0.0495 -0.001207106781 0.0008047378541)
(0.0495 -0.001138071187 0.000758714125)
(0.0495 -0.001069035594 0.0007126903958)
(0.0495 -0.001 0.0006666666667)
(0.0495 -0.001414213562 0.001414213562)
(0.0495 -0.001345177969 0.001345177969)
(0.0495 -0.001276142375 0.001276142375)
(0.0495 -0.001207106781 0.001207106781)
(0.0495 -0.001138071187 0.001138071187)
(0.0495 -0.001069035594 0.001069035594)
(0.0495 -0.001 0.001)
(0.05 -0.001414213562 -0.0009428090416)
(0.05 -0.001345177969 -0.0008967853124)
(0.05 -0.001276142375 -0.0008507615833)
(0.05 -0.001207106781 -0.0008047378541)
(0.05 -0.001138071187 -0.000758714125)
(0.05 -0.001069035594 -0.0007126903958)
(0.05 -0.001 -0.0006666666667)
(0.05 -0.001414213562 -0.0004714045208)
(0.05 -0.001345177969 -0.0004483926562)
(0.05 -0.001276142375 -0.0004253807916)
(0.05 -0.001207106781 -0.0004023689271)
(0.05 -0.001138071187 -0.0003793570625)
(0.05 -0.001069035594 -0.0003563451979)
(0.05 -0.001 -0.0003333333333)
(0.05 -0.001414213562 0)
(0.05 -0.001345177969 0)
(0.05 -0.001276142375 -1.807003621e-20)
(0.05 -0.001207106781 0)
(0.05 -0.001138071187 -9.035018104e-21)
(0.05 -0.001069035594 9.035018104e-21)
(0.05 -0.001 0)
(0.05 -0.001414213562 0.0004714045208)
(0.05 -0.001345177969 0.0004483926562)
(0.05 -0.001276142375 0.0004253807916)
(0.05 -0.001207106781 0.0004023689271)
(0.05 -0.001138071187 0.0003793570625)
(0.05 -0.001069035594 0.0003563451979)
(0.05 -0.001 0.0003333333333)
(0.05 -0.001414213562 0.0009428090416)
(0.05 -0.001345177969 0.0008967853124)
(0.05 -0.001276142375 0.0008507615833)
(0.05 -0.001207106781 0.0008047378541)
(0.05 -0.001138071187 0.000758714125)
(0.05 -0.001069035594 0.0007126903958)
(0.05 -0.001 0.0006666666667)
(0.05 -0.001414213562 0.001414213562)
(0.05 -0.001345177969 0.001345177969)
(0.05 -0.001276142375 0.001276142375)
(0.05 -0.001207106781 0.001207106781)
(0.05 -0.001138071187 0.001138071187)
(0.05 -0.001069035594 0.001069035594)
(0.05 -0.001 0.001)
(0 0.001 -0.0006666666667)
(0 0.001069035594 -0.0007126903958)
(0 0.001138071187 -0.000758714125)
(0 0.001207106781 -0.0008047378541)
(0 0.001276142375 -0.0008507615833)
(0 0.001345177969 -0.0008967853124)
(0 0.001414213562 -0.0009428090416)
(0 0.001 -0.0003333333333)
(0 0.001069035594 -0.0003563451979)
(0 0.001138071187 -0.0003793570625)
(0 0.001207106781 -0.0004023689271)
(0 0.001276142375 -0.0004253807916)
(0 0.001345177969 -0.0004483926562)
(0 0.001414213562 -0.0004714045208)
(0 0.001 0)
(0 0.001069035594 -1.807003621e-20)
(0 0.001138071187 0)
(0 0.001207106781 0)
(0 0.001276142375 -1.807003621e-20)
(0 0.001345177969 1.807003621e-20)
(0 0.001414213562 0)
(0 0.001 0.0003333333333)
(0 0.001069035594 0.0003563451979)
(0 0.001138071187 0.0003793570625)
(0 0.001207106781 0.0004023689271)
(0 0.001276142375 0.0004253807916)
(0 0.001345177969 0.0004483926562)
(0 0.001414213562 0.0004714045208)
(0 0.001 0.0006666666667)
(0 0.001069035594 0.0007126903958)
(0 0.001138071187 0.000758714125)
(0 0.001207106781 0.0008047378541)
(0 0.001276142375 0.0008507615833)
(0 0.001345177969 0.0008967853124)
(0 0.001414213562 0.0009428090416)
(0 0.001 0.001)
(0 0.001069035594 0.001069035594)
(0 0.001138071187 0.001138071187)
(0 0.001207106781 0.001207106781)
(0 0.001276142375 0.001276142375)
(0 0.001345177969 0.001345177969)
(0 0.001414213562 0.001414213562)
(0.0005 0.001 -0.0006666666667)
(0.0005 0.001069035594 -0.0007126903958)
(0.0005 0.001138071187 -0.000758714125)
(0.0005 0.001207106781 -0.0008047378541)
(0.0005 0.001276142375 -0.0008507615833)
(0.0005 0.001345177969 -0.0008967853124)
(0.0005 0.001414213562 -0.0009428090416)
(0.0005 0.001 -0.0003333333333)
(0.0005 0.001069035594 -0.0003563451979)
(0.0005 0.001138071187 -0.0003793570625)
(0.0005 0.001207106781 -0.0004023689271)
(0.0005 0.001276142375 -0.0004253807916)
(0.0005 0.001345177969 -0.0004483926562)
(0.0005 0.001414213562 -0.0004714045208)
(0.0005 0.001 0)
(0.0005 0.001069035594 -1.807003621e-20)
(0.0005 0.001138071187 0)
(0.0005 0.001207106781 0)
(0.0005 0.001276142375 -1.807003621e-20)
(0.0005 0.001345177969 1.807003621e-20)
(0.0005 0.001414213562 0)
(0.0005 0.001 0.0003333333333)
(0.0005 0.001069035594 0.0003563451979)
(0.0005 0.001138071187 0.0003793570625)
(0.0005 0.001207106781 0.0004023689271)
(0.0005 0.001276142375 0.0004253807916)
(0.0005 0.001345177969 0.0004483926562)
(0.0005 0.001414213562 0.0004714045208)
(0.0005 0.001 0.0006666666667)
(0.0005 0.001069035594 0.0007126903958)
(0.0005 0.001138071187 0.000758714125)
(0.0005 0.001207106781 0.0008047378541)
(0.0005 0.001276142375 0.0008507615833)
(0.0005 0.001345177969 0.0008967853124)
(0.0005 0.001414213562 0.0009428090416)
(0.0005 0.001 0.001)
(0.0005 0.001069035594 0.001069035594)
(0.0005 0.001138071187 0.001138071187)
(0.0005 0.001207106781 0.001207106781)
(0.0005 0.001276142375 0.001276142375)
(0.0005 0.001345177969 0.001345177969)
(0.0005 0.001414213562 0.001414213562)
(0.001 0.001 -0.0006666666667)
(0.001 0.001069035594 -0.0007126903958)
(0.001 0.001138071187 -0.000758714125)
(0.001 0.001207106781 -0.0008047378541)
(0.001 0.001276142375 -0.0008507615833)
(0.001 0.001345177969 -0.0008967853124)
(0.001 0.001414213562 -0.0009428090416)
(0.001 0.001 -0.0003333333333)
(0.001 0.001069035594 -0.0003563451979)
(0.001 0.001138071187 -0.0003793570625)
(0.001 0.001207106781 -0.0004023689271)
(0.001 0.001276142375 -0.0004253807916)
(0.001 0.001345177969 -0.0004483926562)
(0.001 0.001414213562 -0.0004714045208)
(0.001 0.001 0)
(0.001 0.001069035594 -1.807003621e-20)
(0.001 0.001138071187 0)
(0.001 0.001207106781 0)
(0.001 0.001276142375 -1.807003621e-20)
(0.001 0.001345177969 1.807003621e-20)
(0.001 0.001414213562 0)
(0.001 0.001 0.0003333333333)
(0.001 0.001069035594 0.0003563451979)
(0.001 0.001138071187 0.0003793570625)
(0.001 0.001207106781 0.0004023689271)
(0.001 0.001276142375 0.0004253807916)
(0.001 0.001345177969 0.0004483926562)
(0.001 0.001414213562 0.0004714045208)
(0.001 0.001 0.0006666666667)
(0.001 0.001069035594 0.0007126903958)
(0.001 0.001138071187 0.000758714125)
(0.001 0.001207106781 0.0008047378541)
(0.001 0.001276142375 0.0008507615833)
(0.001 0.001345177969 0.0008967853124)
(0.001 0.001414213562 0.0009428090416)
(0.001 0.001 0.001)
(0.001 0.001069035594 0.001069035594)
(0.001 0.001138071187 0.001138071187)
(0.001 0.001207106781 0.001207106781)
(0.001 0.001276142375 0.001276142375)
(0.001 0.001345177969 0.001345177969)
(0.001 0.001414213562 0.001414213562)
(0.0015 0.001 -0.0006666666667)
(0.0015 0.001069035594 -0.0007126903958)
(0.0015 0.001138071187 -0.000758714125)
(0.0015 0.001207106781 -0.0008047378541)
(0.0015 0.001276142375 -0.0008507615833)
(0.0015 0.001345177969 -0.0008967853124)
(0.0015 0.001414213562 -0.0009428090416)
(0.0015 0.001 -0.0003333333333)
(0.0015 0.001069035594 -0.0003563451979)
(0.0015 0.001138071187 -0.0003793570625)
(0.0015 0.001207106781 -0.0004023689271)
(0.0015 0.001276142375 -0.0004253807916)
(0.0015 0.001345177969 -0.0004483926562)
(0.0015 0.001414213562 -0.0004714045208)
(0.0015 0.001 0)
(0.0015 0.001069035594 -1.807003621e-20)
(0.0015 0.001138071187 0)
(0.0015 0.001207106781 0)
(0.0015 0.001276142375 -1.807003621e-20)
(0.0015 0.001345177969 1.807003621e-20)
(0.0015 0.001414213562 0)
(0.0015 0.001 0.0003333333333)
(0.0015 0.001069035594 0.0003563451979)
(0.0015 0.001138071187 0.0003793570625)
(0.0015 0.001207106781 0.0004023689271)
(0.0015 0.001276142375 0.0004253807916)
(0.0015 0.001345177969 0.0004483926562)
(0.0015 0.001414213562 0.0004714045208)
(0.0015 0.001 0.0006666666667)
(0.0015 0.001069035594 0.0007126903958)
(0.0015 0.001138071187 0.000758714125)
(0.0015 0.001207106781 0.0008047378541)
(0.0015 0.001276142375 0.0008507615833)
(0.0015 0.001345177969 0.0008967853124)
(0.0015 0.001414213562 0.0009428090416)
(0.0015 0.001 0.001)
(0.0015 0.001069035594 0.001069035594)
(0.0015 0.001138071187 0.001138071187)
(0.0015 0.001207106781 0.001207106781)
(0.0015 0.001276142375 0.001276142375)
(0.0015 0.001345177969 0.001345177969)
(0.0015 0.001414213562 0.001414213562)
(0.002 0.001 -0.0006666666667)
(0.002 0.001069035594 -0.0007126903958)
(0.002 0.001138071187 -0.000758714125)
(0.002 0.001207106781 -0.0008047378541)
(0.002 0.001276142375 -0.0008507615833)
(0.002 0.001345177969 -0.0008967853124)
(0.002 0.001414213562 -0.0009428090416)
(0.002 0.001 -0.0003333333333)
(0.002 0.001069035594 -0.0003563451979)
(0.002 0.001138071187 -0.0003793570625)
(0.002 0.001207106781 -0.0004023689271)
(0.002 0.001276142375 -0.0004253807916)
(0.002 0.001345177969 -0.0004483926562)
(0.002 0.001414213562 -0.0004714045208)
(0.002 0.001 0)
(0.002 0.001069035594 1.807003621e-20)
(0.002 0.001138071187 1.807003621e-20)
(0.002 0.001207106781 0)
(0.002 0.001276142375 1.807003621e-20)
(0.002 0.001345177969 1.355252716e-20)
(0.002 0.001414213562 0)
(0.002 0.001 0.0003333333333)
(0.002 0.001069035594 0.0003563451979)
(0.002 0.001138071187 0.0003793570625)
(0.002 0.001207106781 0.0004023689271)
(0.002 0.001276142375 0.0004253807916)
(0.002 0.001345177969 0.0004483926562)
(0.002 0.001414213562 0.0004714045208)
(0.002 0.001 0.0006666666667)
(0.002 0.001069035594 0.0007126903958)
(0.002 0.001138071187 0.000758714125)
(0.002 0.001207106781 0.0008047378541)
(0.002 0.001276142375 0.0008507615833)
(0.002 0.001345177969 0.0008967853124)
(0.002 0.001414213562 0.0009428090416)
(0.002 0.001 0.001)
(0.002 0.001069035594 0.001069035594)
(0.002 0.001138071187 0.001138071187)
(0.002 0.001207106781 0.001207106781)
(0.002 0.001276142375 0.001276142375)
(0.002 0.001345177969 0.001345177969)
(0.002 0.001414213562 0.001414213562)
(0.0025 0.001 -0.0006666666667)
(0.0025 0.001069035594 -0.0007126903958)
(0.0025 0.001138071187 -0.000758714125)
(0.0025 0.001207106781 -0.0008047378541)
(0.0025 0.001276142375 -0.0008507615833)
(0.0025 0.001345177969 -0.0008967853124)
(0.0025 0.001414213562 -0.0009428090416)
(0.0025 0.001 -0.0003333333333)
(0.0025 0.001069035594 -0.0003563451979)
(0.0025 0.001138071187 -0.0003793570625)
(0.0025 0.001207106781 -0.0004023689271)
(0.0025 0.001276142375 -0.0004253807916)
(0.0025 0.001345177969 -0.0004483926562)
(0.0025 0.001414213562 -0.0004714045208)
(0.0025 0.001 0)
(0.0025 0.001069035594 -1.807003621e-20)
(0.0025 0.001138071187 0)
(0.0025 0.001207106781 0)
(0.0025 0.001276142375 -1.807003621e-20)
(0.0025 0.001345177969 -1.355252716e-20)
(0.0025 0.001414213562 0)
(0.0025 0.001 0.0003333333333)
(0.0025 0.001069035594 0.0003563451979)
(0.0025 0.001138071187 0.0003793570625)
(0.0025 0.001207106781 0.0004023689271)
(0.0025 0.001276142375 0.0004253807916)
(0.0025 0.001345177969 0.0004483926562)
(0.0025 0.001414213562 0.0004714045208)
(0.0025 0.001 0.0006666666667)
(0.0025 0.001069035594 0.0007126903958)
(0.0025 0.001138071187 0.000758714125)
(0.0025 0.001207106781 0.0008047378541)
(0.0025 0.001276142375 0.0008507615833)
(0.0025 0.001345177969 0.0008967853124)
(0.0025 0.001414213562 0.0009428090416)
(0.0025 0.001 0.001)
(0.0025 0.001069035594 0.001069035594)
(0.0025 0.001138071187 0.001138071187)
(0.0025 0.001207106781 0.001207106781)
(0.0025 0.001276142375 0.001276142375)
(0.0025 0.001345177969 0.001345177969)
(0.0025 0.001414213562 0.001414213562)
(0.003 0.001 -0.0006666666667)
(0.003 0.001069035594 -0.0007126903958)
(0.003 0.001138071187 -0.000758714125)
(0.003 0.001207106781 -0.0008047378541)
(0.003 0.001276142375 -0.0008507615833)
(0.003 0.001345177969 -0.0008967853124)
(0.003 0.001414213562 -0.0009428090416)
(0.003 0.001 -0.0003333333333)
(0.003 0.001069035594 -0.0003563451979)
(0.003 0.001138071187 -0.0003793570625)
(0.003 0.001207106781 -0.0004023689271)
(0.003 0.001276142375 -0.0004253807916)
(0.003 0.001345177969 -0.0004483926562)
(0.003 0.001414213562 -0.0004714045208)
(0.003 0.001 0)
(0.003 0.001069035594 -1.807003621e-20)
(0.003 0.001138071187 0)
(0.003 0.001207106781 0)
(0.003 0.001276142375 -1.807003621e-20)
(0.003 0.001345177969 1.807003621e-20)
(0.003 0.001414213562 0)
(0.003 0.001 0.0003333333333)
(0.003 0.001069035594 0.0003563451979)
(0.003 0.001138071187 0.0003793570625)
(0.003 0.001207106781 0.0004023689271)
(0.003 0.001276142375 0.0004253807916)
(0.003 0.001345177969 0.0004483926562)
(0.003 0.001414213562 0.0004714045208)
(0.003 0.001 0.0006666666667)
(0.003 0.001069035594 0.0007126903958)
(0.003 0.001138071187 0.000758714125)
(0.003 0.001207106781 0.0008047378541)
(0.003 0.001276142375 0.0008507615833)
(0.003 0.001345177969 0.0008967853124)
(0.003 0.001414213562 0.0009428090416)
(0.003 0.001 0.001)
(0.003 0.001069035594 0.001069035594)
(0.003 0.001138071187 0.001138071187)
(0.003 0.001207106781 0.001207106781)
(0.003 0.001276142375 0.001276142375)
(0.003 0.001345177969 0.001345177969)
(0.003 0.001414213562 0.001414213562)
(0.0035 0.001 -0.0006666666667)
(0.0035 0.001069035594 -0.0007126903958)
(0.0035 0.001138071187 -0.000758714125)
(0.0035 0.001207106781 -0.0008047378541)
(0.0035 0.001276142375 -0.0008507615833)
(0.0035 0.001345177969 -0.0008967853124)
(0.0035 0.001414213562 -0.0009428090416)
(0.0035 0.001 -0.0003333333333)
(0.0035 0.001069035594 -0.0003563451979)
(0.0035 0.001138071187 -0.0003793570625)
(0.0035 0.001207106781 -0.0004023689271)
(0.0035 0.001276142375 -0.0004253807916)
(0.0035 0.001345177969 -0.0004483926562)
(0.0035 0.001414213562 -0.0004714045208)
(0.0035 0.001 0)
(0.0035 0.001069035594 1.807003621e-20)
(0.0035 0.001138071187 0)
(0.0035 0.001207106781 0)
(0.0035 0.001276142375 -1.807003621e-20)
(0.0035 0.001345177969 1.355252716e-20)
(0.0035 0.001414213562 0)
(0.0035 0.001 0.0003333333333)
(0.0035 0.001069035594 0.0003563451979)
(0.0035 0.001138071187 0.0003793570625)
(0.0035 0.001207106781 0.0004023689271)
(0.0035 0.001276142375 0.0004253807916)
(0.0035 0.001345177969 0.0004483926562)
(0.0035 0.001414213562 0.0004714045208)
(0.0035 0.001 0.0006666666667)
(0.0035 0.001069035594 0.0007126903958)
(0.0035 0.001138071187 0.000758714125)
(0.0035 0.001207106781 0.0008047378541)
(0.0035 0.001276142375 0.0008507615833)
(0.0035 0.001345177969 0.0008967853124)
(0.0035 0.001414213562 0.0009428090416)
(0.0035 0.001 0.001)
(0.0035 0.001069035594 0.001069035594)
(0.0035 0.001138071187 0.001138071187)
(0.0035 0.001207106781 0.001207106781)
(0.0035 0.001276142375 0.001276142375)
(0.0035 0.001345177969 0.001345177969)
(0.0035 0.001414213562 0.001414213562)
(0.004 0.001 -0.0006666666667)
(0.004 0.001069035594 -0.0007126903958)
(0.004 0.001138071187 -0.000758714125)
(0.004 0.001207106781 -0.0008047378541)
(0.004 0.001276142375 -0.0008507615833)
(0.004 0.001345177969 -0.0008967853124)
(0.004 0.001414213562 -0.0009428090416)
(0.004 0.001 -0.0003333333333)
(0.004 0.001069035594 -0.0003563451979)
(0.004 0.001138071187 -0.0003793570625)
(0.004 0.001207106781 -0.0004023689271)
(0.004 0.001276142375 -0.0004253807916)
(0.004 0.001345177969 -0.0004483926562)
(0.004 0.001414213562 -0.0004714045208)
(0.004 0.001 0)
(0.004 0.001069035594 -1.807003621e-20)
(0.004 0.001138071187 0)
(0.004 0.001207106781 0)
(0.004 0.001276142375 -1.807003621e-20)
(0.004 0.001345177969 1.807003621e-20)
(0.004 0.001414213562 0)
(0.004 0.001 0.0003333333333)
(0.004 0.001069035594 0.0003563451979)
(0.004 0.001138071187 0.0003793570625)
(0.004 0.001207106781 0.0004023689271)
(0.004 0.001276142375 0.0004253807916)
(0.004 0.001345177969 0.0004483926562)
(0.004 0.001414213562 0.0004714045208)
(0.004 0.001 0.0006666666667)
(0.004 0.001069035594 0.0007126903958)
(0.004 0.001138071187 0.000758714125)
(0.004 0.001207106781 0.0008047378541)
(0.004 0.001276142375 0.0008507615833)
(0.004 0.001345177969 0.0008967853124)
(0.004 0.001414213562 0.0009428090416)
(0.004 0.001 0.001)
(0.004 0.001069035594 0.001069035594)
(0.004 0.001138071187 0.001138071187)
(0.004 0.001207106781 0.001207106781)
(0.004 0.001276142375 0.001276142375)
(0.004 0.001345177969 0.001345177969)
(0.004 0.001414213562 0.001414213562)
(0.0045 0.001 -0.0006666666667)
(0.0045 0.001069035594 -0.0007126903958)
(0.0045 0.001138071187 -0.000758714125)
(0.0045 0.001207106781 -0.0008047378541)
(0.0045 0.001276142375 -0.0008507615833)
(0.0045 0.001345177969 -0.0008967853124)
(0.0045 0.001414213562 -0.0009428090416)
(0.0045 0.001 -0.0003333333333)
(0.0045 0.001069035594 -0.0003563451979)
(0.0045 0.001138071187 -0.0003793570625)
(0.0045 0.001207106781 -0.0004023689271)
(0.0045 0.001276142375 -0.0004253807916)
(0.0045 0.001345177969 -0.0004483926562)
(0.0045 0.001414213562 -0.0004714045208)
(0.0045 0.001 0)
(0.0045 0.001069035594 -1.807003621e-20)
(0.0045 0.001138071187 0)
(0.0045 0.001207106781 0)
(0.0045 0.001276142375 -1.807003621e-20)
(0.0045 0.001345177969 1.807003621e-20)
(0.0045 0.001414213562 0)
(0.0045 0.001 0.0003333333333)
(0.0045 0.001069035594 0.0003563451979)
(0.0045 0.001138071187 0.0003793570625)
(0.0045 0.001207106781 0.0004023689271)
(0.0045 0.001276142375 0.0004253807916)
(0.0045 0.001345177969 0.0004483926562)
(0.0045 0.001414213562 0.0004714045208)
(0.0045 0.001 0.0006666666667)
(0.0045 0.001069035594 0.0007126903958)
(0.0045 0.001138071187 0.000758714125)
(0.0045 0.001207106781 0.0008047378541)
(0.0045 0.001276142375 0.0008507615833)
(0.0045 0.001345177969 0.0008967853124)
(0.0045 0.001414213562 0.0009428090416)
(0.0045 0.001 0.001)
(0.0045 0.001069035594 0.001069035594)
(0.0045 0.001138071187 0.001138071187)
(0.0045 0.001207106781 0.001207106781)
(0.0045 0.001276142375 0.001276142375)
(0.0045 0.001345177969 0.001345177969)
(0.0045 0.001414213562 0.001414213562)
(0.005 0.001 -0.0006666666667)
(0.005 0.001069035594 -0.0007126903958)
(0.005 0.001138071187 -0.000758714125)
(0.005 0.001207106781 -0.0008047378541)
(0.005 0.001276142375 -0.0008507615833)
(0.005 0.001345177969 -0.0008967853124)
(0.005 0.001414213562 -0.0009428090416)
(0.005 0.001 -0.0003333333333)
(0.005 0.001069035594 -0.0003563451979)
(0.005 0.001138071187 -0.0003793570625)
(0.005 0.001207106781 -0.0004023689271)
(0.005 0.001276142375 -0.0004253807916)
(0.005 0.001345177969 -0.0004483926562)
(0.005 0.001414213562 -0.0004714045208)
(0.005 0.001 0)
(0.005 0.001069035594 -1.807003621e-20)
(0.005 0.001138071187 0)
(0.005 0.001207106781 0)
(0.005 0.001276142375 -1.807003621e-20)
(0.005 0.001345177969 1.807003621e-20)
(0.005 0.001414213562 0)
(0.005 0.001 0.0003333333333)
(0.005 0.001069035594 0.0003563451979)
(0.005 0.001138071187 0.0003793570625)
(0.005 0.001207106781 0.0004023689271)
(0.005 0.001276142375 0.0004253807916)
(0.005 0.001345177969 0.0004483926562)
(0.005 0.001414213562 0.0004714045208)
(0.005 0.001 0.0006666666667)
(0.005 0.001069035594 0.0007126903958)
(0.005 0.001138071187 0.000758714125)
(0.005 0.001207106781 0.0008047378541)
(0.005 0.001276142375 0.0008507615833)
(0.005 0.001345177969 0.0008967853124)
(0.005 0.001414213562 0.0009428090416)
(0.005 0.001 0.001)
(0.005 0.001069035594 0.001069035594)
(0.005 0.001138071187 0.001138071187)
(0.005 0.001207106781 0.001207106781)
(0.005 0.001276142375 0.001276142375)
(0.005 0.001345177969 0.001345177969)
(0.005 0.001414213562 0.001414213562)
(0.0055 0.001 -0.0006666666667)
(0.0055 0.001069035594 -0.0007126903958)
(0.0055 0.001138071187 -0.000758714125)
(0.0055 0.001207106781 -0.0008047378541)
(0.0055 0.001276142375 -0.0008507615833)
(0.0055 0.001345177969 -0.0008967853124)
(0.0055 0.001414213562 -0.0009428090416)
(0.0055 0.001 -0.0003333333333)
(0.0055 0.001069035594 -0.0003563451979)
(0.0055 0.001138071187 -0.0003793570625)
(0.0055 0.001207106781 -0.0004023689271)
(0.0055 0.001276142375 -0.0004253807916)
(0.0055 0.001345177969 -0.0004483926562)
(0.0055 0.001414213562 -0.0004714045208)
(0.0055 0.001 0)
(0.0055 0.001069035594 -1.807003621e-20)
(0.0055 0.001138071187 0)
(0.0055 0.001207106781 0)
(0.0055 0.001276142375 -1.807003621e-20)
(0.0055 0.001345177969 1.807003621e-20)
(0.0055 0.001414213562 0)
(0.0055 0.001 0.0003333333333)
(0.0055 0.001069035594 0.0003563451979)
(0.0055 0.001138071187 0.0003793570625)
(0.0055 0.001207106781 0.0004023689271)
(0.0055 0.001276142375 0.0004253807916)
(0.0055 0.001345177969 0.0004483926562)
(0.0055 0.001414213562 0.0004714045208)
(0.0055 0.001 0.0006666666667)
(0.0055 0.001069035594 0.0007126903958)
(0.0055 0.001138071187 0.000758714125)
(0.0055 0.001207106781 0.0008047378541)
(0.0055 0.001276142375 0.0008507615833)
(0.0055 0.001345177969 0.0008967853124)
(0.0055 0.001414213562 0.0009428090416)
(0.0055 0.001 0.001)
(0.0055 0.001069035594 0.001069035594)
(0.0055 0.001138071187 0.001138071187)
(0.0055 0.001207106781 0.001207106781)
(0.0055 0.001276142375 0.001276142375)
(0.0055 0.001345177969 0.001345177969)
(0.0055 0.001414213562 0.001414213562)
(0.006 0.001 -0.0006666666667)
(0.006 0.001069035594 -0.0007126903958)
(0.006 0.001138071187 -0.000758714125)
(0.006 0.001207106781 -0.0008047378541)
(0.006 0.001276142375 -0.0008507615833)
(0.006 0.001345177969 -0.0008967853124)
(0.006 0.001414213562 -0.0009428090416)
(0.006 0.001 -0.0003333333333)
(0.006 0.001069035594 -0.0003563451979)
(0.006 0.001138071187 -0.0003793570625)
(0.006 0.001207106781 -0.0004023689271)
(0.006 0.001276142375 -0.0004253807916)
(0.006 0.001345177969 -0.0004483926562)
(0.006 0.001414213562 -0.0004714045208)
(0.006 0.001 0)
(0.006 0.001069035594 -1.807003621e-20)
(0.006 0.001138071187 0)
(0.006 0.001207106781 0)
(0.006 0.001276142375 -1.807003621e-20)
(0.006 0.001345177969 1.807003621e-20)
(0.006 0.001414213562 0)
(0.006 0.001 0.0003333333333)
(0.006 0.001069035594 0.0003563451979)
(0.006 0.001138071187 0.0003793570625)
(0.006 0.001207106781 0.0004023689271)
(0.006 0.001276142375 0.0004253807916)
(0.006 0.001345177969 0.0004483926562)
(0.006 0.001414213562 0.0004714045208)
(0.006 0.001 0.0006666666667)
(0.006 0.001069035594 0.0007126903958)
(0.006 0.001138071187 0.000758714125)
(0.006 0.001207106781 0.0008047378541)
(0.006 0.001276142375 0.0008507615833)
(0.006 0.001345177969 0.0008967853124)
(0.006 0.001414213562 0.0009428090416)
(0.006 0.001 0.001)
(0.006 0.001069035594 0.001069035594)
(0.006 0.001138071187 0.001138071187)
(0.006 0.001207106781 0.001207106781)
(0.006 0.001276142375 0.001276142375)
(0.006 0.001345177969 0.001345177969)
(0.006 0.001414213562 0.001414213562)
(0.0065 0.001 -0.0006666666667)
(0.0065 0.001069035594 -0.0007126903958)
(0.0065 0.001138071187 -0.000758714125)
(0.0065 0.001207106781 -0.0008047378541)
(0.0065 0.001276142375 -0.0008507615833)
(0.0065 0.001345177969 -0.0008967853124)
(0.0065 0.001414213562 -0.0009428090416)
(0.0065 0.001 -0.0003333333333)
(0.0065 0.001069035594 -0.0003563451979)
(0.0065 0.001138071187 -0.0003793570625)
(0.0065 0.001207106781 -0.0004023689271)
(0.0065 0.001276142375 -0.0004253807916)
(0.0065 0.001345177969 -0.0004483926562)
(0.0065 0.001414213562 -0.0004714045208)
(0.0065 0.001 0)
(0.0065 0.001069035594 -1.807003621e-20)
(0.0065 0.001138071187 0)
(0.0065 0.001207106781 0)
(0.0065 0.001276142375 -1.807003621e-20)
(0.0065 0.001345177969 -1.355252716e-20)
(0.0065 0.001414213562 0)
(0.0065 0.001 0.0003333333333)
(0.0065 0.001069035594 0.0003563451979)
(0.0065 0.001138071187 0.0003793570625)
(0.0065 0.001207106781 0.0004023689271)
(0.0065 0.001276142375 0.0004253807916)
(0.0065 0.001345177969 0.0004483926562)
(0.0065 0.001414213562 0.0004714045208)
(0.0065 0.001 0.0006666666667)
(0.0065 0.001069035594 0.0007126903958)
(0.0065 0.001138071187 0.000758714125)
(0.0065 0.001207106781 0.0008047378541)
(0.0065 0.001276142375 0.0008507615833)
(0.0065 0.001345177969 0.0008967853124)
(0.0065 0.001414213562 0.0009428090416)
(0.0065 0.001 0.001)
(0.0065 0.001069035594 0.001069035594)
(0.0065 0.001138071187 0.001138071187)
(0.0065 0.001207106781 0.001207106781)
(0.0065 0.001276142375 0.001276142375)
(0.0065 0.001345177969 0.001345177969)
(0.0065 0.001414213562 0.001414213562)
(0.007 0.001 -0.0006666666667)
(0.007 0.001069035594 -0.0007126903958)
(0.007 0.001138071187 -0.000758714125)
(0.007 0.001207106781 -0.0008047378541)
(0.007 0.001276142375 -0.0008507615833)
(0.007 0.001345177969 -0.0008967853124)
(0.007 0.001414213562 -0.0009428090416)
(0.007 0.001 -0.0003333333333)
(0.007 0.001069035594 -0.0003563451979)
(0.007 0.001138071187 -0.0003793570625)
(0.007 0.001207106781 -0.0004023689271)
(0.007 0.001276142375 -0.0004253807916)
(0.007 0.001345177969 -0.0004483926562)
(0.007 0.001414213562 -0.0004714045208)
(0.007 0.001 0)
(0.007 0.001069035594 -1.807003621e-20)
(0.007 0.001138071187 0)
(0.007 0.001207106781 0)
(0.007 0.001276142375 -1.807003621e-20)
(0.007 0.001345177969 1.807003621e-20)
(0.007 0.001414213562 0)
(0.007 0.001 0.0003333333333)
(0.007 0.001069035594 0.0003563451979)
(0.007 0.001138071187 0.0003793570625)
(0.007 0.001207106781 0.0004023689271)
(0.007 0.001276142375 0.0004253807916)
(0.007 0.001345177969 0.0004483926562)
(0.007 0.001414213562 0.0004714045208)
(0.007 0.001 0.0006666666667)
(0.007 0.001069035594 0.0007126903958)
(0.007 0.001138071187 0.000758714125)
(0.007 0.001207106781 0.0008047378541)
(0.007 0.001276142375 0.0008507615833)
(0.007 0.001345177969 0.0008967853124)
(0.007 0.001414213562 0.0009428090416)
(0.007 0.001 0.001)
(0.007 0.001069035594 0.001069035594)
(0.007 0.001138071187 0.001138071187)
(0.007 0.001207106781 0.001207106781)
(0.007 0.001276142375 0.001276142375)
(0.007 0.001345177969 0.001345177969)
(0.007 0.001414213562 0.001414213562)
(0.0075 0.001 -0.0006666666667)
(0.0075 0.001069035594 -0.0007126903958)
(0.0075 0.001138071187 -0.000758714125)
(0.0075 0.001207106781 -0.0008047378541)
(0.0075 0.001276142375 -0.0008507615833)
(0.0075 0.001345177969 -0.0008967853124)
(0.0075 0.001414213562 -0.0009428090416)
(0.0075 0.001 -0.0003333333333)
(0.0075 0.001069035594 -0.0003563451979)
(0.0075 0.001138071187 -0.0003793570625)
(0.0075 0.001207106781 -0.0004023689271)
(0.0075 0.001276142375 -0.0004253807916)
(0.0075 0.001345177969 -0.0004483926562)
(0.0075 0.001414213562 -0.0004714045208)
(0.0075 0.001 0)
(0.0075 0.001069035594 -1.807003621e-20)
(0.0075 0.001138071187 0)
(0.0075 0.001207106781 0)
(0.0075 0.001276142375 -1.807003621e-20)
(0.0075 0.001345177969 1.807003621e-20)
(0.0075 0.001414213562 0)
(0.0075 0.001 0.0003333333333)
(0.0075 0.001069035594 0.0003563451979)
(0.0075 0.001138071187 0.0003793570625)
(0.0075 0.001207106781 0.0004023689271)
(0.0075 0.001276142375 0.0004253807916)
(0.0075 0.001345177969 0.0004483926562)
(0.0075 0.001414213562 0.0004714045208)
(0.0075 0.001 0.0006666666667)
(0.0075 0.001069035594 0.0007126903958)
(0.0075 0.001138071187 0.000758714125)
(0.0075 0.001207106781 0.0008047378541)
(0.0075 0.001276142375 0.0008507615833)
(0.0075 0.001345177969 0.0008967853124)
(0.0075 0.001414213562 0.0009428090416)
(0.0075 0.001 0.001)
(0.0075 0.001069035594 0.001069035594)
(0.0075 0.001138071187 0.001138071187)
(0.0075 0.001207106781 0.001207106781)
(0.0075 0.001276142375 0.001276142375)
(0.0075 0.001345177969 0.001345177969)
(0.0075 0.001414213562 0.001414213562)
(0.008 0.001 -0.0006666666667)
(0.008 0.001069035594 -0.0007126903958)
(0.008 0.001138071187 -0.000758714125)
(0.008 0.001207106781 -0.0008047378541)
(0.008 0.001276142375 -0.0008507615833)
(0.008 0.001345177969 -0.0008967853124)
(0.008 0.001414213562 -0.0009428090416)
(0.008 0.001 -0.0003333333333)
(0.008 0.001069035594 -0.0003563451979)
(0.008 0.001138071187 -0.0003793570625)
(0.008 0.001207106781 -0.0004023689271)
(0.008 0.001276142375 -0.0004253807916)
(0.008 0.001345177969 -0.0004483926562)
(0.008 0.001414213562 -0.0004714045208)
(0.008 0.001 0)
(0.008 0.001069035594 -1.807003621e-20)
(0.008 0.001138071187 0)
(0.008 0.001207106781 0)
(0.008 0.001276142375 -1.807003621e-20)
(0.008 0.001345177969 -1.355252716e-20)
(0.008 0.001414213562 0)
(0.008 0.001 0.0003333333333)
(0.008 0.001069035594 0.0003563451979)
(0.008 0.001138071187 0.0003793570625)
(0.008 0.001207106781 0.0004023689271)
(0.008 0.001276142375 0.0004253807916)
(0.008 0.001345177969 0.0004483926562)
(0.008 0.001414213562 0.0004714045208)
(0.008 0.001 0.0006666666667)
(0.008 0.001069035594 0.0007126903958)
(0.008 0.001138071187 0.000758714125)
(0.008 0.001207106781 0.0008047378541)
(0.008 0.001276142375 0.0008507615833)
(0.008 0.001345177969 0.0008967853124)
(0.008 0.001414213562 0.0009428090416)
(0.008 0.001 0.001)
(0.008 0.001069035594 0.001069035594)
(0.008 0.001138071187 0.001138071187)
(0.008 0.001207106781 0.001207106781)
(0.008 0.001276142375 0.001276142375)
(0.008 0.001345177969 0.001345177969)
(0.008 0.001414213562 0.001414213562)
(0.0085 0.001 -0.0006666666667)
(0.0085 0.001069035594 -0.0007126903958)
(0.0085 0.001138071187 -0.000758714125)
(0.0085 0.001207106781 -0.0008047378541)
(0.0085 0.001276142375 -0.0008507615833)
(0.0085 0.001345177969 -0.0008967853124)
(0.0085 0.001414213562 -0.0009428090416)
(0.0085 0.001 -0.0003333333333)
(0.0085 0.001069035594 -0.0003563451979)
(0.0085 0.001138071187 -0.0003793570625)
(0.0085 0.001207106781 -0.0004023689271)
(0.0085 0.001276142375 -0.0004253807916)
(0.0085 0.001345177969 -0.0004483926562)
(0.0085 0.001414213562 -0.0004714045208)
(0.0085 0.001 0)
(0.0085 0.001069035594 1.807003621e-20)
(0.0085 0.001138071187 1.807003621e-20)
(0.0085 0.001207106781 0)
(0.0085 0.001276142375 1.807003621e-20)
(0.0085 0.001345177969 1.807003621e-20)
(0.0085 0.001414213562 0)
(0.0085 0.001 0.0003333333333)
(0.0085 0.001069035594 0.0003563451979)
(0.0085 0.001138071187 0.0003793570625)
(0.0085 0.001207106781 0.0004023689271)
(0.0085 0.001276142375 0.0004253807916)
(0.0085 0.001345177969 0.0004483926562)
(0.0085 0.001414213562 0.0004714045208)
(0.0085 0.001 0.0006666666667)
(0.0085 0.001069035594 0.0007126903958)
(0.0085 0.001138071187 0.000758714125)
(0.0085 0.001207106781 0.0008047378541)
(0.0085 0.001276142375 0.0008507615833)
(0.0085 0.001345177969 0.0008967853124)
(0.0085 0.001414213562 0.0009428090416)
(0.0085 0.001 0.001)
(0.0085 0.001069035594 0.001069035594)
(0.0085 0.001138071187 0.001138071187)
(0.0085 0.001207106781 0.001207106781)
(0.0085 0.001276142375 0.001276142375)
(0.0085 0.001345177969 0.001345177969)
(0.0085 0.001414213562 0.001414213562)
(0.009 0.001 -0.0006666666667)
(0.009 0.001069035594 -0.0007126903958)
(0.009 0.001138071187 -0.000758714125)
(0.009 0.001207106781 -0.0008047378541)
(0.009 0.001276142375 -0.0008507615833)
(0.009 0.001345177969 -0.0008967853124)
(0.009 0.001414213562 -0.0009428090416)
(0.009 0.001 -0.0003333333333)
(0.009 0.001069035594 -0.0003563451979)
(0.009 0.001138071187 -0.0003793570625)
(0.009 0.001207106781 -0.0004023689271)
(0.009 0.001276142375 -0.0004253807916)
(0.009 0.001345177969 -0.0004483926562)
(0.009 0.001414213562 -0.0004714045208)
(0.009 0.001 0)
(0.009 0.001069035594 0)
(0.009 0.001138071187 0)
(0.009 0.001207106781 0)
(0.009 0.001276142375 -1.807003621e-20)
(0.009 0.001345177969 1.807003621e-20)
(0.009 0.001414213562 0)
(0.009 0.001 0.0003333333333)
(0.009 0.001069035594 0.0003563451979)
(0.009 0.001138071187 0.0003793570625)
(0.009 0.001207106781 0.0004023689271)
(0.009 0.001276142375 0.0004253807916)
(0.009 0.001345177969 0.0004483926562)
(0.009 0.001414213562 0.0004714045208)
(0.009 0.001 0.0006666666667)
(0.009 0.001069035594 0.0007126903958)
(0.009 0.001138071187 0.000758714125)
(0.009 0.001207106781 0.0008047378541)
(0.009 0.001276142375 0.0008507615833)
(0.009 0.001345177969 0.0008967853124)
(0.009 0.001414213562 0.0009428090416)
(0.009 0.001 0.001)
(0.009 0.001069035594 0.001069035594)
(0.009 0.001138071187 0.001138071187)
(0.009 0.001207106781 0.001207106781)
(0.009 0.001276142375 0.001276142375)
(0.009 0.001345177969 0.001345177969)
(0.009 0.001414213562 0.001414213562)
(0.0095 0.001 -0.0006666666667)
(0.0095 0.001069035594 -0.0007126903958)
(0.0095 0.001138071187 -0.000758714125)
(0.0095 0.001207106781 -0.0008047378541)
(0.0095 0.001276142375 -0.0008507615833)
(0.0095 0.001345177969 -0.0008967853124)
(0.0095 0.001414213562 -0.0009428090416)
(0.0095 0.001 -0.0003333333333)
(0.0095 0.001069035594 -0.0003563451979)
(0.0095 0.001138071187 -0.0003793570625)
(0.0095 0.001207106781 -0.0004023689271)
(0.0095 0.001276142375 -0.0004253807916)
(0.0095 0.001345177969 -0.0004483926562)
(0.0095 0.001414213562 -0.0004714045208)
(0.0095 0.001 0)
(0.0095 0.001069035594 -1.807003621e-20)
(0.0095 0.001138071187 0)
(0.0095 0.001207106781 0)
(0.0095 0.001276142375 -1.807003621e-20)
(0.0095 0.001345177969 1.807003621e-20)
(0.0095 0.001414213562 0)
(0.0095 0.001 0.0003333333333)
(0.0095 0.001069035594 0.0003563451979)
(0.0095 0.001138071187 0.0003793570625)
(0.0095 0.001207106781 0.0004023689271)
(0.0095 0.001276142375 0.0004253807916)
(0.0095 0.001345177969 0.0004483926562)
(0.0095 0.001414213562 0.0004714045208)
(0.0095 0.001 0.0006666666667)
(0.0095 0.001069035594 0.0007126903958)
(0.0095 0.001138071187 0.000758714125)
(0.0095 0.001207106781 0.0008047378541)
(0.0095 0.001276142375 0.0008507615833)
(0.0095 0.001345177969 0.0008967853124)
(0.0095 0.001414213562 0.0009428090416)
(0.0095 0.001 0.001)
(0.0095 0.001069035594 0.001069035594)
(0.0095 0.001138071187 0.001138071187)
(0.0095 0.001207106781 0.001207106781)
(0.0095 0.001276142375 0.001276142375)
(0.0095 0.001345177969 0.001345177969)
(0.0095 0.001414213562 0.001414213562)
(0.01 0.001 -0.0006666666667)
(0.01 0.001069035594 -0.0007126903958)
(0.01 0.001138071187 -0.000758714125)
(0.01 0.001207106781 -0.0008047378541)
(0.01 0.001276142375 -0.0008507615833)
(0.01 0.001345177969 -0.0008967853124)
(0.01 0.001414213562 -0.0009428090416)
(0.01 0.001 -0.0003333333333)
(0.01 0.001069035594 -0.0003563451979)
(0.01 0.001138071187 -0.0003793570625)
(0.01 0.001207106781 -0.0004023689271)
(0.01 0.001276142375 -0.0004253807916)
(0.01 0.001345177969 -0.0004483926562)
(0.01 0.001414213562 -0.0004714045208)
(0.01 0.001 0)
(0.01 0.001069035594 0)
(0.01 0.001138071187 0)
(0.01 0.001207106781 0)
(0.01 0.001276142375 -1.807003621e-20)
(0.01 0.001345177969 -1.807003621e-20)
(0.01 0.001414213562 0)
(0.01 0.001 0.0003333333333)
(0.01 0.001069035594 0.0003563451979)
(0.01 0.001138071187 0.0003793570625)
(0.01 0.001207106781 0.0004023689271)
(0.01 0.001276142375 0.0004253807916)
(0.01 0.001345177969 0.0004483926562)
(0.01 0.001414213562 0.0004714045208)
(0.01 0.001 0.0006666666667)
(0.01 0.001069035594 0.0007126903958)
(0.01 0.001138071187 0.000758714125)
(0.01 0.001207106781 0.0008047378541)
(0.01 0.001276142375 0.0008507615833)
(0.01 0.001345177969 0.0008967853124)
(0.01 0.001414213562 0.0009428090416)
(0.01 0.001 0.001)
(0.01 0.001069035594 0.001069035594)
(0.01 0.001138071187 0.001138071187)
(0.01 0.001207106781 0.001207106781)
(0.01 0.001276142375 0.001276142375)
(0.01 0.001345177969 0.001345177969)
(0.01 0.001414213562 0.001414213562)
(0.0105 0.001 -0.0006666666667)
(0.0105 0.001069035594 -0.0007126903958)
(0.0105 0.001138071187 -0.000758714125)
(0.0105 0.001207106781 -0.0008047378541)
(0.0105 0.001276142375 -0.0008507615833)
(0.0105 0.001345177969 -0.0008967853124)
(0.0105 0.001414213562 -0.0009428090416)
(0.0105 0.001 -0.0003333333333)
(0.0105 0.001069035594 -0.0003563451979)
(0.0105 0.001138071187 -0.0003793570625)
(0.0105 0.001207106781 -0.0004023689271)
(0.0105 0.001276142375 -0.0004253807916)
(0.0105 0.001345177969 -0.0004483926562)
(0.0105 0.001414213562 -0.0004714045208)
(0.0105 0.001 0)
(0.0105 0.001069035594 0)
(0.0105 0.001138071187 0)
(0.0105 0.001207106781 0)
(0.0105 0.001276142375 -1.807003621e-20)
(0.0105 0.001345177969 -1.807003621e-20)
(0.0105 0.001414213562 0)
(0.0105 0.001 0.0003333333333)
(0.0105 0.001069035594 0.0003563451979)
(0.0105 0.001138071187 0.0003793570625)
(0.0105 0.001207106781 0.0004023689271)
(0.0105 0.001276142375 0.0004253807916)
(0.0105 0.001345177969 0.0004483926562)
(0.0105 0.001414213562 0.0004714045208)
(0.0105 0.001 0.0006666666667)
(0.0105 0.001069035594 0.0007126903958)
(0.0105 0.001138071187 0.000758714125)
(0.0105 0.001207106781 0.0008047378541)
(0.0105 0.001276142375 0.0008507615833)
(0.0105 0.001345177969 0.0008967853124)
(0.0105 0.001414213562 0.0009428090416)
(0.0105 0.001 0.001)
(0.0105 0.001069035594 0.001069035594)
(0.0105 0.001138071187 0.001138071187)
(0.0105 0.001207106781 0.001207106781)
(0.0105 0.001276142375 0.001276142375)
(0.0105 0.001345177969 0.001345177969)
(0.0105 0.001414213562 0.001414213562)
(0.011 0.001 -0.0006666666667)
(0.011 0.001069035594 -0.0007126903958)
(0.011 0.001138071187 -0.000758714125)
(0.011 0.001207106781 -0.0008047378541)
(0.011 0.001276142375 -0.0008507615833)
(0.011 0.001345177969 -0.0008967853124)
(0.011 0.001414213562 -0.0009428090416)
(0.011 0.001 -0.0003333333333)
(0.011 0.001069035594 -0.0003563451979)
(0.011 0.001138071187 -0.0003793570625)
(0.011 0.001207106781 -0.0004023689271)
(0.011 0.001276142375 -0.0004253807916)
(0.011 0.001345177969 -0.0004483926562)
(0.011 0.001414213562 -0.0004714045208)
(0.011 0.001 0)
(0.011 0.001069035594 -1.807003621e-20)
(0.011 0.001138071187 0)
(0.011 0.001207106781 0)
(0.011 0.001276142375 -1.807003621e-20)
(0.011 0.001345177969 1.807003621e-20)
(0.011 0.001414213562 0)
(0.011 0.001 0.0003333333333)
(0.011 0.001069035594 0.0003563451979)
(0.011 0.001138071187 0.0003793570625)
(0.011 0.001207106781 0.0004023689271)
(0.011 0.001276142375 0.0004253807916)
(0.011 0.001345177969 0.0004483926562)
(0.011 0.001414213562 0.0004714045208)
(0.011 0.001 0.0006666666667)
(0.011 0.001069035594 0.0007126903958)
(0.011 0.001138071187 0.000758714125)
(0.011 0.001207106781 0.0008047378541)
(0.011 0.001276142375 0.0008507615833)
(0.011 0.001345177969 0.0008967853124)
(0.011 0.001414213562 0.0009428090416)
(0.011 0.001 0.001)
(0.011 0.001069035594 0.001069035594)
(0.011 0.001138071187 0.001138071187)
(0.011 0.001207106781 0.001207106781)
(0.011 0.001276142375 0.001276142375)
(0.011 0.001345177969 0.001345177969)
(0.011 0.001414213562 0.001414213562)
(0.0115 0.001 -0.0006666666667)
(0.0115 0.001069035594 -0.0007126903958)
(0.0115 0.001138071187 -0.000758714125)
(0.0115 0.001207106781 -0.0008047378541)
(0.0115 0.001276142375 -0.0008507615833)
(0.0115 0.001345177969 -0.0008967853124)
(0.0115 0.001414213562 -0.0009428090416)
(0.0115 0.001 -0.0003333333333)
(0.0115 0.001069035594 -0.0003563451979)
(0.0115 0.001138071187 -0.0003793570625)
(0.0115 0.001207106781 -0.0004023689271)
(0.0115 0.001276142375 -0.0004253807916)
(0.0115 0.001345177969 -0.0004483926562)
(0.0115 0.001414213562 -0.0004714045208)
(0.0115 0.001 0)
(0.0115 0.001069035594 -1.807003621e-20)
(0.0115 0.001138071187 0)
(0.0115 0.001207106781 0)
(0.0115 0.001276142375 -1.807003621e-20)
(0.0115 0.001345177969 1.807003621e-20)
(0.0115 0.001414213562 0)
(0.0115 0.001 0.0003333333333)
(0.0115 0.001069035594 0.0003563451979)
(0.0115 0.001138071187 0.0003793570625)
(0.0115 0.001207106781 0.0004023689271)
(0.0115 0.001276142375 0.0004253807916)
(0.0115 0.001345177969 0.0004483926562)
(0.0115 0.001414213562 0.0004714045208)
(0.0115 0.001 0.0006666666667)
(0.0115 0.001069035594 0.0007126903958)
(0.0115 0.001138071187 0.000758714125)
(0.0115 0.001207106781 0.0008047378541)
(0.0115 0.001276142375 0.0008507615833)
(0.0115 0.001345177969 0.0008967853124)
(0.0115 0.001414213562 0.0009428090416)
(0.0115 0.001 0.001)
(0.0115 0.001069035594 0.001069035594)
(0.0115 0.001138071187 0.001138071187)
(0.0115 0.001207106781 0.001207106781)
(0.0115 0.001276142375 0.001276142375)
(0.0115 0.001345177969 0.001345177969)
(0.0115 0.001414213562 0.001414213562)
(0.012 0.001 -0.0006666666667)
(0.012 0.001069035594 -0.0007126903958)
(0.012 0.001138071187 -0.000758714125)
(0.012 0.001207106781 -0.0008047378541)
(0.012 0.001276142375 -0.0008507615833)
(0.012 0.001345177969 -0.0008967853124)
(0.012 0.001414213562 -0.0009428090416)
(0.012 0.001 -0.0003333333333)
(0.012 0.001069035594 -0.0003563451979)
(0.012 0.001138071187 -0.0003793570625)
(0.012 0.001207106781 -0.0004023689271)
(0.012 0.001276142375 -0.0004253807916)
(0.012 0.001345177969 -0.0004483926562)
(0.012 0.001414213562 -0.0004714045208)
(0.012 0.001 0)
(0.012 0.001069035594 0)
(0.012 0.001138071187 1.807003621e-20)
(0.012 0.001207106781 0)
(0.012 0.001276142375 1.807003621e-20)
(0.012 0.001345177969 -1.807003621e-20)
(0.012 0.001414213562 0)
(0.012 0.001 0.0003333333333)
(0.012 0.001069035594 0.0003563451979)
(0.012 0.001138071187 0.0003793570625)
(0.012 0.001207106781 0.0004023689271)
(0.012 0.001276142375 0.0004253807916)
(0.012 0.001345177969 0.0004483926562)
(0.012 0.001414213562 0.0004714045208)
(0.012 0.001 0.0006666666667)
(0.012 0.001069035594 0.0007126903958)
(0.012 0.001138071187 0.000758714125)
(0.012 0.001207106781 0.0008047378541)
(0.012 0.001276142375 0.0008507615833)
(0.012 0.001345177969 0.0008967853124)
(0.012 0.001414213562 0.0009428090416)
(0.012 0.001 0.001)
(0.012 0.001069035594 0.001069035594)
(0.012 0.001138071187 0.001138071187)
(0.012 0.001207106781 0.001207106781)
(0.012 0.001276142375 0.001276142375)
(0.012 0.001345177969 0.001345177969)
(0.012 0.001414213562 0.001414213562)
(0.0125 0.001 -0.0006666666667)
(0.0125 0.001069035594 -0.0007126903958)
(0.0125 0.001138071187 -0.000758714125)
(0.0125 0.001207106781 -0.0008047378541)
(0.0125 0.001276142375 -0.0008507615833)
(0.0125 0.001345177969 -0.0008967853124)
(0.0125 0.001414213562 -0.0009428090416)
(0.0125 0.001 -0.0003333333333)
(0.0125 0.001069035594 -0.0003563451979)
(0.0125 0.001138071187 -0.0003793570625)
(0.0125 0.001207106781 -0.0004023689271)
(0.0125 0.001276142375 -0.0004253807916)
(0.0125 0.001345177969 -0.0004483926562)
(0.0125 0.001414213562 -0.0004714045208)
(0.0125 0.001 0)
(0.0125 0.001069035594 -1.807003621e-20)
(0.0125 0.001138071187 0)
(0.0125 0.001207106781 0)
(0.0125 0.001276142375 -1.807003621e-20)
(0.0125 0.001345177969 1.807003621e-20)
(0.0125 0.001414213562 0)
(0.0125 0.001 0.0003333333333)
(0.0125 0.001069035594 0.0003563451979)
(0.0125 0.001138071187 0.0003793570625)
(0.0125 0.001207106781 0.0004023689271)
(0.0125 0.001276142375 0.0004253807916)
(0.0125 0.001345177969 0.0004483926562)
(0.0125 0.001414213562 0.0004714045208)
(0.0125 0.001 0.0006666666667)
(0.0125 0.001069035594 0.0007126903958)
(0.0125 0.001138071187 0.000758714125)
(0.0125 0.001207106781 0.0008047378541)
(0.0125 0.001276142375 0.0008507615833)
(0.0125 0.001345177969 0.0008967853124)
(0.0125 0.001414213562 0.0009428090416)
(0.0125 0.001 0.001)
(0.0125 0.001069035594 0.001069035594)
(0.0125 0.001138071187 0.001138071187)
(0.0125 0.001207106781 0.001207106781)
(0.0125 0.001276142375 0.001276142375)
(0.0125 0.001345177969 0.001345177969)
(0.0125 0.001414213562 0.001414213562)
(0.013 0.001 -0.0006666666667)
(0.013 0.001069035594 -0.0007126903958)
(0.013 0.001138071187 -0.000758714125)
(0.013 0.001207106781 -0.0008047378541)
(0.013 0.001276142375 -0.0008507615833)
(0.013 0.001345177969 -0.0008967853124)
(0.013 0.001414213562 -0.0009428090416)
(0.013 0.001 -0.0003333333333)
(0.013 0.001069035594 -0.0003563451979)
(0.013 0.001138071187 -0.0003793570625)
(0.013 0.001207106781 -0.0004023689271)
(0.013 0.001276142375 -0.0004253807916)
(0.013 0.001345177969 -0.0004483926562)
(0.013 0.001414213562 -0.0004714045208)
(0.013 0.001 0)
(0.013 0.001069035594 -1.807003621e-20)
(0.013 0.001138071187 0)
(0.013 0.001207106781 0)
(0.013 0.001276142375 -1.807003621e-20)
(0.013 0.001345177969 1.807003621e-20)
(0.013 0.001414213562 0)
(0.013 0.001 0.0003333333333)
(0.013 0.001069035594 0.0003563451979)
(0.013 0.001138071187 0.0003793570625)
(0.013 0.001207106781 0.0004023689271)
(0.013 0.001276142375 0.0004253807916)
(0.013 0.001345177969 0.0004483926562)
(0.013 0.001414213562 0.0004714045208)
(0.013 0.001 0.0006666666667)
(0.013 0.001069035594 0.0007126903958)
(0.013 0.001138071187 0.000758714125)
(0.013 0.001207106781 0.0008047378541)
(0.013 0.001276142375 0.0008507615833)
(0.013 0.001345177969 0.0008967853124)
(0.013 0.001414213562 0.0009428090416)
(0.013 0.001 0.001)
(0.013 0.001069035594 0.001069035594)
(0.013 0.001138071187 0.001138071187)
(0.013 0.001207106781 0.001207106781)
(0.013 0.001276142375 0.001276142375)
(0.013 0.001345177969 0.001345177969)
(0.013 0.001414213562 0.001414213562)
(0.0135 0.001 -0.0006666666667)
(0.0135 0.001069035594 -0.0007126903958)
(0.0135 0.001138071187 -0.000758714125)
(0.0135 0.001207106781 -0.0008047378541)
(0.0135 0.001276142375 -0.0008507615833)
(0.0135 0.001345177969 -0.0008967853124)
(0.0135 0.001414213562 -0.0009428090416)
(0.0135 0.001 -0.0003333333333)
(0.0135 0.001069035594 -0.0003563451979)
(0.0135 0.001138071187 -0.0003793570625)
(0.0135 0.001207106781 -0.0004023689271)
(0.0135 0.001276142375 -0.0004253807916)
(0.0135 0.001345177969 -0.0004483926562)
(0.0135 0.001414213562 -0.0004714045208)
(0.0135 0.001 0)
(0.0135 0.001069035594 0)
(0.0135 0.001138071187 0)
(0.0135 0.001207106781 0)
(0.0135 0.001276142375 -1.807003621e-20)
(0.0135 0.001345177969 -1.807003621e-20)
(0.0135 0.001414213562 0)
(0.0135 0.001 0.0003333333333)
(0.0135 0.001069035594 0.0003563451979)
(0.0135 0.001138071187 0.0003793570625)
(0.0135 0.001207106781 0.0004023689271)
(0.0135 0.001276142375 0.0004253807916)
(0.0135 0.001345177969 0.0004483926562)
(0.0135 0.001414213562 0.0004714045208)
(0.0135 0.001 0.0006666666667)
(0.0135 0.001069035594 0.0007126903958)
(0.0135 0.001138071187 0.000758714125)
(0.0135 0.001207106781 0.0008047378541)
(0.0135 0.001276142375 0.0008507615833)
(0.0135 0.001345177969 0.0008967853124)
(0.0135 0.001414213562 0.0009428090416)
(0.0135 0.001 0.001)
(0.0135 0.001069035594 0.001069035594)
(0.0135 0.001138071187 0.001138071187)
(0.0135 0.001207106781 0.001207106781)
(0.0135 0.001276142375 0.001276142375)
(0.0135 0.001345177969 0.001345177969)
(0.0135 0.001414213562 0.001414213562)
(0.014 0.001 -0.0006666666667)
(0.014 0.001069035594 -0.0007126903958)
(0.014 0.001138071187 -0.000758714125)
(0.014 0.001207106781 -0.0008047378541)
(0.014 0.001276142375 -0.0008507615833)
(0.014 0.001345177969 -0.0008967853124)
(0.014 0.001414213562 -0.0009428090416)
(0.014 0.001 -0.0003333333333)
(0.014 0.001069035594 -0.0003563451979)
(0.014 0.001138071187 -0.0003793570625)
(0.014 0.001207106781 -0.0004023689271)
(0.014 0.001276142375 -0.0004253807916)
(0.014 0.001345177969 -0.0004483926562)
(0.014 0.001414213562 -0.0004714045208)
(0.014 0.001 0)
(0.014 0.001069035594 -1.807003621e-20)
(0.014 0.001138071187 0)
(0.014 0.001207106781 0)
(0.014 0.001276142375 -1.807003621e-20)
(0.014 0.001345177969 1.807003621e-20)
(0.014 0.001414213562 0)
(0.014 0.001 0.0003333333333)
(0.014 0.001069035594 0.0003563451979)
(0.014 0.001138071187 0.0003793570625)
(0.014 0.001207106781 0.0004023689271)
(0.014 0.001276142375 0.0004253807916)
(0.014 0.001345177969 0.0004483926562)
(0.014 0.001414213562 0.0004714045208)
(0.014 0.001 0.0006666666667)
(0.014 0.001069035594 0.0007126903958)
(0.014 0.001138071187 0.000758714125)
(0.014 0.001207106781 0.0008047378541)
(0.014 0.001276142375 0.0008507615833)
(0.014 0.001345177969 0.0008967853124)
(0.014 0.001414213562 0.0009428090416)
(0.014 0.001 0.001)
(0.014 0.001069035594 0.001069035594)
(0.014 0.001138071187 0.001138071187)
(0.014 0.001207106781 0.001207106781)
(0.014 0.001276142375 0.001276142375)
(0.014 0.001345177969 0.001345177969)
(0.014 0.001414213562 0.001414213562)
(0.0145 0.001 -0.0006666666667)
(0.0145 0.001069035594 -0.0007126903958)
(0.0145 0.001138071187 -0.000758714125)
(0.0145 0.001207106781 -0.0008047378541)
(0.0145 0.001276142375 -0.0008507615833)
(0.0145 0.001345177969 -0.0008967853124)
(0.0145 0.001414213562 -0.0009428090416)
(0.0145 0.001 -0.0003333333333)
(0.0145 0.001069035594 -0.0003563451979)
(0.0145 0.001138071187 -0.0003793570625)
(0.0145 0.001207106781 -0.0004023689271)
(0.0145 0.001276142375 -0.0004253807916)
(0.0145 0.001345177969 -0.0004483926562)
(0.0145 0.001414213562 -0.0004714045208)
(0.0145 0.001 0)
(0.0145 0.001069035594 1.807003621e-20)
(0.0145 0.001138071187 1.807003621e-20)
(0.0145 0.001207106781 0)
(0.0145 0.001276142375 1.807003621e-20)
(0.0145 0.001345177969 1.807003621e-20)
(0.0145 0.001414213562 0)
(0.0145 0.001 0.0003333333333)
(0.0145 0.001069035594 0.0003563451979)
(0.0145 0.001138071187 0.0003793570625)
(0.0145 0.001207106781 0.0004023689271)
(0.0145 0.001276142375 0.0004253807916)
(0.0145 0.001345177969 0.0004483926562)
(0.0145 0.001414213562 0.0004714045208)
(0.0145 0.001 0.0006666666667)
(0.0145 0.001069035594 0.0007126903958)
(0.0145 0.001138071187 0.000758714125)
(0.0145 0.001207106781 0.0008047378541)
(0.0145 0.001276142375 0.0008507615833)
(0.0145 0.001345177969 0.0008967853124)
(0.0145 0.001414213562 0.0009428090416)
(0.0145 0.001 0.001)
(0.0145 0.001069035594 0.001069035594)
(0.0145 0.001138071187 0.001138071187)
(0.0145 0.001207106781 0.001207106781)
(0.0145 0.001276142375 0.001276142375)
(0.0145 0.001345177969 0.001345177969)
(0.0145 0.001414213562 0.001414213562)
(0.015 0.001 -0.0006666666667)
(0.015 0.001069035594 -0.0007126903958)
(0.015 0.001138071187 -0.000758714125)
(0.015 0.001207106781 -0.0008047378541)
(0.015 0.001276142375 -0.0008507615833)
(0.015 0.001345177969 -0.0008967853124)
(0.015 0.001414213562 -0.0009428090416)
(0.015 0.001 -0.0003333333333)
(0.015 0.001069035594 -0.0003563451979)
(0.015 0.001138071187 -0.0003793570625)
(0.015 0.001207106781 -0.0004023689271)
(0.015 0.001276142375 -0.0004253807916)
(0.015 0.001345177969 -0.0004483926562)
(0.015 0.001414213562 -0.0004714045208)
(0.015 0.001 0)
(0.015 0.001069035594 -1.807003621e-20)
(0.015 0.001138071187 0)
(0.015 0.001207106781 0)
(0.015 0.001276142375 -1.807003621e-20)
(0.015 0.001345177969 1.807003621e-20)
(0.015 0.001414213562 0)
(0.015 0.001 0.0003333333333)
(0.015 0.001069035594 0.0003563451979)
(0.015 0.001138071187 0.0003793570625)
(0.015 0.001207106781 0.0004023689271)
(0.015 0.001276142375 0.0004253807916)
(0.015 0.001345177969 0.0004483926562)
(0.015 0.001414213562 0.0004714045208)
(0.015 0.001 0.0006666666667)
(0.015 0.001069035594 0.0007126903958)
(0.015 0.001138071187 0.000758714125)
(0.015 0.001207106781 0.0008047378541)
(0.015 0.001276142375 0.0008507615833)
(0.015 0.001345177969 0.0008967853124)
(0.015 0.001414213562 0.0009428090416)
(0.015 0.001 0.001)
(0.015 0.001069035594 0.001069035594)
(0.015 0.001138071187 0.001138071187)
(0.015 0.001207106781 0.001207106781)
(0.015 0.001276142375 0.001276142375)
(0.015 0.001345177969 0.001345177969)
(0.015 0.001414213562 0.001414213562)
(0.0155 0.001 -0.0006666666667)
(0.0155 0.001069035594 -0.0007126903958)
(0.0155 0.001138071187 -0.000758714125)
(0.0155 0.001207106781 -0.0008047378541)
(0.0155 0.001276142375 -0.0008507615833)
(0.0155 0.001345177969 -0.0008967853124)
(0.0155 0.001414213562 -0.0009428090416)
(0.0155 0.001 -0.0003333333333)
(0.0155 0.001069035594 -0.0003563451979)
(0.0155 0.001138071187 -0.0003793570625)
(0.0155 0.001207106781 -0.0004023689271)
(0.0155 0.001276142375 -0.0004253807916)
(0.0155 0.001345177969 -0.0004483926562)
(0.0155 0.001414213562 -0.0004714045208)
(0.0155 0.001 0)
(0.0155 0.001069035594 -1.807003621e-20)
(0.0155 0.001138071187 0)
(0.0155 0.001207106781 0)
(0.0155 0.001276142375 -1.807003621e-20)
(0.0155 0.001345177969 -1.355252716e-20)
(0.0155 0.001414213562 0)
(0.0155 0.001 0.0003333333333)
(0.0155 0.001069035594 0.0003563451979)
(0.0155 0.001138071187 0.0003793570625)
(0.0155 0.001207106781 0.0004023689271)
(0.0155 0.001276142375 0.0004253807916)
(0.0155 0.001345177969 0.0004483926562)
(0.0155 0.001414213562 0.0004714045208)
(0.0155 0.001 0.0006666666667)
(0.0155 0.001069035594 0.0007126903958)
(0.0155 0.001138071187 0.000758714125)
(0.0155 0.001207106781 0.0008047378541)
(0.0155 0.001276142375 0.0008507615833)
(0.0155 0.001345177969 0.0008967853124)
(0.0155 0.001414213562 0.0009428090416)
(0.0155 0.001 0.001)
(0.0155 0.001069035594 0.001069035594)
(0.0155 0.001138071187 0.001138071187)
(0.0155 0.001207106781 0.001207106781)
(0.0155 0.001276142375 0.001276142375)
(0.0155 0.001345177969 0.001345177969)
(0.0155 0.001414213562 0.001414213562)
(0.016 0.001 -0.0006666666667)
(0.016 0.001069035594 -0.0007126903958)
(0.016 0.001138071187 -0.000758714125)
(0.016 0.001207106781 -0.0008047378541)
(0.016 0.001276142375 -0.0008507615833)
(0.016 0.001345177969 -0.0008967853124)
(0.016 0.001414213562 -0.0009428090416)
(0.016 0.001 -0.0003333333333)
(0.016 0.001069035594 -0.0003563451979)
(0.016 0.001138071187 -0.0003793570625)
(0.016 0.001207106781 -0.0004023689271)
(0.016 0.001276142375 -0.0004253807916)
(0.016 0.001345177969 -0.0004483926562)
(0.016 0.001414213562 -0.0004714045208)
(0.016 0.001 0)
(0.016 0.001069035594 -1.807003621e-20)
(0.016 0.001138071187 1.807003621e-20)
(0.016 0.001207106781 0)
(0.016 0.001276142375 1.807003621e-20)
(0.016 0.001345177969 -1.355252716e-20)
(0.016 0.001414213562 0)
(0.016 0.001 0.0003333333333)
(0.016 0.001069035594 0.0003563451979)
(0.016 0.001138071187 0.0003793570625)
(0.016 0.001207106781 0.0004023689271)
(0.016 0.001276142375 0.0004253807916)
(0.016 0.001345177969 0.0004483926562)
(0.016 0.001414213562 0.0004714045208)
(0.016 0.001 0.0006666666667)
(0.016 0.001069035594 0.0007126903958)
(0.016 0.001138071187 0.000758714125)
(0.016 0.001207106781 0.0008047378541)
(0.016 0.001276142375 0.0008507615833)
(0.016 0.001345177969 0.0008967853124)
(0.016 0.001414213562 0.0009428090416)
(0.016 0.001 0.001)
(0.016 0.001069035594 0.001069035594)
(0.016 0.001138071187 0.001138071187)
(0.016 0.001207106781 0.001207106781)
(0.016 0.001276142375 0.001276142375)
(0.016 0.001345177969 0.001345177969)
(0.016 0.001414213562 0.001414213562)
(0.0165 0.001 -0.0006666666667)
(0.0165 0.001069035594 -0.0007126903958)
(0.0165 0.001138071187 -0.000758714125)
(0.0165 0.001207106781 -0.0008047378541)
(0.0165 0.001276142375 -0.0008507615833)
(0.0165 0.001345177969 -0.0008967853124)
(0.0165 0.001414213562 -0.0009428090416)
(0.0165 0.001 -0.0003333333333)
(0.0165 0.001069035594 -0.0003563451979)
(0.0165 0.001138071187 -0.0003793570625)
(0.0165 0.001207106781 -0.0004023689271)
(0.0165 0.001276142375 -0.0004253807916)
(0.0165 0.001345177969 -0.0004483926562)
(0.0165 0.001414213562 -0.0004714045208)
(0.0165 0.001 0)
(0.0165 0.001069035594 -1.807003621e-20)
(0.0165 0.001138071187 0)
(0.0165 0.001207106781 0)
(0.0165 0.001276142375 -1.807003621e-20)
(0.0165 0.001345177969 1.807003621e-20)
(0.0165 0.001414213562 0)
(0.0165 0.001 0.0003333333333)
(0.0165 0.001069035594 0.0003563451979)
(0.0165 0.001138071187 0.0003793570625)
(0.0165 0.001207106781 0.0004023689271)
(0.0165 0.001276142375 0.0004253807916)
(0.0165 0.001345177969 0.0004483926562)
(0.0165 0.001414213562 0.0004714045208)
(0.0165 0.001 0.0006666666667)
(0.0165 0.001069035594 0.0007126903958)
(0.0165 0.001138071187 0.000758714125)
(0.0165 0.001207106781 0.0008047378541)
(0.0165 0.001276142375 0.0008507615833)
(0.0165 0.001345177969 0.0008967853124)
(0.0165 0.001414213562 0.0009428090416)
(0.0165 0.001 0.001)
(0.0165 0.001069035594 0.001069035594)
(0.0165 0.001138071187 0.001138071187)
(0.0165 0.001207106781 0.001207106781)
(0.0165 0.001276142375 0.001276142375)
(0.0165 0.001345177969 0.001345177969)
(0.0165 0.001414213562 0.001414213562)
(0.017 0.001 -0.0006666666667)
(0.017 0.001069035594 -0.0007126903958)
(0.017 0.001138071187 -0.000758714125)
(0.017 0.001207106781 -0.0008047378541)
(0.017 0.001276142375 -0.0008507615833)
(0.017 0.001345177969 -0.0008967853124)
(0.017 0.001414213562 -0.0009428090416)
(0.017 0.001 -0.0003333333333)
(0.017 0.001069035594 -0.0003563451979)
(0.017 0.001138071187 -0.0003793570625)
(0.017 0.001207106781 -0.0004023689271)
(0.017 0.001276142375 -0.0004253807916)
(0.017 0.001345177969 -0.0004483926562)
(0.017 0.001414213562 -0.0004714045208)
(0.017 0.001 0)
(0.017 0.001069035594 -1.807003621e-20)
(0.017 0.001138071187 0)
(0.017 0.001207106781 0)
(0.017 0.001276142375 -1.807003621e-20)
(0.017 0.001345177969 -1.355252716e-20)
(0.017 0.001414213562 0)
(0.017 0.001 0.0003333333333)
(0.017 0.001069035594 0.0003563451979)
(0.017 0.001138071187 0.0003793570625)
(0.017 0.001207106781 0.0004023689271)
(0.017 0.001276142375 0.0004253807916)
(0.017 0.001345177969 0.0004483926562)
(0.017 0.001414213562 0.0004714045208)
(0.017 0.001 0.0006666666667)
(0.017 0.001069035594 0.0007126903958)
(0.017 0.001138071187 0.000758714125)
(0.017 0.001207106781 0.0008047378541)
(0.017 0.001276142375 0.0008507615833)
(0.017 0.001345177969 0.0008967853124)
(0.017 0.001414213562 0.0009428090416)
(0.017 0.001 0.001)
(0.017 0.001069035594 0.001069035594)
(0.017 0.001138071187 0.001138071187)
(0.017 0.001207106781 0.001207106781)
(0.017 0.001276142375 0.001276142375)
(0.017 0.001345177969 0.001345177969)
(0.017 0.001414213562 0.001414213562)
(0.0175 0.001 -0.0006666666667)
(0.0175 0.001069035594 -0.0007126903958)
(0.0175 0.001138071187 -0.000758714125)
(0.0175 0.001207106781 -0.0008047378541)
(0.0175 0.001276142375 -0.0008507615833)
(0.0175 0.001345177969 -0.0008967853124)
(0.0175 0.001414213562 -0.0009428090416)
(0.0175 0.001 -0.0003333333333)
(0.0175 0.001069035594 -0.0003563451979)
(0.0175 0.001138071187 -0.0003793570625)
(0.0175 0.001207106781 -0.0004023689271)
(0.0175 0.001276142375 -0.0004253807916)
(0.0175 0.001345177969 -0.0004483926562)
(0.0175 0.001414213562 -0.0004714045208)
(0.0175 0.001 0)
(0.0175 0.001069035594 0)
(0.0175 0.001138071187 0)
(0.0175 0.001207106781 0)
(0.0175 0.001276142375 -1.807003621e-20)
(0.0175 0.001345177969 -1.807003621e-20)
(0.0175 0.001414213562 0)
(0.0175 0.001 0.0003333333333)
(0.0175 0.001069035594 0.0003563451979)
(0.0175 0.001138071187 0.0003793570625)
(0.0175 0.001207106781 0.0004023689271)
(0.0175 0.001276142375 0.0004253807916)
(0.0175 0.001345177969 0.0004483926562)
(0.0175 0.001414213562 0.0004714045208)
(0.0175 0.001 0.0006666666667)
(0.0175 0.001069035594 0.0007126903958)
(0.0175 0.001138071187 0.000758714125)
(0.0175 0.001207106781 0.0008047378541)
(0.0175 0.001276142375 0.0008507615833)
(0.0175 0.001345177969 0.0008967853124)
(0.0175 0.001414213562 0.0009428090416)
(0.0175 0.001 0.001)
(0.0175 0.001069035594 0.001069035594)
(0.0175 0.001138071187 0.001138071187)
(0.0175 0.001207106781 0.001207106781)
(0.0175 0.001276142375 0.001276142375)
(0.0175 0.001345177969 0.001345177969)
(0.0175 0.001414213562 0.001414213562)
(0.018 0.001 -0.0006666666667)
(0.018 0.001069035594 -0.0007126903958)
(0.018 0.001138071187 -0.000758714125)
(0.018 0.001207106781 -0.0008047378541)
(0.018 0.001276142375 -0.0008507615833)
(0.018 0.001345177969 -0.0008967853124)
(0.018 0.001414213562 -0.0009428090416)
(0.018 0.001 -0.0003333333333)
(0.018 0.001069035594 -0.0003563451979)
(0.018 0.001138071187 -0.0003793570625)
(0.018 0.001207106781 -0.0004023689271)
(0.018 0.001276142375 -0.0004253807916)
(0.018 0.001345177969 -0.0004483926562)
(0.018 0.001414213562 -0.0004714045208)
(0.018 0.001 0)
(0.018 0.001069035594 -1.807003621e-20)
(0.018 0.001138071187 0)
(0.018 0.001207106781 0)
(0.018 0.001276142375 -1.807003621e-20)
(0.018 0.001345177969 -1.355252716e-20)
(0.018 0.001414213562 0)
(0.018 0.001 0.0003333333333)
(0.018 0.001069035594 0.0003563451979)
(0.018 0.001138071187 0.0003793570625)
(0.018 0.001207106781 0.0004023689271)
(0.018 0.001276142375 0.0004253807916)
(0.018 0.001345177969 0.0004483926562)
(0.018 0.001414213562 0.0004714045208)
(0.018 0.001 0.0006666666667)
(0.018 0.001069035594 0.0007126903958)
(0.018 0.001138071187 0.000758714125)
(0.018 0.001207106781 0.0008047378541)
(0.018 0.001276142375 0.0008507615833)
(0.018 0.001345177969 0.0008967853124)
(0.018 0.001414213562 0.0009428090416)
(0.018 0.001 0.001)
(0.018 0.001069035594 0.001069035594)
(0.018 0.001138071187 0.001138071187)
(0.018 0.001207106781 0.001207106781)
(0.018 0.001276142375 0.001276142375)
(0.018 0.001345177969 0.001345177969)
(0.018 0.001414213562 0.001414213562)
(0.0185 0.001 -0.0006666666667)
(0.0185 0.001069035594 -0.0007126903958)
(0.0185 0.001138071187 -0.000758714125)
(0.0185 0.001207106781 -0.0008047378541)
(0.0185 0.001276142375 -0.0008507615833)
(0.0185 0.001345177969 -0.0008967853124)
(0.0185 0.001414213562 -0.0009428090416)
(0.0185 0.001 -0.0003333333333)
(0.0185 0.001069035594 -0.0003563451979)
(0.0185 0.001138071187 -0.0003793570625)
(0.0185 0.001207106781 -0.0004023689271)
(0.0185 0.001276142375 -0.0004253807916)
(0.0185 0.001345177969 -0.0004483926562)
(0.0185 0.001414213562 -0.0004714045208)
(0.0185 0.001 0)
(0.0185 0.001069035594 -1.807003621e-20)
(0.0185 0.001138071187 0)
(0.0185 0.001207106781 0)
(0.0185 0.001276142375 -1.807003621e-20)
(0.0185 0.001345177969 1.807003621e-20)
(0.0185 0.001414213562 0)
(0.0185 0.001 0.0003333333333)
(0.0185 0.001069035594 0.0003563451979)
(0.0185 0.001138071187 0.0003793570625)
(0.0185 0.001207106781 0.0004023689271)
(0.0185 0.001276142375 0.0004253807916)
(0.0185 0.001345177969 0.0004483926562)
(0.0185 0.001414213562 0.0004714045208)
(0.0185 0.001 0.0006666666667)
(0.0185 0.001069035594 0.0007126903958)
(0.0185 0.001138071187 0.000758714125)
(0.0185 0.001207106781 0.0008047378541)
(0.0185 0.001276142375 0.0008507615833)
(0.0185 0.001345177969 0.0008967853124)
(0.0185 0.001414213562 0.0009428090416)
(0.0185 0.001 0.001)
(0.0185 0.001069035594 0.001069035594)
(0.0185 0.001138071187 0.001138071187)
(0.0185 0.001207106781 0.001207106781)
(0.0185 0.001276142375 0.001276142375)
(0.0185 0.001345177969 0.001345177969)
(0.0185 0.001414213562 0.001414213562)
(0.019 0.001 -0.0006666666667)
(0.019 0.001069035594 -0.0007126903958)
(0.019 0.001138071187 -0.000758714125)
(0.019 0.001207106781 -0.0008047378541)
(0.019 0.001276142375 -0.0008507615833)
(0.019 0.001345177969 -0.0008967853124)
(0.019 0.001414213562 -0.0009428090416)
(0.019 0.001 -0.0003333333333)
(0.019 0.001069035594 -0.0003563451979)
(0.019 0.001138071187 -0.0003793570625)
(0.019 0.001207106781 -0.0004023689271)
(0.019 0.001276142375 -0.0004253807916)
(0.019 0.001345177969 -0.0004483926562)
(0.019 0.001414213562 -0.0004714045208)
(0.019 0.001 0)
(0.019 0.001069035594 0)
(0.019 0.001138071187 0)
(0.019 0.001207106781 0)
(0.019 0.001276142375 -1.807003621e-20)
(0.019 0.001345177969 -1.807003621e-20)
(0.019 0.001414213562 0)
(0.019 0.001 0.0003333333333)
(0.019 0.001069035594 0.0003563451979)
(0.019 0.001138071187 0.0003793570625)
(0.019 0.001207106781 0.0004023689271)
(0.019 0.001276142375 0.0004253807916)
(0.019 0.001345177969 0.0004483926562)
(0.019 0.001414213562 0.0004714045208)
(0.019 0.001 0.0006666666667)
(0.019 0.001069035594 0.0007126903958)
(0.019 0.001138071187 0.000758714125)
(0.019 0.001207106781 0.0008047378541)
(0.019 0.001276142375 0.0008507615833)
(0.019 0.001345177969 0.0008967853124)
(0.019 0.001414213562 0.0009428090416)
(0.019 0.001 0.001)
(0.019 0.001069035594 0.001069035594)
(0.019 0.001138071187 0.001138071187)
(0.019 0.001207106781 0.001207106781)
(0.019 0.001276142375 0.001276142375)
(0.019 0.001345177969 0.001345177969)
(0.019 0.001414213562 0.001414213562)
(0.0195 0.001 -0.0006666666667)
(0.0195 0.001069035594 -0.0007126903958)
(0.0195 0.001138071187 -0.000758714125)
(0.0195 0.001207106781 -0.0008047378541)
(0.0195 0.001276142375 -0.0008507615833)
(0.0195 0.001345177969 -0.0008967853124)
(0.0195 0.001414213562 -0.0009428090416)
(0.0195 0.001 -0.0003333333333)
(0.0195 0.001069035594 -0.0003563451979)
(0.0195 0.001138071187 -0.0003793570625)
(0.0195 0.001207106781 -0.0004023689271)
(0.0195 0.001276142375 -0.0004253807916)
(0.0195 0.001345177969 -0.0004483926562)
(0.0195 0.001414213562 -0.0004714045208)
(0.0195 0.001 0)
(0.0195 0.001069035594 -1.807003621e-20)
(0.0195 0.001138071187 0)
(0.0195 0.001207106781 0)
(0.0195 0.001276142375 -1.807003621e-20)
(0.0195 0.001345177969 -1.355252716e-20)
(0.0195 0.001414213562 0)
(0.0195 0.001 0.0003333333333)
(0.0195 0.001069035594 0.0003563451979)
(0.0195 0.001138071187 0.0003793570625)
(0.0195 0.001207106781 0.0004023689271)
(0.0195 0.001276142375 0.0004253807916)
(0.0195 0.001345177969 0.0004483926562)
(0.0195 0.001414213562 0.0004714045208)
(0.0195 0.001 0.0006666666667)
(0.0195 0.001069035594 0.0007126903958)
(0.0195 0.001138071187 0.000758714125)
(0.0195 0.001207106781 0.0008047378541)
(0.0195 0.001276142375 0.0008507615833)
(0.0195 0.001345177969 0.0008967853124)
(0.0195 0.001414213562 0.0009428090416)
(0.0195 0.001 0.001)
(0.0195 0.001069035594 0.001069035594)
(0.0195 0.001138071187 0.001138071187)
(0.0195 0.001207106781 0.001207106781)
(0.0195 0.001276142375 0.001276142375)
(0.0195 0.001345177969 0.001345177969)
(0.0195 0.001414213562 0.001414213562)
(0.02 0.001 -0.0006666666667)
(0.02 0.001069035594 -0.0007126903958)
(0.02 0.001138071187 -0.000758714125)
(0.02 0.001207106781 -0.0008047378541)
(0.02 0.001276142375 -0.0008507615833)
(0.02 0.001345177969 -0.0008967853124)
(0.02 0.001414213562 -0.0009428090416)
(0.02 0.001 -0.0003333333333)
(0.02 0.001069035594 -0.0003563451979)
(0.02 0.001138071187 -0.0003793570625)
(0.02 0.001207106781 -0.0004023689271)
(0.02 0.001276142375 -0.0004253807916)
(0.02 0.001345177969 -0.0004483926562)
(0.02 0.001414213562 -0.0004714045208)
(0.02 0.001 0)
(0.02 0.001069035594 -1.807003621e-20)
(0.02 0.001138071187 0)
(0.02 0.001207106781 0)
(0.02 0.001276142375 -1.807003621e-20)
(0.02 0.001345177969 1.807003621e-20)
(0.02 0.001414213562 0)
(0.02 0.001 0.0003333333333)
(0.02 0.001069035594 0.0003563451979)
(0.02 0.001138071187 0.0003793570625)
(0.02 0.001207106781 0.0004023689271)
(0.02 0.001276142375 0.0004253807916)
(0.02 0.001345177969 0.0004483926562)
(0.02 0.001414213562 0.0004714045208)
(0.02 0.001 0.0006666666667)
(0.02 0.001069035594 0.0007126903958)
(0.02 0.001138071187 0.000758714125)
(0.02 0.001207106781 0.0008047378541)
(0.02 0.001276142375 0.0008507615833)
(0.02 0.001345177969 0.0008967853124)
(0.02 0.001414213562 0.0009428090416)
(0.02 0.001 0.001)
(0.02 0.001069035594 0.001069035594)
(0.02 0.001138071187 0.001138071187)
(0.02 0.001207106781 0.001207106781)
(0.02 0.001276142375 0.001276142375)
(0.02 0.001345177969 0.001345177969)
(0.02 0.001414213562 0.001414213562)
(0.0205 0.001 -0.0006666666667)
(0.0205 0.001069035594 -0.0007126903958)
(0.0205 0.001138071187 -0.000758714125)
(0.0205 0.001207106781 -0.0008047378541)
(0.0205 0.001276142375 -0.0008507615833)
(0.0205 0.001345177969 -0.0008967853124)
(0.0205 0.001414213562 -0.0009428090416)
(0.0205 0.001 -0.0003333333333)
(0.0205 0.001069035594 -0.0003563451979)
(0.0205 0.001138071187 -0.0003793570625)
(0.0205 0.001207106781 -0.0004023689271)
(0.0205 0.001276142375 -0.0004253807916)
(0.0205 0.001345177969 -0.0004483926562)
(0.0205 0.001414213562 -0.0004714045208)
(0.0205 0.001 0)
(0.0205 0.001069035594 0)
(0.0205 0.001138071187 0)
(0.0205 0.001207106781 0)
(0.0205 0.001276142375 0)
(0.0205 0.001345177969 -1.807003621e-20)
(0.0205 0.001414213562 0)
(0.0205 0.001 0.0003333333333)
(0.0205 0.001069035594 0.0003563451979)
(0.0205 0.001138071187 0.0003793570625)
(0.0205 0.001207106781 0.0004023689271)
(0.0205 0.001276142375 0.0004253807916)
(0.0205 0.001345177969 0.0004483926562)
(0.0205 0.001414213562 0.0004714045208)
(0.0205 0.001 0.0006666666667)
(0.0205 0.001069035594 0.0007126903958)
(0.0205 0.001138071187 0.000758714125)
(0.0205 0.001207106781 0.0008047378541)
(0.0205 0.001276142375 0.0008507615833)
(0.0205 0.001345177969 0.0008967853124)
(0.0205 0.001414213562 0.0009428090416)
(0.0205 0.001 0.001)
(0.0205 0.001069035594 0.001069035594)
(0.0205 0.001138071187 0.001138071187)
(0.0205 0.001207106781 0.001207106781)
(0.0205 0.001276142375 0.001276142375)
(0.0205 0.001345177969 0.001345177969)
(0.0205 0.001414213562 0.001414213562)
(0.021 0.001 -0.0006666666667)
(0.021 0.001069035594 -0.0007126903958)
(0.021 0.001138071187 -0.000758714125)
(0.021 0.001207106781 -0.0008047378541)
(0.021 0.001276142375 -0.0008507615833)
(0.021 0.001345177969 -0.0008967853124)
(0.021 0.001414213562 -0.0009428090416)
(0.021 0.001 -0.0003333333333)
(0.021 0.001069035594 -0.0003563451979)
(0.021 0.001138071187 -0.0003793570625)
(0.021 0.001207106781 -0.0004023689271)
(0.021 0.001276142375 -0.0004253807916)
(0.021 0.001345177969 -0.0004483926562)
(0.021 0.001414213562 -0.0004714045208)
(0.021 0.001 0)
(0.021 0.001069035594 -1.807003621e-20)
(0.021 0.001138071187 0)
(0.021 0.001207106781 0)
(0.021 0.001276142375 0)
(0.021 0.001345177969 1.807003621e-20)
(0.021 0.001414213562 0)
(0.021 0.001 0.0003333333333)
(0.021 0.001069035594 0.0003563451979)
(0.021 0.001138071187 0.0003793570625)
(0.021 0.001207106781 0.0004023689271)
(0.021 0.001276142375 0.0004253807916)
(0.021 0.001345177969 0.0004483926562)
(0.021 0.001414213562 0.0004714045208)
(0.021 0.001 0.0006666666667)
(0.021 0.001069035594 0.0007126903958)
(0.021 0.001138071187 0.000758714125)
(0.021 0.001207106781 0.0008047378541)
(0.021 0.001276142375 0.0008507615833)
(0.021 0.001345177969 0.0008967853124)
(0.021 0.001414213562 0.0009428090416)
(0.021 0.001 0.001)
(0.021 0.001069035594 0.001069035594)
(0.021 0.001138071187 0.001138071187)
(0.021 0.001207106781 0.001207106781)
(0.021 0.001276142375 0.001276142375)
(0.021 0.001345177969 0.001345177969)
(0.021 0.001414213562 0.001414213562)
(0.0215 0.001 -0.0006666666667)
(0.0215 0.001069035594 -0.0007126903958)
(0.0215 0.001138071187 -0.000758714125)
(0.0215 0.001207106781 -0.0008047378541)
(0.0215 0.001276142375 -0.0008507615833)
(0.0215 0.001345177969 -0.0008967853124)
(0.0215 0.001414213562 -0.0009428090416)
(0.0215 0.001 -0.0003333333333)
(0.0215 0.001069035594 -0.0003563451979)
(0.0215 0.001138071187 -0.0003793570625)
(0.0215 0.001207106781 -0.0004023689271)
(0.0215 0.001276142375 -0.0004253807916)
(0.0215 0.001345177969 -0.0004483926562)
(0.0215 0.001414213562 -0.0004714045208)
(0.0215 0.001 0)
(0.0215 0.001069035594 0)
(0.0215 0.001138071187 0)
(0.0215 0.001207106781 0)
(0.0215 0.001276142375 -1.807003621e-20)
(0.0215 0.001345177969 -1.807003621e-20)
(0.0215 0.001414213562 0)
(0.0215 0.001 0.0003333333333)
(0.0215 0.001069035594 0.0003563451979)
(0.0215 0.001138071187 0.0003793570625)
(0.0215 0.001207106781 0.0004023689271)
(0.0215 0.001276142375 0.0004253807916)
(0.0215 0.001345177969 0.0004483926562)
(0.0215 0.001414213562 0.0004714045208)
(0.0215 0.001 0.0006666666667)
(0.0215 0.001069035594 0.0007126903958)
(0.0215 0.001138071187 0.000758714125)
(0.0215 0.001207106781 0.0008047378541)
(0.0215 0.001276142375 0.0008507615833)
(0.0215 0.001345177969 0.0008967853124)
(0.0215 0.001414213562 0.0009428090416)
(0.0215 0.001 0.001)
(0.0215 0.001069035594 0.001069035594)
(0.0215 0.001138071187 0.001138071187)
(0.0215 0.001207106781 0.001207106781)
(0.0215 0.001276142375 0.001276142375)
(0.0215 0.001345177969 0.001345177969)
(0.0215 0.001414213562 0.001414213562)
(0.022 0.001 -0.0006666666667)
(0.022 0.001069035594 -0.0007126903958)
(0.022 0.001138071187 -0.000758714125)
(0.022 0.001207106781 -0.0008047378541)
(0.022 0.001276142375 -0.0008507615833)
(0.022 0.001345177969 -0.0008967853124)
(0.022 0.001414213562 -0.0009428090416)
(0.022 0.001 -0.0003333333333)
(0.022 0.001069035594 -0.0003563451979)
(0.022 0.001138071187 -0.0003793570625)
(0.022 0.001207106781 -0.0004023689271)
(0.022 0.001276142375 -0.0004253807916)
(0.022 0.001345177969 -0.0004483926562)
(0.022 0.001414213562 -0.0004714045208)
(0.022 0.001 0)
(0.022 0.001069035594 0)
(0.022 0.001138071187 0)
(0.022 0.001207106781 0)
(0.022 0.001276142375 0)
(0.022 0.001345177969 -1.807003621e-20)
(0.022 0.001414213562 0)
(0.022 0.001 0.0003333333333)
(0.022 0.001069035594 0.0003563451979)
(0.022 0.001138071187 0.0003793570625)
(0.022 0.001207106781 0.0004023689271)
(0.022 0.001276142375 0.0004253807916)
(0.022 0.001345177969 0.0004483926562)
(0.022 0.001414213562 0.0004714045208)
(0.022 0.001 0.0006666666667)
(0.022 0.001069035594 0.0007126903958)
(0.022 0.001138071187 0.000758714125)
(0.022 0.001207106781 0.0008047378541)
(0.022 0.001276142375 0.0008507615833)
(0.022 0.001345177969 0.0008967853124)
(0.022 0.001414213562 0.0009428090416)
(0.022 0.001 0.001)
(0.022 0.001069035594 0.001069035594)
(0.022 0.001138071187 0.001138071187)
(0.022 0.001207106781 0.001207106781)
(0.022 0.001276142375 0.001276142375)
(0.022 0.001345177969 0.001345177969)
(0.022 0.001414213562 0.001414213562)
(0.0225 0.001 -0.0006666666667)
(0.0225 0.001069035594 -0.0007126903958)
(0.0225 0.001138071187 -0.000758714125)
(0.0225 0.001207106781 -0.0008047378541)
(0.0225 0.001276142375 -0.0008507615833)
(0.0225 0.001345177969 -0.0008967853124)
(0.0225 0.001414213562 -0.0009428090416)
(0.0225 0.001 -0.0003333333333)
(0.0225 0.001069035594 -0.0003563451979)
(0.0225 0.001138071187 -0.0003793570625)
(0.0225 0.001207106781 -0.0004023689271)
(0.0225 0.001276142375 -0.0004253807916)
(0.0225 0.001345177969 -0.0004483926562)
(0.0225 0.001414213562 -0.0004714045208)
(0.0225 0.001 0)
(0.0225 0.001069035594 -1.807003621e-20)
(0.0225 0.001138071187 0)
(0.0225 0.001207106781 0)
(0.0225 0.001276142375 0)
(0.0225 0.001345177969 1.807003621e-20)
(0.0225 0.001414213562 0)
(0.0225 0.001 0.0003333333333)
(0.0225 0.001069035594 0.0003563451979)
(0.0225 0.001138071187 0.0003793570625)
(0.0225 0.001207106781 0.0004023689271)
(0.0225 0.001276142375 0.0004253807916)
(0.0225 0.001345177969 0.0004483926562)
(0.0225 0.001414213562 0.0004714045208)
(0.0225 0.001 0.0006666666667)
(0.0225 0.001069035594 0.0007126903958)
(0.0225 0.001138071187 0.000758714125)
(0.0225 0.001207106781 0.0008047378541)
(0.0225 0.001276142375 0.0008507615833)
(0.0225 0.001345177969 0.0008967853124)
(0.0225 0.001414213562 0.0009428090416)
(0.0225 0.001 0.001)
(0.0225 0.001069035594 0.001069035594)
(0.0225 0.001138071187 0.001138071187)
(0.0225 0.001207106781 0.001207106781)
(0.0225 0.001276142375 0.001276142375)
(0.0225 0.001345177969 0.001345177969)
(0.0225 0.001414213562 0.001414213562)
(0.023 0.001 -0.0006666666667)
(0.023 0.001069035594 -0.0007126903958)
(0.023 0.001138071187 -0.000758714125)
(0.023 0.001207106781 -0.0008047378541)
(0.023 0.001276142375 -0.0008507615833)
(0.023 0.001345177969 -0.0008967853124)
(0.023 0.001414213562 -0.0009428090416)
(0.023 0.001 -0.0003333333333)
(0.023 0.001069035594 -0.0003563451979)
(0.023 0.001138071187 -0.0003793570625)
(0.023 0.001207106781 -0.0004023689271)
(0.023 0.001276142375 -0.0004253807916)
(0.023 0.001345177969 -0.0004483926562)
(0.023 0.001414213562 -0.0004714045208)
(0.023 0.001 0)
(0.023 0.001069035594 0)
(0.023 0.001138071187 0)
(0.023 0.001207106781 0)
(0.023 0.001276142375 -1.807003621e-20)
(0.023 0.001345177969 -1.807003621e-20)
(0.023 0.001414213562 0)
(0.023 0.001 0.0003333333333)
(0.023 0.001069035594 0.0003563451979)
(0.023 0.001138071187 0.0003793570625)
(0.023 0.001207106781 0.0004023689271)
(0.023 0.001276142375 0.0004253807916)
(0.023 0.001345177969 0.0004483926562)
(0.023 0.001414213562 0.0004714045208)
(0.023 0.001 0.0006666666667)
(0.023 0.001069035594 0.0007126903958)
(0.023 0.001138071187 0.000758714125)
(0.023 0.001207106781 0.0008047378541)
(0.023 0.001276142375 0.0008507615833)
(0.023 0.001345177969 0.0008967853124)
(0.023 0.001414213562 0.0009428090416)
(0.023 0.001 0.001)
(0.023 0.001069035594 0.001069035594)
(0.023 0.001138071187 0.001138071187)
(0.023 0.001207106781 0.001207106781)
(0.023 0.001276142375 0.001276142375)
(0.023 0.001345177969 0.001345177969)
(0.023 0.001414213562 0.001414213562)
(0.0235 0.001 -0.0006666666667)
(0.0235 0.001069035594 -0.0007126903958)
(0.0235 0.001138071187 -0.000758714125)
(0.0235 0.001207106781 -0.0008047378541)
(0.0235 0.001276142375 -0.0008507615833)
(0.0235 0.001345177969 -0.0008967853124)
(0.0235 0.001414213562 -0.0009428090416)
(0.0235 0.001 -0.0003333333333)
(0.0235 0.001069035594 -0.0003563451979)
(0.0235 0.001138071187 -0.0003793570625)
(0.0235 0.001207106781 -0.0004023689271)
(0.0235 0.001276142375 -0.0004253807916)
(0.0235 0.001345177969 -0.0004483926562)
(0.0235 0.001414213562 -0.0004714045208)
(0.0235 0.001 0)
(0.0235 0.001069035594 -1.807003621e-20)
(0.0235 0.001138071187 0)
(0.0235 0.001207106781 0)
(0.0235 0.001276142375 -1.807003621e-20)
(0.0235 0.001345177969 1.807003621e-20)
(0.0235 0.001414213562 0)
(0.0235 0.001 0.0003333333333)
(0.0235 0.001069035594 0.0003563451979)
(0.0235 0.001138071187 0.0003793570625)
(0.0235 0.001207106781 0.0004023689271)
(0.0235 0.001276142375 0.0004253807916)
(0.0235 0.001345177969 0.0004483926562)
(0.0235 0.001414213562 0.0004714045208)
(0.0235 0.001 0.0006666666667)
(0.0235 0.001069035594 0.0007126903958)
(0.0235 0.001138071187 0.000758714125)
(0.0235 0.001207106781 0.0008047378541)
(0.0235 0.001276142375 0.0008507615833)
(0.0235 0.001345177969 0.0008967853124)
(0.0235 0.001414213562 0.0009428090416)
(0.0235 0.001 0.001)
(0.0235 0.001069035594 0.001069035594)
(0.0235 0.001138071187 0.001138071187)
(0.0235 0.001207106781 0.001207106781)
(0.0235 0.001276142375 0.001276142375)
(0.0235 0.001345177969 0.001345177969)
(0.0235 0.001414213562 0.001414213562)
(0.024 0.001 -0.0006666666667)
(0.024 0.001069035594 -0.0007126903958)
(0.024 0.001138071187 -0.000758714125)
(0.024 0.001207106781 -0.0008047378541)
(0.024 0.001276142375 -0.0008507615833)
(0.024 0.001345177969 -0.0008967853124)
(0.024 0.001414213562 -0.0009428090416)
(0.024 0.001 -0.0003333333333)
(0.024 0.001069035594 -0.0003563451979)
(0.024 0.001138071187 -0.0003793570625)
(0.024 0.001207106781 -0.0004023689271)
(0.024 0.001276142375 -0.0004253807916)
(0.024 0.001345177969 -0.0004483926562)
(0.024 0.001414213562 -0.0004714045208)
(0.024 0.001 0)
(0.024 0.001069035594 -1.807003621e-20)
(0.024 0.001138071187 0)
(0.024 0.001207106781 0)
(0.024 0.001276142375 -1.807003621e-20)
(0.024 0.001345177969 1.807003621e-20)
(0.024 0.001414213562 0)
(0.024 0.001 0.0003333333333)
(0.024 0.001069035594 0.0003563451979)
(0.024 0.001138071187 0.0003793570625)
(0.024 0.001207106781 0.0004023689271)
(0.024 0.001276142375 0.0004253807916)
(0.024 0.001345177969 0.0004483926562)
(0.024 0.001414213562 0.0004714045208)
(0.024 0.001 0.0006666666667)
(0.024 0.001069035594 0.0007126903958)
(0.024 0.001138071187 0.000758714125)
(0.024 0.001207106781 0.0008047378541)
(0.024 0.001276142375 0.0008507615833)
(0.024 0.001345177969 0.0008967853124)
(0.024 0.001414213562 0.0009428090416)
(0.024 0.001 0.001)
(0.024 0.001069035594 0.001069035594)
(0.024 0.001138071187 0.001138071187)
(0.024 0.001207106781 0.001207106781)
(0.024 0.001276142375 0.001276142375)
(0.024 0.001345177969 0.001345177969)
(0.024 0.001414213562 0.001414213562)
(0.0245 0.001 -0.0006666666667)
(0.0245 0.001069035594 -0.0007126903958)
(0.0245 0.001138071187 -0.000758714125)
(0.0245 0.001207106781 -0.0008047378541)
(0.0245 0.001276142375 -0.0008507615833)
(0.0245 0.001345177969 -0.0008967853124)
(0.0245 0.001414213562 -0.0009428090416)
(0.0245 0.001 -0.0003333333333)
(0.0245 0.001069035594 -0.0003563451979)
(0.0245 0.001138071187 -0.0003793570625)
(0.0245 0.001207106781 -0.0004023689271)
(0.0245 0.001276142375 -0.0004253807916)
(0.0245 0.001345177969 -0.0004483926562)
(0.0245 0.001414213562 -0.0004714045208)
(0.0245 0.001 0)
(0.0245 0.001069035594 -1.807003621e-20)
(0.0245 0.001138071187 0)
(0.0245 0.001207106781 0)
(0.0245 0.001276142375 -1.807003621e-20)
(0.0245 0.001345177969 1.807003621e-20)
(0.0245 0.001414213562 0)
(0.0245 0.001 0.0003333333333)
(0.0245 0.001069035594 0.0003563451979)
(0.0245 0.001138071187 0.0003793570625)
(0.0245 0.001207106781 0.0004023689271)
(0.0245 0.001276142375 0.0004253807916)
(0.0245 0.001345177969 0.0004483926562)
(0.0245 0.001414213562 0.0004714045208)
(0.0245 0.001 0.0006666666667)
(0.0245 0.001069035594 0.0007126903958)
(0.0245 0.001138071187 0.000758714125)
(0.0245 0.001207106781 0.0008047378541)
(0.0245 0.001276142375 0.0008507615833)
(0.0245 0.001345177969 0.0008967853124)
(0.0245 0.001414213562 0.0009428090416)
(0.0245 0.001 0.001)
(0.0245 0.001069035594 0.001069035594)
(0.0245 0.001138071187 0.001138071187)
(0.0245 0.001207106781 0.001207106781)
(0.0245 0.001276142375 0.001276142375)
(0.0245 0.001345177969 0.001345177969)
(0.0245 0.001414213562 0.001414213562)
(0.025 0.001 -0.0006666666667)
(0.025 0.001069035594 -0.0007126903958)
(0.025 0.001138071187 -0.000758714125)
(0.025 0.001207106781 -0.0008047378541)
(0.025 0.001276142375 -0.0008507615833)
(0.025 0.001345177969 -0.0008967853124)
(0.025 0.001414213562 -0.0009428090416)
(0.025 0.001 -0.0003333333333)
(0.025 0.001069035594 -0.0003563451979)
(0.025 0.001138071187 -0.0003793570625)
(0.025 0.001207106781 -0.0004023689271)
(0.025 0.001276142375 -0.0004253807916)
(0.025 0.001345177969 -0.0004483926562)
(0.025 0.001414213562 -0.0004714045208)
(0.025 0.001 0)
(0.025 0.001069035594 -1.807003621e-20)
(0.025 0.001138071187 0)
(0.025 0.001207106781 0)
(0.025 0.001276142375 -1.807003621e-20)
(0.025 0.001345177969 1.807003621e-20)
(0.025 0.001414213562 0)
(0.025 0.001 0.0003333333333)
(0.025 0.001069035594 0.0003563451979)
(0.025 0.001138071187 0.0003793570625)
(0.025 0.001207106781 0.0004023689271)
(0.025 0.001276142375 0.0004253807916)
(0.025 0.001345177969 0.0004483926562)
(0.025 0.001414213562 0.0004714045208)
(0.025 0.001 0.0006666666667)
(0.025 0.001069035594 0.0007126903958)
(0.025 0.001138071187 0.000758714125)
(0.025 0.001207106781 0.0008047378541)
(0.025 0.001276142375 0.0008507615833)
(0.025 0.001345177969 0.0008967853124)
(0.025 0.001414213562 0.0009428090416)
(0.025 0.001 0.001)
(0.025 0.001069035594 0.001069035594)
(0.025 0.001138071187 0.001138071187)
(0.025 0.001207106781 0.001207106781)
(0.025 0.001276142375 0.001276142375)
(0.025 0.001345177969 0.001345177969)
(0.025 0.001414213562 0.001414213562)
(0.0255 0.001 -0.0006666666667)
(0.0255 0.001069035594 -0.0007126903958)
(0.0255 0.001138071187 -0.000758714125)
(0.0255 0.001207106781 -0.0008047378541)
(0.0255 0.001276142375 -0.0008507615833)
(0.0255 0.001345177969 -0.0008967853124)
(0.0255 0.001414213562 -0.0009428090416)
(0.0255 0.001 -0.0003333333333)
(0.0255 0.001069035594 -0.0003563451979)
(0.0255 0.001138071187 -0.0003793570625)
(0.0255 0.001207106781 -0.0004023689271)
(0.0255 0.001276142375 -0.0004253807916)
(0.0255 0.001345177969 -0.0004483926562)
(0.0255 0.001414213562 -0.0004714045208)
(0.0255 0.001 0)
(0.0255 0.001069035594 -1.807003621e-20)
(0.0255 0.001138071187 0)
(0.0255 0.001207106781 0)
(0.0255 0.001276142375 -1.807003621e-20)
(0.0255 0.001345177969 1.807003621e-20)
(0.0255 0.001414213562 0)
(0.0255 0.001 0.0003333333333)
(0.0255 0.001069035594 0.0003563451979)
(0.0255 0.001138071187 0.0003793570625)
(0.0255 0.001207106781 0.0004023689271)
(0.0255 0.001276142375 0.0004253807916)
(0.0255 0.001345177969 0.0004483926562)
(0.0255 0.001414213562 0.0004714045208)
(0.0255 0.001 0.0006666666667)
(0.0255 0.001069035594 0.0007126903958)
(0.0255 0.001138071187 0.000758714125)
(0.0255 0.001207106781 0.0008047378541)
(0.0255 0.001276142375 0.0008507615833)
(0.0255 0.001345177969 0.0008967853124)
(0.0255 0.001414213562 0.0009428090416)
(0.0255 0.001 0.001)
(0.0255 0.001069035594 0.001069035594)
(0.0255 0.001138071187 0.001138071187)
(0.0255 0.001207106781 0.001207106781)
(0.0255 0.001276142375 0.001276142375)
(0.0255 0.001345177969 0.001345177969)
(0.0255 0.001414213562 0.001414213562)
(0.026 0.001 -0.0006666666667)
(0.026 0.001069035594 -0.0007126903958)
(0.026 0.001138071187 -0.000758714125)
(0.026 0.001207106781 -0.0008047378541)
(0.026 0.001276142375 -0.0008507615833)
(0.026 0.001345177969 -0.0008967853124)
(0.026 0.001414213562 -0.0009428090416)
(0.026 0.001 -0.0003333333333)
(0.026 0.001069035594 -0.0003563451979)
(0.026 0.001138071187 -0.0003793570625)
(0.026 0.001207106781 -0.0004023689271)
(0.026 0.001276142375 -0.0004253807916)
(0.026 0.001345177969 -0.0004483926562)
(0.026 0.001414213562 -0.0004714045208)
(0.026 0.001 0)
(0.026 0.001069035594 -1.807003621e-20)
(0.026 0.001138071187 0)
(0.026 0.001207106781 0)
(0.026 0.001276142375 -1.807003621e-20)
(0.026 0.001345177969 1.807003621e-20)
(0.026 0.001414213562 0)
(0.026 0.001 0.0003333333333)
(0.026 0.001069035594 0.0003563451979)
(0.026 0.001138071187 0.0003793570625)
(0.026 0.001207106781 0.0004023689271)
(0.026 0.001276142375 0.0004253807916)
(0.026 0.001345177969 0.0004483926562)
(0.026 0.001414213562 0.0004714045208)
(0.026 0.001 0.0006666666667)
(0.026 0.001069035594 0.0007126903958)
(0.026 0.001138071187 0.000758714125)
(0.026 0.001207106781 0.0008047378541)
(0.026 0.001276142375 0.0008507615833)
(0.026 0.001345177969 0.0008967853124)
(0.026 0.001414213562 0.0009428090416)
(0.026 0.001 0.001)
(0.026 0.001069035594 0.001069035594)
(0.026 0.001138071187 0.001138071187)
(0.026 0.001207106781 0.001207106781)
(0.026 0.001276142375 0.001276142375)
(0.026 0.001345177969 0.001345177969)
(0.026 0.001414213562 0.001414213562)
(0.0265 0.001 -0.0006666666667)
(0.0265 0.001069035594 -0.0007126903958)
(0.0265 0.001138071187 -0.000758714125)
(0.0265 0.001207106781 -0.0008047378541)
(0.0265 0.001276142375 -0.0008507615833)
(0.0265 0.001345177969 -0.0008967853124)
(0.0265 0.001414213562 -0.0009428090416)
(0.0265 0.001 -0.0003333333333)
(0.0265 0.001069035594 -0.0003563451979)
(0.0265 0.001138071187 -0.0003793570625)
(0.0265 0.001207106781 -0.0004023689271)
(0.0265 0.001276142375 -0.0004253807916)
(0.0265 0.001345177969 -0.0004483926562)
(0.0265 0.001414213562 -0.0004714045208)
(0.0265 0.001 0)
(0.0265 0.001069035594 -1.807003621e-20)
(0.0265 0.001138071187 0)
(0.0265 0.001207106781 0)
(0.0265 0.001276142375 -1.807003621e-20)
(0.0265 0.001345177969 1.807003621e-20)
(0.0265 0.001414213562 0)
(0.0265 0.001 0.0003333333333)
(0.0265 0.001069035594 0.0003563451979)
(0.0265 0.001138071187 0.0003793570625)
(0.0265 0.001207106781 0.0004023689271)
(0.0265 0.001276142375 0.0004253807916)
(0.0265 0.001345177969 0.0004483926562)
(0.0265 0.001414213562 0.0004714045208)
(0.0265 0.001 0.0006666666667)
(0.0265 0.001069035594 0.0007126903958)
(0.0265 0.001138071187 0.000758714125)
(0.0265 0.001207106781 0.0008047378541)
(0.0265 0.001276142375 0.0008507615833)
(0.0265 0.001345177969 0.0008967853124)
(0.0265 0.001414213562 0.0009428090416)
(0.0265 0.001 0.001)
(0.0265 0.001069035594 0.001069035594)
(0.0265 0.001138071187 0.001138071187)
(0.0265 0.001207106781 0.001207106781)
(0.0265 0.001276142375 0.001276142375)
(0.0265 0.001345177969 0.001345177969)
(0.0265 0.001414213562 0.001414213562)
(0.027 0.001 -0.0006666666667)
(0.027 0.001069035594 -0.0007126903958)
(0.027 0.001138071187 -0.000758714125)
(0.027 0.001207106781 -0.0008047378541)
(0.027 0.001276142375 -0.0008507615833)
(0.027 0.001345177969 -0.0008967853124)
(0.027 0.001414213562 -0.0009428090416)
(0.027 0.001 -0.0003333333333)
(0.027 0.001069035594 -0.0003563451979)
(0.027 0.001138071187 -0.0003793570625)
(0.027 0.001207106781 -0.0004023689271)
(0.027 0.001276142375 -0.0004253807916)
(0.027 0.001345177969 -0.0004483926562)
(0.027 0.001414213562 -0.0004714045208)
(0.027 0.001 0)
(0.027 0.001069035594 -1.807003621e-20)
(0.027 0.001138071187 0)
(0.027 0.001207106781 0)
(0.027 0.001276142375 -1.807003621e-20)
(0.027 0.001345177969 1.807003621e-20)
(0.027 0.001414213562 0)
(0.027 0.001 0.0003333333333)
(0.027 0.001069035594 0.0003563451979)
(0.027 0.001138071187 0.0003793570625)
(0.027 0.001207106781 0.0004023689271)
(0.027 0.001276142375 0.0004253807916)
(0.027 0.001345177969 0.0004483926562)
(0.027 0.001414213562 0.0004714045208)
(0.027 0.001 0.0006666666667)
(0.027 0.001069035594 0.0007126903958)
(0.027 0.001138071187 0.000758714125)
(0.027 0.001207106781 0.0008047378541)
(0.027 0.001276142375 0.0008507615833)
(0.027 0.001345177969 0.0008967853124)
(0.027 0.001414213562 0.0009428090416)
(0.027 0.001 0.001)
(0.027 0.001069035594 0.001069035594)
(0.027 0.001138071187 0.001138071187)
(0.027 0.001207106781 0.001207106781)
(0.027 0.001276142375 0.001276142375)
(0.027 0.001345177969 0.001345177969)
(0.027 0.001414213562 0.001414213562)
(0.0275 0.001 -0.0006666666667)
(0.0275 0.001069035594 -0.0007126903958)
(0.0275 0.001138071187 -0.000758714125)
(0.0275 0.001207106781 -0.0008047378541)
(0.0275 0.001276142375 -0.0008507615833)
(0.0275 0.001345177969 -0.0008967853124)
(0.0275 0.001414213562 -0.0009428090416)
(0.0275 0.001 -0.0003333333333)
(0.0275 0.001069035594 -0.0003563451979)
(0.0275 0.001138071187 -0.0003793570625)
(0.0275 0.001207106781 -0.0004023689271)
(0.0275 0.001276142375 -0.0004253807916)
(0.0275 0.001345177969 -0.0004483926562)
(0.0275 0.001414213562 -0.0004714045208)
(0.0275 0.001 0)
(0.0275 0.001069035594 -1.807003621e-20)
(0.0275 0.001138071187 0)
(0.0275 0.001207106781 0)
(0.0275 0.001276142375 -1.807003621e-20)
(0.0275 0.001345177969 1.807003621e-20)
(0.0275 0.001414213562 0)
(0.0275 0.001 0.0003333333333)
(0.0275 0.001069035594 0.0003563451979)
(0.0275 0.001138071187 0.0003793570625)
(0.0275 0.001207106781 0.0004023689271)
(0.0275 0.001276142375 0.0004253807916)
(0.0275 0.001345177969 0.0004483926562)
(0.0275 0.001414213562 0.0004714045208)
(0.0275 0.001 0.0006666666667)
(0.0275 0.001069035594 0.0007126903958)
(0.0275 0.001138071187 0.000758714125)
(0.0275 0.001207106781 0.0008047378541)
(0.0275 0.001276142375 0.0008507615833)
(0.0275 0.001345177969 0.0008967853124)
(0.0275 0.001414213562 0.0009428090416)
(0.0275 0.001 0.001)
(0.0275 0.001069035594 0.001069035594)
(0.0275 0.001138071187 0.001138071187)
(0.0275 0.001207106781 0.001207106781)
(0.0275 0.001276142375 0.001276142375)
(0.0275 0.001345177969 0.001345177969)
(0.0275 0.001414213562 0.001414213562)
(0.028 0.001 -0.0006666666667)
(0.028 0.001069035594 -0.0007126903958)
(0.028 0.001138071187 -0.000758714125)
(0.028 0.001207106781 -0.0008047378541)
(0.028 0.001276142375 -0.0008507615833)
(0.028 0.001345177969 -0.0008967853124)
(0.028 0.001414213562 -0.0009428090416)
(0.028 0.001 -0.0003333333333)
(0.028 0.001069035594 -0.0003563451979)
(0.028 0.001138071187 -0.0003793570625)
(0.028 0.001207106781 -0.0004023689271)
(0.028 0.001276142375 -0.0004253807916)
(0.028 0.001345177969 -0.0004483926562)
(0.028 0.001414213562 -0.0004714045208)
(0.028 0.001 0)
(0.028 0.001069035594 -1.807003621e-20)
(0.028 0.001138071187 0)
(0.028 0.001207106781 0)
(0.028 0.001276142375 -1.807003621e-20)
(0.028 0.001345177969 1.807003621e-20)
(0.028 0.001414213562 0)
(0.028 0.001 0.0003333333333)
(0.028 0.001069035594 0.0003563451979)
(0.028 0.001138071187 0.0003793570625)
(0.028 0.001207106781 0.0004023689271)
(0.028 0.001276142375 0.0004253807916)
(0.028 0.001345177969 0.0004483926562)
(0.028 0.001414213562 0.0004714045208)
(0.028 0.001 0.0006666666667)
(0.028 0.001069035594 0.0007126903958)
(0.028 0.001138071187 0.000758714125)
(0.028 0.001207106781 0.0008047378541)
(0.028 0.001276142375 0.0008507615833)
(0.028 0.001345177969 0.0008967853124)
(0.028 0.001414213562 0.0009428090416)
(0.028 0.001 0.001)
(0.028 0.001069035594 0.001069035594)
(0.028 0.001138071187 0.001138071187)
(0.028 0.001207106781 0.001207106781)
(0.028 0.001276142375 0.001276142375)
(0.028 0.001345177969 0.001345177969)
(0.028 0.001414213562 0.001414213562)
(0.0285 0.001 -0.0006666666667)
(0.0285 0.001069035594 -0.0007126903958)
(0.0285 0.001138071187 -0.000758714125)
(0.0285 0.001207106781 -0.0008047378541)
(0.0285 0.001276142375 -0.0008507615833)
(0.0285 0.001345177969 -0.0008967853124)
(0.0285 0.001414213562 -0.0009428090416)
(0.0285 0.001 -0.0003333333333)
(0.0285 0.001069035594 -0.0003563451979)
(0.0285 0.001138071187 -0.0003793570625)
(0.0285 0.001207106781 -0.0004023689271)
(0.0285 0.001276142375 -0.0004253807916)
(0.0285 0.001345177969 -0.0004483926562)
(0.0285 0.001414213562 -0.0004714045208)
(0.0285 0.001 0)
(0.0285 0.001069035594 -1.807003621e-20)
(0.0285 0.001138071187 0)
(0.0285 0.001207106781 0)
(0.0285 0.001276142375 -1.807003621e-20)
(0.0285 0.001345177969 1.807003621e-20)
(0.0285 0.001414213562 0)
(0.0285 0.001 0.0003333333333)
(0.0285 0.001069035594 0.0003563451979)
(0.0285 0.001138071187 0.0003793570625)
(0.0285 0.001207106781 0.0004023689271)
(0.0285 0.001276142375 0.0004253807916)
(0.0285 0.001345177969 0.0004483926562)
(0.0285 0.001414213562 0.0004714045208)
(0.0285 0.001 0.0006666666667)
(0.0285 0.001069035594 0.0007126903958)
(0.0285 0.001138071187 0.000758714125)
(0.0285 0.001207106781 0.0008047378541)
(0.0285 0.001276142375 0.0008507615833)
(0.0285 0.001345177969 0.0008967853124)
(0.0285 0.001414213562 0.0009428090416)
(0.0285 0.001 0.001)
(0.0285 0.001069035594 0.001069035594)
(0.0285 0.001138071187 0.001138071187)
(0.0285 0.001207106781 0.001207106781)
(0.0285 0.001276142375 0.001276142375)
(0.0285 0.001345177969 0.001345177969)
(0.0285 0.001414213562 0.001414213562)
(0.029 0.001 -0.0006666666667)
(0.029 0.001069035594 -0.0007126903958)
(0.029 0.001138071187 -0.000758714125)
(0.029 0.001207106781 -0.0008047378541)
(0.029 0.001276142375 -0.0008507615833)
(0.029 0.001345177969 -0.0008967853124)
(0.029 0.001414213562 -0.0009428090416)
(0.029 0.001 -0.0003333333333)
(0.029 0.001069035594 -0.0003563451979)
(0.029 0.001138071187 -0.0003793570625)
(0.029 0.001207106781 -0.0004023689271)
(0.029 0.001276142375 -0.0004253807916)
(0.029 0.001345177969 -0.0004483926562)
(0.029 0.001414213562 -0.0004714045208)
(0.029 0.001 0)
(0.029 0.001069035594 -1.807003621e-20)
(0.029 0.001138071187 0)
(0.029 0.001207106781 0)
(0.029 0.001276142375 -1.807003621e-20)
(0.029 0.001345177969 1.807003621e-20)
(0.029 0.001414213562 0)
(0.029 0.001 0.0003333333333)
(0.029 0.001069035594 0.0003563451979)
(0.029 0.001138071187 0.0003793570625)
(0.029 0.001207106781 0.0004023689271)
(0.029 0.001276142375 0.0004253807916)
(0.029 0.001345177969 0.0004483926562)
(0.029 0.001414213562 0.0004714045208)
(0.029 0.001 0.0006666666667)
(0.029 0.001069035594 0.0007126903958)
(0.029 0.001138071187 0.000758714125)
(0.029 0.001207106781 0.0008047378541)
(0.029 0.001276142375 0.0008507615833)
(0.029 0.001345177969 0.0008967853124)
(0.029 0.001414213562 0.0009428090416)
(0.029 0.001 0.001)
(0.029 0.001069035594 0.001069035594)
(0.029 0.001138071187 0.001138071187)
(0.029 0.001207106781 0.001207106781)
(0.029 0.001276142375 0.001276142375)
(0.029 0.001345177969 0.001345177969)
(0.029 0.001414213562 0.001414213562)
(0.0295 0.001 -0.0006666666667)
(0.0295 0.001069035594 -0.0007126903958)
(0.0295 0.001138071187 -0.000758714125)
(0.0295 0.001207106781 -0.0008047378541)
(0.0295 0.001276142375 -0.0008507615833)
(0.0295 0.001345177969 -0.0008967853124)
(0.0295 0.001414213562 -0.0009428090416)
(0.0295 0.001 -0.0003333333333)
(0.0295 0.001069035594 -0.0003563451979)
(0.0295 0.001138071187 -0.0003793570625)
(0.0295 0.001207106781 -0.0004023689271)
(0.0295 0.001276142375 -0.0004253807916)
(0.0295 0.001345177969 -0.0004483926562)
(0.0295 0.001414213562 -0.0004714045208)
(0.0295 0.001 0)
(0.0295 0.001069035594 -1.807003621e-20)
(0.0295 0.001138071187 0)
(0.0295 0.001207106781 0)
(0.0295 0.001276142375 -1.807003621e-20)
(0.0295 0.001345177969 1.807003621e-20)
(0.0295 0.001414213562 0)
(0.0295 0.001 0.0003333333333)
(0.0295 0.001069035594 0.0003563451979)
(0.0295 0.001138071187 0.0003793570625)
(0.0295 0.001207106781 0.0004023689271)
(0.0295 0.001276142375 0.0004253807916)
(0.0295 0.001345177969 0.0004483926562)
(0.0295 0.001414213562 0.0004714045208)
(0.0295 0.001 0.0006666666667)
(0.0295 0.001069035594 0.0007126903958)
(0.0295 0.001138071187 0.000758714125)
(0.0295 0.001207106781 0.0008047378541)
(0.0295 0.001276142375 0.0008507615833)
(0.0295 0.001345177969 0.0008967853124)
(0.0295 0.001414213562 0.0009428090416)
(0.0295 0.001 0.001)
(0.0295 0.001069035594 0.001069035594)
(0.0295 0.001138071187 0.001138071187)
(0.0295 0.001207106781 0.001207106781)
(0.0295 0.001276142375 0.001276142375)
(0.0295 0.001345177969 0.001345177969)
(0.0295 0.001414213562 0.001414213562)
(0.03 0.001 -0.0006666666667)
(0.03 0.001069035594 -0.0007126903958)
(0.03 0.001138071187 -0.000758714125)
(0.03 0.001207106781 -0.0008047378541)
(0.03 0.001276142375 -0.0008507615833)
(0.03 0.001345177969 -0.0008967853124)
(0.03 0.001414213562 -0.0009428090416)
(0.03 0.001 -0.0003333333333)
(0.03 0.001069035594 -0.0003563451979)
(0.03 0.001138071187 -0.0003793570625)
(0.03 0.001207106781 -0.0004023689271)
(0.03 0.001276142375 -0.0004253807916)
(0.03 0.001345177969 -0.0004483926562)
(0.03 0.001414213562 -0.0004714045208)
(0.03 0.001 0)
(0.03 0.001069035594 -1.807003621e-20)
(0.03 0.001138071187 0)
(0.03 0.001207106781 0)
(0.03 0.001276142375 -1.807003621e-20)
(0.03 0.001345177969 1.807003621e-20)
(0.03 0.001414213562 0)
(0.03 0.001 0.0003333333333)
(0.03 0.001069035594 0.0003563451979)
(0.03 0.001138071187 0.0003793570625)
(0.03 0.001207106781 0.0004023689271)
(0.03 0.001276142375 0.0004253807916)
(0.03 0.001345177969 0.0004483926562)
(0.03 0.001414213562 0.0004714045208)
(0.03 0.001 0.0006666666667)
(0.03 0.001069035594 0.0007126903958)
(0.03 0.001138071187 0.000758714125)
(0.03 0.001207106781 0.0008047378541)
(0.03 0.001276142375 0.0008507615833)
(0.03 0.001345177969 0.0008967853124)
(0.03 0.001414213562 0.0009428090416)
(0.03 0.001 0.001)
(0.03 0.001069035594 0.001069035594)
(0.03 0.001138071187 0.001138071187)
(0.03 0.001207106781 0.001207106781)
(0.03 0.001276142375 0.001276142375)
(0.03 0.001345177969 0.001345177969)
(0.03 0.001414213562 0.001414213562)
(0.0305 0.001 -0.0006666666667)
(0.0305 0.001069035594 -0.0007126903958)
(0.0305 0.001138071187 -0.000758714125)
(0.0305 0.001207106781 -0.0008047378541)
(0.0305 0.001276142375 -0.0008507615833)
(0.0305 0.001345177969 -0.0008967853124)
(0.0305 0.001414213562 -0.0009428090416)
(0.0305 0.001 -0.0003333333333)
(0.0305 0.001069035594 -0.0003563451979)
(0.0305 0.001138071187 -0.0003793570625)
(0.0305 0.001207106781 -0.0004023689271)
(0.0305 0.001276142375 -0.0004253807916)
(0.0305 0.001345177969 -0.0004483926562)
(0.0305 0.001414213562 -0.0004714045208)
(0.0305 0.001 0)
(0.0305 0.001069035594 -1.807003621e-20)
(0.0305 0.001138071187 0)
(0.0305 0.001207106781 0)
(0.0305 0.001276142375 -1.807003621e-20)
(0.0305 0.001345177969 -1.355252716e-20)
(0.0305 0.001414213562 0)
(0.0305 0.001 0.0003333333333)
(0.0305 0.001069035594 0.0003563451979)
(0.0305 0.001138071187 0.0003793570625)
(0.0305 0.001207106781 0.0004023689271)
(0.0305 0.001276142375 0.0004253807916)
(0.0305 0.001345177969 0.0004483926562)
(0.0305 0.001414213562 0.0004714045208)
(0.0305 0.001 0.0006666666667)
(0.0305 0.001069035594 0.0007126903958)
(0.0305 0.001138071187 0.000758714125)
(0.0305 0.001207106781 0.0008047378541)
(0.0305 0.001276142375 0.0008507615833)
(0.0305 0.001345177969 0.0008967853124)
(0.0305 0.001414213562 0.0009428090416)
(0.0305 0.001 0.001)
(0.0305 0.001069035594 0.001069035594)
(0.0305 0.001138071187 0.001138071187)
(0.0305 0.001207106781 0.001207106781)
(0.0305 0.001276142375 0.001276142375)
(0.0305 0.001345177969 0.001345177969)
(0.0305 0.001414213562 0.001414213562)
(0.031 0.001 -0.0006666666667)
(0.031 0.001069035594 -0.0007126903958)
(0.031 0.001138071187 -0.000758714125)
(0.031 0.001207106781 -0.0008047378541)
(0.031 0.001276142375 -0.0008507615833)
(0.031 0.001345177969 -0.0008967853124)
(0.031 0.001414213562 -0.0009428090416)
(0.031 0.001 -0.0003333333333)
(0.031 0.001069035594 -0.0003563451979)
(0.031 0.001138071187 -0.0003793570625)
(0.031 0.001207106781 -0.0004023689271)
(0.031 0.001276142375 -0.0004253807916)
(0.031 0.001345177969 -0.0004483926562)
(0.031 0.001414213562 -0.0004714045208)
(0.031 0.001 0)
(0.031 0.001069035594 0)
(0.031 0.001138071187 0)
(0.031 0.001207106781 0)
(0.031 0.001276142375 -1.807003621e-20)
(0.031 0.001345177969 -1.807003621e-20)
(0.031 0.001414213562 0)
(0.031 0.001 0.0003333333333)
(0.031 0.001069035594 0.0003563451979)
(0.031 0.001138071187 0.0003793570625)
(0.031 0.001207106781 0.0004023689271)
(0.031 0.001276142375 0.0004253807916)
(0.031 0.001345177969 0.0004483926562)
(0.031 0.001414213562 0.0004714045208)
(0.031 0.001 0.0006666666667)
(0.031 0.001069035594 0.0007126903958)
(0.031 0.001138071187 0.000758714125)
(0.031 0.001207106781 0.0008047378541)
(0.031 0.001276142375 0.0008507615833)
(0.031 0.001345177969 0.0008967853124)
(0.031 0.001414213562 0.0009428090416)
(0.031 0.001 0.001)
(0.031 0.001069035594 0.001069035594)
(0.031 0.001138071187 0.001138071187)
(0.031 0.001207106781 0.001207106781)
(0.031 0.001276142375 0.001276142375)
(0.031 0.001345177969 0.001345177969)
(0.031 0.001414213562 0.001414213562)
(0.0315 0.001 -0.0006666666667)
(0.0315 0.001069035594 -0.0007126903958)
(0.0315 0.001138071187 -0.000758714125)
(0.0315 0.001207106781 -0.0008047378541)
(0.0315 0.001276142375 -0.0008507615833)
(0.0315 0.001345177969 -0.0008967853124)
(0.0315 0.001414213562 -0.0009428090416)
(0.0315 0.001 -0.0003333333333)
(0.0315 0.001069035594 -0.0003563451979)
(0.0315 0.001138071187 -0.0003793570625)
(0.0315 0.001207106781 -0.0004023689271)
(0.0315 0.001276142375 -0.0004253807916)
(0.0315 0.001345177969 -0.0004483926562)
(0.0315 0.001414213562 -0.0004714045208)
(0.0315 0.001 0)
(0.0315 0.001069035594 -1.807003621e-20)
(0.0315 0.001138071187 0)
(0.0315 0.001207106781 0)
(0.0315 0.001276142375 -1.807003621e-20)
(0.0315 0.001345177969 1.807003621e-20)
(0.0315 0.001414213562 0)
(0.0315 0.001 0.0003333333333)
(0.0315 0.001069035594 0.0003563451979)
(0.0315 0.001138071187 0.0003793570625)
(0.0315 0.001207106781 0.0004023689271)
(0.0315 0.001276142375 0.0004253807916)
(0.0315 0.001345177969 0.0004483926562)
(0.0315 0.001414213562 0.0004714045208)
(0.0315 0.001 0.0006666666667)
(0.0315 0.001069035594 0.0007126903958)
(0.0315 0.001138071187 0.000758714125)
(0.0315 0.001207106781 0.0008047378541)
(0.0315 0.001276142375 0.0008507615833)
(0.0315 0.001345177969 0.0008967853124)
(0.0315 0.001414213562 0.0009428090416)
(0.0315 0.001 0.001)
(0.0315 0.001069035594 0.001069035594)
(0.0315 0.001138071187 0.001138071187)
(0.0315 0.001207106781 0.001207106781)
(0.0315 0.001276142375 0.001276142375)
(0.0315 0.001345177969 0.001345177969)
(0.0315 0.001414213562 0.001414213562)
(0.032 0.001 -0.0006666666667)
(0.032 0.001069035594 -0.0007126903958)
(0.032 0.001138071187 -0.000758714125)
(0.032 0.001207106781 -0.0008047378541)
(0.032 0.001276142375 -0.0008507615833)
(0.032 0.001345177969 -0.0008967853124)
(0.032 0.001414213562 -0.0009428090416)
(0.032 0.001 -0.0003333333333)
(0.032 0.001069035594 -0.0003563451979)
(0.032 0.001138071187 -0.0003793570625)
(0.032 0.001207106781 -0.0004023689271)
(0.032 0.001276142375 -0.0004253807916)
(0.032 0.001345177969 -0.0004483926562)
(0.032 0.001414213562 -0.0004714045208)
(0.032 0.001 0)
(0.032 0.001069035594 -1.807003621e-20)
(0.032 0.001138071187 0)
(0.032 0.001207106781 0)
(0.032 0.001276142375 -1.807003621e-20)
(0.032 0.001345177969 -1.355252716e-20)
(0.032 0.001414213562 0)
(0.032 0.001 0.0003333333333)
(0.032 0.001069035594 0.0003563451979)
(0.032 0.001138071187 0.0003793570625)
(0.032 0.001207106781 0.0004023689271)
(0.032 0.001276142375 0.0004253807916)
(0.032 0.001345177969 0.0004483926562)
(0.032 0.001414213562 0.0004714045208)
(0.032 0.001 0.0006666666667)
(0.032 0.001069035594 0.0007126903958)
(0.032 0.001138071187 0.000758714125)
(0.032 0.001207106781 0.0008047378541)
(0.032 0.001276142375 0.0008507615833)
(0.032 0.001345177969 0.0008967853124)
(0.032 0.001414213562 0.0009428090416)
(0.032 0.001 0.001)
(0.032 0.001069035594 0.001069035594)
(0.032 0.001138071187 0.001138071187)
(0.032 0.001207106781 0.001207106781)
(0.032 0.001276142375 0.001276142375)
(0.032 0.001345177969 0.001345177969)
(0.032 0.001414213562 0.001414213562)
(0.0325 0.001 -0.0006666666667)
(0.0325 0.001069035594 -0.0007126903958)
(0.0325 0.001138071187 -0.000758714125)
(0.0325 0.001207106781 -0.0008047378541)
(0.0325 0.001276142375 -0.0008507615833)
(0.0325 0.001345177969 -0.0008967853124)
(0.0325 0.001414213562 -0.0009428090416)
(0.0325 0.001 -0.0003333333333)
(0.0325 0.001069035594 -0.0003563451979)
(0.0325 0.001138071187 -0.0003793570625)
(0.0325 0.001207106781 -0.0004023689271)
(0.0325 0.001276142375 -0.0004253807916)
(0.0325 0.001345177969 -0.0004483926562)
(0.0325 0.001414213562 -0.0004714045208)
(0.0325 0.001 0)
(0.0325 0.001069035594 0)
(0.0325 0.001138071187 0)
(0.0325 0.001207106781 0)
(0.0325 0.001276142375 -1.807003621e-20)
(0.0325 0.001345177969 -1.807003621e-20)
(0.0325 0.001414213562 0)
(0.0325 0.001 0.0003333333333)
(0.0325 0.001069035594 0.0003563451979)
(0.0325 0.001138071187 0.0003793570625)
(0.0325 0.001207106781 0.0004023689271)
(0.0325 0.001276142375 0.0004253807916)
(0.0325 0.001345177969 0.0004483926562)
(0.0325 0.001414213562 0.0004714045208)
(0.0325 0.001 0.0006666666667)
(0.0325 0.001069035594 0.0007126903958)
(0.0325 0.001138071187 0.000758714125)
(0.0325 0.001207106781 0.0008047378541)
(0.0325 0.001276142375 0.0008507615833)
(0.0325 0.001345177969 0.0008967853124)
(0.0325 0.001414213562 0.0009428090416)
(0.0325 0.001 0.001)
(0.0325 0.001069035594 0.001069035594)
(0.0325 0.001138071187 0.001138071187)
(0.0325 0.001207106781 0.001207106781)
(0.0325 0.001276142375 0.001276142375)
(0.0325 0.001345177969 0.001345177969)
(0.0325 0.001414213562 0.001414213562)
(0.033 0.001 -0.0006666666667)
(0.033 0.001069035594 -0.0007126903958)
(0.033 0.001138071187 -0.000758714125)
(0.033 0.001207106781 -0.0008047378541)
(0.033 0.001276142375 -0.0008507615833)
(0.033 0.001345177969 -0.0008967853124)
(0.033 0.001414213562 -0.0009428090416)
(0.033 0.001 -0.0003333333333)
(0.033 0.001069035594 -0.0003563451979)
(0.033 0.001138071187 -0.0003793570625)
(0.033 0.001207106781 -0.0004023689271)
(0.033 0.001276142375 -0.0004253807916)
(0.033 0.001345177969 -0.0004483926562)
(0.033 0.001414213562 -0.0004714045208)
(0.033 0.001 0)
(0.033 0.001069035594 -1.807003621e-20)
(0.033 0.001138071187 0)
(0.033 0.001207106781 0)
(0.033 0.001276142375 -1.807003621e-20)
(0.033 0.001345177969 1.807003621e-20)
(0.033 0.001414213562 0)
(0.033 0.001 0.0003333333333)
(0.033 0.001069035594 0.0003563451979)
(0.033 0.001138071187 0.0003793570625)
(0.033 0.001207106781 0.0004023689271)
(0.033 0.001276142375 0.0004253807916)
(0.033 0.001345177969 0.0004483926562)
(0.033 0.001414213562 0.0004714045208)
(0.033 0.001 0.0006666666667)
(0.033 0.001069035594 0.0007126903958)
(0.033 0.001138071187 0.000758714125)
(0.033 0.001207106781 0.0008047378541)
(0.033 0.001276142375 0.0008507615833)
(0.033 0.001345177969 0.0008967853124)
(0.033 0.001414213562 0.0009428090416)
(0.033 0.001 0.001)
(0.033 0.001069035594 0.001069035594)
(0.033 0.001138071187 0.001138071187)
(0.033 0.001207106781 0.001207106781)
(0.033 0.001276142375 0.001276142375)
(0.033 0.001345177969 0.001345177969)
(0.033 0.001414213562 0.001414213562)
(0.0335 0.001 -0.0006666666667)
(0.0335 0.001069035594 -0.0007126903958)
(0.0335 0.001138071187 -0.000758714125)
(0.0335 0.001207106781 -0.0008047378541)
(0.0335 0.001276142375 -0.0008507615833)
(0.0335 0.001345177969 -0.0008967853124)
(0.0335 0.001414213562 -0.0009428090416)
(0.0335 0.001 -0.0003333333333)
(0.0335 0.001069035594 -0.0003563451979)
(0.0335 0.001138071187 -0.0003793570625)
(0.0335 0.001207106781 -0.0004023689271)
(0.0335 0.001276142375 -0.0004253807916)
(0.0335 0.001345177969 -0.0004483926562)
(0.0335 0.001414213562 -0.0004714045208)
(0.0335 0.001 0)
(0.0335 0.001069035594 -1.807003621e-20)
(0.0335 0.001138071187 0)
(0.0335 0.001207106781 0)
(0.0335 0.001276142375 -1.807003621e-20)
(0.0335 0.001345177969 -1.355252716e-20)
(0.0335 0.001414213562 0)
(0.0335 0.001 0.0003333333333)
(0.0335 0.001069035594 0.0003563451979)
(0.0335 0.001138071187 0.0003793570625)
(0.0335 0.001207106781 0.0004023689271)
(0.0335 0.001276142375 0.0004253807916)
(0.0335 0.001345177969 0.0004483926562)
(0.0335 0.001414213562 0.0004714045208)
(0.0335 0.001 0.0006666666667)
(0.0335 0.001069035594 0.0007126903958)
(0.0335 0.001138071187 0.000758714125)
(0.0335 0.001207106781 0.0008047378541)
(0.0335 0.001276142375 0.0008507615833)
(0.0335 0.001345177969 0.0008967853124)
(0.0335 0.001414213562 0.0009428090416)
(0.0335 0.001 0.001)
(0.0335 0.001069035594 0.001069035594)
(0.0335 0.001138071187 0.001138071187)
(0.0335 0.001207106781 0.001207106781)
(0.0335 0.001276142375 0.001276142375)
(0.0335 0.001345177969 0.001345177969)
(0.0335 0.001414213562 0.001414213562)
(0.034 0.001 -0.0006666666667)
(0.034 0.001069035594 -0.0007126903958)
(0.034 0.001138071187 -0.000758714125)
(0.034 0.001207106781 -0.0008047378541)
(0.034 0.001276142375 -0.0008507615833)
(0.034 0.001345177969 -0.0008967853124)
(0.034 0.001414213562 -0.0009428090416)
(0.034 0.001 -0.0003333333333)
(0.034 0.001069035594 -0.0003563451979)
(0.034 0.001138071187 -0.0003793570625)
(0.034 0.001207106781 -0.0004023689271)
(0.034 0.001276142375 -0.0004253807916)
(0.034 0.001345177969 -0.0004483926562)
(0.034 0.001414213562 -0.0004714045208)
(0.034 0.001 0)
(0.034 0.001069035594 0)
(0.034 0.001138071187 0)
(0.034 0.001207106781 0)
(0.034 0.001276142375 -1.807003621e-20)
(0.034 0.001345177969 -1.807003621e-20)
(0.034 0.001414213562 0)
(0.034 0.001 0.0003333333333)
(0.034 0.001069035594 0.0003563451979)
(0.034 0.001138071187 0.0003793570625)
(0.034 0.001207106781 0.0004023689271)
(0.034 0.001276142375 0.0004253807916)
(0.034 0.001345177969 0.0004483926562)
(0.034 0.001414213562 0.0004714045208)
(0.034 0.001 0.0006666666667)
(0.034 0.001069035594 0.0007126903958)
(0.034 0.001138071187 0.000758714125)
(0.034 0.001207106781 0.0008047378541)
(0.034 0.001276142375 0.0008507615833)
(0.034 0.001345177969 0.0008967853124)
(0.034 0.001414213562 0.0009428090416)
(0.034 0.001 0.001)
(0.034 0.001069035594 0.001069035594)
(0.034 0.001138071187 0.001138071187)
(0.034 0.001207106781 0.001207106781)
(0.034 0.001276142375 0.001276142375)
(0.034 0.001345177969 0.001345177969)
(0.034 0.001414213562 0.001414213562)
(0.0345 0.001 -0.0006666666667)
(0.0345 0.001069035594 -0.0007126903958)
(0.0345 0.001138071187 -0.000758714125)
(0.0345 0.001207106781 -0.0008047378541)
(0.0345 0.001276142375 -0.0008507615833)
(0.0345 0.001345177969 -0.0008967853124)
(0.0345 0.001414213562 -0.0009428090416)
(0.0345 0.001 -0.0003333333333)
(0.0345 0.001069035594 -0.0003563451979)
(0.0345 0.001138071187 -0.0003793570625)
(0.0345 0.001207106781 -0.0004023689271)
(0.0345 0.001276142375 -0.0004253807916)
(0.0345 0.001345177969 -0.0004483926562)
(0.0345 0.001414213562 -0.0004714045208)
(0.0345 0.001 0)
(0.0345 0.001069035594 -1.807003621e-20)
(0.0345 0.001138071187 0)
(0.0345 0.001207106781 0)
(0.0345 0.001276142375 -1.807003621e-20)
(0.0345 0.001345177969 1.807003621e-20)
(0.0345 0.001414213562 0)
(0.0345 0.001 0.0003333333333)
(0.0345 0.001069035594 0.0003563451979)
(0.0345 0.001138071187 0.0003793570625)
(0.0345 0.001207106781 0.0004023689271)
(0.0345 0.001276142375 0.0004253807916)
(0.0345 0.001345177969 0.0004483926562)
(0.0345 0.001414213562 0.0004714045208)
(0.0345 0.001 0.0006666666667)
(0.0345 0.001069035594 0.0007126903958)
(0.0345 0.001138071187 0.000758714125)
(0.0345 0.001207106781 0.0008047378541)
(0.0345 0.001276142375 0.0008507615833)
(0.0345 0.001345177969 0.0008967853124)
(0.0345 0.001414213562 0.0009428090416)
(0.0345 0.001 0.001)
(0.0345 0.001069035594 0.001069035594)
(0.0345 0.001138071187 0.001138071187)
(0.0345 0.001207106781 0.001207106781)
(0.0345 0.001276142375 0.001276142375)
(0.0345 0.001345177969 0.001345177969)
(0.0345 0.001414213562 0.001414213562)
(0.035 0.001 -0.0006666666667)
(0.035 0.001069035594 -0.0007126903958)
(0.035 0.001138071187 -0.000758714125)
(0.035 0.001207106781 -0.0008047378541)
(0.035 0.001276142375 -0.0008507615833)
(0.035 0.001345177969 -0.0008967853124)
(0.035 0.001414213562 -0.0009428090416)
(0.035 0.001 -0.0003333333333)
(0.035 0.001069035594 -0.0003563451979)
(0.035 0.001138071187 -0.0003793570625)
(0.035 0.001207106781 -0.0004023689271)
(0.035 0.001276142375 -0.0004253807916)
(0.035 0.001345177969 -0.0004483926562)
(0.035 0.001414213562 -0.0004714045208)
(0.035 0.001 0)
(0.035 0.001069035594 0)
(0.035 0.001138071187 0)
(0.035 0.001207106781 0)
(0.035 0.001276142375 -1.807003621e-20)
(0.035 0.001345177969 -1.807003621e-20)
(0.035 0.001414213562 0)
(0.035 0.001 0.0003333333333)
(0.035 0.001069035594 0.0003563451979)
(0.035 0.001138071187 0.0003793570625)
(0.035 0.001207106781 0.0004023689271)
(0.035 0.001276142375 0.0004253807916)
(0.035 0.001345177969 0.0004483926562)
(0.035 0.001414213562 0.0004714045208)
(0.035 0.001 0.0006666666667)
(0.035 0.001069035594 0.0007126903958)
(0.035 0.001138071187 0.000758714125)
(0.035 0.001207106781 0.0008047378541)
(0.035 0.001276142375 0.0008507615833)
(0.035 0.001345177969 0.0008967853124)
(0.035 0.001414213562 0.0009428090416)
(0.035 0.001 0.001)
(0.035 0.001069035594 0.001069035594)
(0.035 0.001138071187 0.001138071187)
(0.035 0.001207106781 0.001207106781)
(0.035 0.001276142375 0.001276142375)
(0.035 0.001345177969 0.001345177969)
(0.035 0.001414213562 0.001414213562)
(0.0355 0.001 -0.0006666666667)
(0.0355 0.001069035594 -0.0007126903958)
(0.0355 0.001138071187 -0.000758714125)
(0.0355 0.001207106781 -0.0008047378541)
(0.0355 0.001276142375 -0.0008507615833)
(0.0355 0.001345177969 -0.0008967853124)
(0.0355 0.001414213562 -0.0009428090416)
(0.0355 0.001 -0.0003333333333)
(0.0355 0.001069035594 -0.0003563451979)
(0.0355 0.001138071187 -0.0003793570625)
(0.0355 0.001207106781 -0.0004023689271)
(0.0355 0.001276142375 -0.0004253807916)
(0.0355 0.001345177969 -0.0004483926562)
(0.0355 0.001414213562 -0.0004714045208)
(0.0355 0.001 0)
(0.0355 0.001069035594 -1.807003621e-20)
(0.0355 0.001138071187 0)
(0.0355 0.001207106781 0)
(0.0355 0.001276142375 -1.807003621e-20)
(0.0355 0.001345177969 1.807003621e-20)
(0.0355 0.001414213562 0)
(0.0355 0.001 0.0003333333333)
(0.0355 0.001069035594 0.0003563451979)
(0.0355 0.001138071187 0.0003793570625)
(0.0355 0.001207106781 0.0004023689271)
(0.0355 0.001276142375 0.0004253807916)
(0.0355 0.001345177969 0.0004483926562)
(0.0355 0.001414213562 0.0004714045208)
(0.0355 0.001 0.0006666666667)
(0.0355 0.001069035594 0.0007126903958)
(0.0355 0.001138071187 0.000758714125)
(0.0355 0.001207106781 0.0008047378541)
(0.0355 0.001276142375 0.0008507615833)
(0.0355 0.001345177969 0.0008967853124)
(0.0355 0.001414213562 0.0009428090416)
(0.0355 0.001 0.001)
(0.0355 0.001069035594 0.001069035594)
(0.0355 0.001138071187 0.001138071187)
(0.0355 0.001207106781 0.001207106781)
(0.0355 0.001276142375 0.001276142375)
(0.0355 0.001345177969 0.001345177969)
(0.0355 0.001414213562 0.001414213562)
(0.036 0.001 -0.0006666666667)
(0.036 0.001069035594 -0.0007126903958)
(0.036 0.001138071187 -0.000758714125)
(0.036 0.001207106781 -0.0008047378541)
(0.036 0.001276142375 -0.0008507615833)
(0.036 0.001345177969 -0.0008967853124)
(0.036 0.001414213562 -0.0009428090416)
(0.036 0.001 -0.0003333333333)
(0.036 0.001069035594 -0.0003563451979)
(0.036 0.001138071187 -0.0003793570625)
(0.036 0.001207106781 -0.0004023689271)
(0.036 0.001276142375 -0.0004253807916)
(0.036 0.001345177969 -0.0004483926562)
(0.036 0.001414213562 -0.0004714045208)
(0.036 0.001 0)
(0.036 0.001069035594 -1.807003621e-20)
(0.036 0.001138071187 0)
(0.036 0.001207106781 0)
(0.036 0.001276142375 -1.807003621e-20)
(0.036 0.001345177969 1.807003621e-20)
(0.036 0.001414213562 0)
(0.036 0.001 0.0003333333333)
(0.036 0.001069035594 0.0003563451979)
(0.036 0.001138071187 0.0003793570625)
(0.036 0.001207106781 0.0004023689271)
(0.036 0.001276142375 0.0004253807916)
(0.036 0.001345177969 0.0004483926562)
(0.036 0.001414213562 0.0004714045208)
(0.036 0.001 0.0006666666667)
(0.036 0.001069035594 0.0007126903958)
(0.036 0.001138071187 0.000758714125)
(0.036 0.001207106781 0.0008047378541)
(0.036 0.001276142375 0.0008507615833)
(0.036 0.001345177969 0.0008967853124)
(0.036 0.001414213562 0.0009428090416)
(0.036 0.001 0.001)
(0.036 0.001069035594 0.001069035594)
(0.036 0.001138071187 0.001138071187)
(0.036 0.001207106781 0.001207106781)
(0.036 0.001276142375 0.001276142375)
(0.036 0.001345177969 0.001345177969)
(0.036 0.001414213562 0.001414213562)
(0.0365 0.001 -0.0006666666667)
(0.0365 0.001069035594 -0.0007126903958)
(0.0365 0.001138071187 -0.000758714125)
(0.0365 0.001207106781 -0.0008047378541)
(0.0365 0.001276142375 -0.0008507615833)
(0.0365 0.001345177969 -0.0008967853124)
(0.0365 0.001414213562 -0.0009428090416)
(0.0365 0.001 -0.0003333333333)
(0.0365 0.001069035594 -0.0003563451979)
(0.0365 0.001138071187 -0.0003793570625)
(0.0365 0.001207106781 -0.0004023689271)
(0.0365 0.001276142375 -0.0004253807916)
(0.0365 0.001345177969 -0.0004483926562)
(0.0365 0.001414213562 -0.0004714045208)
(0.0365 0.001 0)
(0.0365 0.001069035594 0)
(0.0365 0.001138071187 0)
(0.0365 0.001207106781 0)
(0.0365 0.001276142375 -1.807003621e-20)
(0.0365 0.001345177969 -1.807003621e-20)
(0.0365 0.001414213562 0)
(0.0365 0.001 0.0003333333333)
(0.0365 0.001069035594 0.0003563451979)
(0.0365 0.001138071187 0.0003793570625)
(0.0365 0.001207106781 0.0004023689271)
(0.0365 0.001276142375 0.0004253807916)
(0.0365 0.001345177969 0.0004483926562)
(0.0365 0.001414213562 0.0004714045208)
(0.0365 0.001 0.0006666666667)
(0.0365 0.001069035594 0.0007126903958)
(0.0365 0.001138071187 0.000758714125)
(0.0365 0.001207106781 0.0008047378541)
(0.0365 0.001276142375 0.0008507615833)
(0.0365 0.001345177969 0.0008967853124)
(0.0365 0.001414213562 0.0009428090416)
(0.0365 0.001 0.001)
(0.0365 0.001069035594 0.001069035594)
(0.0365 0.001138071187 0.001138071187)
(0.0365 0.001207106781 0.001207106781)
(0.0365 0.001276142375 0.001276142375)
(0.0365 0.001345177969 0.001345177969)
(0.0365 0.001414213562 0.001414213562)
(0.037 0.001 -0.0006666666667)
(0.037 0.001069035594 -0.0007126903958)
(0.037 0.001138071187 -0.000758714125)
(0.037 0.001207106781 -0.0008047378541)
(0.037 0.001276142375 -0.0008507615833)
(0.037 0.001345177969 -0.0008967853124)
(0.037 0.001414213562 -0.0009428090416)
(0.037 0.001 -0.0003333333333)
(0.037 0.001069035594 -0.0003563451979)
(0.037 0.001138071187 -0.0003793570625)
(0.037 0.001207106781 -0.0004023689271)
(0.037 0.001276142375 -0.0004253807916)
(0.037 0.001345177969 -0.0004483926562)
(0.037 0.001414213562 -0.0004714045208)
(0.037 0.001 0)
(0.037 0.001069035594 -1.807003621e-20)
(0.037 0.001138071187 0)
(0.037 0.001207106781 0)
(0.037 0.001276142375 -1.807003621e-20)
(0.037 0.001345177969 1.807003621e-20)
(0.037 0.001414213562 0)
(0.037 0.001 0.0003333333333)
(0.037 0.001069035594 0.0003563451979)
(0.037 0.001138071187 0.0003793570625)
(0.037 0.001207106781 0.0004023689271)
(0.037 0.001276142375 0.0004253807916)
(0.037 0.001345177969 0.0004483926562)
(0.037 0.001414213562 0.0004714045208)
(0.037 0.001 0.0006666666667)
(0.037 0.001069035594 0.0007126903958)
(0.037 0.001138071187 0.000758714125)
(0.037 0.001207106781 0.0008047378541)
(0.037 0.001276142375 0.0008507615833)
(0.037 0.001345177969 0.0008967853124)
(0.037 0.001414213562 0.0009428090416)
(0.037 0.001 0.001)
(0.037 0.001069035594 0.001069035594)
(0.037 0.001138071187 0.001138071187)
(0.037 0.001207106781 0.001207106781)
(0.037 0.001276142375 0.001276142375)
(0.037 0.001345177969 0.001345177969)
(0.037 0.001414213562 0.001414213562)
(0.0375 0.001 -0.0006666666667)
(0.0375 0.001069035594 -0.0007126903958)
(0.0375 0.001138071187 -0.000758714125)
(0.0375 0.001207106781 -0.0008047378541)
(0.0375 0.001276142375 -0.0008507615833)
(0.0375 0.001345177969 -0.0008967853124)
(0.0375 0.001414213562 -0.0009428090416)
(0.0375 0.001 -0.0003333333333)
(0.0375 0.001069035594 -0.0003563451979)
(0.0375 0.001138071187 -0.0003793570625)
(0.0375 0.001207106781 -0.0004023689271)
(0.0375 0.001276142375 -0.0004253807916)
(0.0375 0.001345177969 -0.0004483926562)
(0.0375 0.001414213562 -0.0004714045208)
(0.0375 0.001 0)
(0.0375 0.001069035594 -1.807003621e-20)
(0.0375 0.001138071187 0)
(0.0375 0.001207106781 0)
(0.0375 0.001276142375 -1.807003621e-20)
(0.0375 0.001345177969 1.807003621e-20)
(0.0375 0.001414213562 0)
(0.0375 0.001 0.0003333333333)
(0.0375 0.001069035594 0.0003563451979)
(0.0375 0.001138071187 0.0003793570625)
(0.0375 0.001207106781 0.0004023689271)
(0.0375 0.001276142375 0.0004253807916)
(0.0375 0.001345177969 0.0004483926562)
(0.0375 0.001414213562 0.0004714045208)
(0.0375 0.001 0.0006666666667)
(0.0375 0.001069035594 0.0007126903958)
(0.0375 0.001138071187 0.000758714125)
(0.0375 0.001207106781 0.0008047378541)
(0.0375 0.001276142375 0.0008507615833)
(0.0375 0.001345177969 0.0008967853124)
(0.0375 0.001414213562 0.0009428090416)
(0.0375 0.001 0.001)
(0.0375 0.001069035594 0.001069035594)
(0.0375 0.001138071187 0.001138071187)
(0.0375 0.001207106781 0.001207106781)
(0.0375 0.001276142375 0.001276142375)
(0.0375 0.001345177969 0.001345177969)
(0.0375 0.001414213562 0.001414213562)
(0.038 0.001 -0.0006666666667)
(0.038 0.001069035594 -0.0007126903958)
(0.038 0.001138071187 -0.000758714125)
(0.038 0.001207106781 -0.0008047378541)
(0.038 0.001276142375 -0.0008507615833)
(0.038 0.001345177969 -0.0008967853124)
(0.038 0.001414213562 -0.0009428090416)
(0.038 0.001 -0.0003333333333)
(0.038 0.001069035594 -0.0003563451979)
(0.038 0.001138071187 -0.0003793570625)
(0.038 0.001207106781 -0.0004023689271)
(0.038 0.001276142375 -0.0004253807916)
(0.038 0.001345177969 -0.0004483926562)
(0.038 0.001414213562 -0.0004714045208)
(0.038 0.001 0)
(0.038 0.001069035594 0)
(0.038 0.001138071187 1.807003621e-20)
(0.038 0.001207106781 0)
(0.038 0.001276142375 1.807003621e-20)
(0.038 0.001345177969 -1.807003621e-20)
(0.038 0.001414213562 0)
(0.038 0.001 0.0003333333333)
(0.038 0.001069035594 0.0003563451979)
(0.038 0.001138071187 0.0003793570625)
(0.038 0.001207106781 0.0004023689271)
(0.038 0.001276142375 0.0004253807916)
(0.038 0.001345177969 0.0004483926562)
(0.038 0.001414213562 0.0004714045208)
(0.038 0.001 0.0006666666667)
(0.038 0.001069035594 0.0007126903958)
(0.038 0.001138071187 0.000758714125)
(0.038 0.001207106781 0.0008047378541)
(0.038 0.001276142375 0.0008507615833)
(0.038 0.001345177969 0.0008967853124)
(0.038 0.001414213562 0.0009428090416)
(0.038 0.001 0.001)
(0.038 0.001069035594 0.001069035594)
(0.038 0.001138071187 0.001138071187)
(0.038 0.001207106781 0.001207106781)
(0.038 0.001276142375 0.001276142375)
(0.038 0.001345177969 0.001345177969)
(0.038 0.001414213562 0.001414213562)
(0.0385 0.001 -0.0006666666667)
(0.0385 0.001069035594 -0.0007126903958)
(0.0385 0.001138071187 -0.000758714125)
(0.0385 0.001207106781 -0.0008047378541)
(0.0385 0.001276142375 -0.0008507615833)
(0.0385 0.001345177969 -0.0008967853124)
(0.0385 0.001414213562 -0.0009428090416)
(0.0385 0.001 -0.0003333333333)
(0.0385 0.001069035594 -0.0003563451979)
(0.0385 0.001138071187 -0.0003793570625)
(0.0385 0.001207106781 -0.0004023689271)
(0.0385 0.001276142375 -0.0004253807916)
(0.0385 0.001345177969 -0.0004483926562)
(0.0385 0.001414213562 -0.0004714045208)
(0.0385 0.001 0)
(0.0385 0.001069035594 -1.807003621e-20)
(0.0385 0.001138071187 0)
(0.0385 0.001207106781 0)
(0.0385 0.001276142375 -1.807003621e-20)
(0.0385 0.001345177969 1.807003621e-20)
(0.0385 0.001414213562 0)
(0.0385 0.001 0.0003333333333)
(0.0385 0.001069035594 0.0003563451979)
(0.0385 0.001138071187 0.0003793570625)
(0.0385 0.001207106781 0.0004023689271)
(0.0385 0.001276142375 0.0004253807916)
(0.0385 0.001345177969 0.0004483926562)
(0.0385 0.001414213562 0.0004714045208)
(0.0385 0.001 0.0006666666667)
(0.0385 0.001069035594 0.0007126903958)
(0.0385 0.001138071187 0.000758714125)
(0.0385 0.001207106781 0.0008047378541)
(0.0385 0.001276142375 0.0008507615833)
(0.0385 0.001345177969 0.0008967853124)
(0.0385 0.001414213562 0.0009428090416)
(0.0385 0.001 0.001)
(0.0385 0.001069035594 0.001069035594)
(0.0385 0.001138071187 0.001138071187)
(0.0385 0.001207106781 0.001207106781)
(0.0385 0.001276142375 0.001276142375)
(0.0385 0.001345177969 0.001345177969)
(0.0385 0.001414213562 0.001414213562)
(0.039 0.001 -0.0006666666667)
(0.039 0.001069035594 -0.0007126903958)
(0.039 0.001138071187 -0.000758714125)
(0.039 0.001207106781 -0.0008047378541)
(0.039 0.001276142375 -0.0008507615833)
(0.039 0.001345177969 -0.0008967853124)
(0.039 0.001414213562 -0.0009428090416)
(0.039 0.001 -0.0003333333333)
(0.039 0.001069035594 -0.0003563451979)
(0.039 0.001138071187 -0.0003793570625)
(0.039 0.001207106781 -0.0004023689271)
(0.039 0.001276142375 -0.0004253807916)
(0.039 0.001345177969 -0.0004483926562)
(0.039 0.001414213562 -0.0004714045208)
(0.039 0.001 0)
(0.039 0.001069035594 -1.807003621e-20)
(0.039 0.001138071187 0)
(0.039 0.001207106781 0)
(0.039 0.001276142375 -1.807003621e-20)
(0.039 0.001345177969 1.807003621e-20)
(0.039 0.001414213562 0)
(0.039 0.001 0.0003333333333)
(0.039 0.001069035594 0.0003563451979)
(0.039 0.001138071187 0.0003793570625)
(0.039 0.001207106781 0.0004023689271)
(0.039 0.001276142375 0.0004253807916)
(0.039 0.001345177969 0.0004483926562)
(0.039 0.001414213562 0.0004714045208)
(0.039 0.001 0.0006666666667)
(0.039 0.001069035594 0.0007126903958)
(0.039 0.001138071187 0.000758714125)
(0.039 0.001207106781 0.0008047378541)
(0.039 0.001276142375 0.0008507615833)
(0.039 0.001345177969 0.0008967853124)
(0.039 0.001414213562 0.0009428090416)
(0.039 0.001 0.001)
(0.039 0.001069035594 0.001069035594)
(0.039 0.001138071187 0.001138071187)
(0.039 0.001207106781 0.001207106781)
(0.039 0.001276142375 0.001276142375)
(0.039 0.001345177969 0.001345177969)
(0.039 0.001414213562 0.001414213562)
(0.0395 0.001 -0.0006666666667)
(0.0395 0.001069035594 -0.0007126903958)
(0.0395 0.001138071187 -0.000758714125)
(0.0395 0.001207106781 -0.0008047378541)
(0.0395 0.001276142375 -0.0008507615833)
(0.0395 0.001345177969 -0.0008967853124)
(0.0395 0.001414213562 -0.0009428090416)
(0.0395 0.001 -0.0003333333333)
(0.0395 0.001069035594 -0.0003563451979)
(0.0395 0.001138071187 -0.0003793570625)
(0.0395 0.001207106781 -0.0004023689271)
(0.0395 0.001276142375 -0.0004253807916)
(0.0395 0.001345177969 -0.0004483926562)
(0.0395 0.001414213562 -0.0004714045208)
(0.0395 0.001 0)
(0.0395 0.001069035594 0)
(0.0395 0.001138071187 1.807003621e-20)
(0.0395 0.001207106781 0)
(0.0395 0.001276142375 1.807003621e-20)
(0.0395 0.001345177969 -1.807003621e-20)
(0.0395 0.001414213562 0)
(0.0395 0.001 0.0003333333333)
(0.0395 0.001069035594 0.0003563451979)
(0.0395 0.001138071187 0.0003793570625)
(0.0395 0.001207106781 0.0004023689271)
(0.0395 0.001276142375 0.0004253807916)
(0.0395 0.001345177969 0.0004483926562)
(0.0395 0.001414213562 0.0004714045208)
(0.0395 0.001 0.0006666666667)
(0.0395 0.001069035594 0.0007126903958)
(0.0395 0.001138071187 0.000758714125)
(0.0395 0.001207106781 0.0008047378541)
(0.0395 0.001276142375 0.0008507615833)
(0.0395 0.001345177969 0.0008967853124)
(0.0395 0.001414213562 0.0009428090416)
(0.0395 0.001 0.001)
(0.0395 0.001069035594 0.001069035594)
(0.0395 0.001138071187 0.001138071187)
(0.0395 0.001207106781 0.001207106781)
(0.0395 0.001276142375 0.001276142375)
(0.0395 0.001345177969 0.001345177969)
(0.0395 0.001414213562 0.001414213562)
(0.04 0.001 -0.0006666666667)
(0.04 0.001069035594 -0.0007126903958)
(0.04 0.001138071187 -0.000758714125)
(0.04 0.001207106781 -0.0008047378541)
(0.04 0.001276142375 -0.0008507615833)
(0.04 0.001345177969 -0.0008967853124)
(0.04 0.001414213562 -0.0009428090416)
(0.04 0.001 -0.0003333333333)
(0.04 0.001069035594 -0.0003563451979)
(0.04 0.001138071187 -0.0003793570625)
(0.04 0.001207106781 -0.0004023689271)
(0.04 0.001276142375 -0.0004253807916)
(0.04 0.001345177969 -0.0004483926562)
(0.04 0.001414213562 -0.0004714045208)
(0.04 0.001 0)
(0.04 0.001069035594 -1.807003621e-20)
(0.04 0.001138071187 0)
(0.04 0.001207106781 0)
(0.04 0.001276142375 -1.807003621e-20)
(0.04 0.001345177969 1.807003621e-20)
(0.04 0.001414213562 0)
(0.04 0.001 0.0003333333333)
(0.04 0.001069035594 0.0003563451979)
(0.04 0.001138071187 0.0003793570625)
(0.04 0.001207106781 0.0004023689271)
(0.04 0.001276142375 0.0004253807916)
(0.04 0.001345177969 0.0004483926562)
(0.04 0.001414213562 0.0004714045208)
(0.04 0.001 0.0006666666667)
(0.04 0.001069035594 0.0007126903958)
(0.04 0.001138071187 0.000758714125)
(0.04 0.001207106781 0.0008047378541)
(0.04 0.001276142375 0.0008507615833)
(0.04 0.001345177969 0.0008967853124)
(0.04 0.001414213562 0.0009428090416)
(0.04 0.001 0.001)
(0.04 0.001069035594 0.001069035594)
(0.04 0.001138071187 0.001138071187)
(0.04 0.001207106781 0.001207106781)
(0.04 0.001276142375 0.001276142375)
(0.04 0.001345177969 0.001345177969)
(0.04 0.001414213562 0.001414213562)
(0.0405 0.001 -0.0006666666667)
(0.0405 0.001069035594 -0.0007126903958)
(0.0405 0.001138071187 -0.000758714125)
(0.0405 0.001207106781 -0.0008047378541)
(0.0405 0.001276142375 -0.0008507615833)
(0.0405 0.001345177969 -0.0008967853124)
(0.0405 0.001414213562 -0.0009428090416)
(0.0405 0.001 -0.0003333333333)
(0.0405 0.001069035594 -0.0003563451979)
(0.0405 0.001138071187 -0.0003793570625)
(0.0405 0.001207106781 -0.0004023689271)
(0.0405 0.001276142375 -0.0004253807916)
(0.0405 0.001345177969 -0.0004483926562)
(0.0405 0.001414213562 -0.0004714045208)
(0.0405 0.001 0)
(0.0405 0.001069035594 -1.807003621e-20)
(0.0405 0.001138071187 0)
(0.0405 0.001207106781 0)
(0.0405 0.001276142375 -1.807003621e-20)
(0.0405 0.001345177969 1.807003621e-20)
(0.0405 0.001414213562 0)
(0.0405 0.001 0.0003333333333)
(0.0405 0.001069035594 0.0003563451979)
(0.0405 0.001138071187 0.0003793570625)
(0.0405 0.001207106781 0.0004023689271)
(0.0405 0.001276142375 0.0004253807916)
(0.0405 0.001345177969 0.0004483926562)
(0.0405 0.001414213562 0.0004714045208)
(0.0405 0.001 0.0006666666667)
(0.0405 0.001069035594 0.0007126903958)
(0.0405 0.001138071187 0.000758714125)
(0.0405 0.001207106781 0.0008047378541)
(0.0405 0.001276142375 0.0008507615833)
(0.0405 0.001345177969 0.0008967853124)
(0.0405 0.001414213562 0.0009428090416)
(0.0405 0.001 0.001)
(0.0405 0.001069035594 0.001069035594)
(0.0405 0.001138071187 0.001138071187)
(0.0405 0.001207106781 0.001207106781)
(0.0405 0.001276142375 0.001276142375)
(0.0405 0.001345177969 0.001345177969)
(0.0405 0.001414213562 0.001414213562)
(0.041 0.001 -0.0006666666667)
(0.041 0.001069035594 -0.0007126903958)
(0.041 0.001138071187 -0.000758714125)
(0.041 0.001207106781 -0.0008047378541)
(0.041 0.001276142375 -0.0008507615833)
(0.041 0.001345177969 -0.0008967853124)
(0.041 0.001414213562 -0.0009428090416)
(0.041 0.001 -0.0003333333333)
(0.041 0.001069035594 -0.0003563451979)
(0.041 0.001138071187 -0.0003793570625)
(0.041 0.001207106781 -0.0004023689271)
(0.041 0.001276142375 -0.0004253807916)
(0.041 0.001345177969 -0.0004483926562)
(0.041 0.001414213562 -0.0004714045208)
(0.041 0.001 0)
(0.041 0.001069035594 -1.807003621e-20)
(0.041 0.001138071187 0)
(0.041 0.001207106781 0)
(0.041 0.001276142375 -1.807003621e-20)
(0.041 0.001345177969 1.807003621e-20)
(0.041 0.001414213562 0)
(0.041 0.001 0.0003333333333)
(0.041 0.001069035594 0.0003563451979)
(0.041 0.001138071187 0.0003793570625)
(0.041 0.001207106781 0.0004023689271)
(0.041 0.001276142375 0.0004253807916)
(0.041 0.001345177969 0.0004483926562)
(0.041 0.001414213562 0.0004714045208)
(0.041 0.001 0.0006666666667)
(0.041 0.001069035594 0.0007126903958)
(0.041 0.001138071187 0.000758714125)
(0.041 0.001207106781 0.0008047378541)
(0.041 0.001276142375 0.0008507615833)
(0.041 0.001345177969 0.0008967853124)
(0.041 0.001414213562 0.0009428090416)
(0.041 0.001 0.001)
(0.041 0.001069035594 0.001069035594)
(0.041 0.001138071187 0.001138071187)
(0.041 0.001207106781 0.001207106781)
(0.041 0.001276142375 0.001276142375)
(0.041 0.001345177969 0.001345177969)
(0.041 0.001414213562 0.001414213562)
(0.0415 0.001 -0.0006666666667)
(0.0415 0.001069035594 -0.0007126903958)
(0.0415 0.001138071187 -0.000758714125)
(0.0415 0.001207106781 -0.0008047378541)
(0.0415 0.001276142375 -0.0008507615833)
(0.0415 0.001345177969 -0.0008967853124)
(0.0415 0.001414213562 -0.0009428090416)
(0.0415 0.001 -0.0003333333333)
(0.0415 0.001069035594 -0.0003563451979)
(0.0415 0.001138071187 -0.0003793570625)
(0.0415 0.001207106781 -0.0004023689271)
(0.0415 0.001276142375 -0.0004253807916)
(0.0415 0.001345177969 -0.0004483926562)
(0.0415 0.001414213562 -0.0004714045208)
(0.0415 0.001 0)
(0.0415 0.001069035594 -1.807003621e-20)
(0.0415 0.001138071187 0)
(0.0415 0.001207106781 0)
(0.0415 0.001276142375 -1.807003621e-20)
(0.0415 0.001345177969 1.807003621e-20)
(0.0415 0.001414213562 0)
(0.0415 0.001 0.0003333333333)
(0.0415 0.001069035594 0.0003563451979)
(0.0415 0.001138071187 0.0003793570625)
(0.0415 0.001207106781 0.0004023689271)
(0.0415 0.001276142375 0.0004253807916)
(0.0415 0.001345177969 0.0004483926562)
(0.0415 0.001414213562 0.0004714045208)
(0.0415 0.001 0.0006666666667)
(0.0415 0.001069035594 0.0007126903958)
(0.0415 0.001138071187 0.000758714125)
(0.0415 0.001207106781 0.0008047378541)
(0.0415 0.001276142375 0.0008507615833)
(0.0415 0.001345177969 0.0008967853124)
(0.0415 0.001414213562 0.0009428090416)
(0.0415 0.001 0.001)
(0.0415 0.001069035594 0.001069035594)
(0.0415 0.001138071187 0.001138071187)
(0.0415 0.001207106781 0.001207106781)
(0.0415 0.001276142375 0.001276142375)
(0.0415 0.001345177969 0.001345177969)
(0.0415 0.001414213562 0.001414213562)
(0.042 0.001 -0.0006666666667)
(0.042 0.001069035594 -0.0007126903958)
(0.042 0.001138071187 -0.000758714125)
(0.042 0.001207106781 -0.0008047378541)
(0.042 0.001276142375 -0.0008507615833)
(0.042 0.001345177969 -0.0008967853124)
(0.042 0.001414213562 -0.0009428090416)
(0.042 0.001 -0.0003333333333)
(0.042 0.001069035594 -0.0003563451979)
(0.042 0.001138071187 -0.0003793570625)
(0.042 0.001207106781 -0.0004023689271)
(0.042 0.001276142375 -0.0004253807916)
(0.042 0.001345177969 -0.0004483926562)
(0.042 0.001414213562 -0.0004714045208)
(0.042 0.001 0)
(0.042 0.001069035594 -1.807003621e-20)
(0.042 0.001138071187 0)
(0.042 0.001207106781 0)
(0.042 0.001276142375 -1.807003621e-20)
(0.042 0.001345177969 -1.355252716e-20)
(0.042 0.001414213562 0)
(0.042 0.001 0.0003333333333)
(0.042 0.001069035594 0.0003563451979)
(0.042 0.001138071187 0.0003793570625)
(0.042 0.001207106781 0.0004023689271)
(0.042 0.001276142375 0.0004253807916)
(0.042 0.001345177969 0.0004483926562)
(0.042 0.001414213562 0.0004714045208)
(0.042 0.001 0.0006666666667)
(0.042 0.001069035594 0.0007126903958)
(0.042 0.001138071187 0.000758714125)
(0.042 0.001207106781 0.0008047378541)
(0.042 0.001276142375 0.0008507615833)
(0.042 0.001345177969 0.0008967853124)
(0.042 0.001414213562 0.0009428090416)
(0.042 0.001 0.001)
(0.042 0.001069035594 0.001069035594)
(0.042 0.001138071187 0.001138071187)
(0.042 0.001207106781 0.001207106781)
(0.042 0.001276142375 0.001276142375)
(0.042 0.001345177969 0.001345177969)
(0.042 0.001414213562 0.001414213562)
(0.0425 0.001 -0.0006666666667)
(0.0425 0.001069035594 -0.0007126903958)
(0.0425 0.001138071187 -0.000758714125)
(0.0425 0.001207106781 -0.0008047378541)
(0.0425 0.001276142375 -0.0008507615833)
(0.0425 0.001345177969 -0.0008967853124)
(0.0425 0.001414213562 -0.0009428090416)
(0.0425 0.001 -0.0003333333333)
(0.0425 0.001069035594 -0.0003563451979)
(0.0425 0.001138071187 -0.0003793570625)
(0.0425 0.001207106781 -0.0004023689271)
(0.0425 0.001276142375 -0.0004253807916)
(0.0425 0.001345177969 -0.0004483926562)
(0.0425 0.001414213562 -0.0004714045208)
(0.0425 0.001 0)
(0.0425 0.001069035594 -1.807003621e-20)
(0.0425 0.001138071187 0)
(0.0425 0.001207106781 0)
(0.0425 0.001276142375 -1.807003621e-20)
(0.0425 0.001345177969 1.807003621e-20)
(0.0425 0.001414213562 0)
(0.0425 0.001 0.0003333333333)
(0.0425 0.001069035594 0.0003563451979)
(0.0425 0.001138071187 0.0003793570625)
(0.0425 0.001207106781 0.0004023689271)
(0.0425 0.001276142375 0.0004253807916)
(0.0425 0.001345177969 0.0004483926562)
(0.0425 0.001414213562 0.0004714045208)
(0.0425 0.001 0.0006666666667)
(0.0425 0.001069035594 0.0007126903958)
(0.0425 0.001138071187 0.000758714125)
(0.0425 0.001207106781 0.0008047378541)
(0.0425 0.001276142375 0.0008507615833)
(0.0425 0.001345177969 0.0008967853124)
(0.0425 0.001414213562 0.0009428090416)
(0.0425 0.001 0.001)
(0.0425 0.001069035594 0.001069035594)
(0.0425 0.001138071187 0.001138071187)
(0.0425 0.001207106781 0.001207106781)
(0.0425 0.001276142375 0.001276142375)
(0.0425 0.001345177969 0.001345177969)
(0.0425 0.001414213562 0.001414213562)
(0.043 0.001 -0.0006666666667)
(0.043 0.001069035594 -0.0007126903958)
(0.043 0.001138071187 -0.000758714125)
(0.043 0.001207106781 -0.0008047378541)
(0.043 0.001276142375 -0.0008507615833)
(0.043 0.001345177969 -0.0008967853124)
(0.043 0.001414213562 -0.0009428090416)
(0.043 0.001 -0.0003333333333)
(0.043 0.001069035594 -0.0003563451979)
(0.043 0.001138071187 -0.0003793570625)
(0.043 0.001207106781 -0.0004023689271)
(0.043 0.001276142375 -0.0004253807916)
(0.043 0.001345177969 -0.0004483926562)
(0.043 0.001414213562 -0.0004714045208)
(0.043 0.001 0)
(0.043 0.001069035594 -1.807003621e-20)
(0.043 0.001138071187 0)
(0.043 0.001207106781 0)
(0.043 0.001276142375 -1.807003621e-20)
(0.043 0.001345177969 1.807003621e-20)
(0.043 0.001414213562 0)
(0.043 0.001 0.0003333333333)
(0.043 0.001069035594 0.0003563451979)
(0.043 0.001138071187 0.0003793570625)
(0.043 0.001207106781 0.0004023689271)
(0.043 0.001276142375 0.0004253807916)
(0.043 0.001345177969 0.0004483926562)
(0.043 0.001414213562 0.0004714045208)
(0.043 0.001 0.0006666666667)
(0.043 0.001069035594 0.0007126903958)
(0.043 0.001138071187 0.000758714125)
(0.043 0.001207106781 0.0008047378541)
(0.043 0.001276142375 0.0008507615833)
(0.043 0.001345177969 0.0008967853124)
(0.043 0.001414213562 0.0009428090416)
(0.043 0.001 0.001)
(0.043 0.001069035594 0.001069035594)
(0.043 0.001138071187 0.001138071187)
(0.043 0.001207106781 0.001207106781)
(0.043 0.001276142375 0.001276142375)
(0.043 0.001345177969 0.001345177969)
(0.043 0.001414213562 0.001414213562)
(0.0435 0.001 -0.0006666666667)
(0.0435 0.001069035594 -0.0007126903958)
(0.0435 0.001138071187 -0.000758714125)
(0.0435 0.001207106781 -0.0008047378541)
(0.0435 0.001276142375 -0.0008507615833)
(0.0435 0.001345177969 -0.0008967853124)
(0.0435 0.001414213562 -0.0009428090416)
(0.0435 0.001 -0.0003333333333)
(0.0435 0.001069035594 -0.0003563451979)
(0.0435 0.001138071187 -0.0003793570625)
(0.0435 0.001207106781 -0.0004023689271)
(0.0435 0.001276142375 -0.0004253807916)
(0.0435 0.001345177969 -0.0004483926562)
(0.0435 0.001414213562 -0.0004714045208)
(0.0435 0.001 0)
(0.0435 0.001069035594 -1.807003621e-20)
(0.0435 0.001138071187 0)
(0.0435 0.001207106781 0)
(0.0435 0.001276142375 -1.807003621e-20)
(0.0435 0.001345177969 -1.355252716e-20)
(0.0435 0.001414213562 0)
(0.0435 0.001 0.0003333333333)
(0.0435 0.001069035594 0.0003563451979)
(0.0435 0.001138071187 0.0003793570625)
(0.0435 0.001207106781 0.0004023689271)
(0.0435 0.001276142375 0.0004253807916)
(0.0435 0.001345177969 0.0004483926562)
(0.0435 0.001414213562 0.0004714045208)
(0.0435 0.001 0.0006666666667)
(0.0435 0.001069035594 0.0007126903958)
(0.0435 0.001138071187 0.000758714125)
(0.0435 0.001207106781 0.0008047378541)
(0.0435 0.001276142375 0.0008507615833)
(0.0435 0.001345177969 0.0008967853124)
(0.0435 0.001414213562 0.0009428090416)
(0.0435 0.001 0.001)
(0.0435 0.001069035594 0.001069035594)
(0.0435 0.001138071187 0.001138071187)
(0.0435 0.001207106781 0.001207106781)
(0.0435 0.001276142375 0.001276142375)
(0.0435 0.001345177969 0.001345177969)
(0.0435 0.001414213562 0.001414213562)
(0.044 0.001 -0.0006666666667)
(0.044 0.001069035594 -0.0007126903958)
(0.044 0.001138071187 -0.000758714125)
(0.044 0.001207106781 -0.0008047378541)
(0.044 0.001276142375 -0.0008507615833)
(0.044 0.001345177969 -0.0008967853124)
(0.044 0.001414213562 -0.0009428090416)
(0.044 0.001 -0.0003333333333)
(0.044 0.001069035594 -0.0003563451979)
(0.044 0.001138071187 -0.0003793570625)
(0.044 0.001207106781 -0.0004023689271)
(0.044 0.001276142375 -0.0004253807916)
(0.044 0.001345177969 -0.0004483926562)
(0.044 0.001414213562 -0.0004714045208)
(0.044 0.001 0)
(0.044 0.001069035594 -1.807003621e-20)
(0.044 0.001138071187 0)
(0.044 0.001207106781 0)
(0.044 0.001276142375 -1.807003621e-20)
(0.044 0.001345177969 1.807003621e-20)
(0.044 0.001414213562 0)
(0.044 0.001 0.0003333333333)
(0.044 0.001069035594 0.0003563451979)
(0.044 0.001138071187 0.0003793570625)
(0.044 0.001207106781 0.0004023689271)
(0.044 0.001276142375 0.0004253807916)
(0.044 0.001345177969 0.0004483926562)
(0.044 0.001414213562 0.0004714045208)
(0.044 0.001 0.0006666666667)
(0.044 0.001069035594 0.0007126903958)
(0.044 0.001138071187 0.000758714125)
(0.044 0.001207106781 0.0008047378541)
(0.044 0.001276142375 0.0008507615833)
(0.044 0.001345177969 0.0008967853124)
(0.044 0.001414213562 0.0009428090416)
(0.044 0.001 0.001)
(0.044 0.001069035594 0.001069035594)
(0.044 0.001138071187 0.001138071187)
(0.044 0.001207106781 0.001207106781)
(0.044 0.001276142375 0.001276142375)
(0.044 0.001345177969 0.001345177969)
(0.044 0.001414213562 0.001414213562)
(0.0445 0.001 -0.0006666666667)
(0.0445 0.001069035594 -0.0007126903958)
(0.0445 0.001138071187 -0.000758714125)
(0.0445 0.001207106781 -0.0008047378541)
(0.0445 0.001276142375 -0.0008507615833)
(0.0445 0.001345177969 -0.0008967853124)
(0.0445 0.001414213562 -0.0009428090416)
(0.0445 0.001 -0.0003333333333)
(0.0445 0.001069035594 -0.0003563451979)
(0.0445 0.001138071187 -0.0003793570625)
(0.0445 0.001207106781 -0.0004023689271)
(0.0445 0.001276142375 -0.0004253807916)
(0.0445 0.001345177969 -0.0004483926562)
(0.0445 0.001414213562 -0.0004714045208)
(0.0445 0.001 0)
(0.0445 0.001069035594 -1.807003621e-20)
(0.0445 0.001138071187 0)
(0.0445 0.001207106781 0)
(0.0445 0.001276142375 -1.807003621e-20)
(0.0445 0.001345177969 1.807003621e-20)
(0.0445 0.001414213562 0)
(0.0445 0.001 0.0003333333333)
(0.0445 0.001069035594 0.0003563451979)
(0.0445 0.001138071187 0.0003793570625)
(0.0445 0.001207106781 0.0004023689271)
(0.0445 0.001276142375 0.0004253807916)
(0.0445 0.001345177969 0.0004483926562)
(0.0445 0.001414213562 0.0004714045208)
(0.0445 0.001 0.0006666666667)
(0.0445 0.001069035594 0.0007126903958)
(0.0445 0.001138071187 0.000758714125)
(0.0445 0.001207106781 0.0008047378541)
(0.0445 0.001276142375 0.0008507615833)
(0.0445 0.001345177969 0.0008967853124)
(0.0445 0.001414213562 0.0009428090416)
(0.0445 0.001 0.001)
(0.0445 0.001069035594 0.001069035594)
(0.0445 0.001138071187 0.001138071187)
(0.0445 0.001207106781 0.001207106781)
(0.0445 0.001276142375 0.001276142375)
(0.0445 0.001345177969 0.001345177969)
(0.0445 0.001414213562 0.001414213562)
(0.045 0.001 -0.0006666666667)
(0.045 0.001069035594 -0.0007126903958)
(0.045 0.001138071187 -0.000758714125)
(0.045 0.001207106781 -0.0008047378541)
(0.045 0.001276142375 -0.0008507615833)
(0.045 0.001345177969 -0.0008967853124)
(0.045 0.001414213562 -0.0009428090416)
(0.045 0.001 -0.0003333333333)
(0.045 0.001069035594 -0.0003563451979)
(0.045 0.001138071187 -0.0003793570625)
(0.045 0.001207106781 -0.0004023689271)
(0.045 0.001276142375 -0.0004253807916)
(0.045 0.001345177969 -0.0004483926562)
(0.045 0.001414213562 -0.0004714045208)
(0.045 0.001 0)
(0.045 0.001069035594 -1.807003621e-20)
(0.045 0.001138071187 0)
(0.045 0.001207106781 0)
(0.045 0.001276142375 -1.807003621e-20)
(0.045 0.001345177969 -1.355252716e-20)
(0.045 0.001414213562 0)
(0.045 0.001 0.0003333333333)
(0.045 0.001069035594 0.0003563451979)
(0.045 0.001138071187 0.0003793570625)
(0.045 0.001207106781 0.0004023689271)
(0.045 0.001276142375 0.0004253807916)
(0.045 0.001345177969 0.0004483926562)
(0.045 0.001414213562 0.0004714045208)
(0.045 0.001 0.0006666666667)
(0.045 0.001069035594 0.0007126903958)
(0.045 0.001138071187 0.000758714125)
(0.045 0.001207106781 0.0008047378541)
(0.045 0.001276142375 0.0008507615833)
(0.045 0.001345177969 0.0008967853124)
(0.045 0.001414213562 0.0009428090416)
(0.045 0.001 0.001)
(0.045 0.001069035594 0.001069035594)
(0.045 0.001138071187 0.001138071187)
(0.045 0.001207106781 0.001207106781)
(0.045 0.001276142375 0.001276142375)
(0.045 0.001345177969 0.001345177969)
(0.045 0.001414213562 0.001414213562)
(0.0455 0.001 -0.0006666666667)
(0.0455 0.001069035594 -0.0007126903958)
(0.0455 0.001138071187 -0.000758714125)
(0.0455 0.001207106781 -0.0008047378541)
(0.0455 0.001276142375 -0.0008507615833)
(0.0455 0.001345177969 -0.0008967853124)
(0.0455 0.001414213562 -0.0009428090416)
(0.0455 0.001 -0.0003333333333)
(0.0455 0.001069035594 -0.0003563451979)
(0.0455 0.001138071187 -0.0003793570625)
(0.0455 0.001207106781 -0.0004023689271)
(0.0455 0.001276142375 -0.0004253807916)
(0.0455 0.001345177969 -0.0004483926562)
(0.0455 0.001414213562 -0.0004714045208)
(0.0455 0.001 0)
(0.0455 0.001069035594 -1.807003621e-20)
(0.0455 0.001138071187 0)
(0.0455 0.001207106781 0)
(0.0455 0.001276142375 -1.807003621e-20)
(0.0455 0.001345177969 1.807003621e-20)
(0.0455 0.001414213562 0)
(0.0455 0.001 0.0003333333333)
(0.0455 0.001069035594 0.0003563451979)
(0.0455 0.001138071187 0.0003793570625)
(0.0455 0.001207106781 0.0004023689271)
(0.0455 0.001276142375 0.0004253807916)
(0.0455 0.001345177969 0.0004483926562)
(0.0455 0.001414213562 0.0004714045208)
(0.0455 0.001 0.0006666666667)
(0.0455 0.001069035594 0.0007126903958)
(0.0455 0.001138071187 0.000758714125)
(0.0455 0.001207106781 0.0008047378541)
(0.0455 0.001276142375 0.0008507615833)
(0.0455 0.001345177969 0.0008967853124)
(0.0455 0.001414213562 0.0009428090416)
(0.0455 0.001 0.001)
(0.0455 0.001069035594 0.001069035594)
(0.0455 0.001138071187 0.001138071187)
(0.0455 0.001207106781 0.001207106781)
(0.0455 0.001276142375 0.001276142375)
(0.0455 0.001345177969 0.001345177969)
(0.0455 0.001414213562 0.001414213562)
(0.046 0.001 -0.0006666666667)
(0.046 0.001069035594 -0.0007126903958)
(0.046 0.001138071187 -0.000758714125)
(0.046 0.001207106781 -0.0008047378541)
(0.046 0.001276142375 -0.0008507615833)
(0.046 0.001345177969 -0.0008967853124)
(0.046 0.001414213562 -0.0009428090416)
(0.046 0.001 -0.0003333333333)
(0.046 0.001069035594 -0.0003563451979)
(0.046 0.001138071187 -0.0003793570625)
(0.046 0.001207106781 -0.0004023689271)
(0.046 0.001276142375 -0.0004253807916)
(0.046 0.001345177969 -0.0004483926562)
(0.046 0.001414213562 -0.0004714045208)
(0.046 0.001 0)
(0.046 0.001069035594 -1.807003621e-20)
(0.046 0.001138071187 0)
(0.046 0.001207106781 0)
(0.046 0.001276142375 -1.807003621e-20)
(0.046 0.001345177969 1.807003621e-20)
(0.046 0.001414213562 0)
(0.046 0.001 0.0003333333333)
(0.046 0.001069035594 0.0003563451979)
(0.046 0.001138071187 0.0003793570625)
(0.046 0.001207106781 0.0004023689271)
(0.046 0.001276142375 0.0004253807916)
(0.046 0.001345177969 0.0004483926562)
(0.046 0.001414213562 0.0004714045208)
(0.046 0.001 0.0006666666667)
(0.046 0.001069035594 0.0007126903958)
(0.046 0.001138071187 0.000758714125)
(0.046 0.001207106781 0.0008047378541)
(0.046 0.001276142375 0.0008507615833)
(0.046 0.001345177969 0.0008967853124)
(0.046 0.001414213562 0.0009428090416)
(0.046 0.001 0.001)
(0.046 0.001069035594 0.001069035594)
(0.046 0.001138071187 0.001138071187)
(0.046 0.001207106781 0.001207106781)
(0.046 0.001276142375 0.001276142375)
(0.046 0.001345177969 0.001345177969)
(0.046 0.001414213562 0.001414213562)
(0.0465 0.001 -0.0006666666667)
(0.0465 0.001069035594 -0.0007126903958)
(0.0465 0.001138071187 -0.000758714125)
(0.0465 0.001207106781 -0.0008047378541)
(0.0465 0.001276142375 -0.0008507615833)
(0.0465 0.001345177969 -0.0008967853124)
(0.0465 0.001414213562 -0.0009428090416)
(0.0465 0.001 -0.0003333333333)
(0.0465 0.001069035594 -0.0003563451979)
(0.0465 0.001138071187 -0.0003793570625)
(0.0465 0.001207106781 -0.0004023689271)
(0.0465 0.001276142375 -0.0004253807916)
(0.0465 0.001345177969 -0.0004483926562)
(0.0465 0.001414213562 -0.0004714045208)
(0.0465 0.001 0)
(0.0465 0.001069035594 -1.807003621e-20)
(0.0465 0.001138071187 0)
(0.0465 0.001207106781 0)
(0.0465 0.001276142375 -1.807003621e-20)
(0.0465 0.001345177969 -1.355252716e-20)
(0.0465 0.001414213562 0)
(0.0465 0.001 0.0003333333333)
(0.0465 0.001069035594 0.0003563451979)
(0.0465 0.001138071187 0.0003793570625)
(0.0465 0.001207106781 0.0004023689271)
(0.0465 0.001276142375 0.0004253807916)
(0.0465 0.001345177969 0.0004483926562)
(0.0465 0.001414213562 0.0004714045208)
(0.0465 0.001 0.0006666666667)
(0.0465 0.001069035594 0.0007126903958)
(0.0465 0.001138071187 0.000758714125)
(0.0465 0.001207106781 0.0008047378541)
(0.0465 0.001276142375 0.0008507615833)
(0.0465 0.001345177969 0.0008967853124)
(0.0465 0.001414213562 0.0009428090416)
(0.0465 0.001 0.001)
(0.0465 0.001069035594 0.001069035594)
(0.0465 0.001138071187 0.001138071187)
(0.0465 0.001207106781 0.001207106781)
(0.0465 0.001276142375 0.001276142375)
(0.0465 0.001345177969 0.001345177969)
(0.0465 0.001414213562 0.001414213562)
(0.047 0.001 -0.0006666666667)
(0.047 0.001069035594 -0.0007126903958)
(0.047 0.001138071187 -0.000758714125)
(0.047 0.001207106781 -0.0008047378541)
(0.047 0.001276142375 -0.0008507615833)
(0.047 0.001345177969 -0.0008967853124)
(0.047 0.001414213562 -0.0009428090416)
(0.047 0.001 -0.0003333333333)
(0.047 0.001069035594 -0.0003563451979)
(0.047 0.001138071187 -0.0003793570625)
(0.047 0.001207106781 -0.0004023689271)
(0.047 0.001276142375 -0.0004253807916)
(0.047 0.001345177969 -0.0004483926562)
(0.047 0.001414213562 -0.0004714045208)
(0.047 0.001 0)
(0.047 0.001069035594 -1.807003621e-20)
(0.047 0.001138071187 0)
(0.047 0.001207106781 0)
(0.047 0.001276142375 -1.807003621e-20)
(0.047 0.001345177969 1.807003621e-20)
(0.047 0.001414213562 0)
(0.047 0.001 0.0003333333333)
(0.047 0.001069035594 0.0003563451979)
(0.047 0.001138071187 0.0003793570625)
(0.047 0.001207106781 0.0004023689271)
(0.047 0.001276142375 0.0004253807916)
(0.047 0.001345177969 0.0004483926562)
(0.047 0.001414213562 0.0004714045208)
(0.047 0.001 0.0006666666667)
(0.047 0.001069035594 0.0007126903958)
(0.047 0.001138071187 0.000758714125)
(0.047 0.001207106781 0.0008047378541)
(0.047 0.001276142375 0.0008507615833)
(0.047 0.001345177969 0.0008967853124)
(0.047 0.001414213562 0.0009428090416)
(0.047 0.001 0.001)
(0.047 0.001069035594 0.001069035594)
(0.047 0.001138071187 0.001138071187)
(0.047 0.001207106781 0.001207106781)
(0.047 0.001276142375 0.001276142375)
(0.047 0.001345177969 0.001345177969)
(0.047 0.001414213562 0.001414213562)
(0.0475 0.001 -0.0006666666667)
(0.0475 0.001069035594 -0.0007126903958)
(0.0475 0.001138071187 -0.000758714125)
(0.0475 0.001207106781 -0.0008047378541)
(0.0475 0.001276142375 -0.0008507615833)
(0.0475 0.001345177969 -0.0008967853124)
(0.0475 0.001414213562 -0.0009428090416)
(0.0475 0.001 -0.0003333333333)
(0.0475 0.001069035594 -0.0003563451979)
(0.0475 0.001138071187 -0.0003793570625)
(0.0475 0.001207106781 -0.0004023689271)
(0.0475 0.001276142375 -0.0004253807916)
(0.0475 0.001345177969 -0.0004483926562)
(0.0475 0.001414213562 -0.0004714045208)
(0.0475 0.001 0)
(0.0475 0.001069035594 -1.807003621e-20)
(0.0475 0.001138071187 0)
(0.0475 0.001207106781 0)
(0.0475 0.001276142375 -1.807003621e-20)
(0.0475 0.001345177969 1.807003621e-20)
(0.0475 0.001414213562 0)
(0.0475 0.001 0.0003333333333)
(0.0475 0.001069035594 0.0003563451979)
(0.0475 0.001138071187 0.0003793570625)
(0.0475 0.001207106781 0.0004023689271)
(0.0475 0.001276142375 0.0004253807916)
(0.0475 0.001345177969 0.0004483926562)
(0.0475 0.001414213562 0.0004714045208)
(0.0475 0.001 0.0006666666667)
(0.0475 0.001069035594 0.0007126903958)
(0.0475 0.001138071187 0.000758714125)
(0.0475 0.001207106781 0.0008047378541)
(0.0475 0.001276142375 0.0008507615833)
(0.0475 0.001345177969 0.0008967853124)
(0.0475 0.001414213562 0.0009428090416)
(0.0475 0.001 0.001)
(0.0475 0.001069035594 0.001069035594)
(0.0475 0.001138071187 0.001138071187)
(0.0475 0.001207106781 0.001207106781)
(0.0475 0.001276142375 0.001276142375)
(0.0475 0.001345177969 0.001345177969)
(0.0475 0.001414213562 0.001414213562)
(0.048 0.001 -0.0006666666667)
(0.048 0.001069035594 -0.0007126903958)
(0.048 0.001138071187 -0.000758714125)
(0.048 0.001207106781 -0.0008047378541)
(0.048 0.001276142375 -0.0008507615833)
(0.048 0.001345177969 -0.0008967853124)
(0.048 0.001414213562 -0.0009428090416)
(0.048 0.001 -0.0003333333333)
(0.048 0.001069035594 -0.0003563451979)
(0.048 0.001138071187 -0.0003793570625)
(0.048 0.001207106781 -0.0004023689271)
(0.048 0.001276142375 -0.0004253807916)
(0.048 0.001345177969 -0.0004483926562)
(0.048 0.001414213562 -0.0004714045208)
(0.048 0.001 0)
(0.048 0.001069035594 -1.807003621e-20)
(0.048 0.001138071187 0)
(0.048 0.001207106781 0)
(0.048 0.001276142375 -1.807003621e-20)
(0.048 0.001345177969 1.807003621e-20)
(0.048 0.001414213562 0)
(0.048 0.001 0.0003333333333)
(0.048 0.001069035594 0.0003563451979)
(0.048 0.001138071187 0.0003793570625)
(0.048 0.001207106781 0.0004023689271)
(0.048 0.001276142375 0.0004253807916)
(0.048 0.001345177969 0.0004483926562)
(0.048 0.001414213562 0.0004714045208)
(0.048 0.001 0.0006666666667)
(0.048 0.001069035594 0.0007126903958)
(0.048 0.001138071187 0.000758714125)
(0.048 0.001207106781 0.0008047378541)
(0.048 0.001276142375 0.0008507615833)
(0.048 0.001345177969 0.0008967853124)
(0.048 0.001414213562 0.0009428090416)
(0.048 0.001 0.001)
(0.048 0.001069035594 0.001069035594)
(0.048 0.001138071187 0.001138071187)
(0.048 0.001207106781 0.001207106781)
(0.048 0.001276142375 0.001276142375)
(0.048 0.001345177969 0.001345177969)
(0.048 0.001414213562 0.001414213562)
(0.0485 0.001 -0.0006666666667)
(0.0485 0.001069035594 -0.0007126903958)
(0.0485 0.001138071187 -0.000758714125)
(0.0485 0.001207106781 -0.0008047378541)
(0.0485 0.001276142375 -0.0008507615833)
(0.0485 0.001345177969 -0.0008967853124)
(0.0485 0.001414213562 -0.0009428090416)
(0.0485 0.001 -0.0003333333333)
(0.0485 0.001069035594 -0.0003563451979)
(0.0485 0.001138071187 -0.0003793570625)
(0.0485 0.001207106781 -0.0004023689271)
(0.0485 0.001276142375 -0.0004253807916)
(0.0485 0.001345177969 -0.0004483926562)
(0.0485 0.001414213562 -0.0004714045208)
(0.0485 0.001 0)
(0.0485 0.001069035594 -1.807003621e-20)
(0.0485 0.001138071187 0)
(0.0485 0.001207106781 0)
(0.0485 0.001276142375 -1.807003621e-20)
(0.0485 0.001345177969 1.807003621e-20)
(0.0485 0.001414213562 0)
(0.0485 0.001 0.0003333333333)
(0.0485 0.001069035594 0.0003563451979)
(0.0485 0.001138071187 0.0003793570625)
(0.0485 0.001207106781 0.0004023689271)
(0.0485 0.001276142375 0.0004253807916)
(0.0485 0.001345177969 0.0004483926562)
(0.0485 0.001414213562 0.0004714045208)
(0.0485 0.001 0.0006666666667)
(0.0485 0.001069035594 0.0007126903958)
(0.0485 0.001138071187 0.000758714125)
(0.0485 0.001207106781 0.0008047378541)
(0.0485 0.001276142375 0.0008507615833)
(0.0485 0.001345177969 0.0008967853124)
(0.0485 0.001414213562 0.0009428090416)
(0.0485 0.001 0.001)
(0.0485 0.001069035594 0.001069035594)
(0.0485 0.001138071187 0.001138071187)
(0.0485 0.001207106781 0.001207106781)
(0.0485 0.001276142375 0.001276142375)
(0.0485 0.001345177969 0.001345177969)
(0.0485 0.001414213562 0.001414213562)
(0.049 0.001 -0.0006666666667)
(0.049 0.001069035594 -0.0007126903958)
(0.049 0.001138071187 -0.000758714125)
(0.049 0.001207106781 -0.0008047378541)
(0.049 0.001276142375 -0.0008507615833)
(0.049 0.001345177969 -0.0008967853124)
(0.049 0.001414213562 -0.0009428090416)
(0.049 0.001 -0.0003333333333)
(0.049 0.001069035594 -0.0003563451979)
(0.049 0.001138071187 -0.0003793570625)
(0.049 0.001207106781 -0.0004023689271)
(0.049 0.001276142375 -0.0004253807916)
(0.049 0.001345177969 -0.0004483926562)
(0.049 0.001414213562 -0.0004714045208)
(0.049 0.001 0)
(0.049 0.001069035594 -1.807003621e-20)
(0.049 0.001138071187 0)
(0.049 0.001207106781 0)
(0.049 0.001276142375 -1.807003621e-20)
(0.049 0.001345177969 1.807003621e-20)
(0.049 0.001414213562 0)
(0.049 0.001 0.0003333333333)
(0.049 0.001069035594 0.0003563451979)
(0.049 0.001138071187 0.0003793570625)
(0.049 0.001207106781 0.0004023689271)
(0.049 0.001276142375 0.0004253807916)
(0.049 0.001345177969 0.0004483926562)
(0.049 0.001414213562 0.0004714045208)
(0.049 0.001 0.0006666666667)
(0.049 0.001069035594 0.0007126903958)
(0.049 0.001138071187 0.000758714125)
(0.049 0.001207106781 0.0008047378541)
(0.049 0.001276142375 0.0008507615833)
(0.049 0.001345177969 0.0008967853124)
(0.049 0.001414213562 0.0009428090416)
(0.049 0.001 0.001)
(0.049 0.001069035594 0.001069035594)
(0.049 0.001138071187 0.001138071187)
(0.049 0.001207106781 0.001207106781)
(0.049 0.001276142375 0.001276142375)
(0.049 0.001345177969 0.001345177969)
(0.049 0.001414213562 0.001414213562)
(0.0495 0.001 -0.0006666666667)
(0.0495 0.001069035594 -0.0007126903958)
(0.0495 0.001138071187 -0.000758714125)
(0.0495 0.001207106781 -0.0008047378541)
(0.0495 0.001276142375 -0.0008507615833)
(0.0495 0.001345177969 -0.0008967853124)
(0.0495 0.001414213562 -0.0009428090416)
(0.0495 0.001 -0.0003333333333)
(0.0495 0.001069035594 -0.0003563451979)
(0.0495 0.001138071187 -0.0003793570625)
(0.0495 0.001207106781 -0.0004023689271)
(0.0495 0.001276142375 -0.0004253807916)
(0.0495 0.001345177969 -0.0004483926562)
(0.0495 0.001414213562 -0.0004714045208)
(0.0495 0.001 0)
(0.0495 0.001069035594 -1.807003621e-20)
(0.0495 0.001138071187 0)
(0.0495 0.001207106781 0)
(0.0495 0.001276142375 -1.807003621e-20)
(0.0495 0.001345177969 1.807003621e-20)
(0.0495 0.001414213562 0)
(0.0495 0.001 0.0003333333333)
(0.0495 0.001069035594 0.0003563451979)
(0.0495 0.001138071187 0.0003793570625)
(0.0495 0.001207106781 0.0004023689271)
(0.0495 0.001276142375 0.0004253807916)
(0.0495 0.001345177969 0.0004483926562)
(0.0495 0.001414213562 0.0004714045208)
(0.0495 0.001 0.0006666666667)
(0.0495 0.001069035594 0.0007126903958)
(0.0495 0.001138071187 0.000758714125)
(0.0495 0.001207106781 0.0008047378541)
(0.0495 0.001276142375 0.0008507615833)
(0.0495 0.001345177969 0.0008967853124)
(0.0495 0.001414213562 0.0009428090416)
(0.0495 0.001 0.001)
(0.0495 0.001069035594 0.001069035594)
(0.0495 0.001138071187 0.001138071187)
(0.0495 0.001207106781 0.001207106781)
(0.0495 0.001276142375 0.001276142375)
(0.0495 0.001345177969 0.001345177969)
(0.0495 0.001414213562 0.001414213562)
(0.05 0.001 -0.0006666666667)
(0.05 0.001069035594 -0.0007126903958)
(0.05 0.001138071187 -0.000758714125)
(0.05 0.001207106781 -0.0008047378541)
(0.05 0.001276142375 -0.0008507615833)
(0.05 0.001345177969 -0.0008967853124)
(0.05 0.001414213562 -0.0009428090416)
(0.05 0.001 -0.0003333333333)
(0.05 0.001069035594 -0.0003563451979)
(0.05 0.001138071187 -0.0003793570625)
(0.05 0.001207106781 -0.0004023689271)
(0.05 0.001276142375 -0.0004253807916)
(0.05 0.001345177969 -0.0004483926562)
(0.05 0.001414213562 -0.0004714045208)
(0.05 0.001 0)
(0.05 0.001069035594 -1.807003621e-20)
(0.05 0.001138071187 0)
(0.05 0.001207106781 0)
(0.05 0.001276142375 -1.807003621e-20)
(0.05 0.001345177969 1.807003621e-20)
(0.05 0.001414213562 0)
(0.05 0.001 0.0003333333333)
(0.05 0.001069035594 0.0003563451979)
(0.05 0.001138071187 0.0003793570625)
(0.05 0.001207106781 0.0004023689271)
(0.05 0.001276142375 0.0004253807916)
(0.05 0.001345177969 0.0004483926562)
(0.05 0.001414213562 0.0004714045208)
(0.05 0.001 0.0006666666667)
(0.05 0.001069035594 0.0007126903958)
(0.05 0.001138071187 0.000758714125)
(0.05 0.001207106781 0.0008047378541)
(0.05 0.001276142375 0.0008507615833)
(0.05 0.001345177969 0.0008967853124)
(0.05 0.001414213562 0.0009428090416)
(0.05 0.001 0.001)
(0.05 0.001069035594 0.001069035594)
(0.05 0.001138071187 0.001138071187)
(0.05 0.001207106781 0.001207106781)
(0.05 0.001276142375 0.001276142375)
(0.05 0.001345177969 0.001345177969)
(0.05 0.001414213562 0.001414213562)
(0 -0.0006666666667 0.001)
(0 -0.0003333333333 0.001)
(0 0 0.001)
(0 0.0003333333333 0.001)
(0 0.0006666666667 0.001)
(0 -0.0007126903958 0.001069035594)
(0 -0.0003563451979 0.001069035594)
(0 0 0.001069035594)
(0 0.0003563451979 0.001069035594)
(0 0.0007126903958 0.001069035594)
(0 -0.000758714125 0.001138071187)
(0 -0.0003793570625 0.001138071187)
(0 0 0.001138071187)
(0 0.0003793570625 0.001138071187)
(0 0.000758714125 0.001138071187)
(0 -0.0008047378541 0.001207106781)
(0 -0.0004023689271 0.001207106781)
(0 0 0.001207106781)
(0 0.0004023689271 0.001207106781)
(0 0.0008047378541 0.001207106781)
(0 -0.0008507615833 0.001276142375)
(0 -0.0004253807916 0.001276142375)
(0 0 0.001276142375)
(0 0.0004253807916 0.001276142375)
(0 0.0008507615833 0.001276142375)
(0 -0.0008967853124 0.001345177969)
(0 -0.0004483926562 0.001345177969)
(0 0 0.001345177969)
(0 0.0004483926562 0.001345177969)
(0 0.0008967853124 0.001345177969)
(0 -0.0009428090416 0.001414213562)
(0 -0.0004714045208 0.001414213562)
(0 0 0.001414213562)
(0 0.0004714045208 0.001414213562)
(0 0.0009428090416 0.001414213562)
(0.0005 -0.0006666666667 0.001)
(0.0005 -0.0003333333333 0.001)
(0.0005 0 0.001)
(0.0005 0.0003333333333 0.001)
(0.0005 0.0006666666667 0.001)
(0.0005 -0.0007126903958 0.001069035594)
(0.0005 -0.0003563451979 0.001069035594)
(0.0005 0 0.001069035594)
(0.0005 0.0003563451979 0.001069035594)
(0.0005 0.0007126903958 0.001069035594)
(0.0005 -0.000758714125 0.001138071187)
(0.0005 -0.0003793570625 0.001138071187)
(0.0005 0 0.001138071187)
(0.0005 0.0003793570625 0.001138071187)
(0.0005 0.000758714125 0.001138071187)
(0.0005 -0.0008047378541 0.001207106781)
(0.0005 -0.0004023689271 0.001207106781)
(0.0005 0 0.001207106781)
(0.0005 0.0004023689271 0.001207106781)
(0.0005 0.0008047378541 0.001207106781)
(0.0005 -0.0008507615833 0.001276142375)
(0.0005 -0.0004253807916 0.001276142375)
(0.0005 0 0.001276142375)
(0.0005 0.0004253807916 0.001276142375)
(0.0005 0.0008507615833 0.001276142375)
(0.0005 -0.0008967853124 0.001345177969)
(0.0005 -0.0004483926562 0.001345177969)
(0.0005 0 0.001345177969)
(0.0005 0.0004483926562 0.001345177969)
(0.0005 0.0008967853124 0.001345177969)
(0.0005 -0.0009428090416 0.001414213562)
(0.0005 -0.0004714045208 0.001414213562)
(0.0005 0 0.001414213562)
(0.0005 0.0004714045208 0.001414213562)
(0.0005 0.0009428090416 0.001414213562)
(0.001 -0.0006666666667 0.001)
(0.001 -0.0003333333333 0.001)
(0.001 0 0.001)
(0.001 0.0003333333333 0.001)
(0.001 0.0006666666667 0.001)
(0.001 -0.0007126903958 0.001069035594)
(0.001 -0.0003563451979 0.001069035594)
(0.001 0 0.001069035594)
(0.001 0.0003563451979 0.001069035594)
(0.001 0.0007126903958 0.001069035594)
(0.001 -0.000758714125 0.001138071187)
(0.001 -0.0003793570625 0.001138071187)
(0.001 0 0.001138071187)
(0.001 0.0003793570625 0.001138071187)
(0.001 0.000758714125 0.001138071187)
(0.001 -0.0008047378541 0.001207106781)
(0.001 -0.0004023689271 0.001207106781)
(0.001 0 0.001207106781)
(0.001 0.0004023689271 0.001207106781)
(0.001 0.0008047378541 0.001207106781)
(0.001 -0.0008507615833 0.001276142375)
(0.001 -0.0004253807916 0.001276142375)
(0.001 0 0.001276142375)
(0.001 0.0004253807916 0.001276142375)
(0.001 0.0008507615833 0.001276142375)
(0.001 -0.0008967853124 0.001345177969)
(0.001 -0.0004483926562 0.001345177969)
(0.001 0 0.001345177969)
(0.001 0.0004483926562 0.001345177969)
(0.001 0.0008967853124 0.001345177969)
(0.001 -0.0009428090416 0.001414213562)
(0.001 -0.0004714045208 0.001414213562)
(0.001 0 0.001414213562)
(0.001 0.0004714045208 0.001414213562)
(0.001 0.0009428090416 0.001414213562)
(0.0015 -0.0006666666667 0.001)
(0.0015 -0.0003333333333 0.001)
(0.0015 0 0.001)
(0.0015 0.0003333333333 0.001)
(0.0015 0.0006666666667 0.001)
(0.0015 -0.0007126903958 0.001069035594)
(0.0015 -0.0003563451979 0.001069035594)
(0.0015 0 0.001069035594)
(0.0015 0.0003563451979 0.001069035594)
(0.0015 0.0007126903958 0.001069035594)
(0.0015 -0.000758714125 0.001138071187)
(0.0015 -0.0003793570625 0.001138071187)
(0.0015 0 0.001138071187)
(0.0015 0.0003793570625 0.001138071187)
(0.0015 0.000758714125 0.001138071187)
(0.0015 -0.0008047378541 0.001207106781)
(0.0015 -0.0004023689271 0.001207106781)
(0.0015 0 0.001207106781)
(0.0015 0.0004023689271 0.001207106781)
(0.0015 0.0008047378541 0.001207106781)
(0.0015 -0.0008507615833 0.001276142375)
(0.0015 -0.0004253807916 0.001276142375)
(0.0015 0 0.001276142375)
(0.0015 0.0004253807916 0.001276142375)
(0.0015 0.0008507615833 0.001276142375)
(0.0015 -0.0008967853124 0.001345177969)
(0.0015 -0.0004483926562 0.001345177969)
(0.0015 0 0.001345177969)
(0.0015 0.0004483926562 0.001345177969)
(0.0015 0.0008967853124 0.001345177969)
(0.0015 -0.0009428090416 0.001414213562)
(0.0015 -0.0004714045208 0.001414213562)
(0.0015 0 0.001414213562)
(0.0015 0.0004714045208 0.001414213562)
(0.0015 0.0009428090416 0.001414213562)
(0.002 -0.0006666666667 0.001)
(0.002 -0.0003333333333 0.001)
(0.002 0 0.001)
(0.002 0.0003333333333 0.001)
(0.002 0.0006666666667 0.001)
(0.002 -0.0007126903958 0.001069035594)
(0.002 -0.0003563451979 0.001069035594)
(0.002 0 0.001069035594)
(0.002 0.0003563451979 0.001069035594)
(0.002 0.0007126903958 0.001069035594)
(0.002 -0.000758714125 0.001138071187)
(0.002 -0.0003793570625 0.001138071187)
(0.002 0 0.001138071187)
(0.002 0.0003793570625 0.001138071187)
(0.002 0.000758714125 0.001138071187)
(0.002 -0.0008047378541 0.001207106781)
(0.002 -0.0004023689271 0.001207106781)
(0.002 0 0.001207106781)
(0.002 0.0004023689271 0.001207106781)
(0.002 0.0008047378541 0.001207106781)
(0.002 -0.0008507615833 0.001276142375)
(0.002 -0.0004253807916 0.001276142375)
(0.002 0 0.001276142375)
(0.002 0.0004253807916 0.001276142375)
(0.002 0.0008507615833 0.001276142375)
(0.002 -0.0008967853124 0.001345177969)
(0.002 -0.0004483926562 0.001345177969)
(0.002 0 0.001345177969)
(0.002 0.0004483926562 0.001345177969)
(0.002 0.0008967853124 0.001345177969)
(0.002 -0.0009428090416 0.001414213562)
(0.002 -0.0004714045208 0.001414213562)
(0.002 0 0.001414213562)
(0.002 0.0004714045208 0.001414213562)
(0.002 0.0009428090416 0.001414213562)
(0.0025 -0.0006666666667 0.001)
(0.0025 -0.0003333333333 0.001)
(0.0025 0 0.001)
(0.0025 0.0003333333333 0.001)
(0.0025 0.0006666666667 0.001)
(0.0025 -0.0007126903958 0.001069035594)
(0.0025 -0.0003563451979 0.001069035594)
(0.0025 0 0.001069035594)
(0.0025 0.0003563451979 0.001069035594)
(0.0025 0.0007126903958 0.001069035594)
(0.0025 -0.000758714125 0.001138071187)
(0.0025 -0.0003793570625 0.001138071187)
(0.0025 0 0.001138071187)
(0.0025 0.0003793570625 0.001138071187)
(0.0025 0.000758714125 0.001138071187)
(0.0025 -0.0008047378541 0.001207106781)
(0.0025 -0.0004023689271 0.001207106781)
(0.0025 0 0.001207106781)
(0.0025 0.0004023689271 0.001207106781)
(0.0025 0.0008047378541 0.001207106781)
(0.0025 -0.0008507615833 0.001276142375)
(0.0025 -0.0004253807916 0.001276142375)
(0.0025 0 0.001276142375)
(0.0025 0.0004253807916 0.001276142375)
(0.0025 0.0008507615833 0.001276142375)
(0.0025 -0.0008967853124 0.001345177969)
(0.0025 -0.0004483926562 0.001345177969)
(0.0025 0 0.001345177969)
(0.0025 0.0004483926562 0.001345177969)
(0.0025 0.0008967853124 0.001345177969)
(0.0025 -0.0009428090416 0.001414213562)
(0.0025 -0.0004714045208 0.001414213562)
(0.0025 0 0.001414213562)
(0.0025 0.0004714045208 0.001414213562)
(0.0025 0.0009428090416 0.001414213562)
(0.003 -0.0006666666667 0.001)
(0.003 -0.0003333333333 0.001)
(0.003 0 0.001)
(0.003 0.0003333333333 0.001)
(0.003 0.0006666666667 0.001)
(0.003 -0.0007126903958 0.001069035594)
(0.003 -0.0003563451979 0.001069035594)
(0.003 0 0.001069035594)
(0.003 0.0003563451979 0.001069035594)
(0.003 0.0007126903958 0.001069035594)
(0.003 -0.000758714125 0.001138071187)
(0.003 -0.0003793570625 0.001138071187)
(0.003 0 0.001138071187)
(0.003 0.0003793570625 0.001138071187)
(0.003 0.000758714125 0.001138071187)
(0.003 -0.0008047378541 0.001207106781)
(0.003 -0.0004023689271 0.001207106781)
(0.003 0 0.001207106781)
(0.003 0.0004023689271 0.001207106781)
(0.003 0.0008047378541 0.001207106781)
(0.003 -0.0008507615833 0.001276142375)
(0.003 -0.0004253807916 0.001276142375)
(0.003 0 0.001276142375)
(0.003 0.0004253807916 0.001276142375)
(0.003 0.0008507615833 0.001276142375)
(0.003 -0.0008967853124 0.001345177969)
(0.003 -0.0004483926562 0.001345177969)
(0.003 0 0.001345177969)
(0.003 0.0004483926562 0.001345177969)
(0.003 0.0008967853124 0.001345177969)
(0.003 -0.0009428090416 0.001414213562)
(0.003 -0.0004714045208 0.001414213562)
(0.003 0 0.001414213562)
(0.003 0.0004714045208 0.001414213562)
(0.003 0.0009428090416 0.001414213562)
(0.0035 -0.0006666666667 0.001)
(0.0035 -0.0003333333333 0.001)
(0.0035 0 0.001)
(0.0035 0.0003333333333 0.001)
(0.0035 0.0006666666667 0.001)
(0.0035 -0.0007126903958 0.001069035594)
(0.0035 -0.0003563451979 0.001069035594)
(0.0035 0 0.001069035594)
(0.0035 0.0003563451979 0.001069035594)
(0.0035 0.0007126903958 0.001069035594)
(0.0035 -0.000758714125 0.001138071187)
(0.0035 -0.0003793570625 0.001138071187)
(0.0035 0 0.001138071187)
(0.0035 0.0003793570625 0.001138071187)
(0.0035 0.000758714125 0.001138071187)
(0.0035 -0.0008047378541 0.001207106781)
(0.0035 -0.0004023689271 0.001207106781)
(0.0035 0 0.001207106781)
(0.0035 0.0004023689271 0.001207106781)
(0.0035 0.0008047378541 0.001207106781)
(0.0035 -0.0008507615833 0.001276142375)
(0.0035 -0.0004253807916 0.001276142375)
(0.0035 0 0.001276142375)
(0.0035 0.0004253807916 0.001276142375)
(0.0035 0.0008507615833 0.001276142375)
(0.0035 -0.0008967853124 0.001345177969)
(0.0035 -0.0004483926562 0.001345177969)
(0.0035 0 0.001345177969)
(0.0035 0.0004483926562 0.001345177969)
(0.0035 0.0008967853124 0.001345177969)
(0.0035 -0.0009428090416 0.001414213562)
(0.0035 -0.0004714045208 0.001414213562)
(0.0035 0 0.001414213562)
(0.0035 0.0004714045208 0.001414213562)
(0.0035 0.0009428090416 0.001414213562)
(0.004 -0.0006666666667 0.001)
(0.004 -0.0003333333333 0.001)
(0.004 0 0.001)
(0.004 0.0003333333333 0.001)
(0.004 0.0006666666667 0.001)
(0.004 -0.0007126903958 0.001069035594)
(0.004 -0.0003563451979 0.001069035594)
(0.004 0 0.001069035594)
(0.004 0.0003563451979 0.001069035594)
(0.004 0.0007126903958 0.001069035594)
(0.004 -0.000758714125 0.001138071187)
(0.004 -0.0003793570625 0.001138071187)
(0.004 0 0.001138071187)
(0.004 0.0003793570625 0.001138071187)
(0.004 0.000758714125 0.001138071187)
(0.004 -0.0008047378541 0.001207106781)
(0.004 -0.0004023689271 0.001207106781)
(0.004 0 0.001207106781)
(0.004 0.0004023689271 0.001207106781)
(0.004 0.0008047378541 0.001207106781)
(0.004 -0.0008507615833 0.001276142375)
(0.004 -0.0004253807916 0.001276142375)
(0.004 0 0.001276142375)
(0.004 0.0004253807916 0.001276142375)
(0.004 0.0008507615833 0.001276142375)
(0.004 -0.0008967853124 0.001345177969)
(0.004 -0.0004483926562 0.001345177969)
(0.004 0 0.001345177969)
(0.004 0.0004483926562 0.001345177969)
(0.004 0.0008967853124 0.001345177969)
(0.004 -0.0009428090416 0.001414213562)
(0.004 -0.0004714045208 0.001414213562)
(0.004 0 0.001414213562)
(0.004 0.0004714045208 0.001414213562)
(0.004 0.0009428090416 0.001414213562)
(0.0045 -0.0006666666667 0.001)
(0.0045 -0.0003333333333 0.001)
(0.0045 0 0.001)
(0.0045 0.0003333333333 0.001)
(0.0045 0.0006666666667 0.001)
(0.0045 -0.0007126903958 0.001069035594)
(0.0045 -0.0003563451979 0.001069035594)
(0.0045 0 0.001069035594)
(0.0045 0.0003563451979 0.001069035594)
(0.0045 0.0007126903958 0.001069035594)
(0.0045 -0.000758714125 0.001138071187)
(0.0045 -0.0003793570625 0.001138071187)
(0.0045 0 0.001138071187)
(0.0045 0.0003793570625 0.001138071187)
(0.0045 0.000758714125 0.001138071187)
(0.0045 -0.0008047378541 0.001207106781)
(0.0045 -0.0004023689271 0.001207106781)
(0.0045 0 0.001207106781)
(0.0045 0.0004023689271 0.001207106781)
(0.0045 0.0008047378541 0.001207106781)
(0.0045 -0.0008507615833 0.001276142375)
(0.0045 -0.0004253807916 0.001276142375)
(0.0045 0 0.001276142375)
(0.0045 0.0004253807916 0.001276142375)
(0.0045 0.0008507615833 0.001276142375)
(0.0045 -0.0008967853124 0.001345177969)
(0.0045 -0.0004483926562 0.001345177969)
(0.0045 0 0.001345177969)
(0.0045 0.0004483926562 0.001345177969)
(0.0045 0.0008967853124 0.001345177969)
(0.0045 -0.0009428090416 0.001414213562)
(0.0045 -0.0004714045208 0.001414213562)
(0.0045 0 0.001414213562)
(0.0045 0.0004714045208 0.001414213562)
(0.0045 0.0009428090416 0.001414213562)
(0.005 -0.0006666666667 0.001)
(0.005 -0.0003333333333 0.001)
(0.005 0 0.001)
(0.005 0.0003333333333 0.001)
(0.005 0.0006666666667 0.001)
(0.005 -0.0007126903958 0.001069035594)
(0.005 -0.0003563451979 0.001069035594)
(0.005 0 0.001069035594)
(0.005 0.0003563451979 0.001069035594)
(0.005 0.0007126903958 0.001069035594)
(0.005 -0.000758714125 0.001138071187)
(0.005 -0.0003793570625 0.001138071187)
(0.005 0 0.001138071187)
(0.005 0.0003793570625 0.001138071187)
(0.005 0.000758714125 0.001138071187)
(0.005 -0.0008047378541 0.001207106781)
(0.005 -0.0004023689271 0.001207106781)
(0.005 0 0.001207106781)
(0.005 0.0004023689271 0.001207106781)
(0.005 0.0008047378541 0.001207106781)
(0.005 -0.0008507615833 0.001276142375)
(0.005 -0.0004253807916 0.001276142375)
(0.005 0 0.001276142375)
(0.005 0.0004253807916 0.001276142375)
(0.005 0.0008507615833 0.001276142375)
(0.005 -0.0008967853124 0.001345177969)
(0.005 -0.0004483926562 0.001345177969)
(0.005 0 0.001345177969)
(0.005 0.0004483926562 0.001345177969)
(0.005 0.0008967853124 0.001345177969)
(0.005 -0.0009428090416 0.001414213562)
(0.005 -0.0004714045208 0.001414213562)
(0.005 0 0.001414213562)
(0.005 0.0004714045208 0.001414213562)
(0.005 0.0009428090416 0.001414213562)
(0.0055 -0.0006666666667 0.001)
(0.0055 -0.0003333333333 0.001)
(0.0055 0 0.001)
(0.0055 0.0003333333333 0.001)
(0.0055 0.0006666666667 0.001)
(0.0055 -0.0007126903958 0.001069035594)
(0.0055 -0.0003563451979 0.001069035594)
(0.0055 0 0.001069035594)
(0.0055 0.0003563451979 0.001069035594)
(0.0055 0.0007126903958 0.001069035594)
(0.0055 -0.000758714125 0.001138071187)
(0.0055 -0.0003793570625 0.001138071187)
(0.0055 0 0.001138071187)
(0.0055 0.0003793570625 0.001138071187)
(0.0055 0.000758714125 0.001138071187)
(0.0055 -0.0008047378541 0.001207106781)
(0.0055 -0.0004023689271 0.001207106781)
(0.0055 0 0.001207106781)
(0.0055 0.0004023689271 0.001207106781)
(0.0055 0.0008047378541 0.001207106781)
(0.0055 -0.0008507615833 0.001276142375)
(0.0055 -0.0004253807916 0.001276142375)
(0.0055 0 0.001276142375)
(0.0055 0.0004253807916 0.001276142375)
(0.0055 0.0008507615833 0.001276142375)
(0.0055 -0.0008967853124 0.001345177969)
(0.0055 -0.0004483926562 0.001345177969)
(0.0055 0 0.001345177969)
(0.0055 0.0004483926562 0.001345177969)
(0.0055 0.0008967853124 0.001345177969)
(0.0055 -0.0009428090416 0.001414213562)
(0.0055 -0.0004714045208 0.001414213562)
(0.0055 0 0.001414213562)
(0.0055 0.0004714045208 0.001414213562)
(0.0055 0.0009428090416 0.001414213562)
(0.006 -0.0006666666667 0.001)
(0.006 -0.0003333333333 0.001)
(0.006 0 0.001)
(0.006 0.0003333333333 0.001)
(0.006 0.0006666666667 0.001)
(0.006 -0.0007126903958 0.001069035594)
(0.006 -0.0003563451979 0.001069035594)
(0.006 0 0.001069035594)
(0.006 0.0003563451979 0.001069035594)
(0.006 0.0007126903958 0.001069035594)
(0.006 -0.000758714125 0.001138071187)
(0.006 -0.0003793570625 0.001138071187)
(0.006 0 0.001138071187)
(0.006 0.0003793570625 0.001138071187)
(0.006 0.000758714125 0.001138071187)
(0.006 -0.0008047378541 0.001207106781)
(0.006 -0.0004023689271 0.001207106781)
(0.006 0 0.001207106781)
(0.006 0.0004023689271 0.001207106781)
(0.006 0.0008047378541 0.001207106781)
(0.006 -0.0008507615833 0.001276142375)
(0.006 -0.0004253807916 0.001276142375)
(0.006 0 0.001276142375)
(0.006 0.0004253807916 0.001276142375)
(0.006 0.0008507615833 0.001276142375)
(0.006 -0.0008967853124 0.001345177969)
(0.006 -0.0004483926562 0.001345177969)
(0.006 0 0.001345177969)
(0.006 0.0004483926562 0.001345177969)
(0.006 0.0008967853124 0.001345177969)
(0.006 -0.0009428090416 0.001414213562)
(0.006 -0.0004714045208 0.001414213562)
(0.006 0 0.001414213562)
(0.006 0.0004714045208 0.001414213562)
(0.006 0.0009428090416 0.001414213562)
(0.0065 -0.0006666666667 0.001)
(0.0065 -0.0003333333333 0.001)
(0.0065 0 0.001)
(0.0065 0.0003333333333 0.001)
(0.0065 0.0006666666667 0.001)
(0.0065 -0.0007126903958 0.001069035594)
(0.0065 -0.0003563451979 0.001069035594)
(0.0065 0 0.001069035594)
(0.0065 0.0003563451979 0.001069035594)
(0.0065 0.0007126903958 0.001069035594)
(0.0065 -0.000758714125 0.001138071187)
(0.0065 -0.0003793570625 0.001138071187)
(0.0065 0 0.001138071187)
(0.0065 0.0003793570625 0.001138071187)
(0.0065 0.000758714125 0.001138071187)
(0.0065 -0.0008047378541 0.001207106781)
(0.0065 -0.0004023689271 0.001207106781)
(0.0065 0 0.001207106781)
(0.0065 0.0004023689271 0.001207106781)
(0.0065 0.0008047378541 0.001207106781)
(0.0065 -0.0008507615833 0.001276142375)
(0.0065 -0.0004253807916 0.001276142375)
(0.0065 0 0.001276142375)
(0.0065 0.0004253807916 0.001276142375)
(0.0065 0.0008507615833 0.001276142375)
(0.0065 -0.0008967853124 0.001345177969)
(0.0065 -0.0004483926562 0.001345177969)
(0.0065 0 0.001345177969)
(0.0065 0.0004483926562 0.001345177969)
(0.0065 0.0008967853124 0.001345177969)
(0.0065 -0.0009428090416 0.001414213562)
(0.0065 -0.0004714045208 0.001414213562)
(0.0065 0 0.001414213562)
(0.0065 0.0004714045208 0.001414213562)
(0.0065 0.0009428090416 0.001414213562)
(0.007 -0.0006666666667 0.001)
(0.007 -0.0003333333333 0.001)
(0.007 0 0.001)
(0.007 0.0003333333333 0.001)
(0.007 0.0006666666667 0.001)
(0.007 -0.0007126903958 0.001069035594)
(0.007 -0.0003563451979 0.001069035594)
(0.007 0 0.001069035594)
(0.007 0.0003563451979 0.001069035594)
(0.007 0.0007126903958 0.001069035594)
(0.007 -0.000758714125 0.001138071187)
(0.007 -0.0003793570625 0.001138071187)
(0.007 0 0.001138071187)
(0.007 0.0003793570625 0.001138071187)
(0.007 0.000758714125 0.001138071187)
(0.007 -0.0008047378541 0.001207106781)
(0.007 -0.0004023689271 0.001207106781)
(0.007 0 0.001207106781)
(0.007 0.0004023689271 0.001207106781)
(0.007 0.0008047378541 0.001207106781)
(0.007 -0.0008507615833 0.001276142375)
(0.007 -0.0004253807916 0.001276142375)
(0.007 0 0.001276142375)
(0.007 0.0004253807916 0.001276142375)
(0.007 0.0008507615833 0.001276142375)
(0.007 -0.0008967853124 0.001345177969)
(0.007 -0.0004483926562 0.001345177969)
(0.007 0 0.001345177969)
(0.007 0.0004483926562 0.001345177969)
(0.007 0.0008967853124 0.001345177969)
(0.007 -0.0009428090416 0.001414213562)
(0.007 -0.0004714045208 0.001414213562)
(0.007 0 0.001414213562)
(0.007 0.0004714045208 0.001414213562)
(0.007 0.0009428090416 0.001414213562)
(0.0075 -0.0006666666667 0.001)
(0.0075 -0.0003333333333 0.001)
(0.0075 0 0.001)
(0.0075 0.0003333333333 0.001)
(0.0075 0.0006666666667 0.001)
(0.0075 -0.0007126903958 0.001069035594)
(0.0075 -0.0003563451979 0.001069035594)
(0.0075 0 0.001069035594)
(0.0075 0.0003563451979 0.001069035594)
(0.0075 0.0007126903958 0.001069035594)
(0.0075 -0.000758714125 0.001138071187)
(0.0075 -0.0003793570625 0.001138071187)
(0.0075 0 0.001138071187)
(0.0075 0.0003793570625 0.001138071187)
(0.0075 0.000758714125 0.001138071187)
(0.0075 -0.0008047378541 0.001207106781)
(0.0075 -0.0004023689271 0.001207106781)
(0.0075 0 0.001207106781)
(0.0075 0.0004023689271 0.001207106781)
(0.0075 0.0008047378541 0.001207106781)
(0.0075 -0.0008507615833 0.001276142375)
(0.0075 -0.0004253807916 0.001276142375)
(0.0075 0 0.001276142375)
(0.0075 0.0004253807916 0.001276142375)
(0.0075 0.0008507615833 0.001276142375)
(0.0075 -0.0008967853124 0.001345177969)
(0.0075 -0.0004483926562 0.001345177969)
(0.0075 0 0.001345177969)
(0.0075 0.0004483926562 0.001345177969)
(0.0075 0.0008967853124 0.001345177969)
(0.0075 -0.0009428090416 0.001414213562)
(0.0075 -0.0004714045208 0.001414213562)
(0.0075 0 0.001414213562)
(0.0075 0.0004714045208 0.001414213562)
(0.0075 0.0009428090416 0.001414213562)
(0.008 -0.0006666666667 0.001)
(0.008 -0.0003333333333 0.001)
(0.008 0 0.001)
(0.008 0.0003333333333 0.001)
(0.008 0.0006666666667 0.001)
(0.008 -0.0007126903958 0.001069035594)
(0.008 -0.0003563451979 0.001069035594)
(0.008 0 0.001069035594)
(0.008 0.0003563451979 0.001069035594)
(0.008 0.0007126903958 0.001069035594)
(0.008 -0.000758714125 0.001138071187)
(0.008 -0.0003793570625 0.001138071187)
(0.008 0 0.001138071187)
(0.008 0.0003793570625 0.001138071187)
(0.008 0.000758714125 0.001138071187)
(0.008 -0.0008047378541 0.001207106781)
(0.008 -0.0004023689271 0.001207106781)
(0.008 0 0.001207106781)
(0.008 0.0004023689271 0.001207106781)
(0.008 0.0008047378541 0.001207106781)
(0.008 -0.0008507615833 0.001276142375)
(0.008 -0.0004253807916 0.001276142375)
(0.008 0 0.001276142375)
(0.008 0.0004253807916 0.001276142375)
(0.008 0.0008507615833 0.001276142375)
(0.008 -0.0008967853124 0.001345177969)
(0.008 -0.0004483926562 0.001345177969)
(0.008 0 0.001345177969)
(0.008 0.0004483926562 0.001345177969)
(0.008 0.0008967853124 0.001345177969)
(0.008 -0.0009428090416 0.001414213562)
(0.008 -0.0004714045208 0.001414213562)
(0.008 0 0.001414213562)
(0.008 0.0004714045208 0.001414213562)
(0.008 0.0009428090416 0.001414213562)
(0.0085 -0.0006666666667 0.001)
(0.0085 -0.0003333333333 0.001)
(0.0085 0 0.001)
(0.0085 0.0003333333333 0.001)
(0.0085 0.0006666666667 0.001)
(0.0085 -0.0007126903958 0.001069035594)
(0.0085 -0.0003563451979 0.001069035594)
(0.0085 0 0.001069035594)
(0.0085 0.0003563451979 0.001069035594)
(0.0085 0.0007126903958 0.001069035594)
(0.0085 -0.000758714125 0.001138071187)
(0.0085 -0.0003793570625 0.001138071187)
(0.0085 0 0.001138071187)
(0.0085 0.0003793570625 0.001138071187)
(0.0085 0.000758714125 0.001138071187)
(0.0085 -0.0008047378541 0.001207106781)
(0.0085 -0.0004023689271 0.001207106781)
(0.0085 0 0.001207106781)
(0.0085 0.0004023689271 0.001207106781)
(0.0085 0.0008047378541 0.001207106781)
(0.0085 -0.0008507615833 0.001276142375)
(0.0085 -0.0004253807916 0.001276142375)
(0.0085 0 0.001276142375)
(0.0085 0.0004253807916 0.001276142375)
(0.0085 0.0008507615833 0.001276142375)
(0.0085 -0.0008967853124 0.001345177969)
(0.0085 -0.0004483926562 0.001345177969)
(0.0085 0 0.001345177969)
(0.0085 0.0004483926562 0.001345177969)
(0.0085 0.0008967853124 0.001345177969)
(0.0085 -0.0009428090416 0.001414213562)
(0.0085 -0.0004714045208 0.001414213562)
(0.0085 0 0.001414213562)
(0.0085 0.0004714045208 0.001414213562)
(0.0085 0.0009428090416 0.001414213562)
(0.009 -0.0006666666667 0.001)
(0.009 -0.0003333333333 0.001)
(0.009 0 0.001)
(0.009 0.0003333333333 0.001)
(0.009 0.0006666666667 0.001)
(0.009 -0.0007126903958 0.001069035594)
(0.009 -0.0003563451979 0.001069035594)
(0.009 0 0.001069035594)
(0.009 0.0003563451979 0.001069035594)
(0.009 0.0007126903958 0.001069035594)
(0.009 -0.000758714125 0.001138071187)
(0.009 -0.0003793570625 0.001138071187)
(0.009 0 0.001138071187)
(0.009 0.0003793570625 0.001138071187)
(0.009 0.000758714125 0.001138071187)
(0.009 -0.0008047378541 0.001207106781)
(0.009 -0.0004023689271 0.001207106781)
(0.009 0 0.001207106781)
(0.009 0.0004023689271 0.001207106781)
(0.009 0.0008047378541 0.001207106781)
(0.009 -0.0008507615833 0.001276142375)
(0.009 -0.0004253807916 0.001276142375)
(0.009 0 0.001276142375)
(0.009 0.0004253807916 0.001276142375)
(0.009 0.0008507615833 0.001276142375)
(0.009 -0.0008967853124 0.001345177969)
(0.009 -0.0004483926562 0.001345177969)
(0.009 0 0.001345177969)
(0.009 0.0004483926562 0.001345177969)
(0.009 0.0008967853124 0.001345177969)
(0.009 -0.0009428090416 0.001414213562)
(0.009 -0.0004714045208 0.001414213562)
(0.009 0 0.001414213562)
(0.009 0.0004714045208 0.001414213562)
(0.009 0.0009428090416 0.001414213562)
(0.0095 -0.0006666666667 0.001)
(0.0095 -0.0003333333333 0.001)
(0.0095 0 0.001)
(0.0095 0.0003333333333 0.001)
(0.0095 0.0006666666667 0.001)
(0.0095 -0.0007126903958 0.001069035594)
(0.0095 -0.0003563451979 0.001069035594)
(0.0095 0 0.001069035594)
(0.0095 0.0003563451979 0.001069035594)
(0.0095 0.0007126903958 0.001069035594)
(0.0095 -0.000758714125 0.001138071187)
(0.0095 -0.0003793570625 0.001138071187)
(0.0095 0 0.001138071187)
(0.0095 0.0003793570625 0.001138071187)
(0.0095 0.000758714125 0.001138071187)
(0.0095 -0.0008047378541 0.001207106781)
(0.0095 -0.0004023689271 0.001207106781)
(0.0095 0 0.001207106781)
(0.0095 0.0004023689271 0.001207106781)
(0.0095 0.0008047378541 0.001207106781)
(0.0095 -0.0008507615833 0.001276142375)
(0.0095 -0.0004253807916 0.001276142375)
(0.0095 0 0.001276142375)
(0.0095 0.0004253807916 0.001276142375)
(0.0095 0.0008507615833 0.001276142375)
(0.0095 -0.0008967853124 0.001345177969)
(0.0095 -0.0004483926562 0.001345177969)
(0.0095 0 0.001345177969)
(0.0095 0.0004483926562 0.001345177969)
(0.0095 0.0008967853124 0.001345177969)
(0.0095 -0.0009428090416 0.001414213562)
(0.0095 -0.0004714045208 0.001414213562)
(0.0095 0 0.001414213562)
(0.0095 0.0004714045208 0.001414213562)
(0.0095 0.0009428090416 0.001414213562)
(0.01 -0.0006666666667 0.001)
(0.01 -0.0003333333333 0.001)
(0.01 0 0.001)
(0.01 0.0003333333333 0.001)
(0.01 0.0006666666667 0.001)
(0.01 -0.0007126903958 0.001069035594)
(0.01 -0.0003563451979 0.001069035594)
(0.01 0 0.001069035594)
(0.01 0.0003563451979 0.001069035594)
(0.01 0.0007126903958 0.001069035594)
(0.01 -0.000758714125 0.001138071187)
(0.01 -0.0003793570625 0.001138071187)
(0.01 0 0.001138071187)
(0.01 0.0003793570625 0.001138071187)
(0.01 0.000758714125 0.001138071187)
(0.01 -0.0008047378541 0.001207106781)
(0.01 -0.0004023689271 0.001207106781)
(0.01 0 0.001207106781)
(0.01 0.0004023689271 0.001207106781)
(0.01 0.0008047378541 0.001207106781)
(0.01 -0.0008507615833 0.001276142375)
(0.01 -0.0004253807916 0.001276142375)
(0.01 0 0.001276142375)
(0.01 0.0004253807916 0.001276142375)
(0.01 0.0008507615833 0.001276142375)
(0.01 -0.0008967853124 0.001345177969)
(0.01 -0.0004483926562 0.001345177969)
(0.01 0 0.001345177969)
(0.01 0.0004483926562 0.001345177969)
(0.01 0.0008967853124 0.001345177969)
(0.01 -0.0009428090416 0.001414213562)
(0.01 -0.0004714045208 0.001414213562)
(0.01 0 0.001414213562)
(0.01 0.0004714045208 0.001414213562)
(0.01 0.0009428090416 0.001414213562)
(0.0105 -0.0006666666667 0.001)
(0.0105 -0.0003333333333 0.001)
(0.0105 0 0.001)
(0.0105 0.0003333333333 0.001)
(0.0105 0.0006666666667 0.001)
(0.0105 -0.0007126903958 0.001069035594)
(0.0105 -0.0003563451979 0.001069035594)
(0.0105 0 0.001069035594)
(0.0105 0.0003563451979 0.001069035594)
(0.0105 0.0007126903958 0.001069035594)
(0.0105 -0.000758714125 0.001138071187)
(0.0105 -0.0003793570625 0.001138071187)
(0.0105 0 0.001138071187)
(0.0105 0.0003793570625 0.001138071187)
(0.0105 0.000758714125 0.001138071187)
(0.0105 -0.0008047378541 0.001207106781)
(0.0105 -0.0004023689271 0.001207106781)
(0.0105 0 0.001207106781)
(0.0105 0.0004023689271 0.001207106781)
(0.0105 0.0008047378541 0.001207106781)
(0.0105 -0.0008507615833 0.001276142375)
(0.0105 -0.0004253807916 0.001276142375)
(0.0105 0 0.001276142375)
(0.0105 0.0004253807916 0.001276142375)
(0.0105 0.0008507615833 0.001276142375)
(0.0105 -0.0008967853124 0.001345177969)
(0.0105 -0.0004483926562 0.001345177969)
(0.0105 0 0.001345177969)
(0.0105 0.0004483926562 0.001345177969)
(0.0105 0.0008967853124 0.001345177969)
(0.0105 -0.0009428090416 0.001414213562)
(0.0105 -0.0004714045208 0.001414213562)
(0.0105 0 0.001414213562)
(0.0105 0.0004714045208 0.001414213562)
(0.0105 0.0009428090416 0.001414213562)
(0.011 -0.0006666666667 0.001)
(0.011 -0.0003333333333 0.001)
(0.011 0 0.001)
(0.011 0.0003333333333 0.001)
(0.011 0.0006666666667 0.001)
(0.011 -0.0007126903958 0.001069035594)
(0.011 -0.0003563451979 0.001069035594)
(0.011 0 0.001069035594)
(0.011 0.0003563451979 0.001069035594)
(0.011 0.0007126903958 0.001069035594)
(0.011 -0.000758714125 0.001138071187)
(0.011 -0.0003793570625 0.001138071187)
(0.011 0 0.001138071187)
(0.011 0.0003793570625 0.001138071187)
(0.011 0.000758714125 0.001138071187)
(0.011 -0.0008047378541 0.001207106781)
(0.011 -0.0004023689271 0.001207106781)
(0.011 0 0.001207106781)
(0.011 0.0004023689271 0.001207106781)
(0.011 0.0008047378541 0.001207106781)
(0.011 -0.0008507615833 0.001276142375)
(0.011 -0.0004253807916 0.001276142375)
(0.011 0 0.001276142375)
(0.011 0.0004253807916 0.001276142375)
(0.011 0.0008507615833 0.001276142375)
(0.011 -0.0008967853124 0.001345177969)
(0.011 -0.0004483926562 0.001345177969)
(0.011 0 0.001345177969)
(0.011 0.0004483926562 0.001345177969)
(0.011 0.0008967853124 0.001345177969)
(0.011 -0.0009428090416 0.001414213562)
(0.011 -0.0004714045208 0.001414213562)
(0.011 0 0.001414213562)
(0.011 0.0004714045208 0.001414213562)
(0.011 0.0009428090416 0.001414213562)
(0.0115 -0.0006666666667 0.001)
(0.0115 -0.0003333333333 0.001)
(0.0115 0 0.001)
(0.0115 0.0003333333333 0.001)
(0.0115 0.0006666666667 0.001)
(0.0115 -0.0007126903958 0.001069035594)
(0.0115 -0.0003563451979 0.001069035594)
(0.0115 0 0.001069035594)
(0.0115 0.0003563451979 0.001069035594)
(0.0115 0.0007126903958 0.001069035594)
(0.0115 -0.000758714125 0.001138071187)
(0.0115 -0.0003793570625 0.001138071187)
(0.0115 0 0.001138071187)
(0.0115 0.0003793570625 0.001138071187)
(0.0115 0.000758714125 0.001138071187)
(0.0115 -0.0008047378541 0.001207106781)
(0.0115 -0.0004023689271 0.001207106781)
(0.0115 0 0.001207106781)
(0.0115 0.0004023689271 0.001207106781)
(0.0115 0.0008047378541 0.001207106781)
(0.0115 -0.0008507615833 0.001276142375)
(0.0115 -0.0004253807916 0.001276142375)
(0.0115 0 0.001276142375)
(0.0115 0.0004253807916 0.001276142375)
(0.0115 0.0008507615833 0.001276142375)
(0.0115 -0.0008967853124 0.001345177969)
(0.0115 -0.0004483926562 0.001345177969)
(0.0115 0 0.001345177969)
(0.0115 0.0004483926562 0.001345177969)
(0.0115 0.0008967853124 0.001345177969)
(0.0115 -0.0009428090416 0.001414213562)
(0.0115 -0.0004714045208 0.001414213562)
(0.0115 0 0.001414213562)
(0.0115 0.0004714045208 0.001414213562)
(0.0115 0.0009428090416 0.001414213562)
(0.012 -0.0006666666667 0.001)
(0.012 -0.0003333333333 0.001)
(0.012 0 0.001)
(0.012 0.0003333333333 0.001)
(0.012 0.0006666666667 0.001)
(0.012 -0.0007126903958 0.001069035594)
(0.012 -0.0003563451979 0.001069035594)
(0.012 0 0.001069035594)
(0.012 0.0003563451979 0.001069035594)
(0.012 0.0007126903958 0.001069035594)
(0.012 -0.000758714125 0.001138071187)
(0.012 -0.0003793570625 0.001138071187)
(0.012 0 0.001138071187)
(0.012 0.0003793570625 0.001138071187)
(0.012 0.000758714125 0.001138071187)
(0.012 -0.0008047378541 0.001207106781)
(0.012 -0.0004023689271 0.001207106781)
(0.012 0 0.001207106781)
(0.012 0.0004023689271 0.001207106781)
(0.012 0.0008047378541 0.001207106781)
(0.012 -0.0008507615833 0.001276142375)
(0.012 -0.0004253807916 0.001276142375)
(0.012 0 0.001276142375)
(0.012 0.0004253807916 0.001276142375)
(0.012 0.0008507615833 0.001276142375)
(0.012 -0.0008967853124 0.001345177969)
(0.012 -0.0004483926562 0.001345177969)
(0.012 0 0.001345177969)
(0.012 0.0004483926562 0.001345177969)
(0.012 0.0008967853124 0.001345177969)
(0.012 -0.0009428090416 0.001414213562)
(0.012 -0.0004714045208 0.001414213562)
(0.012 0 0.001414213562)
(0.012 0.0004714045208 0.001414213562)
(0.012 0.0009428090416 0.001414213562)
(0.0125 -0.0006666666667 0.001)
(0.0125 -0.0003333333333 0.001)
(0.0125 0 0.001)
(0.0125 0.0003333333333 0.001)
(0.0125 0.0006666666667 0.001)
(0.0125 -0.0007126903958 0.001069035594)
(0.0125 -0.0003563451979 0.001069035594)
(0.0125 0 0.001069035594)
(0.0125 0.0003563451979 0.001069035594)
(0.0125 0.0007126903958 0.001069035594)
(0.0125 -0.000758714125 0.001138071187)
(0.0125 -0.0003793570625 0.001138071187)
(0.0125 0 0.001138071187)
(0.0125 0.0003793570625 0.001138071187)
(0.0125 0.000758714125 0.001138071187)
(0.0125 -0.0008047378541 0.001207106781)
(0.0125 -0.0004023689271 0.001207106781)
(0.0125 0 0.001207106781)
(0.0125 0.0004023689271 0.001207106781)
(0.0125 0.0008047378541 0.001207106781)
(0.0125 -0.0008507615833 0.001276142375)
(0.0125 -0.0004253807916 0.001276142375)
(0.0125 0 0.001276142375)
(0.0125 0.0004253807916 0.001276142375)
(0.0125 0.0008507615833 0.001276142375)
(0.0125 -0.0008967853124 0.001345177969)
(0.0125 -0.0004483926562 0.001345177969)
(0.0125 0 0.001345177969)
(0.0125 0.0004483926562 0.001345177969)
(0.0125 0.0008967853124 0.001345177969)
(0.0125 -0.0009428090416 0.001414213562)
(0.0125 -0.0004714045208 0.001414213562)
(0.0125 0 0.001414213562)
(0.0125 0.0004714045208 0.001414213562)
(0.0125 0.0009428090416 0.001414213562)
(0.013 -0.0006666666667 0.001)
(0.013 -0.0003333333333 0.001)
(0.013 0 0.001)
(0.013 0.0003333333333 0.001)
(0.013 0.0006666666667 0.001)
(0.013 -0.0007126903958 0.001069035594)
(0.013 -0.0003563451979 0.001069035594)
(0.013 0 0.001069035594)
(0.013 0.0003563451979 0.001069035594)
(0.013 0.0007126903958 0.001069035594)
(0.013 -0.000758714125 0.001138071187)
(0.013 -0.0003793570625 0.001138071187)
(0.013 0 0.001138071187)
(0.013 0.0003793570625 0.001138071187)
(0.013 0.000758714125 0.001138071187)
(0.013 -0.0008047378541 0.001207106781)
(0.013 -0.0004023689271 0.001207106781)
(0.013 0 0.001207106781)
(0.013 0.0004023689271 0.001207106781)
(0.013 0.0008047378541 0.001207106781)
(0.013 -0.0008507615833 0.001276142375)
(0.013 -0.0004253807916 0.001276142375)
(0.013 0 0.001276142375)
(0.013 0.0004253807916 0.001276142375)
(0.013 0.0008507615833 0.001276142375)
(0.013 -0.0008967853124 0.001345177969)
(0.013 -0.0004483926562 0.001345177969)
(0.013 0 0.001345177969)
(0.013 0.0004483926562 0.001345177969)
(0.013 0.0008967853124 0.001345177969)
(0.013 -0.0009428090416 0.001414213562)
(0.013 -0.0004714045208 0.001414213562)
(0.013 0 0.001414213562)
(0.013 0.0004714045208 0.001414213562)
(0.013 0.0009428090416 0.001414213562)
(0.0135 -0.0006666666667 0.001)
(0.0135 -0.0003333333333 0.001)
(0.0135 0 0.001)
(0.0135 0.0003333333333 0.001)
(0.0135 0.0006666666667 0.001)
(0.0135 -0.0007126903958 0.001069035594)
(0.0135 -0.0003563451979 0.001069035594)
(0.0135 0 0.001069035594)
(0.0135 0.0003563451979 0.001069035594)
(0.0135 0.0007126903958 0.001069035594)
(0.0135 -0.000758714125 0.001138071187)
(0.0135 -0.0003793570625 0.001138071187)
(0.0135 0 0.001138071187)
(0.0135 0.0003793570625 0.001138071187)
(0.0135 0.000758714125 0.001138071187)
(0.0135 -0.0008047378541 0.001207106781)
(0.0135 -0.0004023689271 0.001207106781)
(0.0135 0 0.001207106781)
(0.0135 0.0004023689271 0.001207106781)
(0.0135 0.0008047378541 0.001207106781)
(0.0135 -0.0008507615833 0.001276142375)
(0.0135 -0.0004253807916 0.001276142375)
(0.0135 0 0.001276142375)
(0.0135 0.0004253807916 0.001276142375)
(0.0135 0.0008507615833 0.001276142375)
(0.0135 -0.0008967853124 0.001345177969)
(0.0135 -0.0004483926562 0.001345177969)
(0.0135 0 0.001345177969)
(0.0135 0.0004483926562 0.001345177969)
(0.0135 0.0008967853124 0.001345177969)
(0.0135 -0.0009428090416 0.001414213562)
(0.0135 -0.0004714045208 0.001414213562)
(0.0135 0 0.001414213562)
(0.0135 0.0004714045208 0.001414213562)
(0.0135 0.0009428090416 0.001414213562)
(0.014 -0.0006666666667 0.001)
(0.014 -0.0003333333333 0.001)
(0.014 0 0.001)
(0.014 0.0003333333333 0.001)
(0.014 0.0006666666667 0.001)
(0.014 -0.0007126903958 0.001069035594)
(0.014 -0.0003563451979 0.001069035594)
(0.014 0 0.001069035594)
(0.014 0.0003563451979 0.001069035594)
(0.014 0.0007126903958 0.001069035594)
(0.014 -0.000758714125 0.001138071187)
(0.014 -0.0003793570625 0.001138071187)
(0.014 0 0.001138071187)
(0.014 0.0003793570625 0.001138071187)
(0.014 0.000758714125 0.001138071187)
(0.014 -0.0008047378541 0.001207106781)
(0.014 -0.0004023689271 0.001207106781)
(0.014 0 0.001207106781)
(0.014 0.0004023689271 0.001207106781)
(0.014 0.0008047378541 0.001207106781)
(0.014 -0.0008507615833 0.001276142375)
(0.014 -0.0004253807916 0.001276142375)
(0.014 0 0.001276142375)
(0.014 0.0004253807916 0.001276142375)
(0.014 0.0008507615833 0.001276142375)
(0.014 -0.0008967853124 0.001345177969)
(0.014 -0.0004483926562 0.001345177969)
(0.014 0 0.001345177969)
(0.014 0.0004483926562 0.001345177969)
(0.014 0.0008967853124 0.001345177969)
(0.014 -0.0009428090416 0.001414213562)
(0.014 -0.0004714045208 0.001414213562)
(0.014 0 0.001414213562)
(0.014 0.0004714045208 0.001414213562)
(0.014 0.0009428090416 0.001414213562)
(0.0145 -0.0006666666667 0.001)
(0.0145 -0.0003333333333 0.001)
(0.0145 0 0.001)
(0.0145 0.0003333333333 0.001)
(0.0145 0.0006666666667 0.001)
(0.0145 -0.0007126903958 0.001069035594)
(0.0145 -0.0003563451979 0.001069035594)
(0.0145 0 0.001069035594)
(0.0145 0.0003563451979 0.001069035594)
(0.0145 0.0007126903958 0.001069035594)
(0.0145 -0.000758714125 0.001138071187)
(0.0145 -0.0003793570625 0.001138071187)
(0.0145 0 0.001138071187)
(0.0145 0.0003793570625 0.001138071187)
(0.0145 0.000758714125 0.001138071187)
(0.0145 -0.0008047378541 0.001207106781)
(0.0145 -0.0004023689271 0.001207106781)
(0.0145 0 0.001207106781)
(0.0145 0.0004023689271 0.001207106781)
(0.0145 0.0008047378541 0.001207106781)
(0.0145 -0.0008507615833 0.001276142375)
(0.0145 -0.0004253807916 0.001276142375)
(0.0145 0 0.001276142375)
(0.0145 0.0004253807916 0.001276142375)
(0.0145 0.0008507615833 0.001276142375)
(0.0145 -0.0008967853124 0.001345177969)
(0.0145 -0.0004483926562 0.001345177969)
(0.0145 0 0.001345177969)
(0.0145 0.0004483926562 0.001345177969)
(0.0145 0.0008967853124 0.001345177969)
(0.0145 -0.0009428090416 0.001414213562)
(0.0145 -0.0004714045208 0.001414213562)
(0.0145 0 0.001414213562)
(0.0145 0.0004714045208 0.001414213562)
(0.0145 0.0009428090416 0.001414213562)
(0.015 -0.0006666666667 0.001)
(0.015 -0.0003333333333 0.001)
(0.015 0 0.001)
(0.015 0.0003333333333 0.001)
(0.015 0.0006666666667 0.001)
(0.015 -0.0007126903958 0.001069035594)
(0.015 -0.0003563451979 0.001069035594)
(0.015 0 0.001069035594)
(0.015 0.0003563451979 0.001069035594)
(0.015 0.0007126903958 0.001069035594)
(0.015 -0.000758714125 0.001138071187)
(0.015 -0.0003793570625 0.001138071187)
(0.015 0 0.001138071187)
(0.015 0.0003793570625 0.001138071187)
(0.015 0.000758714125 0.001138071187)
(0.015 -0.0008047378541 0.001207106781)
(0.015 -0.0004023689271 0.001207106781)
(0.015 0 0.001207106781)
(0.015 0.0004023689271 0.001207106781)
(0.015 0.0008047378541 0.001207106781)
(0.015 -0.0008507615833 0.001276142375)
(0.015 -0.0004253807916 0.001276142375)
(0.015 0 0.001276142375)
(0.015 0.0004253807916 0.001276142375)
(0.015 0.0008507615833 0.001276142375)
(0.015 -0.0008967853124 0.001345177969)
(0.015 -0.0004483926562 0.001345177969)
(0.015 0 0.001345177969)
(0.015 0.0004483926562 0.001345177969)
(0.015 0.0008967853124 0.001345177969)
(0.015 -0.0009428090416 0.001414213562)
(0.015 -0.0004714045208 0.001414213562)
(0.015 0 0.001414213562)
(0.015 0.0004714045208 0.001414213562)
(0.015 0.0009428090416 0.001414213562)
(0.0155 -0.0006666666667 0.001)
(0.0155 -0.0003333333333 0.001)
(0.0155 0 0.001)
(0.0155 0.0003333333333 0.001)
(0.0155 0.0006666666667 0.001)
(0.0155 -0.0007126903958 0.001069035594)
(0.0155 -0.0003563451979 0.001069035594)
(0.0155 0 0.001069035594)
(0.0155 0.0003563451979 0.001069035594)
(0.0155 0.0007126903958 0.001069035594)
(0.0155 -0.000758714125 0.001138071187)
(0.0155 -0.0003793570625 0.001138071187)
(0.0155 0 0.001138071187)
(0.0155 0.0003793570625 0.001138071187)
(0.0155 0.000758714125 0.001138071187)
(0.0155 -0.0008047378541 0.001207106781)
(0.0155 -0.0004023689271 0.001207106781)
(0.0155 0 0.001207106781)
(0.0155 0.0004023689271 0.001207106781)
(0.0155 0.0008047378541 0.001207106781)
(0.0155 -0.0008507615833 0.001276142375)
(0.0155 -0.0004253807916 0.001276142375)
(0.0155 0 0.001276142375)
(0.0155 0.0004253807916 0.001276142375)
(0.0155 0.0008507615833 0.001276142375)
(0.0155 -0.0008967853124 0.001345177969)
(0.0155 -0.0004483926562 0.001345177969)
(0.0155 0 0.001345177969)
(0.0155 0.0004483926562 0.001345177969)
(0.0155 0.0008967853124 0.001345177969)
(0.0155 -0.0009428090416 0.001414213562)
(0.0155 -0.0004714045208 0.001414213562)
(0.0155 0 0.001414213562)
(0.0155 0.0004714045208 0.001414213562)
(0.0155 0.0009428090416 0.001414213562)
(0.016 -0.0006666666667 0.001)
(0.016 -0.0003333333333 0.001)
(0.016 0 0.001)
(0.016 0.0003333333333 0.001)
(0.016 0.0006666666667 0.001)
(0.016 -0.0007126903958 0.001069035594)
(0.016 -0.0003563451979 0.001069035594)
(0.016 0 0.001069035594)
(0.016 0.0003563451979 0.001069035594)
(0.016 0.0007126903958 0.001069035594)
(0.016 -0.000758714125 0.001138071187)
(0.016 -0.0003793570625 0.001138071187)
(0.016 0 0.001138071187)
(0.016 0.0003793570625 0.001138071187)
(0.016 0.000758714125 0.001138071187)
(0.016 -0.0008047378541 0.001207106781)
(0.016 -0.0004023689271 0.001207106781)
(0.016 0 0.001207106781)
(0.016 0.0004023689271 0.001207106781)
(0.016 0.0008047378541 0.001207106781)
(0.016 -0.0008507615833 0.001276142375)
(0.016 -0.0004253807916 0.001276142375)
(0.016 0 0.001276142375)
(0.016 0.0004253807916 0.001276142375)
(0.016 0.0008507615833 0.001276142375)
(0.016 -0.0008967853124 0.001345177969)
(0.016 -0.0004483926562 0.001345177969)
(0.016 0 0.001345177969)
(0.016 0.0004483926562 0.001345177969)
(0.016 0.0008967853124 0.001345177969)
(0.016 -0.0009428090416 0.001414213562)
(0.016 -0.0004714045208 0.001414213562)
(0.016 0 0.001414213562)
(0.016 0.0004714045208 0.001414213562)
(0.016 0.0009428090416 0.001414213562)
(0.0165 -0.0006666666667 0.001)
(0.0165 -0.0003333333333 0.001)
(0.0165 0 0.001)
(0.0165 0.0003333333333 0.001)
(0.0165 0.0006666666667 0.001)
(0.0165 -0.0007126903958 0.001069035594)
(0.0165 -0.0003563451979 0.001069035594)
(0.0165 0 0.001069035594)
(0.0165 0.0003563451979 0.001069035594)
(0.0165 0.0007126903958 0.001069035594)
(0.0165 -0.000758714125 0.001138071187)
(0.0165 -0.0003793570625 0.001138071187)
(0.0165 0 0.001138071187)
(0.0165 0.0003793570625 0.001138071187)
(0.0165 0.000758714125 0.001138071187)
(0.0165 -0.0008047378541 0.001207106781)
(0.0165 -0.0004023689271 0.001207106781)
(0.0165 0 0.001207106781)
(0.0165 0.0004023689271 0.001207106781)
(0.0165 0.0008047378541 0.001207106781)
(0.0165 -0.0008507615833 0.001276142375)
(0.0165 -0.0004253807916 0.001276142375)
(0.0165 0 0.001276142375)
(0.0165 0.0004253807916 0.001276142375)
(0.0165 0.0008507615833 0.001276142375)
(0.0165 -0.0008967853124 0.001345177969)
(0.0165 -0.0004483926562 0.001345177969)
(0.0165 0 0.001345177969)
(0.0165 0.0004483926562 0.001345177969)
(0.0165 0.0008967853124 0.001345177969)
(0.0165 -0.0009428090416 0.001414213562)
(0.0165 -0.0004714045208 0.001414213562)
(0.0165 0 0.001414213562)
(0.0165 0.0004714045208 0.001414213562)
(0.0165 0.0009428090416 0.001414213562)
(0.017 -0.0006666666667 0.001)
(0.017 -0.0003333333333 0.001)
(0.017 0 0.001)
(0.017 0.0003333333333 0.001)
(0.017 0.0006666666667 0.001)
(0.017 -0.0007126903958 0.001069035594)
(0.017 -0.0003563451979 0.001069035594)
(0.017 0 0.001069035594)
(0.017 0.0003563451979 0.001069035594)
(0.017 0.0007126903958 0.001069035594)
(0.017 -0.000758714125 0.001138071187)
(0.017 -0.0003793570625 0.001138071187)
(0.017 0 0.001138071187)
(0.017 0.0003793570625 0.001138071187)
(0.017 0.000758714125 0.001138071187)
(0.017 -0.0008047378541 0.001207106781)
(0.017 -0.0004023689271 0.001207106781)
(0.017 0 0.001207106781)
(0.017 0.0004023689271 0.001207106781)
(0.017 0.0008047378541 0.001207106781)
(0.017 -0.0008507615833 0.001276142375)
(0.017 -0.0004253807916 0.001276142375)
(0.017 0 0.001276142375)
(0.017 0.0004253807916 0.001276142375)
(0.017 0.0008507615833 0.001276142375)
(0.017 -0.0008967853124 0.001345177969)
(0.017 -0.0004483926562 0.001345177969)
(0.017 0 0.001345177969)
(0.017 0.0004483926562 0.001345177969)
(0.017 0.0008967853124 0.001345177969)
(0.017 -0.0009428090416 0.001414213562)
(0.017 -0.0004714045208 0.001414213562)
(0.017 0 0.001414213562)
(0.017 0.0004714045208 0.001414213562)
(0.017 0.0009428090416 0.001414213562)
(0.0175 -0.0006666666667 0.001)
(0.0175 -0.0003333333333 0.001)
(0.0175 0 0.001)
(0.0175 0.0003333333333 0.001)
(0.0175 0.0006666666667 0.001)
(0.0175 -0.0007126903958 0.001069035594)
(0.0175 -0.0003563451979 0.001069035594)
(0.0175 0 0.001069035594)
(0.0175 0.0003563451979 0.001069035594)
(0.0175 0.0007126903958 0.001069035594)
(0.0175 -0.000758714125 0.001138071187)
(0.0175 -0.0003793570625 0.001138071187)
(0.0175 0 0.001138071187)
(0.0175 0.0003793570625 0.001138071187)
(0.0175 0.000758714125 0.001138071187)
(0.0175 -0.0008047378541 0.001207106781)
(0.0175 -0.0004023689271 0.001207106781)
(0.0175 0 0.001207106781)
(0.0175 0.0004023689271 0.001207106781)
(0.0175 0.0008047378541 0.001207106781)
(0.0175 -0.0008507615833 0.001276142375)
(0.0175 -0.0004253807916 0.001276142375)
(0.0175 0 0.001276142375)
(0.0175 0.0004253807916 0.001276142375)
(0.0175 0.0008507615833 0.001276142375)
(0.0175 -0.0008967853124 0.001345177969)
(0.0175 -0.0004483926562 0.001345177969)
(0.0175 0 0.001345177969)
(0.0175 0.0004483926562 0.001345177969)
(0.0175 0.0008967853124 0.001345177969)
(0.0175 -0.0009428090416 0.001414213562)
(0.0175 -0.0004714045208 0.001414213562)
(0.0175 0 0.001414213562)
(0.0175 0.0004714045208 0.001414213562)
(0.0175 0.0009428090416 0.001414213562)
(0.018 -0.0006666666667 0.001)
(0.018 -0.0003333333333 0.001)
(0.018 0 0.001)
(0.018 0.0003333333333 0.001)
(0.018 0.0006666666667 0.001)
(0.018 -0.0007126903958 0.001069035594)
(0.018 -0.0003563451979 0.001069035594)
(0.018 0 0.001069035594)
(0.018 0.0003563451979 0.001069035594)
(0.018 0.0007126903958 0.001069035594)
(0.018 -0.000758714125 0.001138071187)
(0.018 -0.0003793570625 0.001138071187)
(0.018 0 0.001138071187)
(0.018 0.0003793570625 0.001138071187)
(0.018 0.000758714125 0.001138071187)
(0.018 -0.0008047378541 0.001207106781)
(0.018 -0.0004023689271 0.001207106781)
(0.018 0 0.001207106781)
(0.018 0.0004023689271 0.001207106781)
(0.018 0.0008047378541 0.001207106781)
(0.018 -0.0008507615833 0.001276142375)
(0.018 -0.0004253807916 0.001276142375)
(0.018 0 0.001276142375)
(0.018 0.0004253807916 0.001276142375)
(0.018 0.0008507615833 0.001276142375)
(0.018 -0.0008967853124 0.001345177969)
(0.018 -0.0004483926562 0.001345177969)
(0.018 0 0.001345177969)
(0.018 0.0004483926562 0.001345177969)
(0.018 0.0008967853124 0.001345177969)
(0.018 -0.0009428090416 0.001414213562)
(0.018 -0.0004714045208 0.001414213562)
(0.018 0 0.001414213562)
(0.018 0.0004714045208 0.001414213562)
(0.018 0.0009428090416 0.001414213562)
(0.0185 -0.0006666666667 0.001)
(0.0185 -0.0003333333333 0.001)
(0.0185 0 0.001)
(0.0185 0.0003333333333 0.001)
(0.0185 0.0006666666667 0.001)
(0.0185 -0.0007126903958 0.001069035594)
(0.0185 -0.0003563451979 0.001069035594)
(0.0185 0 0.001069035594)
(0.0185 0.0003563451979 0.001069035594)
(0.0185 0.0007126903958 0.001069035594)
(0.0185 -0.000758714125 0.001138071187)
(0.0185 -0.0003793570625 0.001138071187)
(0.0185 0 0.001138071187)
(0.0185 0.0003793570625 0.001138071187)
(0.0185 0.000758714125 0.001138071187)
(0.0185 -0.0008047378541 0.001207106781)
(0.0185 -0.0004023689271 0.001207106781)
(0.0185 0 0.001207106781)
(0.0185 0.0004023689271 0.001207106781)
(0.0185 0.0008047378541 0.001207106781)
(0.0185 -0.0008507615833 0.001276142375)
(0.0185 -0.0004253807916 0.001276142375)
(0.0185 0 0.001276142375)
(0.0185 0.0004253807916 0.001276142375)
(0.0185 0.0008507615833 0.001276142375)
(0.0185 -0.0008967853124 0.001345177969)
(0.0185 -0.0004483926562 0.001345177969)
(0.0185 0 0.001345177969)
(0.0185 0.0004483926562 0.001345177969)
(0.0185 0.0008967853124 0.001345177969)
(0.0185 -0.0009428090416 0.001414213562)
(0.0185 -0.0004714045208 0.001414213562)
(0.0185 0 0.001414213562)
(0.0185 0.0004714045208 0.001414213562)
(0.0185 0.0009428090416 0.001414213562)
(0.019 -0.0006666666667 0.001)
(0.019 -0.0003333333333 0.001)
(0.019 0 0.001)
(0.019 0.0003333333333 0.001)
(0.019 0.0006666666667 0.001)
(0.019 -0.0007126903958 0.001069035594)
(0.019 -0.0003563451979 0.001069035594)
(0.019 0 0.001069035594)
(0.019 0.0003563451979 0.001069035594)
(0.019 0.0007126903958 0.001069035594)
(0.019 -0.000758714125 0.001138071187)
(0.019 -0.0003793570625 0.001138071187)
(0.019 0 0.001138071187)
(0.019 0.0003793570625 0.001138071187)
(0.019 0.000758714125 0.001138071187)
(0.019 -0.0008047378541 0.001207106781)
(0.019 -0.0004023689271 0.001207106781)
(0.019 0 0.001207106781)
(0.019 0.0004023689271 0.001207106781)
(0.019 0.0008047378541 0.001207106781)
(0.019 -0.0008507615833 0.001276142375)
(0.019 -0.0004253807916 0.001276142375)
(0.019 0 0.001276142375)
(0.019 0.0004253807916 0.001276142375)
(0.019 0.0008507615833 0.001276142375)
(0.019 -0.0008967853124 0.001345177969)
(0.019 -0.0004483926562 0.001345177969)
(0.019 0 0.001345177969)
(0.019 0.0004483926562 0.001345177969)
(0.019 0.0008967853124 0.001345177969)
(0.019 -0.0009428090416 0.001414213562)
(0.019 -0.0004714045208 0.001414213562)
(0.019 0 0.001414213562)
(0.019 0.0004714045208 0.001414213562)
(0.019 0.0009428090416 0.001414213562)
(0.0195 -0.0006666666667 0.001)
(0.0195 -0.0003333333333 0.001)
(0.0195 0 0.001)
(0.0195 0.0003333333333 0.001)
(0.0195 0.0006666666667 0.001)
(0.0195 -0.0007126903958 0.001069035594)
(0.0195 -0.0003563451979 0.001069035594)
(0.0195 0 0.001069035594)
(0.0195 0.0003563451979 0.001069035594)
(0.0195 0.0007126903958 0.001069035594)
(0.0195 -0.000758714125 0.001138071187)
(0.0195 -0.0003793570625 0.001138071187)
(0.0195 0 0.001138071187)
(0.0195 0.0003793570625 0.001138071187)
(0.0195 0.000758714125 0.001138071187)
(0.0195 -0.0008047378541 0.001207106781)
(0.0195 -0.0004023689271 0.001207106781)
(0.0195 0 0.001207106781)
(0.0195 0.0004023689271 0.001207106781)
(0.0195 0.0008047378541 0.001207106781)
(0.0195 -0.0008507615833 0.001276142375)
(0.0195 -0.0004253807916 0.001276142375)
(0.0195 0 0.001276142375)
(0.0195 0.0004253807916 0.001276142375)
(0.0195 0.0008507615833 0.001276142375)
(0.0195 -0.0008967853124 0.001345177969)
(0.0195 -0.0004483926562 0.001345177969)
(0.0195 0 0.001345177969)
(0.0195 0.0004483926562 0.001345177969)
(0.0195 0.0008967853124 0.001345177969)
(0.0195 -0.0009428090416 0.001414213562)
(0.0195 -0.0004714045208 0.001414213562)
(0.0195 0 0.001414213562)
(0.0195 0.0004714045208 0.001414213562)
(0.0195 0.0009428090416 0.001414213562)
(0.02 -0.0006666666667 0.001)
(0.02 -0.0003333333333 0.001)
(0.02 0 0.001)
(0.02 0.0003333333333 0.001)
(0.02 0.0006666666667 0.001)
(0.02 -0.0007126903958 0.001069035594)
(0.02 -0.0003563451979 0.001069035594)
(0.02 0 0.001069035594)
(0.02 0.0003563451979 0.001069035594)
(0.02 0.0007126903958 0.001069035594)
(0.02 -0.000758714125 0.001138071187)
(0.02 -0.0003793570625 0.001138071187)
(0.02 0 0.001138071187)
(0.02 0.0003793570625 0.001138071187)
(0.02 0.000758714125 0.001138071187)
(0.02 -0.0008047378541 0.001207106781)
(0.02 -0.0004023689271 0.001207106781)
(0.02 0 0.001207106781)
(0.02 0.0004023689271 0.001207106781)
(0.02 0.0008047378541 0.001207106781)
(0.02 -0.0008507615833 0.001276142375)
(0.02 -0.0004253807916 0.001276142375)
(0.02 0 0.001276142375)
(0.02 0.0004253807916 0.001276142375)
(0.02 0.0008507615833 0.001276142375)
(0.02 -0.0008967853124 0.001345177969)
(0.02 -0.0004483926562 0.001345177969)
(0.02 0 0.001345177969)
(0.02 0.0004483926562 0.001345177969)
(0.02 0.0008967853124 0.001345177969)
(0.02 -0.0009428090416 0.001414213562)
(0.02 -0.0004714045208 0.001414213562)
(0.02 0 0.001414213562)
(0.02 0.0004714045208 0.001414213562)
(0.02 0.0009428090416 0.001414213562)
(0.0205 -0.0006666666667 0.001)
(0.0205 -0.0003333333333 0.001)
(0.0205 0 0.001)
(0.0205 0.0003333333333 0.001)
(0.0205 0.0006666666667 0.001)
(0.0205 -0.0007126903958 0.001069035594)
(0.0205 -0.0003563451979 0.001069035594)
(0.0205 0 0.001069035594)
(0.0205 0.0003563451979 0.001069035594)
(0.0205 0.0007126903958 0.001069035594)
(0.0205 -0.000758714125 0.001138071187)
(0.0205 -0.0003793570625 0.001138071187)
(0.0205 0 0.001138071187)
(0.0205 0.0003793570625 0.001138071187)
(0.0205 0.000758714125 0.001138071187)
(0.0205 -0.0008047378541 0.001207106781)
(0.0205 -0.0004023689271 0.001207106781)
(0.0205 0 0.001207106781)
(0.0205 0.0004023689271 0.001207106781)
(0.0205 0.0008047378541 0.001207106781)
(0.0205 -0.0008507615833 0.001276142375)
(0.0205 -0.0004253807916 0.001276142375)
(0.0205 0 0.001276142375)
(0.0205 0.0004253807916 0.001276142375)
(0.0205 0.0008507615833 0.001276142375)
(0.0205 -0.0008967853124 0.001345177969)
(0.0205 -0.0004483926562 0.001345177969)
(0.0205 0 0.001345177969)
(0.0205 0.0004483926562 0.001345177969)
(0.0205 0.0008967853124 0.001345177969)
(0.0205 -0.0009428090416 0.001414213562)
(0.0205 -0.0004714045208 0.001414213562)
(0.0205 0 0.001414213562)
(0.0205 0.0004714045208 0.001414213562)
(0.0205 0.0009428090416 0.001414213562)
(0.021 -0.0006666666667 0.001)
(0.021 -0.0003333333333 0.001)
(0.021 0 0.001)
(0.021 0.0003333333333 0.001)
(0.021 0.0006666666667 0.001)
(0.021 -0.0007126903958 0.001069035594)
(0.021 -0.0003563451979 0.001069035594)
(0.021 0 0.001069035594)
(0.021 0.0003563451979 0.001069035594)
(0.021 0.0007126903958 0.001069035594)
(0.021 -0.000758714125 0.001138071187)
(0.021 -0.0003793570625 0.001138071187)
(0.021 0 0.001138071187)
(0.021 0.0003793570625 0.001138071187)
(0.021 0.000758714125 0.001138071187)
(0.021 -0.0008047378541 0.001207106781)
(0.021 -0.0004023689271 0.001207106781)
(0.021 0 0.001207106781)
(0.021 0.0004023689271 0.001207106781)
(0.021 0.0008047378541 0.001207106781)
(0.021 -0.0008507615833 0.001276142375)
(0.021 -0.0004253807916 0.001276142375)
(0.021 0 0.001276142375)
(0.021 0.0004253807916 0.001276142375)
(0.021 0.0008507615833 0.001276142375)
(0.021 -0.0008967853124 0.001345177969)
(0.021 -0.0004483926562 0.001345177969)
(0.021 0 0.001345177969)
(0.021 0.0004483926562 0.001345177969)
(0.021 0.0008967853124 0.001345177969)
(0.021 -0.0009428090416 0.001414213562)
(0.021 -0.0004714045208 0.001414213562)
(0.021 0 0.001414213562)
(0.021 0.0004714045208 0.001414213562)
(0.021 0.0009428090416 0.001414213562)
(0.0215 -0.0006666666667 0.001)
(0.0215 -0.0003333333333 0.001)
(0.0215 0 0.001)
(0.0215 0.0003333333333 0.001)
(0.0215 0.0006666666667 0.001)
(0.0215 -0.0007126903958 0.001069035594)
(0.0215 -0.0003563451979 0.001069035594)
(0.0215 0 0.001069035594)
(0.0215 0.0003563451979 0.001069035594)
(0.0215 0.0007126903958 0.001069035594)
(0.0215 -0.000758714125 0.001138071187)
(0.0215 -0.0003793570625 0.001138071187)
(0.0215 0 0.001138071187)
(0.0215 0.0003793570625 0.001138071187)
(0.0215 0.000758714125 0.001138071187)
(0.0215 -0.0008047378541 0.001207106781)
(0.0215 -0.0004023689271 0.001207106781)
(0.0215 0 0.001207106781)
(0.0215 0.0004023689271 0.001207106781)
(0.0215 0.0008047378541 0.001207106781)
(0.0215 -0.0008507615833 0.001276142375)
(0.0215 -0.0004253807916 0.001276142375)
(0.0215 0 0.001276142375)
(0.0215 0.0004253807916 0.001276142375)
(0.0215 0.0008507615833 0.001276142375)
(0.0215 -0.0008967853124 0.001345177969)
(0.0215 -0.0004483926562 0.001345177969)
(0.0215 0 0.001345177969)
(0.0215 0.0004483926562 0.001345177969)
(0.0215 0.0008967853124 0.001345177969)
(0.0215 -0.0009428090416 0.001414213562)
(0.0215 -0.0004714045208 0.001414213562)
(0.0215 0 0.001414213562)
(0.0215 0.0004714045208 0.001414213562)
(0.0215 0.0009428090416 0.001414213562)
(0.022 -0.0006666666667 0.001)
(0.022 -0.0003333333333 0.001)
(0.022 0 0.001)
(0.022 0.0003333333333 0.001)
(0.022 0.0006666666667 0.001)
(0.022 -0.0007126903958 0.001069035594)
(0.022 -0.0003563451979 0.001069035594)
(0.022 0 0.001069035594)
(0.022 0.0003563451979 0.001069035594)
(0.022 0.0007126903958 0.001069035594)
(0.022 -0.000758714125 0.001138071187)
(0.022 -0.0003793570625 0.001138071187)
(0.022 0 0.001138071187)
(0.022 0.0003793570625 0.001138071187)
(0.022 0.000758714125 0.001138071187)
(0.022 -0.0008047378541 0.001207106781)
(0.022 -0.0004023689271 0.001207106781)
(0.022 0 0.001207106781)
(0.022 0.0004023689271 0.001207106781)
(0.022 0.0008047378541 0.001207106781)
(0.022 -0.0008507615833 0.001276142375)
(0.022 -0.0004253807916 0.001276142375)
(0.022 0 0.001276142375)
(0.022 0.0004253807916 0.001276142375)
(0.022 0.0008507615833 0.001276142375)
(0.022 -0.0008967853124 0.001345177969)
(0.022 -0.0004483926562 0.001345177969)
(0.022 0 0.001345177969)
(0.022 0.0004483926562 0.001345177969)
(0.022 0.0008967853124 0.001345177969)
(0.022 -0.0009428090416 0.001414213562)
(0.022 -0.0004714045208 0.001414213562)
(0.022 0 0.001414213562)
(0.022 0.0004714045208 0.001414213562)
(0.022 0.0009428090416 0.001414213562)
(0.0225 -0.0006666666667 0.001)
(0.0225 -0.0003333333333 0.001)
(0.0225 0 0.001)
(0.0225 0.0003333333333 0.001)
(0.0225 0.0006666666667 0.001)
(0.0225 -0.0007126903958 0.001069035594)
(0.0225 -0.0003563451979 0.001069035594)
(0.0225 0 0.001069035594)
(0.0225 0.0003563451979 0.001069035594)
(0.0225 0.0007126903958 0.001069035594)
(0.0225 -0.000758714125 0.001138071187)
(0.0225 -0.0003793570625 0.001138071187)
(0.0225 0 0.001138071187)
(0.0225 0.0003793570625 0.001138071187)
(0.0225 0.000758714125 0.001138071187)
(0.0225 -0.0008047378541 0.001207106781)
(0.0225 -0.0004023689271 0.001207106781)
(0.0225 0 0.001207106781)
(0.0225 0.0004023689271 0.001207106781)
(0.0225 0.0008047378541 0.001207106781)
(0.0225 -0.0008507615833 0.001276142375)
(0.0225 -0.0004253807916 0.001276142375)
(0.0225 0 0.001276142375)
(0.0225 0.0004253807916 0.001276142375)
(0.0225 0.0008507615833 0.001276142375)
(0.0225 -0.0008967853124 0.001345177969)
(0.0225 -0.0004483926562 0.001345177969)
(0.0225 0 0.001345177969)
(0.0225 0.0004483926562 0.001345177969)
(0.0225 0.0008967853124 0.001345177969)
(0.0225 -0.0009428090416 0.001414213562)
(0.0225 -0.0004714045208 0.001414213562)
(0.0225 0 0.001414213562)
(0.0225 0.0004714045208 0.001414213562)
(0.0225 0.0009428090416 0.001414213562)
(0.023 -0.0006666666667 0.001)
(0.023 -0.0003333333333 0.001)
(0.023 0 0.001)
(0.023 0.0003333333333 0.001)
(0.023 0.0006666666667 0.001)
(0.023 -0.0007126903958 0.001069035594)
(0.023 -0.0003563451979 0.001069035594)
(0.023 0 0.001069035594)
(0.023 0.0003563451979 0.001069035594)
(0.023 0.0007126903958 0.001069035594)
(0.023 -0.000758714125 0.001138071187)
(0.023 -0.0003793570625 0.001138071187)
(0.023 0 0.001138071187)
(0.023 0.0003793570625 0.001138071187)
(0.023 0.000758714125 0.001138071187)
(0.023 -0.0008047378541 0.001207106781)
(0.023 -0.0004023689271 0.001207106781)
(0.023 0 0.001207106781)
(0.023 0.0004023689271 0.001207106781)
(0.023 0.0008047378541 0.001207106781)
(0.023 -0.0008507615833 0.001276142375)
(0.023 -0.0004253807916 0.001276142375)
(0.023 0 0.001276142375)
(0.023 0.0004253807916 0.001276142375)
(0.023 0.0008507615833 0.001276142375)
(0.023 -0.0008967853124 0.001345177969)
(0.023 -0.0004483926562 0.001345177969)
(0.023 0 0.001345177969)
(0.023 0.0004483926562 0.001345177969)
(0.023 0.0008967853124 0.001345177969)
(0.023 -0.0009428090416 0.001414213562)
(0.023 -0.0004714045208 0.001414213562)
(0.023 0 0.001414213562)
(0.023 0.0004714045208 0.001414213562)
(0.023 0.0009428090416 0.001414213562)
(0.0235 -0.0006666666667 0.001)
(0.0235 -0.0003333333333 0.001)
(0.0235 0 0.001)
(0.0235 0.0003333333333 0.001)
(0.0235 0.0006666666667 0.001)
(0.0235 -0.0007126903958 0.001069035594)
(0.0235 -0.0003563451979 0.001069035594)
(0.0235 0 0.001069035594)
(0.0235 0.0003563451979 0.001069035594)
(0.0235 0.0007126903958 0.001069035594)
(0.0235 -0.000758714125 0.001138071187)
(0.0235 -0.0003793570625 0.001138071187)
(0.0235 0 0.001138071187)
(0.0235 0.0003793570625 0.001138071187)
(0.0235 0.000758714125 0.001138071187)
(0.0235 -0.0008047378541 0.001207106781)
(0.0235 -0.0004023689271 0.001207106781)
(0.0235 0 0.001207106781)
(0.0235 0.0004023689271 0.001207106781)
(0.0235 0.0008047378541 0.001207106781)
(0.0235 -0.0008507615833 0.001276142375)
(0.0235 -0.0004253807916 0.001276142375)
(0.0235 0 0.001276142375)
(0.0235 0.0004253807916 0.001276142375)
(0.0235 0.0008507615833 0.001276142375)
(0.0235 -0.0008967853124 0.001345177969)
(0.0235 -0.0004483926562 0.001345177969)
(0.0235 0 0.001345177969)
(0.0235 0.0004483926562 0.001345177969)
(0.0235 0.0008967853124 0.001345177969)
(0.0235 -0.0009428090416 0.001414213562)
(0.0235 -0.0004714045208 0.001414213562)
(0.0235 0 0.001414213562)
(0.0235 0.0004714045208 0.001414213562)
(0.0235 0.0009428090416 0.001414213562)
(0.024 -0.0006666666667 0.001)
(0.024 -0.0003333333333 0.001)
(0.024 0 0.001)
(0.024 0.0003333333333 0.001)
(0.024 0.0006666666667 0.001)
(0.024 -0.0007126903958 0.001069035594)
(0.024 -0.0003563451979 0.001069035594)
(0.024 0 0.001069035594)
(0.024 0.0003563451979 0.001069035594)
(0.024 0.0007126903958 0.001069035594)
(0.024 -0.000758714125 0.001138071187)
(0.024 -0.0003793570625 0.001138071187)
(0.024 0 0.001138071187)
(0.024 0.0003793570625 0.001138071187)
(0.024 0.000758714125 0.001138071187)
(0.024 -0.0008047378541 0.001207106781)
(0.024 -0.0004023689271 0.001207106781)
(0.024 0 0.001207106781)
(0.024 0.0004023689271 0.001207106781)
(0.024 0.0008047378541 0.001207106781)
(0.024 -0.0008507615833 0.001276142375)
(0.024 -0.0004253807916 0.001276142375)
(0.024 0 0.001276142375)
(0.024 0.0004253807916 0.001276142375)
(0.024 0.0008507615833 0.001276142375)
(0.024 -0.0008967853124 0.001345177969)
(0.024 -0.0004483926562 0.001345177969)
(0.024 0 0.001345177969)
(0.024 0.0004483926562 0.001345177969)
(0.024 0.0008967853124 0.001345177969)
(0.024 -0.0009428090416 0.001414213562)
(0.024 -0.0004714045208 0.001414213562)
(0.024 0 0.001414213562)
(0.024 0.0004714045208 0.001414213562)
(0.024 0.0009428090416 0.001414213562)
(0.0245 -0.0006666666667 0.001)
(0.0245 -0.0003333333333 0.001)
(0.0245 0 0.001)
(0.0245 0.0003333333333 0.001)
(0.0245 0.0006666666667 0.001)
(0.0245 -0.0007126903958 0.001069035594)
(0.0245 -0.0003563451979 0.001069035594)
(0.0245 0 0.001069035594)
(0.0245 0.0003563451979 0.001069035594)
(0.0245 0.0007126903958 0.001069035594)
(0.0245 -0.000758714125 0.001138071187)
(0.0245 -0.0003793570625 0.001138071187)
(0.0245 0 0.001138071187)
(0.0245 0.0003793570625 0.001138071187)
(0.0245 0.000758714125 0.001138071187)
(0.0245 -0.0008047378541 0.001207106781)
(0.0245 -0.0004023689271 0.001207106781)
(0.0245 0 0.001207106781)
(0.0245 0.0004023689271 0.001207106781)
(0.0245 0.0008047378541 0.001207106781)
(0.0245 -0.0008507615833 0.001276142375)
(0.0245 -0.0004253807916 0.001276142375)
(0.0245 0 0.001276142375)
(0.0245 0.0004253807916 0.001276142375)
(0.0245 0.0008507615833 0.001276142375)
(0.0245 -0.0008967853124 0.001345177969)
(0.0245 -0.0004483926562 0.001345177969)
(0.0245 0 0.001345177969)
(0.0245 0.0004483926562 0.001345177969)
(0.0245 0.0008967853124 0.001345177969)
(0.0245 -0.0009428090416 0.001414213562)
(0.0245 -0.0004714045208 0.001414213562)
(0.0245 0 0.001414213562)
(0.0245 0.0004714045208 0.001414213562)
(0.0245 0.0009428090416 0.001414213562)
(0.025 -0.0006666666667 0.001)
(0.025 -0.0003333333333 0.001)
(0.025 0 0.001)
(0.025 0.0003333333333 0.001)
(0.025 0.0006666666667 0.001)
(0.025 -0.0007126903958 0.001069035594)
(0.025 -0.0003563451979 0.001069035594)
(0.025 0 0.001069035594)
(0.025 0.0003563451979 0.001069035594)
(0.025 0.0007126903958 0.001069035594)
(0.025 -0.000758714125 0.001138071187)
(0.025 -0.0003793570625 0.001138071187)
(0.025 0 0.001138071187)
(0.025 0.0003793570625 0.001138071187)
(0.025 0.000758714125 0.001138071187)
(0.025 -0.0008047378541 0.001207106781)
(0.025 -0.0004023689271 0.001207106781)
(0.025 0 0.001207106781)
(0.025 0.0004023689271 0.001207106781)
(0.025 0.0008047378541 0.001207106781)
(0.025 -0.0008507615833 0.001276142375)
(0.025 -0.0004253807916 0.001276142375)
(0.025 0 0.001276142375)
(0.025 0.0004253807916 0.001276142375)
(0.025 0.0008507615833 0.001276142375)
(0.025 -0.0008967853124 0.001345177969)
(0.025 -0.0004483926562 0.001345177969)
(0.025 0 0.001345177969)
(0.025 0.0004483926562 0.001345177969)
(0.025 0.0008967853124 0.001345177969)
(0.025 -0.0009428090416 0.001414213562)
(0.025 -0.0004714045208 0.001414213562)
(0.025 0 0.001414213562)
(0.025 0.0004714045208 0.001414213562)
(0.025 0.0009428090416 0.001414213562)
(0.0255 -0.0006666666667 0.001)
(0.0255 -0.0003333333333 0.001)
(0.0255 0 0.001)
(0.0255 0.0003333333333 0.001)
(0.0255 0.0006666666667 0.001)
(0.0255 -0.0007126903958 0.001069035594)
(0.0255 -0.0003563451979 0.001069035594)
(0.0255 0 0.001069035594)
(0.0255 0.0003563451979 0.001069035594)
(0.0255 0.0007126903958 0.001069035594)
(0.0255 -0.000758714125 0.001138071187)
(0.0255 -0.0003793570625 0.001138071187)
(0.0255 0 0.001138071187)
(0.0255 0.0003793570625 0.001138071187)
(0.0255 0.000758714125 0.001138071187)
(0.0255 -0.0008047378541 0.001207106781)
(0.0255 -0.0004023689271 0.001207106781)
(0.0255 0 0.001207106781)
(0.0255 0.0004023689271 0.001207106781)
(0.0255 0.0008047378541 0.001207106781)
(0.0255 -0.0008507615833 0.001276142375)
(0.0255 -0.0004253807916 0.001276142375)
(0.0255 0 0.001276142375)
(0.0255 0.0004253807916 0.001276142375)
(0.0255 0.0008507615833 0.001276142375)
(0.0255 -0.0008967853124 0.001345177969)
(0.0255 -0.0004483926562 0.001345177969)
(0.0255 0 0.001345177969)
(0.0255 0.0004483926562 0.001345177969)
(0.0255 0.0008967853124 0.001345177969)
(0.0255 -0.0009428090416 0.001414213562)
(0.0255 -0.0004714045208 0.001414213562)
(0.0255 0 0.001414213562)
(0.0255 0.0004714045208 0.001414213562)
(0.0255 0.0009428090416 0.001414213562)
(0.026 -0.0006666666667 0.001)
(0.026 -0.0003333333333 0.001)
(0.026 0 0.001)
(0.026 0.0003333333333 0.001)
(0.026 0.0006666666667 0.001)
(0.026 -0.0007126903958 0.001069035594)
(0.026 -0.0003563451979 0.001069035594)
(0.026 0 0.001069035594)
(0.026 0.0003563451979 0.001069035594)
(0.026 0.0007126903958 0.001069035594)
(0.026 -0.000758714125 0.001138071187)
(0.026 -0.0003793570625 0.001138071187)
(0.026 0 0.001138071187)
(0.026 0.0003793570625 0.001138071187)
(0.026 0.000758714125 0.001138071187)
(0.026 -0.0008047378541 0.001207106781)
(0.026 -0.0004023689271 0.001207106781)
(0.026 0 0.001207106781)
(0.026 0.0004023689271 0.001207106781)
(0.026 0.0008047378541 0.001207106781)
(0.026 -0.0008507615833 0.001276142375)
(0.026 -0.0004253807916 0.001276142375)
(0.026 0 0.001276142375)
(0.026 0.0004253807916 0.001276142375)
(0.026 0.0008507615833 0.001276142375)
(0.026 -0.0008967853124 0.001345177969)
(0.026 -0.0004483926562 0.001345177969)
(0.026 0 0.001345177969)
(0.026 0.0004483926562 0.001345177969)
(0.026 0.0008967853124 0.001345177969)
(0.026 -0.0009428090416 0.001414213562)
(0.026 -0.0004714045208 0.001414213562)
(0.026 0 0.001414213562)
(0.026 0.0004714045208 0.001414213562)
(0.026 0.0009428090416 0.001414213562)
(0.0265 -0.0006666666667 0.001)
(0.0265 -0.0003333333333 0.001)
(0.0265 0 0.001)
(0.0265 0.0003333333333 0.001)
(0.0265 0.0006666666667 0.001)
(0.0265 -0.0007126903958 0.001069035594)
(0.0265 -0.0003563451979 0.001069035594)
(0.0265 0 0.001069035594)
(0.0265 0.0003563451979 0.001069035594)
(0.0265 0.0007126903958 0.001069035594)
(0.0265 -0.000758714125 0.001138071187)
(0.0265 -0.0003793570625 0.001138071187)
(0.0265 0 0.001138071187)
(0.0265 0.0003793570625 0.001138071187)
(0.0265 0.000758714125 0.001138071187)
(0.0265 -0.0008047378541 0.001207106781)
(0.0265 -0.0004023689271 0.001207106781)
(0.0265 0 0.001207106781)
(0.0265 0.0004023689271 0.001207106781)
(0.0265 0.0008047378541 0.001207106781)
(0.0265 -0.0008507615833 0.001276142375)
(0.0265 -0.0004253807916 0.001276142375)
(0.0265 0 0.001276142375)
(0.0265 0.0004253807916 0.001276142375)
(0.0265 0.0008507615833 0.001276142375)
(0.0265 -0.0008967853124 0.001345177969)
(0.0265 -0.0004483926562 0.001345177969)
(0.0265 0 0.001345177969)
(0.0265 0.0004483926562 0.001345177969)
(0.0265 0.0008967853124 0.001345177969)
(0.0265 -0.0009428090416 0.001414213562)
(0.0265 -0.0004714045208 0.001414213562)
(0.0265 0 0.001414213562)
(0.0265 0.0004714045208 0.001414213562)
(0.0265 0.0009428090416 0.001414213562)
(0.027 -0.0006666666667 0.001)
(0.027 -0.0003333333333 0.001)
(0.027 0 0.001)
(0.027 0.0003333333333 0.001)
(0.027 0.0006666666667 0.001)
(0.027 -0.0007126903958 0.001069035594)
(0.027 -0.0003563451979 0.001069035594)
(0.027 0 0.001069035594)
(0.027 0.0003563451979 0.001069035594)
(0.027 0.0007126903958 0.001069035594)
(0.027 -0.000758714125 0.001138071187)
(0.027 -0.0003793570625 0.001138071187)
(0.027 0 0.001138071187)
(0.027 0.0003793570625 0.001138071187)
(0.027 0.000758714125 0.001138071187)
(0.027 -0.0008047378541 0.001207106781)
(0.027 -0.0004023689271 0.001207106781)
(0.027 0 0.001207106781)
(0.027 0.0004023689271 0.001207106781)
(0.027 0.0008047378541 0.001207106781)
(0.027 -0.0008507615833 0.001276142375)
(0.027 -0.0004253807916 0.001276142375)
(0.027 0 0.001276142375)
(0.027 0.0004253807916 0.001276142375)
(0.027 0.0008507615833 0.001276142375)
(0.027 -0.0008967853124 0.001345177969)
(0.027 -0.0004483926562 0.001345177969)
(0.027 0 0.001345177969)
(0.027 0.0004483926562 0.001345177969)
(0.027 0.0008967853124 0.001345177969)
(0.027 -0.0009428090416 0.001414213562)
(0.027 -0.0004714045208 0.001414213562)
(0.027 0 0.001414213562)
(0.027 0.0004714045208 0.001414213562)
(0.027 0.0009428090416 0.001414213562)
(0.0275 -0.0006666666667 0.001)
(0.0275 -0.0003333333333 0.001)
(0.0275 0 0.001)
(0.0275 0.0003333333333 0.001)
(0.0275 0.0006666666667 0.001)
(0.0275 -0.0007126903958 0.001069035594)
(0.0275 -0.0003563451979 0.001069035594)
(0.0275 0 0.001069035594)
(0.0275 0.0003563451979 0.001069035594)
(0.0275 0.0007126903958 0.001069035594)
(0.0275 -0.000758714125 0.001138071187)
(0.0275 -0.0003793570625 0.001138071187)
(0.0275 0 0.001138071187)
(0.0275 0.0003793570625 0.001138071187)
(0.0275 0.000758714125 0.001138071187)
(0.0275 -0.0008047378541 0.001207106781)
(0.0275 -0.0004023689271 0.001207106781)
(0.0275 0 0.001207106781)
(0.0275 0.0004023689271 0.001207106781)
(0.0275 0.0008047378541 0.001207106781)
(0.0275 -0.0008507615833 0.001276142375)
(0.0275 -0.0004253807916 0.001276142375)
(0.0275 0 0.001276142375)
(0.0275 0.0004253807916 0.001276142375)
(0.0275 0.0008507615833 0.001276142375)
(0.0275 -0.0008967853124 0.001345177969)
(0.0275 -0.0004483926562 0.001345177969)
(0.0275 0 0.001345177969)
(0.0275 0.0004483926562 0.001345177969)
(0.0275 0.0008967853124 0.001345177969)
(0.0275 -0.0009428090416 0.001414213562)
(0.0275 -0.0004714045208 0.001414213562)
(0.0275 0 0.001414213562)
(0.0275 0.0004714045208 0.001414213562)
(0.0275 0.0009428090416 0.001414213562)
(0.028 -0.0006666666667 0.001)
(0.028 -0.0003333333333 0.001)
(0.028 0 0.001)
(0.028 0.0003333333333 0.001)
(0.028 0.0006666666667 0.001)
(0.028 -0.0007126903958 0.001069035594)
(0.028 -0.0003563451979 0.001069035594)
(0.028 0 0.001069035594)
(0.028 0.0003563451979 0.001069035594)
(0.028 0.0007126903958 0.001069035594)
(0.028 -0.000758714125 0.001138071187)
(0.028 -0.0003793570625 0.001138071187)
(0.028 0 0.001138071187)
(0.028 0.0003793570625 0.001138071187)
(0.028 0.000758714125 0.001138071187)
(0.028 -0.0008047378541 0.001207106781)
(0.028 -0.0004023689271 0.001207106781)
(0.028 0 0.001207106781)
(0.028 0.0004023689271 0.001207106781)
(0.028 0.0008047378541 0.001207106781)
(0.028 -0.0008507615833 0.001276142375)
(0.028 -0.0004253807916 0.001276142375)
(0.028 0 0.001276142375)
(0.028 0.0004253807916 0.001276142375)
(0.028 0.0008507615833 0.001276142375)
(0.028 -0.0008967853124 0.001345177969)
(0.028 -0.0004483926562 0.001345177969)
(0.028 0 0.001345177969)
(0.028 0.0004483926562 0.001345177969)
(0.028 0.0008967853124 0.001345177969)
(0.028 -0.0009428090416 0.001414213562)
(0.028 -0.0004714045208 0.001414213562)
(0.028 0 0.001414213562)
(0.028 0.0004714045208 0.001414213562)
(0.028 0.0009428090416 0.001414213562)
(0.0285 -0.0006666666667 0.001)
(0.0285 -0.0003333333333 0.001)
(0.0285 0 0.001)
(0.0285 0.0003333333333 0.001)
(0.0285 0.0006666666667 0.001)
(0.0285 -0.0007126903958 0.001069035594)
(0.0285 -0.0003563451979 0.001069035594)
(0.0285 0 0.001069035594)
(0.0285 0.0003563451979 0.001069035594)
(0.0285 0.0007126903958 0.001069035594)
(0.0285 -0.000758714125 0.001138071187)
(0.0285 -0.0003793570625 0.001138071187)
(0.0285 0 0.001138071187)
(0.0285 0.0003793570625 0.001138071187)
(0.0285 0.000758714125 0.001138071187)
(0.0285 -0.0008047378541 0.001207106781)
(0.0285 -0.0004023689271 0.001207106781)
(0.0285 0 0.001207106781)
(0.0285 0.0004023689271 0.001207106781)
(0.0285 0.0008047378541 0.001207106781)
(0.0285 -0.0008507615833 0.001276142375)
(0.0285 -0.0004253807916 0.001276142375)
(0.0285 0 0.001276142375)
(0.0285 0.0004253807916 0.001276142375)
(0.0285 0.0008507615833 0.001276142375)
(0.0285 -0.0008967853124 0.001345177969)
(0.0285 -0.0004483926562 0.001345177969)
(0.0285 0 0.001345177969)
(0.0285 0.0004483926562 0.001345177969)
(0.0285 0.0008967853124 0.001345177969)
(0.0285 -0.0009428090416 0.001414213562)
(0.0285 -0.0004714045208 0.001414213562)
(0.0285 0 0.001414213562)
(0.0285 0.0004714045208 0.001414213562)
(0.0285 0.0009428090416 0.001414213562)
(0.029 -0.0006666666667 0.001)
(0.029 -0.0003333333333 0.001)
(0.029 0 0.001)
(0.029 0.0003333333333 0.001)
(0.029 0.0006666666667 0.001)
(0.029 -0.0007126903958 0.001069035594)
(0.029 -0.0003563451979 0.001069035594)
(0.029 0 0.001069035594)
(0.029 0.0003563451979 0.001069035594)
(0.029 0.0007126903958 0.001069035594)
(0.029 -0.000758714125 0.001138071187)
(0.029 -0.0003793570625 0.001138071187)
(0.029 0 0.001138071187)
(0.029 0.0003793570625 0.001138071187)
(0.029 0.000758714125 0.001138071187)
(0.029 -0.0008047378541 0.001207106781)
(0.029 -0.0004023689271 0.001207106781)
(0.029 0 0.001207106781)
(0.029 0.0004023689271 0.001207106781)
(0.029 0.0008047378541 0.001207106781)
(0.029 -0.0008507615833 0.001276142375)
(0.029 -0.0004253807916 0.001276142375)
(0.029 0 0.001276142375)
(0.029 0.0004253807916 0.001276142375)
(0.029 0.0008507615833 0.001276142375)
(0.029 -0.0008967853124 0.001345177969)
(0.029 -0.0004483926562 0.001345177969)
(0.029 0 0.001345177969)
(0.029 0.0004483926562 0.001345177969)
(0.029 0.0008967853124 0.001345177969)
(0.029 -0.0009428090416 0.001414213562)
(0.029 -0.0004714045208 0.001414213562)
(0.029 0 0.001414213562)
(0.029 0.0004714045208 0.001414213562)
(0.029 0.0009428090416 0.001414213562)
(0.0295 -0.0006666666667 0.001)
(0.0295 -0.0003333333333 0.001)
(0.0295 0 0.001)
(0.0295 0.0003333333333 0.001)
(0.0295 0.0006666666667 0.001)
(0.0295 -0.0007126903958 0.001069035594)
(0.0295 -0.0003563451979 0.001069035594)
(0.0295 0 0.001069035594)
(0.0295 0.0003563451979 0.001069035594)
(0.0295 0.0007126903958 0.001069035594)
(0.0295 -0.000758714125 0.001138071187)
(0.0295 -0.0003793570625 0.001138071187)
(0.0295 0 0.001138071187)
(0.0295 0.0003793570625 0.001138071187)
(0.0295 0.000758714125 0.001138071187)
(0.0295 -0.0008047378541 0.001207106781)
(0.0295 -0.0004023689271 0.001207106781)
(0.0295 0 0.001207106781)
(0.0295 0.0004023689271 0.001207106781)
(0.0295 0.0008047378541 0.001207106781)
(0.0295 -0.0008507615833 0.001276142375)
(0.0295 -0.0004253807916 0.001276142375)
(0.0295 0 0.001276142375)
(0.0295 0.0004253807916 0.001276142375)
(0.0295 0.0008507615833 0.001276142375)
(0.0295 -0.0008967853124 0.001345177969)
(0.0295 -0.0004483926562 0.001345177969)
(0.0295 0 0.001345177969)
(0.0295 0.0004483926562 0.001345177969)
(0.0295 0.0008967853124 0.001345177969)
(0.0295 -0.0009428090416 0.001414213562)
(0.0295 -0.0004714045208 0.001414213562)
(0.0295 0 0.001414213562)
(0.0295 0.0004714045208 0.001414213562)
(0.0295 0.0009428090416 0.001414213562)
(0.03 -0.0006666666667 0.001)
(0.03 -0.0003333333333 0.001)
(0.03 0 0.001)
(0.03 0.0003333333333 0.001)
(0.03 0.0006666666667 0.001)
(0.03 -0.0007126903958 0.001069035594)
(0.03 -0.0003563451979 0.001069035594)
(0.03 0 0.001069035594)
(0.03 0.0003563451979 0.001069035594)
(0.03 0.0007126903958 0.001069035594)
(0.03 -0.000758714125 0.001138071187)
(0.03 -0.0003793570625 0.001138071187)
(0.03 0 0.001138071187)
(0.03 0.0003793570625 0.001138071187)
(0.03 0.000758714125 0.001138071187)
(0.03 -0.0008047378541 0.001207106781)
(0.03 -0.0004023689271 0.001207106781)
(0.03 0 0.001207106781)
(0.03 0.0004023689271 0.001207106781)
(0.03 0.0008047378541 0.001207106781)
(0.03 -0.0008507615833 0.001276142375)
(0.03 -0.0004253807916 0.001276142375)
(0.03 0 0.001276142375)
(0.03 0.0004253807916 0.001276142375)
(0.03 0.0008507615833 0.001276142375)
(0.03 -0.0008967853124 0.001345177969)
(0.03 -0.0004483926562 0.001345177969)
(0.03 0 0.001345177969)
(0.03 0.0004483926562 0.001345177969)
(0.03 0.0008967853124 0.001345177969)
(0.03 -0.0009428090416 0.001414213562)
(0.03 -0.0004714045208 0.001414213562)
(0.03 0 0.001414213562)
(0.03 0.0004714045208 0.001414213562)
(0.03 0.0009428090416 0.001414213562)
(0.0305 -0.0006666666667 0.001)
(0.0305 -0.0003333333333 0.001)
(0.0305 0 0.001)
(0.0305 0.0003333333333 0.001)
(0.0305 0.0006666666667 0.001)
(0.0305 -0.0007126903958 0.001069035594)
(0.0305 -0.0003563451979 0.001069035594)
(0.0305 0 0.001069035594)
(0.0305 0.0003563451979 0.001069035594)
(0.0305 0.0007126903958 0.001069035594)
(0.0305 -0.000758714125 0.001138071187)
(0.0305 -0.0003793570625 0.001138071187)
(0.0305 0 0.001138071187)
(0.0305 0.0003793570625 0.001138071187)
(0.0305 0.000758714125 0.001138071187)
(0.0305 -0.0008047378541 0.001207106781)
(0.0305 -0.0004023689271 0.001207106781)
(0.0305 0 0.001207106781)
(0.0305 0.0004023689271 0.001207106781)
(0.0305 0.0008047378541 0.001207106781)
(0.0305 -0.0008507615833 0.001276142375)
(0.0305 -0.0004253807916 0.001276142375)
(0.0305 0 0.001276142375)
(0.0305 0.0004253807916 0.001276142375)
(0.0305 0.0008507615833 0.001276142375)
(0.0305 -0.0008967853124 0.001345177969)
(0.0305 -0.0004483926562 0.001345177969)
(0.0305 0 0.001345177969)
(0.0305 0.0004483926562 0.001345177969)
(0.0305 0.0008967853124 0.001345177969)
(0.0305 -0.0009428090416 0.001414213562)
(0.0305 -0.0004714045208 0.001414213562)
(0.0305 0 0.001414213562)
(0.0305 0.0004714045208 0.001414213562)
(0.0305 0.0009428090416 0.001414213562)
(0.031 -0.0006666666667 0.001)
(0.031 -0.0003333333333 0.001)
(0.031 0 0.001)
(0.031 0.0003333333333 0.001)
(0.031 0.0006666666667 0.001)
(0.031 -0.0007126903958 0.001069035594)
(0.031 -0.0003563451979 0.001069035594)
(0.031 0 0.001069035594)
(0.031 0.0003563451979 0.001069035594)
(0.031 0.0007126903958 0.001069035594)
(0.031 -0.000758714125 0.001138071187)
(0.031 -0.0003793570625 0.001138071187)
(0.031 0 0.001138071187)
(0.031 0.0003793570625 0.001138071187)
(0.031 0.000758714125 0.001138071187)
(0.031 -0.0008047378541 0.001207106781)
(0.031 -0.0004023689271 0.001207106781)
(0.031 0 0.001207106781)
(0.031 0.0004023689271 0.001207106781)
(0.031 0.0008047378541 0.001207106781)
(0.031 -0.0008507615833 0.001276142375)
(0.031 -0.0004253807916 0.001276142375)
(0.031 0 0.001276142375)
(0.031 0.0004253807916 0.001276142375)
(0.031 0.0008507615833 0.001276142375)
(0.031 -0.0008967853124 0.001345177969)
(0.031 -0.0004483926562 0.001345177969)
(0.031 0 0.001345177969)
(0.031 0.0004483926562 0.001345177969)
(0.031 0.0008967853124 0.001345177969)
(0.031 -0.0009428090416 0.001414213562)
(0.031 -0.0004714045208 0.001414213562)
(0.031 0 0.001414213562)
(0.031 0.0004714045208 0.001414213562)
(0.031 0.0009428090416 0.001414213562)
(0.0315 -0.0006666666667 0.001)
(0.0315 -0.0003333333333 0.001)
(0.0315 0 0.001)
(0.0315 0.0003333333333 0.001)
(0.0315 0.0006666666667 0.001)
(0.0315 -0.0007126903958 0.001069035594)
(0.0315 -0.0003563451979 0.001069035594)
(0.0315 0 0.001069035594)
(0.0315 0.0003563451979 0.001069035594)
(0.0315 0.0007126903958 0.001069035594)
(0.0315 -0.000758714125 0.001138071187)
(0.0315 -0.0003793570625 0.001138071187)
(0.0315 0 0.001138071187)
(0.0315 0.0003793570625 0.001138071187)
(0.0315 0.000758714125 0.001138071187)
(0.0315 -0.0008047378541 0.001207106781)
(0.0315 -0.0004023689271 0.001207106781)
(0.0315 0 0.001207106781)
(0.0315 0.0004023689271 0.001207106781)
(0.0315 0.0008047378541 0.001207106781)
(0.0315 -0.0008507615833 0.001276142375)
(0.0315 -0.0004253807916 0.001276142375)
(0.0315 0 0.001276142375)
(0.0315 0.0004253807916 0.001276142375)
(0.0315 0.0008507615833 0.001276142375)
(0.0315 -0.0008967853124 0.001345177969)
(0.0315 -0.0004483926562 0.001345177969)
(0.0315 0 0.001345177969)
(0.0315 0.0004483926562 0.001345177969)
(0.0315 0.0008967853124 0.001345177969)
(0.0315 -0.0009428090416 0.001414213562)
(0.0315 -0.0004714045208 0.001414213562)
(0.0315 0 0.001414213562)
(0.0315 0.0004714045208 0.001414213562)
(0.0315 0.0009428090416 0.001414213562)
(0.032 -0.0006666666667 0.001)
(0.032 -0.0003333333333 0.001)
(0.032 0 0.001)
(0.032 0.0003333333333 0.001)
(0.032 0.0006666666667 0.001)
(0.032 -0.0007126903958 0.001069035594)
(0.032 -0.0003563451979 0.001069035594)
(0.032 0 0.001069035594)
(0.032 0.0003563451979 0.001069035594)
(0.032 0.0007126903958 0.001069035594)
(0.032 -0.000758714125 0.001138071187)
(0.032 -0.0003793570625 0.001138071187)
(0.032 0 0.001138071187)
(0.032 0.0003793570625 0.001138071187)
(0.032 0.000758714125 0.001138071187)
(0.032 -0.0008047378541 0.001207106781)
(0.032 -0.0004023689271 0.001207106781)
(0.032 0 0.001207106781)
(0.032 0.0004023689271 0.001207106781)
(0.032 0.0008047378541 0.001207106781)
(0.032 -0.0008507615833 0.001276142375)
(0.032 -0.0004253807916 0.001276142375)
(0.032 0 0.001276142375)
(0.032 0.0004253807916 0.001276142375)
(0.032 0.0008507615833 0.001276142375)
(0.032 -0.0008967853124 0.001345177969)
(0.032 -0.0004483926562 0.001345177969)
(0.032 0 0.001345177969)
(0.032 0.0004483926562 0.001345177969)
(0.032 0.0008967853124 0.001345177969)
(0.032 -0.0009428090416 0.001414213562)
(0.032 -0.0004714045208 0.001414213562)
(0.032 0 0.001414213562)
(0.032 0.0004714045208 0.001414213562)
(0.032 0.0009428090416 0.001414213562)
(0.0325 -0.0006666666667 0.001)
(0.0325 -0.0003333333333 0.001)
(0.0325 0 0.001)
(0.0325 0.0003333333333 0.001)
(0.0325 0.0006666666667 0.001)
(0.0325 -0.0007126903958 0.001069035594)
(0.0325 -0.0003563451979 0.001069035594)
(0.0325 0 0.001069035594)
(0.0325 0.0003563451979 0.001069035594)
(0.0325 0.0007126903958 0.001069035594)
(0.0325 -0.000758714125 0.001138071187)
(0.0325 -0.0003793570625 0.001138071187)
(0.0325 0 0.001138071187)
(0.0325 0.0003793570625 0.001138071187)
(0.0325 0.000758714125 0.001138071187)
(0.0325 -0.0008047378541 0.001207106781)
(0.0325 -0.0004023689271 0.001207106781)
(0.0325 0 0.001207106781)
(0.0325 0.0004023689271 0.001207106781)
(0.0325 0.0008047378541 0.001207106781)
(0.0325 -0.0008507615833 0.001276142375)
(0.0325 -0.0004253807916 0.001276142375)
(0.0325 0 0.001276142375)
(0.0325 0.0004253807916 0.001276142375)
(0.0325 0.0008507615833 0.001276142375)
(0.0325 -0.0008967853124 0.001345177969)
(0.0325 -0.0004483926562 0.001345177969)
(0.0325 0 0.001345177969)
(0.0325 0.0004483926562 0.001345177969)
(0.0325 0.0008967853124 0.001345177969)
(0.0325 -0.0009428090416 0.001414213562)
(0.0325 -0.0004714045208 0.001414213562)
(0.0325 0 0.001414213562)
(0.0325 0.0004714045208 0.001414213562)
(0.0325 0.0009428090416 0.001414213562)
(0.033 -0.0006666666667 0.001)
(0.033 -0.0003333333333 0.001)
(0.033 0 0.001)
(0.033 0.0003333333333 0.001)
(0.033 0.0006666666667 0.001)
(0.033 -0.0007126903958 0.001069035594)
(0.033 -0.0003563451979 0.001069035594)
(0.033 0 0.001069035594)
(0.033 0.0003563451979 0.001069035594)
(0.033 0.0007126903958 0.001069035594)
(0.033 -0.000758714125 0.001138071187)
(0.033 -0.0003793570625 0.001138071187)
(0.033 0 0.001138071187)
(0.033 0.0003793570625 0.001138071187)
(0.033 0.000758714125 0.001138071187)
(0.033 -0.0008047378541 0.001207106781)
(0.033 -0.0004023689271 0.001207106781)
(0.033 0 0.001207106781)
(0.033 0.0004023689271 0.001207106781)
(0.033 0.0008047378541 0.001207106781)
(0.033 -0.0008507615833 0.001276142375)
(0.033 -0.0004253807916 0.001276142375)
(0.033 0 0.001276142375)
(0.033 0.0004253807916 0.001276142375)
(0.033 0.0008507615833 0.001276142375)
(0.033 -0.0008967853124 0.001345177969)
(0.033 -0.0004483926562 0.001345177969)
(0.033 0 0.001345177969)
(0.033 0.0004483926562 0.001345177969)
(0.033 0.0008967853124 0.001345177969)
(0.033 -0.0009428090416 0.001414213562)
(0.033 -0.0004714045208 0.001414213562)
(0.033 0 0.001414213562)
(0.033 0.0004714045208 0.001414213562)
(0.033 0.0009428090416 0.001414213562)
(0.0335 -0.0006666666667 0.001)
(0.0335 -0.0003333333333 0.001)
(0.0335 0 0.001)
(0.0335 0.0003333333333 0.001)
(0.0335 0.0006666666667 0.001)
(0.0335 -0.0007126903958 0.001069035594)
(0.0335 -0.0003563451979 0.001069035594)
(0.0335 0 0.001069035594)
(0.0335 0.0003563451979 0.001069035594)
(0.0335 0.0007126903958 0.001069035594)
(0.0335 -0.000758714125 0.001138071187)
(0.0335 -0.0003793570625 0.001138071187)
(0.0335 0 0.001138071187)
(0.0335 0.0003793570625 0.001138071187)
(0.0335 0.000758714125 0.001138071187)
(0.0335 -0.0008047378541 0.001207106781)
(0.0335 -0.0004023689271 0.001207106781)
(0.0335 0 0.001207106781)
(0.0335 0.0004023689271 0.001207106781)
(0.0335 0.0008047378541 0.001207106781)
(0.0335 -0.0008507615833 0.001276142375)
(0.0335 -0.0004253807916 0.001276142375)
(0.0335 0 0.001276142375)
(0.0335 0.0004253807916 0.001276142375)
(0.0335 0.0008507615833 0.001276142375)
(0.0335 -0.0008967853124 0.001345177969)
(0.0335 -0.0004483926562 0.001345177969)
(0.0335 0 0.001345177969)
(0.0335 0.0004483926562 0.001345177969)
(0.0335 0.0008967853124 0.001345177969)
(0.0335 -0.0009428090416 0.001414213562)
(0.0335 -0.0004714045208 0.001414213562)
(0.0335 0 0.001414213562)
(0.0335 0.0004714045208 0.001414213562)
(0.0335 0.0009428090416 0.001414213562)
(0.034 -0.0006666666667 0.001)
(0.034 -0.0003333333333 0.001)
(0.034 0 0.001)
(0.034 0.0003333333333 0.001)
(0.034 0.0006666666667 0.001)
(0.034 -0.0007126903958 0.001069035594)
(0.034 -0.0003563451979 0.001069035594)
(0.034 0 0.001069035594)
(0.034 0.0003563451979 0.001069035594)
(0.034 0.0007126903958 0.001069035594)
(0.034 -0.000758714125 0.001138071187)
(0.034 -0.0003793570625 0.001138071187)
(0.034 0 0.001138071187)
(0.034 0.0003793570625 0.001138071187)
(0.034 0.000758714125 0.001138071187)
(0.034 -0.0008047378541 0.001207106781)
(0.034 -0.0004023689271 0.001207106781)
(0.034 0 0.001207106781)
(0.034 0.0004023689271 0.001207106781)
(0.034 0.0008047378541 0.001207106781)
(0.034 -0.0008507615833 0.001276142375)
(0.034 -0.0004253807916 0.001276142375)
(0.034 0 0.001276142375)
(0.034 0.0004253807916 0.001276142375)
(0.034 0.0008507615833 0.001276142375)
(0.034 -0.0008967853124 0.001345177969)
(0.034 -0.0004483926562 0.001345177969)
(0.034 0 0.001345177969)
(0.034 0.0004483926562 0.001345177969)
(0.034 0.0008967853124 0.001345177969)
(0.034 -0.0009428090416 0.001414213562)
(0.034 -0.0004714045208 0.001414213562)
(0.034 0 0.001414213562)
(0.034 0.0004714045208 0.001414213562)
(0.034 0.0009428090416 0.001414213562)
(0.0345 -0.0006666666667 0.001)
(0.0345 -0.0003333333333 0.001)
(0.0345 0 0.001)
(0.0345 0.0003333333333 0.001)
(0.0345 0.0006666666667 0.001)
(0.0345 -0.0007126903958 0.001069035594)
(0.0345 -0.0003563451979 0.001069035594)
(0.0345 0 0.001069035594)
(0.0345 0.0003563451979 0.001069035594)
(0.0345 0.0007126903958 0.001069035594)
(0.0345 -0.000758714125 0.001138071187)
(0.0345 -0.0003793570625 0.001138071187)
(0.0345 0 0.001138071187)
(0.0345 0.0003793570625 0.001138071187)
(0.0345 0.000758714125 0.001138071187)
(0.0345 -0.0008047378541 0.001207106781)
(0.0345 -0.0004023689271 0.001207106781)
(0.0345 0 0.001207106781)
(0.0345 0.0004023689271 0.001207106781)
(0.0345 0.0008047378541 0.001207106781)
(0.0345 -0.0008507615833 0.001276142375)
(0.0345 -0.0004253807916 0.001276142375)
(0.0345 0 0.001276142375)
(0.0345 0.0004253807916 0.001276142375)
(0.0345 0.0008507615833 0.001276142375)
(0.0345 -0.0008967853124 0.001345177969)
(0.0345 -0.0004483926562 0.001345177969)
(0.0345 0 0.001345177969)
(0.0345 0.0004483926562 0.001345177969)
(0.0345 0.0008967853124 0.001345177969)
(0.0345 -0.0009428090416 0.001414213562)
(0.0345 -0.0004714045208 0.001414213562)
(0.0345 0 0.001414213562)
(0.0345 0.0004714045208 0.001414213562)
(0.0345 0.0009428090416 0.001414213562)
(0.035 -0.0006666666667 0.001)
(0.035 -0.0003333333333 0.001)
(0.035 0 0.001)
(0.035 0.0003333333333 0.001)
(0.035 0.0006666666667 0.001)
(0.035 -0.0007126903958 0.001069035594)
(0.035 -0.0003563451979 0.001069035594)
(0.035 0 0.001069035594)
(0.035 0.0003563451979 0.001069035594)
(0.035 0.0007126903958 0.001069035594)
(0.035 -0.000758714125 0.001138071187)
(0.035 -0.0003793570625 0.001138071187)
(0.035 0 0.001138071187)
(0.035 0.0003793570625 0.001138071187)
(0.035 0.000758714125 0.001138071187)
(0.035 -0.0008047378541 0.001207106781)
(0.035 -0.0004023689271 0.001207106781)
(0.035 0 0.001207106781)
(0.035 0.0004023689271 0.001207106781)
(0.035 0.0008047378541 0.001207106781)
(0.035 -0.0008507615833 0.001276142375)
(0.035 -0.0004253807916 0.001276142375)
(0.035 0 0.001276142375)
(0.035 0.0004253807916 0.001276142375)
(0.035 0.0008507615833 0.001276142375)
(0.035 -0.0008967853124 0.001345177969)
(0.035 -0.0004483926562 0.001345177969)
(0.035 0 0.001345177969)
(0.035 0.0004483926562 0.001345177969)
(0.035 0.0008967853124 0.001345177969)
(0.035 -0.0009428090416 0.001414213562)
(0.035 -0.0004714045208 0.001414213562)
(0.035 0 0.001414213562)
(0.035 0.0004714045208 0.001414213562)
(0.035 0.0009428090416 0.001414213562)
(0.0355 -0.0006666666667 0.001)
(0.0355 -0.0003333333333 0.001)
(0.0355 0 0.001)
(0.0355 0.0003333333333 0.001)
(0.0355 0.0006666666667 0.001)
(0.0355 -0.0007126903958 0.001069035594)
(0.0355 -0.0003563451979 0.001069035594)
(0.0355 0 0.001069035594)
(0.0355 0.0003563451979 0.001069035594)
(0.0355 0.0007126903958 0.001069035594)
(0.0355 -0.000758714125 0.001138071187)
(0.0355 -0.0003793570625 0.001138071187)
(0.0355 0 0.001138071187)
(0.0355 0.0003793570625 0.001138071187)
(0.0355 0.000758714125 0.001138071187)
(0.0355 -0.0008047378541 0.001207106781)
(0.0355 -0.0004023689271 0.001207106781)
(0.0355 0 0.001207106781)
(0.0355 0.0004023689271 0.001207106781)
(0.0355 0.0008047378541 0.001207106781)
(0.0355 -0.0008507615833 0.001276142375)
(0.0355 -0.0004253807916 0.001276142375)
(0.0355 0 0.001276142375)
(0.0355 0.0004253807916 0.001276142375)
(0.0355 0.0008507615833 0.001276142375)
(0.0355 -0.0008967853124 0.001345177969)
(0.0355 -0.0004483926562 0.001345177969)
(0.0355 0 0.001345177969)
(0.0355 0.0004483926562 0.001345177969)
(0.0355 0.0008967853124 0.001345177969)
(0.0355 -0.0009428090416 0.001414213562)
(0.0355 -0.0004714045208 0.001414213562)
(0.0355 0 0.001414213562)
(0.0355 0.0004714045208 0.001414213562)
(0.0355 0.0009428090416 0.001414213562)
(0.036 -0.0006666666667 0.001)
(0.036 -0.0003333333333 0.001)
(0.036 0 0.001)
(0.036 0.0003333333333 0.001)
(0.036 0.0006666666667 0.001)
(0.036 -0.0007126903958 0.001069035594)
(0.036 -0.0003563451979 0.001069035594)
(0.036 0 0.001069035594)
(0.036 0.0003563451979 0.001069035594)
(0.036 0.0007126903958 0.001069035594)
(0.036 -0.000758714125 0.001138071187)
(0.036 -0.0003793570625 0.001138071187)
(0.036 0 0.001138071187)
(0.036 0.0003793570625 0.001138071187)
(0.036 0.000758714125 0.001138071187)
(0.036 -0.0008047378541 0.001207106781)
(0.036 -0.0004023689271 0.001207106781)
(0.036 0 0.001207106781)
(0.036 0.0004023689271 0.001207106781)
(0.036 0.0008047378541 0.001207106781)
(0.036 -0.0008507615833 0.001276142375)
(0.036 -0.0004253807916 0.001276142375)
(0.036 0 0.001276142375)
(0.036 0.0004253807916 0.001276142375)
(0.036 0.0008507615833 0.001276142375)
(0.036 -0.0008967853124 0.001345177969)
(0.036 -0.0004483926562 0.001345177969)
(0.036 0 0.001345177969)
(0.036 0.0004483926562 0.001345177969)
(0.036 0.0008967853124 0.001345177969)
(0.036 -0.0009428090416 0.001414213562)
(0.036 -0.0004714045208 0.001414213562)
(0.036 0 0.001414213562)
(0.036 0.0004714045208 0.001414213562)
(0.036 0.0009428090416 0.001414213562)
(0.0365 -0.0006666666667 0.001)
(0.0365 -0.0003333333333 0.001)
(0.0365 0 0.001)
(0.0365 0.0003333333333 0.001)
(0.0365 0.0006666666667 0.001)
(0.0365 -0.0007126903958 0.001069035594)
(0.0365 -0.0003563451979 0.001069035594)
(0.0365 0 0.001069035594)
(0.0365 0.0003563451979 0.001069035594)
(0.0365 0.0007126903958 0.001069035594)
(0.0365 -0.000758714125 0.001138071187)
(0.0365 -0.0003793570625 0.001138071187)
(0.0365 0 0.001138071187)
(0.0365 0.0003793570625 0.001138071187)
(0.0365 0.000758714125 0.001138071187)
(0.0365 -0.0008047378541 0.001207106781)
(0.0365 -0.0004023689271 0.001207106781)
(0.0365 0 0.001207106781)
(0.0365 0.0004023689271 0.001207106781)
(0.0365 0.0008047378541 0.001207106781)
(0.0365 -0.0008507615833 0.001276142375)
(0.0365 -0.0004253807916 0.001276142375)
(0.0365 0 0.001276142375)
(0.0365 0.0004253807916 0.001276142375)
(0.0365 0.0008507615833 0.001276142375)
(0.0365 -0.0008967853124 0.001345177969)
(0.0365 -0.0004483926562 0.001345177969)
(0.0365 0 0.001345177969)
(0.0365 0.0004483926562 0.001345177969)
(0.0365 0.0008967853124 0.001345177969)
(0.0365 -0.0009428090416 0.001414213562)
(0.0365 -0.0004714045208 0.001414213562)
(0.0365 0 0.001414213562)
(0.0365 0.0004714045208 0.001414213562)
(0.0365 0.0009428090416 0.001414213562)
(0.037 -0.0006666666667 0.001)
(0.037 -0.0003333333333 0.001)
(0.037 0 0.001)
(0.037 0.0003333333333 0.001)
(0.037 0.0006666666667 0.001)
(0.037 -0.0007126903958 0.001069035594)
(0.037 -0.0003563451979 0.001069035594)
(0.037 0 0.001069035594)
(0.037 0.0003563451979 0.001069035594)
(0.037 0.0007126903958 0.001069035594)
(0.037 -0.000758714125 0.001138071187)
(0.037 -0.0003793570625 0.001138071187)
(0.037 0 0.001138071187)
(0.037 0.0003793570625 0.001138071187)
(0.037 0.000758714125 0.001138071187)
(0.037 -0.0008047378541 0.001207106781)
(0.037 -0.0004023689271 0.001207106781)
(0.037 0 0.001207106781)
(0.037 0.0004023689271 0.001207106781)
(0.037 0.0008047378541 0.001207106781)
(0.037 -0.0008507615833 0.001276142375)
(0.037 -0.0004253807916 0.001276142375)
(0.037 0 0.001276142375)
(0.037 0.0004253807916 0.001276142375)
(0.037 0.0008507615833 0.001276142375)
(0.037 -0.0008967853124 0.001345177969)
(0.037 -0.0004483926562 0.001345177969)
(0.037 0 0.001345177969)
(0.037 0.0004483926562 0.001345177969)
(0.037 0.0008967853124 0.001345177969)
(0.037 -0.0009428090416 0.001414213562)
(0.037 -0.0004714045208 0.001414213562)
(0.037 0 0.001414213562)
(0.037 0.0004714045208 0.001414213562)
(0.037 0.0009428090416 0.001414213562)
(0.0375 -0.0006666666667 0.001)
(0.0375 -0.0003333333333 0.001)
(0.0375 0 0.001)
(0.0375 0.0003333333333 0.001)
(0.0375 0.0006666666667 0.001)
(0.0375 -0.0007126903958 0.001069035594)
(0.0375 -0.0003563451979 0.001069035594)
(0.0375 0 0.001069035594)
(0.0375 0.0003563451979 0.001069035594)
(0.0375 0.0007126903958 0.001069035594)
(0.0375 -0.000758714125 0.001138071187)
(0.0375 -0.0003793570625 0.001138071187)
(0.0375 0 0.001138071187)
(0.0375 0.0003793570625 0.001138071187)
(0.0375 0.000758714125 0.001138071187)
(0.0375 -0.0008047378541 0.001207106781)
(0.0375 -0.0004023689271 0.001207106781)
(0.0375 0 0.001207106781)
(0.0375 0.0004023689271 0.001207106781)
(0.0375 0.0008047378541 0.001207106781)
(0.0375 -0.0008507615833 0.001276142375)
(0.0375 -0.0004253807916 0.001276142375)
(0.0375 0 0.001276142375)
(0.0375 0.0004253807916 0.001276142375)
(0.0375 0.0008507615833 0.001276142375)
(0.0375 -0.0008967853124 0.001345177969)
(0.0375 -0.0004483926562 0.001345177969)
(0.0375 0 0.001345177969)
(0.0375 0.0004483926562 0.001345177969)
(0.0375 0.0008967853124 0.001345177969)
(0.0375 -0.0009428090416 0.001414213562)
(0.0375 -0.0004714045208 0.001414213562)
(0.0375 0 0.001414213562)
(0.0375 0.0004714045208 0.001414213562)
(0.0375 0.0009428090416 0.001414213562)
(0.038 -0.0006666666667 0.001)
(0.038 -0.0003333333333 0.001)
(0.038 0 0.001)
(0.038 0.0003333333333 0.001)
(0.038 0.0006666666667 0.001)
(0.038 -0.0007126903958 0.001069035594)
(0.038 -0.0003563451979 0.001069035594)
(0.038 0 0.001069035594)
(0.038 0.0003563451979 0.001069035594)
(0.038 0.0007126903958 0.001069035594)
(0.038 -0.000758714125 0.001138071187)
(0.038 -0.0003793570625 0.001138071187)
(0.038 0 0.001138071187)
(0.038 0.0003793570625 0.001138071187)
(0.038 0.000758714125 0.001138071187)
(0.038 -0.0008047378541 0.001207106781)
(0.038 -0.0004023689271 0.001207106781)
(0.038 0 0.001207106781)
(0.038 0.0004023689271 0.001207106781)
(0.038 0.0008047378541 0.001207106781)
(0.038 -0.0008507615833 0.001276142375)
(0.038 -0.0004253807916 0.001276142375)
(0.038 0 0.001276142375)
(0.038 0.0004253807916 0.001276142375)
(0.038 0.0008507615833 0.001276142375)
(0.038 -0.0008967853124 0.001345177969)
(0.038 -0.0004483926562 0.001345177969)
(0.038 0 0.001345177969)
(0.038 0.0004483926562 0.001345177969)
(0.038 0.0008967853124 0.001345177969)
(0.038 -0.0009428090416 0.001414213562)
(0.038 -0.0004714045208 0.001414213562)
(0.038 0 0.001414213562)
(0.038 0.0004714045208 0.001414213562)
(0.038 0.0009428090416 0.001414213562)
(0.0385 -0.0006666666667 0.001)
(0.0385 -0.0003333333333 0.001)
(0.0385 0 0.001)
(0.0385 0.0003333333333 0.001)
(0.0385 0.0006666666667 0.001)
(0.0385 -0.0007126903958 0.001069035594)
(0.0385 -0.0003563451979 0.001069035594)
(0.0385 0 0.001069035594)
(0.0385 0.0003563451979 0.001069035594)
(0.0385 0.0007126903958 0.001069035594)
(0.0385 -0.000758714125 0.001138071187)
(0.0385 -0.0003793570625 0.001138071187)
(0.0385 0 0.001138071187)
(0.0385 0.0003793570625 0.001138071187)
(0.0385 0.000758714125 0.001138071187)
(0.0385 -0.0008047378541 0.001207106781)
(0.0385 -0.0004023689271 0.001207106781)
(0.0385 0 0.001207106781)
(0.0385 0.0004023689271 0.001207106781)
(0.0385 0.0008047378541 0.001207106781)
(0.0385 -0.0008507615833 0.001276142375)
(0.0385 -0.0004253807916 0.001276142375)
(0.0385 0 0.001276142375)
(0.0385 0.0004253807916 0.001276142375)
(0.0385 0.0008507615833 0.001276142375)
(0.0385 -0.0008967853124 0.001345177969)
(0.0385 -0.0004483926562 0.001345177969)
(0.0385 0 0.001345177969)
(0.0385 0.0004483926562 0.001345177969)
(0.0385 0.0008967853124 0.001345177969)
(0.0385 -0.0009428090416 0.001414213562)
(0.0385 -0.0004714045208 0.001414213562)
(0.0385 0 0.001414213562)
(0.0385 0.0004714045208 0.001414213562)
(0.0385 0.0009428090416 0.001414213562)
(0.039 -0.0006666666667 0.001)
(0.039 -0.0003333333333 0.001)
(0.039 0 0.001)
(0.039 0.0003333333333 0.001)
(0.039 0.0006666666667 0.001)
(0.039 -0.0007126903958 0.001069035594)
(0.039 -0.0003563451979 0.001069035594)
(0.039 0 0.001069035594)
(0.039 0.0003563451979 0.001069035594)
(0.039 0.0007126903958 0.001069035594)
(0.039 -0.000758714125 0.001138071187)
(0.039 -0.0003793570625 0.001138071187)
(0.039 0 0.001138071187)
(0.039 0.0003793570625 0.001138071187)
(0.039 0.000758714125 0.001138071187)
(0.039 -0.0008047378541 0.001207106781)
(0.039 -0.0004023689271 0.001207106781)
(0.039 0 0.001207106781)
(0.039 0.0004023689271 0.001207106781)
(0.039 0.0008047378541 0.001207106781)
(0.039 -0.0008507615833 0.001276142375)
(0.039 -0.0004253807916 0.001276142375)
(0.039 0 0.001276142375)
(0.039 0.0004253807916 0.001276142375)
(0.039 0.0008507615833 0.001276142375)
(0.039 -0.0008967853124 0.001345177969)
(0.039 -0.0004483926562 0.001345177969)
(0.039 0 0.001345177969)
(0.039 0.0004483926562 0.001345177969)
(0.039 0.0008967853124 0.001345177969)
(0.039 -0.0009428090416 0.001414213562)
(0.039 -0.0004714045208 0.001414213562)
(0.039 0 0.001414213562)
(0.039 0.0004714045208 0.001414213562)
(0.039 0.0009428090416 0.001414213562)
(0.0395 -0.0006666666667 0.001)
(0.0395 -0.0003333333333 0.001)
(0.0395 0 0.001)
(0.0395 0.0003333333333 0.001)
(0.0395 0.0006666666667 0.001)
(0.0395 -0.0007126903958 0.001069035594)
(0.0395 -0.0003563451979 0.001069035594)
(0.0395 0 0.001069035594)
(0.0395 0.0003563451979 0.001069035594)
(0.0395 0.0007126903958 0.001069035594)
(0.0395 -0.000758714125 0.001138071187)
(0.0395 -0.0003793570625 0.001138071187)
(0.0395 0 0.001138071187)
(0.0395 0.0003793570625 0.001138071187)
(0.0395 0.000758714125 0.001138071187)
(0.0395 -0.0008047378541 0.001207106781)
(0.0395 -0.0004023689271 0.001207106781)
(0.0395 0 0.001207106781)
(0.0395 0.0004023689271 0.001207106781)
(0.0395 0.0008047378541 0.001207106781)
(0.0395 -0.0008507615833 0.001276142375)
(0.0395 -0.0004253807916 0.001276142375)
(0.0395 0 0.001276142375)
(0.0395 0.0004253807916 0.001276142375)
(0.0395 0.0008507615833 0.001276142375)
(0.0395 -0.0008967853124 0.001345177969)
(0.0395 -0.0004483926562 0.001345177969)
(0.0395 0 0.001345177969)
(0.0395 0.0004483926562 0.001345177969)
(0.0395 0.0008967853124 0.001345177969)
(0.0395 -0.0009428090416 0.001414213562)
(0.0395 -0.0004714045208 0.001414213562)
(0.0395 0 0.001414213562)
(0.0395 0.0004714045208 0.001414213562)
(0.0395 0.0009428090416 0.001414213562)
(0.04 -0.0006666666667 0.001)
(0.04 -0.0003333333333 0.001)
(0.04 0 0.001)
(0.04 0.0003333333333 0.001)
(0.04 0.0006666666667 0.001)
(0.04 -0.0007126903958 0.001069035594)
(0.04 -0.0003563451979 0.001069035594)
(0.04 0 0.001069035594)
(0.04 0.0003563451979 0.001069035594)
(0.04 0.0007126903958 0.001069035594)
(0.04 -0.000758714125 0.001138071187)
(0.04 -0.0003793570625 0.001138071187)
(0.04 0 0.001138071187)
(0.04 0.0003793570625 0.001138071187)
(0.04 0.000758714125 0.001138071187)
(0.04 -0.0008047378541 0.001207106781)
(0.04 -0.0004023689271 0.001207106781)
(0.04 0 0.001207106781)
(0.04 0.0004023689271 0.001207106781)
(0.04 0.0008047378541 0.001207106781)
(0.04 -0.0008507615833 0.001276142375)
(0.04 -0.0004253807916 0.001276142375)
(0.04 0 0.001276142375)
(0.04 0.0004253807916 0.001276142375)
(0.04 0.0008507615833 0.001276142375)
(0.04 -0.0008967853124 0.001345177969)
(0.04 -0.0004483926562 0.001345177969)
(0.04 0 0.001345177969)
(0.04 0.0004483926562 0.001345177969)
(0.04 0.0008967853124 0.001345177969)
(0.04 -0.0009428090416 0.001414213562)
(0.04 -0.0004714045208 0.001414213562)
(0.04 0 0.001414213562)
(0.04 0.0004714045208 0.001414213562)
(0.04 0.0009428090416 0.001414213562)
(0.0405 -0.0006666666667 0.001)
(0.0405 -0.0003333333333 0.001)
(0.0405 0 0.001)
(0.0405 0.0003333333333 0.001)
(0.0405 0.0006666666667 0.001)
(0.0405 -0.0007126903958 0.001069035594)
(0.0405 -0.0003563451979 0.001069035594)
(0.0405 0 0.001069035594)
(0.0405 0.0003563451979 0.001069035594)
(0.0405 0.0007126903958 0.001069035594)
(0.0405 -0.000758714125 0.001138071187)
(0.0405 -0.0003793570625 0.001138071187)
(0.0405 0 0.001138071187)
(0.0405 0.0003793570625 0.001138071187)
(0.0405 0.000758714125 0.001138071187)
(0.0405 -0.0008047378541 0.001207106781)
(0.0405 -0.0004023689271 0.001207106781)
(0.0405 0 0.001207106781)
(0.0405 0.0004023689271 0.001207106781)
(0.0405 0.0008047378541 0.001207106781)
(0.0405 -0.0008507615833 0.001276142375)
(0.0405 -0.0004253807916 0.001276142375)
(0.0405 0 0.001276142375)
(0.0405 0.0004253807916 0.001276142375)
(0.0405 0.0008507615833 0.001276142375)
(0.0405 -0.0008967853124 0.001345177969)
(0.0405 -0.0004483926562 0.001345177969)
(0.0405 0 0.001345177969)
(0.0405 0.0004483926562 0.001345177969)
(0.0405 0.0008967853124 0.001345177969)
(0.0405 -0.0009428090416 0.001414213562)
(0.0405 -0.0004714045208 0.001414213562)
(0.0405 0 0.001414213562)
(0.0405 0.0004714045208 0.001414213562)
(0.0405 0.0009428090416 0.001414213562)
(0.041 -0.0006666666667 0.001)
(0.041 -0.0003333333333 0.001)
(0.041 0 0.001)
(0.041 0.0003333333333 0.001)
(0.041 0.0006666666667 0.001)
(0.041 -0.0007126903958 0.001069035594)
(0.041 -0.0003563451979 0.001069035594)
(0.041 0 0.001069035594)
(0.041 0.0003563451979 0.001069035594)
(0.041 0.0007126903958 0.001069035594)
(0.041 -0.000758714125 0.001138071187)
(0.041 -0.0003793570625 0.001138071187)
(0.041 0 0.001138071187)
(0.041 0.0003793570625 0.001138071187)
(0.041 0.000758714125 0.001138071187)
(0.041 -0.0008047378541 0.001207106781)
(0.041 -0.0004023689271 0.001207106781)
(0.041 0 0.001207106781)
(0.041 0.0004023689271 0.001207106781)
(0.041 0.0008047378541 0.001207106781)
(0.041 -0.0008507615833 0.001276142375)
(0.041 -0.0004253807916 0.001276142375)
(0.041 0 0.001276142375)
(0.041 0.0004253807916 0.001276142375)
(0.041 0.0008507615833 0.001276142375)
(0.041 -0.0008967853124 0.001345177969)
(0.041 -0.0004483926562 0.001345177969)
(0.041 0 0.001345177969)
(0.041 0.0004483926562 0.001345177969)
(0.041 0.0008967853124 0.001345177969)
(0.041 -0.0009428090416 0.001414213562)
(0.041 -0.0004714045208 0.001414213562)
(0.041 0 0.001414213562)
(0.041 0.0004714045208 0.001414213562)
(0.041 0.0009428090416 0.001414213562)
(0.0415 -0.0006666666667 0.001)
(0.0415 -0.0003333333333 0.001)
(0.0415 0 0.001)
(0.0415 0.0003333333333 0.001)
(0.0415 0.0006666666667 0.001)
(0.0415 -0.0007126903958 0.001069035594)
(0.0415 -0.0003563451979 0.001069035594)
(0.0415 0 0.001069035594)
(0.0415 0.0003563451979 0.001069035594)
(0.0415 0.0007126903958 0.001069035594)
(0.0415 -0.000758714125 0.001138071187)
(0.0415 -0.0003793570625 0.001138071187)
(0.0415 0 0.001138071187)
(0.0415 0.0003793570625 0.001138071187)
(0.0415 0.000758714125 0.001138071187)
(0.0415 -0.0008047378541 0.001207106781)
(0.0415 -0.0004023689271 0.001207106781)
(0.0415 0 0.001207106781)
(0.0415 0.0004023689271 0.001207106781)
(0.0415 0.0008047378541 0.001207106781)
(0.0415 -0.0008507615833 0.001276142375)
(0.0415 -0.0004253807916 0.001276142375)
(0.0415 0 0.001276142375)
(0.0415 0.0004253807916 0.001276142375)
(0.0415 0.0008507615833 0.001276142375)
(0.0415 -0.0008967853124 0.001345177969)
(0.0415 -0.0004483926562 0.001345177969)
(0.0415 0 0.001345177969)
(0.0415 0.0004483926562 0.001345177969)
(0.0415 0.0008967853124 0.001345177969)
(0.0415 -0.0009428090416 0.001414213562)
(0.0415 -0.0004714045208 0.001414213562)
(0.0415 0 0.001414213562)
(0.0415 0.0004714045208 0.001414213562)
(0.0415 0.0009428090416 0.001414213562)
(0.042 -0.0006666666667 0.001)
(0.042 -0.0003333333333 0.001)
(0.042 0 0.001)
(0.042 0.0003333333333 0.001)
(0.042 0.0006666666667 0.001)
(0.042 -0.0007126903958 0.001069035594)
(0.042 -0.0003563451979 0.001069035594)
(0.042 0 0.001069035594)
(0.042 0.0003563451979 0.001069035594)
(0.042 0.0007126903958 0.001069035594)
(0.042 -0.000758714125 0.001138071187)
(0.042 -0.0003793570625 0.001138071187)
(0.042 0 0.001138071187)
(0.042 0.0003793570625 0.001138071187)
(0.042 0.000758714125 0.001138071187)
(0.042 -0.0008047378541 0.001207106781)
(0.042 -0.0004023689271 0.001207106781)
(0.042 0 0.001207106781)
(0.042 0.0004023689271 0.001207106781)
(0.042 0.0008047378541 0.001207106781)
(0.042 -0.0008507615833 0.001276142375)
(0.042 -0.0004253807916 0.001276142375)
(0.042 0 0.001276142375)
(0.042 0.0004253807916 0.001276142375)
(0.042 0.0008507615833 0.001276142375)
(0.042 -0.0008967853124 0.001345177969)
(0.042 -0.0004483926562 0.001345177969)
(0.042 0 0.001345177969)
(0.042 0.0004483926562 0.001345177969)
(0.042 0.0008967853124 0.001345177969)
(0.042 -0.0009428090416 0.001414213562)
(0.042 -0.0004714045208 0.001414213562)
(0.042 0 0.001414213562)
(0.042 0.0004714045208 0.001414213562)
(0.042 0.0009428090416 0.001414213562)
(0.0425 -0.0006666666667 0.001)
(0.0425 -0.0003333333333 0.001)
(0.0425 0 0.001)
(0.0425 0.0003333333333 0.001)
(0.0425 0.0006666666667 0.001)
(0.0425 -0.0007126903958 0.001069035594)
(0.0425 -0.0003563451979 0.001069035594)
(0.0425 0 0.001069035594)
(0.0425 0.0003563451979 0.001069035594)
(0.0425 0.0007126903958 0.001069035594)
(0.0425 -0.000758714125 0.001138071187)
(0.0425 -0.0003793570625 0.001138071187)
(0.0425 0 0.001138071187)
(0.0425 0.0003793570625 0.001138071187)
(0.0425 0.000758714125 0.001138071187)
(0.0425 -0.0008047378541 0.001207106781)
(0.0425 -0.0004023689271 0.001207106781)
(0.0425 0 0.001207106781)
(0.0425 0.0004023689271 0.001207106781)
(0.0425 0.0008047378541 0.001207106781)
(0.0425 -0.0008507615833 0.001276142375)
(0.0425 -0.0004253807916 0.001276142375)
(0.0425 0 0.001276142375)
(0.0425 0.0004253807916 0.001276142375)
(0.0425 0.0008507615833 0.001276142375)
(0.0425 -0.0008967853124 0.001345177969)
(0.0425 -0.0004483926562 0.001345177969)
(0.0425 0 0.001345177969)
(0.0425 0.0004483926562 0.001345177969)
(0.0425 0.0008967853124 0.001345177969)
(0.0425 -0.0009428090416 0.001414213562)
(0.0425 -0.0004714045208 0.001414213562)
(0.0425 0 0.001414213562)
(0.0425 0.0004714045208 0.001414213562)
(0.0425 0.0009428090416 0.001414213562)
(0.043 -0.0006666666667 0.001)
(0.043 -0.0003333333333 0.001)
(0.043 0 0.001)
(0.043 0.0003333333333 0.001)
(0.043 0.0006666666667 0.001)
(0.043 -0.0007126903958 0.001069035594)
(0.043 -0.0003563451979 0.001069035594)
(0.043 0 0.001069035594)
(0.043 0.0003563451979 0.001069035594)
(0.043 0.0007126903958 0.001069035594)
(0.043 -0.000758714125 0.001138071187)
(0.043 -0.0003793570625 0.001138071187)
(0.043 0 0.001138071187)
(0.043 0.0003793570625 0.001138071187)
(0.043 0.000758714125 0.001138071187)
(0.043 -0.0008047378541 0.001207106781)
(0.043 -0.0004023689271 0.001207106781)
(0.043 0 0.001207106781)
(0.043 0.0004023689271 0.001207106781)
(0.043 0.0008047378541 0.001207106781)
(0.043 -0.0008507615833 0.001276142375)
(0.043 -0.0004253807916 0.001276142375)
(0.043 0 0.001276142375)
(0.043 0.0004253807916 0.001276142375)
(0.043 0.0008507615833 0.001276142375)
(0.043 -0.0008967853124 0.001345177969)
(0.043 -0.0004483926562 0.001345177969)
(0.043 0 0.001345177969)
(0.043 0.0004483926562 0.001345177969)
(0.043 0.0008967853124 0.001345177969)
(0.043 -0.0009428090416 0.001414213562)
(0.043 -0.0004714045208 0.001414213562)
(0.043 0 0.001414213562)
(0.043 0.0004714045208 0.001414213562)
(0.043 0.0009428090416 0.001414213562)
(0.0435 -0.0006666666667 0.001)
(0.0435 -0.0003333333333 0.001)
(0.0435 0 0.001)
(0.0435 0.0003333333333 0.001)
(0.0435 0.0006666666667 0.001)
(0.0435 -0.0007126903958 0.001069035594)
(0.0435 -0.0003563451979 0.001069035594)
(0.0435 0 0.001069035594)
(0.0435 0.0003563451979 0.001069035594)
(0.0435 0.0007126903958 0.001069035594)
(0.0435 -0.000758714125 0.001138071187)
(0.0435 -0.0003793570625 0.001138071187)
(0.0435 0 0.001138071187)
(0.0435 0.0003793570625 0.001138071187)
(0.0435 0.000758714125 0.001138071187)
(0.0435 -0.0008047378541 0.001207106781)
(0.0435 -0.0004023689271 0.001207106781)
(0.0435 0 0.001207106781)
(0.0435 0.0004023689271 0.001207106781)
(0.0435 0.0008047378541 0.001207106781)
(0.0435 -0.0008507615833 0.001276142375)
(0.0435 -0.0004253807916 0.001276142375)
(0.0435 0 0.001276142375)
(0.0435 0.0004253807916 0.001276142375)
(0.0435 0.0008507615833 0.001276142375)
(0.0435 -0.0008967853124 0.001345177969)
(0.0435 -0.0004483926562 0.001345177969)
(0.0435 0 0.001345177969)
(0.0435 0.0004483926562 0.001345177969)
(0.0435 0.0008967853124 0.001345177969)
(0.0435 -0.0009428090416 0.001414213562)
(0.0435 -0.0004714045208 0.001414213562)
(0.0435 0 0.001414213562)
(0.0435 0.0004714045208 0.001414213562)
(0.0435 0.0009428090416 0.001414213562)
(0.044 -0.0006666666667 0.001)
(0.044 -0.0003333333333 0.001)
(0.044 0 0.001)
(0.044 0.0003333333333 0.001)
(0.044 0.0006666666667 0.001)
(0.044 -0.0007126903958 0.001069035594)
(0.044 -0.0003563451979 0.001069035594)
(0.044 0 0.001069035594)
(0.044 0.0003563451979 0.001069035594)
(0.044 0.0007126903958 0.001069035594)
(0.044 -0.000758714125 0.001138071187)
(0.044 -0.0003793570625 0.001138071187)
(0.044 0 0.001138071187)
(0.044 0.0003793570625 0.001138071187)
(0.044 0.000758714125 0.001138071187)
(0.044 -0.0008047378541 0.001207106781)
(0.044 -0.0004023689271 0.001207106781)
(0.044 0 0.001207106781)
(0.044 0.0004023689271 0.001207106781)
(0.044 0.0008047378541 0.001207106781)
(0.044 -0.0008507615833 0.001276142375)
(0.044 -0.0004253807916 0.001276142375)
(0.044 0 0.001276142375)
(0.044 0.0004253807916 0.001276142375)
(0.044 0.0008507615833 0.001276142375)
(0.044 -0.0008967853124 0.001345177969)
(0.044 -0.0004483926562 0.001345177969)
(0.044 0 0.001345177969)
(0.044 0.0004483926562 0.001345177969)
(0.044 0.0008967853124 0.001345177969)
(0.044 -0.0009428090416 0.001414213562)
(0.044 -0.0004714045208 0.001414213562)
(0.044 0 0.001414213562)
(0.044 0.0004714045208 0.001414213562)
(0.044 0.0009428090416 0.001414213562)
(0.0445 -0.0006666666667 0.001)
(0.0445 -0.0003333333333 0.001)
(0.0445 0 0.001)
(0.0445 0.0003333333333 0.001)
(0.0445 0.0006666666667 0.001)
(0.0445 -0.0007126903958 0.001069035594)
(0.0445 -0.0003563451979 0.001069035594)
(0.0445 0 0.001069035594)
(0.0445 0.0003563451979 0.001069035594)
(0.0445 0.0007126903958 0.001069035594)
(0.0445 -0.000758714125 0.001138071187)
(0.0445 -0.0003793570625 0.001138071187)
(0.0445 0 0.001138071187)
(0.0445 0.0003793570625 0.001138071187)
(0.0445 0.000758714125 0.001138071187)
(0.0445 -0.0008047378541 0.001207106781)
(0.0445 -0.0004023689271 0.001207106781)
(0.0445 0 0.001207106781)
(0.0445 0.0004023689271 0.001207106781)
(0.0445 0.0008047378541 0.001207106781)
(0.0445 -0.0008507615833 0.001276142375)
(0.0445 -0.0004253807916 0.001276142375)
(0.0445 0 0.001276142375)
(0.0445 0.0004253807916 0.001276142375)
(0.0445 0.0008507615833 0.001276142375)
(0.0445 -0.0008967853124 0.001345177969)
(0.0445 -0.0004483926562 0.001345177969)
(0.0445 0 0.001345177969)
(0.0445 0.0004483926562 0.001345177969)
(0.0445 0.0008967853124 0.001345177969)
(0.0445 -0.0009428090416 0.001414213562)
(0.0445 -0.0004714045208 0.001414213562)
(0.0445 0 0.001414213562)
(0.0445 0.0004714045208 0.001414213562)
(0.0445 0.0009428090416 0.001414213562)
(0.045 -0.0006666666667 0.001)
(0.045 -0.0003333333333 0.001)
(0.045 0 0.001)
(0.045 0.0003333333333 0.001)
(0.045 0.0006666666667 0.001)
(0.045 -0.0007126903958 0.001069035594)
(0.045 -0.0003563451979 0.001069035594)
(0.045 0 0.001069035594)
(0.045 0.0003563451979 0.001069035594)
(0.045 0.0007126903958 0.001069035594)
(0.045 -0.000758714125 0.001138071187)
(0.045 -0.0003793570625 0.001138071187)
(0.045 0 0.001138071187)
(0.045 0.0003793570625 0.001138071187)
(0.045 0.000758714125 0.001138071187)
(0.045 -0.0008047378541 0.001207106781)
(0.045 -0.0004023689271 0.001207106781)
(0.045 0 0.001207106781)
(0.045 0.0004023689271 0.001207106781)
(0.045 0.0008047378541 0.001207106781)
(0.045 -0.0008507615833 0.001276142375)
(0.045 -0.0004253807916 0.001276142375)
(0.045 0 0.001276142375)
(0.045 0.0004253807916 0.001276142375)
(0.045 0.0008507615833 0.001276142375)
(0.045 -0.0008967853124 0.001345177969)
(0.045 -0.0004483926562 0.001345177969)
(0.045 0 0.001345177969)
(0.045 0.0004483926562 0.001345177969)
(0.045 0.0008967853124 0.001345177969)
(0.045 -0.0009428090416 0.001414213562)
(0.045 -0.0004714045208 0.001414213562)
(0.045 0 0.001414213562)
(0.045 0.0004714045208 0.001414213562)
(0.045 0.0009428090416 0.001414213562)
(0.0455 -0.0006666666667 0.001)
(0.0455 -0.0003333333333 0.001)
(0.0455 0 0.001)
(0.0455 0.0003333333333 0.001)
(0.0455 0.0006666666667 0.001)
(0.0455 -0.0007126903958 0.001069035594)
(0.0455 -0.0003563451979 0.001069035594)
(0.0455 0 0.001069035594)
(0.0455 0.0003563451979 0.001069035594)
(0.0455 0.0007126903958 0.001069035594)
(0.0455 -0.000758714125 0.001138071187)
(0.0455 -0.0003793570625 0.001138071187)
(0.0455 0 0.001138071187)
(0.0455 0.0003793570625 0.001138071187)
(0.0455 0.000758714125 0.001138071187)
(0.0455 -0.0008047378541 0.001207106781)
(0.0455 -0.0004023689271 0.001207106781)
(0.0455 0 0.001207106781)
(0.0455 0.0004023689271 0.001207106781)
(0.0455 0.0008047378541 0.001207106781)
(0.0455 -0.0008507615833 0.001276142375)
(0.0455 -0.0004253807916 0.001276142375)
(0.0455 0 0.001276142375)
(0.0455 0.0004253807916 0.001276142375)
(0.0455 0.0008507615833 0.001276142375)
(0.0455 -0.0008967853124 0.001345177969)
(0.0455 -0.0004483926562 0.001345177969)
(0.0455 0 0.001345177969)
(0.0455 0.0004483926562 0.001345177969)
(0.0455 0.0008967853124 0.001345177969)
(0.0455 -0.0009428090416 0.001414213562)
(0.0455 -0.0004714045208 0.001414213562)
(0.0455 0 0.001414213562)
(0.0455 0.0004714045208 0.001414213562)
(0.0455 0.0009428090416 0.001414213562)
(0.046 -0.0006666666667 0.001)
(0.046 -0.0003333333333 0.001)
(0.046 0 0.001)
(0.046 0.0003333333333 0.001)
(0.046 0.0006666666667 0.001)
(0.046 -0.0007126903958 0.001069035594)
(0.046 -0.0003563451979 0.001069035594)
(0.046 0 0.001069035594)
(0.046 0.0003563451979 0.001069035594)
(0.046 0.0007126903958 0.001069035594)
(0.046 -0.000758714125 0.001138071187)
(0.046 -0.0003793570625 0.001138071187)
(0.046 0 0.001138071187)
(0.046 0.0003793570625 0.001138071187)
(0.046 0.000758714125 0.001138071187)
(0.046 -0.0008047378541 0.001207106781)
(0.046 -0.0004023689271 0.001207106781)
(0.046 0 0.001207106781)
(0.046 0.0004023689271 0.001207106781)
(0.046 0.0008047378541 0.001207106781)
(0.046 -0.0008507615833 0.001276142375)
(0.046 -0.0004253807916 0.001276142375)
(0.046 0 0.001276142375)
(0.046 0.0004253807916 0.001276142375)
(0.046 0.0008507615833 0.001276142375)
(0.046 -0.0008967853124 0.001345177969)
(0.046 -0.0004483926562 0.001345177969)
(0.046 0 0.001345177969)
(0.046 0.0004483926562 0.001345177969)
(0.046 0.0008967853124 0.001345177969)
(0.046 -0.0009428090416 0.001414213562)
(0.046 -0.0004714045208 0.001414213562)
(0.046 0 0.001414213562)
(0.046 0.0004714045208 0.001414213562)
(0.046 0.0009428090416 0.001414213562)
(0.0465 -0.0006666666667 0.001)
(0.0465 -0.0003333333333 0.001)
(0.0465 0 0.001)
(0.0465 0.0003333333333 0.001)
(0.0465 0.0006666666667 0.001)
(0.0465 -0.0007126903958 0.001069035594)
(0.0465 -0.0003563451979 0.001069035594)
(0.0465 0 0.001069035594)
(0.0465 0.0003563451979 0.001069035594)
(0.0465 0.0007126903958 0.001069035594)
(0.0465 -0.000758714125 0.001138071187)
(0.0465 -0.0003793570625 0.001138071187)
(0.0465 0 0.001138071187)
(0.0465 0.0003793570625 0.001138071187)
(0.0465 0.000758714125 0.001138071187)
(0.0465 -0.0008047378541 0.001207106781)
(0.0465 -0.0004023689271 0.001207106781)
(0.0465 0 0.001207106781)
(0.0465 0.0004023689271 0.001207106781)
(0.0465 0.0008047378541 0.001207106781)
(0.0465 -0.0008507615833 0.001276142375)
(0.0465 -0.0004253807916 0.001276142375)
(0.0465 0 0.001276142375)
(0.0465 0.0004253807916 0.001276142375)
(0.0465 0.0008507615833 0.001276142375)
(0.0465 -0.0008967853124 0.001345177969)
(0.0465 -0.0004483926562 0.001345177969)
(0.0465 0 0.001345177969)
(0.0465 0.0004483926562 0.001345177969)
(0.0465 0.0008967853124 0.001345177969)
(0.0465 -0.0009428090416 0.001414213562)
(0.0465 -0.0004714045208 0.001414213562)
(0.0465 0 0.001414213562)
(0.0465 0.0004714045208 0.001414213562)
(0.0465 0.0009428090416 0.001414213562)
(0.047 -0.0006666666667 0.001)
(0.047 -0.0003333333333 0.001)
(0.047 0 0.001)
(0.047 0.0003333333333 0.001)
(0.047 0.0006666666667 0.001)
(0.047 -0.0007126903958 0.001069035594)
(0.047 -0.0003563451979 0.001069035594)
(0.047 0 0.001069035594)
(0.047 0.0003563451979 0.001069035594)
(0.047 0.0007126903958 0.001069035594)
(0.047 -0.000758714125 0.001138071187)
(0.047 -0.0003793570625 0.001138071187)
(0.047 0 0.001138071187)
(0.047 0.0003793570625 0.001138071187)
(0.047 0.000758714125 0.001138071187)
(0.047 -0.0008047378541 0.001207106781)
(0.047 -0.0004023689271 0.001207106781)
(0.047 0 0.001207106781)
(0.047 0.0004023689271 0.001207106781)
(0.047 0.0008047378541 0.001207106781)
(0.047 -0.0008507615833 0.001276142375)
(0.047 -0.0004253807916 0.001276142375)
(0.047 0 0.001276142375)
(0.047 0.0004253807916 0.001276142375)
(0.047 0.0008507615833 0.001276142375)
(0.047 -0.0008967853124 0.001345177969)
(0.047 -0.0004483926562 0.001345177969)
(0.047 0 0.001345177969)
(0.047 0.0004483926562 0.001345177969)
(0.047 0.0008967853124 0.001345177969)
(0.047 -0.0009428090416 0.001414213562)
(0.047 -0.0004714045208 0.001414213562)
(0.047 0 0.001414213562)
(0.047 0.0004714045208 0.001414213562)
(0.047 0.0009428090416 0.001414213562)
(0.0475 -0.0006666666667 0.001)
(0.0475 -0.0003333333333 0.001)
(0.0475 0 0.001)
(0.0475 0.0003333333333 0.001)
(0.0475 0.0006666666667 0.001)
(0.0475 -0.0007126903958 0.001069035594)
(0.0475 -0.0003563451979 0.001069035594)
(0.0475 0 0.001069035594)
(0.0475 0.0003563451979 0.001069035594)
(0.0475 0.0007126903958 0.001069035594)
(0.0475 -0.000758714125 0.001138071187)
(0.0475 -0.0003793570625 0.001138071187)
(0.0475 0 0.001138071187)
(0.0475 0.0003793570625 0.001138071187)
(0.0475 0.000758714125 0.001138071187)
(0.0475 -0.0008047378541 0.001207106781)
(0.0475 -0.0004023689271 0.001207106781)
(0.0475 0 0.001207106781)
(0.0475 0.0004023689271 0.001207106781)
(0.0475 0.0008047378541 0.001207106781)
(0.0475 -0.0008507615833 0.001276142375)
(0.0475 -0.0004253807916 0.001276142375)
(0.0475 0 0.001276142375)
(0.0475 0.0004253807916 0.001276142375)
(0.0475 0.0008507615833 0.001276142375)
(0.0475 -0.0008967853124 0.001345177969)
(0.0475 -0.0004483926562 0.001345177969)
(0.0475 0 0.001345177969)
(0.0475 0.0004483926562 0.001345177969)
(0.0475 0.0008967853124 0.001345177969)
(0.0475 -0.0009428090416 0.001414213562)
(0.0475 -0.0004714045208 0.001414213562)
(0.0475 0 0.001414213562)
(0.0475 0.0004714045208 0.001414213562)
(0.0475 0.0009428090416 0.001414213562)
(0.048 -0.0006666666667 0.001)
(0.048 -0.0003333333333 0.001)
(0.048 0 0.001)
(0.048 0.0003333333333 0.001)
(0.048 0.0006666666667 0.001)
(0.048 -0.0007126903958 0.001069035594)
(0.048 -0.0003563451979 0.001069035594)
(0.048 0 0.001069035594)
(0.048 0.0003563451979 0.001069035594)
(0.048 0.0007126903958 0.001069035594)
(0.048 -0.000758714125 0.001138071187)
(0.048 -0.0003793570625 0.001138071187)
(0.048 0 0.001138071187)
(0.048 0.0003793570625 0.001138071187)
(0.048 0.000758714125 0.001138071187)
(0.048 -0.0008047378541 0.001207106781)
(0.048 -0.0004023689271 0.001207106781)
(0.048 0 0.001207106781)
(0.048 0.0004023689271 0.001207106781)
(0.048 0.0008047378541 0.001207106781)
(0.048 -0.0008507615833 0.001276142375)
(0.048 -0.0004253807916 0.001276142375)
(0.048 0 0.001276142375)
(0.048 0.0004253807916 0.001276142375)
(0.048 0.0008507615833 0.001276142375)
(0.048 -0.0008967853124 0.001345177969)
(0.048 -0.0004483926562 0.001345177969)
(0.048 0 0.001345177969)
(0.048 0.0004483926562 0.001345177969)
(0.048 0.0008967853124 0.001345177969)
(0.048 -0.0009428090416 0.001414213562)
(0.048 -0.0004714045208 0.001414213562)
(0.048 0 0.001414213562)
(0.048 0.0004714045208 0.001414213562)
(0.048 0.0009428090416 0.001414213562)
(0.0485 -0.0006666666667 0.001)
(0.0485 -0.0003333333333 0.001)
(0.0485 0 0.001)
(0.0485 0.0003333333333 0.001)
(0.0485 0.0006666666667 0.001)
(0.0485 -0.0007126903958 0.001069035594)
(0.0485 -0.0003563451979 0.001069035594)
(0.0485 0 0.001069035594)
(0.0485 0.0003563451979 0.001069035594)
(0.0485 0.0007126903958 0.001069035594)
(0.0485 -0.000758714125 0.001138071187)
(0.0485 -0.0003793570625 0.001138071187)
(0.0485 0 0.001138071187)
(0.0485 0.0003793570625 0.001138071187)
(0.0485 0.000758714125 0.001138071187)
(0.0485 -0.0008047378541 0.001207106781)
(0.0485 -0.0004023689271 0.001207106781)
(0.0485 0 0.001207106781)
(0.0485 0.0004023689271 0.001207106781)
(0.0485 0.0008047378541 0.001207106781)
(0.0485 -0.0008507615833 0.001276142375)
(0.0485 -0.0004253807916 0.001276142375)
(0.0485 0 0.001276142375)
(0.0485 0.0004253807916 0.001276142375)
(0.0485 0.0008507615833 0.001276142375)
(0.0485 -0.0008967853124 0.001345177969)
(0.0485 -0.0004483926562 0.001345177969)
(0.0485 0 0.001345177969)
(0.0485 0.0004483926562 0.001345177969)
(0.0485 0.0008967853124 0.001345177969)
(0.0485 -0.0009428090416 0.001414213562)
(0.0485 -0.0004714045208 0.001414213562)
(0.0485 0 0.001414213562)
(0.0485 0.0004714045208 0.001414213562)
(0.0485 0.0009428090416 0.001414213562)
(0.049 -0.0006666666667 0.001)
(0.049 -0.0003333333333 0.001)
(0.049 0 0.001)
(0.049 0.0003333333333 0.001)
(0.049 0.0006666666667 0.001)
(0.049 -0.0007126903958 0.001069035594)
(0.049 -0.0003563451979 0.001069035594)
(0.049 0 0.001069035594)
(0.049 0.0003563451979 0.001069035594)
(0.049 0.0007126903958 0.001069035594)
(0.049 -0.000758714125 0.001138071187)
(0.049 -0.0003793570625 0.001138071187)
(0.049 0 0.001138071187)
(0.049 0.0003793570625 0.001138071187)
(0.049 0.000758714125 0.001138071187)
(0.049 -0.0008047378541 0.001207106781)
(0.049 -0.0004023689271 0.001207106781)
(0.049 0 0.001207106781)
(0.049 0.0004023689271 0.001207106781)
(0.049 0.0008047378541 0.001207106781)
(0.049 -0.0008507615833 0.001276142375)
(0.049 -0.0004253807916 0.001276142375)
(0.049 0 0.001276142375)
(0.049 0.0004253807916 0.001276142375)
(0.049 0.0008507615833 0.001276142375)
(0.049 -0.0008967853124 0.001345177969)
(0.049 -0.0004483926562 0.001345177969)
(0.049 0 0.001345177969)
(0.049 0.0004483926562 0.001345177969)
(0.049 0.0008967853124 0.001345177969)
(0.049 -0.0009428090416 0.001414213562)
(0.049 -0.0004714045208 0.001414213562)
(0.049 0 0.001414213562)
(0.049 0.0004714045208 0.001414213562)
(0.049 0.0009428090416 0.001414213562)
(0.0495 -0.0006666666667 0.001)
(0.0495 -0.0003333333333 0.001)
(0.0495 0 0.001)
(0.0495 0.0003333333333 0.001)
(0.0495 0.0006666666667 0.001)
(0.0495 -0.0007126903958 0.001069035594)
(0.0495 -0.0003563451979 0.001069035594)
(0.0495 0 0.001069035594)
(0.0495 0.0003563451979 0.001069035594)
(0.0495 0.0007126903958 0.001069035594)
(0.0495 -0.000758714125 0.001138071187)
(0.0495 -0.0003793570625 0.001138071187)
(0.0495 0 0.001138071187)
(0.0495 0.0003793570625 0.001138071187)
(0.0495 0.000758714125 0.001138071187)
(0.0495 -0.0008047378541 0.001207106781)
(0.0495 -0.0004023689271 0.001207106781)
(0.0495 0 0.001207106781)
(0.0495 0.0004023689271 0.001207106781)
(0.0495 0.0008047378541 0.001207106781)
(0.0495 -0.0008507615833 0.001276142375)
(0.0495 -0.0004253807916 0.001276142375)
(0.0495 0 0.001276142375)
(0.0495 0.0004253807916 0.001276142375)
(0.0495 0.0008507615833 0.001276142375)
(0.0495 -0.0008967853124 0.001345177969)
(0.0495 -0.0004483926562 0.001345177969)
(0.0495 0 0.001345177969)
(0.0495 0.0004483926562 0.001345177969)
(0.0495 0.0008967853124 0.001345177969)
(0.0495 -0.0009428090416 0.001414213562)
(0.0495 -0.0004714045208 0.001414213562)
(0.0495 0 0.001414213562)
(0.0495 0.0004714045208 0.001414213562)
(0.0495 0.0009428090416 0.001414213562)
(0.05 -0.0006666666667 0.001)
(0.05 -0.0003333333333 0.001)
(0.05 0 0.001)
(0.05 0.0003333333333 0.001)
(0.05 0.0006666666667 0.001)
(0.05 -0.0007126903958 0.001069035594)
(0.05 -0.0003563451979 0.001069035594)
(0.05 0 0.001069035594)
(0.05 0.0003563451979 0.001069035594)
(0.05 0.0007126903958 0.001069035594)
(0.05 -0.000758714125 0.001138071187)
(0.05 -0.0003793570625 0.001138071187)
(0.05 0 0.001138071187)
(0.05 0.0003793570625 0.001138071187)
(0.05 0.000758714125 0.001138071187)
(0.05 -0.0008047378541 0.001207106781)
(0.05 -0.0004023689271 0.001207106781)
(0.05 0 0.001207106781)
(0.05 0.0004023689271 0.001207106781)
(0.05 0.0008047378541 0.001207106781)
(0.05 -0.0008507615833 0.001276142375)
(0.05 -0.0004253807916 0.001276142375)
(0.05 0 0.001276142375)
(0.05 0.0004253807916 0.001276142375)
(0.05 0.0008507615833 0.001276142375)
(0.05 -0.0008967853124 0.001345177969)
(0.05 -0.0004483926562 0.001345177969)
(0.05 0 0.001345177969)
(0.05 0.0004483926562 0.001345177969)
(0.05 0.0008967853124 0.001345177969)
(0.05 -0.0009428090416 0.001414213562)
(0.05 -0.0004714045208 0.001414213562)
(0.05 0 0.001414213562)
(0.05 0.0004714045208 0.001414213562)
(0.05 0.0009428090416 0.001414213562)
(0 -0.0006666666667 -0.0006666666667)
(0 -0.0003333333333 -0.0006666666667)
(0 0 -0.0006666666667)
(0 0.0003333333333 -0.0006666666667)
(0 0.0006666666667 -0.0006666666667)
(0 -0.0006666666667 -0.0003333333333)
(0 -0.0003333333333 -0.0003333333333)
(0 0 -0.0003333333333)
(0 0.0003333333333 -0.0003333333333)
(0 0.0006666666667 -0.0003333333333)
(0 -0.0006666666667 0)
(0 -0.0003333333333 0)
(0 0 0)
(0 0.0003333333333 0)
(0 0.0006666666667 0)
(0 -0.0006666666667 0.0003333333333)
(0 -0.0003333333333 0.0003333333333)
(0 0 0.0003333333333)
(0 0.0003333333333 0.0003333333333)
(0 0.0006666666667 0.0003333333333)
(0 -0.0006666666667 0.0006666666667)
(0 -0.0003333333333 0.0006666666667)
(0 0 0.0006666666667)
(0 0.0003333333333 0.0006666666667)
(0 0.0006666666667 0.0006666666667)
(0.0005 -0.0006666666667 -0.0006666666667)
(0.0005 -0.0003333333333 -0.0006666666667)
(0.0005 0 -0.0006666666667)
(0.0005 0.0003333333333 -0.0006666666667)
(0.0005 0.0006666666667 -0.0006666666667)
(0.0005 -0.0006666666667 -0.0003333333333)
(0.0005 -0.0003333333333 -0.0003333333333)
(0.0005 0 -0.0003333333333)
(0.0005 0.0003333333333 -0.0003333333333)
(0.0005 0.0006666666667 -0.0003333333333)
(0.0005 -0.0006666666667 0)
(0.0005 -0.0003333333333 0)
(0.0005 0 0)
(0.0005 0.0003333333333 0)
(0.0005 0.0006666666667 0)
(0.0005 -0.0006666666667 0.0003333333333)
(0.0005 -0.0003333333333 0.0003333333333)
(0.0005 0 0.0003333333333)
(0.0005 0.0003333333333 0.0003333333333)
(0.0005 0.0006666666667 0.0003333333333)
(0.0005 -0.0006666666667 0.0006666666667)
(0.0005 -0.0003333333333 0.0006666666667)
(0.0005 0 0.0006666666667)
(0.0005 0.0003333333333 0.0006666666667)
(0.0005 0.0006666666667 0.0006666666667)
(0.001 -0.0006666666667 -0.0006666666667)
(0.001 -0.0003333333333 -0.0006666666667)
(0.001 0 -0.0006666666667)
(0.001 0.0003333333333 -0.0006666666667)
(0.001 0.0006666666667 -0.0006666666667)
(0.001 -0.0006666666667 -0.0003333333333)
(0.001 -0.0003333333333 -0.0003333333333)
(0.001 0 -0.0003333333333)
(0.001 0.0003333333333 -0.0003333333333)
(0.001 0.0006666666667 -0.0003333333333)
(0.001 -0.0006666666667 0)
(0.001 -0.0003333333333 0)
(0.001 0 0)
(0.001 0.0003333333333 0)
(0.001 0.0006666666667 0)
(0.001 -0.0006666666667 0.0003333333333)
(0.001 -0.0003333333333 0.0003333333333)
(0.001 0 0.0003333333333)
(0.001 0.0003333333333 0.0003333333333)
(0.001 0.0006666666667 0.0003333333333)
(0.001 -0.0006666666667 0.0006666666667)
(0.001 -0.0003333333333 0.0006666666667)
(0.001 0 0.0006666666667)
(0.001 0.0003333333333 0.0006666666667)
(0.001 0.0006666666667 0.0006666666667)
(0.0015 -0.0006666666667 -0.0006666666667)
(0.0015 -0.0003333333333 -0.0006666666667)
(0.0015 0 -0.0006666666667)
(0.0015 0.0003333333333 -0.0006666666667)
(0.0015 0.0006666666667 -0.0006666666667)
(0.0015 -0.0006666666667 -0.0003333333333)
(0.0015 -0.0003333333333 -0.0003333333333)
(0.0015 0 -0.0003333333333)
(0.0015 0.0003333333333 -0.0003333333333)
(0.0015 0.0006666666667 -0.0003333333333)
(0.0015 -0.0006666666667 0)
(0.0015 -0.0003333333333 0)
(0.0015 0 0)
(0.0015 0.0003333333333 0)
(0.0015 0.0006666666667 0)
(0.0015 -0.0006666666667 0.0003333333333)
(0.0015 -0.0003333333333 0.0003333333333)
(0.0015 0 0.0003333333333)
(0.0015 0.0003333333333 0.0003333333333)
(0.0015 0.0006666666667 0.0003333333333)
(0.0015 -0.0006666666667 0.0006666666667)
(0.0015 -0.0003333333333 0.0006666666667)
(0.0015 0 0.0006666666667)
(0.0015 0.0003333333333 0.0006666666667)
(0.0015 0.0006666666667 0.0006666666667)
(0.002 -0.0006666666667 -0.0006666666667)
(0.002 -0.0003333333333 -0.0006666666667)
(0.002 0 -0.0006666666667)
(0.002 0.0003333333333 -0.0006666666667)
(0.002 0.0006666666667 -0.0006666666667)
(0.002 -0.0006666666667 -0.0003333333333)
(0.002 -0.0003333333333 -0.0003333333333)
(0.002 0 -0.0003333333333)
(0.002 0.0003333333333 -0.0003333333333)
(0.002 0.0006666666667 -0.0003333333333)
(0.002 -0.0006666666667 0)
(0.002 -0.0003333333333 0)
(0.002 0 0)
(0.002 0.0003333333333 -1.807003621e-20)
(0.002 0.0006666666667 -4.517509052e-21)
(0.002 -0.0006666666667 0.0003333333333)
(0.002 -0.0003333333333 0.0003333333333)
(0.002 0 0.0003333333333)
(0.002 0.0003333333333 0.0003333333333)
(0.002 0.0006666666667 0.0003333333333)
(0.002 -0.0006666666667 0.0006666666667)
(0.002 -0.0003333333333 0.0006666666667)
(0.002 0 0.0006666666667)
(0.002 0.0003333333333 0.0006666666667)
(0.002 0.0006666666667 0.0006666666667)
(0.0025 -0.0006666666667 -0.0006666666667)
(0.0025 -0.0003333333333 -0.0006666666667)
(0.0025 0 -0.0006666666667)
(0.0025 0.0003333333333 -0.0006666666667)
(0.0025 0.0006666666667 -0.0006666666667)
(0.0025 -0.0006666666667 -0.0003333333333)
(0.0025 -0.0003333333333 -0.0003333333333)
(0.0025 0 -0.0003333333333)
(0.0025 0.0003333333333 -0.0003333333333)
(0.0025 0.0006666666667 -0.0003333333333)
(0.0025 -0.0006666666667 1.807003621e-20)
(0.0025 -0.0003333333333 0)
(0.0025 0 0)
(0.0025 0.0003333333333 0)
(0.0025 0.0006666666667 -1.355252716e-20)
(0.0025 -0.0006666666667 0.0003333333333)
(0.0025 -0.0003333333333 0.0003333333333)
(0.0025 0 0.0003333333333)
(0.0025 0.0003333333333 0.0003333333333)
(0.0025 0.0006666666667 0.0003333333333)
(0.0025 -0.0006666666667 0.0006666666667)
(0.0025 -0.0003333333333 0.0006666666667)
(0.0025 0 0.0006666666667)
(0.0025 0.0003333333333 0.0006666666667)
(0.0025 0.0006666666667 0.0006666666667)
(0.003 -0.0006666666667 -0.0006666666667)
(0.003 -0.0003333333333 -0.0006666666667)
(0.003 0 -0.0006666666667)
(0.003 0.0003333333333 -0.0006666666667)
(0.003 0.0006666666667 -0.0006666666667)
(0.003 -0.0006666666667 -0.0003333333333)
(0.003 -0.0003333333333 -0.0003333333333)
(0.003 0 -0.0003333333333)
(0.003 0.0003333333333 -0.0003333333333)
(0.003 0.0006666666667 -0.0003333333333)
(0.003 -0.0006666666667 0)
(0.003 -0.0003333333333 0)
(0.003 0 0)
(0.003 0.0003333333333 0)
(0.003 0.0006666666667 0)
(0.003 -0.0006666666667 0.0003333333333)
(0.003 -0.0003333333333 0.0003333333333)
(0.003 0 0.0003333333333)
(0.003 0.0003333333333 0.0003333333333)
(0.003 0.0006666666667 0.0003333333333)
(0.003 -0.0006666666667 0.0006666666667)
(0.003 -0.0003333333333 0.0006666666667)
(0.003 0 0.0006666666667)
(0.003 0.0003333333333 0.0006666666667)
(0.003 0.0006666666667 0.0006666666667)
(0.0035 -0.0006666666667 -0.0006666666667)
(0.0035 -0.0003333333333 -0.0006666666667)
(0.0035 0 -0.0006666666667)
(0.0035 0.0003333333333 -0.0006666666667)
(0.0035 0.0006666666667 -0.0006666666667)
(0.0035 -0.0006666666667 -0.0003333333333)
(0.0035 -0.0003333333333 -0.0003333333333)
(0.0035 0 -0.0003333333333)
(0.0035 0.0003333333333 -0.0003333333333)
(0.0035 0.0006666666667 -0.0003333333333)
(0.0035 -0.0006666666667 0)
(0.0035 -0.0003333333333 0)
(0.0035 0 0)
(0.0035 0.0003333333333 0)
(0.0035 0.0006666666667 -4.517509052e-21)
(0.0035 -0.0006666666667 0.0003333333333)
(0.0035 -0.0003333333333 0.0003333333333)
(0.0035 0 0.0003333333333)
(0.0035 0.0003333333333 0.0003333333333)
(0.0035 0.0006666666667 0.0003333333333)
(0.0035 -0.0006666666667 0.0006666666667)
(0.0035 -0.0003333333333 0.0006666666667)
(0.0035 0 0.0006666666667)
(0.0035 0.0003333333333 0.0006666666667)
(0.0035 0.0006666666667 0.0006666666667)
(0.004 -0.0006666666667 -0.0006666666667)
(0.004 -0.0003333333333 -0.0006666666667)
(0.004 0 -0.0006666666667)
(0.004 0.0003333333333 -0.0006666666667)
(0.004 0.0006666666667 -0.0006666666667)
(0.004 -0.0006666666667 -0.0003333333333)
(0.004 -0.0003333333333 -0.0003333333333)
(0.004 0 -0.0003333333333)
(0.004 0.0003333333333 -0.0003333333333)
(0.004 0.0006666666667 -0.0003333333333)
(0.004 -0.0006666666667 0)
(0.004 -0.0003333333333 0)
(0.004 0 0)
(0.004 0.0003333333333 0)
(0.004 0.0006666666667 0)
(0.004 -0.0006666666667 0.0003333333333)
(0.004 -0.0003333333333 0.0003333333333)
(0.004 0 0.0003333333333)
(0.004 0.0003333333333 0.0003333333333)
(0.004 0.0006666666667 0.0003333333333)
(0.004 -0.0006666666667 0.0006666666667)
(0.004 -0.0003333333333 0.0006666666667)
(0.004 0 0.0006666666667)
(0.004 0.0003333333333 0.0006666666667)
(0.004 0.0006666666667 0.0006666666667)
(0.0045 -0.0006666666667 -0.0006666666667)
(0.0045 -0.0003333333333 -0.0006666666667)
(0.0045 0 -0.0006666666667)
(0.0045 0.0003333333333 -0.0006666666667)
(0.0045 0.0006666666667 -0.0006666666667)
(0.0045 -0.0006666666667 -0.0003333333333)
(0.0045 -0.0003333333333 -0.0003333333333)
(0.0045 0 -0.0003333333333)
(0.0045 0.0003333333333 -0.0003333333333)
(0.0045 0.0006666666667 -0.0003333333333)
(0.0045 -0.0006666666667 1.807003621e-20)
(0.0045 -0.0003333333333 0)
(0.0045 0 0)
(0.0045 0.0003333333333 0)
(0.0045 0.0006666666667 0)
(0.0045 -0.0006666666667 0.0003333333333)
(0.0045 -0.0003333333333 0.0003333333333)
(0.0045 0 0.0003333333333)
(0.0045 0.0003333333333 0.0003333333333)
(0.0045 0.0006666666667 0.0003333333333)
(0.0045 -0.0006666666667 0.0006666666667)
(0.0045 -0.0003333333333 0.0006666666667)
(0.0045 0 0.0006666666667)
(0.0045 0.0003333333333 0.0006666666667)
(0.0045 0.0006666666667 0.0006666666667)
(0.005 -0.0006666666667 -0.0006666666667)
(0.005 -0.0003333333333 -0.0006666666667)
(0.005 0 -0.0006666666667)
(0.005 0.0003333333333 -0.0006666666667)
(0.005 0.0006666666667 -0.0006666666667)
(0.005 -0.0006666666667 -0.0003333333333)
(0.005 -0.0003333333333 -0.0003333333333)
(0.005 0 -0.0003333333333)
(0.005 0.0003333333333 -0.0003333333333)
(0.005 0.0006666666667 -0.0003333333333)
(0.005 -0.0006666666667 0)
(0.005 -0.0003333333333 0)
(0.005 0 0)
(0.005 0.0003333333333 0)
(0.005 0.0006666666667 0)
(0.005 -0.0006666666667 0.0003333333333)
(0.005 -0.0003333333333 0.0003333333333)
(0.005 0 0.0003333333333)
(0.005 0.0003333333333 0.0003333333333)
(0.005 0.0006666666667 0.0003333333333)
(0.005 -0.0006666666667 0.0006666666667)
(0.005 -0.0003333333333 0.0006666666667)
(0.005 0 0.0006666666667)
(0.005 0.0003333333333 0.0006666666667)
(0.005 0.0006666666667 0.0006666666667)
(0.0055 -0.0006666666667 -0.0006666666667)
(0.0055 -0.0003333333333 -0.0006666666667)
(0.0055 0 -0.0006666666667)
(0.0055 0.0003333333333 -0.0006666666667)
(0.0055 0.0006666666667 -0.0006666666667)
(0.0055 -0.0006666666667 -0.0003333333333)
(0.0055 -0.0003333333333 -0.0003333333333)
(0.0055 0 -0.0003333333333)
(0.0055 0.0003333333333 -0.0003333333333)
(0.0055 0.0006666666667 -0.0003333333333)
(0.0055 -0.0006666666667 0)
(0.0055 -0.0003333333333 0)
(0.0055 0 0)
(0.0055 0.0003333333333 0)
(0.0055 0.0006666666667 0)
(0.0055 -0.0006666666667 0.0003333333333)
(0.0055 -0.0003333333333 0.0003333333333)
(0.0055 0 0.0003333333333)
(0.0055 0.0003333333333 0.0003333333333)
(0.0055 0.0006666666667 0.0003333333333)
(0.0055 -0.0006666666667 0.0006666666667)
(0.0055 -0.0003333333333 0.0006666666667)
(0.0055 0 0.0006666666667)
(0.0055 0.0003333333333 0.0006666666667)
(0.0055 0.0006666666667 0.0006666666667)
(0.006 -0.0006666666667 -0.0006666666667)
(0.006 -0.0003333333333 -0.0006666666667)
(0.006 0 -0.0006666666667)
(0.006 0.0003333333333 -0.0006666666667)
(0.006 0.0006666666667 -0.0006666666667)
(0.006 -0.0006666666667 -0.0003333333333)
(0.006 -0.0003333333333 -0.0003333333333)
(0.006 0 -0.0003333333333)
(0.006 0.0003333333333 -0.0003333333333)
(0.006 0.0006666666667 -0.0003333333333)
(0.006 -0.0006666666667 0)
(0.006 -0.0003333333333 0)
(0.006 0 0)
(0.006 0.0003333333333 0)
(0.006 0.0006666666667 0)
(0.006 -0.0006666666667 0.0003333333333)
(0.006 -0.0003333333333 0.0003333333333)
(0.006 0 0.0003333333333)
(0.006 0.0003333333333 0.0003333333333)
(0.006 0.0006666666667 0.0003333333333)
(0.006 -0.0006666666667 0.0006666666667)
(0.006 -0.0003333333333 0.0006666666667)
(0.006 0 0.0006666666667)
(0.006 0.0003333333333 0.0006666666667)
(0.006 0.0006666666667 0.0006666666667)
(0.0065 -0.0006666666667 -0.0006666666667)
(0.0065 -0.0003333333333 -0.0006666666667)
(0.0065 0 -0.0006666666667)
(0.0065 0.0003333333333 -0.0006666666667)
(0.0065 0.0006666666667 -0.0006666666667)
(0.0065 -0.0006666666667 -0.0003333333333)
(0.0065 -0.0003333333333 -0.0003333333333)
(0.0065 0 -0.0003333333333)
(0.0065 0.0003333333333 -0.0003333333333)
(0.0065 0.0006666666667 -0.0003333333333)
(0.0065 -0.0006666666667 1.807003621e-20)
(0.0065 -0.0003333333333 0)
(0.0065 0 0)
(0.0065 0.0003333333333 0)
(0.0065 0.0006666666667 -1.355252716e-20)
(0.0065 -0.0006666666667 0.0003333333333)
(0.0065 -0.0003333333333 0.0003333333333)
(0.0065 0 0.0003333333333)
(0.0065 0.0003333333333 0.0003333333333)
(0.0065 0.0006666666667 0.0003333333333)
(0.0065 -0.0006666666667 0.0006666666667)
(0.0065 -0.0003333333333 0.0006666666667)
(0.0065 0 0.0006666666667)
(0.0065 0.0003333333333 0.0006666666667)
(0.0065 0.0006666666667 0.0006666666667)
(0.007 -0.0006666666667 -0.0006666666667)
(0.007 -0.0003333333333 -0.0006666666667)
(0.007 0 -0.0006666666667)
(0.007 0.0003333333333 -0.0006666666667)
(0.007 0.0006666666667 -0.0006666666667)
(0.007 -0.0006666666667 -0.0003333333333)
(0.007 -0.0003333333333 -0.0003333333333)
(0.007 0 -0.0003333333333)
(0.007 0.0003333333333 -0.0003333333333)
(0.007 0.0006666666667 -0.0003333333333)
(0.007 -0.0006666666667 0)
(0.007 -0.0003333333333 0)
(0.007 0 0)
(0.007 0.0003333333333 0)
(0.007 0.0006666666667 0)
(0.007 -0.0006666666667 0.0003333333333)
(0.007 -0.0003333333333 0.0003333333333)
(0.007 0 0.0003333333333)
(0.007 0.0003333333333 0.0003333333333)
(0.007 0.0006666666667 0.0003333333333)
(0.007 -0.0006666666667 0.0006666666667)
(0.007 -0.0003333333333 0.0006666666667)
(0.007 0 0.0006666666667)
(0.007 0.0003333333333 0.0006666666667)
(0.007 0.0006666666667 0.0006666666667)
(0.0075 -0.0006666666667 -0.0006666666667)
(0.0075 -0.0003333333333 -0.0006666666667)
(0.0075 0 -0.0006666666667)
(0.0075 0.0003333333333 -0.0006666666667)
(0.0075 0.0006666666667 -0.0006666666667)
(0.0075 -0.0006666666667 -0.0003333333333)
(0.0075 -0.0003333333333 -0.0003333333333)
(0.0075 0 -0.0003333333333)
(0.0075 0.0003333333333 -0.0003333333333)
(0.0075 0.0006666666667 -0.0003333333333)
(0.0075 -0.0006666666667 0)
(0.0075 -0.0003333333333 0)
(0.0075 0 0)
(0.0075 0.0003333333333 0)
(0.0075 0.0006666666667 0)
(0.0075 -0.0006666666667 0.0003333333333)
(0.0075 -0.0003333333333 0.0003333333333)
(0.0075 0 0.0003333333333)
(0.0075 0.0003333333333 0.0003333333333)
(0.0075 0.0006666666667 0.0003333333333)
(0.0075 -0.0006666666667 0.0006666666667)
(0.0075 -0.0003333333333 0.0006666666667)
(0.0075 0 0.0006666666667)
(0.0075 0.0003333333333 0.0006666666667)
(0.0075 0.0006666666667 0.0006666666667)
(0.008 -0.0006666666667 -0.0006666666667)
(0.008 -0.0003333333333 -0.0006666666667)
(0.008 0 -0.0006666666667)
(0.008 0.0003333333333 -0.0006666666667)
(0.008 0.0006666666667 -0.0006666666667)
(0.008 -0.0006666666667 -0.0003333333333)
(0.008 -0.0003333333333 -0.0003333333333)
(0.008 0 -0.0003333333333)
(0.008 0.0003333333333 -0.0003333333333)
(0.008 0.0006666666667 -0.0003333333333)
(0.008 -0.0006666666667 1.807003621e-20)
(0.008 -0.0003333333333 0)
(0.008 0 0)
(0.008 0.0003333333333 0)
(0.008 0.0006666666667 -1.355252716e-20)
(0.008 -0.0006666666667 0.0003333333333)
(0.008 -0.0003333333333 0.0003333333333)
(0.008 0 0.0003333333333)
(0.008 0.0003333333333 0.0003333333333)
(0.008 0.0006666666667 0.0003333333333)
(0.008 -0.0006666666667 0.0006666666667)
(0.008 -0.0003333333333 0.0006666666667)
(0.008 0 0.0006666666667)
(0.008 0.0003333333333 0.0006666666667)
(0.008 0.0006666666667 0.0006666666667)
(0.0085 -0.0006666666667 -0.0006666666667)
(0.0085 -0.0003333333333 -0.0006666666667)
(0.0085 0 -0.0006666666667)
(0.0085 0.0003333333333 -0.0006666666667)
(0.0085 0.0006666666667 -0.0006666666667)
(0.0085 -0.0006666666667 -0.0003333333333)
(0.0085 -0.0003333333333 -0.0003333333333)
(0.0085 0 -0.0003333333333)
(0.0085 0.0003333333333 -0.0003333333333)
(0.0085 0.0006666666667 -0.0003333333333)
(0.0085 -0.0006666666667 0)
(0.0085 -0.0003333333333 0)
(0.0085 0 0)
(0.0085 0.0003333333333 -1.807003621e-20)
(0.0085 0.0006666666667 0)
(0.0085 -0.0006666666667 0.0003333333333)
(0.0085 -0.0003333333333 0.0003333333333)
(0.0085 0 0.0003333333333)
(0.0085 0.0003333333333 0.0003333333333)
(0.0085 0.0006666666667 0.0003333333333)
(0.0085 -0.0006666666667 0.0006666666667)
(0.0085 -0.0003333333333 0.0006666666667)
(0.0085 0 0.0006666666667)
(0.0085 0.0003333333333 0.0006666666667)
(0.0085 0.0006666666667 0.0006666666667)
(0.009 -0.0006666666667 -0.0006666666667)
(0.009 -0.0003333333333 -0.0006666666667)
(0.009 0 -0.0006666666667)
(0.009 0.0003333333333 -0.0006666666667)
(0.009 0.0006666666667 -0.0006666666667)
(0.009 -0.0006666666667 -0.0003333333333)
(0.009 -0.0003333333333 -0.0003333333333)
(0.009 0 -0.0003333333333)
(0.009 0.0003333333333 -0.0003333333333)
(0.009 0.0006666666667 -0.0003333333333)
(0.009 -0.0006666666667 -1.807003621e-20)
(0.009 -0.0003333333333 0)
(0.009 0 0)
(0.009 0.0003333333333 0)
(0.009 0.0006666666667 -1.807003621e-20)
(0.009 -0.0006666666667 0.0003333333333)
(0.009 -0.0003333333333 0.0003333333333)
(0.009 0 0.0003333333333)
(0.009 0.0003333333333 0.0003333333333)
(0.009 0.0006666666667 0.0003333333333)
(0.009 -0.0006666666667 0.0006666666667)
(0.009 -0.0003333333333 0.0006666666667)
(0.009 0 0.0006666666667)
(0.009 0.0003333333333 0.0006666666667)
(0.009 0.0006666666667 0.0006666666667)
(0.0095 -0.0006666666667 -0.0006666666667)
(0.0095 -0.0003333333333 -0.0006666666667)
(0.0095 0 -0.0006666666667)
(0.0095 0.0003333333333 -0.0006666666667)
(0.0095 0.0006666666667 -0.0006666666667)
(0.0095 -0.0006666666667 -0.0003333333333)
(0.0095 -0.0003333333333 -0.0003333333333)
(0.0095 0 -0.0003333333333)
(0.0095 0.0003333333333 -0.0003333333333)
(0.0095 0.0006666666667 -0.0003333333333)
(0.0095 -0.0006666666667 1.807003621e-20)
(0.0095 -0.0003333333333 0)
(0.0095 0 0)
(0.0095 0.0003333333333 0)
(0.0095 0.0006666666667 0)
(0.0095 -0.0006666666667 0.0003333333333)
(0.0095 -0.0003333333333 0.0003333333333)
(0.0095 0 0.0003333333333)
(0.0095 0.0003333333333 0.0003333333333)
(0.0095 0.0006666666667 0.0003333333333)
(0.0095 -0.0006666666667 0.0006666666667)
(0.0095 -0.0003333333333 0.0006666666667)
(0.0095 0 0.0006666666667)
(0.0095 0.0003333333333 0.0006666666667)
(0.0095 0.0006666666667 0.0006666666667)
(0.01 -0.0006666666667 -0.0006666666667)
(0.01 -0.0003333333333 -0.0006666666667)
(0.01 0 -0.0006666666667)
(0.01 0.0003333333333 -0.0006666666667)
(0.01 0.0006666666667 -0.0006666666667)
(0.01 -0.0006666666667 -0.0003333333333)
(0.01 -0.0003333333333 -0.0003333333333)
(0.01 0 -0.0003333333333)
(0.01 0.0003333333333 -0.0003333333333)
(0.01 0.0006666666667 -0.0003333333333)
(0.01 -0.0006666666667 -1.807003621e-20)
(0.01 -0.0003333333333 0)
(0.01 0 0)
(0.01 0.0003333333333 0)
(0.01 0.0006666666667 1.807003621e-20)
(0.01 -0.0006666666667 0.0003333333333)
(0.01 -0.0003333333333 0.0003333333333)
(0.01 0 0.0003333333333)
(0.01 0.0003333333333 0.0003333333333)
(0.01 0.0006666666667 0.0003333333333)
(0.01 -0.0006666666667 0.0006666666667)
(0.01 -0.0003333333333 0.0006666666667)
(0.01 0 0.0006666666667)
(0.01 0.0003333333333 0.0006666666667)
(0.01 0.0006666666667 0.0006666666667)
(0.0105 -0.0006666666667 -0.0006666666667)
(0.0105 -0.0003333333333 -0.0006666666667)
(0.0105 0 -0.0006666666667)
(0.0105 0.0003333333333 -0.0006666666667)
(0.0105 0.0006666666667 -0.0006666666667)
(0.0105 -0.0006666666667 -0.0003333333333)
(0.0105 -0.0003333333333 -0.0003333333333)
(0.0105 0 -0.0003333333333)
(0.0105 0.0003333333333 -0.0003333333333)
(0.0105 0.0006666666667 -0.0003333333333)
(0.0105 -0.0006666666667 -1.807003621e-20)
(0.0105 -0.0003333333333 0)
(0.0105 0 0)
(0.0105 0.0003333333333 0)
(0.0105 0.0006666666667 1.807003621e-20)
(0.0105 -0.0006666666667 0.0003333333333)
(0.0105 -0.0003333333333 0.0003333333333)
(0.0105 0 0.0003333333333)
(0.0105 0.0003333333333 0.0003333333333)
(0.0105 0.0006666666667 0.0003333333333)
(0.0105 -0.0006666666667 0.0006666666667)
(0.0105 -0.0003333333333 0.0006666666667)
(0.0105 0 0.0006666666667)
(0.0105 0.0003333333333 0.0006666666667)
(0.0105 0.0006666666667 0.0006666666667)
(0.011 -0.0006666666667 -0.0006666666667)
(0.011 -0.0003333333333 -0.0006666666667)
(0.011 0 -0.0006666666667)
(0.011 0.0003333333333 -0.0006666666667)
(0.011 0.0006666666667 -0.0006666666667)
(0.011 -0.0006666666667 -0.0003333333333)
(0.011 -0.0003333333333 -0.0003333333333)
(0.011 0 -0.0003333333333)
(0.011 0.0003333333333 -0.0003333333333)
(0.011 0.0006666666667 -0.0003333333333)
(0.011 -0.0006666666667 1.807003621e-20)
(0.011 -0.0003333333333 0)
(0.011 0 0)
(0.011 0.0003333333333 0)
(0.011 0.0006666666667 0)
(0.011 -0.0006666666667 0.0003333333333)
(0.011 -0.0003333333333 0.0003333333333)
(0.011 0 0.0003333333333)
(0.011 0.0003333333333 0.0003333333333)
(0.011 0.0006666666667 0.0003333333333)
(0.011 -0.0006666666667 0.0006666666667)
(0.011 -0.0003333333333 0.0006666666667)
(0.011 0 0.0006666666667)
(0.011 0.0003333333333 0.0006666666667)
(0.011 0.0006666666667 0.0006666666667)
(0.0115 -0.0006666666667 -0.0006666666667)
(0.0115 -0.0003333333333 -0.0006666666667)
(0.0115 0 -0.0006666666667)
(0.0115 0.0003333333333 -0.0006666666667)
(0.0115 0.0006666666667 -0.0006666666667)
(0.0115 -0.0006666666667 -0.0003333333333)
(0.0115 -0.0003333333333 -0.0003333333333)
(0.0115 0 -0.0003333333333)
(0.0115 0.0003333333333 -0.0003333333333)
(0.0115 0.0006666666667 -0.0003333333333)
(0.0115 -0.0006666666667 0)
(0.0115 -0.0003333333333 0)
(0.0115 0 0)
(0.0115 0.0003333333333 0)
(0.0115 0.0006666666667 0)
(0.0115 -0.0006666666667 0.0003333333333)
(0.0115 -0.0003333333333 0.0003333333333)
(0.0115 0 0.0003333333333)
(0.0115 0.0003333333333 0.0003333333333)
(0.0115 0.0006666666667 0.0003333333333)
(0.0115 -0.0006666666667 0.0006666666667)
(0.0115 -0.0003333333333 0.0006666666667)
(0.0115 0 0.0006666666667)
(0.0115 0.0003333333333 0.0006666666667)
(0.0115 0.0006666666667 0.0006666666667)
(0.012 -0.0006666666667 -0.0006666666667)
(0.012 -0.0003333333333 -0.0006666666667)
(0.012 0 -0.0006666666667)
(0.012 0.0003333333333 -0.0006666666667)
(0.012 0.0006666666667 -0.0006666666667)
(0.012 -0.0006666666667 -0.0003333333333)
(0.012 -0.0003333333333 -0.0003333333333)
(0.012 0 -0.0003333333333)
(0.012 0.0003333333333 -0.0003333333333)
(0.012 0.0006666666667 -0.0003333333333)
(0.012 -0.0006666666667 1.807003621e-20)
(0.012 -0.0003333333333 0)
(0.012 0 0)
(0.012 0.0003333333333 -1.807003621e-20)
(0.012 0.0006666666667 1.807003621e-20)
(0.012 -0.0006666666667 0.0003333333333)
(0.012 -0.0003333333333 0.0003333333333)
(0.012 0 0.0003333333333)
(0.012 0.0003333333333 0.0003333333333)
(0.012 0.0006666666667 0.0003333333333)
(0.012 -0.0006666666667 0.0006666666667)
(0.012 -0.0003333333333 0.0006666666667)
(0.012 0 0.0006666666667)
(0.012 0.0003333333333 0.0006666666667)
(0.012 0.0006666666667 0.0006666666667)
(0.0125 -0.0006666666667 -0.0006666666667)
(0.0125 -0.0003333333333 -0.0006666666667)
(0.0125 0 -0.0006666666667)
(0.0125 0.0003333333333 -0.0006666666667)
(0.0125 0.0006666666667 -0.0006666666667)
(0.0125 -0.0006666666667 -0.0003333333333)
(0.0125 -0.0003333333333 -0.0003333333333)
(0.0125 0 -0.0003333333333)
(0.0125 0.0003333333333 -0.0003333333333)
(0.0125 0.0006666666667 -0.0003333333333)
(0.0125 -0.0006666666667 0)
(0.0125 -0.0003333333333 0)
(0.0125 0 0)
(0.0125 0.0003333333333 0)
(0.0125 0.0006666666667 0)
(0.0125 -0.0006666666667 0.0003333333333)
(0.0125 -0.0003333333333 0.0003333333333)
(0.0125 0 0.0003333333333)
(0.0125 0.0003333333333 0.0003333333333)
(0.0125 0.0006666666667 0.0003333333333)
(0.0125 -0.0006666666667 0.0006666666667)
(0.0125 -0.0003333333333 0.0006666666667)
(0.0125 0 0.0006666666667)
(0.0125 0.0003333333333 0.0006666666667)
(0.0125 0.0006666666667 0.0006666666667)
(0.013 -0.0006666666667 -0.0006666666667)
(0.013 -0.0003333333333 -0.0006666666667)
(0.013 0 -0.0006666666667)
(0.013 0.0003333333333 -0.0006666666667)
(0.013 0.0006666666667 -0.0006666666667)
(0.013 -0.0006666666667 -0.0003333333333)
(0.013 -0.0003333333333 -0.0003333333333)
(0.013 0 -0.0003333333333)
(0.013 0.0003333333333 -0.0003333333333)
(0.013 0.0006666666667 -0.0003333333333)
(0.013 -0.0006666666667 0)
(0.013 -0.0003333333333 0)
(0.013 0 0)
(0.013 0.0003333333333 0)
(0.013 0.0006666666667 0)
(0.013 -0.0006666666667 0.0003333333333)
(0.013 -0.0003333333333 0.0003333333333)
(0.013 0 0.0003333333333)
(0.013 0.0003333333333 0.0003333333333)
(0.013 0.0006666666667 0.0003333333333)
(0.013 -0.0006666666667 0.0006666666667)
(0.013 -0.0003333333333 0.0006666666667)
(0.013 0 0.0006666666667)
(0.013 0.0003333333333 0.0006666666667)
(0.013 0.0006666666667 0.0006666666667)
(0.0135 -0.0006666666667 -0.0006666666667)
(0.0135 -0.0003333333333 -0.0006666666667)
(0.0135 0 -0.0006666666667)
(0.0135 0.0003333333333 -0.0006666666667)
(0.0135 0.0006666666667 -0.0006666666667)
(0.0135 -0.0006666666667 -0.0003333333333)
(0.0135 -0.0003333333333 -0.0003333333333)
(0.0135 0 -0.0003333333333)
(0.0135 0.0003333333333 -0.0003333333333)
(0.0135 0.0006666666667 -0.0003333333333)
(0.0135 -0.0006666666667 -1.807003621e-20)
(0.0135 -0.0003333333333 0)
(0.0135 0 0)
(0.0135 0.0003333333333 0)
(0.0135 0.0006666666667 1.807003621e-20)
(0.0135 -0.0006666666667 0.0003333333333)
(0.0135 -0.0003333333333 0.0003333333333)
(0.0135 0 0.0003333333333)
(0.0135 0.0003333333333 0.0003333333333)
(0.0135 0.0006666666667 0.0003333333333)
(0.0135 -0.0006666666667 0.0006666666667)
(0.0135 -0.0003333333333 0.0006666666667)
(0.0135 0 0.0006666666667)
(0.0135 0.0003333333333 0.0006666666667)
(0.0135 0.0006666666667 0.0006666666667)
(0.014 -0.0006666666667 -0.0006666666667)
(0.014 -0.0003333333333 -0.0006666666667)
(0.014 0 -0.0006666666667)
(0.014 0.0003333333333 -0.0006666666667)
(0.014 0.0006666666667 -0.0006666666667)
(0.014 -0.0006666666667 -0.0003333333333)
(0.014 -0.0003333333333 -0.0003333333333)
(0.014 0 -0.0003333333333)
(0.014 0.0003333333333 -0.0003333333333)
(0.014 0.0006666666667 -0.0003333333333)
(0.014 -0.0006666666667 0)
(0.014 -0.0003333333333 0)
(0.014 0 0)
(0.014 0.0003333333333 0)
(0.014 0.0006666666667 0)
(0.014 -0.0006666666667 0.0003333333333)
(0.014 -0.0003333333333 0.0003333333333)
(0.014 0 0.0003333333333)
(0.014 0.0003333333333 0.0003333333333)
(0.014 0.0006666666667 0.0003333333333)
(0.014 -0.0006666666667 0.0006666666667)
(0.014 -0.0003333333333 0.0006666666667)
(0.014 0 0.0006666666667)
(0.014 0.0003333333333 0.0006666666667)
(0.014 0.0006666666667 0.0006666666667)
(0.0145 -0.0006666666667 -0.0006666666667)
(0.0145 -0.0003333333333 -0.0006666666667)
(0.0145 0 -0.0006666666667)
(0.0145 0.0003333333333 -0.0006666666667)
(0.0145 0.0006666666667 -0.0006666666667)
(0.0145 -0.0006666666667 -0.0003333333333)
(0.0145 -0.0003333333333 -0.0003333333333)
(0.0145 0 -0.0003333333333)
(0.0145 0.0003333333333 -0.0003333333333)
(0.0145 0.0006666666667 -0.0003333333333)
(0.0145 -0.0006666666667 0)
(0.0145 -0.0003333333333 0)
(0.0145 0 0)
(0.0145 0.0003333333333 -1.807003621e-20)
(0.0145 0.0006666666667 0)
(0.0145 -0.0006666666667 0.0003333333333)
(0.0145 -0.0003333333333 0.0003333333333)
(0.0145 0 0.0003333333333)
(0.0145 0.0003333333333 0.0003333333333)
(0.0145 0.0006666666667 0.0003333333333)
(0.0145 -0.0006666666667 0.0006666666667)
(0.0145 -0.0003333333333 0.0006666666667)
(0.0145 0 0.0006666666667)
(0.0145 0.0003333333333 0.0006666666667)
(0.0145 0.0006666666667 0.0006666666667)
(0.015 -0.0006666666667 -0.0006666666667)
(0.015 -0.0003333333333 -0.0006666666667)
(0.015 0 -0.0006666666667)
(0.015 0.0003333333333 -0.0006666666667)
(0.015 0.0006666666667 -0.0006666666667)
(0.015 -0.0006666666667 -0.0003333333333)
(0.015 -0.0003333333333 -0.0003333333333)
(0.015 0 -0.0003333333333)
(0.015 0.0003333333333 -0.0003333333333)
(0.015 0.0006666666667 -0.0003333333333)
(0.015 -0.0006666666667 0)
(0.015 -0.0003333333333 0)
(0.015 0 0)
(0.015 0.0003333333333 0)
(0.015 0.0006666666667 0)
(0.015 -0.0006666666667 0.0003333333333)
(0.015 -0.0003333333333 0.0003333333333)
(0.015 0 0.0003333333333)
(0.015 0.0003333333333 0.0003333333333)
(0.015 0.0006666666667 0.0003333333333)
(0.015 -0.0006666666667 0.0006666666667)
(0.015 -0.0003333333333 0.0006666666667)
(0.015 0 0.0006666666667)
(0.015 0.0003333333333 0.0006666666667)
(0.015 0.0006666666667 0.0006666666667)
(0.0155 -0.0006666666667 -0.0006666666667)
(0.0155 -0.0003333333333 -0.0006666666667)
(0.0155 0 -0.0006666666667)
(0.0155 0.0003333333333 -0.0006666666667)
(0.0155 0.0006666666667 -0.0006666666667)
(0.0155 -0.0006666666667 -0.0003333333333)
(0.0155 -0.0003333333333 -0.0003333333333)
(0.0155 0 -0.0003333333333)
(0.0155 0.0003333333333 -0.0003333333333)
(0.0155 0.0006666666667 -0.0003333333333)
(0.0155 -0.0006666666667 1.807003621e-20)
(0.0155 -0.0003333333333 0)
(0.0155 0 0)
(0.0155 0.0003333333333 0)
(0.0155 0.0006666666667 -1.355252716e-20)
(0.0155 -0.0006666666667 0.0003333333333)
(0.0155 -0.0003333333333 0.0003333333333)
(0.0155 0 0.0003333333333)
(0.0155 0.0003333333333 0.0003333333333)
(0.0155 0.0006666666667 0.0003333333333)
(0.0155 -0.0006666666667 0.0006666666667)
(0.0155 -0.0003333333333 0.0006666666667)
(0.0155 0 0.0006666666667)
(0.0155 0.0003333333333 0.0006666666667)
(0.0155 0.0006666666667 0.0006666666667)
(0.016 -0.0006666666667 -0.0006666666667)
(0.016 -0.0003333333333 -0.0006666666667)
(0.016 0 -0.0006666666667)
(0.016 0.0003333333333 -0.0006666666667)
(0.016 0.0006666666667 -0.0006666666667)
(0.016 -0.0006666666667 -0.0003333333333)
(0.016 -0.0003333333333 -0.0003333333333)
(0.016 0 -0.0003333333333)
(0.016 0.0003333333333 -0.0003333333333)
(0.016 0.0006666666667 -0.0003333333333)
(0.016 -0.0006666666667 0)
(0.016 -0.0003333333333 0)
(0.016 0 0)
(0.016 0.0003333333333 -1.807003621e-20)
(0.016 0.0006666666667 -1.355252716e-20)
(0.016 -0.0006666666667 0.0003333333333)
(0.016 -0.0003333333333 0.0003333333333)
(0.016 0 0.0003333333333)
(0.016 0.0003333333333 0.0003333333333)
(0.016 0.0006666666667 0.0003333333333)
(0.016 -0.0006666666667 0.0006666666667)
(0.016 -0.0003333333333 0.0006666666667)
(0.016 0 0.0006666666667)
(0.016 0.0003333333333 0.0006666666667)
(0.016 0.0006666666667 0.0006666666667)
(0.0165 -0.0006666666667 -0.0006666666667)
(0.0165 -0.0003333333333 -0.0006666666667)
(0.0165 0 -0.0006666666667)
(0.0165 0.0003333333333 -0.0006666666667)
(0.0165 0.0006666666667 -0.0006666666667)
(0.0165 -0.0006666666667 -0.0003333333333)
(0.0165 -0.0003333333333 -0.0003333333333)
(0.0165 0 -0.0003333333333)
(0.0165 0.0003333333333 -0.0003333333333)
(0.0165 0.0006666666667 -0.0003333333333)
(0.0165 -0.0006666666667 0)
(0.0165 -0.0003333333333 0)
(0.0165 0 0)
(0.0165 0.0003333333333 0)
(0.0165 0.0006666666667 0)
(0.0165 -0.0006666666667 0.0003333333333)
(0.0165 -0.0003333333333 0.0003333333333)
(0.0165 0 0.0003333333333)
(0.0165 0.0003333333333 0.0003333333333)
(0.0165 0.0006666666667 0.0003333333333)
(0.0165 -0.0006666666667 0.0006666666667)
(0.0165 -0.0003333333333 0.0006666666667)
(0.0165 0 0.0006666666667)
(0.0165 0.0003333333333 0.0006666666667)
(0.0165 0.0006666666667 0.0006666666667)
(0.017 -0.0006666666667 -0.0006666666667)
(0.017 -0.0003333333333 -0.0006666666667)
(0.017 0 -0.0006666666667)
(0.017 0.0003333333333 -0.0006666666667)
(0.017 0.0006666666667 -0.0006666666667)
(0.017 -0.0006666666667 -0.0003333333333)
(0.017 -0.0003333333333 -0.0003333333333)
(0.017 0 -0.0003333333333)
(0.017 0.0003333333333 -0.0003333333333)
(0.017 0.0006666666667 -0.0003333333333)
(0.017 -0.0006666666667 1.807003621e-20)
(0.017 -0.0003333333333 0)
(0.017 0 0)
(0.017 0.0003333333333 0)
(0.017 0.0006666666667 -1.355252716e-20)
(0.017 -0.0006666666667 0.0003333333333)
(0.017 -0.0003333333333 0.0003333333333)
(0.017 0 0.0003333333333)
(0.017 0.0003333333333 0.0003333333333)
(0.017 0.0006666666667 0.0003333333333)
(0.017 -0.0006666666667 0.0006666666667)
(0.017 -0.0003333333333 0.0006666666667)
(0.017 0 0.0006666666667)
(0.017 0.0003333333333 0.0006666666667)
(0.017 0.0006666666667 0.0006666666667)
(0.0175 -0.0006666666667 -0.0006666666667)
(0.0175 -0.0003333333333 -0.0006666666667)
(0.0175 0 -0.0006666666667)
(0.0175 0.0003333333333 -0.0006666666667)
(0.0175 0.0006666666667 -0.0006666666667)
(0.0175 -0.0006666666667 -0.0003333333333)
(0.0175 -0.0003333333333 -0.0003333333333)
(0.0175 0 -0.0003333333333)
(0.0175 0.0003333333333 -0.0003333333333)
(0.0175 0.0006666666667 -0.0003333333333)
(0.0175 -0.0006666666667 -1.807003621e-20)
(0.0175 -0.0003333333333 0)
(0.0175 0 0)
(0.0175 0.0003333333333 0)
(0.0175 0.0006666666667 1.807003621e-20)
(0.0175 -0.0006666666667 0.0003333333333)
(0.0175 -0.0003333333333 0.0003333333333)
(0.0175 0 0.0003333333333)
(0.0175 0.0003333333333 0.0003333333333)
(0.0175 0.0006666666667 0.0003333333333)
(0.0175 -0.0006666666667 0.0006666666667)
(0.0175 -0.0003333333333 0.0006666666667)
(0.0175 0 0.0006666666667)
(0.0175 0.0003333333333 0.0006666666667)
(0.0175 0.0006666666667 0.0006666666667)
(0.018 -0.0006666666667 -0.0006666666667)
(0.018 -0.0003333333333 -0.0006666666667)
(0.018 0 -0.0006666666667)
(0.018 0.0003333333333 -0.0006666666667)
(0.018 0.0006666666667 -0.0006666666667)
(0.018 -0.0006666666667 -0.0003333333333)
(0.018 -0.0003333333333 -0.0003333333333)
(0.018 0 -0.0003333333333)
(0.018 0.0003333333333 -0.0003333333333)
(0.018 0.0006666666667 -0.0003333333333)
(0.018 -0.0006666666667 1.807003621e-20)
(0.018 -0.0003333333333 0)
(0.018 0 0)
(0.018 0.0003333333333 0)
(0.018 0.0006666666667 -1.355252716e-20)
(0.018 -0.0006666666667 0.0003333333333)
(0.018 -0.0003333333333 0.0003333333333)
(0.018 0 0.0003333333333)
(0.018 0.0003333333333 0.0003333333333)
(0.018 0.0006666666667 0.0003333333333)
(0.018 -0.0006666666667 0.0006666666667)
(0.018 -0.0003333333333 0.0006666666667)
(0.018 0 0.0006666666667)
(0.018 0.0003333333333 0.0006666666667)
(0.018 0.0006666666667 0.0006666666667)
(0.0185 -0.0006666666667 -0.0006666666667)
(0.0185 -0.0003333333333 -0.0006666666667)
(0.0185 0 -0.0006666666667)
(0.0185 0.0003333333333 -0.0006666666667)
(0.0185 0.0006666666667 -0.0006666666667)
(0.0185 -0.0006666666667 -0.0003333333333)
(0.0185 -0.0003333333333 -0.0003333333333)
(0.0185 0 -0.0003333333333)
(0.0185 0.0003333333333 -0.0003333333333)
(0.0185 0.0006666666667 -0.0003333333333)
(0.0185 -0.0006666666667 0)
(0.0185 -0.0003333333333 0)
(0.0185 0 0)
(0.0185 0.0003333333333 0)
(0.0185 0.0006666666667 0)
(0.0185 -0.0006666666667 0.0003333333333)
(0.0185 -0.0003333333333 0.0003333333333)
(0.0185 0 0.0003333333333)
(0.0185 0.0003333333333 0.0003333333333)
(0.0185 0.0006666666667 0.0003333333333)
(0.0185 -0.0006666666667 0.0006666666667)
(0.0185 -0.0003333333333 0.0006666666667)
(0.0185 0 0.0006666666667)
(0.0185 0.0003333333333 0.0006666666667)
(0.0185 0.0006666666667 0.0006666666667)
(0.019 -0.0006666666667 -0.0006666666667)
(0.019 -0.0003333333333 -0.0006666666667)
(0.019 0 -0.0006666666667)
(0.019 0.0003333333333 -0.0006666666667)
(0.019 0.0006666666667 -0.0006666666667)
(0.019 -0.0006666666667 -0.0003333333333)
(0.019 -0.0003333333333 -0.0003333333333)
(0.019 0 -0.0003333333333)
(0.019 0.0003333333333 -0.0003333333333)
(0.019 0.0006666666667 -0.0003333333333)
(0.019 -0.0006666666667 -1.807003621e-20)
(0.019 -0.0003333333333 0)
(0.019 0 0)
(0.019 0.0003333333333 0)
(0.019 0.0006666666667 1.807003621e-20)
(0.019 -0.0006666666667 0.0003333333333)
(0.019 -0.0003333333333 0.0003333333333)
(0.019 0 0.0003333333333)
(0.019 0.0003333333333 0.0003333333333)
(0.019 0.0006666666667 0.0003333333333)
(0.019 -0.0006666666667 0.0006666666667)
(0.019 -0.0003333333333 0.0006666666667)
(0.019 0 0.0006666666667)
(0.019 0.0003333333333 0.0006666666667)
(0.019 0.0006666666667 0.0006666666667)
(0.0195 -0.0006666666667 -0.0006666666667)
(0.0195 -0.0003333333333 -0.0006666666667)
(0.0195 0 -0.0006666666667)
(0.0195 0.0003333333333 -0.0006666666667)
(0.0195 0.0006666666667 -0.0006666666667)
(0.0195 -0.0006666666667 -0.0003333333333)
(0.0195 -0.0003333333333 -0.0003333333333)
(0.0195 0 -0.0003333333333)
(0.0195 0.0003333333333 -0.0003333333333)
(0.0195 0.0006666666667 -0.0003333333333)
(0.0195 -0.0006666666667 1.807003621e-20)
(0.0195 -0.0003333333333 0)
(0.0195 0 0)
(0.0195 0.0003333333333 0)
(0.0195 0.0006666666667 -1.355252716e-20)
(0.0195 -0.0006666666667 0.0003333333333)
(0.0195 -0.0003333333333 0.0003333333333)
(0.0195 0 0.0003333333333)
(0.0195 0.0003333333333 0.0003333333333)
(0.0195 0.0006666666667 0.0003333333333)
(0.0195 -0.0006666666667 0.0006666666667)
(0.0195 -0.0003333333333 0.0006666666667)
(0.0195 0 0.0006666666667)
(0.0195 0.0003333333333 0.0006666666667)
(0.0195 0.0006666666667 0.0006666666667)
(0.02 -0.0006666666667 -0.0006666666667)
(0.02 -0.0003333333333 -0.0006666666667)
(0.02 0 -0.0006666666667)
(0.02 0.0003333333333 -0.0006666666667)
(0.02 0.0006666666667 -0.0006666666667)
(0.02 -0.0006666666667 -0.0003333333333)
(0.02 -0.0003333333333 -0.0003333333333)
(0.02 0 -0.0003333333333)
(0.02 0.0003333333333 -0.0003333333333)
(0.02 0.0006666666667 -0.0003333333333)
(0.02 -0.0006666666667 0)
(0.02 -0.0003333333333 0)
(0.02 0 0)
(0.02 0.0003333333333 0)
(0.02 0.0006666666667 0)
(0.02 -0.0006666666667 0.0003333333333)
(0.02 -0.0003333333333 0.0003333333333)
(0.02 0 0.0003333333333)
(0.02 0.0003333333333 0.0003333333333)
(0.02 0.0006666666667 0.0003333333333)
(0.02 -0.0006666666667 0.0006666666667)
(0.02 -0.0003333333333 0.0006666666667)
(0.02 0 0.0006666666667)
(0.02 0.0003333333333 0.0006666666667)
(0.02 0.0006666666667 0.0006666666667)
(0.0205 -0.0006666666667 -0.0006666666667)
(0.0205 -0.0003333333333 -0.0006666666667)
(0.0205 0 -0.0006666666667)
(0.0205 0.0003333333333 -0.0006666666667)
(0.0205 0.0006666666667 -0.0006666666667)
(0.0205 -0.0006666666667 -0.0003333333333)
(0.0205 -0.0003333333333 -0.0003333333333)
(0.0205 0 -0.0003333333333)
(0.0205 0.0003333333333 -0.0003333333333)
(0.0205 0.0006666666667 -0.0003333333333)
(0.0205 -0.0006666666667 -1.807003621e-20)
(0.0205 -0.0003333333333 1.807003621e-20)
(0.0205 0 0)
(0.0205 0.0003333333333 1.807003621e-20)
(0.0205 0.0006666666667 1.807003621e-20)
(0.0205 -0.0006666666667 0.0003333333333)
(0.0205 -0.0003333333333 0.0003333333333)
(0.0205 0 0.0003333333333)
(0.0205 0.0003333333333 0.0003333333333)
(0.0205 0.0006666666667 0.0003333333333)
(0.0205 -0.0006666666667 0.0006666666667)
(0.0205 -0.0003333333333 0.0006666666667)
(0.0205 0 0.0006666666667)
(0.0205 0.0003333333333 0.0006666666667)
(0.0205 0.0006666666667 0.0006666666667)
(0.021 -0.0006666666667 -0.0006666666667)
(0.021 -0.0003333333333 -0.0006666666667)
(0.021 0 -0.0006666666667)
(0.021 0.0003333333333 -0.0006666666667)
(0.021 0.0006666666667 -0.0006666666667)
(0.021 -0.0006666666667 -0.0003333333333)
(0.021 -0.0003333333333 -0.0003333333333)
(0.021 0 -0.0003333333333)
(0.021 0.0003333333333 -0.0003333333333)
(0.021 0.0006666666667 -0.0003333333333)
(0.021 -0.0006666666667 1.807003621e-20)
(0.021 -0.0003333333333 1.807003621e-20)
(0.021 0 0)
(0.021 0.0003333333333 1.807003621e-20)
(0.021 0.0006666666667 0)
(0.021 -0.0006666666667 0.0003333333333)
(0.021 -0.0003333333333 0.0003333333333)
(0.021 0 0.0003333333333)
(0.021 0.0003333333333 0.0003333333333)
(0.021 0.0006666666667 0.0003333333333)
(0.021 -0.0006666666667 0.0006666666667)
(0.021 -0.0003333333333 0.0006666666667)
(0.021 0 0.0006666666667)
(0.021 0.0003333333333 0.0006666666667)
(0.021 0.0006666666667 0.0006666666667)
(0.0215 -0.0006666666667 -0.0006666666667)
(0.0215 -0.0003333333333 -0.0006666666667)
(0.0215 0 -0.0006666666667)
(0.0215 0.0003333333333 -0.0006666666667)
(0.0215 0.0006666666667 -0.0006666666667)
(0.0215 -0.0006666666667 -0.0003333333333)
(0.0215 -0.0003333333333 -0.0003333333333)
(0.0215 0 -0.0003333333333)
(0.0215 0.0003333333333 -0.0003333333333)
(0.0215 0.0006666666667 -0.0003333333333)
(0.0215 -0.0006666666667 -1.807003621e-20)
(0.0215 -0.0003333333333 0)
(0.0215 0 0)
(0.0215 0.0003333333333 0)
(0.0215 0.0006666666667 1.807003621e-20)
(0.0215 -0.0006666666667 0.0003333333333)
(0.0215 -0.0003333333333 0.0003333333333)
(0.0215 0 0.0003333333333)
(0.0215 0.0003333333333 0.0003333333333)
(0.0215 0.0006666666667 0.0003333333333)
(0.0215 -0.0006666666667 0.0006666666667)
(0.0215 -0.0003333333333 0.0006666666667)
(0.0215 0 0.0006666666667)
(0.0215 0.0003333333333 0.0006666666667)
(0.0215 0.0006666666667 0.0006666666667)
(0.022 -0.0006666666667 -0.0006666666667)
(0.022 -0.0003333333333 -0.0006666666667)
(0.022 0 -0.0006666666667)
(0.022 0.0003333333333 -0.0006666666667)
(0.022 0.0006666666667 -0.0006666666667)
(0.022 -0.0006666666667 -0.0003333333333)
(0.022 -0.0003333333333 -0.0003333333333)
(0.022 0 -0.0003333333333)
(0.022 0.0003333333333 -0.0003333333333)
(0.022 0.0006666666667 -0.0003333333333)
(0.022 -0.0006666666667 -1.807003621e-20)
(0.022 -0.0003333333333 1.807003621e-20)
(0.022 0 0)
(0.022 0.0003333333333 1.807003621e-20)
(0.022 0.0006666666667 1.807003621e-20)
(0.022 -0.0006666666667 0.0003333333333)
(0.022 -0.0003333333333 0.0003333333333)
(0.022 0 0.0003333333333)
(0.022 0.0003333333333 0.0003333333333)
(0.022 0.0006666666667 0.0003333333333)
(0.022 -0.0006666666667 0.0006666666667)
(0.022 -0.0003333333333 0.0006666666667)
(0.022 0 0.0006666666667)
(0.022 0.0003333333333 0.0006666666667)
(0.022 0.0006666666667 0.0006666666667)
(0.0225 -0.0006666666667 -0.0006666666667)
(0.0225 -0.0003333333333 -0.0006666666667)
(0.0225 0 -0.0006666666667)
(0.0225 0.0003333333333 -0.0006666666667)
(0.0225 0.0006666666667 -0.0006666666667)
(0.0225 -0.0006666666667 -0.0003333333333)
(0.0225 -0.0003333333333 -0.0003333333333)
(0.0225 0 -0.0003333333333)
(0.0225 0.0003333333333 -0.0003333333333)
(0.0225 0.0006666666667 -0.0003333333333)
(0.0225 -0.0006666666667 1.807003621e-20)
(0.0225 -0.0003333333333 1.807003621e-20)
(0.0225 0 0)
(0.0225 0.0003333333333 1.807003621e-20)
(0.0225 0.0006666666667 0)
(0.0225 -0.0006666666667 0.0003333333333)
(0.0225 -0.0003333333333 0.0003333333333)
(0.0225 0 0.0003333333333)
(0.0225 0.0003333333333 0.0003333333333)
(0.0225 0.0006666666667 0.0003333333333)
(0.0225 -0.0006666666667 0.0006666666667)
(0.0225 -0.0003333333333 0.0006666666667)
(0.0225 0 0.0006666666667)
(0.0225 0.0003333333333 0.0006666666667)
(0.0225 0.0006666666667 0.0006666666667)
(0.023 -0.0006666666667 -0.0006666666667)
(0.023 -0.0003333333333 -0.0006666666667)
(0.023 0 -0.0006666666667)
(0.023 0.0003333333333 -0.0006666666667)
(0.023 0.0006666666667 -0.0006666666667)
(0.023 -0.0006666666667 -0.0003333333333)
(0.023 -0.0003333333333 -0.0003333333333)
(0.023 0 -0.0003333333333)
(0.023 0.0003333333333 -0.0003333333333)
(0.023 0.0006666666667 -0.0003333333333)
(0.023 -0.0006666666667 -1.807003621e-20)
(0.023 -0.0003333333333 0)
(0.023 0 0)
(0.023 0.0003333333333 0)
(0.023 0.0006666666667 1.807003621e-20)
(0.023 -0.0006666666667 0.0003333333333)
(0.023 -0.0003333333333 0.0003333333333)
(0.023 0 0.0003333333333)
(0.023 0.0003333333333 0.0003333333333)
(0.023 0.0006666666667 0.0003333333333)
(0.023 -0.0006666666667 0.0006666666667)
(0.023 -0.0003333333333 0.0006666666667)
(0.023 0 0.0006666666667)
(0.023 0.0003333333333 0.0006666666667)
(0.023 0.0006666666667 0.0006666666667)
(0.0235 -0.0006666666667 -0.0006666666667)
(0.0235 -0.0003333333333 -0.0006666666667)
(0.0235 0 -0.0006666666667)
(0.0235 0.0003333333333 -0.0006666666667)
(0.0235 0.0006666666667 -0.0006666666667)
(0.0235 -0.0006666666667 -0.0003333333333)
(0.0235 -0.0003333333333 -0.0003333333333)
(0.0235 0 -0.0003333333333)
(0.0235 0.0003333333333 -0.0003333333333)
(0.0235 0.0006666666667 -0.0003333333333)
(0.0235 -0.0006666666667 0)
(0.0235 -0.0003333333333 0)
(0.0235 0 0)
(0.0235 0.0003333333333 0)
(0.0235 0.0006666666667 0)
(0.0235 -0.0006666666667 0.0003333333333)
(0.0235 -0.0003333333333 0.0003333333333)
(0.0235 0 0.0003333333333)
(0.0235 0.0003333333333 0.0003333333333)
(0.0235 0.0006666666667 0.0003333333333)
(0.0235 -0.0006666666667 0.0006666666667)
(0.0235 -0.0003333333333 0.0006666666667)
(0.0235 0 0.0006666666667)
(0.0235 0.0003333333333 0.0006666666667)
(0.0235 0.0006666666667 0.0006666666667)
(0.024 -0.0006666666667 -0.0006666666667)
(0.024 -0.0003333333333 -0.0006666666667)
(0.024 0 -0.0006666666667)
(0.024 0.0003333333333 -0.0006666666667)
(0.024 0.0006666666667 -0.0006666666667)
(0.024 -0.0006666666667 -0.0003333333333)
(0.024 -0.0003333333333 -0.0003333333333)
(0.024 0 -0.0003333333333)
(0.024 0.0003333333333 -0.0003333333333)
(0.024 0.0006666666667 -0.0003333333333)
(0.024 -0.0006666666667 0)
(0.024 -0.0003333333333 0)
(0.024 0 0)
(0.024 0.0003333333333 0)
(0.024 0.0006666666667 0)
(0.024 -0.0006666666667 0.0003333333333)
(0.024 -0.0003333333333 0.0003333333333)
(0.024 0 0.0003333333333)
(0.024 0.0003333333333 0.0003333333333)
(0.024 0.0006666666667 0.0003333333333)
(0.024 -0.0006666666667 0.0006666666667)
(0.024 -0.0003333333333 0.0006666666667)
(0.024 0 0.0006666666667)
(0.024 0.0003333333333 0.0006666666667)
(0.024 0.0006666666667 0.0006666666667)
(0.0245 -0.0006666666667 -0.0006666666667)
(0.0245 -0.0003333333333 -0.0006666666667)
(0.0245 0 -0.0006666666667)
(0.0245 0.0003333333333 -0.0006666666667)
(0.0245 0.0006666666667 -0.0006666666667)
(0.0245 -0.0006666666667 -0.0003333333333)
(0.0245 -0.0003333333333 -0.0003333333333)
(0.0245 0 -0.0003333333333)
(0.0245 0.0003333333333 -0.0003333333333)
(0.0245 0.0006666666667 -0.0003333333333)
(0.0245 -0.0006666666667 0)
(0.0245 -0.0003333333333 0)
(0.0245 0 0)
(0.0245 0.0003333333333 0)
(0.0245 0.0006666666667 0)
(0.0245 -0.0006666666667 0.0003333333333)
(0.0245 -0.0003333333333 0.0003333333333)
(0.0245 0 0.0003333333333)
(0.0245 0.0003333333333 0.0003333333333)
(0.0245 0.0006666666667 0.0003333333333)
(0.0245 -0.0006666666667 0.0006666666667)
(0.0245 -0.0003333333333 0.0006666666667)
(0.0245 0 0.0006666666667)
(0.0245 0.0003333333333 0.0006666666667)
(0.0245 0.0006666666667 0.0006666666667)
(0.025 -0.0006666666667 -0.0006666666667)
(0.025 -0.0003333333333 -0.0006666666667)
(0.025 0 -0.0006666666667)
(0.025 0.0003333333333 -0.0006666666667)
(0.025 0.0006666666667 -0.0006666666667)
(0.025 -0.0006666666667 -0.0003333333333)
(0.025 -0.0003333333333 -0.0003333333333)
(0.025 0 -0.0003333333333)
(0.025 0.0003333333333 -0.0003333333333)
(0.025 0.0006666666667 -0.0003333333333)
(0.025 -0.0006666666667 0)
(0.025 -0.0003333333333 0)
(0.025 0 0)
(0.025 0.0003333333333 0)
(0.025 0.0006666666667 0)
(0.025 -0.0006666666667 0.0003333333333)
(0.025 -0.0003333333333 0.0003333333333)
(0.025 0 0.0003333333333)
(0.025 0.0003333333333 0.0003333333333)
(0.025 0.0006666666667 0.0003333333333)
(0.025 -0.0006666666667 0.0006666666667)
(0.025 -0.0003333333333 0.0006666666667)
(0.025 0 0.0006666666667)
(0.025 0.0003333333333 0.0006666666667)
(0.025 0.0006666666667 0.0006666666667)
(0.0255 -0.0006666666667 -0.0006666666667)
(0.0255 -0.0003333333333 -0.0006666666667)
(0.0255 0 -0.0006666666667)
(0.0255 0.0003333333333 -0.0006666666667)
(0.0255 0.0006666666667 -0.0006666666667)
(0.0255 -0.0006666666667 -0.0003333333333)
(0.0255 -0.0003333333333 -0.0003333333333)
(0.0255 0 -0.0003333333333)
(0.0255 0.0003333333333 -0.0003333333333)
(0.0255 0.0006666666667 -0.0003333333333)
(0.0255 -0.0006666666667 0)
(0.0255 -0.0003333333333 0)
(0.0255 0 0)
(0.0255 0.0003333333333 0)
(0.0255 0.0006666666667 0)
(0.0255 -0.0006666666667 0.0003333333333)
(0.0255 -0.0003333333333 0.0003333333333)
(0.0255 0 0.0003333333333)
(0.0255 0.0003333333333 0.0003333333333)
(0.0255 0.0006666666667 0.0003333333333)
(0.0255 -0.0006666666667 0.0006666666667)
(0.0255 -0.0003333333333 0.0006666666667)
(0.0255 0 0.0006666666667)
(0.0255 0.0003333333333 0.0006666666667)
(0.0255 0.0006666666667 0.0006666666667)
(0.026 -0.0006666666667 -0.0006666666667)
(0.026 -0.0003333333333 -0.0006666666667)
(0.026 0 -0.0006666666667)
(0.026 0.0003333333333 -0.0006666666667)
(0.026 0.0006666666667 -0.0006666666667)
(0.026 -0.0006666666667 -0.0003333333333)
(0.026 -0.0003333333333 -0.0003333333333)
(0.026 0 -0.0003333333333)
(0.026 0.0003333333333 -0.0003333333333)
(0.026 0.0006666666667 -0.0003333333333)
(0.026 -0.0006666666667 0)
(0.026 -0.0003333333333 0)
(0.026 0 0)
(0.026 0.0003333333333 0)
(0.026 0.0006666666667 0)
(0.026 -0.0006666666667 0.0003333333333)
(0.026 -0.0003333333333 0.0003333333333)
(0.026 0 0.0003333333333)
(0.026 0.0003333333333 0.0003333333333)
(0.026 0.0006666666667 0.0003333333333)
(0.026 -0.0006666666667 0.0006666666667)
(0.026 -0.0003333333333 0.0006666666667)
(0.026 0 0.0006666666667)
(0.026 0.0003333333333 0.0006666666667)
(0.026 0.0006666666667 0.0006666666667)
(0.0265 -0.0006666666667 -0.0006666666667)
(0.0265 -0.0003333333333 -0.0006666666667)
(0.0265 0 -0.0006666666667)
(0.0265 0.0003333333333 -0.0006666666667)
(0.0265 0.0006666666667 -0.0006666666667)
(0.0265 -0.0006666666667 -0.0003333333333)
(0.0265 -0.0003333333333 -0.0003333333333)
(0.0265 0 -0.0003333333333)
(0.0265 0.0003333333333 -0.0003333333333)
(0.0265 0.0006666666667 -0.0003333333333)
(0.0265 -0.0006666666667 0)
(0.0265 -0.0003333333333 0)
(0.0265 0 0)
(0.0265 0.0003333333333 0)
(0.0265 0.0006666666667 0)
(0.0265 -0.0006666666667 0.0003333333333)
(0.0265 -0.0003333333333 0.0003333333333)
(0.0265 0 0.0003333333333)
(0.0265 0.0003333333333 0.0003333333333)
(0.0265 0.0006666666667 0.0003333333333)
(0.0265 -0.0006666666667 0.0006666666667)
(0.0265 -0.0003333333333 0.0006666666667)
(0.0265 0 0.0006666666667)
(0.0265 0.0003333333333 0.0006666666667)
(0.0265 0.0006666666667 0.0006666666667)
(0.027 -0.0006666666667 -0.0006666666667)
(0.027 -0.0003333333333 -0.0006666666667)
(0.027 0 -0.0006666666667)
(0.027 0.0003333333333 -0.0006666666667)
(0.027 0.0006666666667 -0.0006666666667)
(0.027 -0.0006666666667 -0.0003333333333)
(0.027 -0.0003333333333 -0.0003333333333)
(0.027 0 -0.0003333333333)
(0.027 0.0003333333333 -0.0003333333333)
(0.027 0.0006666666667 -0.0003333333333)
(0.027 -0.0006666666667 0)
(0.027 -0.0003333333333 0)
(0.027 0 0)
(0.027 0.0003333333333 0)
(0.027 0.0006666666667 0)
(0.027 -0.0006666666667 0.0003333333333)
(0.027 -0.0003333333333 0.0003333333333)
(0.027 0 0.0003333333333)
(0.027 0.0003333333333 0.0003333333333)
(0.027 0.0006666666667 0.0003333333333)
(0.027 -0.0006666666667 0.0006666666667)
(0.027 -0.0003333333333 0.0006666666667)
(0.027 0 0.0006666666667)
(0.027 0.0003333333333 0.0006666666667)
(0.027 0.0006666666667 0.0006666666667)
(0.0275 -0.0006666666667 -0.0006666666667)
(0.0275 -0.0003333333333 -0.0006666666667)
(0.0275 0 -0.0006666666667)
(0.0275 0.0003333333333 -0.0006666666667)
(0.0275 0.0006666666667 -0.0006666666667)
(0.0275 -0.0006666666667 -0.0003333333333)
(0.0275 -0.0003333333333 -0.0003333333333)
(0.0275 0 -0.0003333333333)
(0.0275 0.0003333333333 -0.0003333333333)
(0.0275 0.0006666666667 -0.0003333333333)
(0.0275 -0.0006666666667 0)
(0.0275 -0.0003333333333 0)
(0.0275 0 0)
(0.0275 0.0003333333333 0)
(0.0275 0.0006666666667 0)
(0.0275 -0.0006666666667 0.0003333333333)
(0.0275 -0.0003333333333 0.0003333333333)
(0.0275 0 0.0003333333333)
(0.0275 0.0003333333333 0.0003333333333)
(0.0275 0.0006666666667 0.0003333333333)
(0.0275 -0.0006666666667 0.0006666666667)
(0.0275 -0.0003333333333 0.0006666666667)
(0.0275 0 0.0006666666667)
(0.0275 0.0003333333333 0.0006666666667)
(0.0275 0.0006666666667 0.0006666666667)
(0.028 -0.0006666666667 -0.0006666666667)
(0.028 -0.0003333333333 -0.0006666666667)
(0.028 0 -0.0006666666667)
(0.028 0.0003333333333 -0.0006666666667)
(0.028 0.0006666666667 -0.0006666666667)
(0.028 -0.0006666666667 -0.0003333333333)
(0.028 -0.0003333333333 -0.0003333333333)
(0.028 0 -0.0003333333333)
(0.028 0.0003333333333 -0.0003333333333)
(0.028 0.0006666666667 -0.0003333333333)
(0.028 -0.0006666666667 0)
(0.028 -0.0003333333333 0)
(0.028 0 0)
(0.028 0.0003333333333 0)
(0.028 0.0006666666667 0)
(0.028 -0.0006666666667 0.0003333333333)
(0.028 -0.0003333333333 0.0003333333333)
(0.028 0 0.0003333333333)
(0.028 0.0003333333333 0.0003333333333)
(0.028 0.0006666666667 0.0003333333333)
(0.028 -0.0006666666667 0.0006666666667)
(0.028 -0.0003333333333 0.0006666666667)
(0.028 0 0.0006666666667)
(0.028 0.0003333333333 0.0006666666667)
(0.028 0.0006666666667 0.0006666666667)
(0.0285 -0.0006666666667 -0.0006666666667)
(0.0285 -0.0003333333333 -0.0006666666667)
(0.0285 0 -0.0006666666667)
(0.0285 0.0003333333333 -0.0006666666667)
(0.0285 0.0006666666667 -0.0006666666667)
(0.0285 -0.0006666666667 -0.0003333333333)
(0.0285 -0.0003333333333 -0.0003333333333)
(0.0285 0 -0.0003333333333)
(0.0285 0.0003333333333 -0.0003333333333)
(0.0285 0.0006666666667 -0.0003333333333)
(0.0285 -0.0006666666667 0)
(0.0285 -0.0003333333333 0)
(0.0285 0 0)
(0.0285 0.0003333333333 0)
(0.0285 0.0006666666667 0)
(0.0285 -0.0006666666667 0.0003333333333)
(0.0285 -0.0003333333333 0.0003333333333)
(0.0285 0 0.0003333333333)
(0.0285 0.0003333333333 0.0003333333333)
(0.0285 0.0006666666667 0.0003333333333)
(0.0285 -0.0006666666667 0.0006666666667)
(0.0285 -0.0003333333333 0.0006666666667)
(0.0285 0 0.0006666666667)
(0.0285 0.0003333333333 0.0006666666667)
(0.0285 0.0006666666667 0.0006666666667)
(0.029 -0.0006666666667 -0.0006666666667)
(0.029 -0.0003333333333 -0.0006666666667)
(0.029 0 -0.0006666666667)
(0.029 0.0003333333333 -0.0006666666667)
(0.029 0.0006666666667 -0.0006666666667)
(0.029 -0.0006666666667 -0.0003333333333)
(0.029 -0.0003333333333 -0.0003333333333)
(0.029 0 -0.0003333333333)
(0.029 0.0003333333333 -0.0003333333333)
(0.029 0.0006666666667 -0.0003333333333)
(0.029 -0.0006666666667 0)
(0.029 -0.0003333333333 0)
(0.029 0 0)
(0.029 0.0003333333333 0)
(0.029 0.0006666666667 0)
(0.029 -0.0006666666667 0.0003333333333)
(0.029 -0.0003333333333 0.0003333333333)
(0.029 0 0.0003333333333)
(0.029 0.0003333333333 0.0003333333333)
(0.029 0.0006666666667 0.0003333333333)
(0.029 -0.0006666666667 0.0006666666667)
(0.029 -0.0003333333333 0.0006666666667)
(0.029 0 0.0006666666667)
(0.029 0.0003333333333 0.0006666666667)
(0.029 0.0006666666667 0.0006666666667)
(0.0295 -0.0006666666667 -0.0006666666667)
(0.0295 -0.0003333333333 -0.0006666666667)
(0.0295 0 -0.0006666666667)
(0.0295 0.0003333333333 -0.0006666666667)
(0.0295 0.0006666666667 -0.0006666666667)
(0.0295 -0.0006666666667 -0.0003333333333)
(0.0295 -0.0003333333333 -0.0003333333333)
(0.0295 0 -0.0003333333333)
(0.0295 0.0003333333333 -0.0003333333333)
(0.0295 0.0006666666667 -0.0003333333333)
(0.0295 -0.0006666666667 0)
(0.0295 -0.0003333333333 0)
(0.0295 0 0)
(0.0295 0.0003333333333 0)
(0.0295 0.0006666666667 0)
(0.0295 -0.0006666666667 0.0003333333333)
(0.0295 -0.0003333333333 0.0003333333333)
(0.0295 0 0.0003333333333)
(0.0295 0.0003333333333 0.0003333333333)
(0.0295 0.0006666666667 0.0003333333333)
(0.0295 -0.0006666666667 0.0006666666667)
(0.0295 -0.0003333333333 0.0006666666667)
(0.0295 0 0.0006666666667)
(0.0295 0.0003333333333 0.0006666666667)
(0.0295 0.0006666666667 0.0006666666667)
(0.03 -0.0006666666667 -0.0006666666667)
(0.03 -0.0003333333333 -0.0006666666667)
(0.03 0 -0.0006666666667)
(0.03 0.0003333333333 -0.0006666666667)
(0.03 0.0006666666667 -0.0006666666667)
(0.03 -0.0006666666667 -0.0003333333333)
(0.03 -0.0003333333333 -0.0003333333333)
(0.03 0 -0.0003333333333)
(0.03 0.0003333333333 -0.0003333333333)
(0.03 0.0006666666667 -0.0003333333333)
(0.03 -0.0006666666667 0)
(0.03 -0.0003333333333 0)
(0.03 0 0)
(0.03 0.0003333333333 0)
(0.03 0.0006666666667 0)
(0.03 -0.0006666666667 0.0003333333333)
(0.03 -0.0003333333333 0.0003333333333)
(0.03 0 0.0003333333333)
(0.03 0.0003333333333 0.0003333333333)
(0.03 0.0006666666667 0.0003333333333)
(0.03 -0.0006666666667 0.0006666666667)
(0.03 -0.0003333333333 0.0006666666667)
(0.03 0 0.0006666666667)
(0.03 0.0003333333333 0.0006666666667)
(0.03 0.0006666666667 0.0006666666667)
(0.0305 -0.0006666666667 -0.0006666666667)
(0.0305 -0.0003333333333 -0.0006666666667)
(0.0305 0 -0.0006666666667)
(0.0305 0.0003333333333 -0.0006666666667)
(0.0305 0.0006666666667 -0.0006666666667)
(0.0305 -0.0006666666667 -0.0003333333333)
(0.0305 -0.0003333333333 -0.0003333333333)
(0.0305 0 -0.0003333333333)
(0.0305 0.0003333333333 -0.0003333333333)
(0.0305 0.0006666666667 -0.0003333333333)
(0.0305 -0.0006666666667 1.807003621e-20)
(0.0305 -0.0003333333333 0)
(0.0305 0 0)
(0.0305 0.0003333333333 0)
(0.0305 0.0006666666667 -1.355252716e-20)
(0.0305 -0.0006666666667 0.0003333333333)
(0.0305 -0.0003333333333 0.0003333333333)
(0.0305 0 0.0003333333333)
(0.0305 0.0003333333333 0.0003333333333)
(0.0305 0.0006666666667 0.0003333333333)
(0.0305 -0.0006666666667 0.0006666666667)
(0.0305 -0.0003333333333 0.0006666666667)
(0.0305 0 0.0006666666667)
(0.0305 0.0003333333333 0.0006666666667)
(0.0305 0.0006666666667 0.0006666666667)
(0.031 -0.0006666666667 -0.0006666666667)
(0.031 -0.0003333333333 -0.0006666666667)
(0.031 0 -0.0006666666667)
(0.031 0.0003333333333 -0.0006666666667)
(0.031 0.0006666666667 -0.0006666666667)
(0.031 -0.0006666666667 -0.0003333333333)
(0.031 -0.0003333333333 -0.0003333333333)
(0.031 0 -0.0003333333333)
(0.031 0.0003333333333 -0.0003333333333)
(0.031 0.0006666666667 -0.0003333333333)
(0.031 -0.0006666666667 -1.807003621e-20)
(0.031 -0.0003333333333 0)
(0.031 0 0)
(0.031 0.0003333333333 0)
(0.031 0.0006666666667 1.807003621e-20)
(0.031 -0.0006666666667 0.0003333333333)
(0.031 -0.0003333333333 0.0003333333333)
(0.031 0 0.0003333333333)
(0.031 0.0003333333333 0.0003333333333)
(0.031 0.0006666666667 0.0003333333333)
(0.031 -0.0006666666667 0.0006666666667)
(0.031 -0.0003333333333 0.0006666666667)
(0.031 0 0.0006666666667)
(0.031 0.0003333333333 0.0006666666667)
(0.031 0.0006666666667 0.0006666666667)
(0.0315 -0.0006666666667 -0.0006666666667)
(0.0315 -0.0003333333333 -0.0006666666667)
(0.0315 0 -0.0006666666667)
(0.0315 0.0003333333333 -0.0006666666667)
(0.0315 0.0006666666667 -0.0006666666667)
(0.0315 -0.0006666666667 -0.0003333333333)
(0.0315 -0.0003333333333 -0.0003333333333)
(0.0315 0 -0.0003333333333)
(0.0315 0.0003333333333 -0.0003333333333)
(0.0315 0.0006666666667 -0.0003333333333)
(0.0315 -0.0006666666667 0)
(0.0315 -0.0003333333333 0)
(0.0315 0 0)
(0.0315 0.0003333333333 0)
(0.0315 0.0006666666667 0)
(0.0315 -0.0006666666667 0.0003333333333)
(0.0315 -0.0003333333333 0.0003333333333)
(0.0315 0 0.0003333333333)
(0.0315 0.0003333333333 0.0003333333333)
(0.0315 0.0006666666667 0.0003333333333)
(0.0315 -0.0006666666667 0.0006666666667)
(0.0315 -0.0003333333333 0.0006666666667)
(0.0315 0 0.0006666666667)
(0.0315 0.0003333333333 0.0006666666667)
(0.0315 0.0006666666667 0.0006666666667)
(0.032 -0.0006666666667 -0.0006666666667)
(0.032 -0.0003333333333 -0.0006666666667)
(0.032 0 -0.0006666666667)
(0.032 0.0003333333333 -0.0006666666667)
(0.032 0.0006666666667 -0.0006666666667)
(0.032 -0.0006666666667 -0.0003333333333)
(0.032 -0.0003333333333 -0.0003333333333)
(0.032 0 -0.0003333333333)
(0.032 0.0003333333333 -0.0003333333333)
(0.032 0.0006666666667 -0.0003333333333)
(0.032 -0.0006666666667 1.807003621e-20)
(0.032 -0.0003333333333 0)
(0.032 0 0)
(0.032 0.0003333333333 0)
(0.032 0.0006666666667 -1.355252716e-20)
(0.032 -0.0006666666667 0.0003333333333)
(0.032 -0.0003333333333 0.0003333333333)
(0.032 0 0.0003333333333)
(0.032 0.0003333333333 0.0003333333333)
(0.032 0.0006666666667 0.0003333333333)
(0.032 -0.0006666666667 0.0006666666667)
(0.032 -0.0003333333333 0.0006666666667)
(0.032 0 0.0006666666667)
(0.032 0.0003333333333 0.0006666666667)
(0.032 0.0006666666667 0.0006666666667)
(0.0325 -0.0006666666667 -0.0006666666667)
(0.0325 -0.0003333333333 -0.0006666666667)
(0.0325 0 -0.0006666666667)
(0.0325 0.0003333333333 -0.0006666666667)
(0.0325 0.0006666666667 -0.0006666666667)
(0.0325 -0.0006666666667 -0.0003333333333)
(0.0325 -0.0003333333333 -0.0003333333333)
(0.0325 0 -0.0003333333333)
(0.0325 0.0003333333333 -0.0003333333333)
(0.0325 0.0006666666667 -0.0003333333333)
(0.0325 -0.0006666666667 -1.807003621e-20)
(0.0325 -0.0003333333333 0)
(0.0325 0 0)
(0.0325 0.0003333333333 0)
(0.0325 0.0006666666667 1.807003621e-20)
(0.0325 -0.0006666666667 0.0003333333333)
(0.0325 -0.0003333333333 0.0003333333333)
(0.0325 0 0.0003333333333)
(0.0325 0.0003333333333 0.0003333333333)
(0.0325 0.0006666666667 0.0003333333333)
(0.0325 -0.0006666666667 0.0006666666667)
(0.0325 -0.0003333333333 0.0006666666667)
(0.0325 0 0.0006666666667)
(0.0325 0.0003333333333 0.0006666666667)
(0.0325 0.0006666666667 0.0006666666667)
(0.033 -0.0006666666667 -0.0006666666667)
(0.033 -0.0003333333333 -0.0006666666667)
(0.033 0 -0.0006666666667)
(0.033 0.0003333333333 -0.0006666666667)
(0.033 0.0006666666667 -0.0006666666667)
(0.033 -0.0006666666667 -0.0003333333333)
(0.033 -0.0003333333333 -0.0003333333333)
(0.033 0 -0.0003333333333)
(0.033 0.0003333333333 -0.0003333333333)
(0.033 0.0006666666667 -0.0003333333333)
(0.033 -0.0006666666667 0)
(0.033 -0.0003333333333 0)
(0.033 0 0)
(0.033 0.0003333333333 0)
(0.033 0.0006666666667 0)
(0.033 -0.0006666666667 0.0003333333333)
(0.033 -0.0003333333333 0.0003333333333)
(0.033 0 0.0003333333333)
(0.033 0.0003333333333 0.0003333333333)
(0.033 0.0006666666667 0.0003333333333)
(0.033 -0.0006666666667 0.0006666666667)
(0.033 -0.0003333333333 0.0006666666667)
(0.033 0 0.0006666666667)
(0.033 0.0003333333333 0.0006666666667)
(0.033 0.0006666666667 0.0006666666667)
(0.0335 -0.0006666666667 -0.0006666666667)
(0.0335 -0.0003333333333 -0.0006666666667)
(0.0335 0 -0.0006666666667)
(0.0335 0.0003333333333 -0.0006666666667)
(0.0335 0.0006666666667 -0.0006666666667)
(0.0335 -0.0006666666667 -0.0003333333333)
(0.0335 -0.0003333333333 -0.0003333333333)
(0.0335 0 -0.0003333333333)
(0.0335 0.0003333333333 -0.0003333333333)
(0.0335 0.0006666666667 -0.0003333333333)
(0.0335 -0.0006666666667 1.807003621e-20)
(0.0335 -0.0003333333333 0)
(0.0335 0 0)
(0.0335 0.0003333333333 0)
(0.0335 0.0006666666667 -1.355252716e-20)
(0.0335 -0.0006666666667 0.0003333333333)
(0.0335 -0.0003333333333 0.0003333333333)
(0.0335 0 0.0003333333333)
(0.0335 0.0003333333333 0.0003333333333)
(0.0335 0.0006666666667 0.0003333333333)
(0.0335 -0.0006666666667 0.0006666666667)
(0.0335 -0.0003333333333 0.0006666666667)
(0.0335 0 0.0006666666667)
(0.0335 0.0003333333333 0.0006666666667)
(0.0335 0.0006666666667 0.0006666666667)
(0.034 -0.0006666666667 -0.0006666666667)
(0.034 -0.0003333333333 -0.0006666666667)
(0.034 0 -0.0006666666667)
(0.034 0.0003333333333 -0.0006666666667)
(0.034 0.0006666666667 -0.0006666666667)
(0.034 -0.0006666666667 -0.0003333333333)
(0.034 -0.0003333333333 -0.0003333333333)
(0.034 0 -0.0003333333333)
(0.034 0.0003333333333 -0.0003333333333)
(0.034 0.0006666666667 -0.0003333333333)
(0.034 -0.0006666666667 -1.807003621e-20)
(0.034 -0.0003333333333 0)
(0.034 0 0)
(0.034 0.0003333333333 0)
(0.034 0.0006666666667 1.807003621e-20)
(0.034 -0.0006666666667 0.0003333333333)
(0.034 -0.0003333333333 0.0003333333333)
(0.034 0 0.0003333333333)
(0.034 0.0003333333333 0.0003333333333)
(0.034 0.0006666666667 0.0003333333333)
(0.034 -0.0006666666667 0.0006666666667)
(0.034 -0.0003333333333 0.0006666666667)
(0.034 0 0.0006666666667)
(0.034 0.0003333333333 0.0006666666667)
(0.034 0.0006666666667 0.0006666666667)
(0.0345 -0.0006666666667 -0.0006666666667)
(0.0345 -0.0003333333333 -0.0006666666667)
(0.0345 0 -0.0006666666667)
(0.0345 0.0003333333333 -0.0006666666667)
(0.0345 0.0006666666667 -0.0006666666667)
(0.0345 -0.0006666666667 -0.0003333333333)
(0.0345 -0.0003333333333 -0.0003333333333)
(0.0345 0 -0.0003333333333)
(0.0345 0.0003333333333 -0.0003333333333)
(0.0345 0.0006666666667 -0.0003333333333)
(0.0345 -0.0006666666667 0)
(0.0345 -0.0003333333333 0)
(0.0345 0 0)
(0.0345 0.0003333333333 0)
(0.0345 0.0006666666667 0)
(0.0345 -0.0006666666667 0.0003333333333)
(0.0345 -0.0003333333333 0.0003333333333)
(0.0345 0 0.0003333333333)
(0.0345 0.0003333333333 0.0003333333333)
(0.0345 0.0006666666667 0.0003333333333)
(0.0345 -0.0006666666667 0.0006666666667)
(0.0345 -0.0003333333333 0.0006666666667)
(0.0345 0 0.0006666666667)
(0.0345 0.0003333333333 0.0006666666667)
(0.0345 0.0006666666667 0.0006666666667)
(0.035 -0.0006666666667 -0.0006666666667)
(0.035 -0.0003333333333 -0.0006666666667)
(0.035 0 -0.0006666666667)
(0.035 0.0003333333333 -0.0006666666667)
(0.035 0.0006666666667 -0.0006666666667)
(0.035 -0.0006666666667 -0.0003333333333)
(0.035 -0.0003333333333 -0.0003333333333)
(0.035 0 -0.0003333333333)
(0.035 0.0003333333333 -0.0003333333333)
(0.035 0.0006666666667 -0.0003333333333)
(0.035 -0.0006666666667 -1.807003621e-20)
(0.035 -0.0003333333333 0)
(0.035 0 0)
(0.035 0.0003333333333 0)
(0.035 0.0006666666667 1.807003621e-20)
(0.035 -0.0006666666667 0.0003333333333)
(0.035 -0.0003333333333 0.0003333333333)
(0.035 0 0.0003333333333)
(0.035 0.0003333333333 0.0003333333333)
(0.035 0.0006666666667 0.0003333333333)
(0.035 -0.0006666666667 0.0006666666667)
(0.035 -0.0003333333333 0.0006666666667)
(0.035 0 0.0006666666667)
(0.035 0.0003333333333 0.0006666666667)
(0.035 0.0006666666667 0.0006666666667)
(0.0355 -0.0006666666667 -0.0006666666667)
(0.0355 -0.0003333333333 -0.0006666666667)
(0.0355 0 -0.0006666666667)
(0.0355 0.0003333333333 -0.0006666666667)
(0.0355 0.0006666666667 -0.0006666666667)
(0.0355 -0.0006666666667 -0.0003333333333)
(0.0355 -0.0003333333333 -0.0003333333333)
(0.0355 0 -0.0003333333333)
(0.0355 0.0003333333333 -0.0003333333333)
(0.0355 0.0006666666667 -0.0003333333333)
(0.0355 -0.0006666666667 0)
(0.0355 -0.0003333333333 0)
(0.0355 0 0)
(0.0355 0.0003333333333 0)
(0.0355 0.0006666666667 0)
(0.0355 -0.0006666666667 0.0003333333333)
(0.0355 -0.0003333333333 0.0003333333333)
(0.0355 0 0.0003333333333)
(0.0355 0.0003333333333 0.0003333333333)
(0.0355 0.0006666666667 0.0003333333333)
(0.0355 -0.0006666666667 0.0006666666667)
(0.0355 -0.0003333333333 0.0006666666667)
(0.0355 0 0.0006666666667)
(0.0355 0.0003333333333 0.0006666666667)
(0.0355 0.0006666666667 0.0006666666667)
(0.036 -0.0006666666667 -0.0006666666667)
(0.036 -0.0003333333333 -0.0006666666667)
(0.036 0 -0.0006666666667)
(0.036 0.0003333333333 -0.0006666666667)
(0.036 0.0006666666667 -0.0006666666667)
(0.036 -0.0006666666667 -0.0003333333333)
(0.036 -0.0003333333333 -0.0003333333333)
(0.036 0 -0.0003333333333)
(0.036 0.0003333333333 -0.0003333333333)
(0.036 0.0006666666667 -0.0003333333333)
(0.036 -0.0006666666667 0)
(0.036 -0.0003333333333 0)
(0.036 0 0)
(0.036 0.0003333333333 0)
(0.036 0.0006666666667 0)
(0.036 -0.0006666666667 0.0003333333333)
(0.036 -0.0003333333333 0.0003333333333)
(0.036 0 0.0003333333333)
(0.036 0.0003333333333 0.0003333333333)
(0.036 0.0006666666667 0.0003333333333)
(0.036 -0.0006666666667 0.0006666666667)
(0.036 -0.0003333333333 0.0006666666667)
(0.036 0 0.0006666666667)
(0.036 0.0003333333333 0.0006666666667)
(0.036 0.0006666666667 0.0006666666667)
(0.0365 -0.0006666666667 -0.0006666666667)
(0.0365 -0.0003333333333 -0.0006666666667)
(0.0365 0 -0.0006666666667)
(0.0365 0.0003333333333 -0.0006666666667)
(0.0365 0.0006666666667 -0.0006666666667)
(0.0365 -0.0006666666667 -0.0003333333333)
(0.0365 -0.0003333333333 -0.0003333333333)
(0.0365 0 -0.0003333333333)
(0.0365 0.0003333333333 -0.0003333333333)
(0.0365 0.0006666666667 -0.0003333333333)
(0.0365 -0.0006666666667 -1.807003621e-20)
(0.0365 -0.0003333333333 0)
(0.0365 0 0)
(0.0365 0.0003333333333 0)
(0.0365 0.0006666666667 1.807003621e-20)
(0.0365 -0.0006666666667 0.0003333333333)
(0.0365 -0.0003333333333 0.0003333333333)
(0.0365 0 0.0003333333333)
(0.0365 0.0003333333333 0.0003333333333)
(0.0365 0.0006666666667 0.0003333333333)
(0.0365 -0.0006666666667 0.0006666666667)
(0.0365 -0.0003333333333 0.0006666666667)
(0.0365 0 0.0006666666667)
(0.0365 0.0003333333333 0.0006666666667)
(0.0365 0.0006666666667 0.0006666666667)
(0.037 -0.0006666666667 -0.0006666666667)
(0.037 -0.0003333333333 -0.0006666666667)
(0.037 0 -0.0006666666667)
(0.037 0.0003333333333 -0.0006666666667)
(0.037 0.0006666666667 -0.0006666666667)
(0.037 -0.0006666666667 -0.0003333333333)
(0.037 -0.0003333333333 -0.0003333333333)
(0.037 0 -0.0003333333333)
(0.037 0.0003333333333 -0.0003333333333)
(0.037 0.0006666666667 -0.0003333333333)
(0.037 -0.0006666666667 0)
(0.037 -0.0003333333333 0)
(0.037 0 0)
(0.037 0.0003333333333 0)
(0.037 0.0006666666667 0)
(0.037 -0.0006666666667 0.0003333333333)
(0.037 -0.0003333333333 0.0003333333333)
(0.037 0 0.0003333333333)
(0.037 0.0003333333333 0.0003333333333)
(0.037 0.0006666666667 0.0003333333333)
(0.037 -0.0006666666667 0.0006666666667)
(0.037 -0.0003333333333 0.0006666666667)
(0.037 0 0.0006666666667)
(0.037 0.0003333333333 0.0006666666667)
(0.037 0.0006666666667 0.0006666666667)
(0.0375 -0.0006666666667 -0.0006666666667)
(0.0375 -0.0003333333333 -0.0006666666667)
(0.0375 0 -0.0006666666667)
(0.0375 0.0003333333333 -0.0006666666667)
(0.0375 0.0006666666667 -0.0006666666667)
(0.0375 -0.0006666666667 -0.0003333333333)
(0.0375 -0.0003333333333 -0.0003333333333)
(0.0375 0 -0.0003333333333)
(0.0375 0.0003333333333 -0.0003333333333)
(0.0375 0.0006666666667 -0.0003333333333)
(0.0375 -0.0006666666667 0)
(0.0375 -0.0003333333333 0)
(0.0375 0 0)
(0.0375 0.0003333333333 0)
(0.0375 0.0006666666667 0)
(0.0375 -0.0006666666667 0.0003333333333)
(0.0375 -0.0003333333333 0.0003333333333)
(0.0375 0 0.0003333333333)
(0.0375 0.0003333333333 0.0003333333333)
(0.0375 0.0006666666667 0.0003333333333)
(0.0375 -0.0006666666667 0.0006666666667)
(0.0375 -0.0003333333333 0.0006666666667)
(0.0375 0 0.0006666666667)
(0.0375 0.0003333333333 0.0006666666667)
(0.0375 0.0006666666667 0.0006666666667)
(0.038 -0.0006666666667 -0.0006666666667)
(0.038 -0.0003333333333 -0.0006666666667)
(0.038 0 -0.0006666666667)
(0.038 0.0003333333333 -0.0006666666667)
(0.038 0.0006666666667 -0.0006666666667)
(0.038 -0.0006666666667 -0.0003333333333)
(0.038 -0.0003333333333 -0.0003333333333)
(0.038 0 -0.0003333333333)
(0.038 0.0003333333333 -0.0003333333333)
(0.038 0.0006666666667 -0.0003333333333)
(0.038 -0.0006666666667 1.807003621e-20)
(0.038 -0.0003333333333 0)
(0.038 0 0)
(0.038 0.0003333333333 -1.807003621e-20)
(0.038 0.0006666666667 1.807003621e-20)
(0.038 -0.0006666666667 0.0003333333333)
(0.038 -0.0003333333333 0.0003333333333)
(0.038 0 0.0003333333333)
(0.038 0.0003333333333 0.0003333333333)
(0.038 0.0006666666667 0.0003333333333)
(0.038 -0.0006666666667 0.0006666666667)
(0.038 -0.0003333333333 0.0006666666667)
(0.038 0 0.0006666666667)
(0.038 0.0003333333333 0.0006666666667)
(0.038 0.0006666666667 0.0006666666667)
(0.0385 -0.0006666666667 -0.0006666666667)
(0.0385 -0.0003333333333 -0.0006666666667)
(0.0385 0 -0.0006666666667)
(0.0385 0.0003333333333 -0.0006666666667)
(0.0385 0.0006666666667 -0.0006666666667)
(0.0385 -0.0006666666667 -0.0003333333333)
(0.0385 -0.0003333333333 -0.0003333333333)
(0.0385 0 -0.0003333333333)
(0.0385 0.0003333333333 -0.0003333333333)
(0.0385 0.0006666666667 -0.0003333333333)
(0.0385 -0.0006666666667 0)
(0.0385 -0.0003333333333 0)
(0.0385 0 0)
(0.0385 0.0003333333333 0)
(0.0385 0.0006666666667 0)
(0.0385 -0.0006666666667 0.0003333333333)
(0.0385 -0.0003333333333 0.0003333333333)
(0.0385 0 0.0003333333333)
(0.0385 0.0003333333333 0.0003333333333)
(0.0385 0.0006666666667 0.0003333333333)
(0.0385 -0.0006666666667 0.0006666666667)
(0.0385 -0.0003333333333 0.0006666666667)
(0.0385 0 0.0006666666667)
(0.0385 0.0003333333333 0.0006666666667)
(0.0385 0.0006666666667 0.0006666666667)
(0.039 -0.0006666666667 -0.0006666666667)
(0.039 -0.0003333333333 -0.0006666666667)
(0.039 0 -0.0006666666667)
(0.039 0.0003333333333 -0.0006666666667)
(0.039 0.0006666666667 -0.0006666666667)
(0.039 -0.0006666666667 -0.0003333333333)
(0.039 -0.0003333333333 -0.0003333333333)
(0.039 0 -0.0003333333333)
(0.039 0.0003333333333 -0.0003333333333)
(0.039 0.0006666666667 -0.0003333333333)
(0.039 -0.0006666666667 0)
(0.039 -0.0003333333333 0)
(0.039 0 0)
(0.039 0.0003333333333 0)
(0.039 0.0006666666667 0)
(0.039 -0.0006666666667 0.0003333333333)
(0.039 -0.0003333333333 0.0003333333333)
(0.039 0 0.0003333333333)
(0.039 0.0003333333333 0.0003333333333)
(0.039 0.0006666666667 0.0003333333333)
(0.039 -0.0006666666667 0.0006666666667)
(0.039 -0.0003333333333 0.0006666666667)
(0.039 0 0.0006666666667)
(0.039 0.0003333333333 0.0006666666667)
(0.039 0.0006666666667 0.0006666666667)
(0.0395 -0.0006666666667 -0.0006666666667)
(0.0395 -0.0003333333333 -0.0006666666667)
(0.0395 0 -0.0006666666667)
(0.0395 0.0003333333333 -0.0006666666667)
(0.0395 0.0006666666667 -0.0006666666667)
(0.0395 -0.0006666666667 -0.0003333333333)
(0.0395 -0.0003333333333 -0.0003333333333)
(0.0395 0 -0.0003333333333)
(0.0395 0.0003333333333 -0.0003333333333)
(0.0395 0.0006666666667 -0.0003333333333)
(0.0395 -0.0006666666667 1.807003621e-20)
(0.0395 -0.0003333333333 0)
(0.0395 0 0)
(0.0395 0.0003333333333 -1.807003621e-20)
(0.0395 0.0006666666667 1.807003621e-20)
(0.0395 -0.0006666666667 0.0003333333333)
(0.0395 -0.0003333333333 0.0003333333333)
(0.0395 0 0.0003333333333)
(0.0395 0.0003333333333 0.0003333333333)
(0.0395 0.0006666666667 0.0003333333333)
(0.0395 -0.0006666666667 0.0006666666667)
(0.0395 -0.0003333333333 0.0006666666667)
(0.0395 0 0.0006666666667)
(0.0395 0.0003333333333 0.0006666666667)
(0.0395 0.0006666666667 0.0006666666667)
(0.04 -0.0006666666667 -0.0006666666667)
(0.04 -0.0003333333333 -0.0006666666667)
(0.04 0 -0.0006666666667)
(0.04 0.0003333333333 -0.0006666666667)
(0.04 0.0006666666667 -0.0006666666667)
(0.04 -0.0006666666667 -0.0003333333333)
(0.04 -0.0003333333333 -0.0003333333333)
(0.04 0 -0.0003333333333)
(0.04 0.0003333333333 -0.0003333333333)
(0.04 0.0006666666667 -0.0003333333333)
(0.04 -0.0006666666667 0)
(0.04 -0.0003333333333 0)
(0.04 0 0)
(0.04 0.0003333333333 0)
(0.04 0.0006666666667 0)
(0.04 -0.0006666666667 0.0003333333333)
(0.04 -0.0003333333333 0.0003333333333)
(0.04 0 0.0003333333333)
(0.04 0.0003333333333 0.0003333333333)
(0.04 0.0006666666667 0.0003333333333)
(0.04 -0.0006666666667 0.0006666666667)
(0.04 -0.0003333333333 0.0006666666667)
(0.04 0 0.0006666666667)
(0.04 0.0003333333333 0.0006666666667)
(0.04 0.0006666666667 0.0006666666667)
(0.0405 -0.0006666666667 -0.0006666666667)
(0.0405 -0.0003333333333 -0.0006666666667)
(0.0405 0 -0.0006666666667)
(0.0405 0.0003333333333 -0.0006666666667)
(0.0405 0.0006666666667 -0.0006666666667)
(0.0405 -0.0006666666667 -0.0003333333333)
(0.0405 -0.0003333333333 -0.0003333333333)
(0.0405 0 -0.0003333333333)
(0.0405 0.0003333333333 -0.0003333333333)
(0.0405 0.0006666666667 -0.0003333333333)
(0.0405 -0.0006666666667 0)
(0.0405 -0.0003333333333 0)
(0.0405 0 0)
(0.0405 0.0003333333333 0)
(0.0405 0.0006666666667 0)
(0.0405 -0.0006666666667 0.0003333333333)
(0.0405 -0.0003333333333 0.0003333333333)
(0.0405 0 0.0003333333333)
(0.0405 0.0003333333333 0.0003333333333)
(0.0405 0.0006666666667 0.0003333333333)
(0.0405 -0.0006666666667 0.0006666666667)
(0.0405 -0.0003333333333 0.0006666666667)
(0.0405 0 0.0006666666667)
(0.0405 0.0003333333333 0.0006666666667)
(0.0405 0.0006666666667 0.0006666666667)
(0.041 -0.0006666666667 -0.0006666666667)
(0.041 -0.0003333333333 -0.0006666666667)
(0.041 0 -0.0006666666667)
(0.041 0.0003333333333 -0.0006666666667)
(0.041 0.0006666666667 -0.0006666666667)
(0.041 -0.0006666666667 -0.0003333333333)
(0.041 -0.0003333333333 -0.0003333333333)
(0.041 0 -0.0003333333333)
(0.041 0.0003333333333 -0.0003333333333)
(0.041 0.0006666666667 -0.0003333333333)
(0.041 -0.0006666666667 0)
(0.041 -0.0003333333333 0)
(0.041 0 0)
(0.041 0.0003333333333 0)
(0.041 0.0006666666667 0)
(0.041 -0.0006666666667 0.0003333333333)
(0.041 -0.0003333333333 0.0003333333333)
(0.041 0 0.0003333333333)
(0.041 0.0003333333333 0.0003333333333)
(0.041 0.0006666666667 0.0003333333333)
(0.041 -0.0006666666667 0.0006666666667)
(0.041 -0.0003333333333 0.0006666666667)
(0.041 0 0.0006666666667)
(0.041 0.0003333333333 0.0006666666667)
(0.041 0.0006666666667 0.0006666666667)
(0.0415 -0.0006666666667 -0.0006666666667)
(0.0415 -0.0003333333333 -0.0006666666667)
(0.0415 0 -0.0006666666667)
(0.0415 0.0003333333333 -0.0006666666667)
(0.0415 0.0006666666667 -0.0006666666667)
(0.0415 -0.0006666666667 -0.0003333333333)
(0.0415 -0.0003333333333 -0.0003333333333)
(0.0415 0 -0.0003333333333)
(0.0415 0.0003333333333 -0.0003333333333)
(0.0415 0.0006666666667 -0.0003333333333)
(0.0415 -0.0006666666667 0)
(0.0415 -0.0003333333333 0)
(0.0415 0 0)
(0.0415 0.0003333333333 0)
(0.0415 0.0006666666667 0)
(0.0415 -0.0006666666667 0.0003333333333)
(0.0415 -0.0003333333333 0.0003333333333)
(0.0415 0 0.0003333333333)
(0.0415 0.0003333333333 0.0003333333333)
(0.0415 0.0006666666667 0.0003333333333)
(0.0415 -0.0006666666667 0.0006666666667)
(0.0415 -0.0003333333333 0.0006666666667)
(0.0415 0 0.0006666666667)
(0.0415 0.0003333333333 0.0006666666667)
(0.0415 0.0006666666667 0.0006666666667)
(0.042 -0.0006666666667 -0.0006666666667)
(0.042 -0.0003333333333 -0.0006666666667)
(0.042 0 -0.0006666666667)
(0.042 0.0003333333333 -0.0006666666667)
(0.042 0.0006666666667 -0.0006666666667)
(0.042 -0.0006666666667 -0.0003333333333)
(0.042 -0.0003333333333 -0.0003333333333)
(0.042 0 -0.0003333333333)
(0.042 0.0003333333333 -0.0003333333333)
(0.042 0.0006666666667 -0.0003333333333)
(0.042 -0.0006666666667 1.807003621e-20)
(0.042 -0.0003333333333 0)
(0.042 0 0)
(0.042 0.0003333333333 0)
(0.042 0.0006666666667 -1.355252716e-20)
(0.042 -0.0006666666667 0.0003333333333)
(0.042 -0.0003333333333 0.0003333333333)
(0.042 0 0.0003333333333)
(0.042 0.0003333333333 0.0003333333333)
(0.042 0.0006666666667 0.0003333333333)
(0.042 -0.0006666666667 0.0006666666667)
(0.042 -0.0003333333333 0.0006666666667)
(0.042 0 0.0006666666667)
(0.042 0.0003333333333 0.0006666666667)
(0.042 0.0006666666667 0.0006666666667)
(0.0425 -0.0006666666667 -0.0006666666667)
(0.0425 -0.0003333333333 -0.0006666666667)
(0.0425 0 -0.0006666666667)
(0.0425 0.0003333333333 -0.0006666666667)
(0.0425 0.0006666666667 -0.0006666666667)
(0.0425 -0.0006666666667 -0.0003333333333)
(0.0425 -0.0003333333333 -0.0003333333333)
(0.0425 0 -0.0003333333333)
(0.0425 0.0003333333333 -0.0003333333333)
(0.0425 0.0006666666667 -0.0003333333333)
(0.0425 -0.0006666666667 0)
(0.0425 -0.0003333333333 0)
(0.0425 0 0)
(0.0425 0.0003333333333 0)
(0.0425 0.0006666666667 0)
(0.0425 -0.0006666666667 0.0003333333333)
(0.0425 -0.0003333333333 0.0003333333333)
(0.0425 0 0.0003333333333)
(0.0425 0.0003333333333 0.0003333333333)
(0.0425 0.0006666666667 0.0003333333333)
(0.0425 -0.0006666666667 0.0006666666667)
(0.0425 -0.0003333333333 0.0006666666667)
(0.0425 0 0.0006666666667)
(0.0425 0.0003333333333 0.0006666666667)
(0.0425 0.0006666666667 0.0006666666667)
(0.043 -0.0006666666667 -0.0006666666667)
(0.043 -0.0003333333333 -0.0006666666667)
(0.043 0 -0.0006666666667)
(0.043 0.0003333333333 -0.0006666666667)
(0.043 0.0006666666667 -0.0006666666667)
(0.043 -0.0006666666667 -0.0003333333333)
(0.043 -0.0003333333333 -0.0003333333333)
(0.043 0 -0.0003333333333)
(0.043 0.0003333333333 -0.0003333333333)
(0.043 0.0006666666667 -0.0003333333333)
(0.043 -0.0006666666667 0)
(0.043 -0.0003333333333 0)
(0.043 0 0)
(0.043 0.0003333333333 0)
(0.043 0.0006666666667 0)
(0.043 -0.0006666666667 0.0003333333333)
(0.043 -0.0003333333333 0.0003333333333)
(0.043 0 0.0003333333333)
(0.043 0.0003333333333 0.0003333333333)
(0.043 0.0006666666667 0.0003333333333)
(0.043 -0.0006666666667 0.0006666666667)
(0.043 -0.0003333333333 0.0006666666667)
(0.043 0 0.0006666666667)
(0.043 0.0003333333333 0.0006666666667)
(0.043 0.0006666666667 0.0006666666667)
(0.0435 -0.0006666666667 -0.0006666666667)
(0.0435 -0.0003333333333 -0.0006666666667)
(0.0435 0 -0.0006666666667)
(0.0435 0.0003333333333 -0.0006666666667)
(0.0435 0.0006666666667 -0.0006666666667)
(0.0435 -0.0006666666667 -0.0003333333333)
(0.0435 -0.0003333333333 -0.0003333333333)
(0.0435 0 -0.0003333333333)
(0.0435 0.0003333333333 -0.0003333333333)
(0.0435 0.0006666666667 -0.0003333333333)
(0.0435 -0.0006666666667 1.807003621e-20)
(0.0435 -0.0003333333333 0)
(0.0435 0 0)
(0.0435 0.0003333333333 0)
(0.0435 0.0006666666667 -1.355252716e-20)
(0.0435 -0.0006666666667 0.0003333333333)
(0.0435 -0.0003333333333 0.0003333333333)
(0.0435 0 0.0003333333333)
(0.0435 0.0003333333333 0.0003333333333)
(0.0435 0.0006666666667 0.0003333333333)
(0.0435 -0.0006666666667 0.0006666666667)
(0.0435 -0.0003333333333 0.0006666666667)
(0.0435 0 0.0006666666667)
(0.0435 0.0003333333333 0.0006666666667)
(0.0435 0.0006666666667 0.0006666666667)
(0.044 -0.0006666666667 -0.0006666666667)
(0.044 -0.0003333333333 -0.0006666666667)
(0.044 0 -0.0006666666667)
(0.044 0.0003333333333 -0.0006666666667)
(0.044 0.0006666666667 -0.0006666666667)
(0.044 -0.0006666666667 -0.0003333333333)
(0.044 -0.0003333333333 -0.0003333333333)
(0.044 0 -0.0003333333333)
(0.044 0.0003333333333 -0.0003333333333)
(0.044 0.0006666666667 -0.0003333333333)
(0.044 -0.0006666666667 0)
(0.044 -0.0003333333333 0)
(0.044 0 0)
(0.044 0.0003333333333 0)
(0.044 0.0006666666667 0)
(0.044 -0.0006666666667 0.0003333333333)
(0.044 -0.0003333333333 0.0003333333333)
(0.044 0 0.0003333333333)
(0.044 0.0003333333333 0.0003333333333)
(0.044 0.0006666666667 0.0003333333333)
(0.044 -0.0006666666667 0.0006666666667)
(0.044 -0.0003333333333 0.0006666666667)
(0.044 0 0.0006666666667)
(0.044 0.0003333333333 0.0006666666667)
(0.044 0.0006666666667 0.0006666666667)
(0.0445 -0.0006666666667 -0.0006666666667)
(0.0445 -0.0003333333333 -0.0006666666667)
(0.0445 0 -0.0006666666667)
(0.0445 0.0003333333333 -0.0006666666667)
(0.0445 0.0006666666667 -0.0006666666667)
(0.0445 -0.0006666666667 -0.0003333333333)
(0.0445 -0.0003333333333 -0.0003333333333)
(0.0445 0 -0.0003333333333)
(0.0445 0.0003333333333 -0.0003333333333)
(0.0445 0.0006666666667 -0.0003333333333)
(0.0445 -0.0006666666667 0)
(0.0445 -0.0003333333333 0)
(0.0445 0 0)
(0.0445 0.0003333333333 0)
(0.0445 0.0006666666667 0)
(0.0445 -0.0006666666667 0.0003333333333)
(0.0445 -0.0003333333333 0.0003333333333)
(0.0445 0 0.0003333333333)
(0.0445 0.0003333333333 0.0003333333333)
(0.0445 0.0006666666667 0.0003333333333)
(0.0445 -0.0006666666667 0.0006666666667)
(0.0445 -0.0003333333333 0.0006666666667)
(0.0445 0 0.0006666666667)
(0.0445 0.0003333333333 0.0006666666667)
(0.0445 0.0006666666667 0.0006666666667)
(0.045 -0.0006666666667 -0.0006666666667)
(0.045 -0.0003333333333 -0.0006666666667)
(0.045 0 -0.0006666666667)
(0.045 0.0003333333333 -0.0006666666667)
(0.045 0.0006666666667 -0.0006666666667)
(0.045 -0.0006666666667 -0.0003333333333)
(0.045 -0.0003333333333 -0.0003333333333)
(0.045 0 -0.0003333333333)
(0.045 0.0003333333333 -0.0003333333333)
(0.045 0.0006666666667 -0.0003333333333)
(0.045 -0.0006666666667 1.807003621e-20)
(0.045 -0.0003333333333 0)
(0.045 0 0)
(0.045 0.0003333333333 0)
(0.045 0.0006666666667 -1.355252716e-20)
(0.045 -0.0006666666667 0.0003333333333)
(0.045 -0.0003333333333 0.0003333333333)
(0.045 0 0.0003333333333)
(0.045 0.0003333333333 0.0003333333333)
(0.045 0.0006666666667 0.0003333333333)
(0.045 -0.0006666666667 0.0006666666667)
(0.045 -0.0003333333333 0.0006666666667)
(0.045 0 0.0006666666667)
(0.045 0.0003333333333 0.0006666666667)
(0.045 0.0006666666667 0.0006666666667)
(0.0455 -0.0006666666667 -0.0006666666667)
(0.0455 -0.0003333333333 -0.0006666666667)
(0.0455 0 -0.0006666666667)
(0.0455 0.0003333333333 -0.0006666666667)
(0.0455 0.0006666666667 -0.0006666666667)
(0.0455 -0.0006666666667 -0.0003333333333)
(0.0455 -0.0003333333333 -0.0003333333333)
(0.0455 0 -0.0003333333333)
(0.0455 0.0003333333333 -0.0003333333333)
(0.0455 0.0006666666667 -0.0003333333333)
(0.0455 -0.0006666666667 0)
(0.0455 -0.0003333333333 0)
(0.0455 0 0)
(0.0455 0.0003333333333 0)
(0.0455 0.0006666666667 0)
(0.0455 -0.0006666666667 0.0003333333333)
(0.0455 -0.0003333333333 0.0003333333333)
(0.0455 0 0.0003333333333)
(0.0455 0.0003333333333 0.0003333333333)
(0.0455 0.0006666666667 0.0003333333333)
(0.0455 -0.0006666666667 0.0006666666667)
(0.0455 -0.0003333333333 0.0006666666667)
(0.0455 0 0.0006666666667)
(0.0455 0.0003333333333 0.0006666666667)
(0.0455 0.0006666666667 0.0006666666667)
(0.046 -0.0006666666667 -0.0006666666667)
(0.046 -0.0003333333333 -0.0006666666667)
(0.046 0 -0.0006666666667)
(0.046 0.0003333333333 -0.0006666666667)
(0.046 0.0006666666667 -0.0006666666667)
(0.046 -0.0006666666667 -0.0003333333333)
(0.046 -0.0003333333333 -0.0003333333333)
(0.046 0 -0.0003333333333)
(0.046 0.0003333333333 -0.0003333333333)
(0.046 0.0006666666667 -0.0003333333333)
(0.046 -0.0006666666667 0)
(0.046 -0.0003333333333 0)
(0.046 0 0)
(0.046 0.0003333333333 0)
(0.046 0.0006666666667 0)
(0.046 -0.0006666666667 0.0003333333333)
(0.046 -0.0003333333333 0.0003333333333)
(0.046 0 0.0003333333333)
(0.046 0.0003333333333 0.0003333333333)
(0.046 0.0006666666667 0.0003333333333)
(0.046 -0.0006666666667 0.0006666666667)
(0.046 -0.0003333333333 0.0006666666667)
(0.046 0 0.0006666666667)
(0.046 0.0003333333333 0.0006666666667)
(0.046 0.0006666666667 0.0006666666667)
(0.0465 -0.0006666666667 -0.0006666666667)
(0.0465 -0.0003333333333 -0.0006666666667)
(0.0465 0 -0.0006666666667)
(0.0465 0.0003333333333 -0.0006666666667)
(0.0465 0.0006666666667 -0.0006666666667)
(0.0465 -0.0006666666667 -0.0003333333333)
(0.0465 -0.0003333333333 -0.0003333333333)
(0.0465 0 -0.0003333333333)
(0.0465 0.0003333333333 -0.0003333333333)
(0.0465 0.0006666666667 -0.0003333333333)
(0.0465 -0.0006666666667 1.807003621e-20)
(0.0465 -0.0003333333333 0)
(0.0465 0 0)
(0.0465 0.0003333333333 0)
(0.0465 0.0006666666667 -1.355252716e-20)
(0.0465 -0.0006666666667 0.0003333333333)
(0.0465 -0.0003333333333 0.0003333333333)
(0.0465 0 0.0003333333333)
(0.0465 0.0003333333333 0.0003333333333)
(0.0465 0.0006666666667 0.0003333333333)
(0.0465 -0.0006666666667 0.0006666666667)
(0.0465 -0.0003333333333 0.0006666666667)
(0.0465 0 0.0006666666667)
(0.0465 0.0003333333333 0.0006666666667)
(0.0465 0.0006666666667 0.0006666666667)
(0.047 -0.0006666666667 -0.0006666666667)
(0.047 -0.0003333333333 -0.0006666666667)
(0.047 0 -0.0006666666667)
(0.047 0.0003333333333 -0.0006666666667)
(0.047 0.0006666666667 -0.0006666666667)
(0.047 -0.0006666666667 -0.0003333333333)
(0.047 -0.0003333333333 -0.0003333333333)
(0.047 0 -0.0003333333333)
(0.047 0.0003333333333 -0.0003333333333)
(0.047 0.0006666666667 -0.0003333333333)
(0.047 -0.0006666666667 0)
(0.047 -0.0003333333333 0)
(0.047 0 0)
(0.047 0.0003333333333 0)
(0.047 0.0006666666667 0)
(0.047 -0.0006666666667 0.0003333333333)
(0.047 -0.0003333333333 0.0003333333333)
(0.047 0 0.0003333333333)
(0.047 0.0003333333333 0.0003333333333)
(0.047 0.0006666666667 0.0003333333333)
(0.047 -0.0006666666667 0.0006666666667)
(0.047 -0.0003333333333 0.0006666666667)
(0.047 0 0.0006666666667)
(0.047 0.0003333333333 0.0006666666667)
(0.047 0.0006666666667 0.0006666666667)
(0.0475 -0.0006666666667 -0.0006666666667)
(0.0475 -0.0003333333333 -0.0006666666667)
(0.0475 0 -0.0006666666667)
(0.0475 0.0003333333333 -0.0006666666667)
(0.0475 0.0006666666667 -0.0006666666667)
(0.0475 -0.0006666666667 -0.0003333333333)
(0.0475 -0.0003333333333 -0.0003333333333)
(0.0475 0 -0.0003333333333)
(0.0475 0.0003333333333 -0.0003333333333)
(0.0475 0.0006666666667 -0.0003333333333)
(0.0475 -0.0006666666667 0)
(0.0475 -0.0003333333333 0)
(0.0475 0 0)
(0.0475 0.0003333333333 0)
(0.0475 0.0006666666667 0)
(0.0475 -0.0006666666667 0.0003333333333)
(0.0475 -0.0003333333333 0.0003333333333)
(0.0475 0 0.0003333333333)
(0.0475 0.0003333333333 0.0003333333333)
(0.0475 0.0006666666667 0.0003333333333)
(0.0475 -0.0006666666667 0.0006666666667)
(0.0475 -0.0003333333333 0.0006666666667)
(0.0475 0 0.0006666666667)
(0.0475 0.0003333333333 0.0006666666667)
(0.0475 0.0006666666667 0.0006666666667)
(0.048 -0.0006666666667 -0.0006666666667)
(0.048 -0.0003333333333 -0.0006666666667)
(0.048 0 -0.0006666666667)
(0.048 0.0003333333333 -0.0006666666667)
(0.048 0.0006666666667 -0.0006666666667)
(0.048 -0.0006666666667 -0.0003333333333)
(0.048 -0.0003333333333 -0.0003333333333)
(0.048 0 -0.0003333333333)
(0.048 0.0003333333333 -0.0003333333333)
(0.048 0.0006666666667 -0.0003333333333)
(0.048 -0.0006666666667 0)
(0.048 -0.0003333333333 0)
(0.048 0 0)
(0.048 0.0003333333333 0)
(0.048 0.0006666666667 0)
(0.048 -0.0006666666667 0.0003333333333)
(0.048 -0.0003333333333 0.0003333333333)
(0.048 0 0.0003333333333)
(0.048 0.0003333333333 0.0003333333333)
(0.048 0.0006666666667 0.0003333333333)
(0.048 -0.0006666666667 0.0006666666667)
(0.048 -0.0003333333333 0.0006666666667)
(0.048 0 0.0006666666667)
(0.048 0.0003333333333 0.0006666666667)
(0.048 0.0006666666667 0.0006666666667)
(0.0485 -0.0006666666667 -0.0006666666667)
(0.0485 -0.0003333333333 -0.0006666666667)
(0.0485 0 -0.0006666666667)
(0.0485 0.0003333333333 -0.0006666666667)
(0.0485 0.0006666666667 -0.0006666666667)
(0.0485 -0.0006666666667 -0.0003333333333)
(0.0485 -0.0003333333333 -0.0003333333333)
(0.0485 0 -0.0003333333333)
(0.0485 0.0003333333333 -0.0003333333333)
(0.0485 0.0006666666667 -0.0003333333333)
(0.0485 -0.0006666666667 0)
(0.0485 -0.0003333333333 0)
(0.0485 0 0)
(0.0485 0.0003333333333 0)
(0.0485 0.0006666666667 0)
(0.0485 -0.0006666666667 0.0003333333333)
(0.0485 -0.0003333333333 0.0003333333333)
(0.0485 0 0.0003333333333)
(0.0485 0.0003333333333 0.0003333333333)
(0.0485 0.0006666666667 0.0003333333333)
(0.0485 -0.0006666666667 0.0006666666667)
(0.0485 -0.0003333333333 0.0006666666667)
(0.0485 0 0.0006666666667)
(0.0485 0.0003333333333 0.0006666666667)
(0.0485 0.0006666666667 0.0006666666667)
(0.049 -0.0006666666667 -0.0006666666667)
(0.049 -0.0003333333333 -0.0006666666667)
(0.049 0 -0.0006666666667)
(0.049 0.0003333333333 -0.0006666666667)
(0.049 0.0006666666667 -0.0006666666667)
(0.049 -0.0006666666667 -0.0003333333333)
(0.049 -0.0003333333333 -0.0003333333333)
(0.049 0 -0.0003333333333)
(0.049 0.0003333333333 -0.0003333333333)
(0.049 0.0006666666667 -0.0003333333333)
(0.049 -0.0006666666667 0)
(0.049 -0.0003333333333 0)
(0.049 0 0)
(0.049 0.0003333333333 0)
(0.049 0.0006666666667 0)
(0.049 -0.0006666666667 0.0003333333333)
(0.049 -0.0003333333333 0.0003333333333)
(0.049 0 0.0003333333333)
(0.049 0.0003333333333 0.0003333333333)
(0.049 0.0006666666667 0.0003333333333)
(0.049 -0.0006666666667 0.0006666666667)
(0.049 -0.0003333333333 0.0006666666667)
(0.049 0 0.0006666666667)
(0.049 0.0003333333333 0.0006666666667)
(0.049 0.0006666666667 0.0006666666667)
(0.0495 -0.0006666666667 -0.0006666666667)
(0.0495 -0.0003333333333 -0.0006666666667)
(0.0495 0 -0.0006666666667)
(0.0495 0.0003333333333 -0.0006666666667)
(0.0495 0.0006666666667 -0.0006666666667)
(0.0495 -0.0006666666667 -0.0003333333333)
(0.0495 -0.0003333333333 -0.0003333333333)
(0.0495 0 -0.0003333333333)
(0.0495 0.0003333333333 -0.0003333333333)
(0.0495 0.0006666666667 -0.0003333333333)
(0.0495 -0.0006666666667 0)
(0.0495 -0.0003333333333 0)
(0.0495 0 0)
(0.0495 0.0003333333333 0)
(0.0495 0.0006666666667 0)
(0.0495 -0.0006666666667 0.0003333333333)
(0.0495 -0.0003333333333 0.0003333333333)
(0.0495 0 0.0003333333333)
(0.0495 0.0003333333333 0.0003333333333)
(0.0495 0.0006666666667 0.0003333333333)
(0.0495 -0.0006666666667 0.0006666666667)
(0.0495 -0.0003333333333 0.0006666666667)
(0.0495 0 0.0006666666667)
(0.0495 0.0003333333333 0.0006666666667)
(0.0495 0.0006666666667 0.0006666666667)
(0.05 -0.0006666666667 -0.0006666666667)
(0.05 -0.0003333333333 -0.0006666666667)
(0.05 0 -0.0006666666667)
(0.05 0.0003333333333 -0.0006666666667)
(0.05 0.0006666666667 -0.0006666666667)
(0.05 -0.0006666666667 -0.0003333333333)
(0.05 -0.0003333333333 -0.0003333333333)
(0.05 0 -0.0003333333333)
(0.05 0.0003333333333 -0.0003333333333)
(0.05 0.0006666666667 -0.0003333333333)
(0.05 -0.0006666666667 0)
(0.05 -0.0003333333333 0)
(0.05 0 0)
(0.05 0.0003333333333 0)
(0.05 0.0006666666667 0)
(0.05 -0.0006666666667 0.0003333333333)
(0.05 -0.0003333333333 0.0003333333333)
(0.05 0 0.0003333333333)
(0.05 0.0003333333333 0.0003333333333)
(0.05 0.0006666666667 0.0003333333333)
(0.05 -0.0006666666667 0.0006666666667)
(0.05 -0.0003333333333 0.0006666666667)
(0.05 0 0.0006666666667)
(0.05 0.0003333333333 0.0006666666667)
(0.05 0.0006666666667 0.0006666666667)
)


// ************************************************************************* //
