/*--------------------------------*- C++ -*----------------------------------*\
  =========                 |
  \\      /  F ield         | OpenFOAM: The Open Source CFD Toolbox
   \\    /   O peration     | Website:  https://openfoam.org
    \\  /    A nd           | Version:  13
     \\/     M anipulation  |
\*---------------------------------------------------------------------------*/
FoamFile
{
    format      ascii;
    class       labelList;
    note        "nPoints: 55005 nCells: 51120 nFaces: 156948 nInternalFaces: 149772";
    location    "constant/polyMesh";
    object      neighbour;
}
// * * * * * * * * * * * * * * * * * * * * * * * * * * * * * * * * * * * * * //


149772
(
1
6
36
10224
2
7
37
3
8
38
4
9
39
5
10
40
11
41
20453
7
12
42
10225
8
13
43
9
14
44
10
15
45
11
16
46
17
47
20452
13
18
48
10226
14
19
49
15
20
50
16
21
51
17
22
52
23
53
20451
19
24
54
10227
20
25
55
21
26
56
22
27
57
23
28
58
29
59
20450
25
30
60
10228
26
31
61
27
32
62
28
33
63
29
34
64
35
65
20449
31
66
10229
40896
32
67
40897
33
68
40898
34
69
40899
35
70
40900
71
20448
40901
37
42
72
10260
38
43
73
39
44
74
40
45
75
41
46
76
47
77
20489
43
48
78
10261
44
49
79
45
50
80
46
51
81
47
52
82
53
83
20488
49
54
84
10262
50
55
85
51
56
86
52
57
87
53
58
88
59
89
20487
55
60
90
10263
56
61
91
57
62
92
58
63
93
59
64
94
65
95
20486
61
66
96
10264
62
67
97
63
68
98
64
69
99
65
70
100
71
101
20485
67
102
10265
40932
68
103
40933
69
104
40934
70
105
40935
71
106
40936
107
20484
40937
73
78
108
10296
74
79
109
75
80
110
76
81
111
77
82
112
83
113
20525
79
84
114
10297
80
85
115
81
86
116
82
87
117
83
88
118
89
119
20524
85
90
120
10298
86
91
121
87
92
122
88
93
123
89
94
124
95
125
20523
91
96
126
10299
92
97
127
93
98
128
94
99
129
95
100
130
101
131
20522
97
102
132
10300
98
103
133
99
104
134
100
105
135
101
106
136
107
137
20521
103
138
10301
40968
104
139
40969
105
140
40970
106
141
40971
107
142
40972
143
20520
40973
109
114
144
10332
110
115
145
111
116
146
112
117
147
113
118
148
119
149
20561
115
120
150
10333
116
121
151
117
122
152
118
123
153
119
124
154
125
155
20560
121
126
156
10334
122
127
157
123
128
158
124
129
159
125
130
160
131
161
20559
127
132
162
10335
128
133
163
129
134
164
130
135
165
131
136
166
137
167
20558
133
138
168
10336
134
139
169
135
140
170
136
141
171
137
142
172
143
173
20557
139
174
10337
41004
140
175
41005
141
176
41006
142
177
41007
143
178
41008
179
20556
41009
145
150
180
10368
146
151
181
147
152
182
148
153
183
149
154
184
155
185
20597
151
156
186
10369
152
157
187
153
158
188
154
159
189
155
160
190
161
191
20596
157
162
192
10370
158
163
193
159
164
194
160
165
195
161
166
196
167
197
20595
163
168
198
10371
164
169
199
165
170
200
166
171
201
167
172
202
173
203
20594
169
174
204
10372
170
175
205
171
176
206
172
177
207
173
178
208
179
209
20593
175
210
10373
41040
176
211
41041
177
212
41042
178
213
41043
179
214
41044
215
20592
41045
181
186
216
10404
182
187
217
183
188
218
184
189
219
185
190
220
191
221
20633
187
192
222
10405
188
193
223
189
194
224
190
195
225
191
196
226
197
227
20632
193
198
228
10406
194
199
229
195
200
230
196
201
231
197
202
232
203
233
20631
199
204
234
10407
200
205
235
201
206
236
202
207
237
203
208
238
209
239
20630
205
210
240
10408
206
211
241
207
212
242
208
213
243
209
214
244
215
245
20629
211
246
10409
41076
212
247
41077
213
248
41078
214
249
41079
215
250
41080
251
20628
41081
217
222
252
10440
218
223
253
219
224
254
220
225
255
221
226
256
227
257
20669
223
228
258
10441
224
229
259
225
230
260
226
231
261
227
232
262
233
263
20668
229
234
264
10442
230
235
265
231
236
266
232
237
267
233
238
268
239
269
20667
235
240
270
10443
236
241
271
237
242
272
238
243
273
239
244
274
245
275
20666
241
246
276
10444
242
247
277
243
248
278
244
249
279
245
250
280
251
281
20665
247
282
10445
41112
248
283
41113
249
284
41114
250
285
41115
251
286
41116
287
20664
41117
253
258
288
10476
254
259
289
255
260
290
256
261
291
257
262
292
263
293
20705
259
264
294
10477
260
265
295
261
266
296
262
267
297
263
268
298
269
299
20704
265
270
300
10478
266
271
301
267
272
302
268
273
303
269
274
304
275
305
20703
271
276
306
10479
272
277
307
273
278
308
274
279
309
275
280
310
281
311
20702
277
282
312
10480
278
283
313
279
284
314
280
285
315
281
286
316
287
317
20701
283
318
10481
41148
284
319
41149
285
320
41150
286
321
41151
287
322
41152
323
20700
41153
289
294
324
10512
290
295
325
291
296
326
292
297
327
293
298
328
299
329
20741
295
300
330
10513
296
301
331
297
302
332
298
303
333
299
304
334
305
335
20740
301
306
336
10514
302
307
337
303
308
338
304
309
339
305
310
340
311
341
20739
307
312
342
10515
308
313
343
309
314
344
310
315
345
311
316
346
317
347
20738
313
318
348
10516
314
319
349
315
320
350
316
321
351
317
322
352
323
353
20737
319
354
10517
41184
320
355
41185
321
356
41186
322
357
41187
323
358
41188
359
20736
41189
325
330
360
10548
326
331
361
327
332
362
328
333
363
329
334
364
335
365
20777
331
336
366
10549
332
337
367
333
338
368
334
339
369
335
340
370
341
371
20776
337
342
372
10550
338
343
373
339
344
374
340
345
375
341
346
376
347
377
20775
343
348
378
10551
344
349
379
345
350
380
346
351
381
347
352
382
353
383
20774
349
354
384
10552
350
355
385
351
356
386
352
357
387
353
358
388
359
389
20773
355
390
10553
41220
356
391
41221
357
392
41222
358
393
41223
359
394
41224
395
20772
41225
361
366
396
10584
362
367
397
363
368
398
364
369
399
365
370
400
371
401
20813
367
372
402
10585
368
373
403
369
374
404
370
375
405
371
376
406
377
407
20812
373
378
408
10586
374
379
409
375
380
410
376
381
411
377
382
412
383
413
20811
379
384
414
10587
380
385
415
381
386
416
382
387
417
383
388
418
389
419
20810
385
390
420
10588
386
391
421
387
392
422
388
393
423
389
394
424
395
425
20809
391
426
10589
41256
392
427
41257
393
428
41258
394
429
41259
395
430
41260
431
20808
41261
397
402
432
10620
398
403
433
399
404
434
400
405
435
401
406
436
407
437
20849
403
408
438
10621
404
409
439
405
410
440
406
411
441
407
412
442
413
443
20848
409
414
444
10622
410
415
445
411
416
446
412
417
447
413
418
448
419
449
20847
415
420
450
10623
416
421
451
417
422
452
418
423
453
419
424
454
425
455
20846
421
426
456
10624
422
427
457
423
428
458
424
429
459
425
430
460
431
461
20845
427
462
10625
41292
428
463
41293
429
464
41294
430
465
41295
431
466
41296
467
20844
41297
433
438
468
10656
434
439
469
435
440
470
436
441
471
437
442
472
443
473
20885
439
444
474
10657
440
445
475
441
446
476
442
447
477
443
448
478
449
479
20884
445
450
480
10658
446
451
481
447
452
482
448
453
483
449
454
484
455
485
20883
451
456
486
10659
452
457
487
453
458
488
454
459
489
455
460
490
461
491
20882
457
462
492
10660
458
463
493
459
464
494
460
465
495
461
466
496
467
497
20881
463
498
10661
41328
464
499
41329
465
500
41330
466
501
41331
467
502
41332
503
20880
41333
469
474
504
10692
470
475
505
471
476
506
472
477
507
473
478
508
479
509
20921
475
480
510
10693
476
481
511
477
482
512
478
483
513
479
484
514
485
515
20920
481
486
516
10694
482
487
517
483
488
518
484
489
519
485
490
520
491
521
20919
487
492
522
10695
488
493
523
489
494
524
490
495
525
491
496
526
497
527
20918
493
498
528
10696
494
499
529
495
500
530
496
501
531
497
502
532
503
533
20917
499
534
10697
41364
500
535
41365
501
536
41366
502
537
41367
503
538
41368
539
20916
41369
505
510
540
10728
506
511
541
507
512
542
508
513
543
509
514
544
515
545
20957
511
516
546
10729
512
517
547
513
518
548
514
519
549
515
520
550
521
551
20956
517
522
552
10730
518
523
553
519
524
554
520
525
555
521
526
556
527
557
20955
523
528
558
10731
524
529
559
525
530
560
526
531
561
527
532
562
533
563
20954
529
534
564
10732
530
535
565
531
536
566
532
537
567
533
538
568
539
569
20953
535
570
10733
41400
536
571
41401
537
572
41402
538
573
41403
539
574
41404
575
20952
41405
541
546
576
10764
542
547
577
543
548
578
544
549
579
545
550
580
551
581
20993
547
552
582
10765
548
553
583
549
554
584
550
555
585
551
556
586
557
587
20992
553
558
588
10766
554
559
589
555
560
590
556
561
591
557
562
592
563
593
20991
559
564
594
10767
560
565
595
561
566
596
562
567
597
563
568
598
569
599
20990
565
570
600
10768
566
571
601
567
572
602
568
573
603
569
574
604
575
605
20989
571
606
10769
41436
572
607
41437
573
608
41438
574
609
41439
575
610
41440
611
20988
41441
577
582
612
10800
578
583
613
579
584
614
580
585
615
581
586
616
587
617
21029
583
588
618
10801
584
589
619
585
590
620
586
591
621
587
592
622
593
623
21028
589
594
624
10802
590
595
625
591
596
626
592
597
627
593
598
628
599
629
21027
595
600
630
10803
596
601
631
597
602
632
598
603
633
599
604
634
605
635
21026
601
606
636
10804
602
607
637
603
608
638
604
609
639
605
610
640
611
641
21025
607
642
10805
41472
608
643
41473
609
644
41474
610
645
41475
611
646
41476
647
21024
41477
613
618
648
10836
614
619
649
615
620
650
616
621
651
617
622
652
623
653
21065
619
624
654
10837
620
625
655
621
626
656
622
627
657
623
628
658
629
659
21064
625
630
660
10838
626
631
661
627
632
662
628
633
663
629
634
664
635
665
21063
631
636
666
10839
632
637
667
633
638
668
634
639
669
635
640
670
641
671
21062
637
642
672
10840
638
643
673
639
644
674
640
645
675
641
646
676
647
677
21061
643
678
10841
41508
644
679
41509
645
680
41510
646
681
41511
647
682
41512
683
21060
41513
649
654
684
10872
650
655
685
651
656
686
652
657
687
653
658
688
659
689
21101
655
660
690
10873
656
661
691
657
662
692
658
663
693
659
664
694
665
695
21100
661
666
696
10874
662
667
697
663
668
698
664
669
699
665
670
700
671
701
21099
667
672
702
10875
668
673
703
669
674
704
670
675
705
671
676
706
677
707
21098
673
678
708
10876
674
679
709
675
680
710
676
681
711
677
682
712
683
713
21097
679
714
10877
41544
680
715
41545
681
716
41546
682
717
41547
683
718
41548
719
21096
41549
685
690
720
10908
686
691
721
687
692
722
688
693
723
689
694
724
695
725
21137
691
696
726
10909
692
697
727
693
698
728
694
699
729
695
700
730
701
731
21136
697
702
732
10910
698
703
733
699
704
734
700
705
735
701
706
736
707
737
21135
703
708
738
10911
704
709
739
705
710
740
706
711
741
707
712
742
713
743
21134
709
714
744
10912
710
715
745
711
716
746
712
717
747
713
718
748
719
749
21133
715
750
10913
41580
716
751
41581
717
752
41582
718
753
41583
719
754
41584
755
21132
41585
721
726
756
10944
722
727
757
723
728
758
724
729
759
725
730
760
731
761
21173
727
732
762
10945
728
733
763
729
734
764
730
735
765
731
736
766
737
767
21172
733
738
768
10946
734
739
769
735
740
770
736
741
771
737
742
772
743
773
21171
739
744
774
10947
740
745
775
741
746
776
742
747
777
743
748
778
749
779
21170
745
750
780
10948
746
751
781
747
752
782
748
753
783
749
754
784
755
785
21169
751
786
10949
41616
752
787
41617
753
788
41618
754
789
41619
755
790
41620
791
21168
41621
757
762
792
10980
758
763
793
759
764
794
760
765
795
761
766
796
767
797
21209
763
768
798
10981
764
769
799
765
770
800
766
771
801
767
772
802
773
803
21208
769
774
804
10982
770
775
805
771
776
806
772
777
807
773
778
808
779
809
21207
775
780
810
10983
776
781
811
777
782
812
778
783
813
779
784
814
785
815
21206
781
786
816
10984
782
787
817
783
788
818
784
789
819
785
790
820
791
821
21205
787
822
10985
41652
788
823
41653
789
824
41654
790
825
41655
791
826
41656
827
21204
41657
793
798
828
11016
794
799
829
795
800
830
796
801
831
797
802
832
803
833
21245
799
804
834
11017
800
805
835
801
806
836
802
807
837
803
808
838
809
839
21244
805
810
840
11018
806
811
841
807
812
842
808
813
843
809
814
844
815
845
21243
811
816
846
11019
812
817
847
813
818
848
814
819
849
815
820
850
821
851
21242
817
822
852
11020
818
823
853
819
824
854
820
825
855
821
826
856
827
857
21241
823
858
11021
41688
824
859
41689
825
860
41690
826
861
41691
827
862
41692
863
21240
41693
829
834
864
11052
830
835
865
831
836
866
832
837
867
833
838
868
839
869
21281
835
840
870
11053
836
841
871
837
842
872
838
843
873
839
844
874
845
875
21280
841
846
876
11054
842
847
877
843
848
878
844
849
879
845
850
880
851
881
21279
847
852
882
11055
848
853
883
849
854
884
850
855
885
851
856
886
857
887
21278
853
858
888
11056
854
859
889
855
860
890
856
861
891
857
862
892
863
893
21277
859
894
11057
41724
860
895
41725
861
896
41726
862
897
41727
863
898
41728
899
21276
41729
865
870
900
11088
866
871
901
867
872
902
868
873
903
869
874
904
875
905
21317
871
876
906
11089
872
877
907
873
878
908
874
879
909
875
880
910
881
911
21316
877
882
912
11090
878
883
913
879
884
914
880
885
915
881
886
916
887
917
21315
883
888
918
11091
884
889
919
885
890
920
886
891
921
887
892
922
893
923
21314
889
894
924
11092
890
895
925
891
896
926
892
897
927
893
898
928
899
929
21313
895
930
11093
41760
896
931
41761
897
932
41762
898
933
41763
899
934
41764
935
21312
41765
901
906
936
11124
902
907
937
903
908
938
904
909
939
905
910
940
911
941
21353
907
912
942
11125
908
913
943
909
914
944
910
915
945
911
916
946
917
947
21352
913
918
948
11126
914
919
949
915
920
950
916
921
951
917
922
952
923
953
21351
919
924
954
11127
920
925
955
921
926
956
922
927
957
923
928
958
929
959
21350
925
930
960
11128
926
931
961
927
932
962
928
933
963
929
934
964
935
965
21349
931
966
11129
41796
932
967
41797
933
968
41798
934
969
41799
935
970
41800
971
21348
41801
937
942
972
11160
938
943
973
939
944
974
940
945
975
941
946
976
947
977
21389
943
948
978
11161
944
949
979
945
950
980
946
951
981
947
952
982
953
983
21388
949
954
984
11162
950
955
985
951
956
986
952
957
987
953
958
988
959
989
21387
955
960
990
11163
956
961
991
957
962
992
958
963
993
959
964
994
965
995
21386
961
966
996
11164
962
967
997
963
968
998
964
969
999
965
970
1000
971
1001
21385
967
1002
11165
41832
968
1003
41833
969
1004
41834
970
1005
41835
971
1006
41836
1007
21384
41837
973
978
1008
11196
974
979
1009
975
980
1010
976
981
1011
977
982
1012
983
1013
21425
979
984
1014
11197
980
985
1015
981
986
1016
982
987
1017
983
988
1018
989
1019
21424
985
990
1020
11198
986
991
1021
987
992
1022
988
993
1023
989
994
1024
995
1025
21423
991
996
1026
11199
992
997
1027
993
998
1028
994
999
1029
995
1000
1030
1001
1031
21422
997
1002
1032
11200
998
1003
1033
999
1004
1034
1000
1005
1035
1001
1006
1036
1007
1037
21421
1003
1038
11201
41868
1004
1039
41869
1005
1040
41870
1006
1041
41871
1007
1042
41872
1043
21420
41873
1009
1014
1044
11232
1010
1015
1045
1011
1016
1046
1012
1017
1047
1013
1018
1048
1019
1049
21461
1015
1020
1050
11233
1016
1021
1051
1017
1022
1052
1018
1023
1053
1019
1024
1054
1025
1055
21460
1021
1026
1056
11234
1022
1027
1057
1023
1028
1058
1024
1029
1059
1025
1030
1060
1031
1061
21459
1027
1032
1062
11235
1028
1033
1063
1029
1034
1064
1030
1035
1065
1031
1036
1066
1037
1067
21458
1033
1038
1068
11236
1034
1039
1069
1035
1040
1070
1036
1041
1071
1037
1042
1072
1043
1073
21457
1039
1074
11237
41904
1040
1075
41905
1041
1076
41906
1042
1077
41907
1043
1078
41908
1079
21456
41909
1045
1050
1080
11268
1046
1051
1081
1047
1052
1082
1048
1053
1083
1049
1054
1084
1055
1085
21497
1051
1056
1086
11269
1052
1057
1087
1053
1058
1088
1054
1059
1089
1055
1060
1090
1061
1091
21496
1057
1062
1092
11270
1058
1063
1093
1059
1064
1094
1060
1065
1095
1061
1066
1096
1067
1097
21495
1063
1068
1098
11271
1064
1069
1099
1065
1070
1100
1066
1071
1101
1067
1072
1102
1073
1103
21494
1069
1074
1104
11272
1070
1075
1105
1071
1076
1106
1072
1077
1107
1073
1078
1108
1079
1109
21493
1075
1110
11273
41940
1076
1111
41941
1077
1112
41942
1078
1113
41943
1079
1114
41944
1115
21492
41945
1081
1086
1116
11304
1082
1087
1117
1083
1088
1118
1084
1089
1119
1085
1090
1120
1091
1121
21533
1087
1092
1122
11305
1088
1093
1123
1089
1094
1124
1090
1095
1125
1091
1096
1126
1097
1127
21532
1093
1098
1128
11306
1094
1099
1129
1095
1100
1130
1096
1101
1131
1097
1102
1132
1103
1133
21531
1099
1104
1134
11307
1100
1105
1135
1101
1106
1136
1102
1107
1137
1103
1108
1138
1109
1139
21530
1105
1110
1140
11308
1106
1111
1141
1107
1112
1142
1108
1113
1143
1109
1114
1144
1115
1145
21529
1111
1146
11309
41976
1112
1147
41977
1113
1148
41978
1114
1149
41979
1115
1150
41980
1151
21528
41981
1117
1122
1152
11340
1118
1123
1153
1119
1124
1154
1120
1125
1155
1121
1126
1156
1127
1157
21569
1123
1128
1158
11341
1124
1129
1159
1125
1130
1160
1126
1131
1161
1127
1132
1162
1133
1163
21568
1129
1134
1164
11342
1130
1135
1165
1131
1136
1166
1132
1137
1167
1133
1138
1168
1139
1169
21567
1135
1140
1170
11343
1136
1141
1171
1137
1142
1172
1138
1143
1173
1139
1144
1174
1145
1175
21566
1141
1146
1176
11344
1142
1147
1177
1143
1148
1178
1144
1149
1179
1145
1150
1180
1151
1181
21565
1147
1182
11345
42012
1148
1183
42013
1149
1184
42014
1150
1185
42015
1151
1186
42016
1187
21564
42017
1153
1158
1188
11376
1154
1159
1189
1155
1160
1190
1156
1161
1191
1157
1162
1192
1163
1193
21605
1159
1164
1194
11377
1160
1165
1195
1161
1166
1196
1162
1167
1197
1163
1168
1198
1169
1199
21604
1165
1170
1200
11378
1166
1171
1201
1167
1172
1202
1168
1173
1203
1169
1174
1204
1175
1205
21603
1171
1176
1206
11379
1172
1177
1207
1173
1178
1208
1174
1179
1209
1175
1180
1210
1181
1211
21602
1177
1182
1212
11380
1178
1183
1213
1179
1184
1214
1180
1185
1215
1181
1186
1216
1187
1217
21601
1183
1218
11381
42048
1184
1219
42049
1185
1220
42050
1186
1221
42051
1187
1222
42052
1223
21600
42053
1189
1194
1224
11412
1190
1195
1225
1191
1196
1226
1192
1197
1227
1193
1198
1228
1199
1229
21641
1195
1200
1230
11413
1196
1201
1231
1197
1202
1232
1198
1203
1233
1199
1204
1234
1205
1235
21640
1201
1206
1236
11414
1202
1207
1237
1203
1208
1238
1204
1209
1239
1205
1210
1240
1211
1241
21639
1207
1212
1242
11415
1208
1213
1243
1209
1214
1244
1210
1215
1245
1211
1216
1246
1217
1247
21638
1213
1218
1248
11416
1214
1219
1249
1215
1220
1250
1216
1221
1251
1217
1222
1252
1223
1253
21637
1219
1254
11417
42084
1220
1255
42085
1221
1256
42086
1222
1257
42087
1223
1258
42088
1259
21636
42089
1225
1230
1260
11448
1226
1231
1261
1227
1232
1262
1228
1233
1263
1229
1234
1264
1235
1265
21677
1231
1236
1266
11449
1232
1237
1267
1233
1238
1268
1234
1239
1269
1235
1240
1270
1241
1271
21676
1237
1242
1272
11450
1238
1243
1273
1239
1244
1274
1240
1245
1275
1241
1246
1276
1247
1277
21675
1243
1248
1278
11451
1244
1249
1279
1245
1250
1280
1246
1251
1281
1247
1252
1282
1253
1283
21674
1249
1254
1284
11452
1250
1255
1285
1251
1256
1286
1252
1257
1287
1253
1258
1288
1259
1289
21673
1255
1290
11453
42120
1256
1291
42121
1257
1292
42122
1258
1293
42123
1259
1294
42124
1295
21672
42125
1261
1266
1296
11484
1262
1267
1297
1263
1268
1298
1264
1269
1299
1265
1270
1300
1271
1301
21713
1267
1272
1302
11485
1268
1273
1303
1269
1274
1304
1270
1275
1305
1271
1276
1306
1277
1307
21712
1273
1278
1308
11486
1274
1279
1309
1275
1280
1310
1276
1281
1311
1277
1282
1312
1283
1313
21711
1279
1284
1314
11487
1280
1285
1315
1281
1286
1316
1282
1287
1317
1283
1288
1318
1289
1319
21710
1285
1290
1320
11488
1286
1291
1321
1287
1292
1322
1288
1293
1323
1289
1294
1324
1295
1325
21709
1291
1326
11489
42156
1292
1327
42157
1293
1328
42158
1294
1329
42159
1295
1330
42160
1331
21708
42161
1297
1302
1332
11520
1298
1303
1333
1299
1304
1334
1300
1305
1335
1301
1306
1336
1307
1337
21749
1303
1308
1338
11521
1304
1309
1339
1305
1310
1340
1306
1311
1341
1307
1312
1342
1313
1343
21748
1309
1314
1344
11522
1310
1315
1345
1311
1316
1346
1312
1317
1347
1313
1318
1348
1319
1349
21747
1315
1320
1350
11523
1316
1321
1351
1317
1322
1352
1318
1323
1353
1319
1324
1354
1325
1355
21746
1321
1326
1356
11524
1322
1327
1357
1323
1328
1358
1324
1329
1359
1325
1330
1360
1331
1361
21745
1327
1362
11525
42192
1328
1363
42193
1329
1364
42194
1330
1365
42195
1331
1366
42196
1367
21744
42197
1333
1338
1368
11556
1334
1339
1369
1335
1340
1370
1336
1341
1371
1337
1342
1372
1343
1373
21785
1339
1344
1374
11557
1340
1345
1375
1341
1346
1376
1342
1347
1377
1343
1348
1378
1349
1379
21784
1345
1350
1380
11558
1346
1351
1381
1347
1352
1382
1348
1353
1383
1349
1354
1384
1355
1385
21783
1351
1356
1386
11559
1352
1357
1387
1353
1358
1388
1354
1359
1389
1355
1360
1390
1361
1391
21782
1357
1362
1392
11560
1358
1363
1393
1359
1364
1394
1360
1365
1395
1361
1366
1396
1367
1397
21781
1363
1398
11561
42228
1364
1399
42229
1365
1400
42230
1366
1401
42231
1367
1402
42232
1403
21780
42233
1369
1374
1404
11592
1370
1375
1405
1371
1376
1406
1372
1377
1407
1373
1378
1408
1379
1409
21821
1375
1380
1410
11593
1376
1381
1411
1377
1382
1412
1378
1383
1413
1379
1384
1414
1385
1415
21820
1381
1386
1416
11594
1382
1387
1417
1383
1388
1418
1384
1389
1419
1385
1390
1420
1391
1421
21819
1387
1392
1422
11595
1388
1393
1423
1389
1394
1424
1390
1395
1425
1391
1396
1426
1397
1427
21818
1393
1398
1428
11596
1394
1399
1429
1395
1400
1430
1396
1401
1431
1397
1402
1432
1403
1433
21817
1399
1434
11597
42264
1400
1435
42265
1401
1436
42266
1402
1437
42267
1403
1438
42268
1439
21816
42269
1405
1410
1440
11628
1406
1411
1441
1407
1412
1442
1408
1413
1443
1409
1414
1444
1415
1445
21857
1411
1416
1446
11629
1412
1417
1447
1413
1418
1448
1414
1419
1449
1415
1420
1450
1421
1451
21856
1417
1422
1452
11630
1418
1423
1453
1419
1424
1454
1420
1425
1455
1421
1426
1456
1427
1457
21855
1423
1428
1458
11631
1424
1429
1459
1425
1430
1460
1426
1431
1461
1427
1432
1462
1433
1463
21854
1429
1434
1464
11632
1430
1435
1465
1431
1436
1466
1432
1437
1467
1433
1438
1468
1439
1469
21853
1435
1470
11633
42300
1436
1471
42301
1437
1472
42302
1438
1473
42303
1439
1474
42304
1475
21852
42305
1441
1446
1476
11664
1442
1447
1477
1443
1448
1478
1444
1449
1479
1445
1450
1480
1451
1481
21893
1447
1452
1482
11665
1448
1453
1483
1449
1454
1484
1450
1455
1485
1451
1456
1486
1457
1487
21892
1453
1458
1488
11666
1454
1459
1489
1455
1460
1490
1456
1461
1491
1457
1462
1492
1463
1493
21891
1459
1464
1494
11667
1460
1465
1495
1461
1466
1496
1462
1467
1497
1463
1468
1498
1469
1499
21890
1465
1470
1500
11668
1466
1471
1501
1467
1472
1502
1468
1473
1503
1469
1474
1504
1475
1505
21889
1471
1506
11669
42336
1472
1507
42337
1473
1508
42338
1474
1509
42339
1475
1510
42340
1511
21888
42341
1477
1482
1512
11700
1478
1483
1513
1479
1484
1514
1480
1485
1515
1481
1486
1516
1487
1517
21929
1483
1488
1518
11701
1484
1489
1519
1485
1490
1520
1486
1491
1521
1487
1492
1522
1493
1523
21928
1489
1494
1524
11702
1490
1495
1525
1491
1496
1526
1492
1497
1527
1493
1498
1528
1499
1529
21927
1495
1500
1530
11703
1496
1501
1531
1497
1502
1532
1498
1503
1533
1499
1504
1534
1505
1535
21926
1501
1506
1536
11704
1502
1507
1537
1503
1508
1538
1504
1509
1539
1505
1510
1540
1511
1541
21925
1507
1542
11705
42372
1508
1543
42373
1509
1544
42374
1510
1545
42375
1511
1546
42376
1547
21924
42377
1513
1518
1548
11736
1514
1519
1549
1515
1520
1550
1516
1521
1551
1517
1522
1552
1523
1553
21965
1519
1524
1554
11737
1520
1525
1555
1521
1526
1556
1522
1527
1557
1523
1528
1558
1529
1559
21964
1525
1530
1560
11738
1526
1531
1561
1527
1532
1562
1528
1533
1563
1529
1534
1564
1535
1565
21963
1531
1536
1566
11739
1532
1537
1567
1533
1538
1568
1534
1539
1569
1535
1540
1570
1541
1571
21962
1537
1542
1572
11740
1538
1543
1573
1539
1544
1574
1540
1545
1575
1541
1546
1576
1547
1577
21961
1543
1578
11741
42408
1544
1579
42409
1545
1580
42410
1546
1581
42411
1547
1582
42412
1583
21960
42413
1549
1554
1584
11772
1550
1555
1585
1551
1556
1586
1552
1557
1587
1553
1558
1588
1559
1589
22001
1555
1560
1590
11773
1556
1561
1591
1557
1562
1592
1558
1563
1593
1559
1564
1594
1565
1595
22000
1561
1566
1596
11774
1562
1567
1597
1563
1568
1598
1564
1569
1599
1565
1570
1600
1571
1601
21999
1567
1572
1602
11775
1568
1573
1603
1569
1574
1604
1570
1575
1605
1571
1576
1606
1577
1607
21998
1573
1578
1608
11776
1574
1579
1609
1575
1580
1610
1576
1581
1611
1577
1582
1612
1583
1613
21997
1579
1614
11777
42444
1580
1615
42445
1581
1616
42446
1582
1617
42447
1583
1618
42448
1619
21996
42449
1585
1590
1620
11808
1586
1591
1621
1587
1592
1622
1588
1593
1623
1589
1594
1624
1595
1625
22037
1591
1596
1626
11809
1592
1597
1627
1593
1598
1628
1594
1599
1629
1595
1600
1630
1601
1631
22036
1597
1602
1632
11810
1598
1603
1633
1599
1604
1634
1600
1605
1635
1601
1606
1636
1607
1637
22035
1603
1608
1638
11811
1604
1609
1639
1605
1610
1640
1606
1611
1641
1607
1612
1642
1613
1643
22034
1609
1614
1644
11812
1610
1615
1645
1611
1616
1646
1612
1617
1647
1613
1618
1648
1619
1649
22033
1615
1650
11813
42480
1616
1651
42481
1617
1652
42482
1618
1653
42483
1619
1654
42484
1655
22032
42485
1621
1626
1656
11844
1622
1627
1657
1623
1628
1658
1624
1629
1659
1625
1630
1660
1631
1661
22073
1627
1632
1662
11845
1628
1633
1663
1629
1634
1664
1630
1635
1665
1631
1636
1666
1637
1667
22072
1633
1638
1668
11846
1634
1639
1669
1635
1640
1670
1636
1641
1671
1637
1642
1672
1643
1673
22071
1639
1644
1674
11847
1640
1645
1675
1641
1646
1676
1642
1647
1677
1643
1648
1678
1649
1679
22070
1645
1650
1680
11848
1646
1651
1681
1647
1652
1682
1648
1653
1683
1649
1654
1684
1655
1685
22069
1651
1686
11849
42516
1652
1687
42517
1653
1688
42518
1654
1689
42519
1655
1690
42520
1691
22068
42521
1657
1662
1692
11880
1658
1663
1693
1659
1664
1694
1660
1665
1695
1661
1666
1696
1667
1697
22109
1663
1668
1698
11881
1664
1669
1699
1665
1670
1700
1666
1671
1701
1667
1672
1702
1673
1703
22108
1669
1674
1704
11882
1670
1675
1705
1671
1676
1706
1672
1677
1707
1673
1678
1708
1679
1709
22107
1675
1680
1710
11883
1676
1681
1711
1677
1682
1712
1678
1683
1713
1679
1684
1714
1685
1715
22106
1681
1686
1716
11884
1682
1687
1717
1683
1688
1718
1684
1689
1719
1685
1690
1720
1691
1721
22105
1687
1722
11885
42552
1688
1723
42553
1689
1724
42554
1690
1725
42555
1691
1726
42556
1727
22104
42557
1693
1698
1728
11916
1694
1699
1729
1695
1700
1730
1696
1701
1731
1697
1702
1732
1703
1733
22145
1699
1704
1734
11917
1700
1705
1735
1701
1706
1736
1702
1707
1737
1703
1708
1738
1709
1739
22144
1705
1710
1740
11918
1706
1711
1741
1707
1712
1742
1708
1713
1743
1709
1714
1744
1715
1745
22143
1711
1716
1746
11919
1712
1717
1747
1713
1718
1748
1714
1719
1749
1715
1720
1750
1721
1751
22142
1717
1722
1752
11920
1718
1723
1753
1719
1724
1754
1720
1725
1755
1721
1726
1756
1727
1757
22141
1723
1758
11921
42588
1724
1759
42589
1725
1760
42590
1726
1761
42591
1727
1762
42592
1763
22140
42593
1729
1734
1764
11952
1730
1735
1765
1731
1736
1766
1732
1737
1767
1733
1738
1768
1739
1769
22181
1735
1740
1770
11953
1736
1741
1771
1737
1742
1772
1738
1743
1773
1739
1744
1774
1745
1775
22180
1741
1746
1776
11954
1742
1747
1777
1743
1748
1778
1744
1749
1779
1745
1750
1780
1751
1781
22179
1747
1752
1782
11955
1748
1753
1783
1749
1754
1784
1750
1755
1785
1751
1756
1786
1757
1787
22178
1753
1758
1788
11956
1754
1759
1789
1755
1760
1790
1756
1761
1791
1757
1762
1792
1763
1793
22177
1759
1794
11957
42624
1760
1795
42625
1761
1796
42626
1762
1797
42627
1763
1798
42628
1799
22176
42629
1765
1770
1800
11988
1766
1771
1801
1767
1772
1802
1768
1773
1803
1769
1774
1804
1775
1805
22217
1771
1776
1806
11989
1772
1777
1807
1773
1778
1808
1774
1779
1809
1775
1780
1810
1781
1811
22216
1777
1782
1812
11990
1778
1783
1813
1779
1784
1814
1780
1785
1815
1781
1786
1816
1787
1817
22215
1783
1788
1818
11991
1784
1789
1819
1785
1790
1820
1786
1791
1821
1787
1792
1822
1793
1823
22214
1789
1794
1824
11992
1790
1795
1825
1791
1796
1826
1792
1797
1827
1793
1798
1828
1799
1829
22213
1795
1830
11993
42660
1796
1831
42661
1797
1832
42662
1798
1833
42663
1799
1834
42664
1835
22212
42665
1801
1806
1836
12024
1802
1807
1837
1803
1808
1838
1804
1809
1839
1805
1810
1840
1811
1841
22253
1807
1812
1842
12025
1808
1813
1843
1809
1814
1844
1810
1815
1845
1811
1816
1846
1817
1847
22252
1813
1818
1848
12026
1814
1819
1849
1815
1820
1850
1816
1821
1851
1817
1822
1852
1823
1853
22251
1819
1824
1854
12027
1820
1825
1855
1821
1826
1856
1822
1827
1857
1823
1828
1858
1829
1859
22250
1825
1830
1860
12028
1826
1831
1861
1827
1832
1862
1828
1833
1863
1829
1834
1864
1835
1865
22249
1831
1866
12029
42696
1832
1867
42697
1833
1868
42698
1834
1869
42699
1835
1870
42700
1871
22248
42701
1837
1842
1872
12060
1838
1843
1873
1839
1844
1874
1840
1845
1875
1841
1846
1876
1847
1877
22289
1843
1848
1878
12061
1844
1849
1879
1845
1850
1880
1846
1851
1881
1847
1852
1882
1853
1883
22288
1849
1854
1884
12062
1850
1855
1885
1851
1856
1886
1852
1857
1887
1853
1858
1888
1859
1889
22287
1855
1860
1890
12063
1856
1861
1891
1857
1862
1892
1858
1863
1893
1859
1864
1894
1865
1895
22286
1861
1866
1896
12064
1862
1867
1897
1863
1868
1898
1864
1869
1899
1865
1870
1900
1871
1901
22285
1867
1902
12065
42732
1868
1903
42733
1869
1904
42734
1870
1905
42735
1871
1906
42736
1907
22284
42737
1873
1878
1908
12096
1874
1879
1909
1875
1880
1910
1876
1881
1911
1877
1882
1912
1883
1913
22325
1879
1884
1914
12097
1880
1885
1915
1881
1886
1916
1882
1887
1917
1883
1888
1918
1889
1919
22324
1885
1890
1920
12098
1886
1891
1921
1887
1892
1922
1888
1893
1923
1889
1894
1924
1895
1925
22323
1891
1896
1926
12099
1892
1897
1927
1893
1898
1928
1894
1899
1929
1895
1900
1930
1901
1931
22322
1897
1902
1932
12100
1898
1903
1933
1899
1904
1934
1900
1905
1935
1901
1906
1936
1907
1937
22321
1903
1938
12101
42768
1904
1939
42769
1905
1940
42770
1906
1941
42771
1907
1942
42772
1943
22320
42773
1909
1914
1944
12132
1910
1915
1945
1911
1916
1946
1912
1917
1947
1913
1918
1948
1919
1949
22361
1915
1920
1950
12133
1916
1921
1951
1917
1922
1952
1918
1923
1953
1919
1924
1954
1925
1955
22360
1921
1926
1956
12134
1922
1927
1957
1923
1928
1958
1924
1929
1959
1925
1930
1960
1931
1961
22359
1927
1932
1962
12135
1928
1933
1963
1929
1934
1964
1930
1935
1965
1931
1936
1966
1937
1967
22358
1933
1938
1968
12136
1934
1939
1969
1935
1940
1970
1936
1941
1971
1937
1942
1972
1943
1973
22357
1939
1974
12137
42804
1940
1975
42805
1941
1976
42806
1942
1977
42807
1943
1978
42808
1979
22356
42809
1945
1950
1980
12168
1946
1951
1981
1947
1952
1982
1948
1953
1983
1949
1954
1984
1955
1985
22397
1951
1956
1986
12169
1952
1957
1987
1953
1958
1988
1954
1959
1989
1955
1960
1990
1961
1991
22396
1957
1962
1992
12170
1958
1963
1993
1959
1964
1994
1960
1965
1995
1961
1966
1996
1967
1997
22395
1963
1968
1998
12171
1964
1969
1999
1965
1970
2000
1966
1971
2001
1967
1972
2002
1973
2003
22394
1969
1974
2004
12172
1970
1975
2005
1971
1976
2006
1972
1977
2007
1973
1978
2008
1979
2009
22393
1975
2010
12173
42840
1976
2011
42841
1977
2012
42842
1978
2013
42843
1979
2014
42844
2015
22392
42845
1981
1986
2016
12204
1982
1987
2017
1983
1988
2018
1984
1989
2019
1985
1990
2020
1991
2021
22433
1987
1992
2022
12205
1988
1993
2023
1989
1994
2024
1990
1995
2025
1991
1996
2026
1997
2027
22432
1993
1998
2028
12206
1994
1999
2029
1995
2000
2030
1996
2001
2031
1997
2002
2032
2003
2033
22431
1999
2004
2034
12207
2000
2005
2035
2001
2006
2036
2002
2007
2037
2003
2008
2038
2009
2039
22430
2005
2010
2040
12208
2006
2011
2041
2007
2012
2042
2008
2013
2043
2009
2014
2044
2015
2045
22429
2011
2046
12209
42876
2012
2047
42877
2013
2048
42878
2014
2049
42879
2015
2050
42880
2051
22428
42881
2017
2022
2052
12240
2018
2023
2053
2019
2024
2054
2020
2025
2055
2021
2026
2056
2027
2057
22469
2023
2028
2058
12241
2024
2029
2059
2025
2030
2060
2026
2031
2061
2027
2032
2062
2033
2063
22468
2029
2034
2064
12242
2030
2035
2065
2031
2036
2066
2032
2037
2067
2033
2038
2068
2039
2069
22467
2035
2040
2070
12243
2036
2041
2071
2037
2042
2072
2038
2043
2073
2039
2044
2074
2045
2075
22466
2041
2046
2076
12244
2042
2047
2077
2043
2048
2078
2044
2049
2079
2045
2050
2080
2051
2081
22465
2047
2082
12245
42912
2048
2083
42913
2049
2084
42914
2050
2085
42915
2051
2086
42916
2087
22464
42917
2053
2058
2088
12276
2054
2059
2089
2055
2060
2090
2056
2061
2091
2057
2062
2092
2063
2093
22505
2059
2064
2094
12277
2060
2065
2095
2061
2066
2096
2062
2067
2097
2063
2068
2098
2069
2099
22504
2065
2070
2100
12278
2066
2071
2101
2067
2072
2102
2068
2073
2103
2069
2074
2104
2075
2105
22503
2071
2076
2106
12279
2072
2077
2107
2073
2078
2108
2074
2079
2109
2075
2080
2110
2081
2111
22502
2077
2082
2112
12280
2078
2083
2113
2079
2084
2114
2080
2085
2115
2081
2086
2116
2087
2117
22501
2083
2118
12281
42948
2084
2119
42949
2085
2120
42950
2086
2121
42951
2087
2122
42952
2123
22500
42953
2089
2094
2124
12312
2090
2095
2125
2091
2096
2126
2092
2097
2127
2093
2098
2128
2099
2129
22541
2095
2100
2130
12313
2096
2101
2131
2097
2102
2132
2098
2103
2133
2099
2104
2134
2105
2135
22540
2101
2106
2136
12314
2102
2107
2137
2103
2108
2138
2104
2109
2139
2105
2110
2140
2111
2141
22539
2107
2112
2142
12315
2108
2113
2143
2109
2114
2144
2110
2115
2145
2111
2116
2146
2117
2147
22538
2113
2118
2148
12316
2114
2119
2149
2115
2120
2150
2116
2121
2151
2117
2122
2152
2123
2153
22537
2119
2154
12317
42984
2120
2155
42985
2121
2156
42986
2122
2157
42987
2123
2158
42988
2159
22536
42989
2125
2130
2160
12348
2126
2131
2161
2127
2132
2162
2128
2133
2163
2129
2134
2164
2135
2165
22577
2131
2136
2166
12349
2132
2137
2167
2133
2138
2168
2134
2139
2169
2135
2140
2170
2141
2171
22576
2137
2142
2172
12350
2138
2143
2173
2139
2144
2174
2140
2145
2175
2141
2146
2176
2147
2177
22575
2143
2148
2178
12351
2144
2149
2179
2145
2150
2180
2146
2151
2181
2147
2152
2182
2153
2183
22574
2149
2154
2184
12352
2150
2155
2185
2151
2156
2186
2152
2157
2187
2153
2158
2188
2159
2189
22573
2155
2190
12353
43020
2156
2191
43021
2157
2192
43022
2158
2193
43023
2159
2194
43024
2195
22572
43025
2161
2166
2196
12384
2162
2167
2197
2163
2168
2198
2164
2169
2199
2165
2170
2200
2171
2201
22613
2167
2172
2202
12385
2168
2173
2203
2169
2174
2204
2170
2175
2205
2171
2176
2206
2177
2207
22612
2173
2178
2208
12386
2174
2179
2209
2175
2180
2210
2176
2181
2211
2177
2182
2212
2183
2213
22611
2179
2184
2214
12387
2180
2185
2215
2181
2186
2216
2182
2187
2217
2183
2188
2218
2189
2219
22610
2185
2190
2220
12388
2186
2191
2221
2187
2192
2222
2188
2193
2223
2189
2194
2224
2195
2225
22609
2191
2226
12389
43056
2192
2227
43057
2193
2228
43058
2194
2229
43059
2195
2230
43060
2231
22608
43061
2197
2202
2232
12420
2198
2203
2233
2199
2204
2234
2200
2205
2235
2201
2206
2236
2207
2237
22649
2203
2208
2238
12421
2204
2209
2239
2205
2210
2240
2206
2211
2241
2207
2212
2242
2213
2243
22648
2209
2214
2244
12422
2210
2215
2245
2211
2216
2246
2212
2217
2247
2213
2218
2248
2219
2249
22647
2215
2220
2250
12423
2216
2221
2251
2217
2222
2252
2218
2223
2253
2219
2224
2254
2225
2255
22646
2221
2226
2256
12424
2222
2227
2257
2223
2228
2258
2224
2229
2259
2225
2230
2260
2231
2261
22645
2227
2262
12425
43092
2228
2263
43093
2229
2264
43094
2230
2265
43095
2231
2266
43096
2267
22644
43097
2233
2238
2268
12456
2234
2239
2269
2235
2240
2270
2236
2241
2271
2237
2242
2272
2243
2273
22685
2239
2244
2274
12457
2240
2245
2275
2241
2246
2276
2242
2247
2277
2243
2248
2278
2249
2279
22684
2245
2250
2280
12458
2246
2251
2281
2247
2252
2282
2248
2253
2283
2249
2254
2284
2255
2285
22683
2251
2256
2286
12459
2252
2257
2287
2253
2258
2288
2254
2259
2289
2255
2260
2290
2261
2291
22682
2257
2262
2292
12460
2258
2263
2293
2259
2264
2294
2260
2265
2295
2261
2266
2296
2267
2297
22681
2263
2298
12461
43128
2264
2299
43129
2265
2300
43130
2266
2301
43131
2267
2302
43132
2303
22680
43133
2269
2274
2304
12492
2270
2275
2305
2271
2276
2306
2272
2277
2307
2273
2278
2308
2279
2309
22721
2275
2280
2310
12493
2276
2281
2311
2277
2282
2312
2278
2283
2313
2279
2284
2314
2285
2315
22720
2281
2286
2316
12494
2282
2287
2317
2283
2288
2318
2284
2289
2319
2285
2290
2320
2291
2321
22719
2287
2292
2322
12495
2288
2293
2323
2289
2294
2324
2290
2295
2325
2291
2296
2326
2297
2327
22718
2293
2298
2328
12496
2294
2299
2329
2295
2300
2330
2296
2301
2331
2297
2302
2332
2303
2333
22717
2299
2334
12497
43164
2300
2335
43165
2301
2336
43166
2302
2337
43167
2303
2338
43168
2339
22716
43169
2305
2310
2340
12528
2306
2311
2341
2307
2312
2342
2308
2313
2343
2309
2314
2344
2315
2345
22757
2311
2316
2346
12529
2312
2317
2347
2313
2318
2348
2314
2319
2349
2315
2320
2350
2321
2351
22756
2317
2322
2352
12530
2318
2323
2353
2319
2324
2354
2320
2325
2355
2321
2326
2356
2327
2357
22755
2323
2328
2358
12531
2324
2329
2359
2325
2330
2360
2326
2331
2361
2327
2332
2362
2333
2363
22754
2329
2334
2364
12532
2330
2335
2365
2331
2336
2366
2332
2337
2367
2333
2338
2368
2339
2369
22753
2335
2370
12533
43200
2336
2371
43201
2337
2372
43202
2338
2373
43203
2339
2374
43204
2375
22752
43205
2341
2346
2376
12564
2342
2347
2377
2343
2348
2378
2344
2349
2379
2345
2350
2380
2351
2381
22793
2347
2352
2382
12565
2348
2353
2383
2349
2354
2384
2350
2355
2385
2351
2356
2386
2357
2387
22792
2353
2358
2388
12566
2354
2359
2389
2355
2360
2390
2356
2361
2391
2357
2362
2392
2363
2393
22791
2359
2364
2394
12567
2360
2365
2395
2361
2366
2396
2362
2367
2397
2363
2368
2398
2369
2399
22790
2365
2370
2400
12568
2366
2371
2401
2367
2372
2402
2368
2373
2403
2369
2374
2404
2375
2405
22789
2371
2406
12569
43236
2372
2407
43237
2373
2408
43238
2374
2409
43239
2375
2410
43240
2411
22788
43241
2377
2382
2412
12600
2378
2383
2413
2379
2384
2414
2380
2385
2415
2381
2386
2416
2387
2417
22829
2383
2388
2418
12601
2384
2389
2419
2385
2390
2420
2386
2391
2421
2387
2392
2422
2393
2423
22828
2389
2394
2424
12602
2390
2395
2425
2391
2396
2426
2392
2397
2427
2393
2398
2428
2399
2429
22827
2395
2400
2430
12603
2396
2401
2431
2397
2402
2432
2398
2403
2433
2399
2404
2434
2405
2435
22826
2401
2406
2436
12604
2402
2407
2437
2403
2408
2438
2404
2409
2439
2405
2410
2440
2411
2441
22825
2407
2442
12605
43272
2408
2443
43273
2409
2444
43274
2410
2445
43275
2411
2446
43276
2447
22824
43277
2413
2418
2448
12636
2414
2419
2449
2415
2420
2450
2416
2421
2451
2417
2422
2452
2423
2453
22865
2419
2424
2454
12637
2420
2425
2455
2421
2426
2456
2422
2427
2457
2423
2428
2458
2429
2459
22864
2425
2430
2460
12638
2426
2431
2461
2427
2432
2462
2428
2433
2463
2429
2434
2464
2435
2465
22863
2431
2436
2466
12639
2432
2437
2467
2433
2438
2468
2434
2439
2469
2435
2440
2470
2441
2471
22862
2437
2442
2472
12640
2438
2443
2473
2439
2444
2474
2440
2445
2475
2441
2446
2476
2447
2477
22861
2443
2478
12641
43308
2444
2479
43309
2445
2480
43310
2446
2481
43311
2447
2482
43312
2483
22860
43313
2449
2454
2484
12672
2450
2455
2485
2451
2456
2486
2452
2457
2487
2453
2458
2488
2459
2489
22901
2455
2460
2490
12673
2456
2461
2491
2457
2462
2492
2458
2463
2493
2459
2464
2494
2465
2495
22900
2461
2466
2496
12674
2462
2467
2497
2463
2468
2498
2464
2469
2499
2465
2470
2500
2471
2501
22899
2467
2472
2502
12675
2468
2473
2503
2469
2474
2504
2470
2475
2505
2471
2476
2506
2477
2507
22898
2473
2478
2508
12676
2474
2479
2509
2475
2480
2510
2476
2481
2511
2477
2482
2512
2483
2513
22897
2479
2514
12677
43344
2480
2515
43345
2481
2516
43346
2482
2517
43347
2483
2518
43348
2519
22896
43349
2485
2490
2520
12708
2486
2491
2521
2487
2492
2522
2488
2493
2523
2489
2494
2524
2495
2525
22937
2491
2496
2526
12709
2492
2497
2527
2493
2498
2528
2494
2499
2529
2495
2500
2530
2501
2531
22936
2497
2502
2532
12710
2498
2503
2533
2499
2504
2534
2500
2505
2535
2501
2506
2536
2507
2537
22935
2503
2508
2538
12711
2504
2509
2539
2505
2510
2540
2506
2511
2541
2507
2512
2542
2513
2543
22934
2509
2514
2544
12712
2510
2515
2545
2511
2516
2546
2512
2517
2547
2513
2518
2548
2519
2549
22933
2515
2550
12713
43380
2516
2551
43381
2517
2552
43382
2518
2553
43383
2519
2554
43384
2555
22932
43385
2521
2526
2556
12744
2522
2527
2557
2523
2528
2558
2524
2529
2559
2525
2530
2560
2531
2561
22973
2527
2532
2562
12745
2528
2533
2563
2529
2534
2564
2530
2535
2565
2531
2536
2566
2537
2567
22972
2533
2538
2568
12746
2534
2539
2569
2535
2540
2570
2536
2541
2571
2537
2542
2572
2543
2573
22971
2539
2544
2574
12747
2540
2545
2575
2541
2546
2576
2542
2547
2577
2543
2548
2578
2549
2579
22970
2545
2550
2580
12748
2546
2551
2581
2547
2552
2582
2548
2553
2583
2549
2554
2584
2555
2585
22969
2551
2586
12749
43416
2552
2587
43417
2553
2588
43418
2554
2589
43419
2555
2590
43420
2591
22968
43421
2557
2562
2592
12780
2558
2563
2593
2559
2564
2594
2560
2565
2595
2561
2566
2596
2567
2597
23009
2563
2568
2598
12781
2564
2569
2599
2565
2570
2600
2566
2571
2601
2567
2572
2602
2573
2603
23008
2569
2574
2604
12782
2570
2575
2605
2571
2576
2606
2572
2577
2607
2573
2578
2608
2579
2609
23007
2575
2580
2610
12783
2576
2581
2611
2577
2582
2612
2578
2583
2613
2579
2584
2614
2585
2615
23006
2581
2586
2616
12784
2582
2587
2617
2583
2588
2618
2584
2589
2619
2585
2590
2620
2591
2621
23005
2587
2622
12785
43452
2588
2623
43453
2589
2624
43454
2590
2625
43455
2591
2626
43456
2627
23004
43457
2593
2598
2628
12816
2594
2599
2629
2595
2600
2630
2596
2601
2631
2597
2602
2632
2603
2633
23045
2599
2604
2634
12817
2600
2605
2635
2601
2606
2636
2602
2607
2637
2603
2608
2638
2609
2639
23044
2605
2610
2640
12818
2606
2611
2641
2607
2612
2642
2608
2613
2643
2609
2614
2644
2615
2645
23043
2611
2616
2646
12819
2612
2617
2647
2613
2618
2648
2614
2619
2649
2615
2620
2650
2621
2651
23042
2617
2622
2652
12820
2618
2623
2653
2619
2624
2654
2620
2625
2655
2621
2626
2656
2627
2657
23041
2623
2658
12821
43488
2624
2659
43489
2625
2660
43490
2626
2661
43491
2627
2662
43492
2663
23040
43493
2629
2634
2664
12852
2630
2635
2665
2631
2636
2666
2632
2637
2667
2633
2638
2668
2639
2669
23081
2635
2640
2670
12853
2636
2641
2671
2637
2642
2672
2638
2643
2673
2639
2644
2674
2645
2675
23080
2641
2646
2676
12854
2642
2647
2677
2643
2648
2678
2644
2649
2679
2645
2650
2680
2651
2681
23079
2647
2652
2682
12855
2648
2653
2683
2649
2654
2684
2650
2655
2685
2651
2656
2686
2657
2687
23078
2653
2658
2688
12856
2654
2659
2689
2655
2660
2690
2656
2661
2691
2657
2662
2692
2663
2693
23077
2659
2694
12857
43524
2660
2695
43525
2661
2696
43526
2662
2697
43527
2663
2698
43528
2699
23076
43529
2665
2670
2700
12888
2666
2671
2701
2667
2672
2702
2668
2673
2703
2669
2674
2704
2675
2705
23117
2671
2676
2706
12889
2672
2677
2707
2673
2678
2708
2674
2679
2709
2675
2680
2710
2681
2711
23116
2677
2682
2712
12890
2678
2683
2713
2679
2684
2714
2680
2685
2715
2681
2686
2716
2687
2717
23115
2683
2688
2718
12891
2684
2689
2719
2685
2690
2720
2686
2691
2721
2687
2692
2722
2693
2723
23114
2689
2694
2724
12892
2690
2695
2725
2691
2696
2726
2692
2697
2727
2693
2698
2728
2699
2729
23113
2695
2730
12893
43560
2696
2731
43561
2697
2732
43562
2698
2733
43563
2699
2734
43564
2735
23112
43565
2701
2706
2736
12924
2702
2707
2737
2703
2708
2738
2704
2709
2739
2705
2710
2740
2711
2741
23153
2707
2712
2742
12925
2708
2713
2743
2709
2714
2744
2710
2715
2745
2711
2716
2746
2717
2747
23152
2713
2718
2748
12926
2714
2719
2749
2715
2720
2750
2716
2721
2751
2717
2722
2752
2723
2753
23151
2719
2724
2754
12927
2720
2725
2755
2721
2726
2756
2722
2727
2757
2723
2728
2758
2729
2759
23150
2725
2730
2760
12928
2726
2731
2761
2727
2732
2762
2728
2733
2763
2729
2734
2764
2735
2765
23149
2731
2766
12929
43596
2732
2767
43597
2733
2768
43598
2734
2769
43599
2735
2770
43600
2771
23148
43601
2737
2742
2772
12960
2738
2743
2773
2739
2744
2774
2740
2745
2775
2741
2746
2776
2747
2777
23189
2743
2748
2778
12961
2744
2749
2779
2745
2750
2780
2746
2751
2781
2747
2752
2782
2753
2783
23188
2749
2754
2784
12962
2750
2755
2785
2751
2756
2786
2752
2757
2787
2753
2758
2788
2759
2789
23187
2755
2760
2790
12963
2756
2761
2791
2757
2762
2792
2758
2763
2793
2759
2764
2794
2765
2795
23186
2761
2766
2796
12964
2762
2767
2797
2763
2768
2798
2764
2769
2799
2765
2770
2800
2771
2801
23185
2767
2802
12965
43632
2768
2803
43633
2769
2804
43634
2770
2805
43635
2771
2806
43636
2807
23184
43637
2773
2778
2808
12996
2774
2779
2809
2775
2780
2810
2776
2781
2811
2777
2782
2812
2783
2813
23225
2779
2784
2814
12997
2780
2785
2815
2781
2786
2816
2782
2787
2817
2783
2788
2818
2789
2819
23224
2785
2790
2820
12998
2786
2791
2821
2787
2792
2822
2788
2793
2823
2789
2794
2824
2795
2825
23223
2791
2796
2826
12999
2792
2797
2827
2793
2798
2828
2794
2799
2829
2795
2800
2830
2801
2831
23222
2797
2802
2832
13000
2798
2803
2833
2799
2804
2834
2800
2805
2835
2801
2806
2836
2807
2837
23221
2803
2838
13001
43668
2804
2839
43669
2805
2840
43670
2806
2841
43671
2807
2842
43672
2843
23220
43673
2809
2814
2844
13032
2810
2815
2845
2811
2816
2846
2812
2817
2847
2813
2818
2848
2819
2849
23261
2815
2820
2850
13033
2816
2821
2851
2817
2822
2852
2818
2823
2853
2819
2824
2854
2825
2855
23260
2821
2826
2856
13034
2822
2827
2857
2823
2828
2858
2824
2829
2859
2825
2830
2860
2831
2861
23259
2827
2832
2862
13035
2828
2833
2863
2829
2834
2864
2830
2835
2865
2831
2836
2866
2837
2867
23258
2833
2838
2868
13036
2834
2839
2869
2835
2840
2870
2836
2841
2871
2837
2842
2872
2843
2873
23257
2839
2874
13037
43704
2840
2875
43705
2841
2876
43706
2842
2877
43707
2843
2878
43708
2879
23256
43709
2845
2850
2880
13068
2846
2851
2881
2847
2852
2882
2848
2853
2883
2849
2854
2884
2855
2885
23297
2851
2856
2886
13069
2852
2857
2887
2853
2858
2888
2854
2859
2889
2855
2860
2890
2861
2891
23296
2857
2862
2892
13070
2858
2863
2893
2859
2864
2894
2860
2865
2895
2861
2866
2896
2867
2897
23295
2863
2868
2898
13071
2864
2869
2899
2865
2870
2900
2866
2871
2901
2867
2872
2902
2873
2903
23294
2869
2874
2904
13072
2870
2875
2905
2871
2876
2906
2872
2877
2907
2873
2878
2908
2879
2909
23293
2875
2910
13073
43740
2876
2911
43741
2877
2912
43742
2878
2913
43743
2879
2914
43744
2915
23292
43745
2881
2886
2916
13104
2882
2887
2917
2883
2888
2918
2884
2889
2919
2885
2890
2920
2891
2921
23333
2887
2892
2922
13105
2888
2893
2923
2889
2894
2924
2890
2895
2925
2891
2896
2926
2897
2927
23332
2893
2898
2928
13106
2894
2899
2929
2895
2900
2930
2896
2901
2931
2897
2902
2932
2903
2933
23331
2899
2904
2934
13107
2900
2905
2935
2901
2906
2936
2902
2907
2937
2903
2908
2938
2909
2939
23330
2905
2910
2940
13108
2906
2911
2941
2907
2912
2942
2908
2913
2943
2909
2914
2944
2915
2945
23329
2911
2946
13109
43776
2912
2947
43777
2913
2948
43778
2914
2949
43779
2915
2950
43780
2951
23328
43781
2917
2922
2952
13140
2918
2923
2953
2919
2924
2954
2920
2925
2955
2921
2926
2956
2927
2957
23369
2923
2928
2958
13141
2924
2929
2959
2925
2930
2960
2926
2931
2961
2927
2932
2962
2933
2963
23368
2929
2934
2964
13142
2930
2935
2965
2931
2936
2966
2932
2937
2967
2933
2938
2968
2939
2969
23367
2935
2940
2970
13143
2936
2941
2971
2937
2942
2972
2938
2943
2973
2939
2944
2974
2945
2975
23366
2941
2946
2976
13144
2942
2947
2977
2943
2948
2978
2944
2949
2979
2945
2950
2980
2951
2981
23365
2947
2982
13145
43812
2948
2983
43813
2949
2984
43814
2950
2985
43815
2951
2986
43816
2987
23364
43817
2953
2958
2988
13176
2954
2959
2989
2955
2960
2990
2956
2961
2991
2957
2962
2992
2963
2993
23405
2959
2964
2994
13177
2960
2965
2995
2961
2966
2996
2962
2967
2997
2963
2968
2998
2969
2999
23404
2965
2970
3000
13178
2966
2971
3001
2967
2972
3002
2968
2973
3003
2969
2974
3004
2975
3005
23403
2971
2976
3006
13179
2972
2977
3007
2973
2978
3008
2974
2979
3009
2975
2980
3010
2981
3011
23402
2977
2982
3012
13180
2978
2983
3013
2979
2984
3014
2980
2985
3015
2981
2986
3016
2987
3017
23401
2983
3018
13181
43848
2984
3019
43849
2985
3020
43850
2986
3021
43851
2987
3022
43852
3023
23400
43853
2989
2994
3024
13212
2990
2995
3025
2991
2996
3026
2992
2997
3027
2993
2998
3028
2999
3029
23441
2995
3000
3030
13213
2996
3001
3031
2997
3002
3032
2998
3003
3033
2999
3004
3034
3005
3035
23440
3001
3006
3036
13214
3002
3007
3037
3003
3008
3038
3004
3009
3039
3005
3010
3040
3011
3041
23439
3007
3012
3042
13215
3008
3013
3043
3009
3014
3044
3010
3015
3045
3011
3016
3046
3017
3047
23438
3013
3018
3048
13216
3014
3019
3049
3015
3020
3050
3016
3021
3051
3017
3022
3052
3023
3053
23437
3019
3054
13217
43884
3020
3055
43885
3021
3056
43886
3022
3057
43887
3023
3058
43888
3059
23436
43889
3025
3030
3060
13248
3026
3031
3061
3027
3032
3062
3028
3033
3063
3029
3034
3064
3035
3065
23477
3031
3036
3066
13249
3032
3037
3067
3033
3038
3068
3034
3039
3069
3035
3040
3070
3041
3071
23476
3037
3042
3072
13250
3038
3043
3073
3039
3044
3074
3040
3045
3075
3041
3046
3076
3047
3077
23475
3043
3048
3078
13251
3044
3049
3079
3045
3050
3080
3046
3051
3081
3047
3052
3082
3053
3083
23474
3049
3054
3084
13252
3050
3055
3085
3051
3056
3086
3052
3057
3087
3053
3058
3088
3059
3089
23473
3055
3090
13253
43920
3056
3091
43921
3057
3092
43922
3058
3093
43923
3059
3094
43924
3095
23472
43925
3061
3066
3096
13284
3062
3067
3097
3063
3068
3098
3064
3069
3099
3065
3070
3100
3071
3101
23513
3067
3072
3102
13285
3068
3073
3103
3069
3074
3104
3070
3075
3105
3071
3076
3106
3077
3107
23512
3073
3078
3108
13286
3074
3079
3109
3075
3080
3110
3076
3081
3111
3077
3082
3112
3083
3113
23511
3079
3084
3114
13287
3080
3085
3115
3081
3086
3116
3082
3087
3117
3083
3088
3118
3089
3119
23510
3085
3090
3120
13288
3086
3091
3121
3087
3092
3122
3088
3093
3123
3089
3094
3124
3095
3125
23509
3091
3126
13289
43956
3092
3127
43957
3093
3128
43958
3094
3129
43959
3095
3130
43960
3131
23508
43961
3097
3102
3132
13320
3098
3103
3133
3099
3104
3134
3100
3105
3135
3101
3106
3136
3107
3137
23549
3103
3108
3138
13321
3104
3109
3139
3105
3110
3140
3106
3111
3141
3107
3112
3142
3113
3143
23548
3109
3114
3144
13322
3110
3115
3145
3111
3116
3146
3112
3117
3147
3113
3118
3148
3119
3149
23547
3115
3120
3150
13323
3116
3121
3151
3117
3122
3152
3118
3123
3153
3119
3124
3154
3125
3155
23546
3121
3126
3156
13324
3122
3127
3157
3123
3128
3158
3124
3129
3159
3125
3130
3160
3131
3161
23545
3127
3162
13325
43992
3128
3163
43993
3129
3164
43994
3130
3165
43995
3131
3166
43996
3167
23544
43997
3133
3138
3168
13356
3134
3139
3169
3135
3140
3170
3136
3141
3171
3137
3142
3172
3143
3173
23585
3139
3144
3174
13357
3140
3145
3175
3141
3146
3176
3142
3147
3177
3143
3148
3178
3149
3179
23584
3145
3150
3180
13358
3146
3151
3181
3147
3152
3182
3148
3153
3183
3149
3154
3184
3155
3185
23583
3151
3156
3186
13359
3152
3157
3187
3153
3158
3188
3154
3159
3189
3155
3160
3190
3161
3191
23582
3157
3162
3192
13360
3158
3163
3193
3159
3164
3194
3160
3165
3195
3161
3166
3196
3167
3197
23581
3163
3198
13361
44028
3164
3199
44029
3165
3200
44030
3166
3201
44031
3167
3202
44032
3203
23580
44033
3169
3174
3204
13392
3170
3175
3205
3171
3176
3206
3172
3177
3207
3173
3178
3208
3179
3209
23621
3175
3180
3210
13393
3176
3181
3211
3177
3182
3212
3178
3183
3213
3179
3184
3214
3185
3215
23620
3181
3186
3216
13394
3182
3187
3217
3183
3188
3218
3184
3189
3219
3185
3190
3220
3191
3221
23619
3187
3192
3222
13395
3188
3193
3223
3189
3194
3224
3190
3195
3225
3191
3196
3226
3197
3227
23618
3193
3198
3228
13396
3194
3199
3229
3195
3200
3230
3196
3201
3231
3197
3202
3232
3203
3233
23617
3199
3234
13397
44064
3200
3235
44065
3201
3236
44066
3202
3237
44067
3203
3238
44068
3239
23616
44069
3205
3210
3240
13428
3206
3211
3241
3207
3212
3242
3208
3213
3243
3209
3214
3244
3215
3245
23657
3211
3216
3246
13429
3212
3217
3247
3213
3218
3248
3214
3219
3249
3215
3220
3250
3221
3251
23656
3217
3222
3252
13430
3218
3223
3253
3219
3224
3254
3220
3225
3255
3221
3226
3256
3227
3257
23655
3223
3228
3258
13431
3224
3229
3259
3225
3230
3260
3226
3231
3261
3227
3232
3262
3233
3263
23654
3229
3234
3264
13432
3230
3235
3265
3231
3236
3266
3232
3237
3267
3233
3238
3268
3239
3269
23653
3235
3270
13433
44100
3236
3271
44101
3237
3272
44102
3238
3273
44103
3239
3274
44104
3275
23652
44105
3241
3246
3276
13464
3242
3247
3277
3243
3248
3278
3244
3249
3279
3245
3250
3280
3251
3281
23693
3247
3252
3282
13465
3248
3253
3283
3249
3254
3284
3250
3255
3285
3251
3256
3286
3257
3287
23692
3253
3258
3288
13466
3254
3259
3289
3255
3260
3290
3256
3261
3291
3257
3262
3292
3263
3293
23691
3259
3264
3294
13467
3260
3265
3295
3261
3266
3296
3262
3267
3297
3263
3268
3298
3269
3299
23690
3265
3270
3300
13468
3266
3271
3301
3267
3272
3302
3268
3273
3303
3269
3274
3304
3275
3305
23689
3271
3306
13469
44136
3272
3307
44137
3273
3308
44138
3274
3309
44139
3275
3310
44140
3311
23688
44141
3277
3282
3312
13500
3278
3283
3313
3279
3284
3314
3280
3285
3315
3281
3286
3316
3287
3317
23729
3283
3288
3318
13501
3284
3289
3319
3285
3290
3320
3286
3291
3321
3287
3292
3322
3293
3323
23728
3289
3294
3324
13502
3290
3295
3325
3291
3296
3326
3292
3297
3327
3293
3298
3328
3299
3329
23727
3295
3300
3330
13503
3296
3301
3331
3297
3302
3332
3298
3303
3333
3299
3304
3334
3305
3335
23726
3301
3306
3336
13504
3302
3307
3337
3303
3308
3338
3304
3309
3339
3305
3310
3340
3311
3341
23725
3307
3342
13505
44172
3308
3343
44173
3309
3344
44174
3310
3345
44175
3311
3346
44176
3347
23724
44177
3313
3318
3348
13536
3314
3319
3349
3315
3320
3350
3316
3321
3351
3317
3322
3352
3323
3353
23765
3319
3324
3354
13537
3320
3325
3355
3321
3326
3356
3322
3327
3357
3323
3328
3358
3329
3359
23764
3325
3330
3360
13538
3326
3331
3361
3327
3332
3362
3328
3333
3363
3329
3334
3364
3335
3365
23763
3331
3336
3366
13539
3332
3337
3367
3333
3338
3368
3334
3339
3369
3335
3340
3370
3341
3371
23762
3337
3342
3372
13540
3338
3343
3373
3339
3344
3374
3340
3345
3375
3341
3346
3376
3347
3377
23761
3343
3378
13541
44208
3344
3379
44209
3345
3380
44210
3346
3381
44211
3347
3382
44212
3383
23760
44213
3349
3354
3384
13572
3350
3355
3385
3351
3356
3386
3352
3357
3387
3353
3358
3388
3359
3389
23801
3355
3360
3390
13573
3356
3361
3391
3357
3362
3392
3358
3363
3393
3359
3364
3394
3365
3395
23800
3361
3366
3396
13574
3362
3367
3397
3363
3368
3398
3364
3369
3399
3365
3370
3400
3371
3401
23799
3367
3372
3402
13575
3368
3373
3403
3369
3374
3404
3370
3375
3405
3371
3376
3406
3377
3407
23798
3373
3378
3408
13576
3374
3379
3409
3375
3380
3410
3376
3381
3411
3377
3382
3412
3383
3413
23797
3379
3414
13577
44244
3380
3415
44245
3381
3416
44246
3382
3417
44247
3383
3418
44248
3419
23796
44249
3385
3390
3420
13608
3386
3391
3421
3387
3392
3422
3388
3393
3423
3389
3394
3424
3395
3425
23837
3391
3396
3426
13609
3392
3397
3427
3393
3398
3428
3394
3399
3429
3395
3400
3430
3401
3431
23836
3397
3402
3432
13610
3398
3403
3433
3399
3404
3434
3400
3405
3435
3401
3406
3436
3407
3437
23835
3403
3408
3438
13611
3404
3409
3439
3405
3410
3440
3406
3411
3441
3407
3412
3442
3413
3443
23834
3409
3414
3444
13612
3410
3415
3445
3411
3416
3446
3412
3417
3447
3413
3418
3448
3419
3449
23833
3415
3450
13613
44280
3416
3451
44281
3417
3452
44282
3418
3453
44283
3419
3454
44284
3455
23832
44285
3421
3426
3456
13644
3422
3427
3457
3423
3428
3458
3424
3429
3459
3425
3430
3460
3431
3461
23873
3427
3432
3462
13645
3428
3433
3463
3429
3434
3464
3430
3435
3465
3431
3436
3466
3437
3467
23872
3433
3438
3468
13646
3434
3439
3469
3435
3440
3470
3436
3441
3471
3437
3442
3472
3443
3473
23871
3439
3444
3474
13647
3440
3445
3475
3441
3446
3476
3442
3447
3477
3443
3448
3478
3449
3479
23870
3445
3450
3480
13648
3446
3451
3481
3447
3452
3482
3448
3453
3483
3449
3454
3484
3455
3485
23869
3451
3486
13649
44316
3452
3487
44317
3453
3488
44318
3454
3489
44319
3455
3490
44320
3491
23868
44321
3457
3462
3492
13680
3458
3463
3493
3459
3464
3494
3460
3465
3495
3461
3466
3496
3467
3497
23909
3463
3468
3498
13681
3464
3469
3499
3465
3470
3500
3466
3471
3501
3467
3472
3502
3473
3503
23908
3469
3474
3504
13682
3470
3475
3505
3471
3476
3506
3472
3477
3507
3473
3478
3508
3479
3509
23907
3475
3480
3510
13683
3476
3481
3511
3477
3482
3512
3478
3483
3513
3479
3484
3514
3485
3515
23906
3481
3486
3516
13684
3482
3487
3517
3483
3488
3518
3484
3489
3519
3485
3490
3520
3491
3521
23905
3487
3522
13685
44352
3488
3523
44353
3489
3524
44354
3490
3525
44355
3491
3526
44356
3527
23904
44357
3493
3498
3528
13716
3494
3499
3529
3495
3500
3530
3496
3501
3531
3497
3502
3532
3503
3533
23945
3499
3504
3534
13717
3500
3505
3535
3501
3506
3536
3502
3507
3537
3503
3508
3538
3509
3539
23944
3505
3510
3540
13718
3506
3511
3541
3507
3512
3542
3508
3513
3543
3509
3514
3544
3515
3545
23943
3511
3516
3546
13719
3512
3517
3547
3513
3518
3548
3514
3519
3549
3515
3520
3550
3521
3551
23942
3517
3522
3552
13720
3518
3523
3553
3519
3524
3554
3520
3525
3555
3521
3526
3556
3527
3557
23941
3523
3558
13721
44388
3524
3559
44389
3525
3560
44390
3526
3561
44391
3527
3562
44392
3563
23940
44393
3529
3534
3564
13752
3530
3535
3565
3531
3536
3566
3532
3537
3567
3533
3538
3568
3539
3569
23981
3535
3540
3570
13753
3536
3541
3571
3537
3542
3572
3538
3543
3573
3539
3544
3574
3545
3575
23980
3541
3546
3576
13754
3542
3547
3577
3543
3548
3578
3544
3549
3579
3545
3550
3580
3551
3581
23979
3547
3552
3582
13755
3548
3553
3583
3549
3554
3584
3550
3555
3585
3551
3556
3586
3557
3587
23978
3553
3558
3588
13756
3554
3559
3589
3555
3560
3590
3556
3561
3591
3557
3562
3592
3563
3593
23977
3559
3594
13757
44424
3560
3595
44425
3561
3596
44426
3562
3597
44427
3563
3598
44428
3599
23976
44429
3565
3570
3600
13788
3566
3571
3601
3567
3572
3602
3568
3573
3603
3569
3574
3604
3575
3605
24017
3571
3576
3606
13789
3572
3577
3607
3573
3578
3608
3574
3579
3609
3575
3580
3610
3581
3611
24016
3577
3582
3612
13790
3578
3583
3613
3579
3584
3614
3580
3585
3615
3581
3586
3616
3587
3617
24015
3583
3588
3618
13791
3584
3589
3619
3585
3590
3620
3586
3591
3621
3587
3592
3622
3593
3623
24014
3589
3594
3624
13792
3590
3595
3625
3591
3596
3626
3592
3597
3627
3593
3598
3628
3599
3629
24013
3595
3630
13793
44460
3596
3631
44461
3597
3632
44462
3598
3633
44463
3599
3634
44464
3635
24012
44465
3601
3606
3636
13824
3602
3607
3637
3603
3608
3638
3604
3609
3639
3605
3610
3640
3611
3641
24053
3607
3612
3642
13825
3608
3613
3643
3609
3614
3644
3610
3615
3645
3611
3616
3646
3617
3647
24052
3613
3618
3648
13826
3614
3619
3649
3615
3620
3650
3616
3621
3651
3617
3622
3652
3623
3653
24051
3619
3624
3654
13827
3620
3625
3655
3621
3626
3656
3622
3627
3657
3623
3628
3658
3629
3659
24050
3625
3630
3660
13828
3626
3631
3661
3627
3632
3662
3628
3633
3663
3629
3634
3664
3635
3665
24049
3631
3666
13829
44496
3632
3667
44497
3633
3668
44498
3634
3669
44499
3635
3670
44500
3671
24048
44501
3637
3642
3672
13860
3638
3643
3673
3639
3644
3674
3640
3645
3675
3641
3646
3676
3647
3677
24089
3643
3648
3678
13861
3644
3649
3679
3645
3650
3680
3646
3651
3681
3647
3652
3682
3653
3683
24088
3649
3654
3684
13862
3650
3655
3685
3651
3656
3686
3652
3657
3687
3653
3658
3688
3659
3689
24087
3655
3660
3690
13863
3656
3661
3691
3657
3662
3692
3658
3663
3693
3659
3664
3694
3665
3695
24086
3661
3666
3696
13864
3662
3667
3697
3663
3668
3698
3664
3669
3699
3665
3670
3700
3671
3701
24085
3667
3702
13865
44532
3668
3703
44533
3669
3704
44534
3670
3705
44535
3671
3706
44536
3707
24084
44537
3673
3678
3708
13896
3674
3679
3709
3675
3680
3710
3676
3681
3711
3677
3682
3712
3683
3713
24125
3679
3684
3714
13897
3680
3685
3715
3681
3686
3716
3682
3687
3717
3683
3688
3718
3689
3719
24124
3685
3690
3720
13898
3686
3691
3721
3687
3692
3722
3688
3693
3723
3689
3694
3724
3695
3725
24123
3691
3696
3726
13899
3692
3697
3727
3693
3698
3728
3694
3699
3729
3695
3700
3730
3701
3731
24122
3697
3702
3732
13900
3698
3703
3733
3699
3704
3734
3700
3705
3735
3701
3706
3736
3707
3737
24121
3703
3738
13901
44568
3704
3739
44569
3705
3740
44570
3706
3741
44571
3707
3742
44572
3743
24120
44573
3709
3714
3744
13932
3710
3715
3745
3711
3716
3746
3712
3717
3747
3713
3718
3748
3719
3749
24161
3715
3720
3750
13933
3716
3721
3751
3717
3722
3752
3718
3723
3753
3719
3724
3754
3725
3755
24160
3721
3726
3756
13934
3722
3727
3757
3723
3728
3758
3724
3729
3759
3725
3730
3760
3731
3761
24159
3727
3732
3762
13935
3728
3733
3763
3729
3734
3764
3730
3735
3765
3731
3736
3766
3737
3767
24158
3733
3738
3768
13936
3734
3739
3769
3735
3740
3770
3736
3741
3771
3737
3742
3772
3743
3773
24157
3739
3774
13937
44604
3740
3775
44605
3741
3776
44606
3742
3777
44607
3743
3778
44608
3779
24156
44609
3745
3750
3780
13968
3746
3751
3781
3747
3752
3782
3748
3753
3783
3749
3754
3784
3755
3785
24197
3751
3756
3786
13969
3752
3757
3787
3753
3758
3788
3754
3759
3789
3755
3760
3790
3761
3791
24196
3757
3762
3792
13970
3758
3763
3793
3759
3764
3794
3760
3765
3795
3761
3766
3796
3767
3797
24195
3763
3768
3798
13971
3764
3769
3799
3765
3770
3800
3766
3771
3801
3767
3772
3802
3773
3803
24194
3769
3774
3804
13972
3770
3775
3805
3771
3776
3806
3772
3777
3807
3773
3778
3808
3779
3809
24193
3775
3810
13973
44640
3776
3811
44641
3777
3812
44642
3778
3813
44643
3779
3814
44644
3815
24192
44645
3781
3786
3816
14004
3782
3787
3817
3783
3788
3818
3784
3789
3819
3785
3790
3820
3791
3821
24233
3787
3792
3822
14005
3788
3793
3823
3789
3794
3824
3790
3795
3825
3791
3796
3826
3797
3827
24232
3793
3798
3828
14006
3794
3799
3829
3795
3800
3830
3796
3801
3831
3797
3802
3832
3803
3833
24231
3799
3804
3834
14007
3800
3805
3835
3801
3806
3836
3802
3807
3837
3803
3808
3838
3809
3839
24230
3805
3810
3840
14008
3806
3811
3841
3807
3812
3842
3808
3813
3843
3809
3814
3844
3815
3845
24229
3811
3846
14009
44676
3812
3847
44677
3813
3848
44678
3814
3849
44679
3815
3850
44680
3851
24228
44681
3817
3822
3852
14040
3818
3823
3853
3819
3824
3854
3820
3825
3855
3821
3826
3856
3827
3857
24269
3823
3828
3858
14041
3824
3829
3859
3825
3830
3860
3826
3831
3861
3827
3832
3862
3833
3863
24268
3829
3834
3864
14042
3830
3835
3865
3831
3836
3866
3832
3837
3867
3833
3838
3868
3839
3869
24267
3835
3840
3870
14043
3836
3841
3871
3837
3842
3872
3838
3843
3873
3839
3844
3874
3845
3875
24266
3841
3846
3876
14044
3842
3847
3877
3843
3848
3878
3844
3849
3879
3845
3850
3880
3851
3881
24265
3847
3882
14045
44712
3848
3883
44713
3849
3884
44714
3850
3885
44715
3851
3886
44716
3887
24264
44717
3853
3858
3888
14076
3854
3859
3889
3855
3860
3890
3856
3861
3891
3857
3862
3892
3863
3893
24305
3859
3864
3894
14077
3860
3865
3895
3861
3866
3896
3862
3867
3897
3863
3868
3898
3869
3899
24304
3865
3870
3900
14078
3866
3871
3901
3867
3872
3902
3868
3873
3903
3869
3874
3904
3875
3905
24303
3871
3876
3906
14079
3872
3877
3907
3873
3878
3908
3874
3879
3909
3875
3880
3910
3881
3911
24302
3877
3882
3912
14080
3878
3883
3913
3879
3884
3914
3880
3885
3915
3881
3886
3916
3887
3917
24301
3883
3918
14081
44748
3884
3919
44749
3885
3920
44750
3886
3921
44751
3887
3922
44752
3923
24300
44753
3889
3894
3924
14112
3890
3895
3925
3891
3896
3926
3892
3897
3927
3893
3898
3928
3899
3929
24341
3895
3900
3930
14113
3896
3901
3931
3897
3902
3932
3898
3903
3933
3899
3904
3934
3905
3935
24340
3901
3906
3936
14114
3902
3907
3937
3903
3908
3938
3904
3909
3939
3905
3910
3940
3911
3941
24339
3907
3912
3942
14115
3908
3913
3943
3909
3914
3944
3910
3915
3945
3911
3916
3946
3917
3947
24338
3913
3918
3948
14116
3914
3919
3949
3915
3920
3950
3916
3921
3951
3917
3922
3952
3923
3953
24337
3919
3954
14117
44784
3920
3955
44785
3921
3956
44786
3922
3957
44787
3923
3958
44788
3959
24336
44789
3925
3930
3960
14148
3926
3931
3961
3927
3932
3962
3928
3933
3963
3929
3934
3964
3935
3965
24377
3931
3936
3966
14149
3932
3937
3967
3933
3938
3968
3934
3939
3969
3935
3940
3970
3941
3971
24376
3937
3942
3972
14150
3938
3943
3973
3939
3944
3974
3940
3945
3975
3941
3946
3976
3947
3977
24375
3943
3948
3978
14151
3944
3949
3979
3945
3950
3980
3946
3951
3981
3947
3952
3982
3953
3983
24374
3949
3954
3984
14152
3950
3955
3985
3951
3956
3986
3952
3957
3987
3953
3958
3988
3959
3989
24373
3955
3990
14153
44820
3956
3991
44821
3957
3992
44822
3958
3993
44823
3959
3994
44824
3995
24372
44825
3961
3966
3996
14184
3962
3967
3997
3963
3968
3998
3964
3969
3999
3965
3970
4000
3971
4001
24413
3967
3972
4002
14185
3968
3973
4003
3969
3974
4004
3970
3975
4005
3971
3976
4006
3977
4007
24412
3973
3978
4008
14186
3974
3979
4009
3975
3980
4010
3976
3981
4011
3977
3982
4012
3983
4013
24411
3979
3984
4014
14187
3980
3985
4015
3981
3986
4016
3982
3987
4017
3983
3988
4018
3989
4019
24410
3985
3990
4020
14188
3986
3991
4021
3987
3992
4022
3988
3993
4023
3989
3994
4024
3995
4025
24409
3991
4026
14189
44856
3992
4027
44857
3993
4028
44858
3994
4029
44859
3995
4030
44860
4031
24408
44861
3997
4002
4032
14220
3998
4003
4033
3999
4004
4034
4000
4005
4035
4001
4006
4036
4007
4037
24449
4003
4008
4038
14221
4004
4009
4039
4005
4010
4040
4006
4011
4041
4007
4012
4042
4013
4043
24448
4009
4014
4044
14222
4010
4015
4045
4011
4016
4046
4012
4017
4047
4013
4018
4048
4019
4049
24447
4015
4020
4050
14223
4016
4021
4051
4017
4022
4052
4018
4023
4053
4019
4024
4054
4025
4055
24446
4021
4026
4056
14224
4022
4027
4057
4023
4028
4058
4024
4029
4059
4025
4030
4060
4031
4061
24445
4027
4062
14225
44892
4028
4063
44893
4029
4064
44894
4030
4065
44895
4031
4066
44896
4067
24444
44897
4033
4038
4068
14256
4034
4039
4069
4035
4040
4070
4036
4041
4071
4037
4042
4072
4043
4073
24485
4039
4044
4074
14257
4040
4045
4075
4041
4046
4076
4042
4047
4077
4043
4048
4078
4049
4079
24484
4045
4050
4080
14258
4046
4051
4081
4047
4052
4082
4048
4053
4083
4049
4054
4084
4055
4085
24483
4051
4056
4086
14259
4052
4057
4087
4053
4058
4088
4054
4059
4089
4055
4060
4090
4061
4091
24482
4057
4062
4092
14260
4058
4063
4093
4059
4064
4094
4060
4065
4095
4061
4066
4096
4067
4097
24481
4063
4098
14261
44928
4064
4099
44929
4065
4100
44930
4066
4101
44931
4067
4102
44932
4103
24480
44933
4069
4074
4104
14292
4070
4075
4105
4071
4076
4106
4072
4077
4107
4073
4078
4108
4079
4109
24521
4075
4080
4110
14293
4076
4081
4111
4077
4082
4112
4078
4083
4113
4079
4084
4114
4085
4115
24520
4081
4086
4116
14294
4082
4087
4117
4083
4088
4118
4084
4089
4119
4085
4090
4120
4091
4121
24519
4087
4092
4122
14295
4088
4093
4123
4089
4094
4124
4090
4095
4125
4091
4096
4126
4097
4127
24518
4093
4098
4128
14296
4094
4099
4129
4095
4100
4130
4096
4101
4131
4097
4102
4132
4103
4133
24517
4099
4134
14297
44964
4100
4135
44965
4101
4136
44966
4102
4137
44967
4103
4138
44968
4139
24516
44969
4105
4110
4140
14328
4106
4111
4141
4107
4112
4142
4108
4113
4143
4109
4114
4144
4115
4145
24557
4111
4116
4146
14329
4112
4117
4147
4113
4118
4148
4114
4119
4149
4115
4120
4150
4121
4151
24556
4117
4122
4152
14330
4118
4123
4153
4119
4124
4154
4120
4125
4155
4121
4126
4156
4127
4157
24555
4123
4128
4158
14331
4124
4129
4159
4125
4130
4160
4126
4131
4161
4127
4132
4162
4133
4163
24554
4129
4134
4164
14332
4130
4135
4165
4131
4136
4166
4132
4137
4167
4133
4138
4168
4139
4169
24553
4135
4170
14333
45000
4136
4171
45001
4137
4172
45002
4138
4173
45003
4139
4174
45004
4175
24552
45005
4141
4146
4176
14364
4142
4147
4177
4143
4148
4178
4144
4149
4179
4145
4150
4180
4151
4181
24593
4147
4152
4182
14365
4148
4153
4183
4149
4154
4184
4150
4155
4185
4151
4156
4186
4157
4187
24592
4153
4158
4188
14366
4154
4159
4189
4155
4160
4190
4156
4161
4191
4157
4162
4192
4163
4193
24591
4159
4164
4194
14367
4160
4165
4195
4161
4166
4196
4162
4167
4197
4163
4168
4198
4169
4199
24590
4165
4170
4200
14368
4166
4171
4201
4167
4172
4202
4168
4173
4203
4169
4174
4204
4175
4205
24589
4171
4206
14369
45036
4172
4207
45037
4173
4208
45038
4174
4209
45039
4175
4210
45040
4211
24588
45041
4177
4182
4212
14400
4178
4183
4213
4179
4184
4214
4180
4185
4215
4181
4186
4216
4187
4217
24629
4183
4188
4218
14401
4184
4189
4219
4185
4190
4220
4186
4191
4221
4187
4192
4222
4193
4223
24628
4189
4194
4224
14402
4190
4195
4225
4191
4196
4226
4192
4197
4227
4193
4198
4228
4199
4229
24627
4195
4200
4230
14403
4196
4201
4231
4197
4202
4232
4198
4203
4233
4199
4204
4234
4205
4235
24626
4201
4206
4236
14404
4202
4207
4237
4203
4208
4238
4204
4209
4239
4205
4210
4240
4211
4241
24625
4207
4242
14405
45072
4208
4243
45073
4209
4244
45074
4210
4245
45075
4211
4246
45076
4247
24624
45077
4213
4218
4248
14436
4214
4219
4249
4215
4220
4250
4216
4221
4251
4217
4222
4252
4223
4253
24665
4219
4224
4254
14437
4220
4225
4255
4221
4226
4256
4222
4227
4257
4223
4228
4258
4229
4259
24664
4225
4230
4260
14438
4226
4231
4261
4227
4232
4262
4228
4233
4263
4229
4234
4264
4235
4265
24663
4231
4236
4266
14439
4232
4237
4267
4233
4238
4268
4234
4239
4269
4235
4240
4270
4241
4271
24662
4237
4242
4272
14440
4238
4243
4273
4239
4244
4274
4240
4245
4275
4241
4246
4276
4247
4277
24661
4243
4278
14441
45108
4244
4279
45109
4245
4280
45110
4246
4281
45111
4247
4282
45112
4283
24660
45113
4249
4254
4284
14472
4250
4255
4285
4251
4256
4286
4252
4257
4287
4253
4258
4288
4259
4289
24701
4255
4260
4290
14473
4256
4261
4291
4257
4262
4292
4258
4263
4293
4259
4264
4294
4265
4295
24700
4261
4266
4296
14474
4262
4267
4297
4263
4268
4298
4264
4269
4299
4265
4270
4300
4271
4301
24699
4267
4272
4302
14475
4268
4273
4303
4269
4274
4304
4270
4275
4305
4271
4276
4306
4277
4307
24698
4273
4278
4308
14476
4274
4279
4309
4275
4280
4310
4276
4281
4311
4277
4282
4312
4283
4313
24697
4279
4314
14477
45144
4280
4315
45145
4281
4316
45146
4282
4317
45147
4283
4318
45148
4319
24696
45149
4285
4290
4320
14508
4286
4291
4321
4287
4292
4322
4288
4293
4323
4289
4294
4324
4295
4325
24737
4291
4296
4326
14509
4292
4297
4327
4293
4298
4328
4294
4299
4329
4295
4300
4330
4301
4331
24736
4297
4302
4332
14510
4298
4303
4333
4299
4304
4334
4300
4305
4335
4301
4306
4336
4307
4337
24735
4303
4308
4338
14511
4304
4309
4339
4305
4310
4340
4306
4311
4341
4307
4312
4342
4313
4343
24734
4309
4314
4344
14512
4310
4315
4345
4311
4316
4346
4312
4317
4347
4313
4318
4348
4319
4349
24733
4315
4350
14513
45180
4316
4351
45181
4317
4352
45182
4318
4353
45183
4319
4354
45184
4355
24732
45185
4321
4326
4356
14544
4322
4327
4357
4323
4328
4358
4324
4329
4359
4325
4330
4360
4331
4361
24773
4327
4332
4362
14545
4328
4333
4363
4329
4334
4364
4330
4335
4365
4331
4336
4366
4337
4367
24772
4333
4338
4368
14546
4334
4339
4369
4335
4340
4370
4336
4341
4371
4337
4342
4372
4343
4373
24771
4339
4344
4374
14547
4340
4345
4375
4341
4346
4376
4342
4347
4377
4343
4348
4378
4349
4379
24770
4345
4350
4380
14548
4346
4351
4381
4347
4352
4382
4348
4353
4383
4349
4354
4384
4355
4385
24769
4351
4386
14549
45216
4352
4387
45217
4353
4388
45218
4354
4389
45219
4355
4390
45220
4391
24768
45221
4357
4362
4392
14580
4358
4363
4393
4359
4364
4394
4360
4365
4395
4361
4366
4396
4367
4397
24809
4363
4368
4398
14581
4364
4369
4399
4365
4370
4400
4366
4371
4401
4367
4372
4402
4373
4403
24808
4369
4374
4404
14582
4370
4375
4405
4371
4376
4406
4372
4377
4407
4373
4378
4408
4379
4409
24807
4375
4380
4410
14583
4376
4381
4411
4377
4382
4412
4378
4383
4413
4379
4384
4414
4385
4415
24806
4381
4386
4416
14584
4382
4387
4417
4383
4388
4418
4384
4389
4419
4385
4390
4420
4391
4421
24805
4387
4422
14585
45252
4388
4423
45253
4389
4424
45254
4390
4425
45255
4391
4426
45256
4427
24804
45257
4393
4398
4428
14616
4394
4399
4429
4395
4400
4430
4396
4401
4431
4397
4402
4432
4403
4433
24845
4399
4404
4434
14617
4400
4405
4435
4401
4406
4436
4402
4407
4437
4403
4408
4438
4409
4439
24844
4405
4410
4440
14618
4406
4411
4441
4407
4412
4442
4408
4413
4443
4409
4414
4444
4415
4445
24843
4411
4416
4446
14619
4412
4417
4447
4413
4418
4448
4414
4419
4449
4415
4420
4450
4421
4451
24842
4417
4422
4452
14620
4418
4423
4453
4419
4424
4454
4420
4425
4455
4421
4426
4456
4427
4457
24841
4423
4458
14621
45288
4424
4459
45289
4425
4460
45290
4426
4461
45291
4427
4462
45292
4463
24840
45293
4429
4434
4464
14652
4430
4435
4465
4431
4436
4466
4432
4437
4467
4433
4438
4468
4439
4469
24881
4435
4440
4470
14653
4436
4441
4471
4437
4442
4472
4438
4443
4473
4439
4444
4474
4445
4475
24880
4441
4446
4476
14654
4442
4447
4477
4443
4448
4478
4444
4449
4479
4445
4450
4480
4451
4481
24879
4447
4452
4482
14655
4448
4453
4483
4449
4454
4484
4450
4455
4485
4451
4456
4486
4457
4487
24878
4453
4458
4488
14656
4454
4459
4489
4455
4460
4490
4456
4461
4491
4457
4462
4492
4463
4493
24877
4459
4494
14657
45324
4460
4495
45325
4461
4496
45326
4462
4497
45327
4463
4498
45328
4499
24876
45329
4465
4470
4500
14688
4466
4471
4501
4467
4472
4502
4468
4473
4503
4469
4474
4504
4475
4505
24917
4471
4476
4506
14689
4472
4477
4507
4473
4478
4508
4474
4479
4509
4475
4480
4510
4481
4511
24916
4477
4482
4512
14690
4478
4483
4513
4479
4484
4514
4480
4485
4515
4481
4486
4516
4487
4517
24915
4483
4488
4518
14691
4484
4489
4519
4485
4490
4520
4486
4491
4521
4487
4492
4522
4493
4523
24914
4489
4494
4524
14692
4490
4495
4525
4491
4496
4526
4492
4497
4527
4493
4498
4528
4499
4529
24913
4495
4530
14693
45360
4496
4531
45361
4497
4532
45362
4498
4533
45363
4499
4534
45364
4535
24912
45365
4501
4506
4536
14724
4502
4507
4537
4503
4508
4538
4504
4509
4539
4505
4510
4540
4511
4541
24953
4507
4512
4542
14725
4508
4513
4543
4509
4514
4544
4510
4515
4545
4511
4516
4546
4517
4547
24952
4513
4518
4548
14726
4514
4519
4549
4515
4520
4550
4516
4521
4551
4517
4522
4552
4523
4553
24951
4519
4524
4554
14727
4520
4525
4555
4521
4526
4556
4522
4527
4557
4523
4528
4558
4529
4559
24950
4525
4530
4560
14728
4526
4531
4561
4527
4532
4562
4528
4533
4563
4529
4534
4564
4535
4565
24949
4531
4566
14729
45396
4532
4567
45397
4533
4568
45398
4534
4569
45399
4535
4570
45400
4571
24948
45401
4537
4542
4572
14760
4538
4543
4573
4539
4544
4574
4540
4545
4575
4541
4546
4576
4547
4577
24989
4543
4548
4578
14761
4544
4549
4579
4545
4550
4580
4546
4551
4581
4547
4552
4582
4553
4583
24988
4549
4554
4584
14762
4550
4555
4585
4551
4556
4586
4552
4557
4587
4553
4558
4588
4559
4589
24987
4555
4560
4590
14763
4556
4561
4591
4557
4562
4592
4558
4563
4593
4559
4564
4594
4565
4595
24986
4561
4566
4596
14764
4562
4567
4597
4563
4568
4598
4564
4569
4599
4565
4570
4600
4571
4601
24985
4567
4602
14765
45432
4568
4603
45433
4569
4604
45434
4570
4605
45435
4571
4606
45436
4607
24984
45437
4573
4578
4608
14796
4574
4579
4609
4575
4580
4610
4576
4581
4611
4577
4582
4612
4583
4613
25025
4579
4584
4614
14797
4580
4585
4615
4581
4586
4616
4582
4587
4617
4583
4588
4618
4589
4619
25024
4585
4590
4620
14798
4586
4591
4621
4587
4592
4622
4588
4593
4623
4589
4594
4624
4595
4625
25023
4591
4596
4626
14799
4592
4597
4627
4593
4598
4628
4594
4599
4629
4595
4600
4630
4601
4631
25022
4597
4602
4632
14800
4598
4603
4633
4599
4604
4634
4600
4605
4635
4601
4606
4636
4607
4637
25021
4603
4638
14801
45468
4604
4639
45469
4605
4640
45470
4606
4641
45471
4607
4642
45472
4643
25020
45473
4609
4614
4644
14832
4610
4615
4645
4611
4616
4646
4612
4617
4647
4613
4618
4648
4619
4649
25061
4615
4620
4650
14833
4616
4621
4651
4617
4622
4652
4618
4623
4653
4619
4624
4654
4625
4655
25060
4621
4626
4656
14834
4622
4627
4657
4623
4628
4658
4624
4629
4659
4625
4630
4660
4631
4661
25059
4627
4632
4662
14835
4628
4633
4663
4629
4634
4664
4630
4635
4665
4631
4636
4666
4637
4667
25058
4633
4638
4668
14836
4634
4639
4669
4635
4640
4670
4636
4641
4671
4637
4642
4672
4643
4673
25057
4639
4674
14837
45504
4640
4675
45505
4641
4676
45506
4642
4677
45507
4643
4678
45508
4679
25056
45509
4645
4650
4680
14868
4646
4651
4681
4647
4652
4682
4648
4653
4683
4649
4654
4684
4655
4685
25097
4651
4656
4686
14869
4652
4657
4687
4653
4658
4688
4654
4659
4689
4655
4660
4690
4661
4691
25096
4657
4662
4692
14870
4658
4663
4693
4659
4664
4694
4660
4665
4695
4661
4666
4696
4667
4697
25095
4663
4668
4698
14871
4664
4669
4699
4665
4670
4700
4666
4671
4701
4667
4672
4702
4673
4703
25094
4669
4674
4704
14872
4670
4675
4705
4671
4676
4706
4672
4677
4707
4673
4678
4708
4679
4709
25093
4675
4710
14873
45540
4676
4711
45541
4677
4712
45542
4678
4713
45543
4679
4714
45544
4715
25092
45545
4681
4686
4716
14904
4682
4687
4717
4683
4688
4718
4684
4689
4719
4685
4690
4720
4691
4721
25133
4687
4692
4722
14905
4688
4693
4723
4689
4694
4724
4690
4695
4725
4691
4696
4726
4697
4727
25132
4693
4698
4728
14906
4694
4699
4729
4695
4700
4730
4696
4701
4731
4697
4702
4732
4703
4733
25131
4699
4704
4734
14907
4700
4705
4735
4701
4706
4736
4702
4707
4737
4703
4708
4738
4709
4739
25130
4705
4710
4740
14908
4706
4711
4741
4707
4712
4742
4708
4713
4743
4709
4714
4744
4715
4745
25129
4711
4746
14909
45576
4712
4747
45577
4713
4748
45578
4714
4749
45579
4715
4750
45580
4751
25128
45581
4717
4722
4752
14940
4718
4723
4753
4719
4724
4754
4720
4725
4755
4721
4726
4756
4727
4757
25169
4723
4728
4758
14941
4724
4729
4759
4725
4730
4760
4726
4731
4761
4727
4732
4762
4733
4763
25168
4729
4734
4764
14942
4730
4735
4765
4731
4736
4766
4732
4737
4767
4733
4738
4768
4739
4769
25167
4735
4740
4770
14943
4736
4741
4771
4737
4742
4772
4738
4743
4773
4739
4744
4774
4745
4775
25166
4741
4746
4776
14944
4742
4747
4777
4743
4748
4778
4744
4749
4779
4745
4750
4780
4751
4781
25165
4747
4782
14945
45612
4748
4783
45613
4749
4784
45614
4750
4785
45615
4751
4786
45616
4787
25164
45617
4753
4758
4788
14976
4754
4759
4789
4755
4760
4790
4756
4761
4791
4757
4762
4792
4763
4793
25205
4759
4764
4794
14977
4760
4765
4795
4761
4766
4796
4762
4767
4797
4763
4768
4798
4769
4799
25204
4765
4770
4800
14978
4766
4771
4801
4767
4772
4802
4768
4773
4803
4769
4774
4804
4775
4805
25203
4771
4776
4806
14979
4772
4777
4807
4773
4778
4808
4774
4779
4809
4775
4780
4810
4781
4811
25202
4777
4782
4812
14980
4778
4783
4813
4779
4784
4814
4780
4785
4815
4781
4786
4816
4787
4817
25201
4783
4818
14981
45648
4784
4819
45649
4785
4820
45650
4786
4821
45651
4787
4822
45652
4823
25200
45653
4789
4794
4824
15012
4790
4795
4825
4791
4796
4826
4792
4797
4827
4793
4798
4828
4799
4829
25241
4795
4800
4830
15013
4796
4801
4831
4797
4802
4832
4798
4803
4833
4799
4804
4834
4805
4835
25240
4801
4806
4836
15014
4802
4807
4837
4803
4808
4838
4804
4809
4839
4805
4810
4840
4811
4841
25239
4807
4812
4842
15015
4808
4813
4843
4809
4814
4844
4810
4815
4845
4811
4816
4846
4817
4847
25238
4813
4818
4848
15016
4814
4819
4849
4815
4820
4850
4816
4821
4851
4817
4822
4852
4823
4853
25237
4819
4854
15017
45684
4820
4855
45685
4821
4856
45686
4822
4857
45687
4823
4858
45688
4859
25236
45689
4825
4830
4860
15048
4826
4831
4861
4827
4832
4862
4828
4833
4863
4829
4834
4864
4835
4865
25277
4831
4836
4866
15049
4832
4837
4867
4833
4838
4868
4834
4839
4869
4835
4840
4870
4841
4871
25276
4837
4842
4872
15050
4838
4843
4873
4839
4844
4874
4840
4845
4875
4841
4846
4876
4847
4877
25275
4843
4848
4878
15051
4844
4849
4879
4845
4850
4880
4846
4851
4881
4847
4852
4882
4853
4883
25274
4849
4854
4884
15052
4850
4855
4885
4851
4856
4886
4852
4857
4887
4853
4858
4888
4859
4889
25273
4855
4890
15053
45720
4856
4891
45721
4857
4892
45722
4858
4893
45723
4859
4894
45724
4895
25272
45725
4861
4866
4896
15084
4862
4867
4897
4863
4868
4898
4864
4869
4899
4865
4870
4900
4871
4901
25313
4867
4872
4902
15085
4868
4873
4903
4869
4874
4904
4870
4875
4905
4871
4876
4906
4877
4907
25312
4873
4878
4908
15086
4874
4879
4909
4875
4880
4910
4876
4881
4911
4877
4882
4912
4883
4913
25311
4879
4884
4914
15087
4880
4885
4915
4881
4886
4916
4882
4887
4917
4883
4888
4918
4889
4919
25310
4885
4890
4920
15088
4886
4891
4921
4887
4892
4922
4888
4893
4923
4889
4894
4924
4895
4925
25309
4891
4926
15089
45756
4892
4927
45757
4893
4928
45758
4894
4929
45759
4895
4930
45760
4931
25308
45761
4897
4902
4932
15120
4898
4903
4933
4899
4904
4934
4900
4905
4935
4901
4906
4936
4907
4937
25349
4903
4908
4938
15121
4904
4909
4939
4905
4910
4940
4906
4911
4941
4907
4912
4942
4913
4943
25348
4909
4914
4944
15122
4910
4915
4945
4911
4916
4946
4912
4917
4947
4913
4918
4948
4919
4949
25347
4915
4920
4950
15123
4916
4921
4951
4917
4922
4952
4918
4923
4953
4919
4924
4954
4925
4955
25346
4921
4926
4956
15124
4922
4927
4957
4923
4928
4958
4924
4929
4959
4925
4930
4960
4931
4961
25345
4927
4962
15125
45792
4928
4963
45793
4929
4964
45794
4930
4965
45795
4931
4966
45796
4967
25344
45797
4933
4938
4968
15156
4934
4939
4969
4935
4940
4970
4936
4941
4971
4937
4942
4972
4943
4973
25385
4939
4944
4974
15157
4940
4945
4975
4941
4946
4976
4942
4947
4977
4943
4948
4978
4949
4979
25384
4945
4950
4980
15158
4946
4951
4981
4947
4952
4982
4948
4953
4983
4949
4954
4984
4955
4985
25383
4951
4956
4986
15159
4952
4957
4987
4953
4958
4988
4954
4959
4989
4955
4960
4990
4961
4991
25382
4957
4962
4992
15160
4958
4963
4993
4959
4964
4994
4960
4965
4995
4961
4966
4996
4967
4997
25381
4963
4998
15161
45828
4964
4999
45829
4965
5000
45830
4966
5001
45831
4967
5002
45832
5003
25380
45833
4969
4974
5004
15192
4970
4975
5005
4971
4976
5006
4972
4977
5007
4973
4978
5008
4979
5009
25421
4975
4980
5010
15193
4976
4981
5011
4977
4982
5012
4978
4983
5013
4979
4984
5014
4985
5015
25420
4981
4986
5016
15194
4982
4987
5017
4983
4988
5018
4984
4989
5019
4985
4990
5020
4991
5021
25419
4987
4992
5022
15195
4988
4993
5023
4989
4994
5024
4990
4995
5025
4991
4996
5026
4997
5027
25418
4993
4998
5028
15196
4994
4999
5029
4995
5000
5030
4996
5001
5031
4997
5002
5032
5003
5033
25417
4999
5034
15197
45864
5000
5035
45865
5001
5036
45866
5002
5037
45867
5003
5038
45868
5039
25416
45869
5005
5010
5040
15228
5006
5011
5041
5007
5012
5042
5008
5013
5043
5009
5014
5044
5015
5045
25457
5011
5016
5046
15229
5012
5017
5047
5013
5018
5048
5014
5019
5049
5015
5020
5050
5021
5051
25456
5017
5022
5052
15230
5018
5023
5053
5019
5024
5054
5020
5025
5055
5021
5026
5056
5027
5057
25455
5023
5028
5058
15231
5024
5029
5059
5025
5030
5060
5026
5031
5061
5027
5032
5062
5033
5063
25454
5029
5034
5064
15232
5030
5035
5065
5031
5036
5066
5032
5037
5067
5033
5038
5068
5039
5069
25453
5035
5070
15233
45900
5036
5071
45901
5037
5072
45902
5038
5073
45903
5039
5074
45904
5075
25452
45905
5041
5046
5076
15264
5042
5047
5077
5043
5048
5078
5044
5049
5079
5045
5050
5080
5051
5081
25493
5047
5052
5082
15265
5048
5053
5083
5049
5054
5084
5050
5055
5085
5051
5056
5086
5057
5087
25492
5053
5058
5088
15266
5054
5059
5089
5055
5060
5090
5056
5061
5091
5057
5062
5092
5063
5093
25491
5059
5064
5094
15267
5060
5065
5095
5061
5066
5096
5062
5067
5097
5063
5068
5098
5069
5099
25490
5065
5070
5100
15268
5066
5071
5101
5067
5072
5102
5068
5073
5103
5069
5074
5104
5075
5105
25489
5071
5106
15269
45936
5072
5107
45937
5073
5108
45938
5074
5109
45939
5075
5110
45940
5111
25488
45941
5077
5082
5112
15300
5078
5083
5113
5079
5084
5114
5080
5085
5115
5081
5086
5116
5087
5117
25529
5083
5088
5118
15301
5084
5089
5119
5085
5090
5120
5086
5091
5121
5087
5092
5122
5093
5123
25528
5089
5094
5124
15302
5090
5095
5125
5091
5096
5126
5092
5097
5127
5093
5098
5128
5099
5129
25527
5095
5100
5130
15303
5096
5101
5131
5097
5102
5132
5098
5103
5133
5099
5104
5134
5105
5135
25526
5101
5106
5136
15304
5102
5107
5137
5103
5108
5138
5104
5109
5139
5105
5110
5140
5111
5141
25525
5107
5142
15305
45972
5108
5143
45973
5109
5144
45974
5110
5145
45975
5111
5146
45976
5147
25524
45977
5113
5118
5148
15336
5114
5119
5149
5115
5120
5150
5116
5121
5151
5117
5122
5152
5123
5153
25565
5119
5124
5154
15337
5120
5125
5155
5121
5126
5156
5122
5127
5157
5123
5128
5158
5129
5159
25564
5125
5130
5160
15338
5126
5131
5161
5127
5132
5162
5128
5133
5163
5129
5134
5164
5135
5165
25563
5131
5136
5166
15339
5132
5137
5167
5133
5138
5168
5134
5139
5169
5135
5140
5170
5141
5171
25562
5137
5142
5172
15340
5138
5143
5173
5139
5144
5174
5140
5145
5175
5141
5146
5176
5147
5177
25561
5143
5178
15341
46008
5144
5179
46009
5145
5180
46010
5146
5181
46011
5147
5182
46012
5183
25560
46013
5149
5154
5184
15372
5150
5155
5185
5151
5156
5186
5152
5157
5187
5153
5158
5188
5159
5189
25601
5155
5160
5190
15373
5156
5161
5191
5157
5162
5192
5158
5163
5193
5159
5164
5194
5165
5195
25600
5161
5166
5196
15374
5162
5167
5197
5163
5168
5198
5164
5169
5199
5165
5170
5200
5171
5201
25599
5167
5172
5202
15375
5168
5173
5203
5169
5174
5204
5170
5175
5205
5171
5176
5206
5177
5207
25598
5173
5178
5208
15376
5174
5179
5209
5175
5180
5210
5176
5181
5211
5177
5182
5212
5183
5213
25597
5179
5214
15377
46044
5180
5215
46045
5181
5216
46046
5182
5217
46047
5183
5218
46048
5219
25596
46049
5185
5190
5220
15408
5186
5191
5221
5187
5192
5222
5188
5193
5223
5189
5194
5224
5195
5225
25637
5191
5196
5226
15409
5192
5197
5227
5193
5198
5228
5194
5199
5229
5195
5200
5230
5201
5231
25636
5197
5202
5232
15410
5198
5203
5233
5199
5204
5234
5200
5205
5235
5201
5206
5236
5207
5237
25635
5203
5208
5238
15411
5204
5209
5239
5205
5210
5240
5206
5211
5241
5207
5212
5242
5213
5243
25634
5209
5214
5244
15412
5210
5215
5245
5211
5216
5246
5212
5217
5247
5213
5218
5248
5219
5249
25633
5215
5250
15413
46080
5216
5251
46081
5217
5252
46082
5218
5253
46083
5219
5254
46084
5255
25632
46085
5221
5226
5256
15444
5222
5227
5257
5223
5228
5258
5224
5229
5259
5225
5230
5260
5231
5261
25673
5227
5232
5262
15445
5228
5233
5263
5229
5234
5264
5230
5235
5265
5231
5236
5266
5237
5267
25672
5233
5238
5268
15446
5234
5239
5269
5235
5240
5270
5236
5241
5271
5237
5242
5272
5243
5273
25671
5239
5244
5274
15447
5240
5245
5275
5241
5246
5276
5242
5247
5277
5243
5248
5278
5249
5279
25670
5245
5250
5280
15448
5246
5251
5281
5247
5252
5282
5248
5253
5283
5249
5254
5284
5255
5285
25669
5251
5286
15449
46116
5252
5287
46117
5253
5288
46118
5254
5289
46119
5255
5290
46120
5291
25668
46121
5257
5262
5292
15480
5258
5263
5293
5259
5264
5294
5260
5265
5295
5261
5266
5296
5267
5297
25709
5263
5268
5298
15481
5264
5269
5299
5265
5270
5300
5266
5271
5301
5267
5272
5302
5273
5303
25708
5269
5274
5304
15482
5270
5275
5305
5271
5276
5306
5272
5277
5307
5273
5278
5308
5279
5309
25707
5275
5280
5310
15483
5276
5281
5311
5277
5282
5312
5278
5283
5313
5279
5284
5314
5285
5315
25706
5281
5286
5316
15484
5282
5287
5317
5283
5288
5318
5284
5289
5319
5285
5290
5320
5291
5321
25705
5287
5322
15485
46152
5288
5323
46153
5289
5324
46154
5290
5325
46155
5291
5326
46156
5327
25704
46157
5293
5298
5328
15516
5294
5299
5329
5295
5300
5330
5296
5301
5331
5297
5302
5332
5303
5333
25745
5299
5304
5334
15517
5300
5305
5335
5301
5306
5336
5302
5307
5337
5303
5308
5338
5309
5339
25744
5305
5310
5340
15518
5306
5311
5341
5307
5312
5342
5308
5313
5343
5309
5314
5344
5315
5345
25743
5311
5316
5346
15519
5312
5317
5347
5313
5318
5348
5314
5319
5349
5315
5320
5350
5321
5351
25742
5317
5322
5352
15520
5318
5323
5353
5319
5324
5354
5320
5325
5355
5321
5326
5356
5327
5357
25741
5323
5358
15521
46188
5324
5359
46189
5325
5360
46190
5326
5361
46191
5327
5362
46192
5363
25740
46193
5329
5334
5364
15552
5330
5335
5365
5331
5336
5366
5332
5337
5367
5333
5338
5368
5339
5369
25781
5335
5340
5370
15553
5336
5341
5371
5337
5342
5372
5338
5343
5373
5339
5344
5374
5345
5375
25780
5341
5346
5376
15554
5342
5347
5377
5343
5348
5378
5344
5349
5379
5345
5350
5380
5351
5381
25779
5347
5352
5382
15555
5348
5353
5383
5349
5354
5384
5350
5355
5385
5351
5356
5386
5357
5387
25778
5353
5358
5388
15556
5354
5359
5389
5355
5360
5390
5356
5361
5391
5357
5362
5392
5363
5393
25777
5359
5394
15557
46224
5360
5395
46225
5361
5396
46226
5362
5397
46227
5363
5398
46228
5399
25776
46229
5365
5370
5400
15588
5366
5371
5401
5367
5372
5402
5368
5373
5403
5369
5374
5404
5375
5405
25817
5371
5376
5406
15589
5372
5377
5407
5373
5378
5408
5374
5379
5409
5375
5380
5410
5381
5411
25816
5377
5382
5412
15590
5378
5383
5413
5379
5384
5414
5380
5385
5415
5381
5386
5416
5387
5417
25815
5383
5388
5418
15591
5384
5389
5419
5385
5390
5420
5386
5391
5421
5387
5392
5422
5393
5423
25814
5389
5394
5424
15592
5390
5395
5425
5391
5396
5426
5392
5397
5427
5393
5398
5428
5399
5429
25813
5395
5430
15593
46260
5396
5431
46261
5397
5432
46262
5398
5433
46263
5399
5434
46264
5435
25812
46265
5401
5406
5436
15624
5402
5407
5437
5403
5408
5438
5404
5409
5439
5405
5410
5440
5411
5441
25853
5407
5412
5442
15625
5408
5413
5443
5409
5414
5444
5410
5415
5445
5411
5416
5446
5417
5447
25852
5413
5418
5448
15626
5414
5419
5449
5415
5420
5450
5416
5421
5451
5417
5422
5452
5423
5453
25851
5419
5424
5454
15627
5420
5425
5455
5421
5426
5456
5422
5427
5457
5423
5428
5458
5429
5459
25850
5425
5430
5460
15628
5426
5431
5461
5427
5432
5462
5428
5433
5463
5429
5434
5464
5435
5465
25849
5431
5466
15629
46296
5432
5467
46297
5433
5468
46298
5434
5469
46299
5435
5470
46300
5471
25848
46301
5437
5442
5472
15660
5438
5443
5473
5439
5444
5474
5440
5445
5475
5441
5446
5476
5447
5477
25889
5443
5448
5478
15661
5444
5449
5479
5445
5450
5480
5446
5451
5481
5447
5452
5482
5453
5483
25888
5449
5454
5484
15662
5450
5455
5485
5451
5456
5486
5452
5457
5487
5453
5458
5488
5459
5489
25887
5455
5460
5490
15663
5456
5461
5491
5457
5462
5492
5458
5463
5493
5459
5464
5494
5465
5495
25886
5461
5466
5496
15664
5462
5467
5497
5463
5468
5498
5464
5469
5499
5465
5470
5500
5471
5501
25885
5467
5502
15665
46332
5468
5503
46333
5469
5504
46334
5470
5505
46335
5471
5506
46336
5507
25884
46337
5473
5478
5508
15696
5474
5479
5509
5475
5480
5510
5476
5481
5511
5477
5482
5512
5483
5513
25925
5479
5484
5514
15697
5480
5485
5515
5481
5486
5516
5482
5487
5517
5483
5488
5518
5489
5519
25924
5485
5490
5520
15698
5486
5491
5521
5487
5492
5522
5488
5493
5523
5489
5494
5524
5495
5525
25923
5491
5496
5526
15699
5492
5497
5527
5493
5498
5528
5494
5499
5529
5495
5500
5530
5501
5531
25922
5497
5502
5532
15700
5498
5503
5533
5499
5504
5534
5500
5505
5535
5501
5506
5536
5507
5537
25921
5503
5538
15701
46368
5504
5539
46369
5505
5540
46370
5506
5541
46371
5507
5542
46372
5543
25920
46373
5509
5514
5544
15732
5510
5515
5545
5511
5516
5546
5512
5517
5547
5513
5518
5548
5519
5549
25961
5515
5520
5550
15733
5516
5521
5551
5517
5522
5552
5518
5523
5553
5519
5524
5554
5525
5555
25960
5521
5526
5556
15734
5522
5527
5557
5523
5528
5558
5524
5529
5559
5525
5530
5560
5531
5561
25959
5527
5532
5562
15735
5528
5533
5563
5529
5534
5564
5530
5535
5565
5531
5536
5566
5537
5567
25958
5533
5538
5568
15736
5534
5539
5569
5535
5540
5570
5536
5541
5571
5537
5542
5572
5543
5573
25957
5539
5574
15737
46404
5540
5575
46405
5541
5576
46406
5542
5577
46407
5543
5578
46408
5579
25956
46409
5545
5550
5580
15768
5546
5551
5581
5547
5552
5582
5548
5553
5583
5549
5554
5584
5555
5585
25997
5551
5556
5586
15769
5552
5557
5587
5553
5558
5588
5554
5559
5589
5555
5560
5590
5561
5591
25996
5557
5562
5592
15770
5558
5563
5593
5559
5564
5594
5560
5565
5595
5561
5566
5596
5567
5597
25995
5563
5568
5598
15771
5564
5569
5599
5565
5570
5600
5566
5571
5601
5567
5572
5602
5573
5603
25994
5569
5574
5604
15772
5570
5575
5605
5571
5576
5606
5572
5577
5607
5573
5578
5608
5579
5609
25993
5575
5610
15773
46440
5576
5611
46441
5577
5612
46442
5578
5613
46443
5579
5614
46444
5615
25992
46445
5581
5586
5616
15804
5582
5587
5617
5583
5588
5618
5584
5589
5619
5585
5590
5620
5591
5621
26033
5587
5592
5622
15805
5588
5593
5623
5589
5594
5624
5590
5595
5625
5591
5596
5626
5597
5627
26032
5593
5598
5628
15806
5594
5599
5629
5595
5600
5630
5596
5601
5631
5597
5602
5632
5603
5633
26031
5599
5604
5634
15807
5600
5605
5635
5601
5606
5636
5602
5607
5637
5603
5608
5638
5609
5639
26030
5605
5610
5640
15808
5606
5611
5641
5607
5612
5642
5608
5613
5643
5609
5614
5644
5615
5645
26029
5611
5646
15809
46476
5612
5647
46477
5613
5648
46478
5614
5649
46479
5615
5650
46480
5651
26028
46481
5617
5622
5652
15840
5618
5623
5653
5619
5624
5654
5620
5625
5655
5621
5626
5656
5627
5657
26069
5623
5628
5658
15841
5624
5629
5659
5625
5630
5660
5626
5631
5661
5627
5632
5662
5633
5663
26068
5629
5634
5664
15842
5630
5635
5665
5631
5636
5666
5632
5637
5667
5633
5638
5668
5639
5669
26067
5635
5640
5670
15843
5636
5641
5671
5637
5642
5672
5638
5643
5673
5639
5644
5674
5645
5675
26066
5641
5646
5676
15844
5642
5647
5677
5643
5648
5678
5644
5649
5679
5645
5650
5680
5651
5681
26065
5647
5682
15845
46512
5648
5683
46513
5649
5684
46514
5650
5685
46515
5651
5686
46516
5687
26064
46517
5653
5658
5688
15876
5654
5659
5689
5655
5660
5690
5656
5661
5691
5657
5662
5692
5663
5693
26105
5659
5664
5694
15877
5660
5665
5695
5661
5666
5696
5662
5667
5697
5663
5668
5698
5669
5699
26104
5665
5670
5700
15878
5666
5671
5701
5667
5672
5702
5668
5673
5703
5669
5674
5704
5675
5705
26103
5671
5676
5706
15879
5672
5677
5707
5673
5678
5708
5674
5679
5709
5675
5680
5710
5681
5711
26102
5677
5682
5712
15880
5678
5683
5713
5679
5684
5714
5680
5685
5715
5681
5686
5716
5687
5717
26101
5683
5718
15881
46548
5684
5719
46549
5685
5720
46550
5686
5721
46551
5687
5722
46552
5723
26100
46553
5689
5694
5724
15912
5690
5695
5725
5691
5696
5726
5692
5697
5727
5693
5698
5728
5699
5729
26141
5695
5700
5730
15913
5696
5701
5731
5697
5702
5732
5698
5703
5733
5699
5704
5734
5705
5735
26140
5701
5706
5736
15914
5702
5707
5737
5703
5708
5738
5704
5709
5739
5705
5710
5740
5711
5741
26139
5707
5712
5742
15915
5708
5713
5743
5709
5714
5744
5710
5715
5745
5711
5716
5746
5717
5747
26138
5713
5718
5748
15916
5714
5719
5749
5715
5720
5750
5716
5721
5751
5717
5722
5752
5723
5753
26137
5719
5754
15917
46584
5720
5755
46585
5721
5756
46586
5722
5757
46587
5723
5758
46588
5759
26136
46589
5725
5730
5760
15948
5726
5731
5761
5727
5732
5762
5728
5733
5763
5729
5734
5764
5735
5765
26177
5731
5736
5766
15949
5732
5737
5767
5733
5738
5768
5734
5739
5769
5735
5740
5770
5741
5771
26176
5737
5742
5772
15950
5738
5743
5773
5739
5744
5774
5740
5745
5775
5741
5746
5776
5747
5777
26175
5743
5748
5778
15951
5744
5749
5779
5745
5750
5780
5746
5751
5781
5747
5752
5782
5753
5783
26174
5749
5754
5784
15952
5750
5755
5785
5751
5756
5786
5752
5757
5787
5753
5758
5788
5759
5789
26173
5755
5790
15953
46620
5756
5791
46621
5757
5792
46622
5758
5793
46623
5759
5794
46624
5795
26172
46625
5761
5766
5796
15984
5762
5767
5797
5763
5768
5798
5764
5769
5799
5765
5770
5800
5771
5801
26213
5767
5772
5802
15985
5768
5773
5803
5769
5774
5804
5770
5775
5805
5771
5776
5806
5777
5807
26212
5773
5778
5808
15986
5774
5779
5809
5775
5780
5810
5776
5781
5811
5777
5782
5812
5783
5813
26211
5779
5784
5814
15987
5780
5785
5815
5781
5786
5816
5782
5787
5817
5783
5788
5818
5789
5819
26210
5785
5790
5820
15988
5786
5791
5821
5787
5792
5822
5788
5793
5823
5789
5794
5824
5795
5825
26209
5791
5826
15989
46656
5792
5827
46657
5793
5828
46658
5794
5829
46659
5795
5830
46660
5831
26208
46661
5797
5802
5832
16020
5798
5803
5833
5799
5804
5834
5800
5805
5835
5801
5806
5836
5807
5837
26249
5803
5808
5838
16021
5804
5809
5839
5805
5810
5840
5806
5811
5841
5807
5812
5842
5813
5843
26248
5809
5814
5844
16022
5810
5815
5845
5811
5816
5846
5812
5817
5847
5813
5818
5848
5819
5849
26247
5815
5820
5850
16023
5816
5821
5851
5817
5822
5852
5818
5823
5853
5819
5824
5854
5825
5855
26246
5821
5826
5856
16024
5822
5827
5857
5823
5828
5858
5824
5829
5859
5825
5830
5860
5831
5861
26245
5827
5862
16025
46692
5828
5863
46693
5829
5864
46694
5830
5865
46695
5831
5866
46696
5867
26244
46697
5833
5838
5868
16056
5834
5839
5869
5835
5840
5870
5836
5841
5871
5837
5842
5872
5843
5873
26285
5839
5844
5874
16057
5840
5845
5875
5841
5846
5876
5842
5847
5877
5843
5848
5878
5849
5879
26284
5845
5850
5880
16058
5846
5851
5881
5847
5852
5882
5848
5853
5883
5849
5854
5884
5855
5885
26283
5851
5856
5886
16059
5852
5857
5887
5853
5858
5888
5854
5859
5889
5855
5860
5890
5861
5891
26282
5857
5862
5892
16060
5858
5863
5893
5859
5864
5894
5860
5865
5895
5861
5866
5896
5867
5897
26281
5863
5898
16061
46728
5864
5899
46729
5865
5900
46730
5866
5901
46731
5867
5902
46732
5903
26280
46733
5869
5874
5904
16092
5870
5875
5905
5871
5876
5906
5872
5877
5907
5873
5878
5908
5879
5909
26321
5875
5880
5910
16093
5876
5881
5911
5877
5882
5912
5878
5883
5913
5879
5884
5914
5885
5915
26320
5881
5886
5916
16094
5882
5887
5917
5883
5888
5918
5884
5889
5919
5885
5890
5920
5891
5921
26319
5887
5892
5922
16095
5888
5893
5923
5889
5894
5924
5890
5895
5925
5891
5896
5926
5897
5927
26318
5893
5898
5928
16096
5894
5899
5929
5895
5900
5930
5896
5901
5931
5897
5902
5932
5903
5933
26317
5899
5934
16097
46764
5900
5935
46765
5901
5936
46766
5902
5937
46767
5903
5938
46768
5939
26316
46769
5905
5910
5940
16128
5906
5911
5941
5907
5912
5942
5908
5913
5943
5909
5914
5944
5915
5945
26357
5911
5916
5946
16129
5912
5917
5947
5913
5918
5948
5914
5919
5949
5915
5920
5950
5921
5951
26356
5917
5922
5952
16130
5918
5923
5953
5919
5924
5954
5920
5925
5955
5921
5926
5956
5927
5957
26355
5923
5928
5958
16131
5924
5929
5959
5925
5930
5960
5926
5931
5961
5927
5932
5962
5933
5963
26354
5929
5934
5964
16132
5930
5935
5965
5931
5936
5966
5932
5937
5967
5933
5938
5968
5939
5969
26353
5935
5970
16133
46800
5936
5971
46801
5937
5972
46802
5938
5973
46803
5939
5974
46804
5975
26352
46805
5941
5946
5976
16164
5942
5947
5977
5943
5948
5978
5944
5949
5979
5945
5950
5980
5951
5981
26393
5947
5952
5982
16165
5948
5953
5983
5949
5954
5984
5950
5955
5985
5951
5956
5986
5957
5987
26392
5953
5958
5988
16166
5954
5959
5989
5955
5960
5990
5956
5961
5991
5957
5962
5992
5963
5993
26391
5959
5964
5994
16167
5960
5965
5995
5961
5966
5996
5962
5967
5997
5963
5968
5998
5969
5999
26390
5965
5970
6000
16168
5966
5971
6001
5967
5972
6002
5968
5973
6003
5969
5974
6004
5975
6005
26389
5971
6006
16169
46836
5972
6007
46837
5973
6008
46838
5974
6009
46839
5975
6010
46840
6011
26388
46841
5977
5982
6012
16200
5978
5983
6013
5979
5984
6014
5980
5985
6015
5981
5986
6016
5987
6017
26429
5983
5988
6018
16201
5984
5989
6019
5985
5990
6020
5986
5991
6021
5987
5992
6022
5993
6023
26428
5989
5994
6024
16202
5990
5995
6025
5991
5996
6026
5992
5997
6027
5993
5998
6028
5999
6029
26427
5995
6000
6030
16203
5996
6001
6031
5997
6002
6032
5998
6003
6033
5999
6004
6034
6005
6035
26426
6001
6006
6036
16204
6002
6007
6037
6003
6008
6038
6004
6009
6039
6005
6010
6040
6011
6041
26425
6007
6042
16205
46872
6008
6043
46873
6009
6044
46874
6010
6045
46875
6011
6046
46876
6047
26424
46877
6013
6018
6048
16236
6014
6019
6049
6015
6020
6050
6016
6021
6051
6017
6022
6052
6023
6053
26465
6019
6024
6054
16237
6020
6025
6055
6021
6026
6056
6022
6027
6057
6023
6028
6058
6029
6059
26464
6025
6030
6060
16238
6026
6031
6061
6027
6032
6062
6028
6033
6063
6029
6034
6064
6035
6065
26463
6031
6036
6066
16239
6032
6037
6067
6033
6038
6068
6034
6039
6069
6035
6040
6070
6041
6071
26462
6037
6042
6072
16240
6038
6043
6073
6039
6044
6074
6040
6045
6075
6041
6046
6076
6047
6077
26461
6043
6078
16241
46908
6044
6079
46909
6045
6080
46910
6046
6081
46911
6047
6082
46912
6083
26460
46913
6049
6054
6084
16272
6050
6055
6085
6051
6056
6086
6052
6057
6087
6053
6058
6088
6059
6089
26501
6055
6060
6090
16273
6056
6061
6091
6057
6062
6092
6058
6063
6093
6059
6064
6094
6065
6095
26500
6061
6066
6096
16274
6062
6067
6097
6063
6068
6098
6064
6069
6099
6065
6070
6100
6071
6101
26499
6067
6072
6102
16275
6068
6073
6103
6069
6074
6104
6070
6075
6105
6071
6076
6106
6077
6107
26498
6073
6078
6108
16276
6074
6079
6109
6075
6080
6110
6076
6081
6111
6077
6082
6112
6083
6113
26497
6079
6114
16277
46944
6080
6115
46945
6081
6116
46946
6082
6117
46947
6083
6118
46948
6119
26496
46949
6085
6090
6120
16308
6086
6091
6121
6087
6092
6122
6088
6093
6123
6089
6094
6124
6095
6125
26537
6091
6096
6126
16309
6092
6097
6127
6093
6098
6128
6094
6099
6129
6095
6100
6130
6101
6131
26536
6097
6102
6132
16310
6098
6103
6133
6099
6104
6134
6100
6105
6135
6101
6106
6136
6107
6137
26535
6103
6108
6138
16311
6104
6109
6139
6105
6110
6140
6106
6111
6141
6107
6112
6142
6113
6143
26534
6109
6114
6144
16312
6110
6115
6145
6111
6116
6146
6112
6117
6147
6113
6118
6148
6119
6149
26533
6115
6150
16313
46980
6116
6151
46981
6117
6152
46982
6118
6153
46983
6119
6154
46984
6155
26532
46985
6121
6126
6156
16344
6122
6127
6157
6123
6128
6158
6124
6129
6159
6125
6130
6160
6131
6161
26573
6127
6132
6162
16345
6128
6133
6163
6129
6134
6164
6130
6135
6165
6131
6136
6166
6137
6167
26572
6133
6138
6168
16346
6134
6139
6169
6135
6140
6170
6136
6141
6171
6137
6142
6172
6143
6173
26571
6139
6144
6174
16347
6140
6145
6175
6141
6146
6176
6142
6147
6177
6143
6148
6178
6149
6179
26570
6145
6150
6180
16348
6146
6151
6181
6147
6152
6182
6148
6153
6183
6149
6154
6184
6155
6185
26569
6151
6186
16349
47016
6152
6187
47017
6153
6188
47018
6154
6189
47019
6155
6190
47020
6191
26568
47021
6157
6162
6192
16380
6158
6163
6193
6159
6164
6194
6160
6165
6195
6161
6166
6196
6167
6197
26609
6163
6168
6198
16381
6164
6169
6199
6165
6170
6200
6166
6171
6201
6167
6172
6202
6173
6203
26608
6169
6174
6204
16382
6170
6175
6205
6171
6176
6206
6172
6177
6207
6173
6178
6208
6179
6209
26607
6175
6180
6210
16383
6176
6181
6211
6177
6182
6212
6178
6183
6213
6179
6184
6214
6185
6215
26606
6181
6186
6216
16384
6182
6187
6217
6183
6188
6218
6184
6189
6219
6185
6190
6220
6191
6221
26605
6187
6222
16385
47052
6188
6223
47053
6189
6224
47054
6190
6225
47055
6191
6226
47056
6227
26604
47057
6193
6198
6228
16416
6194
6199
6229
6195
6200
6230
6196
6201
6231
6197
6202
6232
6203
6233
26645
6199
6204
6234
16417
6200
6205
6235
6201
6206
6236
6202
6207
6237
6203
6208
6238
6209
6239
26644
6205
6210
6240
16418
6206
6211
6241
6207
6212
6242
6208
6213
6243
6209
6214
6244
6215
6245
26643
6211
6216
6246
16419
6212
6217
6247
6213
6218
6248
6214
6219
6249
6215
6220
6250
6221
6251
26642
6217
6222
6252
16420
6218
6223
6253
6219
6224
6254
6220
6225
6255
6221
6226
6256
6227
6257
26641
6223
6258
16421
47088
6224
6259
47089
6225
6260
47090
6226
6261
47091
6227
6262
47092
6263
26640
47093
6229
6234
6264
16452
6230
6235
6265
6231
6236
6266
6232
6237
6267
6233
6238
6268
6239
6269
26681
6235
6240
6270
16453
6236
6241
6271
6237
6242
6272
6238
6243
6273
6239
6244
6274
6245
6275
26680
6241
6246
6276
16454
6242
6247
6277
6243
6248
6278
6244
6249
6279
6245
6250
6280
6251
6281
26679
6247
6252
6282
16455
6248
6253
6283
6249
6254
6284
6250
6255
6285
6251
6256
6286
6257
6287
26678
6253
6258
6288
16456
6254
6259
6289
6255
6260
6290
6256
6261
6291
6257
6262
6292
6263
6293
26677
6259
6294
16457
47124
6260
6295
47125
6261
6296
47126
6262
6297
47127
6263
6298
47128
6299
26676
47129
6265
6270
6300
16488
6266
6271
6301
6267
6272
6302
6268
6273
6303
6269
6274
6304
6275
6305
26717
6271
6276
6306
16489
6272
6277
6307
6273
6278
6308
6274
6279
6309
6275
6280
6310
6281
6311
26716
6277
6282
6312
16490
6278
6283
6313
6279
6284
6314
6280
6285
6315
6281
6286
6316
6287
6317
26715
6283
6288
6318
16491
6284
6289
6319
6285
6290
6320
6286
6291
6321
6287
6292
6322
6293
6323
26714
6289
6294
6324
16492
6290
6295
6325
6291
6296
6326
6292
6297
6327
6293
6298
6328
6299
6329
26713
6295
6330
16493
47160
6296
6331
47161
6297
6332
47162
6298
6333
47163
6299
6334
47164
6335
26712
47165
6301
6306
6336
16524
6302
6307
6337
6303
6308
6338
6304
6309
6339
6305
6310
6340
6311
6341
26753
6307
6312
6342
16525
6308
6313
6343
6309
6314
6344
6310
6315
6345
6311
6316
6346
6317
6347
26752
6313
6318
6348
16526
6314
6319
6349
6315
6320
6350
6316
6321
6351
6317
6322
6352
6323
6353
26751
6319
6324
6354
16527
6320
6325
6355
6321
6326
6356
6322
6327
6357
6323
6328
6358
6329
6359
26750
6325
6330
6360
16528
6326
6331
6361
6327
6332
6362
6328
6333
6363
6329
6334
6364
6335
6365
26749
6331
6366
16529
47196
6332
6367
47197
6333
6368
47198
6334
6369
47199
6335
6370
47200
6371
26748
47201
6337
6342
6372
16560
6338
6343
6373
6339
6344
6374
6340
6345
6375
6341
6346
6376
6347
6377
26789
6343
6348
6378
16561
6344
6349
6379
6345
6350
6380
6346
6351
6381
6347
6352
6382
6353
6383
26788
6349
6354
6384
16562
6350
6355
6385
6351
6356
6386
6352
6357
6387
6353
6358
6388
6359
6389
26787
6355
6360
6390
16563
6356
6361
6391
6357
6362
6392
6358
6363
6393
6359
6364
6394
6365
6395
26786
6361
6366
6396
16564
6362
6367
6397
6363
6368
6398
6364
6369
6399
6365
6370
6400
6371
6401
26785
6367
6402
16565
47232
6368
6403
47233
6369
6404
47234
6370
6405
47235
6371
6406
47236
6407
26784
47237
6373
6378
6408
16596
6374
6379
6409
6375
6380
6410
6376
6381
6411
6377
6382
6412
6383
6413
26825
6379
6384
6414
16597
6380
6385
6415
6381
6386
6416
6382
6387
6417
6383
6388
6418
6389
6419
26824
6385
6390
6420
16598
6386
6391
6421
6387
6392
6422
6388
6393
6423
6389
6394
6424
6395
6425
26823
6391
6396
6426
16599
6392
6397
6427
6393
6398
6428
6394
6399
6429
6395
6400
6430
6401
6431
26822
6397
6402
6432
16600
6398
6403
6433
6399
6404
6434
6400
6405
6435
6401
6406
6436
6407
6437
26821
6403
6438
16601
47268
6404
6439
47269
6405
6440
47270
6406
6441
47271
6407
6442
47272
6443
26820
47273
6409
6414
6444
16632
6410
6415
6445
6411
6416
6446
6412
6417
6447
6413
6418
6448
6419
6449
26861
6415
6420
6450
16633
6416
6421
6451
6417
6422
6452
6418
6423
6453
6419
6424
6454
6425
6455
26860
6421
6426
6456
16634
6422
6427
6457
6423
6428
6458
6424
6429
6459
6425
6430
6460
6431
6461
26859
6427
6432
6462
16635
6428
6433
6463
6429
6434
6464
6430
6435
6465
6431
6436
6466
6437
6467
26858
6433
6438
6468
16636
6434
6439
6469
6435
6440
6470
6436
6441
6471
6437
6442
6472
6443
6473
26857
6439
6474
16637
47304
6440
6475
47305
6441
6476
47306
6442
6477
47307
6443
6478
47308
6479
26856
47309
6445
6450
6480
16668
6446
6451
6481
6447
6452
6482
6448
6453
6483
6449
6454
6484
6455
6485
26897
6451
6456
6486
16669
6452
6457
6487
6453
6458
6488
6454
6459
6489
6455
6460
6490
6461
6491
26896
6457
6462
6492
16670
6458
6463
6493
6459
6464
6494
6460
6465
6495
6461
6466
6496
6467
6497
26895
6463
6468
6498
16671
6464
6469
6499
6465
6470
6500
6466
6471
6501
6467
6472
6502
6473
6503
26894
6469
6474
6504
16672
6470
6475
6505
6471
6476
6506
6472
6477
6507
6473
6478
6508
6479
6509
26893
6475
6510
16673
47340
6476
6511
47341
6477
6512
47342
6478
6513
47343
6479
6514
47344
6515
26892
47345
6481
6486
6516
16704
6482
6487
6517
6483
6488
6518
6484
6489
6519
6485
6490
6520
6491
6521
26933
6487
6492
6522
16705
6488
6493
6523
6489
6494
6524
6490
6495
6525
6491
6496
6526
6497
6527
26932
6493
6498
6528
16706
6494
6499
6529
6495
6500
6530
6496
6501
6531
6497
6502
6532
6503
6533
26931
6499
6504
6534
16707
6500
6505
6535
6501
6506
6536
6502
6507
6537
6503
6508
6538
6509
6539
26930
6505
6510
6540
16708
6506
6511
6541
6507
6512
6542
6508
6513
6543
6509
6514
6544
6515
6545
26929
6511
6546
16709
47376
6512
6547
47377
6513
6548
47378
6514
6549
47379
6515
6550
47380
6551
26928
47381
6517
6522
6552
16740
6518
6523
6553
6519
6524
6554
6520
6525
6555
6521
6526
6556
6527
6557
26969
6523
6528
6558
16741
6524
6529
6559
6525
6530
6560
6526
6531
6561
6527
6532
6562
6533
6563
26968
6529
6534
6564
16742
6530
6535
6565
6531
6536
6566
6532
6537
6567
6533
6538
6568
6539
6569
26967
6535
6540
6570
16743
6536
6541
6571
6537
6542
6572
6538
6543
6573
6539
6544
6574
6545
6575
26966
6541
6546
6576
16744
6542
6547
6577
6543
6548
6578
6544
6549
6579
6545
6550
6580
6551
6581
26965
6547
6582
16745
47412
6548
6583
47413
6549
6584
47414
6550
6585
47415
6551
6586
47416
6587
26964
47417
6553
6558
6588
16776
6554
6559
6589
6555
6560
6590
6556
6561
6591
6557
6562
6592
6563
6593
27005
6559
6564
6594
16777
6560
6565
6595
6561
6566
6596
6562
6567
6597
6563
6568
6598
6569
6599
27004
6565
6570
6600
16778
6566
6571
6601
6567
6572
6602
6568
6573
6603
6569
6574
6604
6575
6605
27003
6571
6576
6606
16779
6572
6577
6607
6573
6578
6608
6574
6579
6609
6575
6580
6610
6581
6611
27002
6577
6582
6612
16780
6578
6583
6613
6579
6584
6614
6580
6585
6615
6581
6586
6616
6587
6617
27001
6583
6618
16781
47448
6584
6619
47449
6585
6620
47450
6586
6621
47451
6587
6622
47452
6623
27000
47453
6589
6594
6624
16812
6590
6595
6625
6591
6596
6626
6592
6597
6627
6593
6598
6628
6599
6629
27041
6595
6600
6630
16813
6596
6601
6631
6597
6602
6632
6598
6603
6633
6599
6604
6634
6605
6635
27040
6601
6606
6636
16814
6602
6607
6637
6603
6608
6638
6604
6609
6639
6605
6610
6640
6611
6641
27039
6607
6612
6642
16815
6608
6613
6643
6609
6614
6644
6610
6615
6645
6611
6616
6646
6617
6647
27038
6613
6618
6648
16816
6614
6619
6649
6615
6620
6650
6616
6621
6651
6617
6622
6652
6623
6653
27037
6619
6654
16817
47484
6620
6655
47485
6621
6656
47486
6622
6657
47487
6623
6658
47488
6659
27036
47489
6625
6630
6660
16848
6626
6631
6661
6627
6632
6662
6628
6633
6663
6629
6634
6664
6635
6665
27077
6631
6636
6666
16849
6632
6637
6667
6633
6638
6668
6634
6639
6669
6635
6640
6670
6641
6671
27076
6637
6642
6672
16850
6638
6643
6673
6639
6644
6674
6640
6645
6675
6641
6646
6676
6647
6677
27075
6643
6648
6678
16851
6644
6649
6679
6645
6650
6680
6646
6651
6681
6647
6652
6682
6653
6683
27074
6649
6654
6684
16852
6650
6655
6685
6651
6656
6686
6652
6657
6687
6653
6658
6688
6659
6689
27073
6655
6690
16853
47520
6656
6691
47521
6657
6692
47522
6658
6693
47523
6659
6694
47524
6695
27072
47525
6661
6666
6696
16884
6662
6667
6697
6663
6668
6698
6664
6669
6699
6665
6670
6700
6671
6701
27113
6667
6672
6702
16885
6668
6673
6703
6669
6674
6704
6670
6675
6705
6671
6676
6706
6677
6707
27112
6673
6678
6708
16886
6674
6679
6709
6675
6680
6710
6676
6681
6711
6677
6682
6712
6683
6713
27111
6679
6684
6714
16887
6680
6685
6715
6681
6686
6716
6682
6687
6717
6683
6688
6718
6689
6719
27110
6685
6690
6720
16888
6686
6691
6721
6687
6692
6722
6688
6693
6723
6689
6694
6724
6695
6725
27109
6691
6726
16889
47556
6692
6727
47557
6693
6728
47558
6694
6729
47559
6695
6730
47560
6731
27108
47561
6697
6702
6732
16920
6698
6703
6733
6699
6704
6734
6700
6705
6735
6701
6706
6736
6707
6737
27149
6703
6708
6738
16921
6704
6709
6739
6705
6710
6740
6706
6711
6741
6707
6712
6742
6713
6743
27148
6709
6714
6744
16922
6710
6715
6745
6711
6716
6746
6712
6717
6747
6713
6718
6748
6719
6749
27147
6715
6720
6750
16923
6716
6721
6751
6717
6722
6752
6718
6723
6753
6719
6724
6754
6725
6755
27146
6721
6726
6756
16924
6722
6727
6757
6723
6728
6758
6724
6729
6759
6725
6730
6760
6731
6761
27145
6727
6762
16925
47592
6728
6763
47593
6729
6764
47594
6730
6765
47595
6731
6766
47596
6767
27144
47597
6733
6738
6768
16956
6734
6739
6769
6735
6740
6770
6736
6741
6771
6737
6742
6772
6743
6773
27185
6739
6744
6774
16957
6740
6745
6775
6741
6746
6776
6742
6747
6777
6743
6748
6778
6749
6779
27184
6745
6750
6780
16958
6746
6751
6781
6747
6752
6782
6748
6753
6783
6749
6754
6784
6755
6785
27183
6751
6756
6786
16959
6752
6757
6787
6753
6758
6788
6754
6759
6789
6755
6760
6790
6761
6791
27182
6757
6762
6792
16960
6758
6763
6793
6759
6764
6794
6760
6765
6795
6761
6766
6796
6767
6797
27181
6763
6798
16961
47628
6764
6799
47629
6765
6800
47630
6766
6801
47631
6767
6802
47632
6803
27180
47633
6769
6774
6804
16992
6770
6775
6805
6771
6776
6806
6772
6777
6807
6773
6778
6808
6779
6809
27221
6775
6780
6810
16993
6776
6781
6811
6777
6782
6812
6778
6783
6813
6779
6784
6814
6785
6815
27220
6781
6786
6816
16994
6782
6787
6817
6783
6788
6818
6784
6789
6819
6785
6790
6820
6791
6821
27219
6787
6792
6822
16995
6788
6793
6823
6789
6794
6824
6790
6795
6825
6791
6796
6826
6797
6827
27218
6793
6798
6828
16996
6794
6799
6829
6795
6800
6830
6796
6801
6831
6797
6802
6832
6803
6833
27217
6799
6834
16997
47664
6800
6835
47665
6801
6836
47666
6802
6837
47667
6803
6838
47668
6839
27216
47669
6805
6810
6840
17028
6806
6811
6841
6807
6812
6842
6808
6813
6843
6809
6814
6844
6815
6845
27257
6811
6816
6846
17029
6812
6817
6847
6813
6818
6848
6814
6819
6849
6815
6820
6850
6821
6851
27256
6817
6822
6852
17030
6818
6823
6853
6819
6824
6854
6820
6825
6855
6821
6826
6856
6827
6857
27255
6823
6828
6858
17031
6824
6829
6859
6825
6830
6860
6826
6831
6861
6827
6832
6862
6833
6863
27254
6829
6834
6864
17032
6830
6835
6865
6831
6836
6866
6832
6837
6867
6833
6838
6868
6839
6869
27253
6835
6870
17033
47700
6836
6871
47701
6837
6872
47702
6838
6873
47703
6839
6874
47704
6875
27252
47705
6841
6846
6876
17064
6842
6847
6877
6843
6848
6878
6844
6849
6879
6845
6850
6880
6851
6881
27293
6847
6852
6882
17065
6848
6853
6883
6849
6854
6884
6850
6855
6885
6851
6856
6886
6857
6887
27292
6853
6858
6888
17066
6854
6859
6889
6855
6860
6890
6856
6861
6891
6857
6862
6892
6863
6893
27291
6859
6864
6894
17067
6860
6865
6895
6861
6866
6896
6862
6867
6897
6863
6868
6898
6869
6899
27290
6865
6870
6900
17068
6866
6871
6901
6867
6872
6902
6868
6873
6903
6869
6874
6904
6875
6905
27289
6871
6906
17069
47736
6872
6907
47737
6873
6908
47738
6874
6909
47739
6875
6910
47740
6911
27288
47741
6877
6882
6912
17100
6878
6883
6913
6879
6884
6914
6880
6885
6915
6881
6886
6916
6887
6917
27329
6883
6888
6918
17101
6884
6889
6919
6885
6890
6920
6886
6891
6921
6887
6892
6922
6893
6923
27328
6889
6894
6924
17102
6890
6895
6925
6891
6896
6926
6892
6897
6927
6893
6898
6928
6899
6929
27327
6895
6900
6930
17103
6896
6901
6931
6897
6902
6932
6898
6903
6933
6899
6904
6934
6905
6935
27326
6901
6906
6936
17104
6902
6907
6937
6903
6908
6938
6904
6909
6939
6905
6910
6940
6911
6941
27325
6907
6942
17105
47772
6908
6943
47773
6909
6944
47774
6910
6945
47775
6911
6946
47776
6947
27324
47777
6913
6918
6948
17136
6914
6919
6949
6915
6920
6950
6916
6921
6951
6917
6922
6952
6923
6953
27365
6919
6924
6954
17137
6920
6925
6955
6921
6926
6956
6922
6927
6957
6923
6928
6958
6929
6959
27364
6925
6930
6960
17138
6926
6931
6961
6927
6932
6962
6928
6933
6963
6929
6934
6964
6935
6965
27363
6931
6936
6966
17139
6932
6937
6967
6933
6938
6968
6934
6939
6969
6935
6940
6970
6941
6971
27362
6937
6942
6972
17140
6938
6943
6973
6939
6944
6974
6940
6945
6975
6941
6946
6976
6947
6977
27361
6943
6978
17141
47808
6944
6979
47809
6945
6980
47810
6946
6981
47811
6947
6982
47812
6983
27360
47813
6949
6954
6984
17172
6950
6955
6985
6951
6956
6986
6952
6957
6987
6953
6958
6988
6959
6989
27401
6955
6960
6990
17173
6956
6961
6991
6957
6962
6992
6958
6963
6993
6959
6964
6994
6965
6995
27400
6961
6966
6996
17174
6962
6967
6997
6963
6968
6998
6964
6969
6999
6965
6970
7000
6971
7001
27399
6967
6972
7002
17175
6968
6973
7003
6969
6974
7004
6970
6975
7005
6971
6976
7006
6977
7007
27398
6973
6978
7008
17176
6974
6979
7009
6975
6980
7010
6976
6981
7011
6977
6982
7012
6983
7013
27397
6979
7014
17177
47844
6980
7015
47845
6981
7016
47846
6982
7017
47847
6983
7018
47848
7019
27396
47849
6985
6990
7020
17208
6986
6991
7021
6987
6992
7022
6988
6993
7023
6989
6994
7024
6995
7025
27437
6991
6996
7026
17209
6992
6997
7027
6993
6998
7028
6994
6999
7029
6995
7000
7030
7001
7031
27436
6997
7002
7032
17210
6998
7003
7033
6999
7004
7034
7000
7005
7035
7001
7006
7036
7007
7037
27435
7003
7008
7038
17211
7004
7009
7039
7005
7010
7040
7006
7011
7041
7007
7012
7042
7013
7043
27434
7009
7014
7044
17212
7010
7015
7045
7011
7016
7046
7012
7017
7047
7013
7018
7048
7019
7049
27433
7015
7050
17213
47880
7016
7051
47881
7017
7052
47882
7018
7053
47883
7019
7054
47884
7055
27432
47885
7021
7026
7056
17244
7022
7027
7057
7023
7028
7058
7024
7029
7059
7025
7030
7060
7031
7061
27473
7027
7032
7062
17245
7028
7033
7063
7029
7034
7064
7030
7035
7065
7031
7036
7066
7037
7067
27472
7033
7038
7068
17246
7034
7039
7069
7035
7040
7070
7036
7041
7071
7037
7042
7072
7043
7073
27471
7039
7044
7074
17247
7040
7045
7075
7041
7046
7076
7042
7047
7077
7043
7048
7078
7049
7079
27470
7045
7050
7080
17248
7046
7051
7081
7047
7052
7082
7048
7053
7083
7049
7054
7084
7055
7085
27469
7051
7086
17249
47916
7052
7087
47917
7053
7088
47918
7054
7089
47919
7055
7090
47920
7091
27468
47921
7057
7062
7092
17280
7058
7063
7093
7059
7064
7094
7060
7065
7095
7061
7066
7096
7067
7097
27509
7063
7068
7098
17281
7064
7069
7099
7065
7070
7100
7066
7071
7101
7067
7072
7102
7073
7103
27508
7069
7074
7104
17282
7070
7075
7105
7071
7076
7106
7072
7077
7107
7073
7078
7108
7079
7109
27507
7075
7080
7110
17283
7076
7081
7111
7077
7082
7112
7078
7083
7113
7079
7084
7114
7085
7115
27506
7081
7086
7116
17284
7082
7087
7117
7083
7088
7118
7084
7089
7119
7085
7090
7120
7091
7121
27505
7087
7122
17285
47952
7088
7123
47953
7089
7124
47954
7090
7125
47955
7091
7126
47956
7127
27504
47957
7093
7098
7128
17316
7094
7099
7129
7095
7100
7130
7096
7101
7131
7097
7102
7132
7103
7133
27545
7099
7104
7134
17317
7100
7105
7135
7101
7106
7136
7102
7107
7137
7103
7108
7138
7109
7139
27544
7105
7110
7140
17318
7106
7111
7141
7107
7112
7142
7108
7113
7143
7109
7114
7144
7115
7145
27543
7111
7116
7146
17319
7112
7117
7147
7113
7118
7148
7114
7119
7149
7115
7120
7150
7121
7151
27542
7117
7122
7152
17320
7118
7123
7153
7119
7124
7154
7120
7125
7155
7121
7126
7156
7127
7157
27541
7123
7158
17321
47988
7124
7159
47989
7125
7160
47990
7126
7161
47991
7127
7162
47992
7163
27540
47993
7129
7134
7164
17352
7130
7135
7165
7131
7136
7166
7132
7137
7167
7133
7138
7168
7139
7169
27581
7135
7140
7170
17353
7136
7141
7171
7137
7142
7172
7138
7143
7173
7139
7144
7174
7145
7175
27580
7141
7146
7176
17354
7142
7147
7177
7143
7148
7178
7144
7149
7179
7145
7150
7180
7151
7181
27579
7147
7152
7182
17355
7148
7153
7183
7149
7154
7184
7150
7155
7185
7151
7156
7186
7157
7187
27578
7153
7158
7188
17356
7154
7159
7189
7155
7160
7190
7156
7161
7191
7157
7162
7192
7163
7193
27577
7159
7194
17357
48024
7160
7195
48025
7161
7196
48026
7162
7197
48027
7163
7198
48028
7199
27576
48029
7165
7170
7200
17388
7166
7171
7201
7167
7172
7202
7168
7173
7203
7169
7174
7204
7175
7205
27617
7171
7176
7206
17389
7172
7177
7207
7173
7178
7208
7174
7179
7209
7175
7180
7210
7181
7211
27616
7177
7182
7212
17390
7178
7183
7213
7179
7184
7214
7180
7185
7215
7181
7186
7216
7187
7217
27615
7183
7188
7218
17391
7184
7189
7219
7185
7190
7220
7186
7191
7221
7187
7192
7222
7193
7223
27614
7189
7194
7224
17392
7190
7195
7225
7191
7196
7226
7192
7197
7227
7193
7198
7228
7199
7229
27613
7195
7230
17393
48060
7196
7231
48061
7197
7232
48062
7198
7233
48063
7199
7234
48064
7235
27612
48065
7201
7206
7236
17424
7202
7207
7237
7203
7208
7238
7204
7209
7239
7205
7210
7240
7211
7241
27653
7207
7212
7242
17425
7208
7213
7243
7209
7214
7244
7210
7215
7245
7211
7216
7246
7217
7247
27652
7213
7218
7248
17426
7214
7219
7249
7215
7220
7250
7216
7221
7251
7217
7222
7252
7223
7253
27651
7219
7224
7254
17427
7220
7225
7255
7221
7226
7256
7222
7227
7257
7223
7228
7258
7229
7259
27650
7225
7230
7260
17428
7226
7231
7261
7227
7232
7262
7228
7233
7263
7229
7234
7264
7235
7265
27649
7231
7266
17429
48096
7232
7267
48097
7233
7268
48098
7234
7269
48099
7235
7270
48100
7271
27648
48101
7237
7242
7272
17460
7238
7243
7273
7239
7244
7274
7240
7245
7275
7241
7246
7276
7247
7277
27689
7243
7248
7278
17461
7244
7249
7279
7245
7250
7280
7246
7251
7281
7247
7252
7282
7253
7283
27688
7249
7254
7284
17462
7250
7255
7285
7251
7256
7286
7252
7257
7287
7253
7258
7288
7259
7289
27687
7255
7260
7290
17463
7256
7261
7291
7257
7262
7292
7258
7263
7293
7259
7264
7294
7265
7295
27686
7261
7266
7296
17464
7262
7267
7297
7263
7268
7298
7264
7269
7299
7265
7270
7300
7271
7301
27685
7267
7302
17465
48132
7268
7303
48133
7269
7304
48134
7270
7305
48135
7271
7306
48136
7307
27684
48137
7273
7278
7308
17496
7274
7279
7309
7275
7280
7310
7276
7281
7311
7277
7282
7312
7283
7313
27725
7279
7284
7314
17497
7280
7285
7315
7281
7286
7316
7282
7287
7317
7283
7288
7318
7289
7319
27724
7285
7290
7320
17498
7286
7291
7321
7287
7292
7322
7288
7293
7323
7289
7294
7324
7295
7325
27723
7291
7296
7326
17499
7292
7297
7327
7293
7298
7328
7294
7299
7329
7295
7300
7330
7301
7331
27722
7297
7302
7332
17500
7298
7303
7333
7299
7304
7334
7300
7305
7335
7301
7306
7336
7307
7337
27721
7303
7338
17501
48168
7304
7339
48169
7305
7340
48170
7306
7341
48171
7307
7342
48172
7343
27720
48173
7309
7314
7344
17532
7310
7315
7345
7311
7316
7346
7312
7317
7347
7313
7318
7348
7319
7349
27761
7315
7320
7350
17533
7316
7321
7351
7317
7322
7352
7318
7323
7353
7319
7324
7354
7325
7355
27760
7321
7326
7356
17534
7322
7327
7357
7323
7328
7358
7324
7329
7359
7325
7330
7360
7331
7361
27759
7327
7332
7362
17535
7328
7333
7363
7329
7334
7364
7330
7335
7365
7331
7336
7366
7337
7367
27758
7333
7338
7368
17536
7334
7339
7369
7335
7340
7370
7336
7341
7371
7337
7342
7372
7343
7373
27757
7339
7374
17537
48204
7340
7375
48205
7341
7376
48206
7342
7377
48207
7343
7378
48208
7379
27756
48209
7345
7350
7380
17568
7346
7351
7381
7347
7352
7382
7348
7353
7383
7349
7354
7384
7355
7385
27797
7351
7356
7386
17569
7352
7357
7387
7353
7358
7388
7354
7359
7389
7355
7360
7390
7361
7391
27796
7357
7362
7392
17570
7358
7363
7393
7359
7364
7394
7360
7365
7395
7361
7366
7396
7367
7397
27795
7363
7368
7398
17571
7364
7369
7399
7365
7370
7400
7366
7371
7401
7367
7372
7402
7373
7403
27794
7369
7374
7404
17572
7370
7375
7405
7371
7376
7406
7372
7377
7407
7373
7378
7408
7379
7409
27793
7375
7410
17573
48240
7376
7411
48241
7377
7412
48242
7378
7413
48243
7379
7414
48244
7415
27792
48245
7381
7386
7416
17604
7382
7387
7417
7383
7388
7418
7384
7389
7419
7385
7390
7420
7391
7421
27833
7387
7392
7422
17605
7388
7393
7423
7389
7394
7424
7390
7395
7425
7391
7396
7426
7397
7427
27832
7393
7398
7428
17606
7394
7399
7429
7395
7400
7430
7396
7401
7431
7397
7402
7432
7403
7433
27831
7399
7404
7434
17607
7400
7405
7435
7401
7406
7436
7402
7407
7437
7403
7408
7438
7409
7439
27830
7405
7410
7440
17608
7406
7411
7441
7407
7412
7442
7408
7413
7443
7409
7414
7444
7415
7445
27829
7411
7446
17609
48276
7412
7447
48277
7413
7448
48278
7414
7449
48279
7415
7450
48280
7451
27828
48281
7417
7422
7452
17640
7418
7423
7453
7419
7424
7454
7420
7425
7455
7421
7426
7456
7427
7457
27869
7423
7428
7458
17641
7424
7429
7459
7425
7430
7460
7426
7431
7461
7427
7432
7462
7433
7463
27868
7429
7434
7464
17642
7430
7435
7465
7431
7436
7466
7432
7437
7467
7433
7438
7468
7439
7469
27867
7435
7440
7470
17643
7436
7441
7471
7437
7442
7472
7438
7443
7473
7439
7444
7474
7445
7475
27866
7441
7446
7476
17644
7442
7447
7477
7443
7448
7478
7444
7449
7479
7445
7450
7480
7451
7481
27865
7447
7482
17645
48312
7448
7483
48313
7449
7484
48314
7450
7485
48315
7451
7486
48316
7487
27864
48317
7453
7458
7488
17676
7454
7459
7489
7455
7460
7490
7456
7461
7491
7457
7462
7492
7463
7493
27905
7459
7464
7494
17677
7460
7465
7495
7461
7466
7496
7462
7467
7497
7463
7468
7498
7469
7499
27904
7465
7470
7500
17678
7466
7471
7501
7467
7472
7502
7468
7473
7503
7469
7474
7504
7475
7505
27903
7471
7476
7506
17679
7472
7477
7507
7473
7478
7508
7474
7479
7509
7475
7480
7510
7481
7511
27902
7477
7482
7512
17680
7478
7483
7513
7479
7484
7514
7480
7485
7515
7481
7486
7516
7487
7517
27901
7483
7518
17681
48348
7484
7519
48349
7485
7520
48350
7486
7521
48351
7487
7522
48352
7523
27900
48353
7489
7494
7524
17712
7490
7495
7525
7491
7496
7526
7492
7497
7527
7493
7498
7528
7499
7529
27941
7495
7500
7530
17713
7496
7501
7531
7497
7502
7532
7498
7503
7533
7499
7504
7534
7505
7535
27940
7501
7506
7536
17714
7502
7507
7537
7503
7508
7538
7504
7509
7539
7505
7510
7540
7511
7541
27939
7507
7512
7542
17715
7508
7513
7543
7509
7514
7544
7510
7515
7545
7511
7516
7546
7517
7547
27938
7513
7518
7548
17716
7514
7519
7549
7515
7520
7550
7516
7521
7551
7517
7522
7552
7523
7553
27937
7519
7554
17717
48384
7520
7555
48385
7521
7556
48386
7522
7557
48387
7523
7558
48388
7559
27936
48389
7525
7530
7560
17748
7526
7531
7561
7527
7532
7562
7528
7533
7563
7529
7534
7564
7535
7565
27977
7531
7536
7566
17749
7532
7537
7567
7533
7538
7568
7534
7539
7569
7535
7540
7570
7541
7571
27976
7537
7542
7572
17750
7538
7543
7573
7539
7544
7574
7540
7545
7575
7541
7546
7576
7547
7577
27975
7543
7548
7578
17751
7544
7549
7579
7545
7550
7580
7546
7551
7581
7547
7552
7582
7553
7583
27974
7549
7554
7584
17752
7550
7555
7585
7551
7556
7586
7552
7557
7587
7553
7558
7588
7559
7589
27973
7555
7590
17753
48420
7556
7591
48421
7557
7592
48422
7558
7593
48423
7559
7594
48424
7595
27972
48425
7561
7566
7596
17784
7562
7567
7597
7563
7568
7598
7564
7569
7599
7565
7570
7600
7571
7601
28013
7567
7572
7602
17785
7568
7573
7603
7569
7574
7604
7570
7575
7605
7571
7576
7606
7577
7607
28012
7573
7578
7608
17786
7574
7579
7609
7575
7580
7610
7576
7581
7611
7577
7582
7612
7583
7613
28011
7579
7584
7614
17787
7580
7585
7615
7581
7586
7616
7582
7587
7617
7583
7588
7618
7589
7619
28010
7585
7590
7620
17788
7586
7591
7621
7587
7592
7622
7588
7593
7623
7589
7594
7624
7595
7625
28009
7591
7626
17789
48456
7592
7627
48457
7593
7628
48458
7594
7629
48459
7595
7630
48460
7631
28008
48461
7597
7602
7632
17820
7598
7603
7633
7599
7604
7634
7600
7605
7635
7601
7606
7636
7607
7637
28049
7603
7608
7638
17821
7604
7609
7639
7605
7610
7640
7606
7611
7641
7607
7612
7642
7613
7643
28048
7609
7614
7644
17822
7610
7615
7645
7611
7616
7646
7612
7617
7647
7613
7618
7648
7619
7649
28047
7615
7620
7650
17823
7616
7621
7651
7617
7622
7652
7618
7623
7653
7619
7624
7654
7625
7655
28046
7621
7626
7656
17824
7622
7627
7657
7623
7628
7658
7624
7629
7659
7625
7630
7660
7631
7661
28045
7627
7662
17825
48492
7628
7663
48493
7629
7664
48494
7630
7665
48495
7631
7666
48496
7667
28044
48497
7633
7638
7668
17856
7634
7639
7669
7635
7640
7670
7636
7641
7671
7637
7642
7672
7643
7673
28085
7639
7644
7674
17857
7640
7645
7675
7641
7646
7676
7642
7647
7677
7643
7648
7678
7649
7679
28084
7645
7650
7680
17858
7646
7651
7681
7647
7652
7682
7648
7653
7683
7649
7654
7684
7655
7685
28083
7651
7656
7686
17859
7652
7657
7687
7653
7658
7688
7654
7659
7689
7655
7660
7690
7661
7691
28082
7657
7662
7692
17860
7658
7663
7693
7659
7664
7694
7660
7665
7695
7661
7666
7696
7667
7697
28081
7663
7698
17861
48528
7664
7699
48529
7665
7700
48530
7666
7701
48531
7667
7702
48532
7703
28080
48533
7669
7674
7704
17892
7670
7675
7705
7671
7676
7706
7672
7677
7707
7673
7678
7708
7679
7709
28121
7675
7680
7710
17893
7676
7681
7711
7677
7682
7712
7678
7683
7713
7679
7684
7714
7685
7715
28120
7681
7686
7716
17894
7682
7687
7717
7683
7688
7718
7684
7689
7719
7685
7690
7720
7691
7721
28119
7687
7692
7722
17895
7688
7693
7723
7689
7694
7724
7690
7695
7725
7691
7696
7726
7697
7727
28118
7693
7698
7728
17896
7694
7699
7729
7695
7700
7730
7696
7701
7731
7697
7702
7732
7703
7733
28117
7699
7734
17897
48564
7700
7735
48565
7701
7736
48566
7702
7737
48567
7703
7738
48568
7739
28116
48569
7705
7710
7740
17928
7706
7711
7741
7707
7712
7742
7708
7713
7743
7709
7714
7744
7715
7745
28157
7711
7716
7746
17929
7712
7717
7747
7713
7718
7748
7714
7719
7749
7715
7720
7750
7721
7751
28156
7717
7722
7752
17930
7718
7723
7753
7719
7724
7754
7720
7725
7755
7721
7726
7756
7727
7757
28155
7723
7728
7758
17931
7724
7729
7759
7725
7730
7760
7726
7731
7761
7727
7732
7762
7733
7763
28154
7729
7734
7764
17932
7730
7735
7765
7731
7736
7766
7732
7737
7767
7733
7738
7768
7739
7769
28153
7735
7770
17933
48600
7736
7771
48601
7737
7772
48602
7738
7773
48603
7739
7774
48604
7775
28152
48605
7741
7746
7776
17964
7742
7747
7777
7743
7748
7778
7744
7749
7779
7745
7750
7780
7751
7781
28193
7747
7752
7782
17965
7748
7753
7783
7749
7754
7784
7750
7755
7785
7751
7756
7786
7757
7787
28192
7753
7758
7788
17966
7754
7759
7789
7755
7760
7790
7756
7761
7791
7757
7762
7792
7763
7793
28191
7759
7764
7794
17967
7760
7765
7795
7761
7766
7796
7762
7767
7797
7763
7768
7798
7769
7799
28190
7765
7770
7800
17968
7766
7771
7801
7767
7772
7802
7768
7773
7803
7769
7774
7804
7775
7805
28189
7771
7806
17969
48636
7772
7807
48637
7773
7808
48638
7774
7809
48639
7775
7810
48640
7811
28188
48641
7777
7782
7812
18000
7778
7783
7813
7779
7784
7814
7780
7785
7815
7781
7786
7816
7787
7817
28229
7783
7788
7818
18001
7784
7789
7819
7785
7790
7820
7786
7791
7821
7787
7792
7822
7793
7823
28228
7789
7794
7824
18002
7790
7795
7825
7791
7796
7826
7792
7797
7827
7793
7798
7828
7799
7829
28227
7795
7800
7830
18003
7796
7801
7831
7797
7802
7832
7798
7803
7833
7799
7804
7834
7805
7835
28226
7801
7806
7836
18004
7802
7807
7837
7803
7808
7838
7804
7809
7839
7805
7810
7840
7811
7841
28225
7807
7842
18005
48672
7808
7843
48673
7809
7844
48674
7810
7845
48675
7811
7846
48676
7847
28224
48677
7813
7818
7848
18036
7814
7819
7849
7815
7820
7850
7816
7821
7851
7817
7822
7852
7823
7853
28265
7819
7824
7854
18037
7820
7825
7855
7821
7826
7856
7822
7827
7857
7823
7828
7858
7829
7859
28264
7825
7830
7860
18038
7826
7831
7861
7827
7832
7862
7828
7833
7863
7829
7834
7864
7835
7865
28263
7831
7836
7866
18039
7832
7837
7867
7833
7838
7868
7834
7839
7869
7835
7840
7870
7841
7871
28262
7837
7842
7872
18040
7838
7843
7873
7839
7844
7874
7840
7845
7875
7841
7846
7876
7847
7877
28261
7843
7878
18041
48708
7844
7879
48709
7845
7880
48710
7846
7881
48711
7847
7882
48712
7883
28260
48713
7849
7854
7884
18072
7850
7855
7885
7851
7856
7886
7852
7857
7887
7853
7858
7888
7859
7889
28301
7855
7860
7890
18073
7856
7861
7891
7857
7862
7892
7858
7863
7893
7859
7864
7894
7865
7895
28300
7861
7866
7896
18074
7862
7867
7897
7863
7868
7898
7864
7869
7899
7865
7870
7900
7871
7901
28299
7867
7872
7902
18075
7868
7873
7903
7869
7874
7904
7870
7875
7905
7871
7876
7906
7877
7907
28298
7873
7878
7908
18076
7874
7879
7909
7875
7880
7910
7876
7881
7911
7877
7882
7912
7883
7913
28297
7879
7914
18077
48744
7880
7915
48745
7881
7916
48746
7882
7917
48747
7883
7918
48748
7919
28296
48749
7885
7890
7920
18108
7886
7891
7921
7887
7892
7922
7888
7893
7923
7889
7894
7924
7895
7925
28337
7891
7896
7926
18109
7892
7897
7927
7893
7898
7928
7894
7899
7929
7895
7900
7930
7901
7931
28336
7897
7902
7932
18110
7898
7903
7933
7899
7904
7934
7900
7905
7935
7901
7906
7936
7907
7937
28335
7903
7908
7938
18111
7904
7909
7939
7905
7910
7940
7906
7911
7941
7907
7912
7942
7913
7943
28334
7909
7914
7944
18112
7910
7915
7945
7911
7916
7946
7912
7917
7947
7913
7918
7948
7919
7949
28333
7915
7950
18113
48780
7916
7951
48781
7917
7952
48782
7918
7953
48783
7919
7954
48784
7955
28332
48785
7921
7926
7956
18144
7922
7927
7957
7923
7928
7958
7924
7929
7959
7925
7930
7960
7931
7961
28373
7927
7932
7962
18145
7928
7933
7963
7929
7934
7964
7930
7935
7965
7931
7936
7966
7937
7967
28372
7933
7938
7968
18146
7934
7939
7969
7935
7940
7970
7936
7941
7971
7937
7942
7972
7943
7973
28371
7939
7944
7974
18147
7940
7945
7975
7941
7946
7976
7942
7947
7977
7943
7948
7978
7949
7979
28370
7945
7950
7980
18148
7946
7951
7981
7947
7952
7982
7948
7953
7983
7949
7954
7984
7955
7985
28369
7951
7986
18149
48816
7952
7987
48817
7953
7988
48818
7954
7989
48819
7955
7990
48820
7991
28368
48821
7957
7962
7992
18180
7958
7963
7993
7959
7964
7994
7960
7965
7995
7961
7966
7996
7967
7997
28409
7963
7968
7998
18181
7964
7969
7999
7965
7970
8000
7966
7971
8001
7967
7972
8002
7973
8003
28408
7969
7974
8004
18182
7970
7975
8005
7971
7976
8006
7972
7977
8007
7973
7978
8008
7979
8009
28407
7975
7980
8010
18183
7976
7981
8011
7977
7982
8012
7978
7983
8013
7979
7984
8014
7985
8015
28406
7981
7986
8016
18184
7982
7987
8017
7983
7988
8018
7984
7989
8019
7985
7990
8020
7991
8021
28405
7987
8022
18185
48852
7988
8023
48853
7989
8024
48854
7990
8025
48855
7991
8026
48856
8027
28404
48857
7993
7998
8028
18216
7994
7999
8029
7995
8000
8030
7996
8001
8031
7997
8002
8032
8003
8033
28445
7999
8004
8034
18217
8000
8005
8035
8001
8006
8036
8002
8007
8037
8003
8008
8038
8009
8039
28444
8005
8010
8040
18218
8006
8011
8041
8007
8012
8042
8008
8013
8043
8009
8014
8044
8015
8045
28443
8011
8016
8046
18219
8012
8017
8047
8013
8018
8048
8014
8019
8049
8015
8020
8050
8021
8051
28442
8017
8022
8052
18220
8018
8023
8053
8019
8024
8054
8020
8025
8055
8021
8026
8056
8027
8057
28441
8023
8058
18221
48888
8024
8059
48889
8025
8060
48890
8026
8061
48891
8027
8062
48892
8063
28440
48893
8029
8034
8064
18252
8030
8035
8065
8031
8036
8066
8032
8037
8067
8033
8038
8068
8039
8069
28481
8035
8040
8070
18253
8036
8041
8071
8037
8042
8072
8038
8043
8073
8039
8044
8074
8045
8075
28480
8041
8046
8076
18254
8042
8047
8077
8043
8048
8078
8044
8049
8079
8045
8050
8080
8051
8081
28479
8047
8052
8082
18255
8048
8053
8083
8049
8054
8084
8050
8055
8085
8051
8056
8086
8057
8087
28478
8053
8058
8088
18256
8054
8059
8089
8055
8060
8090
8056
8061
8091
8057
8062
8092
8063
8093
28477
8059
8094
18257
48924
8060
8095
48925
8061
8096
48926
8062
8097
48927
8063
8098
48928
8099
28476
48929
8065
8070
8100
18288
8066
8071
8101
8067
8072
8102
8068
8073
8103
8069
8074
8104
8075
8105
28517
8071
8076
8106
18289
8072
8077
8107
8073
8078
8108
8074
8079
8109
8075
8080
8110
8081
8111
28516
8077
8082
8112
18290
8078
8083
8113
8079
8084
8114
8080
8085
8115
8081
8086
8116
8087
8117
28515
8083
8088
8118
18291
8084
8089
8119
8085
8090
8120
8086
8091
8121
8087
8092
8122
8093
8123
28514
8089
8094
8124
18292
8090
8095
8125
8091
8096
8126
8092
8097
8127
8093
8098
8128
8099
8129
28513
8095
8130
18293
48960
8096
8131
48961
8097
8132
48962
8098
8133
48963
8099
8134
48964
8135
28512
48965
8101
8106
8136
18324
8102
8107
8137
8103
8108
8138
8104
8109
8139
8105
8110
8140
8111
8141
28553
8107
8112
8142
18325
8108
8113
8143
8109
8114
8144
8110
8115
8145
8111
8116
8146
8117
8147
28552
8113
8118
8148
18326
8114
8119
8149
8115
8120
8150
8116
8121
8151
8117
8122
8152
8123
8153
28551
8119
8124
8154
18327
8120
8125
8155
8121
8126
8156
8122
8127
8157
8123
8128
8158
8129
8159
28550
8125
8130
8160
18328
8126
8131
8161
8127
8132
8162
8128
8133
8163
8129
8134
8164
8135
8165
28549
8131
8166
18329
48996
8132
8167
48997
8133
8168
48998
8134
8169
48999
8135
8170
49000
8171
28548
49001
8137
8142
8172
18360
8138
8143
8173
8139
8144
8174
8140
8145
8175
8141
8146
8176
8147
8177
28589
8143
8148
8178
18361
8144
8149
8179
8145
8150
8180
8146
8151
8181
8147
8152
8182
8153
8183
28588
8149
8154
8184
18362
8150
8155
8185
8151
8156
8186
8152
8157
8187
8153
8158
8188
8159
8189
28587
8155
8160
8190
18363
8156
8161
8191
8157
8162
8192
8158
8163
8193
8159
8164
8194
8165
8195
28586
8161
8166
8196
18364
8162
8167
8197
8163
8168
8198
8164
8169
8199
8165
8170
8200
8171
8201
28585
8167
8202
18365
49032
8168
8203
49033
8169
8204
49034
8170
8205
49035
8171
8206
49036
8207
28584
49037
8173
8178
8208
18396
8174
8179
8209
8175
8180
8210
8176
8181
8211
8177
8182
8212
8183
8213
28625
8179
8184
8214
18397
8180
8185
8215
8181
8186
8216
8182
8187
8217
8183
8188
8218
8189
8219
28624
8185
8190
8220
18398
8186
8191
8221
8187
8192
8222
8188
8193
8223
8189
8194
8224
8195
8225
28623
8191
8196
8226
18399
8192
8197
8227
8193
8198
8228
8194
8199
8229
8195
8200
8230
8201
8231
28622
8197
8202
8232
18400
8198
8203
8233
8199
8204
8234
8200
8205
8235
8201
8206
8236
8207
8237
28621
8203
8238
18401
49068
8204
8239
49069
8205
8240
49070
8206
8241
49071
8207
8242
49072
8243
28620
49073
8209
8214
8244
18432
8210
8215
8245
8211
8216
8246
8212
8217
8247
8213
8218
8248
8219
8249
28661
8215
8220
8250
18433
8216
8221
8251
8217
8222
8252
8218
8223
8253
8219
8224
8254
8225
8255
28660
8221
8226
8256
18434
8222
8227
8257
8223
8228
8258
8224
8229
8259
8225
8230
8260
8231
8261
28659
8227
8232
8262
18435
8228
8233
8263
8229
8234
8264
8230
8235
8265
8231
8236
8266
8237
8267
28658
8233
8238
8268
18436
8234
8239
8269
8235
8240
8270
8236
8241
8271
8237
8242
8272
8243
8273
28657
8239
8274
18437
49104
8240
8275
49105
8241
8276
49106
8242
8277
49107
8243
8278
49108
8279
28656
49109
8245
8250
8280
18468
8246
8251
8281
8247
8252
8282
8248
8253
8283
8249
8254
8284
8255
8285
28697
8251
8256
8286
18469
8252
8257
8287
8253
8258
8288
8254
8259
8289
8255
8260
8290
8261
8291
28696
8257
8262
8292
18470
8258
8263
8293
8259
8264
8294
8260
8265
8295
8261
8266
8296
8267
8297
28695
8263
8268
8298
18471
8264
8269
8299
8265
8270
8300
8266
8271
8301
8267
8272
8302
8273
8303
28694
8269
8274
8304
18472
8270
8275
8305
8271
8276
8306
8272
8277
8307
8273
8278
8308
8279
8309
28693
8275
8310
18473
49140
8276
8311
49141
8277
8312
49142
8278
8313
49143
8279
8314
49144
8315
28692
49145
8281
8286
8316
18504
8282
8287
8317
8283
8288
8318
8284
8289
8319
8285
8290
8320
8291
8321
28733
8287
8292
8322
18505
8288
8293
8323
8289
8294
8324
8290
8295
8325
8291
8296
8326
8297
8327
28732
8293
8298
8328
18506
8294
8299
8329
8295
8300
8330
8296
8301
8331
8297
8302
8332
8303
8333
28731
8299
8304
8334
18507
8300
8305
8335
8301
8306
8336
8302
8307
8337
8303
8308
8338
8309
8339
28730
8305
8310
8340
18508
8306
8311
8341
8307
8312
8342
8308
8313
8343
8309
8314
8344
8315
8345
28729
8311
8346
18509
49176
8312
8347
49177
8313
8348
49178
8314
8349
49179
8315
8350
49180
8351
28728
49181
8317
8322
8352
18540
8318
8323
8353
8319
8324
8354
8320
8325
8355
8321
8326
8356
8327
8357
28769
8323
8328
8358
18541
8324
8329
8359
8325
8330
8360
8326
8331
8361
8327
8332
8362
8333
8363
28768
8329
8334
8364
18542
8330
8335
8365
8331
8336
8366
8332
8337
8367
8333
8338
8368
8339
8369
28767
8335
8340
8370
18543
8336
8341
8371
8337
8342
8372
8338
8343
8373
8339
8344
8374
8345
8375
28766
8341
8346
8376
18544
8342
8347
8377
8343
8348
8378
8344
8349
8379
8345
8350
8380
8351
8381
28765
8347
8382
18545
49212
8348
8383
49213
8349
8384
49214
8350
8385
49215
8351
8386
49216
8387
28764
49217
8353
8358
8388
18576
8354
8359
8389
8355
8360
8390
8356
8361
8391
8357
8362
8392
8363
8393
28805
8359
8364
8394
18577
8360
8365
8395
8361
8366
8396
8362
8367
8397
8363
8368
8398
8369
8399
28804
8365
8370
8400
18578
8366
8371
8401
8367
8372
8402
8368
8373
8403
8369
8374
8404
8375
8405
28803
8371
8376
8406
18579
8372
8377
8407
8373
8378
8408
8374
8379
8409
8375
8380
8410
8381
8411
28802
8377
8382
8412
18580
8378
8383
8413
8379
8384
8414
8380
8385
8415
8381
8386
8416
8387
8417
28801
8383
8418
18581
49248
8384
8419
49249
8385
8420
49250
8386
8421
49251
8387
8422
49252
8423
28800
49253
8389
8394
8424
18612
8390
8395
8425
8391
8396
8426
8392
8397
8427
8393
8398
8428
8399
8429
28841
8395
8400
8430
18613
8396
8401
8431
8397
8402
8432
8398
8403
8433
8399
8404
8434
8405
8435
28840
8401
8406
8436
18614
8402
8407
8437
8403
8408
8438
8404
8409
8439
8405
8410
8440
8411
8441
28839
8407
8412
8442
18615
8408
8413
8443
8409
8414
8444
8410
8415
8445
8411
8416
8446
8417
8447
28838
8413
8418
8448
18616
8414
8419
8449
8415
8420
8450
8416
8421
8451
8417
8422
8452
8423
8453
28837
8419
8454
18617
49284
8420
8455
49285
8421
8456
49286
8422
8457
49287
8423
8458
49288
8459
28836
49289
8425
8430
8460
18648
8426
8431
8461
8427
8432
8462
8428
8433
8463
8429
8434
8464
8435
8465
28877
8431
8436
8466
18649
8432
8437
8467
8433
8438
8468
8434
8439
8469
8435
8440
8470
8441
8471
28876
8437
8442
8472
18650
8438
8443
8473
8439
8444
8474
8440
8445
8475
8441
8446
8476
8447
8477
28875
8443
8448
8478
18651
8444
8449
8479
8445
8450
8480
8446
8451
8481
8447
8452
8482
8453
8483
28874
8449
8454
8484
18652
8450
8455
8485
8451
8456
8486
8452
8457
8487
8453
8458
8488
8459
8489
28873
8455
8490
18653
49320
8456
8491
49321
8457
8492
49322
8458
8493
49323
8459
8494
49324
8495
28872
49325
8461
8466
8496
18684
8462
8467
8497
8463
8468
8498
8464
8469
8499
8465
8470
8500
8471
8501
28913
8467
8472
8502
18685
8468
8473
8503
8469
8474
8504
8470
8475
8505
8471
8476
8506
8477
8507
28912
8473
8478
8508
18686
8474
8479
8509
8475
8480
8510
8476
8481
8511
8477
8482
8512
8483
8513
28911
8479
8484
8514
18687
8480
8485
8515
8481
8486
8516
8482
8487
8517
8483
8488
8518
8489
8519
28910
8485
8490
8520
18688
8486
8491
8521
8487
8492
8522
8488
8493
8523
8489
8494
8524
8495
8525
28909
8491
8526
18689
49356
8492
8527
49357
8493
8528
49358
8494
8529
49359
8495
8530
49360
8531
28908
49361
8497
8502
8532
18720
8498
8503
8533
8499
8504
8534
8500
8505
8535
8501
8506
8536
8507
8537
28949
8503
8508
8538
18721
8504
8509
8539
8505
8510
8540
8506
8511
8541
8507
8512
8542
8513
8543
28948
8509
8514
8544
18722
8510
8515
8545
8511
8516
8546
8512
8517
8547
8513
8518
8548
8519
8549
28947
8515
8520
8550
18723
8516
8521
8551
8517
8522
8552
8518
8523
8553
8519
8524
8554
8525
8555
28946
8521
8526
8556
18724
8522
8527
8557
8523
8528
8558
8524
8529
8559
8525
8530
8560
8531
8561
28945
8527
8562
18725
49392
8528
8563
49393
8529
8564
49394
8530
8565
49395
8531
8566
49396
8567
28944
49397
8533
8538
8568
18756
8534
8539
8569
8535
8540
8570
8536
8541
8571
8537
8542
8572
8543
8573
28985
8539
8544
8574
18757
8540
8545
8575
8541
8546
8576
8542
8547
8577
8543
8548
8578
8549
8579
28984
8545
8550
8580
18758
8546
8551
8581
8547
8552
8582
8548
8553
8583
8549
8554
8584
8555
8585
28983
8551
8556
8586
18759
8552
8557
8587
8553
8558
8588
8554
8559
8589
8555
8560
8590
8561
8591
28982
8557
8562
8592
18760
8558
8563
8593
8559
8564
8594
8560
8565
8595
8561
8566
8596
8567
8597
28981
8563
8598
18761
49428
8564
8599
49429
8565
8600
49430
8566
8601
49431
8567
8602
49432
8603
28980
49433
8569
8574
8604
18792
8570
8575
8605
8571
8576
8606
8572
8577
8607
8573
8578
8608
8579
8609
29021
8575
8580
8610
18793
8576
8581
8611
8577
8582
8612
8578
8583
8613
8579
8584
8614
8585
8615
29020
8581
8586
8616
18794
8582
8587
8617
8583
8588
8618
8584
8589
8619
8585
8590
8620
8591
8621
29019
8587
8592
8622
18795
8588
8593
8623
8589
8594
8624
8590
8595
8625
8591
8596
8626
8597
8627
29018
8593
8598
8628
18796
8594
8599
8629
8595
8600
8630
8596
8601
8631
8597
8602
8632
8603
8633
29017
8599
8634
18797
49464
8600
8635
49465
8601
8636
49466
8602
8637
49467
8603
8638
49468
8639
29016
49469
8605
8610
8640
18828
8606
8611
8641
8607
8612
8642
8608
8613
8643
8609
8614
8644
8615
8645
29057
8611
8616
8646
18829
8612
8617
8647
8613
8618
8648
8614
8619
8649
8615
8620
8650
8621
8651
29056
8617
8622
8652
18830
8618
8623
8653
8619
8624
8654
8620
8625
8655
8621
8626
8656
8627
8657
29055
8623
8628
8658
18831
8624
8629
8659
8625
8630
8660
8626
8631
8661
8627
8632
8662
8633
8663
29054
8629
8634
8664
18832
8630
8635
8665
8631
8636
8666
8632
8637
8667
8633
8638
8668
8639
8669
29053
8635
8670
18833
49500
8636
8671
49501
8637
8672
49502
8638
8673
49503
8639
8674
49504
8675
29052
49505
8641
8646
8676
18864
8642
8647
8677
8643
8648
8678
8644
8649
8679
8645
8650
8680
8651
8681
29093
8647
8652
8682
18865
8648
8653
8683
8649
8654
8684
8650
8655
8685
8651
8656
8686
8657
8687
29092
8653
8658
8688
18866
8654
8659
8689
8655
8660
8690
8656
8661
8691
8657
8662
8692
8663
8693
29091
8659
8664
8694
18867
8660
8665
8695
8661
8666
8696
8662
8667
8697
8663
8668
8698
8669
8699
29090
8665
8670
8700
18868
8666
8671
8701
8667
8672
8702
8668
8673
8703
8669
8674
8704
8675
8705
29089
8671
8706
18869
49536
8672
8707
49537
8673
8708
49538
8674
8709
49539
8675
8710
49540
8711
29088
49541
8677
8682
8712
18900
8678
8683
8713
8679
8684
8714
8680
8685
8715
8681
8686
8716
8687
8717
29129
8683
8688
8718
18901
8684
8689
8719
8685
8690
8720
8686
8691
8721
8687
8692
8722
8693
8723
29128
8689
8694
8724
18902
8690
8695
8725
8691
8696
8726
8692
8697
8727
8693
8698
8728
8699
8729
29127
8695
8700
8730
18903
8696
8701
8731
8697
8702
8732
8698
8703
8733
8699
8704
8734
8705
8735
29126
8701
8706
8736
18904
8702
8707
8737
8703
8708
8738
8704
8709
8739
8705
8710
8740
8711
8741
29125
8707
8742
18905
49572
8708
8743
49573
8709
8744
49574
8710
8745
49575
8711
8746
49576
8747
29124
49577
8713
8718
8748
18936
8714
8719
8749
8715
8720
8750
8716
8721
8751
8717
8722
8752
8723
8753
29165
8719
8724
8754
18937
8720
8725
8755
8721
8726
8756
8722
8727
8757
8723
8728
8758
8729
8759
29164
8725
8730
8760
18938
8726
8731
8761
8727
8732
8762
8728
8733
8763
8729
8734
8764
8735
8765
29163
8731
8736
8766
18939
8732
8737
8767
8733
8738
8768
8734
8739
8769
8735
8740
8770
8741
8771
29162
8737
8742
8772
18940
8738
8743
8773
8739
8744
8774
8740
8745
8775
8741
8746
8776
8747
8777
29161
8743
8778
18941
49608
8744
8779
49609
8745
8780
49610
8746
8781
49611
8747
8782
49612
8783
29160
49613
8749
8754
8784
18972
8750
8755
8785
8751
8756
8786
8752
8757
8787
8753
8758
8788
8759
8789
29201
8755
8760
8790
18973
8756
8761
8791
8757
8762
8792
8758
8763
8793
8759
8764
8794
8765
8795
29200
8761
8766
8796
18974
8762
8767
8797
8763
8768
8798
8764
8769
8799
8765
8770
8800
8771
8801
29199
8767
8772
8802
18975
8768
8773
8803
8769
8774
8804
8770
8775
8805
8771
8776
8806
8777
8807
29198
8773
8778
8808
18976
8774
8779
8809
8775
8780
8810
8776
8781
8811
8777
8782
8812
8783
8813
29197
8779
8814
18977
49644
8780
8815
49645
8781
8816
49646
8782
8817
49647
8783
8818
49648
8819
29196
49649
8785
8790
8820
19008
8786
8791
8821
8787
8792
8822
8788
8793
8823
8789
8794
8824
8795
8825
29237
8791
8796
8826
19009
8792
8797
8827
8793
8798
8828
8794
8799
8829
8795
8800
8830
8801
8831
29236
8797
8802
8832
19010
8798
8803
8833
8799
8804
8834
8800
8805
8835
8801
8806
8836
8807
8837
29235
8803
8808
8838
19011
8804
8809
8839
8805
8810
8840
8806
8811
8841
8807
8812
8842
8813
8843
29234
8809
8814
8844
19012
8810
8815
8845
8811
8816
8846
8812
8817
8847
8813
8818
8848
8819
8849
29233
8815
8850
19013
49680
8816
8851
49681
8817
8852
49682
8818
8853
49683
8819
8854
49684
8855
29232
49685
8821
8826
8856
19044
8822
8827
8857
8823
8828
8858
8824
8829
8859
8825
8830
8860
8831
8861
29273
8827
8832
8862
19045
8828
8833
8863
8829
8834
8864
8830
8835
8865
8831
8836
8866
8837
8867
29272
8833
8838
8868
19046
8834
8839
8869
8835
8840
8870
8836
8841
8871
8837
8842
8872
8843
8873
29271
8839
8844
8874
19047
8840
8845
8875
8841
8846
8876
8842
8847
8877
8843
8848
8878
8849
8879
29270
8845
8850
8880
19048
8846
8851
8881
8847
8852
8882
8848
8853
8883
8849
8854
8884
8855
8885
29269
8851
8886
19049
49716
8852
8887
49717
8853
8888
49718
8854
8889
49719
8855
8890
49720
8891
29268
49721
8857
8862
8892
19080
8858
8863
8893
8859
8864
8894
8860
8865
8895
8861
8866
8896
8867
8897
29309
8863
8868
8898
19081
8864
8869
8899
8865
8870
8900
8866
8871
8901
8867
8872
8902
8873
8903
29308
8869
8874
8904
19082
8870
8875
8905
8871
8876
8906
8872
8877
8907
8873
8878
8908
8879
8909
29307
8875
8880
8910
19083
8876
8881
8911
8877
8882
8912
8878
8883
8913
8879
8884
8914
8885
8915
29306
8881
8886
8916
19084
8882
8887
8917
8883
8888
8918
8884
8889
8919
8885
8890
8920
8891
8921
29305
8887
8922
19085
49752
8888
8923
49753
8889
8924
49754
8890
8925
49755
8891
8926
49756
8927
29304
49757
8893
8898
8928
19116
8894
8899
8929
8895
8900
8930
8896
8901
8931
8897
8902
8932
8903
8933
29345
8899
8904
8934
19117
8900
8905
8935
8901
8906
8936
8902
8907
8937
8903
8908
8938
8909
8939
29344
8905
8910
8940
19118
8906
8911
8941
8907
8912
8942
8908
8913
8943
8909
8914
8944
8915
8945
29343
8911
8916
8946
19119
8912
8917
8947
8913
8918
8948
8914
8919
8949
8915
8920
8950
8921
8951
29342
8917
8922
8952
19120
8918
8923
8953
8919
8924
8954
8920
8925
8955
8921
8926
8956
8927
8957
29341
8923
8958
19121
49788
8924
8959
49789
8925
8960
49790
8926
8961
49791
8927
8962
49792
8963
29340
49793
8929
8934
8964
19152
8930
8935
8965
8931
8936
8966
8932
8937
8967
8933
8938
8968
8939
8969
29381
8935
8940
8970
19153
8936
8941
8971
8937
8942
8972
8938
8943
8973
8939
8944
8974
8945
8975
29380
8941
8946
8976
19154
8942
8947
8977
8943
8948
8978
8944
8949
8979
8945
8950
8980
8951
8981
29379
8947
8952
8982
19155
8948
8953
8983
8949
8954
8984
8950
8955
8985
8951
8956
8986
8957
8987
29378
8953
8958
8988
19156
8954
8959
8989
8955
8960
8990
8956
8961
8991
8957
8962
8992
8963
8993
29377
8959
8994
19157
49824
8960
8995
49825
8961
8996
49826
8962
8997
49827
8963
8998
49828
8999
29376
49829
8965
8970
9000
19188
8966
8971
9001
8967
8972
9002
8968
8973
9003
8969
8974
9004
8975
9005
29417
8971
8976
9006
19189
8972
8977
9007
8973
8978
9008
8974
8979
9009
8975
8980
9010
8981
9011
29416
8977
8982
9012
19190
8978
8983
9013
8979
8984
9014
8980
8985
9015
8981
8986
9016
8987
9017
29415
8983
8988
9018
19191
8984
8989
9019
8985
8990
9020
8986
8991
9021
8987
8992
9022
8993
9023
29414
8989
8994
9024
19192
8990
8995
9025
8991
8996
9026
8992
8997
9027
8993
8998
9028
8999
9029
29413
8995
9030
19193
49860
8996
9031
49861
8997
9032
49862
8998
9033
49863
8999
9034
49864
9035
29412
49865
9001
9006
9036
19224
9002
9007
9037
9003
9008
9038
9004
9009
9039
9005
9010
9040
9011
9041
29453
9007
9012
9042
19225
9008
9013
9043
9009
9014
9044
9010
9015
9045
9011
9016
9046
9017
9047
29452
9013
9018
9048
19226
9014
9019
9049
9015
9020
9050
9016
9021
9051
9017
9022
9052
9023
9053
29451
9019
9024
9054
19227
9020
9025
9055
9021
9026
9056
9022
9027
9057
9023
9028
9058
9029
9059
29450
9025
9030
9060
19228
9026
9031
9061
9027
9032
9062
9028
9033
9063
9029
9034
9064
9035
9065
29449
9031
9066
19229
49896
9032
9067
49897
9033
9068
49898
9034
9069
49899
9035
9070
49900
9071
29448
49901
9037
9042
9072
19260
9038
9043
9073
9039
9044
9074
9040
9045
9075
9041
9046
9076
9047
9077
29489
9043
9048
9078
19261
9044
9049
9079
9045
9050
9080
9046
9051
9081
9047
9052
9082
9053
9083
29488
9049
9054
9084
19262
9050
9055
9085
9051
9056
9086
9052
9057
9087
9053
9058
9088
9059
9089
29487
9055
9060
9090
19263
9056
9061
9091
9057
9062
9092
9058
9063
9093
9059
9064
9094
9065
9095
29486
9061
9066
9096
19264
9062
9067
9097
9063
9068
9098
9064
9069
9099
9065
9070
9100
9071
9101
29485
9067
9102
19265
49932
9068
9103
49933
9069
9104
49934
9070
9105
49935
9071
9106
49936
9107
29484
49937
9073
9078
9108
19296
9074
9079
9109
9075
9080
9110
9076
9081
9111
9077
9082
9112
9083
9113
29525
9079
9084
9114
19297
9080
9085
9115
9081
9086
9116
9082
9087
9117
9083
9088
9118
9089
9119
29524
9085
9090
9120
19298
9086
9091
9121
9087
9092
9122
9088
9093
9123
9089
9094
9124
9095
9125
29523
9091
9096
9126
19299
9092
9097
9127
9093
9098
9128
9094
9099
9129
9095
9100
9130
9101
9131
29522
9097
9102
9132
19300
9098
9103
9133
9099
9104
9134
9100
9105
9135
9101
9106
9136
9107
9137
29521
9103
9138
19301
49968
9104
9139
49969
9105
9140
49970
9106
9141
49971
9107
9142
49972
9143
29520
49973
9109
9114
9144
19332
9110
9115
9145
9111
9116
9146
9112
9117
9147
9113
9118
9148
9119
9149
29561
9115
9120
9150
19333
9116
9121
9151
9117
9122
9152
9118
9123
9153
9119
9124
9154
9125
9155
29560
9121
9126
9156
19334
9122
9127
9157
9123
9128
9158
9124
9129
9159
9125
9130
9160
9131
9161
29559
9127
9132
9162
19335
9128
9133
9163
9129
9134
9164
9130
9135
9165
9131
9136
9166
9137
9167
29558
9133
9138
9168
19336
9134
9139
9169
9135
9140
9170
9136
9141
9171
9137
9142
9172
9143
9173
29557
9139
9174
19337
50004
9140
9175
50005
9141
9176
50006
9142
9177
50007
9143
9178
50008
9179
29556
50009
9145
9150
9180
19368
9146
9151
9181
9147
9152
9182
9148
9153
9183
9149
9154
9184
9155
9185
29597
9151
9156
9186
19369
9152
9157
9187
9153
9158
9188
9154
9159
9189
9155
9160
9190
9161
9191
29596
9157
9162
9192
19370
9158
9163
9193
9159
9164
9194
9160
9165
9195
9161
9166
9196
9167
9197
29595
9163
9168
9198
19371
9164
9169
9199
9165
9170
9200
9166
9171
9201
9167
9172
9202
9173
9203
29594
9169
9174
9204
19372
9170
9175
9205
9171
9176
9206
9172
9177
9207
9173
9178
9208
9179
9209
29593
9175
9210
19373
50040
9176
9211
50041
9177
9212
50042
9178
9213
50043
9179
9214
50044
9215
29592
50045
9181
9186
9216
19404
9182
9187
9217
9183
9188
9218
9184
9189
9219
9185
9190
9220
9191
9221
29633
9187
9192
9222
19405
9188
9193
9223
9189
9194
9224
9190
9195
9225
9191
9196
9226
9197
9227
29632
9193
9198
9228
19406
9194
9199
9229
9195
9200
9230
9196
9201
9231
9197
9202
9232
9203
9233
29631
9199
9204
9234
19407
9200
9205
9235
9201
9206
9236
9202
9207
9237
9203
9208
9238
9209
9239
29630
9205
9210
9240
19408
9206
9211
9241
9207
9212
9242
9208
9213
9243
9209
9214
9244
9215
9245
29629
9211
9246
19409
50076
9212
9247
50077
9213
9248
50078
9214
9249
50079
9215
9250
50080
9251
29628
50081
9217
9222
9252
19440
9218
9223
9253
9219
9224
9254
9220
9225
9255
9221
9226
9256
9227
9257
29669
9223
9228
9258
19441
9224
9229
9259
9225
9230
9260
9226
9231
9261
9227
9232
9262
9233
9263
29668
9229
9234
9264
19442
9230
9235
9265
9231
9236
9266
9232
9237
9267
9233
9238
9268
9239
9269
29667
9235
9240
9270
19443
9236
9241
9271
9237
9242
9272
9238
9243
9273
9239
9244
9274
9245
9275
29666
9241
9246
9276
19444
9242
9247
9277
9243
9248
9278
9244
9249
9279
9245
9250
9280
9251
9281
29665
9247
9282
19445
50112
9248
9283
50113
9249
9284
50114
9250
9285
50115
9251
9286
50116
9287
29664
50117
9253
9258
9288
19476
9254
9259
9289
9255
9260
9290
9256
9261
9291
9257
9262
9292
9263
9293
29705
9259
9264
9294
19477
9260
9265
9295
9261
9266
9296
9262
9267
9297
9263
9268
9298
9269
9299
29704
9265
9270
9300
19478
9266
9271
9301
9267
9272
9302
9268
9273
9303
9269
9274
9304
9275
9305
29703
9271
9276
9306
19479
9272
9277
9307
9273
9278
9308
9274
9279
9309
9275
9280
9310
9281
9311
29702
9277
9282
9312
19480
9278
9283
9313
9279
9284
9314
9280
9285
9315
9281
9286
9316
9287
9317
29701
9283
9318
19481
50148
9284
9319
50149
9285
9320
50150
9286
9321
50151
9287
9322
50152
9323
29700
50153
9289
9294
9324
19512
9290
9295
9325
9291
9296
9326
9292
9297
9327
9293
9298
9328
9299
9329
29741
9295
9300
9330
19513
9296
9301
9331
9297
9302
9332
9298
9303
9333
9299
9304
9334
9305
9335
29740
9301
9306
9336
19514
9302
9307
9337
9303
9308
9338
9304
9309
9339
9305
9310
9340
9311
9341
29739
9307
9312
9342
19515
9308
9313
9343
9309
9314
9344
9310
9315
9345
9311
9316
9346
9317
9347
29738
9313
9318
9348
19516
9314
9319
9349
9315
9320
9350
9316
9321
9351
9317
9322
9352
9323
9353
29737
9319
9354
19517
50184
9320
9355
50185
9321
9356
50186
9322
9357
50187
9323
9358
50188
9359
29736
50189
9325
9330
9360
19548
9326
9331
9361
9327
9332
9362
9328
9333
9363
9329
9334
9364
9335
9365
29777
9331
9336
9366
19549
9332
9337
9367
9333
9338
9368
9334
9339
9369
9335
9340
9370
9341
9371
29776
9337
9342
9372
19550
9338
9343
9373
9339
9344
9374
9340
9345
9375
9341
9346
9376
9347
9377
29775
9343
9348
9378
19551
9344
9349
9379
9345
9350
9380
9346
9351
9381
9347
9352
9382
9353
9383
29774
9349
9354
9384
19552
9350
9355
9385
9351
9356
9386
9352
9357
9387
9353
9358
9388
9359
9389
29773
9355
9390
19553
50220
9356
9391
50221
9357
9392
50222
9358
9393
50223
9359
9394
50224
9395
29772
50225
9361
9366
9396
19584
9362
9367
9397
9363
9368
9398
9364
9369
9399
9365
9370
9400
9371
9401
29813
9367
9372
9402
19585
9368
9373
9403
9369
9374
9404
9370
9375
9405
9371
9376
9406
9377
9407
29812
9373
9378
9408
19586
9374
9379
9409
9375
9380
9410
9376
9381
9411
9377
9382
9412
9383
9413
29811
9379
9384
9414
19587
9380
9385
9415
9381
9386
9416
9382
9387
9417
9383
9388
9418
9389
9419
29810
9385
9390
9420
19588
9386
9391
9421
9387
9392
9422
9388
9393
9423
9389
9394
9424
9395
9425
29809
9391
9426
19589
50256
9392
9427
50257
9393
9428
50258
9394
9429
50259
9395
9430
50260
9431
29808
50261
9397
9402
9432
19620
9398
9403
9433
9399
9404
9434
9400
9405
9435
9401
9406
9436
9407
9437
29849
9403
9408
9438
19621
9404
9409
9439
9405
9410
9440
9406
9411
9441
9407
9412
9442
9413
9443
29848
9409
9414
9444
19622
9410
9415
9445
9411
9416
9446
9412
9417
9447
9413
9418
9448
9419
9449
29847
9415
9420
9450
19623
9416
9421
9451
9417
9422
9452
9418
9423
9453
9419
9424
9454
9425
9455
29846
9421
9426
9456
19624
9422
9427
9457
9423
9428
9458
9424
9429
9459
9425
9430
9460
9431
9461
29845
9427
9462
19625
50292
9428
9463
50293
9429
9464
50294
9430
9465
50295
9431
9466
50296
9467
29844
50297
9433
9438
9468
19656
9434
9439
9469
9435
9440
9470
9436
9441
9471
9437
9442
9472
9443
9473
29885
9439
9444
9474
19657
9440
9445
9475
9441
9446
9476
9442
9447
9477
9443
9448
9478
9449
9479
29884
9445
9450
9480
19658
9446
9451
9481
9447
9452
9482
9448
9453
9483
9449
9454
9484
9455
9485
29883
9451
9456
9486
19659
9452
9457
9487
9453
9458
9488
9454
9459
9489
9455
9460
9490
9461
9491
29882
9457
9462
9492
19660
9458
9463
9493
9459
9464
9494
9460
9465
9495
9461
9466
9496
9467
9497
29881
9463
9498
19661
50328
9464
9499
50329
9465
9500
50330
9466
9501
50331
9467
9502
50332
9503
29880
50333
9469
9474
9504
19692
9470
9475
9505
9471
9476
9506
9472
9477
9507
9473
9478
9508
9479
9509
29921
9475
9480
9510
19693
9476
9481
9511
9477
9482
9512
9478
9483
9513
9479
9484
9514
9485
9515
29920
9481
9486
9516
19694
9482
9487
9517
9483
9488
9518
9484
9489
9519
9485
9490
9520
9491
9521
29919
9487
9492
9522
19695
9488
9493
9523
9489
9494
9524
9490
9495
9525
9491
9496
9526
9497
9527
29918
9493
9498
9528
19696
9494
9499
9529
9495
9500
9530
9496
9501
9531
9497
9502
9532
9503
9533
29917
9499
9534
19697
50364
9500
9535
50365
9501
9536
50366
9502
9537
50367
9503
9538
50368
9539
29916
50369
9505
9510
9540
19728
9506
9511
9541
9507
9512
9542
9508
9513
9543
9509
9514
9544
9515
9545
29957
9511
9516
9546
19729
9512
9517
9547
9513
9518
9548
9514
9519
9549
9515
9520
9550
9521
9551
29956
9517
9522
9552
19730
9518
9523
9553
9519
9524
9554
9520
9525
9555
9521
9526
9556
9527
9557
29955
9523
9528
9558
19731
9524
9529
9559
9525
9530
9560
9526
9531
9561
9527
9532
9562
9533
9563
29954
9529
9534
9564
19732
9530
9535
9565
9531
9536
9566
9532
9537
9567
9533
9538
9568
9539
9569
29953
9535
9570
19733
50400
9536
9571
50401
9537
9572
50402
9538
9573
50403
9539
9574
50404
9575
29952
50405
9541
9546
9576
19764
9542
9547
9577
9543
9548
9578
9544
9549
9579
9545
9550
9580
9551
9581
29993
9547
9552
9582
19765
9548
9553
9583
9549
9554
9584
9550
9555
9585
9551
9556
9586
9557
9587
29992
9553
9558
9588
19766
9554
9559
9589
9555
9560
9590
9556
9561
9591
9557
9562
9592
9563
9593
29991
9559
9564
9594
19767
9560
9565
9595
9561
9566
9596
9562
9567
9597
9563
9568
9598
9569
9599
29990
9565
9570
9600
19768
9566
9571
9601
9567
9572
9602
9568
9573
9603
9569
9574
9604
9575
9605
29989
9571
9606
19769
50436
9572
9607
50437
9573
9608
50438
9574
9609
50439
9575
9610
50440
9611
29988
50441
9577
9582
9612
19800
9578
9583
9613
9579
9584
9614
9580
9585
9615
9581
9586
9616
9587
9617
30029
9583
9588
9618
19801
9584
9589
9619
9585
9590
9620
9586
9591
9621
9587
9592
9622
9593
9623
30028
9589
9594
9624
19802
9590
9595
9625
9591
9596
9626
9592
9597
9627
9593
9598
9628
9599
9629
30027
9595
9600
9630
19803
9596
9601
9631
9597
9602
9632
9598
9603
9633
9599
9604
9634
9605
9635
30026
9601
9606
9636
19804
9602
9607
9637
9603
9608
9638
9604
9609
9639
9605
9610
9640
9611
9641
30025
9607
9642
19805
50472
9608
9643
50473
9609
9644
50474
9610
9645
50475
9611
9646
50476
9647
30024
50477
9613
9618
9648
19836
9614
9619
9649
9615
9620
9650
9616
9621
9651
9617
9622
9652
9623
9653
30065
9619
9624
9654
19837
9620
9625
9655
9621
9626
9656
9622
9627
9657
9623
9628
9658
9629
9659
30064
9625
9630
9660
19838
9626
9631
9661
9627
9632
9662
9628
9633
9663
9629
9634
9664
9635
9665
30063
9631
9636
9666
19839
9632
9637
9667
9633
9638
9668
9634
9639
9669
9635
9640
9670
9641
9671
30062
9637
9642
9672
19840
9638
9643
9673
9639
9644
9674
9640
9645
9675
9641
9646
9676
9647
9677
30061
9643
9678
19841
50508
9644
9679
50509
9645
9680
50510
9646
9681
50511
9647
9682
50512
9683
30060
50513
9649
9654
9684
19872
9650
9655
9685
9651
9656
9686
9652
9657
9687
9653
9658
9688
9659
9689
30101
9655
9660
9690
19873
9656
9661
9691
9657
9662
9692
9658
9663
9693
9659
9664
9694
9665
9695
30100
9661
9666
9696
19874
9662
9667
9697
9663
9668
9698
9664
9669
9699
9665
9670
9700
9671
9701
30099
9667
9672
9702
19875
9668
9673
9703
9669
9674
9704
9670
9675
9705
9671
9676
9706
9677
9707
30098
9673
9678
9708
19876
9674
9679
9709
9675
9680
9710
9676
9681
9711
9677
9682
9712
9683
9713
30097
9679
9714
19877
50544
9680
9715
50545
9681
9716
50546
9682
9717
50547
9683
9718
50548
9719
30096
50549
9685
9690
9720
19908
9686
9691
9721
9687
9692
9722
9688
9693
9723
9689
9694
9724
9695
9725
30137
9691
9696
9726
19909
9692
9697
9727
9693
9698
9728
9694
9699
9729
9695
9700
9730
9701
9731
30136
9697
9702
9732
19910
9698
9703
9733
9699
9704
9734
9700
9705
9735
9701
9706
9736
9707
9737
30135
9703
9708
9738
19911
9704
9709
9739
9705
9710
9740
9706
9711
9741
9707
9712
9742
9713
9743
30134
9709
9714
9744
19912
9710
9715
9745
9711
9716
9746
9712
9717
9747
9713
9718
9748
9719
9749
30133
9715
9750
19913
50580
9716
9751
50581
9717
9752
50582
9718
9753
50583
9719
9754
50584
9755
30132
50585
9721
9726
9756
19944
9722
9727
9757
9723
9728
9758
9724
9729
9759
9725
9730
9760
9731
9761
30173
9727
9732
9762
19945
9728
9733
9763
9729
9734
9764
9730
9735
9765
9731
9736
9766
9737
9767
30172
9733
9738
9768
19946
9734
9739
9769
9735
9740
9770
9736
9741
9771
9737
9742
9772
9743
9773
30171
9739
9744
9774
19947
9740
9745
9775
9741
9746
9776
9742
9747
9777
9743
9748
9778
9749
9779
30170
9745
9750
9780
19948
9746
9751
9781
9747
9752
9782
9748
9753
9783
9749
9754
9784
9755
9785
30169
9751
9786
19949
50616
9752
9787
50617
9753
9788
50618
9754
9789
50619
9755
9790
50620
9791
30168
50621
9757
9762
9792
19980
9758
9763
9793
9759
9764
9794
9760
9765
9795
9761
9766
9796
9767
9797
30209
9763
9768
9798
19981
9764
9769
9799
9765
9770
9800
9766
9771
9801
9767
9772
9802
9773
9803
30208
9769
9774
9804
19982
9770
9775
9805
9771
9776
9806
9772
9777
9807
9773
9778
9808
9779
9809
30207
9775
9780
9810
19983
9776
9781
9811
9777
9782
9812
9778
9783
9813
9779
9784
9814
9785
9815
30206
9781
9786
9816
19984
9782
9787
9817
9783
9788
9818
9784
9789
9819
9785
9790
9820
9791
9821
30205
9787
9822
19985
50652
9788
9823
50653
9789
9824
50654
9790
9825
50655
9791
9826
50656
9827
30204
50657
9793
9798
9828
20016
9794
9799
9829
9795
9800
9830
9796
9801
9831
9797
9802
9832
9803
9833
30245
9799
9804
9834
20017
9800
9805
9835
9801
9806
9836
9802
9807
9837
9803
9808
9838
9809
9839
30244
9805
9810
9840
20018
9806
9811
9841
9807
9812
9842
9808
9813
9843
9809
9814
9844
9815
9845
30243
9811
9816
9846
20019
9812
9817
9847
9813
9818
9848
9814
9819
9849
9815
9820
9850
9821
9851
30242
9817
9822
9852
20020
9818
9823
9853
9819
9824
9854
9820
9825
9855
9821
9826
9856
9827
9857
30241
9823
9858
20021
50688
9824
9859
50689
9825
9860
50690
9826
9861
50691
9827
9862
50692
9863
30240
50693
9829
9834
9864
20052
9830
9835
9865
9831
9836
9866
9832
9837
9867
9833
9838
9868
9839
9869
30281
9835
9840
9870
20053
9836
9841
9871
9837
9842
9872
9838
9843
9873
9839
9844
9874
9845
9875
30280
9841
9846
9876
20054
9842
9847
9877
9843
9848
9878
9844
9849
9879
9845
9850
9880
9851
9881
30279
9847
9852
9882
20055
9848
9853
9883
9849
9854
9884
9850
9855
9885
9851
9856
9886
9857
9887
30278
9853
9858
9888
20056
9854
9859
9889
9855
9860
9890
9856
9861
9891
9857
9862
9892
9863
9893
30277
9859
9894
20057
50724
9860
9895
50725
9861
9896
50726
9862
9897
50727
9863
9898
50728
9899
30276
50729
9865
9870
9900
20088
9866
9871
9901
9867
9872
9902
9868
9873
9903
9869
9874
9904
9875
9905
30317
9871
9876
9906
20089
9872
9877
9907
9873
9878
9908
9874
9879
9909
9875
9880
9910
9881
9911
30316
9877
9882
9912
20090
9878
9883
9913
9879
9884
9914
9880
9885
9915
9881
9886
9916
9887
9917
30315
9883
9888
9918
20091
9884
9889
9919
9885
9890
9920
9886
9891
9921
9887
9892
9922
9893
9923
30314
9889
9894
9924
20092
9890
9895
9925
9891
9896
9926
9892
9897
9927
9893
9898
9928
9899
9929
30313
9895
9930
20093
50760
9896
9931
50761
9897
9932
50762
9898
9933
50763
9899
9934
50764
9935
30312
50765
9901
9906
9936
20124
9902
9907
9937
9903
9908
9938
9904
9909
9939
9905
9910
9940
9911
9941
30353
9907
9912
9942
20125
9908
9913
9943
9909
9914
9944
9910
9915
9945
9911
9916
9946
9917
9947
30352
9913
9918
9948
20126
9914
9919
9949
9915
9920
9950
9916
9921
9951
9917
9922
9952
9923
9953
30351
9919
9924
9954
20127
9920
9925
9955
9921
9926
9956
9922
9927
9957
9923
9928
9958
9929
9959
30350
9925
9930
9960
20128
9926
9931
9961
9927
9932
9962
9928
9933
9963
9929
9934
9964
9935
9965
30349
9931
9966
20129
50796
9932
9967
50797
9933
9968
50798
9934
9969
50799
9935
9970
50800
9971
30348
50801
9937
9942
9972
20160
9938
9943
9973
9939
9944
9974
9940
9945
9975
9941
9946
9976
9947
9977
30389
9943
9948
9978
20161
9944
9949
9979
9945
9950
9980
9946
9951
9981
9947
9952
9982
9953
9983
30388
9949
9954
9984
20162
9950
9955
9985
9951
9956
9986
9952
9957
9987
9953
9958
9988
9959
9989
30387
9955
9960
9990
20163
9956
9961
9991
9957
9962
9992
9958
9963
9993
9959
9964
9994
9965
9995
30386
9961
9966
9996
20164
9962
9967
9997
9963
9968
9998
9964
9969
9999
9965
9970
10000
9971
10001
30385
9967
10002
20165
50832
9968
10003
50833
9969
10004
50834
9970
10005
50835
9971
10006
50836
10007
30384
50837
9973
9978
10008
20196
9974
9979
10009
9975
9980
10010
9976
9981
10011
9977
9982
10012
9983
10013
30425
9979
9984
10014
20197
9980
9985
10015
9981
9986
10016
9982
9987
10017
9983
9988
10018
9989
10019
30424
9985
9990
10020
20198
9986
9991
10021
9987
9992
10022
9988
9993
10023
9989
9994
10024
9995
10025
30423
9991
9996
10026
20199
9992
9997
10027
9993
9998
10028
9994
9999
10029
9995
10000
10030
10001
10031
30422
9997
10002
10032
20200
9998
10003
10033
9999
10004
10034
10000
10005
10035
10001
10006
10036
10007
10037
30421
10003
10038
20201
50868
10004
10039
50869
10005
10040
50870
10006
10041
50871
10007
10042
50872
10043
30420
50873
10009
10014
10044
20232
10010
10015
10045
10011
10016
10046
10012
10017
10047
10013
10018
10048
10019
10049
30461
10015
10020
10050
20233
10016
10021
10051
10017
10022
10052
10018
10023
10053
10019
10024
10054
10025
10055
30460
10021
10026
10056
20234
10022
10027
10057
10023
10028
10058
10024
10029
10059
10025
10030
10060
10031
10061
30459
10027
10032
10062
20235
10028
10033
10063
10029
10034
10064
10030
10035
10065
10031
10036
10066
10037
10067
30458
10033
10038
10068
20236
10034
10039
10069
10035
10040
10070
10036
10041
10071
10037
10042
10072
10043
10073
30457
10039
10074
20237
50904
10040
10075
50905
10041
10076
50906
10042
10077
50907
10043
10078
50908
10079
30456
50909
10045
10050
10080
20268
10046
10051
10081
10047
10052
10082
10048
10053
10083
10049
10054
10084
10055
10085
30497
10051
10056
10086
20269
10052
10057
10087
10053
10058
10088
10054
10059
10089
10055
10060
10090
10061
10091
30496
10057
10062
10092
20270
10058
10063
10093
10059
10064
10094
10060
10065
10095
10061
10066
10096
10067
10097
30495
10063
10068
10098
20271
10064
10069
10099
10065
10070
10100
10066
10071
10101
10067
10072
10102
10073
10103
30494
10069
10074
10104
20272
10070
10075
10105
10071
10076
10106
10072
10077
10107
10073
10078
10108
10079
10109
30493
10075
10110
20273
50940
10076
10111
50941
10077
10112
50942
10078
10113
50943
10079
10114
50944
10115
30492
50945
10081
10086
10116
20304
10082
10087
10117
10083
10088
10118
10084
10089
10119
10085
10090
10120
10091
10121
30533
10087
10092
10122
20305
10088
10093
10123
10089
10094
10124
10090
10095
10125
10091
10096
10126
10097
10127
30532
10093
10098
10128
20306
10094
10099
10129
10095
10100
10130
10096
10101
10131
10097
10102
10132
10103
10133
30531
10099
10104
10134
20307
10100
10105
10135
10101
10106
10136
10102
10107
10137
10103
10108
10138
10109
10139
30530
10105
10110
10140
20308
10106
10111
10141
10107
10112
10142
10108
10113
10143
10109
10114
10144
10115
10145
30529
10111
10146
20309
50976
10112
10147
50977
10113
10148
50978
10114
10149
50979
10115
10150
50980
10151
30528
50981
10117
10122
10152
20340
10118
10123
10153
10119
10124
10154
10120
10125
10155
10121
10126
10156
10127
10157
30569
10123
10128
10158
20341
10124
10129
10159
10125
10130
10160
10126
10131
10161
10127
10132
10162
10133
10163
30568
10129
10134
10164
20342
10130
10135
10165
10131
10136
10166
10132
10137
10167
10133
10138
10168
10139
10169
30567
10135
10140
10170
20343
10136
10141
10171
10137
10142
10172
10138
10143
10173
10139
10144
10174
10145
10175
30566
10141
10146
10176
20344
10142
10147
10177
10143
10148
10178
10144
10149
10179
10145
10150
10180
10151
10181
30565
10147
10182
20345
51012
10148
10183
51013
10149
10184
51014
10150
10185
51015
10151
10186
51016
10187
30564
51017
10153
10158
10188
20376
10154
10159
10189
10155
10160
10190
10156
10161
10191
10157
10162
10192
10163
10193
30605
10159
10164
10194
20377
10160
10165
10195
10161
10166
10196
10162
10167
10197
10163
10168
10198
10169
10199
30604
10165
10170
10200
20378
10166
10171
10201
10167
10172
10202
10168
10173
10203
10169
10174
10204
10175
10205
30603
10171
10176
10206
20379
10172
10177
10207
10173
10178
10208
10174
10179
10209
10175
10180
10210
10181
10211
30602
10177
10182
10212
20380
10178
10183
10213
10179
10184
10214
10180
10185
10215
10181
10186
10216
10187
10217
30601
10183
10218
20381
51048
10184
10219
51049
10185
10220
51050
10186
10221
51051
10187
10222
51052
10223
30600
51053
10189
10194
20412
10190
10195
10191
10196
10192
10197
10193
10198
10199
30641
10195
10200
20413
10196
10201
10197
10202
10198
10203
10199
10204
10205
30640
10201
10206
20414
10202
10207
10203
10208
10204
10209
10205
10210
10211
30639
10207
10212
20415
10208
10213
10209
10214
10210
10215
10211
10216
10217
30638
10213
10218
20416
10214
10219
10215
10220
10216
10221
10217
10222
10223
30637
10219
20417
51084
10220
51085
10221
51086
10222
51087
10223
51088
30636
51089
10225
10230
10260
10226
10231
10261
10227
10232
10262
10228
10233
10263
10229
10234
10264
10235
10265
40896
10231
10236
10266
10232
10237
10267
10233
10238
10268
10234
10239
10269
10235
10240
10270
10241
10271
40902
10237
10242
10272
10238
10243
10273
10239
10244
10274
10240
10245
10275
10241
10246
10276
10247
10277
40908
10243
10248
10278
10244
10249
10279
10245
10250
10280
10246
10251
10281
10247
10252
10282
10253
10283
40914
10249
10254
10284
10250
10255
10285
10251
10256
10286
10252
10257
10287
10253
10258
10288
10259
10289
40920
10255
10290
30702
10256
10291
30696
10257
10292
30690
10258
10293
30684
10259
10294
30678
10295
30672
40926
10261
10266
10296
10262
10267
10297
10263
10268
10298
10264
10269
10299
10265
10270
10300
10271
10301
40932
10267
10272
10302
10268
10273
10303
10269
10274
10304
10270
10275
10305
10271
10276
10306
10277
10307
40938
10273
10278
10308
10274
10279
10309
10275
10280
10310
10276
10281
10311
10277
10282
10312
10283
10313
40944
10279
10284
10314
10280
10285
10315
10281
10286
10316
10282
10287
10317
10283
10288
10318
10289
10319
40950
10285
10290
10320
10286
10291
10321
10287
10292
10322
10288
10293
10323
10289
10294
10324
10295
10325
40956
10291
10326
30738
10292
10327
30732
10293
10328
30726
10294
10329
30720
10295
10330
30714
10331
30708
40962
10297
10302
10332
10298
10303
10333
10299
10304
10334
10300
10305
10335
10301
10306
10336
10307
10337
40968
10303
10308
10338
10304
10309
10339
10305
10310
10340
10306
10311
10341
10307
10312
10342
10313
10343
40974
10309
10314
10344
10310
10315
10345
10311
10316
10346
10312
10317
10347
10313
10318
10348
10319
10349
40980
10315
10320
10350
10316
10321
10351
10317
10322
10352
10318
10323
10353
10319
10324
10354
10325
10355
40986
10321
10326
10356
10322
10327
10357
10323
10328
10358
10324
10329
10359
10325
10330
10360
10331
10361
40992
10327
10362
30774
10328
10363
30768
10329
10364
30762
10330
10365
30756
10331
10366
30750
10367
30744
40998
10333
10338
10368
10334
10339
10369
10335
10340
10370
10336
10341
10371
10337
10342
10372
10343
10373
41004
10339
10344
10374
10340
10345
10375
10341
10346
10376
10342
10347
10377
10343
10348
10378
10349
10379
41010
10345
10350
10380
10346
10351
10381
10347
10352
10382
10348
10353
10383
10349
10354
10384
10355
10385
41016
10351
10356
10386
10352
10357
10387
10353
10358
10388
10354
10359
10389
10355
10360
10390
10361
10391
41022
10357
10362
10392
10358
10363
10393
10359
10364
10394
10360
10365
10395
10361
10366
10396
10367
10397
41028
10363
10398
30810
10364
10399
30804
10365
10400
30798
10366
10401
30792
10367
10402
30786
10403
30780
41034
10369
10374
10404
10370
10375
10405
10371
10376
10406
10372
10377
10407
10373
10378
10408
10379
10409
41040
10375
10380
10410
10376
10381
10411
10377
10382
10412
10378
10383
10413
10379
10384
10414
10385
10415
41046
10381
10386
10416
10382
10387
10417
10383
10388
10418
10384
10389
10419
10385
10390
10420
10391
10421
41052
10387
10392
10422
10388
10393
10423
10389
10394
10424
10390
10395
10425
10391
10396
10426
10397
10427
41058
10393
10398
10428
10394
10399
10429
10395
10400
10430
10396
10401
10431
10397
10402
10432
10403
10433
41064
10399
10434
30846
10400
10435
30840
10401
10436
30834
10402
10437
30828
10403
10438
30822
10439
30816
41070
10405
10410
10440
10406
10411
10441
10407
10412
10442
10408
10413
10443
10409
10414
10444
10415
10445
41076
10411
10416
10446
10412
10417
10447
10413
10418
10448
10414
10419
10449
10415
10420
10450
10421
10451
41082
10417
10422
10452
10418
10423
10453
10419
10424
10454
10420
10425
10455
10421
10426
10456
10427
10457
41088
10423
10428
10458
10424
10429
10459
10425
10430
10460
10426
10431
10461
10427
10432
10462
10433
10463
41094
10429
10434
10464
10430
10435
10465
10431
10436
10466
10432
10437
10467
10433
10438
10468
10439
10469
41100
10435
10470
30882
10436
10471
30876
10437
10472
30870
10438
10473
30864
10439
10474
30858
10475
30852
41106
10441
10446
10476
10442
10447
10477
10443
10448
10478
10444
10449
10479
10445
10450
10480
10451
10481
41112
10447
10452
10482
10448
10453
10483
10449
10454
10484
10450
10455
10485
10451
10456
10486
10457
10487
41118
10453
10458
10488
10454
10459
10489
10455
10460
10490
10456
10461
10491
10457
10462
10492
10463
10493
41124
10459
10464
10494
10460
10465
10495
10461
10466
10496
10462
10467
10497
10463
10468
10498
10469
10499
41130
10465
10470
10500
10466
10471
10501
10467
10472
10502
10468
10473
10503
10469
10474
10504
10475
10505
41136
10471
10506
30918
10472
10507
30912
10473
10508
30906
10474
10509
30900
10475
10510
30894
10511
30888
41142
10477
10482
10512
10478
10483
10513
10479
10484
10514
10480
10485
10515
10481
10486
10516
10487
10517
41148
10483
10488
10518
10484
10489
10519
10485
10490
10520
10486
10491
10521
10487
10492
10522
10493
10523
41154
10489
10494
10524
10490
10495
10525
10491
10496
10526
10492
10497
10527
10493
10498
10528
10499
10529
41160
10495
10500
10530
10496
10501
10531
10497
10502
10532
10498
10503
10533
10499
10504
10534
10505
10535
41166
10501
10506
10536
10502
10507
10537
10503
10508
10538
10504
10509
10539
10505
10510
10540
10511
10541
41172
10507
10542
30954
10508
10543
30948
10509
10544
30942
10510
10545
30936
10511
10546
30930
10547
30924
41178
10513
10518
10548
10514
10519
10549
10515
10520
10550
10516
10521
10551
10517
10522
10552
10523
10553
41184
10519
10524
10554
10520
10525
10555
10521
10526
10556
10522
10527
10557
10523
10528
10558
10529
10559
41190
10525
10530
10560
10526
10531
10561
10527
10532
10562
10528
10533
10563
10529
10534
10564
10535
10565
41196
10531
10536
10566
10532
10537
10567
10533
10538
10568
10534
10539
10569
10535
10540
10570
10541
10571
41202
10537
10542
10572
10538
10543
10573
10539
10544
10574
10540
10545
10575
10541
10546
10576
10547
10577
41208
10543
10578
30990
10544
10579
30984
10545
10580
30978
10546
10581
30972
10547
10582
30966
10583
30960
41214
10549
10554
10584
10550
10555
10585
10551
10556
10586
10552
10557
10587
10553
10558
10588
10559
10589
41220
10555
10560
10590
10556
10561
10591
10557
10562
10592
10558
10563
10593
10559
10564
10594
10565
10595
41226
10561
10566
10596
10562
10567
10597
10563
10568
10598
10564
10569
10599
10565
10570
10600
10571
10601
41232
10567
10572
10602
10568
10573
10603
10569
10574
10604
10570
10575
10605
10571
10576
10606
10577
10607
41238
10573
10578
10608
10574
10579
10609
10575
10580
10610
10576
10581
10611
10577
10582
10612
10583
10613
41244
10579
10614
31026
10580
10615
31020
10581
10616
31014
10582
10617
31008
10583
10618
31002
10619
30996
41250
10585
10590
10620
10586
10591
10621
10587
10592
10622
10588
10593
10623
10589
10594
10624
10595
10625
41256
10591
10596
10626
10592
10597
10627
10593
10598
10628
10594
10599
10629
10595
10600
10630
10601
10631
41262
10597
10602
10632
10598
10603
10633
10599
10604
10634
10600
10605
10635
10601
10606
10636
10607
10637
41268
10603
10608
10638
10604
10609
10639
10605
10610
10640
10606
10611
10641
10607
10612
10642
10613
10643
41274
10609
10614
10644
10610
10615
10645
10611
10616
10646
10612
10617
10647
10613
10618
10648
10619
10649
41280
10615
10650
31062
10616
10651
31056
10617
10652
31050
10618
10653
31044
10619
10654
31038
10655
31032
41286
10621
10626
10656
10622
10627
10657
10623
10628
10658
10624
10629
10659
10625
10630
10660
10631
10661
41292
10627
10632
10662
10628
10633
10663
10629
10634
10664
10630
10635
10665
10631
10636
10666
10637
10667
41298
10633
10638
10668
10634
10639
10669
10635
10640
10670
10636
10641
10671
10637
10642
10672
10643
10673
41304
10639
10644
10674
10640
10645
10675
10641
10646
10676
10642
10647
10677
10643
10648
10678
10649
10679
41310
10645
10650
10680
10646
10651
10681
10647
10652
10682
10648
10653
10683
10649
10654
10684
10655
10685
41316
10651
10686
31098
10652
10687
31092
10653
10688
31086
10654
10689
31080
10655
10690
31074
10691
31068
41322
10657
10662
10692
10658
10663
10693
10659
10664
10694
10660
10665
10695
10661
10666
10696
10667
10697
41328
10663
10668
10698
10664
10669
10699
10665
10670
10700
10666
10671
10701
10667
10672
10702
10673
10703
41334
10669
10674
10704
10670
10675
10705
10671
10676
10706
10672
10677
10707
10673
10678
10708
10679
10709
41340
10675
10680
10710
10676
10681
10711
10677
10682
10712
10678
10683
10713
10679
10684
10714
10685
10715
41346
10681
10686
10716
10682
10687
10717
10683
10688
10718
10684
10689
10719
10685
10690
10720
10691
10721
41352
10687
10722
31134
10688
10723
31128
10689
10724
31122
10690
10725
31116
10691
10726
31110
10727
31104
41358
10693
10698
10728
10694
10699
10729
10695
10700
10730
10696
10701
10731
10697
10702
10732
10703
10733
41364
10699
10704
10734
10700
10705
10735
10701
10706
10736
10702
10707
10737
10703
10708
10738
10709
10739
41370
10705
10710
10740
10706
10711
10741
10707
10712
10742
10708
10713
10743
10709
10714
10744
10715
10745
41376
10711
10716
10746
10712
10717
10747
10713
10718
10748
10714
10719
10749
10715
10720
10750
10721
10751
41382
10717
10722
10752
10718
10723
10753
10719
10724
10754
10720
10725
10755
10721
10726
10756
10727
10757
41388
10723
10758
31170
10724
10759
31164
10725
10760
31158
10726
10761
31152
10727
10762
31146
10763
31140
41394
10729
10734
10764
10730
10735
10765
10731
10736
10766
10732
10737
10767
10733
10738
10768
10739
10769
41400
10735
10740
10770
10736
10741
10771
10737
10742
10772
10738
10743
10773
10739
10744
10774
10745
10775
41406
10741
10746
10776
10742
10747
10777
10743
10748
10778
10744
10749
10779
10745
10750
10780
10751
10781
41412
10747
10752
10782
10748
10753
10783
10749
10754
10784
10750
10755
10785
10751
10756
10786
10757
10787
41418
10753
10758
10788
10754
10759
10789
10755
10760
10790
10756
10761
10791
10757
10762
10792
10763
10793
41424
10759
10794
31206
10760
10795
31200
10761
10796
31194
10762
10797
31188
10763
10798
31182
10799
31176
41430
10765
10770
10800
10766
10771
10801
10767
10772
10802
10768
10773
10803
10769
10774
10804
10775
10805
41436
10771
10776
10806
10772
10777
10807
10773
10778
10808
10774
10779
10809
10775
10780
10810
10781
10811
41442
10777
10782
10812
10778
10783
10813
10779
10784
10814
10780
10785
10815
10781
10786
10816
10787
10817
41448
10783
10788
10818
10784
10789
10819
10785
10790
10820
10786
10791
10821
10787
10792
10822
10793
10823
41454
10789
10794
10824
10790
10795
10825
10791
10796
10826
10792
10797
10827
10793
10798
10828
10799
10829
41460
10795
10830
31242
10796
10831
31236
10797
10832
31230
10798
10833
31224
10799
10834
31218
10835
31212
41466
10801
10806
10836
10802
10807
10837
10803
10808
10838
10804
10809
10839
10805
10810
10840
10811
10841
41472
10807
10812
10842
10808
10813
10843
10809
10814
10844
10810
10815
10845
10811
10816
10846
10817
10847
41478
10813
10818
10848
10814
10819
10849
10815
10820
10850
10816
10821
10851
10817
10822
10852
10823
10853
41484
10819
10824
10854
10820
10825
10855
10821
10826
10856
10822
10827
10857
10823
10828
10858
10829
10859
41490
10825
10830
10860
10826
10831
10861
10827
10832
10862
10828
10833
10863
10829
10834
10864
10835
10865
41496
10831
10866
31278
10832
10867
31272
10833
10868
31266
10834
10869
31260
10835
10870
31254
10871
31248
41502
10837
10842
10872
10838
10843
10873
10839
10844
10874
10840
10845
10875
10841
10846
10876
10847
10877
41508
10843
10848
10878
10844
10849
10879
10845
10850
10880
10846
10851
10881
10847
10852
10882
10853
10883
41514
10849
10854
10884
10850
10855
10885
10851
10856
10886
10852
10857
10887
10853
10858
10888
10859
10889
41520
10855
10860
10890
10856
10861
10891
10857
10862
10892
10858
10863
10893
10859
10864
10894
10865
10895
41526
10861
10866
10896
10862
10867
10897
10863
10868
10898
10864
10869
10899
10865
10870
10900
10871
10901
41532
10867
10902
31314
10868
10903
31308
10869
10904
31302
10870
10905
31296
10871
10906
31290
10907
31284
41538
10873
10878
10908
10874
10879
10909
10875
10880
10910
10876
10881
10911
10877
10882
10912
10883
10913
41544
10879
10884
10914
10880
10885
10915
10881
10886
10916
10882
10887
10917
10883
10888
10918
10889
10919
41550
10885
10890
10920
10886
10891
10921
10887
10892
10922
10888
10893
10923
10889
10894
10924
10895
10925
41556
10891
10896
10926
10892
10897
10927
10893
10898
10928
10894
10899
10929
10895
10900
10930
10901
10931
41562
10897
10902
10932
10898
10903
10933
10899
10904
10934
10900
10905
10935
10901
10906
10936
10907
10937
41568
10903
10938
31350
10904
10939
31344
10905
10940
31338
10906
10941
31332
10907
10942
31326
10943
31320
41574
10909
10914
10944
10910
10915
10945
10911
10916
10946
10912
10917
10947
10913
10918
10948
10919
10949
41580
10915
10920
10950
10916
10921
10951
10917
10922
10952
10918
10923
10953
10919
10924
10954
10925
10955
41586
10921
10926
10956
10922
10927
10957
10923
10928
10958
10924
10929
10959
10925
10930
10960
10931
10961
41592
10927
10932
10962
10928
10933
10963
10929
10934
10964
10930
10935
10965
10931
10936
10966
10937
10967
41598
10933
10938
10968
10934
10939
10969
10935
10940
10970
10936
10941
10971
10937
10942
10972
10943
10973
41604
10939
10974
31386
10940
10975
31380
10941
10976
31374
10942
10977
31368
10943
10978
31362
10979
31356
41610
10945
10950
10980
10946
10951
10981
10947
10952
10982
10948
10953
10983
10949
10954
10984
10955
10985
41616
10951
10956
10986
10952
10957
10987
10953
10958
10988
10954
10959
10989
10955
10960
10990
10961
10991
41622
10957
10962
10992
10958
10963
10993
10959
10964
10994
10960
10965
10995
10961
10966
10996
10967
10997
41628
10963
10968
10998
10964
10969
10999
10965
10970
11000
10966
10971
11001
10967
10972
11002
10973
11003
41634
10969
10974
11004
10970
10975
11005
10971
10976
11006
10972
10977
11007
10973
10978
11008
10979
11009
41640
10975
11010
31422
10976
11011
31416
10977
11012
31410
10978
11013
31404
10979
11014
31398
11015
31392
41646
10981
10986
11016
10982
10987
11017
10983
10988
11018
10984
10989
11019
10985
10990
11020
10991
11021
41652
10987
10992
11022
10988
10993
11023
10989
10994
11024
10990
10995
11025
10991
10996
11026
10997
11027
41658
10993
10998
11028
10994
10999
11029
10995
11000
11030
10996
11001
11031
10997
11002
11032
11003
11033
41664
10999
11004
11034
11000
11005
11035
11001
11006
11036
11002
11007
11037
11003
11008
11038
11009
11039
41670
11005
11010
11040
11006
11011
11041
11007
11012
11042
11008
11013
11043
11009
11014
11044
11015
11045
41676
11011
11046
31458
11012
11047
31452
11013
11048
31446
11014
11049
31440
11015
11050
31434
11051
31428
41682
11017
11022
11052
11018
11023
11053
11019
11024
11054
11020
11025
11055
11021
11026
11056
11027
11057
41688
11023
11028
11058
11024
11029
11059
11025
11030
11060
11026
11031
11061
11027
11032
11062
11033
11063
41694
11029
11034
11064
11030
11035
11065
11031
11036
11066
11032
11037
11067
11033
11038
11068
11039
11069
41700
11035
11040
11070
11036
11041
11071
11037
11042
11072
11038
11043
11073
11039
11044
11074
11045
11075
41706
11041
11046
11076
11042
11047
11077
11043
11048
11078
11044
11049
11079
11045
11050
11080
11051
11081
41712
11047
11082
31494
11048
11083
31488
11049
11084
31482
11050
11085
31476
11051
11086
31470
11087
31464
41718
11053
11058
11088
11054
11059
11089
11055
11060
11090
11056
11061
11091
11057
11062
11092
11063
11093
41724
11059
11064
11094
11060
11065
11095
11061
11066
11096
11062
11067
11097
11063
11068
11098
11069
11099
41730
11065
11070
11100
11066
11071
11101
11067
11072
11102
11068
11073
11103
11069
11074
11104
11075
11105
41736
11071
11076
11106
11072
11077
11107
11073
11078
11108
11074
11079
11109
11075
11080
11110
11081
11111
41742
11077
11082
11112
11078
11083
11113
11079
11084
11114
11080
11085
11115
11081
11086
11116
11087
11117
41748
11083
11118
31530
11084
11119
31524
11085
11120
31518
11086
11121
31512
11087
11122
31506
11123
31500
41754
11089
11094
11124
11090
11095
11125
11091
11096
11126
11092
11097
11127
11093
11098
11128
11099
11129
41760
11095
11100
11130
11096
11101
11131
11097
11102
11132
11098
11103
11133
11099
11104
11134
11105
11135
41766
11101
11106
11136
11102
11107
11137
11103
11108
11138
11104
11109
11139
11105
11110
11140
11111
11141
41772
11107
11112
11142
11108
11113
11143
11109
11114
11144
11110
11115
11145
11111
11116
11146
11117
11147
41778
11113
11118
11148
11114
11119
11149
11115
11120
11150
11116
11121
11151
11117
11122
11152
11123
11153
41784
11119
11154
31566
11120
11155
31560
11121
11156
31554
11122
11157
31548
11123
11158
31542
11159
31536
41790
11125
11130
11160
11126
11131
11161
11127
11132
11162
11128
11133
11163
11129
11134
11164
11135
11165
41796
11131
11136
11166
11132
11137
11167
11133
11138
11168
11134
11139
11169
11135
11140
11170
11141
11171
41802
11137
11142
11172
11138
11143
11173
11139
11144
11174
11140
11145
11175
11141
11146
11176
11147
11177
41808
11143
11148
11178
11144
11149
11179
11145
11150
11180
11146
11151
11181
11147
11152
11182
11153
11183
41814
11149
11154
11184
11150
11155
11185
11151
11156
11186
11152
11157
11187
11153
11158
11188
11159
11189
41820
11155
11190
31602
11156
11191
31596
11157
11192
31590
11158
11193
31584
11159
11194
31578
11195
31572
41826
11161
11166
11196
11162
11167
11197
11163
11168
11198
11164
11169
11199
11165
11170
11200
11171
11201
41832
11167
11172
11202
11168
11173
11203
11169
11174
11204
11170
11175
11205
11171
11176
11206
11177
11207
41838
11173
11178
11208
11174
11179
11209
11175
11180
11210
11176
11181
11211
11177
11182
11212
11183
11213
41844
11179
11184
11214
11180
11185
11215
11181
11186
11216
11182
11187
11217
11183
11188
11218
11189
11219
41850
11185
11190
11220
11186
11191
11221
11187
11192
11222
11188
11193
11223
11189
11194
11224
11195
11225
41856
11191
11226
31638
11192
11227
31632
11193
11228
31626
11194
11229
31620
11195
11230
31614
11231
31608
41862
11197
11202
11232
11198
11203
11233
11199
11204
11234
11200
11205
11235
11201
11206
11236
11207
11237
41868
11203
11208
11238
11204
11209
11239
11205
11210
11240
11206
11211
11241
11207
11212
11242
11213
11243
41874
11209
11214
11244
11210
11215
11245
11211
11216
11246
11212
11217
11247
11213
11218
11248
11219
11249
41880
11215
11220
11250
11216
11221
11251
11217
11222
11252
11218
11223
11253
11219
11224
11254
11225
11255
41886
11221
11226
11256
11222
11227
11257
11223
11228
11258
11224
11229
11259
11225
11230
11260
11231
11261
41892
11227
11262
31674
11228
11263
31668
11229
11264
31662
11230
11265
31656
11231
11266
31650
11267
31644
41898
11233
11238
11268
11234
11239
11269
11235
11240
11270
11236
11241
11271
11237
11242
11272
11243
11273
41904
11239
11244
11274
11240
11245
11275
11241
11246
11276
11242
11247
11277
11243
11248
11278
11249
11279
41910
11245
11250
11280
11246
11251
11281
11247
11252
11282
11248
11253
11283
11249
11254
11284
11255
11285
41916
11251
11256
11286
11252
11257
11287
11253
11258
11288
11254
11259
11289
11255
11260
11290
11261
11291
41922
11257
11262
11292
11258
11263
11293
11259
11264
11294
11260
11265
11295
11261
11266
11296
11267
11297
41928
11263
11298
31710
11264
11299
31704
11265
11300
31698
11266
11301
31692
11267
11302
31686
11303
31680
41934
11269
11274
11304
11270
11275
11305
11271
11276
11306
11272
11277
11307
11273
11278
11308
11279
11309
41940
11275
11280
11310
11276
11281
11311
11277
11282
11312
11278
11283
11313
11279
11284
11314
11285
11315
41946
11281
11286
11316
11282
11287
11317
11283
11288
11318
11284
11289
11319
11285
11290
11320
11291
11321
41952
11287
11292
11322
11288
11293
11323
11289
11294
11324
11290
11295
11325
11291
11296
11326
11297
11327
41958
11293
11298
11328
11294
11299
11329
11295
11300
11330
11296
11301
11331
11297
11302
11332
11303
11333
41964
11299
11334
31746
11300
11335
31740
11301
11336
31734
11302
11337
31728
11303
11338
31722
11339
31716
41970
11305
11310
11340
11306
11311
11341
11307
11312
11342
11308
11313
11343
11309
11314
11344
11315
11345
41976
11311
11316
11346
11312
11317
11347
11313
11318
11348
11314
11319
11349
11315
11320
11350
11321
11351
41982
11317
11322
11352
11318
11323
11353
11319
11324
11354
11320
11325
11355
11321
11326
11356
11327
11357
41988
11323
11328
11358
11324
11329
11359
11325
11330
11360
11326
11331
11361
11327
11332
11362
11333
11363
41994
11329
11334
11364
11330
11335
11365
11331
11336
11366
11332
11337
11367
11333
11338
11368
11339
11369
42000
11335
11370
31782
11336
11371
31776
11337
11372
31770
11338
11373
31764
11339
11374
31758
11375
31752
42006
11341
11346
11376
11342
11347
11377
11343
11348
11378
11344
11349
11379
11345
11350
11380
11351
11381
42012
11347
11352
11382
11348
11353
11383
11349
11354
11384
11350
11355
11385
11351
11356
11386
11357
11387
42018
11353
11358
11388
11354
11359
11389
11355
11360
11390
11356
11361
11391
11357
11362
11392
11363
11393
42024
11359
11364
11394
11360
11365
11395
11361
11366
11396
11362
11367
11397
11363
11368
11398
11369
11399
42030
11365
11370
11400
11366
11371
11401
11367
11372
11402
11368
11373
11403
11369
11374
11404
11375
11405
42036
11371
11406
31818
11372
11407
31812
11373
11408
31806
11374
11409
31800
11375
11410
31794
11411
31788
42042
11377
11382
11412
11378
11383
11413
11379
11384
11414
11380
11385
11415
11381
11386
11416
11387
11417
42048
11383
11388
11418
11384
11389
11419
11385
11390
11420
11386
11391
11421
11387
11392
11422
11393
11423
42054
11389
11394
11424
11390
11395
11425
11391
11396
11426
11392
11397
11427
11393
11398
11428
11399
11429
42060
11395
11400
11430
11396
11401
11431
11397
11402
11432
11398
11403
11433
11399
11404
11434
11405
11435
42066
11401
11406
11436
11402
11407
11437
11403
11408
11438
11404
11409
11439
11405
11410
11440
11411
11441
42072
11407
11442
31854
11408
11443
31848
11409
11444
31842
11410
11445
31836
11411
11446
31830
11447
31824
42078
11413
11418
11448
11414
11419
11449
11415
11420
11450
11416
11421
11451
11417
11422
11452
11423
11453
42084
11419
11424
11454
11420
11425
11455
11421
11426
11456
11422
11427
11457
11423
11428
11458
11429
11459
42090
11425
11430
11460
11426
11431
11461
11427
11432
11462
11428
11433
11463
11429
11434
11464
11435
11465
42096
11431
11436
11466
11432
11437
11467
11433
11438
11468
11434
11439
11469
11435
11440
11470
11441
11471
42102
11437
11442
11472
11438
11443
11473
11439
11444
11474
11440
11445
11475
11441
11446
11476
11447
11477
42108
11443
11478
31890
11444
11479
31884
11445
11480
31878
11446
11481
31872
11447
11482
31866
11483
31860
42114
11449
11454
11484
11450
11455
11485
11451
11456
11486
11452
11457
11487
11453
11458
11488
11459
11489
42120
11455
11460
11490
11456
11461
11491
11457
11462
11492
11458
11463
11493
11459
11464
11494
11465
11495
42126
11461
11466
11496
11462
11467
11497
11463
11468
11498
11464
11469
11499
11465
11470
11500
11471
11501
42132
11467
11472
11502
11468
11473
11503
11469
11474
11504
11470
11475
11505
11471
11476
11506
11477
11507
42138
11473
11478
11508
11474
11479
11509
11475
11480
11510
11476
11481
11511
11477
11482
11512
11483
11513
42144
11479
11514
31926
11480
11515
31920
11481
11516
31914
11482
11517
31908
11483
11518
31902
11519
31896
42150
11485
11490
11520
11486
11491
11521
11487
11492
11522
11488
11493
11523
11489
11494
11524
11495
11525
42156
11491
11496
11526
11492
11497
11527
11493
11498
11528
11494
11499
11529
11495
11500
11530
11501
11531
42162
11497
11502
11532
11498
11503
11533
11499
11504
11534
11500
11505
11535
11501
11506
11536
11507
11537
42168
11503
11508
11538
11504
11509
11539
11505
11510
11540
11506
11511
11541
11507
11512
11542
11513
11543
42174
11509
11514
11544
11510
11515
11545
11511
11516
11546
11512
11517
11547
11513
11518
11548
11519
11549
42180
11515
11550
31962
11516
11551
31956
11517
11552
31950
11518
11553
31944
11519
11554
31938
11555
31932
42186
11521
11526
11556
11522
11527
11557
11523
11528
11558
11524
11529
11559
11525
11530
11560
11531
11561
42192
11527
11532
11562
11528
11533
11563
11529
11534
11564
11530
11535
11565
11531
11536
11566
11537
11567
42198
11533
11538
11568
11534
11539
11569
11535
11540
11570
11536
11541
11571
11537
11542
11572
11543
11573
42204
11539
11544
11574
11540
11545
11575
11541
11546
11576
11542
11547
11577
11543
11548
11578
11549
11579
42210
11545
11550
11580
11546
11551
11581
11547
11552
11582
11548
11553
11583
11549
11554
11584
11555
11585
42216
11551
11586
31998
11552
11587
31992
11553
11588
31986
11554
11589
31980
11555
11590
31974
11591
31968
42222
11557
11562
11592
11558
11563
11593
11559
11564
11594
11560
11565
11595
11561
11566
11596
11567
11597
42228
11563
11568
11598
11564
11569
11599
11565
11570
11600
11566
11571
11601
11567
11572
11602
11573
11603
42234
11569
11574
11604
11570
11575
11605
11571
11576
11606
11572
11577
11607
11573
11578
11608
11579
11609
42240
11575
11580
11610
11576
11581
11611
11577
11582
11612
11578
11583
11613
11579
11584
11614
11585
11615
42246
11581
11586
11616
11582
11587
11617
11583
11588
11618
11584
11589
11619
11585
11590
11620
11591
11621
42252
11587
11622
32034
11588
11623
32028
11589
11624
32022
11590
11625
32016
11591
11626
32010
11627
32004
42258
11593
11598
11628
11594
11599
11629
11595
11600
11630
11596
11601
11631
11597
11602
11632
11603
11633
42264
11599
11604
11634
11600
11605
11635
11601
11606
11636
11602
11607
11637
11603
11608
11638
11609
11639
42270
11605
11610
11640
11606
11611
11641
11607
11612
11642
11608
11613
11643
11609
11614
11644
11615
11645
42276
11611
11616
11646
11612
11617
11647
11613
11618
11648
11614
11619
11649
11615
11620
11650
11621
11651
42282
11617
11622
11652
11618
11623
11653
11619
11624
11654
11620
11625
11655
11621
11626
11656
11627
11657
42288
11623
11658
32070
11624
11659
32064
11625
11660
32058
11626
11661
32052
11627
11662
32046
11663
32040
42294
11629
11634
11664
11630
11635
11665
11631
11636
11666
11632
11637
11667
11633
11638
11668
11639
11669
42300
11635
11640
11670
11636
11641
11671
11637
11642
11672
11638
11643
11673
11639
11644
11674
11645
11675
42306
11641
11646
11676
11642
11647
11677
11643
11648
11678
11644
11649
11679
11645
11650
11680
11651
11681
42312
11647
11652
11682
11648
11653
11683
11649
11654
11684
11650
11655
11685
11651
11656
11686
11657
11687
42318
11653
11658
11688
11654
11659
11689
11655
11660
11690
11656
11661
11691
11657
11662
11692
11663
11693
42324
11659
11694
32106
11660
11695
32100
11661
11696
32094
11662
11697
32088
11663
11698
32082
11699
32076
42330
11665
11670
11700
11666
11671
11701
11667
11672
11702
11668
11673
11703
11669
11674
11704
11675
11705
42336
11671
11676
11706
11672
11677
11707
11673
11678
11708
11674
11679
11709
11675
11680
11710
11681
11711
42342
11677
11682
11712
11678
11683
11713
11679
11684
11714
11680
11685
11715
11681
11686
11716
11687
11717
42348
11683
11688
11718
11684
11689
11719
11685
11690
11720
11686
11691
11721
11687
11692
11722
11693
11723
42354
11689
11694
11724
11690
11695
11725
11691
11696
11726
11692
11697
11727
11693
11698
11728
11699
11729
42360
11695
11730
32142
11696
11731
32136
11697
11732
32130
11698
11733
32124
11699
11734
32118
11735
32112
42366
11701
11706
11736
11702
11707
11737
11703
11708
11738
11704
11709
11739
11705
11710
11740
11711
11741
42372
11707
11712
11742
11708
11713
11743
11709
11714
11744
11710
11715
11745
11711
11716
11746
11717
11747
42378
11713
11718
11748
11714
11719
11749
11715
11720
11750
11716
11721
11751
11717
11722
11752
11723
11753
42384
11719
11724
11754
11720
11725
11755
11721
11726
11756
11722
11727
11757
11723
11728
11758
11729
11759
42390
11725
11730
11760
11726
11731
11761
11727
11732
11762
11728
11733
11763
11729
11734
11764
11735
11765
42396
11731
11766
32178
11732
11767
32172
11733
11768
32166
11734
11769
32160
11735
11770
32154
11771
32148
42402
11737
11742
11772
11738
11743
11773
11739
11744
11774
11740
11745
11775
11741
11746
11776
11747
11777
42408
11743
11748
11778
11744
11749
11779
11745
11750
11780
11746
11751
11781
11747
11752
11782
11753
11783
42414
11749
11754
11784
11750
11755
11785
11751
11756
11786
11752
11757
11787
11753
11758
11788
11759
11789
42420
11755
11760
11790
11756
11761
11791
11757
11762
11792
11758
11763
11793
11759
11764
11794
11765
11795
42426
11761
11766
11796
11762
11767
11797
11763
11768
11798
11764
11769
11799
11765
11770
11800
11771
11801
42432
11767
11802
32214
11768
11803
32208
11769
11804
32202
11770
11805
32196
11771
11806
32190
11807
32184
42438
11773
11778
11808
11774
11779
11809
11775
11780
11810
11776
11781
11811
11777
11782
11812
11783
11813
42444
11779
11784
11814
11780
11785
11815
11781
11786
11816
11782
11787
11817
11783
11788
11818
11789
11819
42450
11785
11790
11820
11786
11791
11821
11787
11792
11822
11788
11793
11823
11789
11794
11824
11795
11825
42456
11791
11796
11826
11792
11797
11827
11793
11798
11828
11794
11799
11829
11795
11800
11830
11801
11831
42462
11797
11802
11832
11798
11803
11833
11799
11804
11834
11800
11805
11835
11801
11806
11836
11807
11837
42468
11803
11838
32250
11804
11839
32244
11805
11840
32238
11806
11841
32232
11807
11842
32226
11843
32220
42474
11809
11814
11844
11810
11815
11845
11811
11816
11846
11812
11817
11847
11813
11818
11848
11819
11849
42480
11815
11820
11850
11816
11821
11851
11817
11822
11852
11818
11823
11853
11819
11824
11854
11825
11855
42486
11821
11826
11856
11822
11827
11857
11823
11828
11858
11824
11829
11859
11825
11830
11860
11831
11861
42492
11827
11832
11862
11828
11833
11863
11829
11834
11864
11830
11835
11865
11831
11836
11866
11837
11867
42498
11833
11838
11868
11834
11839
11869
11835
11840
11870
11836
11841
11871
11837
11842
11872
11843
11873
42504
11839
11874
32286
11840
11875
32280
11841
11876
32274
11842
11877
32268
11843
11878
32262
11879
32256
42510
11845
11850
11880
11846
11851
11881
11847
11852
11882
11848
11853
11883
11849
11854
11884
11855
11885
42516
11851
11856
11886
11852
11857
11887
11853
11858
11888
11854
11859
11889
11855
11860
11890
11861
11891
42522
11857
11862
11892
11858
11863
11893
11859
11864
11894
11860
11865
11895
11861
11866
11896
11867
11897
42528
11863
11868
11898
11864
11869
11899
11865
11870
11900
11866
11871
11901
11867
11872
11902
11873
11903
42534
11869
11874
11904
11870
11875
11905
11871
11876
11906
11872
11877
11907
11873
11878
11908
11879
11909
42540
11875
11910
32322
11876
11911
32316
11877
11912
32310
11878
11913
32304
11879
11914
32298
11915
32292
42546
11881
11886
11916
11882
11887
11917
11883
11888
11918
11884
11889
11919
11885
11890
11920
11891
11921
42552
11887
11892
11922
11888
11893
11923
11889
11894
11924
11890
11895
11925
11891
11896
11926
11897
11927
42558
11893
11898
11928
11894
11899
11929
11895
11900
11930
11896
11901
11931
11897
11902
11932
11903
11933
42564
11899
11904
11934
11900
11905
11935
11901
11906
11936
11902
11907
11937
11903
11908
11938
11909
11939
42570
11905
11910
11940
11906
11911
11941
11907
11912
11942
11908
11913
11943
11909
11914
11944
11915
11945
42576
11911
11946
32358
11912
11947
32352
11913
11948
32346
11914
11949
32340
11915
11950
32334
11951
32328
42582
11917
11922
11952
11918
11923
11953
11919
11924
11954
11920
11925
11955
11921
11926
11956
11927
11957
42588
11923
11928
11958
11924
11929
11959
11925
11930
11960
11926
11931
11961
11927
11932
11962
11933
11963
42594
11929
11934
11964
11930
11935
11965
11931
11936
11966
11932
11937
11967
11933
11938
11968
11939
11969
42600
11935
11940
11970
11936
11941
11971
11937
11942
11972
11938
11943
11973
11939
11944
11974
11945
11975
42606
11941
11946
11976
11942
11947
11977
11943
11948
11978
11944
11949
11979
11945
11950
11980
11951
11981
42612
11947
11982
32394
11948
11983
32388
11949
11984
32382
11950
11985
32376
11951
11986
32370
11987
32364
42618
11953
11958
11988
11954
11959
11989
11955
11960
11990
11956
11961
11991
11957
11962
11992
11963
11993
42624
11959
11964
11994
11960
11965
11995
11961
11966
11996
11962
11967
11997
11963
11968
11998
11969
11999
42630
11965
11970
12000
11966
11971
12001
11967
11972
12002
11968
11973
12003
11969
11974
12004
11975
12005
42636
11971
11976
12006
11972
11977
12007
11973
11978
12008
11974
11979
12009
11975
11980
12010
11981
12011
42642
11977
11982
12012
11978
11983
12013
11979
11984
12014
11980
11985
12015
11981
11986
12016
11987
12017
42648
11983
12018
32430
11984
12019
32424
11985
12020
32418
11986
12021
32412
11987
12022
32406
12023
32400
42654
11989
11994
12024
11990
11995
12025
11991
11996
12026
11992
11997
12027
11993
11998
12028
11999
12029
42660
11995
12000
12030
11996
12001
12031
11997
12002
12032
11998
12003
12033
11999
12004
12034
12005
12035
42666
12001
12006
12036
12002
12007
12037
12003
12008
12038
12004
12009
12039
12005
12010
12040
12011
12041
42672
12007
12012
12042
12008
12013
12043
12009
12014
12044
12010
12015
12045
12011
12016
12046
12017
12047
42678
12013
12018
12048
12014
12019
12049
12015
12020
12050
12016
12021
12051
12017
12022
12052
12023
12053
42684
12019
12054
32466
12020
12055
32460
12021
12056
32454
12022
12057
32448
12023
12058
32442
12059
32436
42690
12025
12030
12060
12026
12031
12061
12027
12032
12062
12028
12033
12063
12029
12034
12064
12035
12065
42696
12031
12036
12066
12032
12037
12067
12033
12038
12068
12034
12039
12069
12035
12040
12070
12041
12071
42702
12037
12042
12072
12038
12043
12073
12039
12044
12074
12040
12045
12075
12041
12046
12076
12047
12077
42708
12043
12048
12078
12044
12049
12079
12045
12050
12080
12046
12051
12081
12047
12052
12082
12053
12083
42714
12049
12054
12084
12050
12055
12085
12051
12056
12086
12052
12057
12087
12053
12058
12088
12059
12089
42720
12055
12090
32502
12056
12091
32496
12057
12092
32490
12058
12093
32484
12059
12094
32478
12095
32472
42726
12061
12066
12096
12062
12067
12097
12063
12068
12098
12064
12069
12099
12065
12070
12100
12071
12101
42732
12067
12072
12102
12068
12073
12103
12069
12074
12104
12070
12075
12105
12071
12076
12106
12077
12107
42738
12073
12078
12108
12074
12079
12109
12075
12080
12110
12076
12081
12111
12077
12082
12112
12083
12113
42744
12079
12084
12114
12080
12085
12115
12081
12086
12116
12082
12087
12117
12083
12088
12118
12089
12119
42750
12085
12090
12120
12086
12091
12121
12087
12092
12122
12088
12093
12123
12089
12094
12124
12095
12125
42756
12091
12126
32538
12092
12127
32532
12093
12128
32526
12094
12129
32520
12095
12130
32514
12131
32508
42762
12097
12102
12132
12098
12103
12133
12099
12104
12134
12100
12105
12135
12101
12106
12136
12107
12137
42768
12103
12108
12138
12104
12109
12139
12105
12110
12140
12106
12111
12141
12107
12112
12142
12113
12143
42774
12109
12114
12144
12110
12115
12145
12111
12116
12146
12112
12117
12147
12113
12118
12148
12119
12149
42780
12115
12120
12150
12116
12121
12151
12117
12122
12152
12118
12123
12153
12119
12124
12154
12125
12155
42786
12121
12126
12156
12122
12127
12157
12123
12128
12158
12124
12129
12159
12125
12130
12160
12131
12161
42792
12127
12162
32574
12128
12163
32568
12129
12164
32562
12130
12165
32556
12131
12166
32550
12167
32544
42798
12133
12138
12168
12134
12139
12169
12135
12140
12170
12136
12141
12171
12137
12142
12172
12143
12173
42804
12139
12144
12174
12140
12145
12175
12141
12146
12176
12142
12147
12177
12143
12148
12178
12149
12179
42810
12145
12150
12180
12146
12151
12181
12147
12152
12182
12148
12153
12183
12149
12154
12184
12155
12185
42816
12151
12156
12186
12152
12157
12187
12153
12158
12188
12154
12159
12189
12155
12160
12190
12161
12191
42822
12157
12162
12192
12158
12163
12193
12159
12164
12194
12160
12165
12195
12161
12166
12196
12167
12197
42828
12163
12198
32610
12164
12199
32604
12165
12200
32598
12166
12201
32592
12167
12202
32586
12203
32580
42834
12169
12174
12204
12170
12175
12205
12171
12176
12206
12172
12177
12207
12173
12178
12208
12179
12209
42840
12175
12180
12210
12176
12181
12211
12177
12182
12212
12178
12183
12213
12179
12184
12214
12185
12215
42846
12181
12186
12216
12182
12187
12217
12183
12188
12218
12184
12189
12219
12185
12190
12220
12191
12221
42852
12187
12192
12222
12188
12193
12223
12189
12194
12224
12190
12195
12225
12191
12196
12226
12197
12227
42858
12193
12198
12228
12194
12199
12229
12195
12200
12230
12196
12201
12231
12197
12202
12232
12203
12233
42864
12199
12234
32646
12200
12235
32640
12201
12236
32634
12202
12237
32628
12203
12238
32622
12239
32616
42870
12205
12210
12240
12206
12211
12241
12207
12212
12242
12208
12213
12243
12209
12214
12244
12215
12245
42876
12211
12216
12246
12212
12217
12247
12213
12218
12248
12214
12219
12249
12215
12220
12250
12221
12251
42882
12217
12222
12252
12218
12223
12253
12219
12224
12254
12220
12225
12255
12221
12226
12256
12227
12257
42888
12223
12228
12258
12224
12229
12259
12225
12230
12260
12226
12231
12261
12227
12232
12262
12233
12263
42894
12229
12234
12264
12230
12235
12265
12231
12236
12266
12232
12237
12267
12233
12238
12268
12239
12269
42900
12235
12270
32682
12236
12271
32676
12237
12272
32670
12238
12273
32664
12239
12274
32658
12275
32652
42906
12241
12246
12276
12242
12247
12277
12243
12248
12278
12244
12249
12279
12245
12250
12280
12251
12281
42912
12247
12252
12282
12248
12253
12283
12249
12254
12284
12250
12255
12285
12251
12256
12286
12257
12287
42918
12253
12258
12288
12254
12259
12289
12255
12260
12290
12256
12261
12291
12257
12262
12292
12263
12293
42924
12259
12264
12294
12260
12265
12295
12261
12266
12296
12262
12267
12297
12263
12268
12298
12269
12299
42930
12265
12270
12300
12266
12271
12301
12267
12272
12302
12268
12273
12303
12269
12274
12304
12275
12305
42936
12271
12306
32718
12272
12307
32712
12273
12308
32706
12274
12309
32700
12275
12310
32694
12311
32688
42942
12277
12282
12312
12278
12283
12313
12279
12284
12314
12280
12285
12315
12281
12286
12316
12287
12317
42948
12283
12288
12318
12284
12289
12319
12285
12290
12320
12286
12291
12321
12287
12292
12322
12293
12323
42954
12289
12294
12324
12290
12295
12325
12291
12296
12326
12292
12297
12327
12293
12298
12328
12299
12329
42960
12295
12300
12330
12296
12301
12331
12297
12302
12332
12298
12303
12333
12299
12304
12334
12305
12335
42966
12301
12306
12336
12302
12307
12337
12303
12308
12338
12304
12309
12339
12305
12310
12340
12311
12341
42972
12307
12342
32754
12308
12343
32748
12309
12344
32742
12310
12345
32736
12311
12346
32730
12347
32724
42978
12313
12318
12348
12314
12319
12349
12315
12320
12350
12316
12321
12351
12317
12322
12352
12323
12353
42984
12319
12324
12354
12320
12325
12355
12321
12326
12356
12322
12327
12357
12323
12328
12358
12329
12359
42990
12325
12330
12360
12326
12331
12361
12327
12332
12362
12328
12333
12363
12329
12334
12364
12335
12365
42996
12331
12336
12366
12332
12337
12367
12333
12338
12368
12334
12339
12369
12335
12340
12370
12341
12371
43002
12337
12342
12372
12338
12343
12373
12339
12344
12374
12340
12345
12375
12341
12346
12376
12347
12377
43008
12343
12378
32790
12344
12379
32784
12345
12380
32778
12346
12381
32772
12347
12382
32766
12383
32760
43014
12349
12354
12384
12350
12355
12385
12351
12356
12386
12352
12357
12387
12353
12358
12388
12359
12389
43020
12355
12360
12390
12356
12361
12391
12357
12362
12392
12358
12363
12393
12359
12364
12394
12365
12395
43026
12361
12366
12396
12362
12367
12397
12363
12368
12398
12364
12369
12399
12365
12370
12400
12371
12401
43032
12367
12372
12402
12368
12373
12403
12369
12374
12404
12370
12375
12405
12371
12376
12406
12377
12407
43038
12373
12378
12408
12374
12379
12409
12375
12380
12410
12376
12381
12411
12377
12382
12412
12383
12413
43044
12379
12414
32826
12380
12415
32820
12381
12416
32814
12382
12417
32808
12383
12418
32802
12419
32796
43050
12385
12390
12420
12386
12391
12421
12387
12392
12422
12388
12393
12423
12389
12394
12424
12395
12425
43056
12391
12396
12426
12392
12397
12427
12393
12398
12428
12394
12399
12429
12395
12400
12430
12401
12431
43062
12397
12402
12432
12398
12403
12433
12399
12404
12434
12400
12405
12435
12401
12406
12436
12407
12437
43068
12403
12408
12438
12404
12409
12439
12405
12410
12440
12406
12411
12441
12407
12412
12442
12413
12443
43074
12409
12414
12444
12410
12415
12445
12411
12416
12446
12412
12417
12447
12413
12418
12448
12419
12449
43080
12415
12450
32862
12416
12451
32856
12417
12452
32850
12418
12453
32844
12419
12454
32838
12455
32832
43086
12421
12426
12456
12422
12427
12457
12423
12428
12458
12424
12429
12459
12425
12430
12460
12431
12461
43092
12427
12432
12462
12428
12433
12463
12429
12434
12464
12430
12435
12465
12431
12436
12466
12437
12467
43098
12433
12438
12468
12434
12439
12469
12435
12440
12470
12436
12441
12471
12437
12442
12472
12443
12473
43104
12439
12444
12474
12440
12445
12475
12441
12446
12476
12442
12447
12477
12443
12448
12478
12449
12479
43110
12445
12450
12480
12446
12451
12481
12447
12452
12482
12448
12453
12483
12449
12454
12484
12455
12485
43116
12451
12486
32898
12452
12487
32892
12453
12488
32886
12454
12489
32880
12455
12490
32874
12491
32868
43122
12457
12462
12492
12458
12463
12493
12459
12464
12494
12460
12465
12495
12461
12466
12496
12467
12497
43128
12463
12468
12498
12464
12469
12499
12465
12470
12500
12466
12471
12501
12467
12472
12502
12473
12503
43134
12469
12474
12504
12470
12475
12505
12471
12476
12506
12472
12477
12507
12473
12478
12508
12479
12509
43140
12475
12480
12510
12476
12481
12511
12477
12482
12512
12478
12483
12513
12479
12484
12514
12485
12515
43146
12481
12486
12516
12482
12487
12517
12483
12488
12518
12484
12489
12519
12485
12490
12520
12491
12521
43152
12487
12522
32934
12488
12523
32928
12489
12524
32922
12490
12525
32916
12491
12526
32910
12527
32904
43158
12493
12498
12528
12494
12499
12529
12495
12500
12530
12496
12501
12531
12497
12502
12532
12503
12533
43164
12499
12504
12534
12500
12505
12535
12501
12506
12536
12502
12507
12537
12503
12508
12538
12509
12539
43170
12505
12510
12540
12506
12511
12541
12507
12512
12542
12508
12513
12543
12509
12514
12544
12515
12545
43176
12511
12516
12546
12512
12517
12547
12513
12518
12548
12514
12519
12549
12515
12520
12550
12521
12551
43182
12517
12522
12552
12518
12523
12553
12519
12524
12554
12520
12525
12555
12521
12526
12556
12527
12557
43188
12523
12558
32970
12524
12559
32964
12525
12560
32958
12526
12561
32952
12527
12562
32946
12563
32940
43194
12529
12534
12564
12530
12535
12565
12531
12536
12566
12532
12537
12567
12533
12538
12568
12539
12569
43200
12535
12540
12570
12536
12541
12571
12537
12542
12572
12538
12543
12573
12539
12544
12574
12545
12575
43206
12541
12546
12576
12542
12547
12577
12543
12548
12578
12544
12549
12579
12545
12550
12580
12551
12581
43212
12547
12552
12582
12548
12553
12583
12549
12554
12584
12550
12555
12585
12551
12556
12586
12557
12587
43218
12553
12558
12588
12554
12559
12589
12555
12560
12590
12556
12561
12591
12557
12562
12592
12563
12593
43224
12559
12594
33006
12560
12595
33000
12561
12596
32994
12562
12597
32988
12563
12598
32982
12599
32976
43230
12565
12570
12600
12566
12571
12601
12567
12572
12602
12568
12573
12603
12569
12574
12604
12575
12605
43236
12571
12576
12606
12572
12577
12607
12573
12578
12608
12574
12579
12609
12575
12580
12610
12581
12611
43242
12577
12582
12612
12578
12583
12613
12579
12584
12614
12580
12585
12615
12581
12586
12616
12587
12617
43248
12583
12588
12618
12584
12589
12619
12585
12590
12620
12586
12591
12621
12587
12592
12622
12593
12623
43254
12589
12594
12624
12590
12595
12625
12591
12596
12626
12592
12597
12627
12593
12598
12628
12599
12629
43260
12595
12630
33042
12596
12631
33036
12597
12632
33030
12598
12633
33024
12599
12634
33018
12635
33012
43266
12601
12606
12636
12602
12607
12637
12603
12608
12638
12604
12609
12639
12605
12610
12640
12611
12641
43272
12607
12612
12642
12608
12613
12643
12609
12614
12644
12610
12615
12645
12611
12616
12646
12617
12647
43278
12613
12618
12648
12614
12619
12649
12615
12620
12650
12616
12621
12651
12617
12622
12652
12623
12653
43284
12619
12624
12654
12620
12625
12655
12621
12626
12656
12622
12627
12657
12623
12628
12658
12629
12659
43290
12625
12630
12660
12626
12631
12661
12627
12632
12662
12628
12633
12663
12629
12634
12664
12635
12665
43296
12631
12666
33078
12632
12667
33072
12633
12668
33066
12634
12669
33060
12635
12670
33054
12671
33048
43302
12637
12642
12672
12638
12643
12673
12639
12644
12674
12640
12645
12675
12641
12646
12676
12647
12677
43308
12643
12648
12678
12644
12649
12679
12645
12650
12680
12646
12651
12681
12647
12652
12682
12653
12683
43314
12649
12654
12684
12650
12655
12685
12651
12656
12686
12652
12657
12687
12653
12658
12688
12659
12689
43320
12655
12660
12690
12656
12661
12691
12657
12662
12692
12658
12663
12693
12659
12664
12694
12665
12695
43326
12661
12666
12696
12662
12667
12697
12663
12668
12698
12664
12669
12699
12665
12670
12700
12671
12701
43332
12667
12702
33114
12668
12703
33108
12669
12704
33102
12670
12705
33096
12671
12706
33090
12707
33084
43338
12673
12678
12708
12674
12679
12709
12675
12680
12710
12676
12681
12711
12677
12682
12712
12683
12713
43344
12679
12684
12714
12680
12685
12715
12681
12686
12716
12682
12687
12717
12683
12688
12718
12689
12719
43350
12685
12690
12720
12686
12691
12721
12687
12692
12722
12688
12693
12723
12689
12694
12724
12695
12725
43356
12691
12696
12726
12692
12697
12727
12693
12698
12728
12694
12699
12729
12695
12700
12730
12701
12731
43362
12697
12702
12732
12698
12703
12733
12699
12704
12734
12700
12705
12735
12701
12706
12736
12707
12737
43368
12703
12738
33150
12704
12739
33144
12705
12740
33138
12706
12741
33132
12707
12742
33126
12743
33120
43374
12709
12714
12744
12710
12715
12745
12711
12716
12746
12712
12717
12747
12713
12718
12748
12719
12749
43380
12715
12720
12750
12716
12721
12751
12717
12722
12752
12718
12723
12753
12719
12724
12754
12725
12755
43386
12721
12726
12756
12722
12727
12757
12723
12728
12758
12724
12729
12759
12725
12730
12760
12731
12761
43392
12727
12732
12762
12728
12733
12763
12729
12734
12764
12730
12735
12765
12731
12736
12766
12737
12767
43398
12733
12738
12768
12734
12739
12769
12735
12740
12770
12736
12741
12771
12737
12742
12772
12743
12773
43404
12739
12774
33186
12740
12775
33180
12741
12776
33174
12742
12777
33168
12743
12778
33162
12779
33156
43410
12745
12750
12780
12746
12751
12781
12747
12752
12782
12748
12753
12783
12749
12754
12784
12755
12785
43416
12751
12756
12786
12752
12757
12787
12753
12758
12788
12754
12759
12789
12755
12760
12790
12761
12791
43422
12757
12762
12792
12758
12763
12793
12759
12764
12794
12760
12765
12795
12761
12766
12796
12767
12797
43428
12763
12768
12798
12764
12769
12799
12765
12770
12800
12766
12771
12801
12767
12772
12802
12773
12803
43434
12769
12774
12804
12770
12775
12805
12771
12776
12806
12772
12777
12807
12773
12778
12808
12779
12809
43440
12775
12810
33222
12776
12811
33216
12777
12812
33210
12778
12813
33204
12779
12814
33198
12815
33192
43446
12781
12786
12816
12782
12787
12817
12783
12788
12818
12784
12789
12819
12785
12790
12820
12791
12821
43452
12787
12792
12822
12788
12793
12823
12789
12794
12824
12790
12795
12825
12791
12796
12826
12797
12827
43458
12793
12798
12828
12794
12799
12829
12795
12800
12830
12796
12801
12831
12797
12802
12832
12803
12833
43464
12799
12804
12834
12800
12805
12835
12801
12806
12836
12802
12807
12837
12803
12808
12838
12809
12839
43470
12805
12810
12840
12806
12811
12841
12807
12812
12842
12808
12813
12843
12809
12814
12844
12815
12845
43476
12811
12846
33258
12812
12847
33252
12813
12848
33246
12814
12849
33240
12815
12850
33234
12851
33228
43482
12817
12822
12852
12818
12823
12853
12819
12824
12854
12820
12825
12855
12821
12826
12856
12827
12857
43488
12823
12828
12858
12824
12829
12859
12825
12830
12860
12826
12831
12861
12827
12832
12862
12833
12863
43494
12829
12834
12864
12830
12835
12865
12831
12836
12866
12832
12837
12867
12833
12838
12868
12839
12869
43500
12835
12840
12870
12836
12841
12871
12837
12842
12872
12838
12843
12873
12839
12844
12874
12845
12875
43506
12841
12846
12876
12842
12847
12877
12843
12848
12878
12844
12849
12879
12845
12850
12880
12851
12881
43512
12847
12882
33294
12848
12883
33288
12849
12884
33282
12850
12885
33276
12851
12886
33270
12887
33264
43518
12853
12858
12888
12854
12859
12889
12855
12860
12890
12856
12861
12891
12857
12862
12892
12863
12893
43524
12859
12864
12894
12860
12865
12895
12861
12866
12896
12862
12867
12897
12863
12868
12898
12869
12899
43530
12865
12870
12900
12866
12871
12901
12867
12872
12902
12868
12873
12903
12869
12874
12904
12875
12905
43536
12871
12876
12906
12872
12877
12907
12873
12878
12908
12874
12879
12909
12875
12880
12910
12881
12911
43542
12877
12882
12912
12878
12883
12913
12879
12884
12914
12880
12885
12915
12881
12886
12916
12887
12917
43548
12883
12918
33330
12884
12919
33324
12885
12920
33318
12886
12921
33312
12887
12922
33306
12923
33300
43554
12889
12894
12924
12890
12895
12925
12891
12896
12926
12892
12897
12927
12893
12898
12928
12899
12929
43560
12895
12900
12930
12896
12901
12931
12897
12902
12932
12898
12903
12933
12899
12904
12934
12905
12935
43566
12901
12906
12936
12902
12907
12937
12903
12908
12938
12904
12909
12939
12905
12910
12940
12911
12941
43572
12907
12912
12942
12908
12913
12943
12909
12914
12944
12910
12915
12945
12911
12916
12946
12917
12947
43578
12913
12918
12948
12914
12919
12949
12915
12920
12950
12916
12921
12951
12917
12922
12952
12923
12953
43584
12919
12954
33366
12920
12955
33360
12921
12956
33354
12922
12957
33348
12923
12958
33342
12959
33336
43590
12925
12930
12960
12926
12931
12961
12927
12932
12962
12928
12933
12963
12929
12934
12964
12935
12965
43596
12931
12936
12966
12932
12937
12967
12933
12938
12968
12934
12939
12969
12935
12940
12970
12941
12971
43602
12937
12942
12972
12938
12943
12973
12939
12944
12974
12940
12945
12975
12941
12946
12976
12947
12977
43608
12943
12948
12978
12944
12949
12979
12945
12950
12980
12946
12951
12981
12947
12952
12982
12953
12983
43614
12949
12954
12984
12950
12955
12985
12951
12956
12986
12952
12957
12987
12953
12958
12988
12959
12989
43620
12955
12990
33402
12956
12991
33396
12957
12992
33390
12958
12993
33384
12959
12994
33378
12995
33372
43626
12961
12966
12996
12962
12967
12997
12963
12968
12998
12964
12969
12999
12965
12970
13000
12971
13001
43632
12967
12972
13002
12968
12973
13003
12969
12974
13004
12970
12975
13005
12971
12976
13006
12977
13007
43638
12973
12978
13008
12974
12979
13009
12975
12980
13010
12976
12981
13011
12977
12982
13012
12983
13013
43644
12979
12984
13014
12980
12985
13015
12981
12986
13016
12982
12987
13017
12983
12988
13018
12989
13019
43650
12985
12990
13020
12986
12991
13021
12987
12992
13022
12988
12993
13023
12989
12994
13024
12995
13025
43656
12991
13026
33438
12992
13027
33432
12993
13028
33426
12994
13029
33420
12995
13030
33414
13031
33408
43662
12997
13002
13032
12998
13003
13033
12999
13004
13034
13000
13005
13035
13001
13006
13036
13007
13037
43668
13003
13008
13038
13004
13009
13039
13005
13010
13040
13006
13011
13041
13007
13012
13042
13013
13043
43674
13009
13014
13044
13010
13015
13045
13011
13016
13046
13012
13017
13047
13013
13018
13048
13019
13049
43680
13015
13020
13050
13016
13021
13051
13017
13022
13052
13018
13023
13053
13019
13024
13054
13025
13055
43686
13021
13026
13056
13022
13027
13057
13023
13028
13058
13024
13029
13059
13025
13030
13060
13031
13061
43692
13027
13062
33474
13028
13063
33468
13029
13064
33462
13030
13065
33456
13031
13066
33450
13067
33444
43698
13033
13038
13068
13034
13039
13069
13035
13040
13070
13036
13041
13071
13037
13042
13072
13043
13073
43704
13039
13044
13074
13040
13045
13075
13041
13046
13076
13042
13047
13077
13043
13048
13078
13049
13079
43710
13045
13050
13080
13046
13051
13081
13047
13052
13082
13048
13053
13083
13049
13054
13084
13055
13085
43716
13051
13056
13086
13052
13057
13087
13053
13058
13088
13054
13059
13089
13055
13060
13090
13061
13091
43722
13057
13062
13092
13058
13063
13093
13059
13064
13094
13060
13065
13095
13061
13066
13096
13067
13097
43728
13063
13098
33510
13064
13099
33504
13065
13100
33498
13066
13101
33492
13067
13102
33486
13103
33480
43734
13069
13074
13104
13070
13075
13105
13071
13076
13106
13072
13077
13107
13073
13078
13108
13079
13109
43740
13075
13080
13110
13076
13081
13111
13077
13082
13112
13078
13083
13113
13079
13084
13114
13085
13115
43746
13081
13086
13116
13082
13087
13117
13083
13088
13118
13084
13089
13119
13085
13090
13120
13091
13121
43752
13087
13092
13122
13088
13093
13123
13089
13094
13124
13090
13095
13125
13091
13096
13126
13097
13127
43758
13093
13098
13128
13094
13099
13129
13095
13100
13130
13096
13101
13131
13097
13102
13132
13103
13133
43764
13099
13134
33546
13100
13135
33540
13101
13136
33534
13102
13137
33528
13103
13138
33522
13139
33516
43770
13105
13110
13140
13106
13111
13141
13107
13112
13142
13108
13113
13143
13109
13114
13144
13115
13145
43776
13111
13116
13146
13112
13117
13147
13113
13118
13148
13114
13119
13149
13115
13120
13150
13121
13151
43782
13117
13122
13152
13118
13123
13153
13119
13124
13154
13120
13125
13155
13121
13126
13156
13127
13157
43788
13123
13128
13158
13124
13129
13159
13125
13130
13160
13126
13131
13161
13127
13132
13162
13133
13163
43794
13129
13134
13164
13130
13135
13165
13131
13136
13166
13132
13137
13167
13133
13138
13168
13139
13169
43800
13135
13170
33582
13136
13171
33576
13137
13172
33570
13138
13173
33564
13139
13174
33558
13175
33552
43806
13141
13146
13176
13142
13147
13177
13143
13148
13178
13144
13149
13179
13145
13150
13180
13151
13181
43812
13147
13152
13182
13148
13153
13183
13149
13154
13184
13150
13155
13185
13151
13156
13186
13157
13187
43818
13153
13158
13188
13154
13159
13189
13155
13160
13190
13156
13161
13191
13157
13162
13192
13163
13193
43824
13159
13164
13194
13160
13165
13195
13161
13166
13196
13162
13167
13197
13163
13168
13198
13169
13199
43830
13165
13170
13200
13166
13171
13201
13167
13172
13202
13168
13173
13203
13169
13174
13204
13175
13205
43836
13171
13206
33618
13172
13207
33612
13173
13208
33606
13174
13209
33600
13175
13210
33594
13211
33588
43842
13177
13182
13212
13178
13183
13213
13179
13184
13214
13180
13185
13215
13181
13186
13216
13187
13217
43848
13183
13188
13218
13184
13189
13219
13185
13190
13220
13186
13191
13221
13187
13192
13222
13193
13223
43854
13189
13194
13224
13190
13195
13225
13191
13196
13226
13192
13197
13227
13193
13198
13228
13199
13229
43860
13195
13200
13230
13196
13201
13231
13197
13202
13232
13198
13203
13233
13199
13204
13234
13205
13235
43866
13201
13206
13236
13202
13207
13237
13203
13208
13238
13204
13209
13239
13205
13210
13240
13211
13241
43872
13207
13242
33654
13208
13243
33648
13209
13244
33642
13210
13245
33636
13211
13246
33630
13247
33624
43878
13213
13218
13248
13214
13219
13249
13215
13220
13250
13216
13221
13251
13217
13222
13252
13223
13253
43884
13219
13224
13254
13220
13225
13255
13221
13226
13256
13222
13227
13257
13223
13228
13258
13229
13259
43890
13225
13230
13260
13226
13231
13261
13227
13232
13262
13228
13233
13263
13229
13234
13264
13235
13265
43896
13231
13236
13266
13232
13237
13267
13233
13238
13268
13234
13239
13269
13235
13240
13270
13241
13271
43902
13237
13242
13272
13238
13243
13273
13239
13244
13274
13240
13245
13275
13241
13246
13276
13247
13277
43908
13243
13278
33690
13244
13279
33684
13245
13280
33678
13246
13281
33672
13247
13282
33666
13283
33660
43914
13249
13254
13284
13250
13255
13285
13251
13256
13286
13252
13257
13287
13253
13258
13288
13259
13289
43920
13255
13260
13290
13256
13261
13291
13257
13262
13292
13258
13263
13293
13259
13264
13294
13265
13295
43926
13261
13266
13296
13262
13267
13297
13263
13268
13298
13264
13269
13299
13265
13270
13300
13271
13301
43932
13267
13272
13302
13268
13273
13303
13269
13274
13304
13270
13275
13305
13271
13276
13306
13277
13307
43938
13273
13278
13308
13274
13279
13309
13275
13280
13310
13276
13281
13311
13277
13282
13312
13283
13313
43944
13279
13314
33726
13280
13315
33720
13281
13316
33714
13282
13317
33708
13283
13318
33702
13319
33696
43950
13285
13290
13320
13286
13291
13321
13287
13292
13322
13288
13293
13323
13289
13294
13324
13295
13325
43956
13291
13296
13326
13292
13297
13327
13293
13298
13328
13294
13299
13329
13295
13300
13330
13301
13331
43962
13297
13302
13332
13298
13303
13333
13299
13304
13334
13300
13305
13335
13301
13306
13336
13307
13337
43968
13303
13308
13338
13304
13309
13339
13305
13310
13340
13306
13311
13341
13307
13312
13342
13313
13343
43974
13309
13314
13344
13310
13315
13345
13311
13316
13346
13312
13317
13347
13313
13318
13348
13319
13349
43980
13315
13350
33762
13316
13351
33756
13317
13352
33750
13318
13353
33744
13319
13354
33738
13355
33732
43986
13321
13326
13356
13322
13327
13357
13323
13328
13358
13324
13329
13359
13325
13330
13360
13331
13361
43992
13327
13332
13362
13328
13333
13363
13329
13334
13364
13330
13335
13365
13331
13336
13366
13337
13367
43998
13333
13338
13368
13334
13339
13369
13335
13340
13370
13336
13341
13371
13337
13342
13372
13343
13373
44004
13339
13344
13374
13340
13345
13375
13341
13346
13376
13342
13347
13377
13343
13348
13378
13349
13379
44010
13345
13350
13380
13346
13351
13381
13347
13352
13382
13348
13353
13383
13349
13354
13384
13355
13385
44016
13351
13386
33798
13352
13387
33792
13353
13388
33786
13354
13389
33780
13355
13390
33774
13391
33768
44022
13357
13362
13392
13358
13363
13393
13359
13364
13394
13360
13365
13395
13361
13366
13396
13367
13397
44028
13363
13368
13398
13364
13369
13399
13365
13370
13400
13366
13371
13401
13367
13372
13402
13373
13403
44034
13369
13374
13404
13370
13375
13405
13371
13376
13406
13372
13377
13407
13373
13378
13408
13379
13409
44040
13375
13380
13410
13376
13381
13411
13377
13382
13412
13378
13383
13413
13379
13384
13414
13385
13415
44046
13381
13386
13416
13382
13387
13417
13383
13388
13418
13384
13389
13419
13385
13390
13420
13391
13421
44052
13387
13422
33834
13388
13423
33828
13389
13424
33822
13390
13425
33816
13391
13426
33810
13427
33804
44058
13393
13398
13428
13394
13399
13429
13395
13400
13430
13396
13401
13431
13397
13402
13432
13403
13433
44064
13399
13404
13434
13400
13405
13435
13401
13406
13436
13402
13407
13437
13403
13408
13438
13409
13439
44070
13405
13410
13440
13406
13411
13441
13407
13412
13442
13408
13413
13443
13409
13414
13444
13415
13445
44076
13411
13416
13446
13412
13417
13447
13413
13418
13448
13414
13419
13449
13415
13420
13450
13421
13451
44082
13417
13422
13452
13418
13423
13453
13419
13424
13454
13420
13425
13455
13421
13426
13456
13427
13457
44088
13423
13458
33870
13424
13459
33864
13425
13460
33858
13426
13461
33852
13427
13462
33846
13463
33840
44094
13429
13434
13464
13430
13435
13465
13431
13436
13466
13432
13437
13467
13433
13438
13468
13439
13469
44100
13435
13440
13470
13436
13441
13471
13437
13442
13472
13438
13443
13473
13439
13444
13474
13445
13475
44106
13441
13446
13476
13442
13447
13477
13443
13448
13478
13444
13449
13479
13445
13450
13480
13451
13481
44112
13447
13452
13482
13448
13453
13483
13449
13454
13484
13450
13455
13485
13451
13456
13486
13457
13487
44118
13453
13458
13488
13454
13459
13489
13455
13460
13490
13456
13461
13491
13457
13462
13492
13463
13493
44124
13459
13494
33906
13460
13495
33900
13461
13496
33894
13462
13497
33888
13463
13498
33882
13499
33876
44130
13465
13470
13500
13466
13471
13501
13467
13472
13502
13468
13473
13503
13469
13474
13504
13475
13505
44136
13471
13476
13506
13472
13477
13507
13473
13478
13508
13474
13479
13509
13475
13480
13510
13481
13511
44142
13477
13482
13512
13478
13483
13513
13479
13484
13514
13480
13485
13515
13481
13486
13516
13487
13517
44148
13483
13488
13518
13484
13489
13519
13485
13490
13520
13486
13491
13521
13487
13492
13522
13493
13523
44154
13489
13494
13524
13490
13495
13525
13491
13496
13526
13492
13497
13527
13493
13498
13528
13499
13529
44160
13495
13530
33942
13496
13531
33936
13497
13532
33930
13498
13533
33924
13499
13534
33918
13535
33912
44166
13501
13506
13536
13502
13507
13537
13503
13508
13538
13504
13509
13539
13505
13510
13540
13511
13541
44172
13507
13512
13542
13508
13513
13543
13509
13514
13544
13510
13515
13545
13511
13516
13546
13517
13547
44178
13513
13518
13548
13514
13519
13549
13515
13520
13550
13516
13521
13551
13517
13522
13552
13523
13553
44184
13519
13524
13554
13520
13525
13555
13521
13526
13556
13522
13527
13557
13523
13528
13558
13529
13559
44190
13525
13530
13560
13526
13531
13561
13527
13532
13562
13528
13533
13563
13529
13534
13564
13535
13565
44196
13531
13566
33978
13532
13567
33972
13533
13568
33966
13534
13569
33960
13535
13570
33954
13571
33948
44202
13537
13542
13572
13538
13543
13573
13539
13544
13574
13540
13545
13575
13541
13546
13576
13547
13577
44208
13543
13548
13578
13544
13549
13579
13545
13550
13580
13546
13551
13581
13547
13552
13582
13553
13583
44214
13549
13554
13584
13550
13555
13585
13551
13556
13586
13552
13557
13587
13553
13558
13588
13559
13589
44220
13555
13560
13590
13556
13561
13591
13557
13562
13592
13558
13563
13593
13559
13564
13594
13565
13595
44226
13561
13566
13596
13562
13567
13597
13563
13568
13598
13564
13569
13599
13565
13570
13600
13571
13601
44232
13567
13602
34014
13568
13603
34008
13569
13604
34002
13570
13605
33996
13571
13606
33990
13607
33984
44238
13573
13578
13608
13574
13579
13609
13575
13580
13610
13576
13581
13611
13577
13582
13612
13583
13613
44244
13579
13584
13614
13580
13585
13615
13581
13586
13616
13582
13587
13617
13583
13588
13618
13589
13619
44250
13585
13590
13620
13586
13591
13621
13587
13592
13622
13588
13593
13623
13589
13594
13624
13595
13625
44256
13591
13596
13626
13592
13597
13627
13593
13598
13628
13594
13599
13629
13595
13600
13630
13601
13631
44262
13597
13602
13632
13598
13603
13633
13599
13604
13634
13600
13605
13635
13601
13606
13636
13607
13637
44268
13603
13638
34050
13604
13639
34044
13605
13640
34038
13606
13641
34032
13607
13642
34026
13643
34020
44274
13609
13614
13644
13610
13615
13645
13611
13616
13646
13612
13617
13647
13613
13618
13648
13619
13649
44280
13615
13620
13650
13616
13621
13651
13617
13622
13652
13618
13623
13653
13619
13624
13654
13625
13655
44286
13621
13626
13656
13622
13627
13657
13623
13628
13658
13624
13629
13659
13625
13630
13660
13631
13661
44292
13627
13632
13662
13628
13633
13663
13629
13634
13664
13630
13635
13665
13631
13636
13666
13637
13667
44298
13633
13638
13668
13634
13639
13669
13635
13640
13670
13636
13641
13671
13637
13642
13672
13643
13673
44304
13639
13674
34086
13640
13675
34080
13641
13676
34074
13642
13677
34068
13643
13678
34062
13679
34056
44310
13645
13650
13680
13646
13651
13681
13647
13652
13682
13648
13653
13683
13649
13654
13684
13655
13685
44316
13651
13656
13686
13652
13657
13687
13653
13658
13688
13654
13659
13689
13655
13660
13690
13661
13691
44322
13657
13662
13692
13658
13663
13693
13659
13664
13694
13660
13665
13695
13661
13666
13696
13667
13697
44328
13663
13668
13698
13664
13669
13699
13665
13670
13700
13666
13671
13701
13667
13672
13702
13673
13703
44334
13669
13674
13704
13670
13675
13705
13671
13676
13706
13672
13677
13707
13673
13678
13708
13679
13709
44340
13675
13710
34122
13676
13711
34116
13677
13712
34110
13678
13713
34104
13679
13714
34098
13715
34092
44346
13681
13686
13716
13682
13687
13717
13683
13688
13718
13684
13689
13719
13685
13690
13720
13691
13721
44352
13687
13692
13722
13688
13693
13723
13689
13694
13724
13690
13695
13725
13691
13696
13726
13697
13727
44358
13693
13698
13728
13694
13699
13729
13695
13700
13730
13696
13701
13731
13697
13702
13732
13703
13733
44364
13699
13704
13734
13700
13705
13735
13701
13706
13736
13702
13707
13737
13703
13708
13738
13709
13739
44370
13705
13710
13740
13706
13711
13741
13707
13712
13742
13708
13713
13743
13709
13714
13744
13715
13745
44376
13711
13746
34158
13712
13747
34152
13713
13748
34146
13714
13749
34140
13715
13750
34134
13751
34128
44382
13717
13722
13752
13718
13723
13753
13719
13724
13754
13720
13725
13755
13721
13726
13756
13727
13757
44388
13723
13728
13758
13724
13729
13759
13725
13730
13760
13726
13731
13761
13727
13732
13762
13733
13763
44394
13729
13734
13764
13730
13735
13765
13731
13736
13766
13732
13737
13767
13733
13738
13768
13739
13769
44400
13735
13740
13770
13736
13741
13771
13737
13742
13772
13738
13743
13773
13739
13744
13774
13745
13775
44406
13741
13746
13776
13742
13747
13777
13743
13748
13778
13744
13749
13779
13745
13750
13780
13751
13781
44412
13747
13782
34194
13748
13783
34188
13749
13784
34182
13750
13785
34176
13751
13786
34170
13787
34164
44418
13753
13758
13788
13754
13759
13789
13755
13760
13790
13756
13761
13791
13757
13762
13792
13763
13793
44424
13759
13764
13794
13760
13765
13795
13761
13766
13796
13762
13767
13797
13763
13768
13798
13769
13799
44430
13765
13770
13800
13766
13771
13801
13767
13772
13802
13768
13773
13803
13769
13774
13804
13775
13805
44436
13771
13776
13806
13772
13777
13807
13773
13778
13808
13774
13779
13809
13775
13780
13810
13781
13811
44442
13777
13782
13812
13778
13783
13813
13779
13784
13814
13780
13785
13815
13781
13786
13816
13787
13817
44448
13783
13818
34230
13784
13819
34224
13785
13820
34218
13786
13821
34212
13787
13822
34206
13823
34200
44454
13789
13794
13824
13790
13795
13825
13791
13796
13826
13792
13797
13827
13793
13798
13828
13799
13829
44460
13795
13800
13830
13796
13801
13831
13797
13802
13832
13798
13803
13833
13799
13804
13834
13805
13835
44466
13801
13806
13836
13802
13807
13837
13803
13808
13838
13804
13809
13839
13805
13810
13840
13811
13841
44472
13807
13812
13842
13808
13813
13843
13809
13814
13844
13810
13815
13845
13811
13816
13846
13817
13847
44478
13813
13818
13848
13814
13819
13849
13815
13820
13850
13816
13821
13851
13817
13822
13852
13823
13853
44484
13819
13854
34266
13820
13855
34260
13821
13856
34254
13822
13857
34248
13823
13858
34242
13859
34236
44490
13825
13830
13860
13826
13831
13861
13827
13832
13862
13828
13833
13863
13829
13834
13864
13835
13865
44496
13831
13836
13866
13832
13837
13867
13833
13838
13868
13834
13839
13869
13835
13840
13870
13841
13871
44502
13837
13842
13872
13838
13843
13873
13839
13844
13874
13840
13845
13875
13841
13846
13876
13847
13877
44508
13843
13848
13878
13844
13849
13879
13845
13850
13880
13846
13851
13881
13847
13852
13882
13853
13883
44514
13849
13854
13884
13850
13855
13885
13851
13856
13886
13852
13857
13887
13853
13858
13888
13859
13889
44520
13855
13890
34302
13856
13891
34296
13857
13892
34290
13858
13893
34284
13859
13894
34278
13895
34272
44526
13861
13866
13896
13862
13867
13897
13863
13868
13898
13864
13869
13899
13865
13870
13900
13871
13901
44532
13867
13872
13902
13868
13873
13903
13869
13874
13904
13870
13875
13905
13871
13876
13906
13877
13907
44538
13873
13878
13908
13874
13879
13909
13875
13880
13910
13876
13881
13911
13877
13882
13912
13883
13913
44544
13879
13884
13914
13880
13885
13915
13881
13886
13916
13882
13887
13917
13883
13888
13918
13889
13919
44550
13885
13890
13920
13886
13891
13921
13887
13892
13922
13888
13893
13923
13889
13894
13924
13895
13925
44556
13891
13926
34338
13892
13927
34332
13893
13928
34326
13894
13929
34320
13895
13930
34314
13931
34308
44562
13897
13902
13932
13898
13903
13933
13899
13904
13934
13900
13905
13935
13901
13906
13936
13907
13937
44568
13903
13908
13938
13904
13909
13939
13905
13910
13940
13906
13911
13941
13907
13912
13942
13913
13943
44574
13909
13914
13944
13910
13915
13945
13911
13916
13946
13912
13917
13947
13913
13918
13948
13919
13949
44580
13915
13920
13950
13916
13921
13951
13917
13922
13952
13918
13923
13953
13919
13924
13954
13925
13955
44586
13921
13926
13956
13922
13927
13957
13923
13928
13958
13924
13929
13959
13925
13930
13960
13931
13961
44592
13927
13962
34374
13928
13963
34368
13929
13964
34362
13930
13965
34356
13931
13966
34350
13967
34344
44598
13933
13938
13968
13934
13939
13969
13935
13940
13970
13936
13941
13971
13937
13942
13972
13943
13973
44604
13939
13944
13974
13940
13945
13975
13941
13946
13976
13942
13947
13977
13943
13948
13978
13949
13979
44610
13945
13950
13980
13946
13951
13981
13947
13952
13982
13948
13953
13983
13949
13954
13984
13955
13985
44616
13951
13956
13986
13952
13957
13987
13953
13958
13988
13954
13959
13989
13955
13960
13990
13961
13991
44622
13957
13962
13992
13958
13963
13993
13959
13964
13994
13960
13965
13995
13961
13966
13996
13967
13997
44628
13963
13998
34410
13964
13999
34404
13965
14000
34398
13966
14001
34392
13967
14002
34386
14003
34380
44634
13969
13974
14004
13970
13975
14005
13971
13976
14006
13972
13977
14007
13973
13978
14008
13979
14009
44640
13975
13980
14010
13976
13981
14011
13977
13982
14012
13978
13983
14013
13979
13984
14014
13985
14015
44646
13981
13986
14016
13982
13987
14017
13983
13988
14018
13984
13989
14019
13985
13990
14020
13991
14021
44652
13987
13992
14022
13988
13993
14023
13989
13994
14024
13990
13995
14025
13991
13996
14026
13997
14027
44658
13993
13998
14028
13994
13999
14029
13995
14000
14030
13996
14001
14031
13997
14002
14032
14003
14033
44664
13999
14034
34446
14000
14035
34440
14001
14036
34434
14002
14037
34428
14003
14038
34422
14039
34416
44670
14005
14010
14040
14006
14011
14041
14007
14012
14042
14008
14013
14043
14009
14014
14044
14015
14045
44676
14011
14016
14046
14012
14017
14047
14013
14018
14048
14014
14019
14049
14015
14020
14050
14021
14051
44682
14017
14022
14052
14018
14023
14053
14019
14024
14054
14020
14025
14055
14021
14026
14056
14027
14057
44688
14023
14028
14058
14024
14029
14059
14025
14030
14060
14026
14031
14061
14027
14032
14062
14033
14063
44694
14029
14034
14064
14030
14035
14065
14031
14036
14066
14032
14037
14067
14033
14038
14068
14039
14069
44700
14035
14070
34482
14036
14071
34476
14037
14072
34470
14038
14073
34464
14039
14074
34458
14075
34452
44706
14041
14046
14076
14042
14047
14077
14043
14048
14078
14044
14049
14079
14045
14050
14080
14051
14081
44712
14047
14052
14082
14048
14053
14083
14049
14054
14084
14050
14055
14085
14051
14056
14086
14057
14087
44718
14053
14058
14088
14054
14059
14089
14055
14060
14090
14056
14061
14091
14057
14062
14092
14063
14093
44724
14059
14064
14094
14060
14065
14095
14061
14066
14096
14062
14067
14097
14063
14068
14098
14069
14099
44730
14065
14070
14100
14066
14071
14101
14067
14072
14102
14068
14073
14103
14069
14074
14104
14075
14105
44736
14071
14106
34518
14072
14107
34512
14073
14108
34506
14074
14109
34500
14075
14110
34494
14111
34488
44742
14077
14082
14112
14078
14083
14113
14079
14084
14114
14080
14085
14115
14081
14086
14116
14087
14117
44748
14083
14088
14118
14084
14089
14119
14085
14090
14120
14086
14091
14121
14087
14092
14122
14093
14123
44754
14089
14094
14124
14090
14095
14125
14091
14096
14126
14092
14097
14127
14093
14098
14128
14099
14129
44760
14095
14100
14130
14096
14101
14131
14097
14102
14132
14098
14103
14133
14099
14104
14134
14105
14135
44766
14101
14106
14136
14102
14107
14137
14103
14108
14138
14104
14109
14139
14105
14110
14140
14111
14141
44772
14107
14142
34554
14108
14143
34548
14109
14144
34542
14110
14145
34536
14111
14146
34530
14147
34524
44778
14113
14118
14148
14114
14119
14149
14115
14120
14150
14116
14121
14151
14117
14122
14152
14123
14153
44784
14119
14124
14154
14120
14125
14155
14121
14126
14156
14122
14127
14157
14123
14128
14158
14129
14159
44790
14125
14130
14160
14126
14131
14161
14127
14132
14162
14128
14133
14163
14129
14134
14164
14135
14165
44796
14131
14136
14166
14132
14137
14167
14133
14138
14168
14134
14139
14169
14135
14140
14170
14141
14171
44802
14137
14142
14172
14138
14143
14173
14139
14144
14174
14140
14145
14175
14141
14146
14176
14147
14177
44808
14143
14178
34590
14144
14179
34584
14145
14180
34578
14146
14181
34572
14147
14182
34566
14183
34560
44814
14149
14154
14184
14150
14155
14185
14151
14156
14186
14152
14157
14187
14153
14158
14188
14159
14189
44820
14155
14160
14190
14156
14161
14191
14157
14162
14192
14158
14163
14193
14159
14164
14194
14165
14195
44826
14161
14166
14196
14162
14167
14197
14163
14168
14198
14164
14169
14199
14165
14170
14200
14171
14201
44832
14167
14172
14202
14168
14173
14203
14169
14174
14204
14170
14175
14205
14171
14176
14206
14177
14207
44838
14173
14178
14208
14174
14179
14209
14175
14180
14210
14176
14181
14211
14177
14182
14212
14183
14213
44844
14179
14214
34626
14180
14215
34620
14181
14216
34614
14182
14217
34608
14183
14218
34602
14219
34596
44850
14185
14190
14220
14186
14191
14221
14187
14192
14222
14188
14193
14223
14189
14194
14224
14195
14225
44856
14191
14196
14226
14192
14197
14227
14193
14198
14228
14194
14199
14229
14195
14200
14230
14201
14231
44862
14197
14202
14232
14198
14203
14233
14199
14204
14234
14200
14205
14235
14201
14206
14236
14207
14237
44868
14203
14208
14238
14204
14209
14239
14205
14210
14240
14206
14211
14241
14207
14212
14242
14213
14243
44874
14209
14214
14244
14210
14215
14245
14211
14216
14246
14212
14217
14247
14213
14218
14248
14219
14249
44880
14215
14250
34662
14216
14251
34656
14217
14252
34650
14218
14253
34644
14219
14254
34638
14255
34632
44886
14221
14226
14256
14222
14227
14257
14223
14228
14258
14224
14229
14259
14225
14230
14260
14231
14261
44892
14227
14232
14262
14228
14233
14263
14229
14234
14264
14230
14235
14265
14231
14236
14266
14237
14267
44898
14233
14238
14268
14234
14239
14269
14235
14240
14270
14236
14241
14271
14237
14242
14272
14243
14273
44904
14239
14244
14274
14240
14245
14275
14241
14246
14276
14242
14247
14277
14243
14248
14278
14249
14279
44910
14245
14250
14280
14246
14251
14281
14247
14252
14282
14248
14253
14283
14249
14254
14284
14255
14285
44916
14251
14286
34698
14252
14287
34692
14253
14288
34686
14254
14289
34680
14255
14290
34674
14291
34668
44922
14257
14262
14292
14258
14263
14293
14259
14264
14294
14260
14265
14295
14261
14266
14296
14267
14297
44928
14263
14268
14298
14264
14269
14299
14265
14270
14300
14266
14271
14301
14267
14272
14302
14273
14303
44934
14269
14274
14304
14270
14275
14305
14271
14276
14306
14272
14277
14307
14273
14278
14308
14279
14309
44940
14275
14280
14310
14276
14281
14311
14277
14282
14312
14278
14283
14313
14279
14284
14314
14285
14315
44946
14281
14286
14316
14282
14287
14317
14283
14288
14318
14284
14289
14319
14285
14290
14320
14291
14321
44952
14287
14322
34734
14288
14323
34728
14289
14324
34722
14290
14325
34716
14291
14326
34710
14327
34704
44958
14293
14298
14328
14294
14299
14329
14295
14300
14330
14296
14301
14331
14297
14302
14332
14303
14333
44964
14299
14304
14334
14300
14305
14335
14301
14306
14336
14302
14307
14337
14303
14308
14338
14309
14339
44970
14305
14310
14340
14306
14311
14341
14307
14312
14342
14308
14313
14343
14309
14314
14344
14315
14345
44976
14311
14316
14346
14312
14317
14347
14313
14318
14348
14314
14319
14349
14315
14320
14350
14321
14351
44982
14317
14322
14352
14318
14323
14353
14319
14324
14354
14320
14325
14355
14321
14326
14356
14327
14357
44988
14323
14358
34770
14324
14359
34764
14325
14360
34758
14326
14361
34752
14327
14362
34746
14363
34740
44994
14329
14334
14364
14330
14335
14365
14331
14336
14366
14332
14337
14367
14333
14338
14368
14339
14369
45000
14335
14340
14370
14336
14341
14371
14337
14342
14372
14338
14343
14373
14339
14344
14374
14345
14375
45006
14341
14346
14376
14342
14347
14377
14343
14348
14378
14344
14349
14379
14345
14350
14380
14351
14381
45012
14347
14352
14382
14348
14353
14383
14349
14354
14384
14350
14355
14385
14351
14356
14386
14357
14387
45018
14353
14358
14388
14354
14359
14389
14355
14360
14390
14356
14361
14391
14357
14362
14392
14363
14393
45024
14359
14394
34806
14360
14395
34800
14361
14396
34794
14362
14397
34788
14363
14398
34782
14399
34776
45030
14365
14370
14400
14366
14371
14401
14367
14372
14402
14368
14373
14403
14369
14374
14404
14375
14405
45036
14371
14376
14406
14372
14377
14407
14373
14378
14408
14374
14379
14409
14375
14380
14410
14381
14411
45042
14377
14382
14412
14378
14383
14413
14379
14384
14414
14380
14385
14415
14381
14386
14416
14387
14417
45048
14383
14388
14418
14384
14389
14419
14385
14390
14420
14386
14391
14421
14387
14392
14422
14393
14423
45054
14389
14394
14424
14390
14395
14425
14391
14396
14426
14392
14397
14427
14393
14398
14428
14399
14429
45060
14395
14430
34842
14396
14431
34836
14397
14432
34830
14398
14433
34824
14399
14434
34818
14435
34812
45066
14401
14406
14436
14402
14407
14437
14403
14408
14438
14404
14409
14439
14405
14410
14440
14411
14441
45072
14407
14412
14442
14408
14413
14443
14409
14414
14444
14410
14415
14445
14411
14416
14446
14417
14447
45078
14413
14418
14448
14414
14419
14449
14415
14420
14450
14416
14421
14451
14417
14422
14452
14423
14453
45084
14419
14424
14454
14420
14425
14455
14421
14426
14456
14422
14427
14457
14423
14428
14458
14429
14459
45090
14425
14430
14460
14426
14431
14461
14427
14432
14462
14428
14433
14463
14429
14434
14464
14435
14465
45096
14431
14466
34878
14432
14467
34872
14433
14468
34866
14434
14469
34860
14435
14470
34854
14471
34848
45102
14437
14442
14472
14438
14443
14473
14439
14444
14474
14440
14445
14475
14441
14446
14476
14447
14477
45108
14443
14448
14478
14444
14449
14479
14445
14450
14480
14446
14451
14481
14447
14452
14482
14453
14483
45114
14449
14454
14484
14450
14455
14485
14451
14456
14486
14452
14457
14487
14453
14458
14488
14459
14489
45120
14455
14460
14490
14456
14461
14491
14457
14462
14492
14458
14463
14493
14459
14464
14494
14465
14495
45126
14461
14466
14496
14462
14467
14497
14463
14468
14498
14464
14469
14499
14465
14470
14500
14471
14501
45132
14467
14502
34914
14468
14503
34908
14469
14504
34902
14470
14505
34896
14471
14506
34890
14507
34884
45138
14473
14478
14508
14474
14479
14509
14475
14480
14510
14476
14481
14511
14477
14482
14512
14483
14513
45144
14479
14484
14514
14480
14485
14515
14481
14486
14516
14482
14487
14517
14483
14488
14518
14489
14519
45150
14485
14490
14520
14486
14491
14521
14487
14492
14522
14488
14493
14523
14489
14494
14524
14495
14525
45156
14491
14496
14526
14492
14497
14527
14493
14498
14528
14494
14499
14529
14495
14500
14530
14501
14531
45162
14497
14502
14532
14498
14503
14533
14499
14504
14534
14500
14505
14535
14501
14506
14536
14507
14537
45168
14503
14538
34950
14504
14539
34944
14505
14540
34938
14506
14541
34932
14507
14542
34926
14543
34920
45174
14509
14514
14544
14510
14515
14545
14511
14516
14546
14512
14517
14547
14513
14518
14548
14519
14549
45180
14515
14520
14550
14516
14521
14551
14517
14522
14552
14518
14523
14553
14519
14524
14554
14525
14555
45186
14521
14526
14556
14522
14527
14557
14523
14528
14558
14524
14529
14559
14525
14530
14560
14531
14561
45192
14527
14532
14562
14528
14533
14563
14529
14534
14564
14530
14535
14565
14531
14536
14566
14537
14567
45198
14533
14538
14568
14534
14539
14569
14535
14540
14570
14536
14541
14571
14537
14542
14572
14543
14573
45204
14539
14574
34986
14540
14575
34980
14541
14576
34974
14542
14577
34968
14543
14578
34962
14579
34956
45210
14545
14550
14580
14546
14551
14581
14547
14552
14582
14548
14553
14583
14549
14554
14584
14555
14585
45216
14551
14556
14586
14552
14557
14587
14553
14558
14588
14554
14559
14589
14555
14560
14590
14561
14591
45222
14557
14562
14592
14558
14563
14593
14559
14564
14594
14560
14565
14595
14561
14566
14596
14567
14597
45228
14563
14568
14598
14564
14569
14599
14565
14570
14600
14566
14571
14601
14567
14572
14602
14573
14603
45234
14569
14574
14604
14570
14575
14605
14571
14576
14606
14572
14577
14607
14573
14578
14608
14579
14609
45240
14575
14610
35022
14576
14611
35016
14577
14612
35010
14578
14613
35004
14579
14614
34998
14615
34992
45246
14581
14586
14616
14582
14587
14617
14583
14588
14618
14584
14589
14619
14585
14590
14620
14591
14621
45252
14587
14592
14622
14588
14593
14623
14589
14594
14624
14590
14595
14625
14591
14596
14626
14597
14627
45258
14593
14598
14628
14594
14599
14629
14595
14600
14630
14596
14601
14631
14597
14602
14632
14603
14633
45264
14599
14604
14634
14600
14605
14635
14601
14606
14636
14602
14607
14637
14603
14608
14638
14609
14639
45270
14605
14610
14640
14606
14611
14641
14607
14612
14642
14608
14613
14643
14609
14614
14644
14615
14645
45276
14611
14646
35058
14612
14647
35052
14613
14648
35046
14614
14649
35040
14615
14650
35034
14651
35028
45282
14617
14622
14652
14618
14623
14653
14619
14624
14654
14620
14625
14655
14621
14626
14656
14627
14657
45288
14623
14628
14658
14624
14629
14659
14625
14630
14660
14626
14631
14661
14627
14632
14662
14633
14663
45294
14629
14634
14664
14630
14635
14665
14631
14636
14666
14632
14637
14667
14633
14638
14668
14639
14669
45300
14635
14640
14670
14636
14641
14671
14637
14642
14672
14638
14643
14673
14639
14644
14674
14645
14675
45306
14641
14646
14676
14642
14647
14677
14643
14648
14678
14644
14649
14679
14645
14650
14680
14651
14681
45312
14647
14682
35094
14648
14683
35088
14649
14684
35082
14650
14685
35076
14651
14686
35070
14687
35064
45318
14653
14658
14688
14654
14659
14689
14655
14660
14690
14656
14661
14691
14657
14662
14692
14663
14693
45324
14659
14664
14694
14660
14665
14695
14661
14666
14696
14662
14667
14697
14663
14668
14698
14669
14699
45330
14665
14670
14700
14666
14671
14701
14667
14672
14702
14668
14673
14703
14669
14674
14704
14675
14705
45336
14671
14676
14706
14672
14677
14707
14673
14678
14708
14674
14679
14709
14675
14680
14710
14681
14711
45342
14677
14682
14712
14678
14683
14713
14679
14684
14714
14680
14685
14715
14681
14686
14716
14687
14717
45348
14683
14718
35130
14684
14719
35124
14685
14720
35118
14686
14721
35112
14687
14722
35106
14723
35100
45354
14689
14694
14724
14690
14695
14725
14691
14696
14726
14692
14697
14727
14693
14698
14728
14699
14729
45360
14695
14700
14730
14696
14701
14731
14697
14702
14732
14698
14703
14733
14699
14704
14734
14705
14735
45366
14701
14706
14736
14702
14707
14737
14703
14708
14738
14704
14709
14739
14705
14710
14740
14711
14741
45372
14707
14712
14742
14708
14713
14743
14709
14714
14744
14710
14715
14745
14711
14716
14746
14717
14747
45378
14713
14718
14748
14714
14719
14749
14715
14720
14750
14716
14721
14751
14717
14722
14752
14723
14753
45384
14719
14754
35166
14720
14755
35160
14721
14756
35154
14722
14757
35148
14723
14758
35142
14759
35136
45390
14725
14730
14760
14726
14731
14761
14727
14732
14762
14728
14733
14763
14729
14734
14764
14735
14765
45396
14731
14736
14766
14732
14737
14767
14733
14738
14768
14734
14739
14769
14735
14740
14770
14741
14771
45402
14737
14742
14772
14738
14743
14773
14739
14744
14774
14740
14745
14775
14741
14746
14776
14747
14777
45408
14743
14748
14778
14744
14749
14779
14745
14750
14780
14746
14751
14781
14747
14752
14782
14753
14783
45414
14749
14754
14784
14750
14755
14785
14751
14756
14786
14752
14757
14787
14753
14758
14788
14759
14789
45420
14755
14790
35202
14756
14791
35196
14757
14792
35190
14758
14793
35184
14759
14794
35178
14795
35172
45426
14761
14766
14796
14762
14767
14797
14763
14768
14798
14764
14769
14799
14765
14770
14800
14771
14801
45432
14767
14772
14802
14768
14773
14803
14769
14774
14804
14770
14775
14805
14771
14776
14806
14777
14807
45438
14773
14778
14808
14774
14779
14809
14775
14780
14810
14776
14781
14811
14777
14782
14812
14783
14813
45444
14779
14784
14814
14780
14785
14815
14781
14786
14816
14782
14787
14817
14783
14788
14818
14789
14819
45450
14785
14790
14820
14786
14791
14821
14787
14792
14822
14788
14793
14823
14789
14794
14824
14795
14825
45456
14791
14826
35238
14792
14827
35232
14793
14828
35226
14794
14829
35220
14795
14830
35214
14831
35208
45462
14797
14802
14832
14798
14803
14833
14799
14804
14834
14800
14805
14835
14801
14806
14836
14807
14837
45468
14803
14808
14838
14804
14809
14839
14805
14810
14840
14806
14811
14841
14807
14812
14842
14813
14843
45474
14809
14814
14844
14810
14815
14845
14811
14816
14846
14812
14817
14847
14813
14818
14848
14819
14849
45480
14815
14820
14850
14816
14821
14851
14817
14822
14852
14818
14823
14853
14819
14824
14854
14825
14855
45486
14821
14826
14856
14822
14827
14857
14823
14828
14858
14824
14829
14859
14825
14830
14860
14831
14861
45492
14827
14862
35274
14828
14863
35268
14829
14864
35262
14830
14865
35256
14831
14866
35250
14867
35244
45498
14833
14838
14868
14834
14839
14869
14835
14840
14870
14836
14841
14871
14837
14842
14872
14843
14873
45504
14839
14844
14874
14840
14845
14875
14841
14846
14876
14842
14847
14877
14843
14848
14878
14849
14879
45510
14845
14850
14880
14846
14851
14881
14847
14852
14882
14848
14853
14883
14849
14854
14884
14855
14885
45516
14851
14856
14886
14852
14857
14887
14853
14858
14888
14854
14859
14889
14855
14860
14890
14861
14891
45522
14857
14862
14892
14858
14863
14893
14859
14864
14894
14860
14865
14895
14861
14866
14896
14867
14897
45528
14863
14898
35310
14864
14899
35304
14865
14900
35298
14866
14901
35292
14867
14902
35286
14903
35280
45534
14869
14874
14904
14870
14875
14905
14871
14876
14906
14872
14877
14907
14873
14878
14908
14879
14909
45540
14875
14880
14910
14876
14881
14911
14877
14882
14912
14878
14883
14913
14879
14884
14914
14885
14915
45546
14881
14886
14916
14882
14887
14917
14883
14888
14918
14884
14889
14919
14885
14890
14920
14891
14921
45552
14887
14892
14922
14888
14893
14923
14889
14894
14924
14890
14895
14925
14891
14896
14926
14897
14927
45558
14893
14898
14928
14894
14899
14929
14895
14900
14930
14896
14901
14931
14897
14902
14932
14903
14933
45564
14899
14934
35346
14900
14935
35340
14901
14936
35334
14902
14937
35328
14903
14938
35322
14939
35316
45570
14905
14910
14940
14906
14911
14941
14907
14912
14942
14908
14913
14943
14909
14914
14944
14915
14945
45576
14911
14916
14946
14912
14917
14947
14913
14918
14948
14914
14919
14949
14915
14920
14950
14921
14951
45582
14917
14922
14952
14918
14923
14953
14919
14924
14954
14920
14925
14955
14921
14926
14956
14927
14957
45588
14923
14928
14958
14924
14929
14959
14925
14930
14960
14926
14931
14961
14927
14932
14962
14933
14963
45594
14929
14934
14964
14930
14935
14965
14931
14936
14966
14932
14937
14967
14933
14938
14968
14939
14969
45600
14935
14970
35382
14936
14971
35376
14937
14972
35370
14938
14973
35364
14939
14974
35358
14975
35352
45606
14941
14946
14976
14942
14947
14977
14943
14948
14978
14944
14949
14979
14945
14950
14980
14951
14981
45612
14947
14952
14982
14948
14953
14983
14949
14954
14984
14950
14955
14985
14951
14956
14986
14957
14987
45618
14953
14958
14988
14954
14959
14989
14955
14960
14990
14956
14961
14991
14957
14962
14992
14963
14993
45624
14959
14964
14994
14960
14965
14995
14961
14966
14996
14962
14967
14997
14963
14968
14998
14969
14999
45630
14965
14970
15000
14966
14971
15001
14967
14972
15002
14968
14973
15003
14969
14974
15004
14975
15005
45636
14971
15006
35418
14972
15007
35412
14973
15008
35406
14974
15009
35400
14975
15010
35394
15011
35388
45642
14977
14982
15012
14978
14983
15013
14979
14984
15014
14980
14985
15015
14981
14986
15016
14987
15017
45648
14983
14988
15018
14984
14989
15019
14985
14990
15020
14986
14991
15021
14987
14992
15022
14993
15023
45654
14989
14994
15024
14990
14995
15025
14991
14996
15026
14992
14997
15027
14993
14998
15028
14999
15029
45660
14995
15000
15030
14996
15001
15031
14997
15002
15032
14998
15003
15033
14999
15004
15034
15005
15035
45666
15001
15006
15036
15002
15007
15037
15003
15008
15038
15004
15009
15039
15005
15010
15040
15011
15041
45672
15007
15042
35454
15008
15043
35448
15009
15044
35442
15010
15045
35436
15011
15046
35430
15047
35424
45678
15013
15018
15048
15014
15019
15049
15015
15020
15050
15016
15021
15051
15017
15022
15052
15023
15053
45684
15019
15024
15054
15020
15025
15055
15021
15026
15056
15022
15027
15057
15023
15028
15058
15029
15059
45690
15025
15030
15060
15026
15031
15061
15027
15032
15062
15028
15033
15063
15029
15034
15064
15035
15065
45696
15031
15036
15066
15032
15037
15067
15033
15038
15068
15034
15039
15069
15035
15040
15070
15041
15071
45702
15037
15042
15072
15038
15043
15073
15039
15044
15074
15040
15045
15075
15041
15046
15076
15047
15077
45708
15043
15078
35490
15044
15079
35484
15045
15080
35478
15046
15081
35472
15047
15082
35466
15083
35460
45714
15049
15054
15084
15050
15055
15085
15051
15056
15086
15052
15057
15087
15053
15058
15088
15059
15089
45720
15055
15060
15090
15056
15061
15091
15057
15062
15092
15058
15063
15093
15059
15064
15094
15065
15095
45726
15061
15066
15096
15062
15067
15097
15063
15068
15098
15064
15069
15099
15065
15070
15100
15071
15101
45732
15067
15072
15102
15068
15073
15103
15069
15074
15104
15070
15075
15105
15071
15076
15106
15077
15107
45738
15073
15078
15108
15074
15079
15109
15075
15080
15110
15076
15081
15111
15077
15082
15112
15083
15113
45744
15079
15114
35526
15080
15115
35520
15081
15116
35514
15082
15117
35508
15083
15118
35502
15119
35496
45750
15085
15090
15120
15086
15091
15121
15087
15092
15122
15088
15093
15123
15089
15094
15124
15095
15125
45756
15091
15096
15126
15092
15097
15127
15093
15098
15128
15094
15099
15129
15095
15100
15130
15101
15131
45762
15097
15102
15132
15098
15103
15133
15099
15104
15134
15100
15105
15135
15101
15106
15136
15107
15137
45768
15103
15108
15138
15104
15109
15139
15105
15110
15140
15106
15111
15141
15107
15112
15142
15113
15143
45774
15109
15114
15144
15110
15115
15145
15111
15116
15146
15112
15117
15147
15113
15118
15148
15119
15149
45780
15115
15150
35562
15116
15151
35556
15117
15152
35550
15118
15153
35544
15119
15154
35538
15155
35532
45786
15121
15126
15156
15122
15127
15157
15123
15128
15158
15124
15129
15159
15125
15130
15160
15131
15161
45792
15127
15132
15162
15128
15133
15163
15129
15134
15164
15130
15135
15165
15131
15136
15166
15137
15167
45798
15133
15138
15168
15134
15139
15169
15135
15140
15170
15136
15141
15171
15137
15142
15172
15143
15173
45804
15139
15144
15174
15140
15145
15175
15141
15146
15176
15142
15147
15177
15143
15148
15178
15149
15179
45810
15145
15150
15180
15146
15151
15181
15147
15152
15182
15148
15153
15183
15149
15154
15184
15155
15185
45816
15151
15186
35598
15152
15187
35592
15153
15188
35586
15154
15189
35580
15155
15190
35574
15191
35568
45822
15157
15162
15192
15158
15163
15193
15159
15164
15194
15160
15165
15195
15161
15166
15196
15167
15197
45828
15163
15168
15198
15164
15169
15199
15165
15170
15200
15166
15171
15201
15167
15172
15202
15173
15203
45834
15169
15174
15204
15170
15175
15205
15171
15176
15206
15172
15177
15207
15173
15178
15208
15179
15209
45840
15175
15180
15210
15176
15181
15211
15177
15182
15212
15178
15183
15213
15179
15184
15214
15185
15215
45846
15181
15186
15216
15182
15187
15217
15183
15188
15218
15184
15189
15219
15185
15190
15220
15191
15221
45852
15187
15222
35634
15188
15223
35628
15189
15224
35622
15190
15225
35616
15191
15226
35610
15227
35604
45858
15193
15198
15228
15194
15199
15229
15195
15200
15230
15196
15201
15231
15197
15202
15232
15203
15233
45864
15199
15204
15234
15200
15205
15235
15201
15206
15236
15202
15207
15237
15203
15208
15238
15209
15239
45870
15205
15210
15240
15206
15211
15241
15207
15212
15242
15208
15213
15243
15209
15214
15244
15215
15245
45876
15211
15216
15246
15212
15217
15247
15213
15218
15248
15214
15219
15249
15215
15220
15250
15221
15251
45882
15217
15222
15252
15218
15223
15253
15219
15224
15254
15220
15225
15255
15221
15226
15256
15227
15257
45888
15223
15258
35670
15224
15259
35664
15225
15260
35658
15226
15261
35652
15227
15262
35646
15263
35640
45894
15229
15234
15264
15230
15235
15265
15231
15236
15266
15232
15237
15267
15233
15238
15268
15239
15269
45900
15235
15240
15270
15236
15241
15271
15237
15242
15272
15238
15243
15273
15239
15244
15274
15245
15275
45906
15241
15246
15276
15242
15247
15277
15243
15248
15278
15244
15249
15279
15245
15250
15280
15251
15281
45912
15247
15252
15282
15248
15253
15283
15249
15254
15284
15250
15255
15285
15251
15256
15286
15257
15287
45918
15253
15258
15288
15254
15259
15289
15255
15260
15290
15256
15261
15291
15257
15262
15292
15263
15293
45924
15259
15294
35706
15260
15295
35700
15261
15296
35694
15262
15297
35688
15263
15298
35682
15299
35676
45930
15265
15270
15300
15266
15271
15301
15267
15272
15302
15268
15273
15303
15269
15274
15304
15275
15305
45936
15271
15276
15306
15272
15277
15307
15273
15278
15308
15274
15279
15309
15275
15280
15310
15281
15311
45942
15277
15282
15312
15278
15283
15313
15279
15284
15314
15280
15285
15315
15281
15286
15316
15287
15317
45948
15283
15288
15318
15284
15289
15319
15285
15290
15320
15286
15291
15321
15287
15292
15322
15293
15323
45954
15289
15294
15324
15290
15295
15325
15291
15296
15326
15292
15297
15327
15293
15298
15328
15299
15329
45960
15295
15330
35742
15296
15331
35736
15297
15332
35730
15298
15333
35724
15299
15334
35718
15335
35712
45966
15301
15306
15336
15302
15307
15337
15303
15308
15338
15304
15309
15339
15305
15310
15340
15311
15341
45972
15307
15312
15342
15308
15313
15343
15309
15314
15344
15310
15315
15345
15311
15316
15346
15317
15347
45978
15313
15318
15348
15314
15319
15349
15315
15320
15350
15316
15321
15351
15317
15322
15352
15323
15353
45984
15319
15324
15354
15320
15325
15355
15321
15326
15356
15322
15327
15357
15323
15328
15358
15329
15359
45990
15325
15330
15360
15326
15331
15361
15327
15332
15362
15328
15333
15363
15329
15334
15364
15335
15365
45996
15331
15366
35778
15332
15367
35772
15333
15368
35766
15334
15369
35760
15335
15370
35754
15371
35748
46002
15337
15342
15372
15338
15343
15373
15339
15344
15374
15340
15345
15375
15341
15346
15376
15347
15377
46008
15343
15348
15378
15344
15349
15379
15345
15350
15380
15346
15351
15381
15347
15352
15382
15353
15383
46014
15349
15354
15384
15350
15355
15385
15351
15356
15386
15352
15357
15387
15353
15358
15388
15359
15389
46020
15355
15360
15390
15356
15361
15391
15357
15362
15392
15358
15363
15393
15359
15364
15394
15365
15395
46026
15361
15366
15396
15362
15367
15397
15363
15368
15398
15364
15369
15399
15365
15370
15400
15371
15401
46032
15367
15402
35814
15368
15403
35808
15369
15404
35802
15370
15405
35796
15371
15406
35790
15407
35784
46038
15373
15378
15408
15374
15379
15409
15375
15380
15410
15376
15381
15411
15377
15382
15412
15383
15413
46044
15379
15384
15414
15380
15385
15415
15381
15386
15416
15382
15387
15417
15383
15388
15418
15389
15419
46050
15385
15390
15420
15386
15391
15421
15387
15392
15422
15388
15393
15423
15389
15394
15424
15395
15425
46056
15391
15396
15426
15392
15397
15427
15393
15398
15428
15394
15399
15429
15395
15400
15430
15401
15431
46062
15397
15402
15432
15398
15403
15433
15399
15404
15434
15400
15405
15435
15401
15406
15436
15407
15437
46068
15403
15438
35850
15404
15439
35844
15405
15440
35838
15406
15441
35832
15407
15442
35826
15443
35820
46074
15409
15414
15444
15410
15415
15445
15411
15416
15446
15412
15417
15447
15413
15418
15448
15419
15449
46080
15415
15420
15450
15416
15421
15451
15417
15422
15452
15418
15423
15453
15419
15424
15454
15425
15455
46086
15421
15426
15456
15422
15427
15457
15423
15428
15458
15424
15429
15459
15425
15430
15460
15431
15461
46092
15427
15432
15462
15428
15433
15463
15429
15434
15464
15430
15435
15465
15431
15436
15466
15437
15467
46098
15433
15438
15468
15434
15439
15469
15435
15440
15470
15436
15441
15471
15437
15442
15472
15443
15473
46104
15439
15474
35886
15440
15475
35880
15441
15476
35874
15442
15477
35868
15443
15478
35862
15479
35856
46110
15445
15450
15480
15446
15451
15481
15447
15452
15482
15448
15453
15483
15449
15454
15484
15455
15485
46116
15451
15456
15486
15452
15457
15487
15453
15458
15488
15454
15459
15489
15455
15460
15490
15461
15491
46122
15457
15462
15492
15458
15463
15493
15459
15464
15494
15460
15465
15495
15461
15466
15496
15467
15497
46128
15463
15468
15498
15464
15469
15499
15465
15470
15500
15466
15471
15501
15467
15472
15502
15473
15503
46134
15469
15474
15504
15470
15475
15505
15471
15476
15506
15472
15477
15507
15473
15478
15508
15479
15509
46140
15475
15510
35922
15476
15511
35916
15477
15512
35910
15478
15513
35904
15479
15514
35898
15515
35892
46146
15481
15486
15516
15482
15487
15517
15483
15488
15518
15484
15489
15519
15485
15490
15520
15491
15521
46152
15487
15492
15522
15488
15493
15523
15489
15494
15524
15490
15495
15525
15491
15496
15526
15497
15527
46158
15493
15498
15528
15494
15499
15529
15495
15500
15530
15496
15501
15531
15497
15502
15532
15503
15533
46164
15499
15504
15534
15500
15505
15535
15501
15506
15536
15502
15507
15537
15503
15508
15538
15509
15539
46170
15505
15510
15540
15506
15511
15541
15507
15512
15542
15508
15513
15543
15509
15514
15544
15515
15545
46176
15511
15546
35958
15512
15547
35952
15513
15548
35946
15514
15549
35940
15515
15550
35934
15551
35928
46182
15517
15522
15552
15518
15523
15553
15519
15524
15554
15520
15525
15555
15521
15526
15556
15527
15557
46188
15523
15528
15558
15524
15529
15559
15525
15530
15560
15526
15531
15561
15527
15532
15562
15533
15563
46194
15529
15534
15564
15530
15535
15565
15531
15536
15566
15532
15537
15567
15533
15538
15568
15539
15569
46200
15535
15540
15570
15536
15541
15571
15537
15542
15572
15538
15543
15573
15539
15544
15574
15545
15575
46206
15541
15546
15576
15542
15547
15577
15543
15548
15578
15544
15549
15579
15545
15550
15580
15551
15581
46212
15547
15582
35994
15548
15583
35988
15549
15584
35982
15550
15585
35976
15551
15586
35970
15587
35964
46218
15553
15558
15588
15554
15559
15589
15555
15560
15590
15556
15561
15591
15557
15562
15592
15563
15593
46224
15559
15564
15594
15560
15565
15595
15561
15566
15596
15562
15567
15597
15563
15568
15598
15569
15599
46230
15565
15570
15600
15566
15571
15601
15567
15572
15602
15568
15573
15603
15569
15574
15604
15575
15605
46236
15571
15576
15606
15572
15577
15607
15573
15578
15608
15574
15579
15609
15575
15580
15610
15581
15611
46242
15577
15582
15612
15578
15583
15613
15579
15584
15614
15580
15585
15615
15581
15586
15616
15587
15617
46248
15583
15618
36030
15584
15619
36024
15585
15620
36018
15586
15621
36012
15587
15622
36006
15623
36000
46254
15589
15594
15624
15590
15595
15625
15591
15596
15626
15592
15597
15627
15593
15598
15628
15599
15629
46260
15595
15600
15630
15596
15601
15631
15597
15602
15632
15598
15603
15633
15599
15604
15634
15605
15635
46266
15601
15606
15636
15602
15607
15637
15603
15608
15638
15604
15609
15639
15605
15610
15640
15611
15641
46272
15607
15612
15642
15608
15613
15643
15609
15614
15644
15610
15615
15645
15611
15616
15646
15617
15647
46278
15613
15618
15648
15614
15619
15649
15615
15620
15650
15616
15621
15651
15617
15622
15652
15623
15653
46284
15619
15654
36066
15620
15655
36060
15621
15656
36054
15622
15657
36048
15623
15658
36042
15659
36036
46290
15625
15630
15660
15626
15631
15661
15627
15632
15662
15628
15633
15663
15629
15634
15664
15635
15665
46296
15631
15636
15666
15632
15637
15667
15633
15638
15668
15634
15639
15669
15635
15640
15670
15641
15671
46302
15637
15642
15672
15638
15643
15673
15639
15644
15674
15640
15645
15675
15641
15646
15676
15647
15677
46308
15643
15648
15678
15644
15649
15679
15645
15650
15680
15646
15651
15681
15647
15652
15682
15653
15683
46314
15649
15654
15684
15650
15655
15685
15651
15656
15686
15652
15657
15687
15653
15658
15688
15659
15689
46320
15655
15690
36102
15656
15691
36096
15657
15692
36090
15658
15693
36084
15659
15694
36078
15695
36072
46326
15661
15666
15696
15662
15667
15697
15663
15668
15698
15664
15669
15699
15665
15670
15700
15671
15701
46332
15667
15672
15702
15668
15673
15703
15669
15674
15704
15670
15675
15705
15671
15676
15706
15677
15707
46338
15673
15678
15708
15674
15679
15709
15675
15680
15710
15676
15681
15711
15677
15682
15712
15683
15713
46344
15679
15684
15714
15680
15685
15715
15681
15686
15716
15682
15687
15717
15683
15688
15718
15689
15719
46350
15685
15690
15720
15686
15691
15721
15687
15692
15722
15688
15693
15723
15689
15694
15724
15695
15725
46356
15691
15726
36138
15692
15727
36132
15693
15728
36126
15694
15729
36120
15695
15730
36114
15731
36108
46362
15697
15702
15732
15698
15703
15733
15699
15704
15734
15700
15705
15735
15701
15706
15736
15707
15737
46368
15703
15708
15738
15704
15709
15739
15705
15710
15740
15706
15711
15741
15707
15712
15742
15713
15743
46374
15709
15714
15744
15710
15715
15745
15711
15716
15746
15712
15717
15747
15713
15718
15748
15719
15749
46380
15715
15720
15750
15716
15721
15751
15717
15722
15752
15718
15723
15753
15719
15724
15754
15725
15755
46386
15721
15726
15756
15722
15727
15757
15723
15728
15758
15724
15729
15759
15725
15730
15760
15731
15761
46392
15727
15762
36174
15728
15763
36168
15729
15764
36162
15730
15765
36156
15731
15766
36150
15767
36144
46398
15733
15738
15768
15734
15739
15769
15735
15740
15770
15736
15741
15771
15737
15742
15772
15743
15773
46404
15739
15744
15774
15740
15745
15775
15741
15746
15776
15742
15747
15777
15743
15748
15778
15749
15779
46410
15745
15750
15780
15746
15751
15781
15747
15752
15782
15748
15753
15783
15749
15754
15784
15755
15785
46416
15751
15756
15786
15752
15757
15787
15753
15758
15788
15754
15759
15789
15755
15760
15790
15761
15791
46422
15757
15762
15792
15758
15763
15793
15759
15764
15794
15760
15765
15795
15761
15766
15796
15767
15797
46428
15763
15798
36210
15764
15799
36204
15765
15800
36198
15766
15801
36192
15767
15802
36186
15803
36180
46434
15769
15774
15804
15770
15775
15805
15771
15776
15806
15772
15777
15807
15773
15778
15808
15779
15809
46440
15775
15780
15810
15776
15781
15811
15777
15782
15812
15778
15783
15813
15779
15784
15814
15785
15815
46446
15781
15786
15816
15782
15787
15817
15783
15788
15818
15784
15789
15819
15785
15790
15820
15791
15821
46452
15787
15792
15822
15788
15793
15823
15789
15794
15824
15790
15795
15825
15791
15796
15826
15797
15827
46458
15793
15798
15828
15794
15799
15829
15795
15800
15830
15796
15801
15831
15797
15802
15832
15803
15833
46464
15799
15834
36246
15800
15835
36240
15801
15836
36234
15802
15837
36228
15803
15838
36222
15839
36216
46470
15805
15810
15840
15806
15811
15841
15807
15812
15842
15808
15813
15843
15809
15814
15844
15815
15845
46476
15811
15816
15846
15812
15817
15847
15813
15818
15848
15814
15819
15849
15815
15820
15850
15821
15851
46482
15817
15822
15852
15818
15823
15853
15819
15824
15854
15820
15825
15855
15821
15826
15856
15827
15857
46488
15823
15828
15858
15824
15829
15859
15825
15830
15860
15826
15831
15861
15827
15832
15862
15833
15863
46494
15829
15834
15864
15830
15835
15865
15831
15836
15866
15832
15837
15867
15833
15838
15868
15839
15869
46500
15835
15870
36282
15836
15871
36276
15837
15872
36270
15838
15873
36264
15839
15874
36258
15875
36252
46506
15841
15846
15876
15842
15847
15877
15843
15848
15878
15844
15849
15879
15845
15850
15880
15851
15881
46512
15847
15852
15882
15848
15853
15883
15849
15854
15884
15850
15855
15885
15851
15856
15886
15857
15887
46518
15853
15858
15888
15854
15859
15889
15855
15860
15890
15856
15861
15891
15857
15862
15892
15863
15893
46524
15859
15864
15894
15860
15865
15895
15861
15866
15896
15862
15867
15897
15863
15868
15898
15869
15899
46530
15865
15870
15900
15866
15871
15901
15867
15872
15902
15868
15873
15903
15869
15874
15904
15875
15905
46536
15871
15906
36318
15872
15907
36312
15873
15908
36306
15874
15909
36300
15875
15910
36294
15911
36288
46542
15877
15882
15912
15878
15883
15913
15879
15884
15914
15880
15885
15915
15881
15886
15916
15887
15917
46548
15883
15888
15918
15884
15889
15919
15885
15890
15920
15886
15891
15921
15887
15892
15922
15893
15923
46554
15889
15894
15924
15890
15895
15925
15891
15896
15926
15892
15897
15927
15893
15898
15928
15899
15929
46560
15895
15900
15930
15896
15901
15931
15897
15902
15932
15898
15903
15933
15899
15904
15934
15905
15935
46566
15901
15906
15936
15902
15907
15937
15903
15908
15938
15904
15909
15939
15905
15910
15940
15911
15941
46572
15907
15942
36354
15908
15943
36348
15909
15944
36342
15910
15945
36336
15911
15946
36330
15947
36324
46578
15913
15918
15948
15914
15919
15949
15915
15920
15950
15916
15921
15951
15917
15922
15952
15923
15953
46584
15919
15924
15954
15920
15925
15955
15921
15926
15956
15922
15927
15957
15923
15928
15958
15929
15959
46590
15925
15930
15960
15926
15931
15961
15927
15932
15962
15928
15933
15963
15929
15934
15964
15935
15965
46596
15931
15936
15966
15932
15937
15967
15933
15938
15968
15934
15939
15969
15935
15940
15970
15941
15971
46602
15937
15942
15972
15938
15943
15973
15939
15944
15974
15940
15945
15975
15941
15946
15976
15947
15977
46608
15943
15978
36390
15944
15979
36384
15945
15980
36378
15946
15981
36372
15947
15982
36366
15983
36360
46614
15949
15954
15984
15950
15955
15985
15951
15956
15986
15952
15957
15987
15953
15958
15988
15959
15989
46620
15955
15960
15990
15956
15961
15991
15957
15962
15992
15958
15963
15993
15959
15964
15994
15965
15995
46626
15961
15966
15996
15962
15967
15997
15963
15968
15998
15964
15969
15999
15965
15970
16000
15971
16001
46632
15967
15972
16002
15968
15973
16003
15969
15974
16004
15970
15975
16005
15971
15976
16006
15977
16007
46638
15973
15978
16008
15974
15979
16009
15975
15980
16010
15976
15981
16011
15977
15982
16012
15983
16013
46644
15979
16014
36426
15980
16015
36420
15981
16016
36414
15982
16017
36408
15983
16018
36402
16019
36396
46650
15985
15990
16020
15986
15991
16021
15987
15992
16022
15988
15993
16023
15989
15994
16024
15995
16025
46656
15991
15996
16026
15992
15997
16027
15993
15998
16028
15994
15999
16029
15995
16000
16030
16001
16031
46662
15997
16002
16032
15998
16003
16033
15999
16004
16034
16000
16005
16035
16001
16006
16036
16007
16037
46668
16003
16008
16038
16004
16009
16039
16005
16010
16040
16006
16011
16041
16007
16012
16042
16013
16043
46674
16009
16014
16044
16010
16015
16045
16011
16016
16046
16012
16017
16047
16013
16018
16048
16019
16049
46680
16015
16050
36462
16016
16051
36456
16017
16052
36450
16018
16053
36444
16019
16054
36438
16055
36432
46686
16021
16026
16056
16022
16027
16057
16023
16028
16058
16024
16029
16059
16025
16030
16060
16031
16061
46692
16027
16032
16062
16028
16033
16063
16029
16034
16064
16030
16035
16065
16031
16036
16066
16037
16067
46698
16033
16038
16068
16034
16039
16069
16035
16040
16070
16036
16041
16071
16037
16042
16072
16043
16073
46704
16039
16044
16074
16040
16045
16075
16041
16046
16076
16042
16047
16077
16043
16048
16078
16049
16079
46710
16045
16050
16080
16046
16051
16081
16047
16052
16082
16048
16053
16083
16049
16054
16084
16055
16085
46716
16051
16086
36498
16052
16087
36492
16053
16088
36486
16054
16089
36480
16055
16090
36474
16091
36468
46722
16057
16062
16092
16058
16063
16093
16059
16064
16094
16060
16065
16095
16061
16066
16096
16067
16097
46728
16063
16068
16098
16064
16069
16099
16065
16070
16100
16066
16071
16101
16067
16072
16102
16073
16103
46734
16069
16074
16104
16070
16075
16105
16071
16076
16106
16072
16077
16107
16073
16078
16108
16079
16109
46740
16075
16080
16110
16076
16081
16111
16077
16082
16112
16078
16083
16113
16079
16084
16114
16085
16115
46746
16081
16086
16116
16082
16087
16117
16083
16088
16118
16084
16089
16119
16085
16090
16120
16091
16121
46752
16087
16122
36534
16088
16123
36528
16089
16124
36522
16090
16125
36516
16091
16126
36510
16127
36504
46758
16093
16098
16128
16094
16099
16129
16095
16100
16130
16096
16101
16131
16097
16102
16132
16103
16133
46764
16099
16104
16134
16100
16105
16135
16101
16106
16136
16102
16107
16137
16103
16108
16138
16109
16139
46770
16105
16110
16140
16106
16111
16141
16107
16112
16142
16108
16113
16143
16109
16114
16144
16115
16145
46776
16111
16116
16146
16112
16117
16147
16113
16118
16148
16114
16119
16149
16115
16120
16150
16121
16151
46782
16117
16122
16152
16118
16123
16153
16119
16124
16154
16120
16125
16155
16121
16126
16156
16127
16157
46788
16123
16158
36570
16124
16159
36564
16125
16160
36558
16126
16161
36552
16127
16162
36546
16163
36540
46794
16129
16134
16164
16130
16135
16165
16131
16136
16166
16132
16137
16167
16133
16138
16168
16139
16169
46800
16135
16140
16170
16136
16141
16171
16137
16142
16172
16138
16143
16173
16139
16144
16174
16145
16175
46806
16141
16146
16176
16142
16147
16177
16143
16148
16178
16144
16149
16179
16145
16150
16180
16151
16181
46812
16147
16152
16182
16148
16153
16183
16149
16154
16184
16150
16155
16185
16151
16156
16186
16157
16187
46818
16153
16158
16188
16154
16159
16189
16155
16160
16190
16156
16161
16191
16157
16162
16192
16163
16193
46824
16159
16194
36606
16160
16195
36600
16161
16196
36594
16162
16197
36588
16163
16198
36582
16199
36576
46830
16165
16170
16200
16166
16171
16201
16167
16172
16202
16168
16173
16203
16169
16174
16204
16175
16205
46836
16171
16176
16206
16172
16177
16207
16173
16178
16208
16174
16179
16209
16175
16180
16210
16181
16211
46842
16177
16182
16212
16178
16183
16213
16179
16184
16214
16180
16185
16215
16181
16186
16216
16187
16217
46848
16183
16188
16218
16184
16189
16219
16185
16190
16220
16186
16191
16221
16187
16192
16222
16193
16223
46854
16189
16194
16224
16190
16195
16225
16191
16196
16226
16192
16197
16227
16193
16198
16228
16199
16229
46860
16195
16230
36642
16196
16231
36636
16197
16232
36630
16198
16233
36624
16199
16234
36618
16235
36612
46866
16201
16206
16236
16202
16207
16237
16203
16208
16238
16204
16209
16239
16205
16210
16240
16211
16241
46872
16207
16212
16242
16208
16213
16243
16209
16214
16244
16210
16215
16245
16211
16216
16246
16217
16247
46878
16213
16218
16248
16214
16219
16249
16215
16220
16250
16216
16221
16251
16217
16222
16252
16223
16253
46884
16219
16224
16254
16220
16225
16255
16221
16226
16256
16222
16227
16257
16223
16228
16258
16229
16259
46890
16225
16230
16260
16226
16231
16261
16227
16232
16262
16228
16233
16263
16229
16234
16264
16235
16265
46896
16231
16266
36678
16232
16267
36672
16233
16268
36666
16234
16269
36660
16235
16270
36654
16271
36648
46902
16237
16242
16272
16238
16243
16273
16239
16244
16274
16240
16245
16275
16241
16246
16276
16247
16277
46908
16243
16248
16278
16244
16249
16279
16245
16250
16280
16246
16251
16281
16247
16252
16282
16253
16283
46914
16249
16254
16284
16250
16255
16285
16251
16256
16286
16252
16257
16287
16253
16258
16288
16259
16289
46920
16255
16260
16290
16256
16261
16291
16257
16262
16292
16258
16263
16293
16259
16264
16294
16265
16295
46926
16261
16266
16296
16262
16267
16297
16263
16268
16298
16264
16269
16299
16265
16270
16300
16271
16301
46932
16267
16302
36714
16268
16303
36708
16269
16304
36702
16270
16305
36696
16271
16306
36690
16307
36684
46938
16273
16278
16308
16274
16279
16309
16275
16280
16310
16276
16281
16311
16277
16282
16312
16283
16313
46944
16279
16284
16314
16280
16285
16315
16281
16286
16316
16282
16287
16317
16283
16288
16318
16289
16319
46950
16285
16290
16320
16286
16291
16321
16287
16292
16322
16288
16293
16323
16289
16294
16324
16295
16325
46956
16291
16296
16326
16292
16297
16327
16293
16298
16328
16294
16299
16329
16295
16300
16330
16301
16331
46962
16297
16302
16332
16298
16303
16333
16299
16304
16334
16300
16305
16335
16301
16306
16336
16307
16337
46968
16303
16338
36750
16304
16339
36744
16305
16340
36738
16306
16341
36732
16307
16342
36726
16343
36720
46974
16309
16314
16344
16310
16315
16345
16311
16316
16346
16312
16317
16347
16313
16318
16348
16319
16349
46980
16315
16320
16350
16316
16321
16351
16317
16322
16352
16318
16323
16353
16319
16324
16354
16325
16355
46986
16321
16326
16356
16322
16327
16357
16323
16328
16358
16324
16329
16359
16325
16330
16360
16331
16361
46992
16327
16332
16362
16328
16333
16363
16329
16334
16364
16330
16335
16365
16331
16336
16366
16337
16367
46998
16333
16338
16368
16334
16339
16369
16335
16340
16370
16336
16341
16371
16337
16342
16372
16343
16373
47004
16339
16374
36786
16340
16375
36780
16341
16376
36774
16342
16377
36768
16343
16378
36762
16379
36756
47010
16345
16350
16380
16346
16351
16381
16347
16352
16382
16348
16353
16383
16349
16354
16384
16355
16385
47016
16351
16356
16386
16352
16357
16387
16353
16358
16388
16354
16359
16389
16355
16360
16390
16361
16391
47022
16357
16362
16392
16358
16363
16393
16359
16364
16394
16360
16365
16395
16361
16366
16396
16367
16397
47028
16363
16368
16398
16364
16369
16399
16365
16370
16400
16366
16371
16401
16367
16372
16402
16373
16403
47034
16369
16374
16404
16370
16375
16405
16371
16376
16406
16372
16377
16407
16373
16378
16408
16379
16409
47040
16375
16410
36822
16376
16411
36816
16377
16412
36810
16378
16413
36804
16379
16414
36798
16415
36792
47046
16381
16386
16416
16382
16387
16417
16383
16388
16418
16384
16389
16419
16385
16390
16420
16391
16421
47052
16387
16392
16422
16388
16393
16423
16389
16394
16424
16390
16395
16425
16391
16396
16426
16397
16427
47058
16393
16398
16428
16394
16399
16429
16395
16400
16430
16396
16401
16431
16397
16402
16432
16403
16433
47064
16399
16404
16434
16400
16405
16435
16401
16406
16436
16402
16407
16437
16403
16408
16438
16409
16439
47070
16405
16410
16440
16406
16411
16441
16407
16412
16442
16408
16413
16443
16409
16414
16444
16415
16445
47076
16411
16446
36858
16412
16447
36852
16413
16448
36846
16414
16449
36840
16415
16450
36834
16451
36828
47082
16417
16422
16452
16418
16423
16453
16419
16424
16454
16420
16425
16455
16421
16426
16456
16427
16457
47088
16423
16428
16458
16424
16429
16459
16425
16430
16460
16426
16431
16461
16427
16432
16462
16433
16463
47094
16429
16434
16464
16430
16435
16465
16431
16436
16466
16432
16437
16467
16433
16438
16468
16439
16469
47100
16435
16440
16470
16436
16441
16471
16437
16442
16472
16438
16443
16473
16439
16444
16474
16445
16475
47106
16441
16446
16476
16442
16447
16477
16443
16448
16478
16444
16449
16479
16445
16450
16480
16451
16481
47112
16447
16482
36894
16448
16483
36888
16449
16484
36882
16450
16485
36876
16451
16486
36870
16487
36864
47118
16453
16458
16488
16454
16459
16489
16455
16460
16490
16456
16461
16491
16457
16462
16492
16463
16493
47124
16459
16464
16494
16460
16465
16495
16461
16466
16496
16462
16467
16497
16463
16468
16498
16469
16499
47130
16465
16470
16500
16466
16471
16501
16467
16472
16502
16468
16473
16503
16469
16474
16504
16475
16505
47136
16471
16476
16506
16472
16477
16507
16473
16478
16508
16474
16479
16509
16475
16480
16510
16481
16511
47142
16477
16482
16512
16478
16483
16513
16479
16484
16514
16480
16485
16515
16481
16486
16516
16487
16517
47148
16483
16518
36930
16484
16519
36924
16485
16520
36918
16486
16521
36912
16487
16522
36906
16523
36900
47154
16489
16494
16524
16490
16495
16525
16491
16496
16526
16492
16497
16527
16493
16498
16528
16499
16529
47160
16495
16500
16530
16496
16501
16531
16497
16502
16532
16498
16503
16533
16499
16504
16534
16505
16535
47166
16501
16506
16536
16502
16507
16537
16503
16508
16538
16504
16509
16539
16505
16510
16540
16511
16541
47172
16507
16512
16542
16508
16513
16543
16509
16514
16544
16510
16515
16545
16511
16516
16546
16517
16547
47178
16513
16518
16548
16514
16519
16549
16515
16520
16550
16516
16521
16551
16517
16522
16552
16523
16553
47184
16519
16554
36966
16520
16555
36960
16521
16556
36954
16522
16557
36948
16523
16558
36942
16559
36936
47190
16525
16530
16560
16526
16531
16561
16527
16532
16562
16528
16533
16563
16529
16534
16564
16535
16565
47196
16531
16536
16566
16532
16537
16567
16533
16538
16568
16534
16539
16569
16535
16540
16570
16541
16571
47202
16537
16542
16572
16538
16543
16573
16539
16544
16574
16540
16545
16575
16541
16546
16576
16547
16577
47208
16543
16548
16578
16544
16549
16579
16545
16550
16580
16546
16551
16581
16547
16552
16582
16553
16583
47214
16549
16554
16584
16550
16555
16585
16551
16556
16586
16552
16557
16587
16553
16558
16588
16559
16589
47220
16555
16590
37002
16556
16591
36996
16557
16592
36990
16558
16593
36984
16559
16594
36978
16595
36972
47226
16561
16566
16596
16562
16567
16597
16563
16568
16598
16564
16569
16599
16565
16570
16600
16571
16601
47232
16567
16572
16602
16568
16573
16603
16569
16574
16604
16570
16575
16605
16571
16576
16606
16577
16607
47238
16573
16578
16608
16574
16579
16609
16575
16580
16610
16576
16581
16611
16577
16582
16612
16583
16613
47244
16579
16584
16614
16580
16585
16615
16581
16586
16616
16582
16587
16617
16583
16588
16618
16589
16619
47250
16585
16590
16620
16586
16591
16621
16587
16592
16622
16588
16593
16623
16589
16594
16624
16595
16625
47256
16591
16626
37038
16592
16627
37032
16593
16628
37026
16594
16629
37020
16595
16630
37014
16631
37008
47262
16597
16602
16632
16598
16603
16633
16599
16604
16634
16600
16605
16635
16601
16606
16636
16607
16637
47268
16603
16608
16638
16604
16609
16639
16605
16610
16640
16606
16611
16641
16607
16612
16642
16613
16643
47274
16609
16614
16644
16610
16615
16645
16611
16616
16646
16612
16617
16647
16613
16618
16648
16619
16649
47280
16615
16620
16650
16616
16621
16651
16617
16622
16652
16618
16623
16653
16619
16624
16654
16625
16655
47286
16621
16626
16656
16622
16627
16657
16623
16628
16658
16624
16629
16659
16625
16630
16660
16631
16661
47292
16627
16662
37074
16628
16663
37068
16629
16664
37062
16630
16665
37056
16631
16666
37050
16667
37044
47298
16633
16638
16668
16634
16639
16669
16635
16640
16670
16636
16641
16671
16637
16642
16672
16643
16673
47304
16639
16644
16674
16640
16645
16675
16641
16646
16676
16642
16647
16677
16643
16648
16678
16649
16679
47310
16645
16650
16680
16646
16651
16681
16647
16652
16682
16648
16653
16683
16649
16654
16684
16655
16685
47316
16651
16656
16686
16652
16657
16687
16653
16658
16688
16654
16659
16689
16655
16660
16690
16661
16691
47322
16657
16662
16692
16658
16663
16693
16659
16664
16694
16660
16665
16695
16661
16666
16696
16667
16697
47328
16663
16698
37110
16664
16699
37104
16665
16700
37098
16666
16701
37092
16667
16702
37086
16703
37080
47334
16669
16674
16704
16670
16675
16705
16671
16676
16706
16672
16677
16707
16673
16678
16708
16679
16709
47340
16675
16680
16710
16676
16681
16711
16677
16682
16712
16678
16683
16713
16679
16684
16714
16685
16715
47346
16681
16686
16716
16682
16687
16717
16683
16688
16718
16684
16689
16719
16685
16690
16720
16691
16721
47352
16687
16692
16722
16688
16693
16723
16689
16694
16724
16690
16695
16725
16691
16696
16726
16697
16727
47358
16693
16698
16728
16694
16699
16729
16695
16700
16730
16696
16701
16731
16697
16702
16732
16703
16733
47364
16699
16734
37146
16700
16735
37140
16701
16736
37134
16702
16737
37128
16703
16738
37122
16739
37116
47370
16705
16710
16740
16706
16711
16741
16707
16712
16742
16708
16713
16743
16709
16714
16744
16715
16745
47376
16711
16716
16746
16712
16717
16747
16713
16718
16748
16714
16719
16749
16715
16720
16750
16721
16751
47382
16717
16722
16752
16718
16723
16753
16719
16724
16754
16720
16725
16755
16721
16726
16756
16727
16757
47388
16723
16728
16758
16724
16729
16759
16725
16730
16760
16726
16731
16761
16727
16732
16762
16733
16763
47394
16729
16734
16764
16730
16735
16765
16731
16736
16766
16732
16737
16767
16733
16738
16768
16739
16769
47400
16735
16770
37182
16736
16771
37176
16737
16772
37170
16738
16773
37164
16739
16774
37158
16775
37152
47406
16741
16746
16776
16742
16747
16777
16743
16748
16778
16744
16749
16779
16745
16750
16780
16751
16781
47412
16747
16752
16782
16748
16753
16783
16749
16754
16784
16750
16755
16785
16751
16756
16786
16757
16787
47418
16753
16758
16788
16754
16759
16789
16755
16760
16790
16756
16761
16791
16757
16762
16792
16763
16793
47424
16759
16764
16794
16760
16765
16795
16761
16766
16796
16762
16767
16797
16763
16768
16798
16769
16799
47430
16765
16770
16800
16766
16771
16801
16767
16772
16802
16768
16773
16803
16769
16774
16804
16775
16805
47436
16771
16806
37218
16772
16807
37212
16773
16808
37206
16774
16809
37200
16775
16810
37194
16811
37188
47442
16777
16782
16812
16778
16783
16813
16779
16784
16814
16780
16785
16815
16781
16786
16816
16787
16817
47448
16783
16788
16818
16784
16789
16819
16785
16790
16820
16786
16791
16821
16787
16792
16822
16793
16823
47454
16789
16794
16824
16790
16795
16825
16791
16796
16826
16792
16797
16827
16793
16798
16828
16799
16829
47460
16795
16800
16830
16796
16801
16831
16797
16802
16832
16798
16803
16833
16799
16804
16834
16805
16835
47466
16801
16806
16836
16802
16807
16837
16803
16808
16838
16804
16809
16839
16805
16810
16840
16811
16841
47472
16807
16842
37254
16808
16843
37248
16809
16844
37242
16810
16845
37236
16811
16846
37230
16847
37224
47478
16813
16818
16848
16814
16819
16849
16815
16820
16850
16816
16821
16851
16817
16822
16852
16823
16853
47484
16819
16824
16854
16820
16825
16855
16821
16826
16856
16822
16827
16857
16823
16828
16858
16829
16859
47490
16825
16830
16860
16826
16831
16861
16827
16832
16862
16828
16833
16863
16829
16834
16864
16835
16865
47496
16831
16836
16866
16832
16837
16867
16833
16838
16868
16834
16839
16869
16835
16840
16870
16841
16871
47502
16837
16842
16872
16838
16843
16873
16839
16844
16874
16840
16845
16875
16841
16846
16876
16847
16877
47508
16843
16878
37290
16844
16879
37284
16845
16880
37278
16846
16881
37272
16847
16882
37266
16883
37260
47514
16849
16854
16884
16850
16855
16885
16851
16856
16886
16852
16857
16887
16853
16858
16888
16859
16889
47520
16855
16860
16890
16856
16861
16891
16857
16862
16892
16858
16863
16893
16859
16864
16894
16865
16895
47526
16861
16866
16896
16862
16867
16897
16863
16868
16898
16864
16869
16899
16865
16870
16900
16871
16901
47532
16867
16872
16902
16868
16873
16903
16869
16874
16904
16870
16875
16905
16871
16876
16906
16877
16907
47538
16873
16878
16908
16874
16879
16909
16875
16880
16910
16876
16881
16911
16877
16882
16912
16883
16913
47544
16879
16914
37326
16880
16915
37320
16881
16916
37314
16882
16917
37308
16883
16918
37302
16919
37296
47550
16885
16890
16920
16886
16891
16921
16887
16892
16922
16888
16893
16923
16889
16894
16924
16895
16925
47556
16891
16896
16926
16892
16897
16927
16893
16898
16928
16894
16899
16929
16895
16900
16930
16901
16931
47562
16897
16902
16932
16898
16903
16933
16899
16904
16934
16900
16905
16935
16901
16906
16936
16907
16937
47568
16903
16908
16938
16904
16909
16939
16905
16910
16940
16906
16911
16941
16907
16912
16942
16913
16943
47574
16909
16914
16944
16910
16915
16945
16911
16916
16946
16912
16917
16947
16913
16918
16948
16919
16949
47580
16915
16950
37362
16916
16951
37356
16917
16952
37350
16918
16953
37344
16919
16954
37338
16955
37332
47586
16921
16926
16956
16922
16927
16957
16923
16928
16958
16924
16929
16959
16925
16930
16960
16931
16961
47592
16927
16932
16962
16928
16933
16963
16929
16934
16964
16930
16935
16965
16931
16936
16966
16937
16967
47598
16933
16938
16968
16934
16939
16969
16935
16940
16970
16936
16941
16971
16937
16942
16972
16943
16973
47604
16939
16944
16974
16940
16945
16975
16941
16946
16976
16942
16947
16977
16943
16948
16978
16949
16979
47610
16945
16950
16980
16946
16951
16981
16947
16952
16982
16948
16953
16983
16949
16954
16984
16955
16985
47616
16951
16986
37398
16952
16987
37392
16953
16988
37386
16954
16989
37380
16955
16990
37374
16991
37368
47622
16957
16962
16992
16958
16963
16993
16959
16964
16994
16960
16965
16995
16961
16966
16996
16967
16997
47628
16963
16968
16998
16964
16969
16999
16965
16970
17000
16966
16971
17001
16967
16972
17002
16973
17003
47634
16969
16974
17004
16970
16975
17005
16971
16976
17006
16972
16977
17007
16973
16978
17008
16979
17009
47640
16975
16980
17010
16976
16981
17011
16977
16982
17012
16978
16983
17013
16979
16984
17014
16985
17015
47646
16981
16986
17016
16982
16987
17017
16983
16988
17018
16984
16989
17019
16985
16990
17020
16991
17021
47652
16987
17022
37434
16988
17023
37428
16989
17024
37422
16990
17025
37416
16991
17026
37410
17027
37404
47658
16993
16998
17028
16994
16999
17029
16995
17000
17030
16996
17001
17031
16997
17002
17032
17003
17033
47664
16999
17004
17034
17000
17005
17035
17001
17006
17036
17002
17007
17037
17003
17008
17038
17009
17039
47670
17005
17010
17040
17006
17011
17041
17007
17012
17042
17008
17013
17043
17009
17014
17044
17015
17045
47676
17011
17016
17046
17012
17017
17047
17013
17018
17048
17014
17019
17049
17015
17020
17050
17021
17051
47682
17017
17022
17052
17018
17023
17053
17019
17024
17054
17020
17025
17055
17021
17026
17056
17027
17057
47688
17023
17058
37470
17024
17059
37464
17025
17060
37458
17026
17061
37452
17027
17062
37446
17063
37440
47694
17029
17034
17064
17030
17035
17065
17031
17036
17066
17032
17037
17067
17033
17038
17068
17039
17069
47700
17035
17040
17070
17036
17041
17071
17037
17042
17072
17038
17043
17073
17039
17044
17074
17045
17075
47706
17041
17046
17076
17042
17047
17077
17043
17048
17078
17044
17049
17079
17045
17050
17080
17051
17081
47712
17047
17052
17082
17048
17053
17083
17049
17054
17084
17050
17055
17085
17051
17056
17086
17057
17087
47718
17053
17058
17088
17054
17059
17089
17055
17060
17090
17056
17061
17091
17057
17062
17092
17063
17093
47724
17059
17094
37506
17060
17095
37500
17061
17096
37494
17062
17097
37488
17063
17098
37482
17099
37476
47730
17065
17070
17100
17066
17071
17101
17067
17072
17102
17068
17073
17103
17069
17074
17104
17075
17105
47736
17071
17076
17106
17072
17077
17107
17073
17078
17108
17074
17079
17109
17075
17080
17110
17081
17111
47742
17077
17082
17112
17078
17083
17113
17079
17084
17114
17080
17085
17115
17081
17086
17116
17087
17117
47748
17083
17088
17118
17084
17089
17119
17085
17090
17120
17086
17091
17121
17087
17092
17122
17093
17123
47754
17089
17094
17124
17090
17095
17125
17091
17096
17126
17092
17097
17127
17093
17098
17128
17099
17129
47760
17095
17130
37542
17096
17131
37536
17097
17132
37530
17098
17133
37524
17099
17134
37518
17135
37512
47766
17101
17106
17136
17102
17107
17137
17103
17108
17138
17104
17109
17139
17105
17110
17140
17111
17141
47772
17107
17112
17142
17108
17113
17143
17109
17114
17144
17110
17115
17145
17111
17116
17146
17117
17147
47778
17113
17118
17148
17114
17119
17149
17115
17120
17150
17116
17121
17151
17117
17122
17152
17123
17153
47784
17119
17124
17154
17120
17125
17155
17121
17126
17156
17122
17127
17157
17123
17128
17158
17129
17159
47790
17125
17130
17160
17126
17131
17161
17127
17132
17162
17128
17133
17163
17129
17134
17164
17135
17165
47796
17131
17166
37578
17132
17167
37572
17133
17168
37566
17134
17169
37560
17135
17170
37554
17171
37548
47802
17137
17142
17172
17138
17143
17173
17139
17144
17174
17140
17145
17175
17141
17146
17176
17147
17177
47808
17143
17148
17178
17144
17149
17179
17145
17150
17180
17146
17151
17181
17147
17152
17182
17153
17183
47814
17149
17154
17184
17150
17155
17185
17151
17156
17186
17152
17157
17187
17153
17158
17188
17159
17189
47820
17155
17160
17190
17156
17161
17191
17157
17162
17192
17158
17163
17193
17159
17164
17194
17165
17195
47826
17161
17166
17196
17162
17167
17197
17163
17168
17198
17164
17169
17199
17165
17170
17200
17171
17201
47832
17167
17202
37614
17168
17203
37608
17169
17204
37602
17170
17205
37596
17171
17206
37590
17207
37584
47838
17173
17178
17208
17174
17179
17209
17175
17180
17210
17176
17181
17211
17177
17182
17212
17183
17213
47844
17179
17184
17214
17180
17185
17215
17181
17186
17216
17182
17187
17217
17183
17188
17218
17189
17219
47850
17185
17190
17220
17186
17191
17221
17187
17192
17222
17188
17193
17223
17189
17194
17224
17195
17225
47856
17191
17196
17226
17192
17197
17227
17193
17198
17228
17194
17199
17229
17195
17200
17230
17201
17231
47862
17197
17202
17232
17198
17203
17233
17199
17204
17234
17200
17205
17235
17201
17206
17236
17207
17237
47868
17203
17238
37650
17204
17239
37644
17205
17240
37638
17206
17241
37632
17207
17242
37626
17243
37620
47874
17209
17214
17244
17210
17215
17245
17211
17216
17246
17212
17217
17247
17213
17218
17248
17219
17249
47880
17215
17220
17250
17216
17221
17251
17217
17222
17252
17218
17223
17253
17219
17224
17254
17225
17255
47886
17221
17226
17256
17222
17227
17257
17223
17228
17258
17224
17229
17259
17225
17230
17260
17231
17261
47892
17227
17232
17262
17228
17233
17263
17229
17234
17264
17230
17235
17265
17231
17236
17266
17237
17267
47898
17233
17238
17268
17234
17239
17269
17235
17240
17270
17236
17241
17271
17237
17242
17272
17243
17273
47904
17239
17274
37686
17240
17275
37680
17241
17276
37674
17242
17277
37668
17243
17278
37662
17279
37656
47910
17245
17250
17280
17246
17251
17281
17247
17252
17282
17248
17253
17283
17249
17254
17284
17255
17285
47916
17251
17256
17286
17252
17257
17287
17253
17258
17288
17254
17259
17289
17255
17260
17290
17261
17291
47922
17257
17262
17292
17258
17263
17293
17259
17264
17294
17260
17265
17295
17261
17266
17296
17267
17297
47928
17263
17268
17298
17264
17269
17299
17265
17270
17300
17266
17271
17301
17267
17272
17302
17273
17303
47934
17269
17274
17304
17270
17275
17305
17271
17276
17306
17272
17277
17307
17273
17278
17308
17279
17309
47940
17275
17310
37722
17276
17311
37716
17277
17312
37710
17278
17313
37704
17279
17314
37698
17315
37692
47946
17281
17286
17316
17282
17287
17317
17283
17288
17318
17284
17289
17319
17285
17290
17320
17291
17321
47952
17287
17292
17322
17288
17293
17323
17289
17294
17324
17290
17295
17325
17291
17296
17326
17297
17327
47958
17293
17298
17328
17294
17299
17329
17295
17300
17330
17296
17301
17331
17297
17302
17332
17303
17333
47964
17299
17304
17334
17300
17305
17335
17301
17306
17336
17302
17307
17337
17303
17308
17338
17309
17339
47970
17305
17310
17340
17306
17311
17341
17307
17312
17342
17308
17313
17343
17309
17314
17344
17315
17345
47976
17311
17346
37758
17312
17347
37752
17313
17348
37746
17314
17349
37740
17315
17350
37734
17351
37728
47982
17317
17322
17352
17318
17323
17353
17319
17324
17354
17320
17325
17355
17321
17326
17356
17327
17357
47988
17323
17328
17358
17324
17329
17359
17325
17330
17360
17326
17331
17361
17327
17332
17362
17333
17363
47994
17329
17334
17364
17330
17335
17365
17331
17336
17366
17332
17337
17367
17333
17338
17368
17339
17369
48000
17335
17340
17370
17336
17341
17371
17337
17342
17372
17338
17343
17373
17339
17344
17374
17345
17375
48006
17341
17346
17376
17342
17347
17377
17343
17348
17378
17344
17349
17379
17345
17350
17380
17351
17381
48012
17347
17382
37794
17348
17383
37788
17349
17384
37782
17350
17385
37776
17351
17386
37770
17387
37764
48018
17353
17358
17388
17354
17359
17389
17355
17360
17390
17356
17361
17391
17357
17362
17392
17363
17393
48024
17359
17364
17394
17360
17365
17395
17361
17366
17396
17362
17367
17397
17363
17368
17398
17369
17399
48030
17365
17370
17400
17366
17371
17401
17367
17372
17402
17368
17373
17403
17369
17374
17404
17375
17405
48036
17371
17376
17406
17372
17377
17407
17373
17378
17408
17374
17379
17409
17375
17380
17410
17381
17411
48042
17377
17382
17412
17378
17383
17413
17379
17384
17414
17380
17385
17415
17381
17386
17416
17387
17417
48048
17383
17418
37830
17384
17419
37824
17385
17420
37818
17386
17421
37812
17387
17422
37806
17423
37800
48054
17389
17394
17424
17390
17395
17425
17391
17396
17426
17392
17397
17427
17393
17398
17428
17399
17429
48060
17395
17400
17430
17396
17401
17431
17397
17402
17432
17398
17403
17433
17399
17404
17434
17405
17435
48066
17401
17406
17436
17402
17407
17437
17403
17408
17438
17404
17409
17439
17405
17410
17440
17411
17441
48072
17407
17412
17442
17408
17413
17443
17409
17414
17444
17410
17415
17445
17411
17416
17446
17417
17447
48078
17413
17418
17448
17414
17419
17449
17415
17420
17450
17416
17421
17451
17417
17422
17452
17423
17453
48084
17419
17454
37866
17420
17455
37860
17421
17456
37854
17422
17457
37848
17423
17458
37842
17459
37836
48090
17425
17430
17460
17426
17431
17461
17427
17432
17462
17428
17433
17463
17429
17434
17464
17435
17465
48096
17431
17436
17466
17432
17437
17467
17433
17438
17468
17434
17439
17469
17435
17440
17470
17441
17471
48102
17437
17442
17472
17438
17443
17473
17439
17444
17474
17440
17445
17475
17441
17446
17476
17447
17477
48108
17443
17448
17478
17444
17449
17479
17445
17450
17480
17446
17451
17481
17447
17452
17482
17453
17483
48114
17449
17454
17484
17450
17455
17485
17451
17456
17486
17452
17457
17487
17453
17458
17488
17459
17489
48120
17455
17490
37902
17456
17491
37896
17457
17492
37890
17458
17493
37884
17459
17494
37878
17495
37872
48126
17461
17466
17496
17462
17467
17497
17463
17468
17498
17464
17469
17499
17465
17470
17500
17471
17501
48132
17467
17472
17502
17468
17473
17503
17469
17474
17504
17470
17475
17505
17471
17476
17506
17477
17507
48138
17473
17478
17508
17474
17479
17509
17475
17480
17510
17476
17481
17511
17477
17482
17512
17483
17513
48144
17479
17484
17514
17480
17485
17515
17481
17486
17516
17482
17487
17517
17483
17488
17518
17489
17519
48150
17485
17490
17520
17486
17491
17521
17487
17492
17522
17488
17493
17523
17489
17494
17524
17495
17525
48156
17491
17526
37938
17492
17527
37932
17493
17528
37926
17494
17529
37920
17495
17530
37914
17531
37908
48162
17497
17502
17532
17498
17503
17533
17499
17504
17534
17500
17505
17535
17501
17506
17536
17507
17537
48168
17503
17508
17538
17504
17509
17539
17505
17510
17540
17506
17511
17541
17507
17512
17542
17513
17543
48174
17509
17514
17544
17510
17515
17545
17511
17516
17546
17512
17517
17547
17513
17518
17548
17519
17549
48180
17515
17520
17550
17516
17521
17551
17517
17522
17552
17518
17523
17553
17519
17524
17554
17525
17555
48186
17521
17526
17556
17522
17527
17557
17523
17528
17558
17524
17529
17559
17525
17530
17560
17531
17561
48192
17527
17562
37974
17528
17563
37968
17529
17564
37962
17530
17565
37956
17531
17566
37950
17567
37944
48198
17533
17538
17568
17534
17539
17569
17535
17540
17570
17536
17541
17571
17537
17542
17572
17543
17573
48204
17539
17544
17574
17540
17545
17575
17541
17546
17576
17542
17547
17577
17543
17548
17578
17549
17579
48210
17545
17550
17580
17546
17551
17581
17547
17552
17582
17548
17553
17583
17549
17554
17584
17555
17585
48216
17551
17556
17586
17552
17557
17587
17553
17558
17588
17554
17559
17589
17555
17560
17590
17561
17591
48222
17557
17562
17592
17558
17563
17593
17559
17564
17594
17560
17565
17595
17561
17566
17596
17567
17597
48228
17563
17598
38010
17564
17599
38004
17565
17600
37998
17566
17601
37992
17567
17602
37986
17603
37980
48234
17569
17574
17604
17570
17575
17605
17571
17576
17606
17572
17577
17607
17573
17578
17608
17579
17609
48240
17575
17580
17610
17576
17581
17611
17577
17582
17612
17578
17583
17613
17579
17584
17614
17585
17615
48246
17581
17586
17616
17582
17587
17617
17583
17588
17618
17584
17589
17619
17585
17590
17620
17591
17621
48252
17587
17592
17622
17588
17593
17623
17589
17594
17624
17590
17595
17625
17591
17596
17626
17597
17627
48258
17593
17598
17628
17594
17599
17629
17595
17600
17630
17596
17601
17631
17597
17602
17632
17603
17633
48264
17599
17634
38046
17600
17635
38040
17601
17636
38034
17602
17637
38028
17603
17638
38022
17639
38016
48270
17605
17610
17640
17606
17611
17641
17607
17612
17642
17608
17613
17643
17609
17614
17644
17615
17645
48276
17611
17616
17646
17612
17617
17647
17613
17618
17648
17614
17619
17649
17615
17620
17650
17621
17651
48282
17617
17622
17652
17618
17623
17653
17619
17624
17654
17620
17625
17655
17621
17626
17656
17627
17657
48288
17623
17628
17658
17624
17629
17659
17625
17630
17660
17626
17631
17661
17627
17632
17662
17633
17663
48294
17629
17634
17664
17630
17635
17665
17631
17636
17666
17632
17637
17667
17633
17638
17668
17639
17669
48300
17635
17670
38082
17636
17671
38076
17637
17672
38070
17638
17673
38064
17639
17674
38058
17675
38052
48306
17641
17646
17676
17642
17647
17677
17643
17648
17678
17644
17649
17679
17645
17650
17680
17651
17681
48312
17647
17652
17682
17648
17653
17683
17649
17654
17684
17650
17655
17685
17651
17656
17686
17657
17687
48318
17653
17658
17688
17654
17659
17689
17655
17660
17690
17656
17661
17691
17657
17662
17692
17663
17693
48324
17659
17664
17694
17660
17665
17695
17661
17666
17696
17662
17667
17697
17663
17668
17698
17669
17699
48330
17665
17670
17700
17666
17671
17701
17667
17672
17702
17668
17673
17703
17669
17674
17704
17675
17705
48336
17671
17706
38118
17672
17707
38112
17673
17708
38106
17674
17709
38100
17675
17710
38094
17711
38088
48342
17677
17682
17712
17678
17683
17713
17679
17684
17714
17680
17685
17715
17681
17686
17716
17687
17717
48348
17683
17688
17718
17684
17689
17719
17685
17690
17720
17686
17691
17721
17687
17692
17722
17693
17723
48354
17689
17694
17724
17690
17695
17725
17691
17696
17726
17692
17697
17727
17693
17698
17728
17699
17729
48360
17695
17700
17730
17696
17701
17731
17697
17702
17732
17698
17703
17733
17699
17704
17734
17705
17735
48366
17701
17706
17736
17702
17707
17737
17703
17708
17738
17704
17709
17739
17705
17710
17740
17711
17741
48372
17707
17742
38154
17708
17743
38148
17709
17744
38142
17710
17745
38136
17711
17746
38130
17747
38124
48378
17713
17718
17748
17714
17719
17749
17715
17720
17750
17716
17721
17751
17717
17722
17752
17723
17753
48384
17719
17724
17754
17720
17725
17755
17721
17726
17756
17722
17727
17757
17723
17728
17758
17729
17759
48390
17725
17730
17760
17726
17731
17761
17727
17732
17762
17728
17733
17763
17729
17734
17764
17735
17765
48396
17731
17736
17766
17732
17737
17767
17733
17738
17768
17734
17739
17769
17735
17740
17770
17741
17771
48402
17737
17742
17772
17738
17743
17773
17739
17744
17774
17740
17745
17775
17741
17746
17776
17747
17777
48408
17743
17778
38190
17744
17779
38184
17745
17780
38178
17746
17781
38172
17747
17782
38166
17783
38160
48414
17749
17754
17784
17750
17755
17785
17751
17756
17786
17752
17757
17787
17753
17758
17788
17759
17789
48420
17755
17760
17790
17756
17761
17791
17757
17762
17792
17758
17763
17793
17759
17764
17794
17765
17795
48426
17761
17766
17796
17762
17767
17797
17763
17768
17798
17764
17769
17799
17765
17770
17800
17771
17801
48432
17767
17772
17802
17768
17773
17803
17769
17774
17804
17770
17775
17805
17771
17776
17806
17777
17807
48438
17773
17778
17808
17774
17779
17809
17775
17780
17810
17776
17781
17811
17777
17782
17812
17783
17813
48444
17779
17814
38226
17780
17815
38220
17781
17816
38214
17782
17817
38208
17783
17818
38202
17819
38196
48450
17785
17790
17820
17786
17791
17821
17787
17792
17822
17788
17793
17823
17789
17794
17824
17795
17825
48456
17791
17796
17826
17792
17797
17827
17793
17798
17828
17794
17799
17829
17795
17800
17830
17801
17831
48462
17797
17802
17832
17798
17803
17833
17799
17804
17834
17800
17805
17835
17801
17806
17836
17807
17837
48468
17803
17808
17838
17804
17809
17839
17805
17810
17840
17806
17811
17841
17807
17812
17842
17813
17843
48474
17809
17814
17844
17810
17815
17845
17811
17816
17846
17812
17817
17847
17813
17818
17848
17819
17849
48480
17815
17850
38262
17816
17851
38256
17817
17852
38250
17818
17853
38244
17819
17854
38238
17855
38232
48486
17821
17826
17856
17822
17827
17857
17823
17828
17858
17824
17829
17859
17825
17830
17860
17831
17861
48492
17827
17832
17862
17828
17833
17863
17829
17834
17864
17830
17835
17865
17831
17836
17866
17837
17867
48498
17833
17838
17868
17834
17839
17869
17835
17840
17870
17836
17841
17871
17837
17842
17872
17843
17873
48504
17839
17844
17874
17840
17845
17875
17841
17846
17876
17842
17847
17877
17843
17848
17878
17849
17879
48510
17845
17850
17880
17846
17851
17881
17847
17852
17882
17848
17853
17883
17849
17854
17884
17855
17885
48516
17851
17886
38298
17852
17887
38292
17853
17888
38286
17854
17889
38280
17855
17890
38274
17891
38268
48522
17857
17862
17892
17858
17863
17893
17859
17864
17894
17860
17865
17895
17861
17866
17896
17867
17897
48528
17863
17868
17898
17864
17869
17899
17865
17870
17900
17866
17871
17901
17867
17872
17902
17873
17903
48534
17869
17874
17904
17870
17875
17905
17871
17876
17906
17872
17877
17907
17873
17878
17908
17879
17909
48540
17875
17880
17910
17876
17881
17911
17877
17882
17912
17878
17883
17913
17879
17884
17914
17885
17915
48546
17881
17886
17916
17882
17887
17917
17883
17888
17918
17884
17889
17919
17885
17890
17920
17891
17921
48552
17887
17922
38334
17888
17923
38328
17889
17924
38322
17890
17925
38316
17891
17926
38310
17927
38304
48558
17893
17898
17928
17894
17899
17929
17895
17900
17930
17896
17901
17931
17897
17902
17932
17903
17933
48564
17899
17904
17934
17900
17905
17935
17901
17906
17936
17902
17907
17937
17903
17908
17938
17909
17939
48570
17905
17910
17940
17906
17911
17941
17907
17912
17942
17908
17913
17943
17909
17914
17944
17915
17945
48576
17911
17916
17946
17912
17917
17947
17913
17918
17948
17914
17919
17949
17915
17920
17950
17921
17951
48582
17917
17922
17952
17918
17923
17953
17919
17924
17954
17920
17925
17955
17921
17926
17956
17927
17957
48588
17923
17958
38370
17924
17959
38364
17925
17960
38358
17926
17961
38352
17927
17962
38346
17963
38340
48594
17929
17934
17964
17930
17935
17965
17931
17936
17966
17932
17937
17967
17933
17938
17968
17939
17969
48600
17935
17940
17970
17936
17941
17971
17937
17942
17972
17938
17943
17973
17939
17944
17974
17945
17975
48606
17941
17946
17976
17942
17947
17977
17943
17948
17978
17944
17949
17979
17945
17950
17980
17951
17981
48612
17947
17952
17982
17948
17953
17983
17949
17954
17984
17950
17955
17985
17951
17956
17986
17957
17987
48618
17953
17958
17988
17954
17959
17989
17955
17960
17990
17956
17961
17991
17957
17962
17992
17963
17993
48624
17959
17994
38406
17960
17995
38400
17961
17996
38394
17962
17997
38388
17963
17998
38382
17999
38376
48630
17965
17970
18000
17966
17971
18001
17967
17972
18002
17968
17973
18003
17969
17974
18004
17975
18005
48636
17971
17976
18006
17972
17977
18007
17973
17978
18008
17974
17979
18009
17975
17980
18010
17981
18011
48642
17977
17982
18012
17978
17983
18013
17979
17984
18014
17980
17985
18015
17981
17986
18016
17987
18017
48648
17983
17988
18018
17984
17989
18019
17985
17990
18020
17986
17991
18021
17987
17992
18022
17993
18023
48654
17989
17994
18024
17990
17995
18025
17991
17996
18026
17992
17997
18027
17993
17998
18028
17999
18029
48660
17995
18030
38442
17996
18031
38436
17997
18032
38430
17998
18033
38424
17999
18034
38418
18035
38412
48666
18001
18006
18036
18002
18007
18037
18003
18008
18038
18004
18009
18039
18005
18010
18040
18011
18041
48672
18007
18012
18042
18008
18013
18043
18009
18014
18044
18010
18015
18045
18011
18016
18046
18017
18047
48678
18013
18018
18048
18014
18019
18049
18015
18020
18050
18016
18021
18051
18017
18022
18052
18023
18053
48684
18019
18024
18054
18020
18025
18055
18021
18026
18056
18022
18027
18057
18023
18028
18058
18029
18059
48690
18025
18030
18060
18026
18031
18061
18027
18032
18062
18028
18033
18063
18029
18034
18064
18035
18065
48696
18031
18066
38478
18032
18067
38472
18033
18068
38466
18034
18069
38460
18035
18070
38454
18071
38448
48702
18037
18042
18072
18038
18043
18073
18039
18044
18074
18040
18045
18075
18041
18046
18076
18047
18077
48708
18043
18048
18078
18044
18049
18079
18045
18050
18080
18046
18051
18081
18047
18052
18082
18053
18083
48714
18049
18054
18084
18050
18055
18085
18051
18056
18086
18052
18057
18087
18053
18058
18088
18059
18089
48720
18055
18060
18090
18056
18061
18091
18057
18062
18092
18058
18063
18093
18059
18064
18094
18065
18095
48726
18061
18066
18096
18062
18067
18097
18063
18068
18098
18064
18069
18099
18065
18070
18100
18071
18101
48732
18067
18102
38514
18068
18103
38508
18069
18104
38502
18070
18105
38496
18071
18106
38490
18107
38484
48738
18073
18078
18108
18074
18079
18109
18075
18080
18110
18076
18081
18111
18077
18082
18112
18083
18113
48744
18079
18084
18114
18080
18085
18115
18081
18086
18116
18082
18087
18117
18083
18088
18118
18089
18119
48750
18085
18090
18120
18086
18091
18121
18087
18092
18122
18088
18093
18123
18089
18094
18124
18095
18125
48756
18091
18096
18126
18092
18097
18127
18093
18098
18128
18094
18099
18129
18095
18100
18130
18101
18131
48762
18097
18102
18132
18098
18103
18133
18099
18104
18134
18100
18105
18135
18101
18106
18136
18107
18137
48768
18103
18138
38550
18104
18139
38544
18105
18140
38538
18106
18141
38532
18107
18142
38526
18143
38520
48774
18109
18114
18144
18110
18115
18145
18111
18116
18146
18112
18117
18147
18113
18118
18148
18119
18149
48780
18115
18120
18150
18116
18121
18151
18117
18122
18152
18118
18123
18153
18119
18124
18154
18125
18155
48786
18121
18126
18156
18122
18127
18157
18123
18128
18158
18124
18129
18159
18125
18130
18160
18131
18161
48792
18127
18132
18162
18128
18133
18163
18129
18134
18164
18130
18135
18165
18131
18136
18166
18137
18167
48798
18133
18138
18168
18134
18139
18169
18135
18140
18170
18136
18141
18171
18137
18142
18172
18143
18173
48804
18139
18174
38586
18140
18175
38580
18141
18176
38574
18142
18177
38568
18143
18178
38562
18179
38556
48810
18145
18150
18180
18146
18151
18181
18147
18152
18182
18148
18153
18183
18149
18154
18184
18155
18185
48816
18151
18156
18186
18152
18157
18187
18153
18158
18188
18154
18159
18189
18155
18160
18190
18161
18191
48822
18157
18162
18192
18158
18163
18193
18159
18164
18194
18160
18165
18195
18161
18166
18196
18167
18197
48828
18163
18168
18198
18164
18169
18199
18165
18170
18200
18166
18171
18201
18167
18172
18202
18173
18203
48834
18169
18174
18204
18170
18175
18205
18171
18176
18206
18172
18177
18207
18173
18178
18208
18179
18209
48840
18175
18210
38622
18176
18211
38616
18177
18212
38610
18178
18213
38604
18179
18214
38598
18215
38592
48846
18181
18186
18216
18182
18187
18217
18183
18188
18218
18184
18189
18219
18185
18190
18220
18191
18221
48852
18187
18192
18222
18188
18193
18223
18189
18194
18224
18190
18195
18225
18191
18196
18226
18197
18227
48858
18193
18198
18228
18194
18199
18229
18195
18200
18230
18196
18201
18231
18197
18202
18232
18203
18233
48864
18199
18204
18234
18200
18205
18235
18201
18206
18236
18202
18207
18237
18203
18208
18238
18209
18239
48870
18205
18210
18240
18206
18211
18241
18207
18212
18242
18208
18213
18243
18209
18214
18244
18215
18245
48876
18211
18246
38658
18212
18247
38652
18213
18248
38646
18214
18249
38640
18215
18250
38634
18251
38628
48882
18217
18222
18252
18218
18223
18253
18219
18224
18254
18220
18225
18255
18221
18226
18256
18227
18257
48888
18223
18228
18258
18224
18229
18259
18225
18230
18260
18226
18231
18261
18227
18232
18262
18233
18263
48894
18229
18234
18264
18230
18235
18265
18231
18236
18266
18232
18237
18267
18233
18238
18268
18239
18269
48900
18235
18240
18270
18236
18241
18271
18237
18242
18272
18238
18243
18273
18239
18244
18274
18245
18275
48906
18241
18246
18276
18242
18247
18277
18243
18248
18278
18244
18249
18279
18245
18250
18280
18251
18281
48912
18247
18282
38694
18248
18283
38688
18249
18284
38682
18250
18285
38676
18251
18286
38670
18287
38664
48918
18253
18258
18288
18254
18259
18289
18255
18260
18290
18256
18261
18291
18257
18262
18292
18263
18293
48924
18259
18264
18294
18260
18265
18295
18261
18266
18296
18262
18267
18297
18263
18268
18298
18269
18299
48930
18265
18270
18300
18266
18271
18301
18267
18272
18302
18268
18273
18303
18269
18274
18304
18275
18305
48936
18271
18276
18306
18272
18277
18307
18273
18278
18308
18274
18279
18309
18275
18280
18310
18281
18311
48942
18277
18282
18312
18278
18283
18313
18279
18284
18314
18280
18285
18315
18281
18286
18316
18287
18317
48948
18283
18318
38730
18284
18319
38724
18285
18320
38718
18286
18321
38712
18287
18322
38706
18323
38700
48954
18289
18294
18324
18290
18295
18325
18291
18296
18326
18292
18297
18327
18293
18298
18328
18299
18329
48960
18295
18300
18330
18296
18301
18331
18297
18302
18332
18298
18303
18333
18299
18304
18334
18305
18335
48966
18301
18306
18336
18302
18307
18337
18303
18308
18338
18304
18309
18339
18305
18310
18340
18311
18341
48972
18307
18312
18342
18308
18313
18343
18309
18314
18344
18310
18315
18345
18311
18316
18346
18317
18347
48978
18313
18318
18348
18314
18319
18349
18315
18320
18350
18316
18321
18351
18317
18322
18352
18323
18353
48984
18319
18354
38766
18320
18355
38760
18321
18356
38754
18322
18357
38748
18323
18358
38742
18359
38736
48990
18325
18330
18360
18326
18331
18361
18327
18332
18362
18328
18333
18363
18329
18334
18364
18335
18365
48996
18331
18336
18366
18332
18337
18367
18333
18338
18368
18334
18339
18369
18335
18340
18370
18341
18371
49002
18337
18342
18372
18338
18343
18373
18339
18344
18374
18340
18345
18375
18341
18346
18376
18347
18377
49008
18343
18348
18378
18344
18349
18379
18345
18350
18380
18346
18351
18381
18347
18352
18382
18353
18383
49014
18349
18354
18384
18350
18355
18385
18351
18356
18386
18352
18357
18387
18353
18358
18388
18359
18389
49020
18355
18390
38802
18356
18391
38796
18357
18392
38790
18358
18393
38784
18359
18394
38778
18395
38772
49026
18361
18366
18396
18362
18367
18397
18363
18368
18398
18364
18369
18399
18365
18370
18400
18371
18401
49032
18367
18372
18402
18368
18373
18403
18369
18374
18404
18370
18375
18405
18371
18376
18406
18377
18407
49038
18373
18378
18408
18374
18379
18409
18375
18380
18410
18376
18381
18411
18377
18382
18412
18383
18413
49044
18379
18384
18414
18380
18385
18415
18381
18386
18416
18382
18387
18417
18383
18388
18418
18389
18419
49050
18385
18390
18420
18386
18391
18421
18387
18392
18422
18388
18393
18423
18389
18394
18424
18395
18425
49056
18391
18426
38838
18392
18427
38832
18393
18428
38826
18394
18429
38820
18395
18430
38814
18431
38808
49062
18397
18402
18432
18398
18403
18433
18399
18404
18434
18400
18405
18435
18401
18406
18436
18407
18437
49068
18403
18408
18438
18404
18409
18439
18405
18410
18440
18406
18411
18441
18407
18412
18442
18413
18443
49074
18409
18414
18444
18410
18415
18445
18411
18416
18446
18412
18417
18447
18413
18418
18448
18419
18449
49080
18415
18420
18450
18416
18421
18451
18417
18422
18452
18418
18423
18453
18419
18424
18454
18425
18455
49086
18421
18426
18456
18422
18427
18457
18423
18428
18458
18424
18429
18459
18425
18430
18460
18431
18461
49092
18427
18462
38874
18428
18463
38868
18429
18464
38862
18430
18465
38856
18431
18466
38850
18467
38844
49098
18433
18438
18468
18434
18439
18469
18435
18440
18470
18436
18441
18471
18437
18442
18472
18443
18473
49104
18439
18444
18474
18440
18445
18475
18441
18446
18476
18442
18447
18477
18443
18448
18478
18449
18479
49110
18445
18450
18480
18446
18451
18481
18447
18452
18482
18448
18453
18483
18449
18454
18484
18455
18485
49116
18451
18456
18486
18452
18457
18487
18453
18458
18488
18454
18459
18489
18455
18460
18490
18461
18491
49122
18457
18462
18492
18458
18463
18493
18459
18464
18494
18460
18465
18495
18461
18466
18496
18467
18497
49128
18463
18498
38910
18464
18499
38904
18465
18500
38898
18466
18501
38892
18467
18502
38886
18503
38880
49134
18469
18474
18504
18470
18475
18505
18471
18476
18506
18472
18477
18507
18473
18478
18508
18479
18509
49140
18475
18480
18510
18476
18481
18511
18477
18482
18512
18478
18483
18513
18479
18484
18514
18485
18515
49146
18481
18486
18516
18482
18487
18517
18483
18488
18518
18484
18489
18519
18485
18490
18520
18491
18521
49152
18487
18492
18522
18488
18493
18523
18489
18494
18524
18490
18495
18525
18491
18496
18526
18497
18527
49158
18493
18498
18528
18494
18499
18529
18495
18500
18530
18496
18501
18531
18497
18502
18532
18503
18533
49164
18499
18534
38946
18500
18535
38940
18501
18536
38934
18502
18537
38928
18503
18538
38922
18539
38916
49170
18505
18510
18540
18506
18511
18541
18507
18512
18542
18508
18513
18543
18509
18514
18544
18515
18545
49176
18511
18516
18546
18512
18517
18547
18513
18518
18548
18514
18519
18549
18515
18520
18550
18521
18551
49182
18517
18522
18552
18518
18523
18553
18519
18524
18554
18520
18525
18555
18521
18526
18556
18527
18557
49188
18523
18528
18558
18524
18529
18559
18525
18530
18560
18526
18531
18561
18527
18532
18562
18533
18563
49194
18529
18534
18564
18530
18535
18565
18531
18536
18566
18532
18537
18567
18533
18538
18568
18539
18569
49200
18535
18570
38982
18536
18571
38976
18537
18572
38970
18538
18573
38964
18539
18574
38958
18575
38952
49206
18541
18546
18576
18542
18547
18577
18543
18548
18578
18544
18549
18579
18545
18550
18580
18551
18581
49212
18547
18552
18582
18548
18553
18583
18549
18554
18584
18550
18555
18585
18551
18556
18586
18557
18587
49218
18553
18558
18588
18554
18559
18589
18555
18560
18590
18556
18561
18591
18557
18562
18592
18563
18593
49224
18559
18564
18594
18560
18565
18595
18561
18566
18596
18562
18567
18597
18563
18568
18598
18569
18599
49230
18565
18570
18600
18566
18571
18601
18567
18572
18602
18568
18573
18603
18569
18574
18604
18575
18605
49236
18571
18606
39018
18572
18607
39012
18573
18608
39006
18574
18609
39000
18575
18610
38994
18611
38988
49242
18577
18582
18612
18578
18583
18613
18579
18584
18614
18580
18585
18615
18581
18586
18616
18587
18617
49248
18583
18588
18618
18584
18589
18619
18585
18590
18620
18586
18591
18621
18587
18592
18622
18593
18623
49254
18589
18594
18624
18590
18595
18625
18591
18596
18626
18592
18597
18627
18593
18598
18628
18599
18629
49260
18595
18600
18630
18596
18601
18631
18597
18602
18632
18598
18603
18633
18599
18604
18634
18605
18635
49266
18601
18606
18636
18602
18607
18637
18603
18608
18638
18604
18609
18639
18605
18610
18640
18611
18641
49272
18607
18642
39054
18608
18643
39048
18609
18644
39042
18610
18645
39036
18611
18646
39030
18647
39024
49278
18613
18618
18648
18614
18619
18649
18615
18620
18650
18616
18621
18651
18617
18622
18652
18623
18653
49284
18619
18624
18654
18620
18625
18655
18621
18626
18656
18622
18627
18657
18623
18628
18658
18629
18659
49290
18625
18630
18660
18626
18631
18661
18627
18632
18662
18628
18633
18663
18629
18634
18664
18635
18665
49296
18631
18636
18666
18632
18637
18667
18633
18638
18668
18634
18639
18669
18635
18640
18670
18641
18671
49302
18637
18642
18672
18638
18643
18673
18639
18644
18674
18640
18645
18675
18641
18646
18676
18647
18677
49308
18643
18678
39090
18644
18679
39084
18645
18680
39078
18646
18681
39072
18647
18682
39066
18683
39060
49314
18649
18654
18684
18650
18655
18685
18651
18656
18686
18652
18657
18687
18653
18658
18688
18659
18689
49320
18655
18660
18690
18656
18661
18691
18657
18662
18692
18658
18663
18693
18659
18664
18694
18665
18695
49326
18661
18666
18696
18662
18667
18697
18663
18668
18698
18664
18669
18699
18665
18670
18700
18671
18701
49332
18667
18672
18702
18668
18673
18703
18669
18674
18704
18670
18675
18705
18671
18676
18706
18677
18707
49338
18673
18678
18708
18674
18679
18709
18675
18680
18710
18676
18681
18711
18677
18682
18712
18683
18713
49344
18679
18714
39126
18680
18715
39120
18681
18716
39114
18682
18717
39108
18683
18718
39102
18719
39096
49350
18685
18690
18720
18686
18691
18721
18687
18692
18722
18688
18693
18723
18689
18694
18724
18695
18725
49356
18691
18696
18726
18692
18697
18727
18693
18698
18728
18694
18699
18729
18695
18700
18730
18701
18731
49362
18697
18702
18732
18698
18703
18733
18699
18704
18734
18700
18705
18735
18701
18706
18736
18707
18737
49368
18703
18708
18738
18704
18709
18739
18705
18710
18740
18706
18711
18741
18707
18712
18742
18713
18743
49374
18709
18714
18744
18710
18715
18745
18711
18716
18746
18712
18717
18747
18713
18718
18748
18719
18749
49380
18715
18750
39162
18716
18751
39156
18717
18752
39150
18718
18753
39144
18719
18754
39138
18755
39132
49386
18721
18726
18756
18722
18727
18757
18723
18728
18758
18724
18729
18759
18725
18730
18760
18731
18761
49392
18727
18732
18762
18728
18733
18763
18729
18734
18764
18730
18735
18765
18731
18736
18766
18737
18767
49398
18733
18738
18768
18734
18739
18769
18735
18740
18770
18736
18741
18771
18737
18742
18772
18743
18773
49404
18739
18744
18774
18740
18745
18775
18741
18746
18776
18742
18747
18777
18743
18748
18778
18749
18779
49410
18745
18750
18780
18746
18751
18781
18747
18752
18782
18748
18753
18783
18749
18754
18784
18755
18785
49416
18751
18786
39198
18752
18787
39192
18753
18788
39186
18754
18789
39180
18755
18790
39174
18791
39168
49422
18757
18762
18792
18758
18763
18793
18759
18764
18794
18760
18765
18795
18761
18766
18796
18767
18797
49428
18763
18768
18798
18764
18769
18799
18765
18770
18800
18766
18771
18801
18767
18772
18802
18773
18803
49434
18769
18774
18804
18770
18775
18805
18771
18776
18806
18772
18777
18807
18773
18778
18808
18779
18809
49440
18775
18780
18810
18776
18781
18811
18777
18782
18812
18778
18783
18813
18779
18784
18814
18785
18815
49446
18781
18786
18816
18782
18787
18817
18783
18788
18818
18784
18789
18819
18785
18790
18820
18791
18821
49452
18787
18822
39234
18788
18823
39228
18789
18824
39222
18790
18825
39216
18791
18826
39210
18827
39204
49458
18793
18798
18828
18794
18799
18829
18795
18800
18830
18796
18801
18831
18797
18802
18832
18803
18833
49464
18799
18804
18834
18800
18805
18835
18801
18806
18836
18802
18807
18837
18803
18808
18838
18809
18839
49470
18805
18810
18840
18806
18811
18841
18807
18812
18842
18808
18813
18843
18809
18814
18844
18815
18845
49476
18811
18816
18846
18812
18817
18847
18813
18818
18848
18814
18819
18849
18815
18820
18850
18821
18851
49482
18817
18822
18852
18818
18823
18853
18819
18824
18854
18820
18825
18855
18821
18826
18856
18827
18857
49488
18823
18858
39270
18824
18859
39264
18825
18860
39258
18826
18861
39252
18827
18862
39246
18863
39240
49494
18829
18834
18864
18830
18835
18865
18831
18836
18866
18832
18837
18867
18833
18838
18868
18839
18869
49500
18835
18840
18870
18836
18841
18871
18837
18842
18872
18838
18843
18873
18839
18844
18874
18845
18875
49506
18841
18846
18876
18842
18847
18877
18843
18848
18878
18844
18849
18879
18845
18850
18880
18851
18881
49512
18847
18852
18882
18848
18853
18883
18849
18854
18884
18850
18855
18885
18851
18856
18886
18857
18887
49518
18853
18858
18888
18854
18859
18889
18855
18860
18890
18856
18861
18891
18857
18862
18892
18863
18893
49524
18859
18894
39306
18860
18895
39300
18861
18896
39294
18862
18897
39288
18863
18898
39282
18899
39276
49530
18865
18870
18900
18866
18871
18901
18867
18872
18902
18868
18873
18903
18869
18874
18904
18875
18905
49536
18871
18876
18906
18872
18877
18907
18873
18878
18908
18874
18879
18909
18875
18880
18910
18881
18911
49542
18877
18882
18912
18878
18883
18913
18879
18884
18914
18880
18885
18915
18881
18886
18916
18887
18917
49548
18883
18888
18918
18884
18889
18919
18885
18890
18920
18886
18891
18921
18887
18892
18922
18893
18923
49554
18889
18894
18924
18890
18895
18925
18891
18896
18926
18892
18897
18927
18893
18898
18928
18899
18929
49560
18895
18930
39342
18896
18931
39336
18897
18932
39330
18898
18933
39324
18899
18934
39318
18935
39312
49566
18901
18906
18936
18902
18907
18937
18903
18908
18938
18904
18909
18939
18905
18910
18940
18911
18941
49572
18907
18912
18942
18908
18913
18943
18909
18914
18944
18910
18915
18945
18911
18916
18946
18917
18947
49578
18913
18918
18948
18914
18919
18949
18915
18920
18950
18916
18921
18951
18917
18922
18952
18923
18953
49584
18919
18924
18954
18920
18925
18955
18921
18926
18956
18922
18927
18957
18923
18928
18958
18929
18959
49590
18925
18930
18960
18926
18931
18961
18927
18932
18962
18928
18933
18963
18929
18934
18964
18935
18965
49596
18931
18966
39378
18932
18967
39372
18933
18968
39366
18934
18969
39360
18935
18970
39354
18971
39348
49602
18937
18942
18972
18938
18943
18973
18939
18944
18974
18940
18945
18975
18941
18946
18976
18947
18977
49608
18943
18948
18978
18944
18949
18979
18945
18950
18980
18946
18951
18981
18947
18952
18982
18953
18983
49614
18949
18954
18984
18950
18955
18985
18951
18956
18986
18952
18957
18987
18953
18958
18988
18959
18989
49620
18955
18960
18990
18956
18961
18991
18957
18962
18992
18958
18963
18993
18959
18964
18994
18965
18995
49626
18961
18966
18996
18962
18967
18997
18963
18968
18998
18964
18969
18999
18965
18970
19000
18971
19001
49632
18967
19002
39414
18968
19003
39408
18969
19004
39402
18970
19005
39396
18971
19006
39390
19007
39384
49638
18973
18978
19008
18974
18979
19009
18975
18980
19010
18976
18981
19011
18977
18982
19012
18983
19013
49644
18979
18984
19014
18980
18985
19015
18981
18986
19016
18982
18987
19017
18983
18988
19018
18989
19019
49650
18985
18990
19020
18986
18991
19021
18987
18992
19022
18988
18993
19023
18989
18994
19024
18995
19025
49656
18991
18996
19026
18992
18997
19027
18993
18998
19028
18994
18999
19029
18995
19000
19030
19001
19031
49662
18997
19002
19032
18998
19003
19033
18999
19004
19034
19000
19005
19035
19001
19006
19036
19007
19037
49668
19003
19038
39450
19004
19039
39444
19005
19040
39438
19006
19041
39432
19007
19042
39426
19043
39420
49674
19009
19014
19044
19010
19015
19045
19011
19016
19046
19012
19017
19047
19013
19018
19048
19019
19049
49680
19015
19020
19050
19016
19021
19051
19017
19022
19052
19018
19023
19053
19019
19024
19054
19025
19055
49686
19021
19026
19056
19022
19027
19057
19023
19028
19058
19024
19029
19059
19025
19030
19060
19031
19061
49692
19027
19032
19062
19028
19033
19063
19029
19034
19064
19030
19035
19065
19031
19036
19066
19037
19067
49698
19033
19038
19068
19034
19039
19069
19035
19040
19070
19036
19041
19071
19037
19042
19072
19043
19073
49704
19039
19074
39486
19040
19075
39480
19041
19076
39474
19042
19077
39468
19043
19078
39462
19079
39456
49710
19045
19050
19080
19046
19051
19081
19047
19052
19082
19048
19053
19083
19049
19054
19084
19055
19085
49716
19051
19056
19086
19052
19057
19087
19053
19058
19088
19054
19059
19089
19055
19060
19090
19061
19091
49722
19057
19062
19092
19058
19063
19093
19059
19064
19094
19060
19065
19095
19061
19066
19096
19067
19097
49728
19063
19068
19098
19064
19069
19099
19065
19070
19100
19066
19071
19101
19067
19072
19102
19073
19103
49734
19069
19074
19104
19070
19075
19105
19071
19076
19106
19072
19077
19107
19073
19078
19108
19079
19109
49740
19075
19110
39522
19076
19111
39516
19077
19112
39510
19078
19113
39504
19079
19114
39498
19115
39492
49746
19081
19086
19116
19082
19087
19117
19083
19088
19118
19084
19089
19119
19085
19090
19120
19091
19121
49752
19087
19092
19122
19088
19093
19123
19089
19094
19124
19090
19095
19125
19091
19096
19126
19097
19127
49758
19093
19098
19128
19094
19099
19129
19095
19100
19130
19096
19101
19131
19097
19102
19132
19103
19133
49764
19099
19104
19134
19100
19105
19135
19101
19106
19136
19102
19107
19137
19103
19108
19138
19109
19139
49770
19105
19110
19140
19106
19111
19141
19107
19112
19142
19108
19113
19143
19109
19114
19144
19115
19145
49776
19111
19146
39558
19112
19147
39552
19113
19148
39546
19114
19149
39540
19115
19150
39534
19151
39528
49782
19117
19122
19152
19118
19123
19153
19119
19124
19154
19120
19125
19155
19121
19126
19156
19127
19157
49788
19123
19128
19158
19124
19129
19159
19125
19130
19160
19126
19131
19161
19127
19132
19162
19133
19163
49794
19129
19134
19164
19130
19135
19165
19131
19136
19166
19132
19137
19167
19133
19138
19168
19139
19169
49800
19135
19140
19170
19136
19141
19171
19137
19142
19172
19138
19143
19173
19139
19144
19174
19145
19175
49806
19141
19146
19176
19142
19147
19177
19143
19148
19178
19144
19149
19179
19145
19150
19180
19151
19181
49812
19147
19182
39594
19148
19183
39588
19149
19184
39582
19150
19185
39576
19151
19186
39570
19187
39564
49818
19153
19158
19188
19154
19159
19189
19155
19160
19190
19156
19161
19191
19157
19162
19192
19163
19193
49824
19159
19164
19194
19160
19165
19195
19161
19166
19196
19162
19167
19197
19163
19168
19198
19169
19199
49830
19165
19170
19200
19166
19171
19201
19167
19172
19202
19168
19173
19203
19169
19174
19204
19175
19205
49836
19171
19176
19206
19172
19177
19207
19173
19178
19208
19174
19179
19209
19175
19180
19210
19181
19211
49842
19177
19182
19212
19178
19183
19213
19179
19184
19214
19180
19185
19215
19181
19186
19216
19187
19217
49848
19183
19218
39630
19184
19219
39624
19185
19220
39618
19186
19221
39612
19187
19222
39606
19223
39600
49854
19189
19194
19224
19190
19195
19225
19191
19196
19226
19192
19197
19227
19193
19198
19228
19199
19229
49860
19195
19200
19230
19196
19201
19231
19197
19202
19232
19198
19203
19233
19199
19204
19234
19205
19235
49866
19201
19206
19236
19202
19207
19237
19203
19208
19238
19204
19209
19239
19205
19210
19240
19211
19241
49872
19207
19212
19242
19208
19213
19243
19209
19214
19244
19210
19215
19245
19211
19216
19246
19217
19247
49878
19213
19218
19248
19214
19219
19249
19215
19220
19250
19216
19221
19251
19217
19222
19252
19223
19253
49884
19219
19254
39666
19220
19255
39660
19221
19256
39654
19222
19257
39648
19223
19258
39642
19259
39636
49890
19225
19230
19260
19226
19231
19261
19227
19232
19262
19228
19233
19263
19229
19234
19264
19235
19265
49896
19231
19236
19266
19232
19237
19267
19233
19238
19268
19234
19239
19269
19235
19240
19270
19241
19271
49902
19237
19242
19272
19238
19243
19273
19239
19244
19274
19240
19245
19275
19241
19246
19276
19247
19277
49908
19243
19248
19278
19244
19249
19279
19245
19250
19280
19246
19251
19281
19247
19252
19282
19253
19283
49914
19249
19254
19284
19250
19255
19285
19251
19256
19286
19252
19257
19287
19253
19258
19288
19259
19289
49920
19255
19290
39702
19256
19291
39696
19257
19292
39690
19258
19293
39684
19259
19294
39678
19295
39672
49926
19261
19266
19296
19262
19267
19297
19263
19268
19298
19264
19269
19299
19265
19270
19300
19271
19301
49932
19267
19272
19302
19268
19273
19303
19269
19274
19304
19270
19275
19305
19271
19276
19306
19277
19307
49938
19273
19278
19308
19274
19279
19309
19275
19280
19310
19276
19281
19311
19277
19282
19312
19283
19313
49944
19279
19284
19314
19280
19285
19315
19281
19286
19316
19282
19287
19317
19283
19288
19318
19289
19319
49950
19285
19290
19320
19286
19291
19321
19287
19292
19322
19288
19293
19323
19289
19294
19324
19295
19325
49956
19291
19326
39738
19292
19327
39732
19293
19328
39726
19294
19329
39720
19295
19330
39714
19331
39708
49962
19297
19302
19332
19298
19303
19333
19299
19304
19334
19300
19305
19335
19301
19306
19336
19307
19337
49968
19303
19308
19338
19304
19309
19339
19305
19310
19340
19306
19311
19341
19307
19312
19342
19313
19343
49974
19309
19314
19344
19310
19315
19345
19311
19316
19346
19312
19317
19347
19313
19318
19348
19319
19349
49980
19315
19320
19350
19316
19321
19351
19317
19322
19352
19318
19323
19353
19319
19324
19354
19325
19355
49986
19321
19326
19356
19322
19327
19357
19323
19328
19358
19324
19329
19359
19325
19330
19360
19331
19361
49992
19327
19362
39774
19328
19363
39768
19329
19364
39762
19330
19365
39756
19331
19366
39750
19367
39744
49998
19333
19338
19368
19334
19339
19369
19335
19340
19370
19336
19341
19371
19337
19342
19372
19343
19373
50004
19339
19344
19374
19340
19345
19375
19341
19346
19376
19342
19347
19377
19343
19348
19378
19349
19379
50010
19345
19350
19380
19346
19351
19381
19347
19352
19382
19348
19353
19383
19349
19354
19384
19355
19385
50016
19351
19356
19386
19352
19357
19387
19353
19358
19388
19354
19359
19389
19355
19360
19390
19361
19391
50022
19357
19362
19392
19358
19363
19393
19359
19364
19394
19360
19365
19395
19361
19366
19396
19367
19397
50028
19363
19398
39810
19364
19399
39804
19365
19400
39798
19366
19401
39792
19367
19402
39786
19403
39780
50034
19369
19374
19404
19370
19375
19405
19371
19376
19406
19372
19377
19407
19373
19378
19408
19379
19409
50040
19375
19380
19410
19376
19381
19411
19377
19382
19412
19378
19383
19413
19379
19384
19414
19385
19415
50046
19381
19386
19416
19382
19387
19417
19383
19388
19418
19384
19389
19419
19385
19390
19420
19391
19421
50052
19387
19392
19422
19388
19393
19423
19389
19394
19424
19390
19395
19425
19391
19396
19426
19397
19427
50058
19393
19398
19428
19394
19399
19429
19395
19400
19430
19396
19401
19431
19397
19402
19432
19403
19433
50064
19399
19434
39846
19400
19435
39840
19401
19436
39834
19402
19437
39828
19403
19438
39822
19439
39816
50070
19405
19410
19440
19406
19411
19441
19407
19412
19442
19408
19413
19443
19409
19414
19444
19415
19445
50076
19411
19416
19446
19412
19417
19447
19413
19418
19448
19414
19419
19449
19415
19420
19450
19421
19451
50082
19417
19422
19452
19418
19423
19453
19419
19424
19454
19420
19425
19455
19421
19426
19456
19427
19457
50088
19423
19428
19458
19424
19429
19459
19425
19430
19460
19426
19431
19461
19427
19432
19462
19433
19463
50094
19429
19434
19464
19430
19435
19465
19431
19436
19466
19432
19437
19467
19433
19438
19468
19439
19469
50100
19435
19470
39882
19436
19471
39876
19437
19472
39870
19438
19473
39864
19439
19474
39858
19475
39852
50106
19441
19446
19476
19442
19447
19477
19443
19448
19478
19444
19449
19479
19445
19450
19480
19451
19481
50112
19447
19452
19482
19448
19453
19483
19449
19454
19484
19450
19455
19485
19451
19456
19486
19457
19487
50118
19453
19458
19488
19454
19459
19489
19455
19460
19490
19456
19461
19491
19457
19462
19492
19463
19493
50124
19459
19464
19494
19460
19465
19495
19461
19466
19496
19462
19467
19497
19463
19468
19498
19469
19499
50130
19465
19470
19500
19466
19471
19501
19467
19472
19502
19468
19473
19503
19469
19474
19504
19475
19505
50136
19471
19506
39918
19472
19507
39912
19473
19508
39906
19474
19509
39900
19475
19510
39894
19511
39888
50142
19477
19482
19512
19478
19483
19513
19479
19484
19514
19480
19485
19515
19481
19486
19516
19487
19517
50148
19483
19488
19518
19484
19489
19519
19485
19490
19520
19486
19491
19521
19487
19492
19522
19493
19523
50154
19489
19494
19524
19490
19495
19525
19491
19496
19526
19492
19497
19527
19493
19498
19528
19499
19529
50160
19495
19500
19530
19496
19501
19531
19497
19502
19532
19498
19503
19533
19499
19504
19534
19505
19535
50166
19501
19506
19536
19502
19507
19537
19503
19508
19538
19504
19509
19539
19505
19510
19540
19511
19541
50172
19507
19542
39954
19508
19543
39948
19509
19544
39942
19510
19545
39936
19511
19546
39930
19547
39924
50178
19513
19518
19548
19514
19519
19549
19515
19520
19550
19516
19521
19551
19517
19522
19552
19523
19553
50184
19519
19524
19554
19520
19525
19555
19521
19526
19556
19522
19527
19557
19523
19528
19558
19529
19559
50190
19525
19530
19560
19526
19531
19561
19527
19532
19562
19528
19533
19563
19529
19534
19564
19535
19565
50196
19531
19536
19566
19532
19537
19567
19533
19538
19568
19534
19539
19569
19535
19540
19570
19541
19571
50202
19537
19542
19572
19538
19543
19573
19539
19544
19574
19540
19545
19575
19541
19546
19576
19547
19577
50208
19543
19578
39990
19544
19579
39984
19545
19580
39978
19546
19581
39972
19547
19582
39966
19583
39960
50214
19549
19554
19584
19550
19555
19585
19551
19556
19586
19552
19557
19587
19553
19558
19588
19559
19589
50220
19555
19560
19590
19556
19561
19591
19557
19562
19592
19558
19563
19593
19559
19564
19594
19565
19595
50226
19561
19566
19596
19562
19567
19597
19563
19568
19598
19564
19569
19599
19565
19570
19600
19571
19601
50232
19567
19572
19602
19568
19573
19603
19569
19574
19604
19570
19575
19605
19571
19576
19606
19577
19607
50238
19573
19578
19608
19574
19579
19609
19575
19580
19610
19576
19581
19611
19577
19582
19612
19583
19613
50244
19579
19614
40026
19580
19615
40020
19581
19616
40014
19582
19617
40008
19583
19618
40002
19619
39996
50250
19585
19590
19620
19586
19591
19621
19587
19592
19622
19588
19593
19623
19589
19594
19624
19595
19625
50256
19591
19596
19626
19592
19597
19627
19593
19598
19628
19594
19599
19629
19595
19600
19630
19601
19631
50262
19597
19602
19632
19598
19603
19633
19599
19604
19634
19600
19605
19635
19601
19606
19636
19607
19637
50268
19603
19608
19638
19604
19609
19639
19605
19610
19640
19606
19611
19641
19607
19612
19642
19613
19643
50274
19609
19614
19644
19610
19615
19645
19611
19616
19646
19612
19617
19647
19613
19618
19648
19619
19649
50280
19615
19650
40062
19616
19651
40056
19617
19652
40050
19618
19653
40044
19619
19654
40038
19655
40032
50286
19621
19626
19656
19622
19627
19657
19623
19628
19658
19624
19629
19659
19625
19630
19660
19631
19661
50292
19627
19632
19662
19628
19633
19663
19629
19634
19664
19630
19635
19665
19631
19636
19666
19637
19667
50298
19633
19638
19668
19634
19639
19669
19635
19640
19670
19636
19641
19671
19637
19642
19672
19643
19673
50304
19639
19644
19674
19640
19645
19675
19641
19646
19676
19642
19647
19677
19643
19648
19678
19649
19679
50310
19645
19650
19680
19646
19651
19681
19647
19652
19682
19648
19653
19683
19649
19654
19684
19655
19685
50316
19651
19686
40098
19652
19687
40092
19653
19688
40086
19654
19689
40080
19655
19690
40074
19691
40068
50322
19657
19662
19692
19658
19663
19693
19659
19664
19694
19660
19665
19695
19661
19666
19696
19667
19697
50328
19663
19668
19698
19664
19669
19699
19665
19670
19700
19666
19671
19701
19667
19672
19702
19673
19703
50334
19669
19674
19704
19670
19675
19705
19671
19676
19706
19672
19677
19707
19673
19678
19708
19679
19709
50340
19675
19680
19710
19676
19681
19711
19677
19682
19712
19678
19683
19713
19679
19684
19714
19685
19715
50346
19681
19686
19716
19682
19687
19717
19683
19688
19718
19684
19689
19719
19685
19690
19720
19691
19721
50352
19687
19722
40134
19688
19723
40128
19689
19724
40122
19690
19725
40116
19691
19726
40110
19727
40104
50358
19693
19698
19728
19694
19699
19729
19695
19700
19730
19696
19701
19731
19697
19702
19732
19703
19733
50364
19699
19704
19734
19700
19705
19735
19701
19706
19736
19702
19707
19737
19703
19708
19738
19709
19739
50370
19705
19710
19740
19706
19711
19741
19707
19712
19742
19708
19713
19743
19709
19714
19744
19715
19745
50376
19711
19716
19746
19712
19717
19747
19713
19718
19748
19714
19719
19749
19715
19720
19750
19721
19751
50382
19717
19722
19752
19718
19723
19753
19719
19724
19754
19720
19725
19755
19721
19726
19756
19727
19757
50388
19723
19758
40170
19724
19759
40164
19725
19760
40158
19726
19761
40152
19727
19762
40146
19763
40140
50394
19729
19734
19764
19730
19735
19765
19731
19736
19766
19732
19737
19767
19733
19738
19768
19739
19769
50400
19735
19740
19770
19736
19741
19771
19737
19742
19772
19738
19743
19773
19739
19744
19774
19745
19775
50406
19741
19746
19776
19742
19747
19777
19743
19748
19778
19744
19749
19779
19745
19750
19780
19751
19781
50412
19747
19752
19782
19748
19753
19783
19749
19754
19784
19750
19755
19785
19751
19756
19786
19757
19787
50418
19753
19758
19788
19754
19759
19789
19755
19760
19790
19756
19761
19791
19757
19762
19792
19763
19793
50424
19759
19794
40206
19760
19795
40200
19761
19796
40194
19762
19797
40188
19763
19798
40182
19799
40176
50430
19765
19770
19800
19766
19771
19801
19767
19772
19802
19768
19773
19803
19769
19774
19804
19775
19805
50436
19771
19776
19806
19772
19777
19807
19773
19778
19808
19774
19779
19809
19775
19780
19810
19781
19811
50442
19777
19782
19812
19778
19783
19813
19779
19784
19814
19780
19785
19815
19781
19786
19816
19787
19817
50448
19783
19788
19818
19784
19789
19819
19785
19790
19820
19786
19791
19821
19787
19792
19822
19793
19823
50454
19789
19794
19824
19790
19795
19825
19791
19796
19826
19792
19797
19827
19793
19798
19828
19799
19829
50460
19795
19830
40242
19796
19831
40236
19797
19832
40230
19798
19833
40224
19799
19834
40218
19835
40212
50466
19801
19806
19836
19802
19807
19837
19803
19808
19838
19804
19809
19839
19805
19810
19840
19811
19841
50472
19807
19812
19842
19808
19813
19843
19809
19814
19844
19810
19815
19845
19811
19816
19846
19817
19847
50478
19813
19818
19848
19814
19819
19849
19815
19820
19850
19816
19821
19851
19817
19822
19852
19823
19853
50484
19819
19824
19854
19820
19825
19855
19821
19826
19856
19822
19827
19857
19823
19828
19858
19829
19859
50490
19825
19830
19860
19826
19831
19861
19827
19832
19862
19828
19833
19863
19829
19834
19864
19835
19865
50496
19831
19866
40278
19832
19867
40272
19833
19868
40266
19834
19869
40260
19835
19870
40254
19871
40248
50502
19837
19842
19872
19838
19843
19873
19839
19844
19874
19840
19845
19875
19841
19846
19876
19847
19877
50508
19843
19848
19878
19844
19849
19879
19845
19850
19880
19846
19851
19881
19847
19852
19882
19853
19883
50514
19849
19854
19884
19850
19855
19885
19851
19856
19886
19852
19857
19887
19853
19858
19888
19859
19889
50520
19855
19860
19890
19856
19861
19891
19857
19862
19892
19858
19863
19893
19859
19864
19894
19865
19895
50526
19861
19866
19896
19862
19867
19897
19863
19868
19898
19864
19869
19899
19865
19870
19900
19871
19901
50532
19867
19902
40314
19868
19903
40308
19869
19904
40302
19870
19905
40296
19871
19906
40290
19907
40284
50538
19873
19878
19908
19874
19879
19909
19875
19880
19910
19876
19881
19911
19877
19882
19912
19883
19913
50544
19879
19884
19914
19880
19885
19915
19881
19886
19916
19882
19887
19917
19883
19888
19918
19889
19919
50550
19885
19890
19920
19886
19891
19921
19887
19892
19922
19888
19893
19923
19889
19894
19924
19895
19925
50556
19891
19896
19926
19892
19897
19927
19893
19898
19928
19894
19899
19929
19895
19900
19930
19901
19931
50562
19897
19902
19932
19898
19903
19933
19899
19904
19934
19900
19905
19935
19901
19906
19936
19907
19937
50568
19903
19938
40350
19904
19939
40344
19905
19940
40338
19906
19941
40332
19907
19942
40326
19943
40320
50574
19909
19914
19944
19910
19915
19945
19911
19916
19946
19912
19917
19947
19913
19918
19948
19919
19949
50580
19915
19920
19950
19916
19921
19951
19917
19922
19952
19918
19923
19953
19919
19924
19954
19925
19955
50586
19921
19926
19956
19922
19927
19957
19923
19928
19958
19924
19929
19959
19925
19930
19960
19931
19961
50592
19927
19932
19962
19928
19933
19963
19929
19934
19964
19930
19935
19965
19931
19936
19966
19937
19967
50598
19933
19938
19968
19934
19939
19969
19935
19940
19970
19936
19941
19971
19937
19942
19972
19943
19973
50604
19939
19974
40386
19940
19975
40380
19941
19976
40374
19942
19977
40368
19943
19978
40362
19979
40356
50610
19945
19950
19980
19946
19951
19981
19947
19952
19982
19948
19953
19983
19949
19954
19984
19955
19985
50616
19951
19956
19986
19952
19957
19987
19953
19958
19988
19954
19959
19989
19955
19960
19990
19961
19991
50622
19957
19962
19992
19958
19963
19993
19959
19964
19994
19960
19965
19995
19961
19966
19996
19967
19997
50628
19963
19968
19998
19964
19969
19999
19965
19970
20000
19966
19971
20001
19967
19972
20002
19973
20003
50634
19969
19974
20004
19970
19975
20005
19971
19976
20006
19972
19977
20007
19973
19978
20008
19979
20009
50640
19975
20010
40422
19976
20011
40416
19977
20012
40410
19978
20013
40404
19979
20014
40398
20015
40392
50646
19981
19986
20016
19982
19987
20017
19983
19988
20018
19984
19989
20019
19985
19990
20020
19991
20021
50652
19987
19992
20022
19988
19993
20023
19989
19994
20024
19990
19995
20025
19991
19996
20026
19997
20027
50658
19993
19998
20028
19994
19999
20029
19995
20000
20030
19996
20001
20031
19997
20002
20032
20003
20033
50664
19999
20004
20034
20000
20005
20035
20001
20006
20036
20002
20007
20037
20003
20008
20038
20009
20039
50670
20005
20010
20040
20006
20011
20041
20007
20012
20042
20008
20013
20043
20009
20014
20044
20015
20045
50676
20011
20046
40458
20012
20047
40452
20013
20048
40446
20014
20049
40440
20015
20050
40434
20051
40428
50682
20017
20022
20052
20018
20023
20053
20019
20024
20054
20020
20025
20055
20021
20026
20056
20027
20057
50688
20023
20028
20058
20024
20029
20059
20025
20030
20060
20026
20031
20061
20027
20032
20062
20033
20063
50694
20029
20034
20064
20030
20035
20065
20031
20036
20066
20032
20037
20067
20033
20038
20068
20039
20069
50700
20035
20040
20070
20036
20041
20071
20037
20042
20072
20038
20043
20073
20039
20044
20074
20045
20075
50706
20041
20046
20076
20042
20047
20077
20043
20048
20078
20044
20049
20079
20045
20050
20080
20051
20081
50712
20047
20082
40494
20048
20083
40488
20049
20084
40482
20050
20085
40476
20051
20086
40470
20087
40464
50718
20053
20058
20088
20054
20059
20089
20055
20060
20090
20056
20061
20091
20057
20062
20092
20063
20093
50724
20059
20064
20094
20060
20065
20095
20061
20066
20096
20062
20067
20097
20063
20068
20098
20069
20099
50730
20065
20070
20100
20066
20071
20101
20067
20072
20102
20068
20073
20103
20069
20074
20104
20075
20105
50736
20071
20076
20106
20072
20077
20107
20073
20078
20108
20074
20079
20109
20075
20080
20110
20081
20111
50742
20077
20082
20112
20078
20083
20113
20079
20084
20114
20080
20085
20115
20081
20086
20116
20087
20117
50748
20083
20118
40530
20084
20119
40524
20085
20120
40518
20086
20121
40512
20087
20122
40506
20123
40500
50754
20089
20094
20124
20090
20095
20125
20091
20096
20126
20092
20097
20127
20093
20098
20128
20099
20129
50760
20095
20100
20130
20096
20101
20131
20097
20102
20132
20098
20103
20133
20099
20104
20134
20105
20135
50766
20101
20106
20136
20102
20107
20137
20103
20108
20138
20104
20109
20139
20105
20110
20140
20111
20141
50772
20107
20112
20142
20108
20113
20143
20109
20114
20144
20110
20115
20145
20111
20116
20146
20117
20147
50778
20113
20118
20148
20114
20119
20149
20115
20120
20150
20116
20121
20151
20117
20122
20152
20123
20153
50784
20119
20154
40566
20120
20155
40560
20121
20156
40554
20122
20157
40548
20123
20158
40542
20159
40536
50790
20125
20130
20160
20126
20131
20161
20127
20132
20162
20128
20133
20163
20129
20134
20164
20135
20165
50796
20131
20136
20166
20132
20137
20167
20133
20138
20168
20134
20139
20169
20135
20140
20170
20141
20171
50802
20137
20142
20172
20138
20143
20173
20139
20144
20174
20140
20145
20175
20141
20146
20176
20147
20177
50808
20143
20148
20178
20144
20149
20179
20145
20150
20180
20146
20151
20181
20147
20152
20182
20153
20183
50814
20149
20154
20184
20150
20155
20185
20151
20156
20186
20152
20157
20187
20153
20158
20188
20159
20189
50820
20155
20190
40602
20156
20191
40596
20157
20192
40590
20158
20193
40584
20159
20194
40578
20195
40572
50826
20161
20166
20196
20162
20167
20197
20163
20168
20198
20164
20169
20199
20165
20170
20200
20171
20201
50832
20167
20172
20202
20168
20173
20203
20169
20174
20204
20170
20175
20205
20171
20176
20206
20177
20207
50838
20173
20178
20208
20174
20179
20209
20175
20180
20210
20176
20181
20211
20177
20182
20212
20183
20213
50844
20179
20184
20214
20180
20185
20215
20181
20186
20216
20182
20187
20217
20183
20188
20218
20189
20219
50850
20185
20190
20220
20186
20191
20221
20187
20192
20222
20188
20193
20223
20189
20194
20224
20195
20225
50856
20191
20226
40638
20192
20227
40632
20193
20228
40626
20194
20229
40620
20195
20230
40614
20231
40608
50862
20197
20202
20232
20198
20203
20233
20199
20204
20234
20200
20205
20235
20201
20206
20236
20207
20237
50868
20203
20208
20238
20204
20209
20239
20205
20210
20240
20206
20211
20241
20207
20212
20242
20213
20243
50874
20209
20214
20244
20210
20215
20245
20211
20216
20246
20212
20217
20247
20213
20218
20248
20219
20249
50880
20215
20220
20250
20216
20221
20251
20217
20222
20252
20218
20223
20253
20219
20224
20254
20225
20255
50886
20221
20226
20256
20222
20227
20257
20223
20228
20258
20224
20229
20259
20225
20230
20260
20231
20261
50892
20227
20262
40674
20228
20263
40668
20229
20264
40662
20230
20265
40656
20231
20266
40650
20267
40644
50898
20233
20238
20268
20234
20239
20269
20235
20240
20270
20236
20241
20271
20237
20242
20272
20243
20273
50904
20239
20244
20274
20240
20245
20275
20241
20246
20276
20242
20247
20277
20243
20248
20278
20249
20279
50910
20245
20250
20280
20246
20251
20281
20247
20252
20282
20248
20253
20283
20249
20254
20284
20255
20285
50916
20251
20256
20286
20252
20257
20287
20253
20258
20288
20254
20259
20289
20255
20260
20290
20261
20291
50922
20257
20262
20292
20258
20263
20293
20259
20264
20294
20260
20265
20295
20261
20266
20296
20267
20297
50928
20263
20298
40710
20264
20299
40704
20265
20300
40698
20266
20301
40692
20267
20302
40686
20303
40680
50934
20269
20274
20304
20270
20275
20305
20271
20276
20306
20272
20277
20307
20273
20278
20308
20279
20309
50940
20275
20280
20310
20276
20281
20311
20277
20282
20312
20278
20283
20313
20279
20284
20314
20285
20315
50946
20281
20286
20316
20282
20287
20317
20283
20288
20318
20284
20289
20319
20285
20290
20320
20291
20321
50952
20287
20292
20322
20288
20293
20323
20289
20294
20324
20290
20295
20325
20291
20296
20326
20297
20327
50958
20293
20298
20328
20294
20299
20329
20295
20300
20330
20296
20301
20331
20297
20302
20332
20303
20333
50964
20299
20334
40746
20300
20335
40740
20301
20336
40734
20302
20337
40728
20303
20338
40722
20339
40716
50970
20305
20310
20340
20306
20311
20341
20307
20312
20342
20308
20313
20343
20309
20314
20344
20315
20345
50976
20311
20316
20346
20312
20317
20347
20313
20318
20348
20314
20319
20349
20315
20320
20350
20321
20351
50982
20317
20322
20352
20318
20323
20353
20319
20324
20354
20320
20325
20355
20321
20326
20356
20327
20357
50988
20323
20328
20358
20324
20329
20359
20325
20330
20360
20326
20331
20361
20327
20332
20362
20333
20363
50994
20329
20334
20364
20330
20335
20365
20331
20336
20366
20332
20337
20367
20333
20338
20368
20339
20369
51000
20335
20370
40782
20336
20371
40776
20337
20372
40770
20338
20373
40764
20339
20374
40758
20375
40752
51006
20341
20346
20376
20342
20347
20377
20343
20348
20378
20344
20349
20379
20345
20350
20380
20351
20381
51012
20347
20352
20382
20348
20353
20383
20349
20354
20384
20350
20355
20385
20351
20356
20386
20357
20387
51018
20353
20358
20388
20354
20359
20389
20355
20360
20390
20356
20361
20391
20357
20362
20392
20363
20393
51024
20359
20364
20394
20360
20365
20395
20361
20366
20396
20362
20367
20397
20363
20368
20398
20369
20399
51030
20365
20370
20400
20366
20371
20401
20367
20372
20402
20368
20373
20403
20369
20374
20404
20375
20405
51036
20371
20406
40818
20372
20407
40812
20373
20408
40806
20374
20409
40800
20375
20410
40794
20411
40788
51042
20377
20382
20412
20378
20383
20413
20379
20384
20414
20380
20385
20415
20381
20386
20416
20387
20417
51048
20383
20388
20418
20384
20389
20419
20385
20390
20420
20386
20391
20421
20387
20392
20422
20393
20423
51054
20389
20394
20424
20390
20395
20425
20391
20396
20426
20392
20397
20427
20393
20398
20428
20399
20429
51060
20395
20400
20430
20396
20401
20431
20397
20402
20432
20398
20403
20433
20399
20404
20434
20405
20435
51066
20401
20406
20436
20402
20407
20437
20403
20408
20438
20404
20409
20439
20405
20410
20440
20411
20441
51072
20407
20442
40854
20408
20443
40848
20409
20444
40842
20410
20445
40836
20411
20446
40830
20447
40824
51078
20413
20418
20414
20419
20415
20420
20416
20421
20417
20422
20423
51084
20419
20424
20420
20425
20421
20426
20422
20427
20423
20428
20429
51090
20425
20430
20426
20431
20427
20432
20428
20433
20429
20434
20435
51096
20431
20436
20432
20437
20433
20438
20434
20439
20435
20440
20441
51102
20437
20442
20438
20443
20439
20444
20440
20445
20441
20446
20447
51108
20443
40890
20444
40884
20445
40878
20446
40872
20447
40866
40860
51114
20449
20454
20484
40901
20450
20455
20485
20451
20456
20486
20452
20457
20487
20453
20458
20488
20459
20489
20455
20460
20490
40907
20456
20461
20491
20457
20462
20492
20458
20463
20493
20459
20464
20494
20465
20495
20461
20466
20496
40913
20462
20467
20497
20463
20468
20498
20464
20469
20499
20465
20470
20500
20471
20501
20467
20472
20502
40919
20468
20473
20503
20469
20474
20504
20470
20475
20505
20471
20476
20506
20477
20507
20473
20478
20508
40925
20474
20479
20509
20475
20480
20510
20476
20481
20511
20477
20482
20512
20483
20513
20479
20514
30677
40931
20480
20515
30683
20481
20516
30689
20482
20517
30695
20483
20518
30701
20519
30707
20485
20490
20520
40937
20486
20491
20521
20487
20492
20522
20488
20493
20523
20489
20494
20524
20495
20525
20491
20496
20526
40943
20492
20497
20527
20493
20498
20528
20494
20499
20529
20495
20500
20530
20501
20531
20497
20502
20532
40949
20498
20503
20533
20499
20504
20534
20500
20505
20535
20501
20506
20536
20507
20537
20503
20508
20538
40955
20504
20509
20539
20505
20510
20540
20506
20511
20541
20507
20512
20542
20513
20543
20509
20514
20544
40961
20510
20515
20545
20511
20516
20546
20512
20517
20547
20513
20518
20548
20519
20549
20515
20550
30713
40967
20516
20551
30719
20517
20552
30725
20518
20553
30731
20519
20554
30737
20555
30743
20521
20526
20556
40973
20522
20527
20557
20523
20528
20558
20524
20529
20559
20525
20530
20560
20531
20561
20527
20532
20562
40979
20528
20533
20563
20529
20534
20564
20530
20535
20565
20531
20536
20566
20537
20567
20533
20538
20568
40985
20534
20539
20569
20535
20540
20570
20536
20541
20571
20537
20542
20572
20543
20573
20539
20544
20574
40991
20540
20545
20575
20541
20546
20576
20542
20547
20577
20543
20548
20578
20549
20579
20545
20550
20580
40997
20546
20551
20581
20547
20552
20582
20548
20553
20583
20549
20554
20584
20555
20585
20551
20586
30749
41003
20552
20587
30755
20553
20588
30761
20554
20589
30767
20555
20590
30773
20591
30779
20557
20562
20592
41009
20558
20563
20593
20559
20564
20594
20560
20565
20595
20561
20566
20596
20567
20597
20563
20568
20598
41015
20564
20569
20599
20565
20570
20600
20566
20571
20601
20567
20572
20602
20573
20603
20569
20574
20604
41021
20570
20575
20605
20571
20576
20606
20572
20577
20607
20573
20578
20608
20579
20609
20575
20580
20610
41027
20576
20581
20611
20577
20582
20612
20578
20583
20613
20579
20584
20614
20585
20615
20581
20586
20616
41033
20582
20587
20617
20583
20588
20618
20584
20589
20619
20585
20590
20620
20591
20621
20587
20622
30785
41039
20588
20623
30791
20589
20624
30797
20590
20625
30803
20591
20626
30809
20627
30815
20593
20598
20628
41045
20594
20599
20629
20595
20600
20630
20596
20601
20631
20597
20602
20632
20603
20633
20599
20604
20634
41051
20600
20605
20635
20601
20606
20636
20602
20607
20637
20603
20608
20638
20609
20639
20605
20610
20640
41057
20606
20611
20641
20607
20612
20642
20608
20613
20643
20609
20614
20644
20615
20645
20611
20616
20646
41063
20612
20617
20647
20613
20618
20648
20614
20619
20649
20615
20620
20650
20621
20651
20617
20622
20652
41069
20618
20623
20653
20619
20624
20654
20620
20625
20655
20621
20626
20656
20627
20657
20623
20658
30821
41075
20624
20659
30827
20625
20660
30833
20626
20661
30839
20627
20662
30845
20663
30851
20629
20634
20664
41081
20630
20635
20665
20631
20636
20666
20632
20637
20667
20633
20638
20668
20639
20669
20635
20640
20670
41087
20636
20641
20671
20637
20642
20672
20638
20643
20673
20639
20644
20674
20645
20675
20641
20646
20676
41093
20642
20647
20677
20643
20648
20678
20644
20649
20679
20645
20650
20680
20651
20681
20647
20652
20682
41099
20648
20653
20683
20649
20654
20684
20650
20655
20685
20651
20656
20686
20657
20687
20653
20658
20688
41105
20654
20659
20689
20655
20660
20690
20656
20661
20691
20657
20662
20692
20663
20693
20659
20694
30857
41111
20660
20695
30863
20661
20696
30869
20662
20697
30875
20663
20698
30881
20699
30887
20665
20670
20700
41117
20666
20671
20701
20667
20672
20702
20668
20673
20703
20669
20674
20704
20675
20705
20671
20676
20706
41123
20672
20677
20707
20673
20678
20708
20674
20679
20709
20675
20680
20710
20681
20711
20677
20682
20712
41129
20678
20683
20713
20679
20684
20714
20680
20685
20715
20681
20686
20716
20687
20717
20683
20688
20718
41135
20684
20689
20719
20685
20690
20720
20686
20691
20721
20687
20692
20722
20693
20723
20689
20694
20724
41141
20690
20695
20725
20691
20696
20726
20692
20697
20727
20693
20698
20728
20699
20729
20695
20730
30893
41147
20696
20731
30899
20697
20732
30905
20698
20733
30911
20699
20734
30917
20735
30923
20701
20706
20736
41153
20702
20707
20737
20703
20708
20738
20704
20709
20739
20705
20710
20740
20711
20741
20707
20712
20742
41159
20708
20713
20743
20709
20714
20744
20710
20715
20745
20711
20716
20746
20717
20747
20713
20718
20748
41165
20714
20719
20749
20715
20720
20750
20716
20721
20751
20717
20722
20752
20723
20753
20719
20724
20754
41171
20720
20725
20755
20721
20726
20756
20722
20727
20757
20723
20728
20758
20729
20759
20725
20730
20760
41177
20726
20731
20761
20727
20732
20762
20728
20733
20763
20729
20734
20764
20735
20765
20731
20766
30929
41183
20732
20767
30935
20733
20768
30941
20734
20769
30947
20735
20770
30953
20771
30959
20737
20742
20772
41189
20738
20743
20773
20739
20744
20774
20740
20745
20775
20741
20746
20776
20747
20777
20743
20748
20778
41195
20744
20749
20779
20745
20750
20780
20746
20751
20781
20747
20752
20782
20753
20783
20749
20754
20784
41201
20750
20755
20785
20751
20756
20786
20752
20757
20787
20753
20758
20788
20759
20789
20755
20760
20790
41207
20756
20761
20791
20757
20762
20792
20758
20763
20793
20759
20764
20794
20765
20795
20761
20766
20796
41213
20762
20767
20797
20763
20768
20798
20764
20769
20799
20765
20770
20800
20771
20801
20767
20802
30965
41219
20768
20803
30971
20769
20804
30977
20770
20805
30983
20771
20806
30989
20807
30995
20773
20778
20808
41225
20774
20779
20809
20775
20780
20810
20776
20781
20811
20777
20782
20812
20783
20813
20779
20784
20814
41231
20780
20785
20815
20781
20786
20816
20782
20787
20817
20783
20788
20818
20789
20819
20785
20790
20820
41237
20786
20791
20821
20787
20792
20822
20788
20793
20823
20789
20794
20824
20795
20825
20791
20796
20826
41243
20792
20797
20827
20793
20798
20828
20794
20799
20829
20795
20800
20830
20801
20831
20797
20802
20832
41249
20798
20803
20833
20799
20804
20834
20800
20805
20835
20801
20806
20836
20807
20837
20803
20838
31001
41255
20804
20839
31007
20805
20840
31013
20806
20841
31019
20807
20842
31025
20843
31031
20809
20814
20844
41261
20810
20815
20845
20811
20816
20846
20812
20817
20847
20813
20818
20848
20819
20849
20815
20820
20850
41267
20816
20821
20851
20817
20822
20852
20818
20823
20853
20819
20824
20854
20825
20855
20821
20826
20856
41273
20822
20827
20857
20823
20828
20858
20824
20829
20859
20825
20830
20860
20831
20861
20827
20832
20862
41279
20828
20833
20863
20829
20834
20864
20830
20835
20865
20831
20836
20866
20837
20867
20833
20838
20868
41285
20834
20839
20869
20835
20840
20870
20836
20841
20871
20837
20842
20872
20843
20873
20839
20874
31037
41291
20840
20875
31043
20841
20876
31049
20842
20877
31055
20843
20878
31061
20879
31067
20845
20850
20880
41297
20846
20851
20881
20847
20852
20882
20848
20853
20883
20849
20854
20884
20855
20885
20851
20856
20886
41303
20852
20857
20887
20853
20858
20888
20854
20859
20889
20855
20860
20890
20861
20891
20857
20862
20892
41309
20858
20863
20893
20859
20864
20894
20860
20865
20895
20861
20866
20896
20867
20897
20863
20868
20898
41315
20864
20869
20899
20865
20870
20900
20866
20871
20901
20867
20872
20902
20873
20903
20869
20874
20904
41321
20870
20875
20905
20871
20876
20906
20872
20877
20907
20873
20878
20908
20879
20909
20875
20910
31073
41327
20876
20911
31079
20877
20912
31085
20878
20913
31091
20879
20914
31097
20915
31103
20881
20886
20916
41333
20882
20887
20917
20883
20888
20918
20884
20889
20919
20885
20890
20920
20891
20921
20887
20892
20922
41339
20888
20893
20923
20889
20894
20924
20890
20895
20925
20891
20896
20926
20897
20927
20893
20898
20928
41345
20894
20899
20929
20895
20900
20930
20896
20901
20931
20897
20902
20932
20903
20933
20899
20904
20934
41351
20900
20905
20935
20901
20906
20936
20902
20907
20937
20903
20908
20938
20909
20939
20905
20910
20940
41357
20906
20911
20941
20907
20912
20942
20908
20913
20943
20909
20914
20944
20915
20945
20911
20946
31109
41363
20912
20947
31115
20913
20948
31121
20914
20949
31127
20915
20950
31133
20951
31139
20917
20922
20952
41369
20918
20923
20953
20919
20924
20954
20920
20925
20955
20921
20926
20956
20927
20957
20923
20928
20958
41375
20924
20929
20959
20925
20930
20960
20926
20931
20961
20927
20932
20962
20933
20963
20929
20934
20964
41381
20930
20935
20965
20931
20936
20966
20932
20937
20967
20933
20938
20968
20939
20969
20935
20940
20970
41387
20936
20941
20971
20937
20942
20972
20938
20943
20973
20939
20944
20974
20945
20975
20941
20946
20976
41393
20942
20947
20977
20943
20948
20978
20944
20949
20979
20945
20950
20980
20951
20981
20947
20982
31145
41399
20948
20983
31151
20949
20984
31157
20950
20985
31163
20951
20986
31169
20987
31175
20953
20958
20988
41405
20954
20959
20989
20955
20960
20990
20956
20961
20991
20957
20962
20992
20963
20993
20959
20964
20994
41411
20960
20965
20995
20961
20966
20996
20962
20967
20997
20963
20968
20998
20969
20999
20965
20970
21000
41417
20966
20971
21001
20967
20972
21002
20968
20973
21003
20969
20974
21004
20975
21005
20971
20976
21006
41423
20972
20977
21007
20973
20978
21008
20974
20979
21009
20975
20980
21010
20981
21011
20977
20982
21012
41429
20978
20983
21013
20979
20984
21014
20980
20985
21015
20981
20986
21016
20987
21017
20983
21018
31181
41435
20984
21019
31187
20985
21020
31193
20986
21021
31199
20987
21022
31205
21023
31211
20989
20994
21024
41441
20990
20995
21025
20991
20996
21026
20992
20997
21027
20993
20998
21028
20999
21029
20995
21000
21030
41447
20996
21001
21031
20997
21002
21032
20998
21003
21033
20999
21004
21034
21005
21035
21001
21006
21036
41453
21002
21007
21037
21003
21008
21038
21004
21009
21039
21005
21010
21040
21011
21041
21007
21012
21042
41459
21008
21013
21043
21009
21014
21044
21010
21015
21045
21011
21016
21046
21017
21047
21013
21018
21048
41465
21014
21019
21049
21015
21020
21050
21016
21021
21051
21017
21022
21052
21023
21053
21019
21054
31217
41471
21020
21055
31223
21021
21056
31229
21022
21057
31235
21023
21058
31241
21059
31247
21025
21030
21060
41477
21026
21031
21061
21027
21032
21062
21028
21033
21063
21029
21034
21064
21035
21065
21031
21036
21066
41483
21032
21037
21067
21033
21038
21068
21034
21039
21069
21035
21040
21070
21041
21071
21037
21042
21072
41489
21038
21043
21073
21039
21044
21074
21040
21045
21075
21041
21046
21076
21047
21077
21043
21048
21078
41495
21044
21049
21079
21045
21050
21080
21046
21051
21081
21047
21052
21082
21053
21083
21049
21054
21084
41501
21050
21055
21085
21051
21056
21086
21052
21057
21087
21053
21058
21088
21059
21089
21055
21090
31253
41507
21056
21091
31259
21057
21092
31265
21058
21093
31271
21059
21094
31277
21095
31283
21061
21066
21096
41513
21062
21067
21097
21063
21068
21098
21064
21069
21099
21065
21070
21100
21071
21101
21067
21072
21102
41519
21068
21073
21103
21069
21074
21104
21070
21075
21105
21071
21076
21106
21077
21107
21073
21078
21108
41525
21074
21079
21109
21075
21080
21110
21076
21081
21111
21077
21082
21112
21083
21113
21079
21084
21114
41531
21080
21085
21115
21081
21086
21116
21082
21087
21117
21083
21088
21118
21089
21119
21085
21090
21120
41537
21086
21091
21121
21087
21092
21122
21088
21093
21123
21089
21094
21124
21095
21125
21091
21126
31289
41543
21092
21127
31295
21093
21128
31301
21094
21129
31307
21095
21130
31313
21131
31319
21097
21102
21132
41549
21098
21103
21133
21099
21104
21134
21100
21105
21135
21101
21106
21136
21107
21137
21103
21108
21138
41555
21104
21109
21139
21105
21110
21140
21106
21111
21141
21107
21112
21142
21113
21143
21109
21114
21144
41561
21110
21115
21145
21111
21116
21146
21112
21117
21147
21113
21118
21148
21119
21149
21115
21120
21150
41567
21116
21121
21151
21117
21122
21152
21118
21123
21153
21119
21124
21154
21125
21155
21121
21126
21156
41573
21122
21127
21157
21123
21128
21158
21124
21129
21159
21125
21130
21160
21131
21161
21127
21162
31325
41579
21128
21163
31331
21129
21164
31337
21130
21165
31343
21131
21166
31349
21167
31355
21133
21138
21168
41585
21134
21139
21169
21135
21140
21170
21136
21141
21171
21137
21142
21172
21143
21173
21139
21144
21174
41591
21140
21145
21175
21141
21146
21176
21142
21147
21177
21143
21148
21178
21149
21179
21145
21150
21180
41597
21146
21151
21181
21147
21152
21182
21148
21153
21183
21149
21154
21184
21155
21185
21151
21156
21186
41603
21152
21157
21187
21153
21158
21188
21154
21159
21189
21155
21160
21190
21161
21191
21157
21162
21192
41609
21158
21163
21193
21159
21164
21194
21160
21165
21195
21161
21166
21196
21167
21197
21163
21198
31361
41615
21164
21199
31367
21165
21200
31373
21166
21201
31379
21167
21202
31385
21203
31391
21169
21174
21204
41621
21170
21175
21205
21171
21176
21206
21172
21177
21207
21173
21178
21208
21179
21209
21175
21180
21210
41627
21176
21181
21211
21177
21182
21212
21178
21183
21213
21179
21184
21214
21185
21215
21181
21186
21216
41633
21182
21187
21217
21183
21188
21218
21184
21189
21219
21185
21190
21220
21191
21221
21187
21192
21222
41639
21188
21193
21223
21189
21194
21224
21190
21195
21225
21191
21196
21226
21197
21227
21193
21198
21228
41645
21194
21199
21229
21195
21200
21230
21196
21201
21231
21197
21202
21232
21203
21233
21199
21234
31397
41651
21200
21235
31403
21201
21236
31409
21202
21237
31415
21203
21238
31421
21239
31427
21205
21210
21240
41657
21206
21211
21241
21207
21212
21242
21208
21213
21243
21209
21214
21244
21215
21245
21211
21216
21246
41663
21212
21217
21247
21213
21218
21248
21214
21219
21249
21215
21220
21250
21221
21251
21217
21222
21252
41669
21218
21223
21253
21219
21224
21254
21220
21225
21255
21221
21226
21256
21227
21257
21223
21228
21258
41675
21224
21229
21259
21225
21230
21260
21226
21231
21261
21227
21232
21262
21233
21263
21229
21234
21264
41681
21230
21235
21265
21231
21236
21266
21232
21237
21267
21233
21238
21268
21239
21269
21235
21270
31433
41687
21236
21271
31439
21237
21272
31445
21238
21273
31451
21239
21274
31457
21275
31463
21241
21246
21276
41693
21242
21247
21277
21243
21248
21278
21244
21249
21279
21245
21250
21280
21251
21281
21247
21252
21282
41699
21248
21253
21283
21249
21254
21284
21250
21255
21285
21251
21256
21286
21257
21287
21253
21258
21288
41705
21254
21259
21289
21255
21260
21290
21256
21261
21291
21257
21262
21292
21263
21293
21259
21264
21294
41711
21260
21265
21295
21261
21266
21296
21262
21267
21297
21263
21268
21298
21269
21299
21265
21270
21300
41717
21266
21271
21301
21267
21272
21302
21268
21273
21303
21269
21274
21304
21275
21305
21271
21306
31469
41723
21272
21307
31475
21273
21308
31481
21274
21309
31487
21275
21310
31493
21311
31499
21277
21282
21312
41729
21278
21283
21313
21279
21284
21314
21280
21285
21315
21281
21286
21316
21287
21317
21283
21288
21318
41735
21284
21289
21319
21285
21290
21320
21286
21291
21321
21287
21292
21322
21293
21323
21289
21294
21324
41741
21290
21295
21325
21291
21296
21326
21292
21297
21327
21293
21298
21328
21299
21329
21295
21300
21330
41747
21296
21301
21331
21297
21302
21332
21298
21303
21333
21299
21304
21334
21305
21335
21301
21306
21336
41753
21302
21307
21337
21303
21308
21338
21304
21309
21339
21305
21310
21340
21311
21341
21307
21342
31505
41759
21308
21343
31511
21309
21344
31517
21310
21345
31523
21311
21346
31529
21347
31535
21313
21318
21348
41765
21314
21319
21349
21315
21320
21350
21316
21321
21351
21317
21322
21352
21323
21353
21319
21324
21354
41771
21320
21325
21355
21321
21326
21356
21322
21327
21357
21323
21328
21358
21329
21359
21325
21330
21360
41777
21326
21331
21361
21327
21332
21362
21328
21333
21363
21329
21334
21364
21335
21365
21331
21336
21366
41783
21332
21337
21367
21333
21338
21368
21334
21339
21369
21335
21340
21370
21341
21371
21337
21342
21372
41789
21338
21343
21373
21339
21344
21374
21340
21345
21375
21341
21346
21376
21347
21377
21343
21378
31541
41795
21344
21379
31547
21345
21380
31553
21346
21381
31559
21347
21382
31565
21383
31571
21349
21354
21384
41801
21350
21355
21385
21351
21356
21386
21352
21357
21387
21353
21358
21388
21359
21389
21355
21360
21390
41807
21356
21361
21391
21357
21362
21392
21358
21363
21393
21359
21364
21394
21365
21395
21361
21366
21396
41813
21362
21367
21397
21363
21368
21398
21364
21369
21399
21365
21370
21400
21371
21401
21367
21372
21402
41819
21368
21373
21403
21369
21374
21404
21370
21375
21405
21371
21376
21406
21377
21407
21373
21378
21408
41825
21374
21379
21409
21375
21380
21410
21376
21381
21411
21377
21382
21412
21383
21413
21379
21414
31577
41831
21380
21415
31583
21381
21416
31589
21382
21417
31595
21383
21418
31601
21419
31607
21385
21390
21420
41837
21386
21391
21421
21387
21392
21422
21388
21393
21423
21389
21394
21424
21395
21425
21391
21396
21426
41843
21392
21397
21427
21393
21398
21428
21394
21399
21429
21395
21400
21430
21401
21431
21397
21402
21432
41849
21398
21403
21433
21399
21404
21434
21400
21405
21435
21401
21406
21436
21407
21437
21403
21408
21438
41855
21404
21409
21439
21405
21410
21440
21406
21411
21441
21407
21412
21442
21413
21443
21409
21414
21444
41861
21410
21415
21445
21411
21416
21446
21412
21417
21447
21413
21418
21448
21419
21449
21415
21450
31613
41867
21416
21451
31619
21417
21452
31625
21418
21453
31631
21419
21454
31637
21455
31643
21421
21426
21456
41873
21422
21427
21457
21423
21428
21458
21424
21429
21459
21425
21430
21460
21431
21461
21427
21432
21462
41879
21428
21433
21463
21429
21434
21464
21430
21435
21465
21431
21436
21466
21437
21467
21433
21438
21468
41885
21434
21439
21469
21435
21440
21470
21436
21441
21471
21437
21442
21472
21443
21473
21439
21444
21474
41891
21440
21445
21475
21441
21446
21476
21442
21447
21477
21443
21448
21478
21449
21479
21445
21450
21480
41897
21446
21451
21481
21447
21452
21482
21448
21453
21483
21449
21454
21484
21455
21485
21451
21486
31649
41903
21452
21487
31655
21453
21488
31661
21454
21489
31667
21455
21490
31673
21491
31679
21457
21462
21492
41909
21458
21463
21493
21459
21464
21494
21460
21465
21495
21461
21466
21496
21467
21497
21463
21468
21498
41915
21464
21469
21499
21465
21470
21500
21466
21471
21501
21467
21472
21502
21473
21503
21469
21474
21504
41921
21470
21475
21505
21471
21476
21506
21472
21477
21507
21473
21478
21508
21479
21509
21475
21480
21510
41927
21476
21481
21511
21477
21482
21512
21478
21483
21513
21479
21484
21514
21485
21515
21481
21486
21516
41933
21482
21487
21517
21483
21488
21518
21484
21489
21519
21485
21490
21520
21491
21521
21487
21522
31685
41939
21488
21523
31691
21489
21524
31697
21490
21525
31703
21491
21526
31709
21527
31715
21493
21498
21528
41945
21494
21499
21529
21495
21500
21530
21496
21501
21531
21497
21502
21532
21503
21533
21499
21504
21534
41951
21500
21505
21535
21501
21506
21536
21502
21507
21537
21503
21508
21538
21509
21539
21505
21510
21540
41957
21506
21511
21541
21507
21512
21542
21508
21513
21543
21509
21514
21544
21515
21545
21511
21516
21546
41963
21512
21517
21547
21513
21518
21548
21514
21519
21549
21515
21520
21550
21521
21551
21517
21522
21552
41969
21518
21523
21553
21519
21524
21554
21520
21525
21555
21521
21526
21556
21527
21557
21523
21558
31721
41975
21524
21559
31727
21525
21560
31733
21526
21561
31739
21527
21562
31745
21563
31751
21529
21534
21564
41981
21530
21535
21565
21531
21536
21566
21532
21537
21567
21533
21538
21568
21539
21569
21535
21540
21570
41987
21536
21541
21571
21537
21542
21572
21538
21543
21573
21539
21544
21574
21545
21575
21541
21546
21576
41993
21542
21547
21577
21543
21548
21578
21544
21549
21579
21545
21550
21580
21551
21581
21547
21552
21582
41999
21548
21553
21583
21549
21554
21584
21550
21555
21585
21551
21556
21586
21557
21587
21553
21558
21588
42005
21554
21559
21589
21555
21560
21590
21556
21561
21591
21557
21562
21592
21563
21593
21559
21594
31757
42011
21560
21595
31763
21561
21596
31769
21562
21597
31775
21563
21598
31781
21599
31787
21565
21570
21600
42017
21566
21571
21601
21567
21572
21602
21568
21573
21603
21569
21574
21604
21575
21605
21571
21576
21606
42023
21572
21577
21607
21573
21578
21608
21574
21579
21609
21575
21580
21610
21581
21611
21577
21582
21612
42029
21578
21583
21613
21579
21584
21614
21580
21585
21615
21581
21586
21616
21587
21617
21583
21588
21618
42035
21584
21589
21619
21585
21590
21620
21586
21591
21621
21587
21592
21622
21593
21623
21589
21594
21624
42041
21590
21595
21625
21591
21596
21626
21592
21597
21627
21593
21598
21628
21599
21629
21595
21630
31793
42047
21596
21631
31799
21597
21632
31805
21598
21633
31811
21599
21634
31817
21635
31823
21601
21606
21636
42053
21602
21607
21637
21603
21608
21638
21604
21609
21639
21605
21610
21640
21611
21641
21607
21612
21642
42059
21608
21613
21643
21609
21614
21644
21610
21615
21645
21611
21616
21646
21617
21647
21613
21618
21648
42065
21614
21619
21649
21615
21620
21650
21616
21621
21651
21617
21622
21652
21623
21653
21619
21624
21654
42071
21620
21625
21655
21621
21626
21656
21622
21627
21657
21623
21628
21658
21629
21659
21625
21630
21660
42077
21626
21631
21661
21627
21632
21662
21628
21633
21663
21629
21634
21664
21635
21665
21631
21666
31829
42083
21632
21667
31835
21633
21668
31841
21634
21669
31847
21635
21670
31853
21671
31859
21637
21642
21672
42089
21638
21643
21673
21639
21644
21674
21640
21645
21675
21641
21646
21676
21647
21677
21643
21648
21678
42095
21644
21649
21679
21645
21650
21680
21646
21651
21681
21647
21652
21682
21653
21683
21649
21654
21684
42101
21650
21655
21685
21651
21656
21686
21652
21657
21687
21653
21658
21688
21659
21689
21655
21660
21690
42107
21656
21661
21691
21657
21662
21692
21658
21663
21693
21659
21664
21694
21665
21695
21661
21666
21696
42113
21662
21667
21697
21663
21668
21698
21664
21669
21699
21665
21670
21700
21671
21701
21667
21702
31865
42119
21668
21703
31871
21669
21704
31877
21670
21705
31883
21671
21706
31889
21707
31895
21673
21678
21708
42125
21674
21679
21709
21675
21680
21710
21676
21681
21711
21677
21682
21712
21683
21713
21679
21684
21714
42131
21680
21685
21715
21681
21686
21716
21682
21687
21717
21683
21688
21718
21689
21719
21685
21690
21720
42137
21686
21691
21721
21687
21692
21722
21688
21693
21723
21689
21694
21724
21695
21725
21691
21696
21726
42143
21692
21697
21727
21693
21698
21728
21694
21699
21729
21695
21700
21730
21701
21731
21697
21702
21732
42149
21698
21703
21733
21699
21704
21734
21700
21705
21735
21701
21706
21736
21707
21737
21703
21738
31901
42155
21704
21739
31907
21705
21740
31913
21706
21741
31919
21707
21742
31925
21743
31931
21709
21714
21744
42161
21710
21715
21745
21711
21716
21746
21712
21717
21747
21713
21718
21748
21719
21749
21715
21720
21750
42167
21716
21721
21751
21717
21722
21752
21718
21723
21753
21719
21724
21754
21725
21755
21721
21726
21756
42173
21722
21727
21757
21723
21728
21758
21724
21729
21759
21725
21730
21760
21731
21761
21727
21732
21762
42179
21728
21733
21763
21729
21734
21764
21730
21735
21765
21731
21736
21766
21737
21767
21733
21738
21768
42185
21734
21739
21769
21735
21740
21770
21736
21741
21771
21737
21742
21772
21743
21773
21739
21774
31937
42191
21740
21775
31943
21741
21776
31949
21742
21777
31955
21743
21778
31961
21779
31967
21745
21750
21780
42197
21746
21751
21781
21747
21752
21782
21748
21753
21783
21749
21754
21784
21755
21785
21751
21756
21786
42203
21752
21757
21787
21753
21758
21788
21754
21759
21789
21755
21760
21790
21761
21791
21757
21762
21792
42209
21758
21763
21793
21759
21764
21794
21760
21765
21795
21761
21766
21796
21767
21797
21763
21768
21798
42215
21764
21769
21799
21765
21770
21800
21766
21771
21801
21767
21772
21802
21773
21803
21769
21774
21804
42221
21770
21775
21805
21771
21776
21806
21772
21777
21807
21773
21778
21808
21779
21809
21775
21810
31973
42227
21776
21811
31979
21777
21812
31985
21778
21813
31991
21779
21814
31997
21815
32003
21781
21786
21816
42233
21782
21787
21817
21783
21788
21818
21784
21789
21819
21785
21790
21820
21791
21821
21787
21792
21822
42239
21788
21793
21823
21789
21794
21824
21790
21795
21825
21791
21796
21826
21797
21827
21793
21798
21828
42245
21794
21799
21829
21795
21800
21830
21796
21801
21831
21797
21802
21832
21803
21833
21799
21804
21834
42251
21800
21805
21835
21801
21806
21836
21802
21807
21837
21803
21808
21838
21809
21839
21805
21810
21840
42257
21806
21811
21841
21807
21812
21842
21808
21813
21843
21809
21814
21844
21815
21845
21811
21846
32009
42263
21812
21847
32015
21813
21848
32021
21814
21849
32027
21815
21850
32033
21851
32039
21817
21822
21852
42269
21818
21823
21853
21819
21824
21854
21820
21825
21855
21821
21826
21856
21827
21857
21823
21828
21858
42275
21824
21829
21859
21825
21830
21860
21826
21831
21861
21827
21832
21862
21833
21863
21829
21834
21864
42281
21830
21835
21865
21831
21836
21866
21832
21837
21867
21833
21838
21868
21839
21869
21835
21840
21870
42287
21836
21841
21871
21837
21842
21872
21838
21843
21873
21839
21844
21874
21845
21875
21841
21846
21876
42293
21842
21847
21877
21843
21848
21878
21844
21849
21879
21845
21850
21880
21851
21881
21847
21882
32045
42299
21848
21883
32051
21849
21884
32057
21850
21885
32063
21851
21886
32069
21887
32075
21853
21858
21888
42305
21854
21859
21889
21855
21860
21890
21856
21861
21891
21857
21862
21892
21863
21893
21859
21864
21894
42311
21860
21865
21895
21861
21866
21896
21862
21867
21897
21863
21868
21898
21869
21899
21865
21870
21900
42317
21866
21871
21901
21867
21872
21902
21868
21873
21903
21869
21874
21904
21875
21905
21871
21876
21906
42323
21872
21877
21907
21873
21878
21908
21874
21879
21909
21875
21880
21910
21881
21911
21877
21882
21912
42329
21878
21883
21913
21879
21884
21914
21880
21885
21915
21881
21886
21916
21887
21917
21883
21918
32081
42335
21884
21919
32087
21885
21920
32093
21886
21921
32099
21887
21922
32105
21923
32111
21889
21894
21924
42341
21890
21895
21925
21891
21896
21926
21892
21897
21927
21893
21898
21928
21899
21929
21895
21900
21930
42347
21896
21901
21931
21897
21902
21932
21898
21903
21933
21899
21904
21934
21905
21935
21901
21906
21936
42353
21902
21907
21937
21903
21908
21938
21904
21909
21939
21905
21910
21940
21911
21941
21907
21912
21942
42359
21908
21913
21943
21909
21914
21944
21910
21915
21945
21911
21916
21946
21917
21947
21913
21918
21948
42365
21914
21919
21949
21915
21920
21950
21916
21921
21951
21917
21922
21952
21923
21953
21919
21954
32117
42371
21920
21955
32123
21921
21956
32129
21922
21957
32135
21923
21958
32141
21959
32147
21925
21930
21960
42377
21926
21931
21961
21927
21932
21962
21928
21933
21963
21929
21934
21964
21935
21965
21931
21936
21966
42383
21932
21937
21967
21933
21938
21968
21934
21939
21969
21935
21940
21970
21941
21971
21937
21942
21972
42389
21938
21943
21973
21939
21944
21974
21940
21945
21975
21941
21946
21976
21947
21977
21943
21948
21978
42395
21944
21949
21979
21945
21950
21980
21946
21951
21981
21947
21952
21982
21953
21983
21949
21954
21984
42401
21950
21955
21985
21951
21956
21986
21952
21957
21987
21953
21958
21988
21959
21989
21955
21990
32153
42407
21956
21991
32159
21957
21992
32165
21958
21993
32171
21959
21994
32177
21995
32183
21961
21966
21996
42413
21962
21967
21997
21963
21968
21998
21964
21969
21999
21965
21970
22000
21971
22001
21967
21972
22002
42419
21968
21973
22003
21969
21974
22004
21970
21975
22005
21971
21976
22006
21977
22007
21973
21978
22008
42425
21974
21979
22009
21975
21980
22010
21976
21981
22011
21977
21982
22012
21983
22013
21979
21984
22014
42431
21980
21985
22015
21981
21986
22016
21982
21987
22017
21983
21988
22018
21989
22019
21985
21990
22020
42437
21986
21991
22021
21987
21992
22022
21988
21993
22023
21989
21994
22024
21995
22025
21991
22026
32189
42443
21992
22027
32195
21993
22028
32201
21994
22029
32207
21995
22030
32213
22031
32219
21997
22002
22032
42449
21998
22003
22033
21999
22004
22034
22000
22005
22035
22001
22006
22036
22007
22037
22003
22008
22038
42455
22004
22009
22039
22005
22010
22040
22006
22011
22041
22007
22012
22042
22013
22043
22009
22014
22044
42461
22010
22015
22045
22011
22016
22046
22012
22017
22047
22013
22018
22048
22019
22049
22015
22020
22050
42467
22016
22021
22051
22017
22022
22052
22018
22023
22053
22019
22024
22054
22025
22055
22021
22026
22056
42473
22022
22027
22057
22023
22028
22058
22024
22029
22059
22025
22030
22060
22031
22061
22027
22062
32225
42479
22028
22063
32231
22029
22064
32237
22030
22065
32243
22031
22066
32249
22067
32255
22033
22038
22068
42485
22034
22039
22069
22035
22040
22070
22036
22041
22071
22037
22042
22072
22043
22073
22039
22044
22074
42491
22040
22045
22075
22041
22046
22076
22042
22047
22077
22043
22048
22078
22049
22079
22045
22050
22080
42497
22046
22051
22081
22047
22052
22082
22048
22053
22083
22049
22054
22084
22055
22085
22051
22056
22086
42503
22052
22057
22087
22053
22058
22088
22054
22059
22089
22055
22060
22090
22061
22091
22057
22062
22092
42509
22058
22063
22093
22059
22064
22094
22060
22065
22095
22061
22066
22096
22067
22097
22063
22098
32261
42515
22064
22099
32267
22065
22100
32273
22066
22101
32279
22067
22102
32285
22103
32291
22069
22074
22104
42521
22070
22075
22105
22071
22076
22106
22072
22077
22107
22073
22078
22108
22079
22109
22075
22080
22110
42527
22076
22081
22111
22077
22082
22112
22078
22083
22113
22079
22084
22114
22085
22115
22081
22086
22116
42533
22082
22087
22117
22083
22088
22118
22084
22089
22119
22085
22090
22120
22091
22121
22087
22092
22122
42539
22088
22093
22123
22089
22094
22124
22090
22095
22125
22091
22096
22126
22097
22127
22093
22098
22128
42545
22094
22099
22129
22095
22100
22130
22096
22101
22131
22097
22102
22132
22103
22133
22099
22134
32297
42551
22100
22135
32303
22101
22136
32309
22102
22137
32315
22103
22138
32321
22139
32327
22105
22110
22140
42557
22106
22111
22141
22107
22112
22142
22108
22113
22143
22109
22114
22144
22115
22145
22111
22116
22146
42563
22112
22117
22147
22113
22118
22148
22114
22119
22149
22115
22120
22150
22121
22151
22117
22122
22152
42569
22118
22123
22153
22119
22124
22154
22120
22125
22155
22121
22126
22156
22127
22157
22123
22128
22158
42575
22124
22129
22159
22125
22130
22160
22126
22131
22161
22127
22132
22162
22133
22163
22129
22134
22164
42581
22130
22135
22165
22131
22136
22166
22132
22137
22167
22133
22138
22168
22139
22169
22135
22170
32333
42587
22136
22171
32339
22137
22172
32345
22138
22173
32351
22139
22174
32357
22175
32363
22141
22146
22176
42593
22142
22147
22177
22143
22148
22178
22144
22149
22179
22145
22150
22180
22151
22181
22147
22152
22182
42599
22148
22153
22183
22149
22154
22184
22150
22155
22185
22151
22156
22186
22157
22187
22153
22158
22188
42605
22154
22159
22189
22155
22160
22190
22156
22161
22191
22157
22162
22192
22163
22193
22159
22164
22194
42611
22160
22165
22195
22161
22166
22196
22162
22167
22197
22163
22168
22198
22169
22199
22165
22170
22200
42617
22166
22171
22201
22167
22172
22202
22168
22173
22203
22169
22174
22204
22175
22205
22171
22206
32369
42623
22172
22207
32375
22173
22208
32381
22174
22209
32387
22175
22210
32393
22211
32399
22177
22182
22212
42629
22178
22183
22213
22179
22184
22214
22180
22185
22215
22181
22186
22216
22187
22217
22183
22188
22218
42635
22184
22189
22219
22185
22190
22220
22186
22191
22221
22187
22192
22222
22193
22223
22189
22194
22224
42641
22190
22195
22225
22191
22196
22226
22192
22197
22227
22193
22198
22228
22199
22229
22195
22200
22230
42647
22196
22201
22231
22197
22202
22232
22198
22203
22233
22199
22204
22234
22205
22235
22201
22206
22236
42653
22202
22207
22237
22203
22208
22238
22204
22209
22239
22205
22210
22240
22211
22241
22207
22242
32405
42659
22208
22243
32411
22209
22244
32417
22210
22245
32423
22211
22246
32429
22247
32435
22213
22218
22248
42665
22214
22219
22249
22215
22220
22250
22216
22221
22251
22217
22222
22252
22223
22253
22219
22224
22254
42671
22220
22225
22255
22221
22226
22256
22222
22227
22257
22223
22228
22258
22229
22259
22225
22230
22260
42677
22226
22231
22261
22227
22232
22262
22228
22233
22263
22229
22234
22264
22235
22265
22231
22236
22266
42683
22232
22237
22267
22233
22238
22268
22234
22239
22269
22235
22240
22270
22241
22271
22237
22242
22272
42689
22238
22243
22273
22239
22244
22274
22240
22245
22275
22241
22246
22276
22247
22277
22243
22278
32441
42695
22244
22279
32447
22245
22280
32453
22246
22281
32459
22247
22282
32465
22283
32471
22249
22254
22284
42701
22250
22255
22285
22251
22256
22286
22252
22257
22287
22253
22258
22288
22259
22289
22255
22260
22290
42707
22256
22261
22291
22257
22262
22292
22258
22263
22293
22259
22264
22294
22265
22295
22261
22266
22296
42713
22262
22267
22297
22263
22268
22298
22264
22269
22299
22265
22270
22300
22271
22301
22267
22272
22302
42719
22268
22273
22303
22269
22274
22304
22270
22275
22305
22271
22276
22306
22277
22307
22273
22278
22308
42725
22274
22279
22309
22275
22280
22310
22276
22281
22311
22277
22282
22312
22283
22313
22279
22314
32477
42731
22280
22315
32483
22281
22316
32489
22282
22317
32495
22283
22318
32501
22319
32507
22285
22290
22320
42737
22286
22291
22321
22287
22292
22322
22288
22293
22323
22289
22294
22324
22295
22325
22291
22296
22326
42743
22292
22297
22327
22293
22298
22328
22294
22299
22329
22295
22300
22330
22301
22331
22297
22302
22332
42749
22298
22303
22333
22299
22304
22334
22300
22305
22335
22301
22306
22336
22307
22337
22303
22308
22338
42755
22304
22309
22339
22305
22310
22340
22306
22311
22341
22307
22312
22342
22313
22343
22309
22314
22344
42761
22310
22315
22345
22311
22316
22346
22312
22317
22347
22313
22318
22348
22319
22349
22315
22350
32513
42767
22316
22351
32519
22317
22352
32525
22318
22353
32531
22319
22354
32537
22355
32543
22321
22326
22356
42773
22322
22327
22357
22323
22328
22358
22324
22329
22359
22325
22330
22360
22331
22361
22327
22332
22362
42779
22328
22333
22363
22329
22334
22364
22330
22335
22365
22331
22336
22366
22337
22367
22333
22338
22368
42785
22334
22339
22369
22335
22340
22370
22336
22341
22371
22337
22342
22372
22343
22373
22339
22344
22374
42791
22340
22345
22375
22341
22346
22376
22342
22347
22377
22343
22348
22378
22349
22379
22345
22350
22380
42797
22346
22351
22381
22347
22352
22382
22348
22353
22383
22349
22354
22384
22355
22385
22351
22386
32549
42803
22352
22387
32555
22353
22388
32561
22354
22389
32567
22355
22390
32573
22391
32579
22357
22362
22392
42809
22358
22363
22393
22359
22364
22394
22360
22365
22395
22361
22366
22396
22367
22397
22363
22368
22398
42815
22364
22369
22399
22365
22370
22400
22366
22371
22401
22367
22372
22402
22373
22403
22369
22374
22404
42821
22370
22375
22405
22371
22376
22406
22372
22377
22407
22373
22378
22408
22379
22409
22375
22380
22410
42827
22376
22381
22411
22377
22382
22412
22378
22383
22413
22379
22384
22414
22385
22415
22381
22386
22416
42833
22382
22387
22417
22383
22388
22418
22384
22389
22419
22385
22390
22420
22391
22421
22387
22422
32585
42839
22388
22423
32591
22389
22424
32597
22390
22425
32603
22391
22426
32609
22427
32615
22393
22398
22428
42845
22394
22399
22429
22395
22400
22430
22396
22401
22431
22397
22402
22432
22403
22433
22399
22404
22434
42851
22400
22405
22435
22401
22406
22436
22402
22407
22437
22403
22408
22438
22409
22439
22405
22410
22440
42857
22406
22411
22441
22407
22412
22442
22408
22413
22443
22409
22414
22444
22415
22445
22411
22416
22446
42863
22412
22417
22447
22413
22418
22448
22414
22419
22449
22415
22420
22450
22421
22451
22417
22422
22452
42869
22418
22423
22453
22419
22424
22454
22420
22425
22455
22421
22426
22456
22427
22457
22423
22458
32621
42875
22424
22459
32627
22425
22460
32633
22426
22461
32639
22427
22462
32645
22463
32651
22429
22434
22464
42881
22430
22435
22465
22431
22436
22466
22432
22437
22467
22433
22438
22468
22439
22469
22435
22440
22470
42887
22436
22441
22471
22437
22442
22472
22438
22443
22473
22439
22444
22474
22445
22475
22441
22446
22476
42893
22442
22447
22477
22443
22448
22478
22444
22449
22479
22445
22450
22480
22451
22481
22447
22452
22482
42899
22448
22453
22483
22449
22454
22484
22450
22455
22485
22451
22456
22486
22457
22487
22453
22458
22488
42905
22454
22459
22489
22455
22460
22490
22456
22461
22491
22457
22462
22492
22463
22493
22459
22494
32657
42911
22460
22495
32663
22461
22496
32669
22462
22497
32675
22463
22498
32681
22499
32687
22465
22470
22500
42917
22466
22471
22501
22467
22472
22502
22468
22473
22503
22469
22474
22504
22475
22505
22471
22476
22506
42923
22472
22477
22507
22473
22478
22508
22474
22479
22509
22475
22480
22510
22481
22511
22477
22482
22512
42929
22478
22483
22513
22479
22484
22514
22480
22485
22515
22481
22486
22516
22487
22517
22483
22488
22518
42935
22484
22489
22519
22485
22490
22520
22486
22491
22521
22487
22492
22522
22493
22523
22489
22494
22524
42941
22490
22495
22525
22491
22496
22526
22492
22497
22527
22493
22498
22528
22499
22529
22495
22530
32693
42947
22496
22531
32699
22497
22532
32705
22498
22533
32711
22499
22534
32717
22535
32723
22501
22506
22536
42953
22502
22507
22537
22503
22508
22538
22504
22509
22539
22505
22510
22540
22511
22541
22507
22512
22542
42959
22508
22513
22543
22509
22514
22544
22510
22515
22545
22511
22516
22546
22517
22547
22513
22518
22548
42965
22514
22519
22549
22515
22520
22550
22516
22521
22551
22517
22522
22552
22523
22553
22519
22524
22554
42971
22520
22525
22555
22521
22526
22556
22522
22527
22557
22523
22528
22558
22529
22559
22525
22530
22560
42977
22526
22531
22561
22527
22532
22562
22528
22533
22563
22529
22534
22564
22535
22565
22531
22566
32729
42983
22532
22567
32735
22533
22568
32741
22534
22569
32747
22535
22570
32753
22571
32759
22537
22542
22572
42989
22538
22543
22573
22539
22544
22574
22540
22545
22575
22541
22546
22576
22547
22577
22543
22548
22578
42995
22544
22549
22579
22545
22550
22580
22546
22551
22581
22547
22552
22582
22553
22583
22549
22554
22584
43001
22550
22555
22585
22551
22556
22586
22552
22557
22587
22553
22558
22588
22559
22589
22555
22560
22590
43007
22556
22561
22591
22557
22562
22592
22558
22563
22593
22559
22564
22594
22565
22595
22561
22566
22596
43013
22562
22567
22597
22563
22568
22598
22564
22569
22599
22565
22570
22600
22571
22601
22567
22602
32765
43019
22568
22603
32771
22569
22604
32777
22570
22605
32783
22571
22606
32789
22607
32795
22573
22578
22608
43025
22574
22579
22609
22575
22580
22610
22576
22581
22611
22577
22582
22612
22583
22613
22579
22584
22614
43031
22580
22585
22615
22581
22586
22616
22582
22587
22617
22583
22588
22618
22589
22619
22585
22590
22620
43037
22586
22591
22621
22587
22592
22622
22588
22593
22623
22589
22594
22624
22595
22625
22591
22596
22626
43043
22592
22597
22627
22593
22598
22628
22594
22599
22629
22595
22600
22630
22601
22631
22597
22602
22632
43049
22598
22603
22633
22599
22604
22634
22600
22605
22635
22601
22606
22636
22607
22637
22603
22638
32801
43055
22604
22639
32807
22605
22640
32813
22606
22641
32819
22607
22642
32825
22643
32831
22609
22614
22644
43061
22610
22615
22645
22611
22616
22646
22612
22617
22647
22613
22618
22648
22619
22649
22615
22620
22650
43067
22616
22621
22651
22617
22622
22652
22618
22623
22653
22619
22624
22654
22625
22655
22621
22626
22656
43073
22622
22627
22657
22623
22628
22658
22624
22629
22659
22625
22630
22660
22631
22661
22627
22632
22662
43079
22628
22633
22663
22629
22634
22664
22630
22635
22665
22631
22636
22666
22637
22667
22633
22638
22668
43085
22634
22639
22669
22635
22640
22670
22636
22641
22671
22637
22642
22672
22643
22673
22639
22674
32837
43091
22640
22675
32843
22641
22676
32849
22642
22677
32855
22643
22678
32861
22679
32867
22645
22650
22680
43097
22646
22651
22681
22647
22652
22682
22648
22653
22683
22649
22654
22684
22655
22685
22651
22656
22686
43103
22652
22657
22687
22653
22658
22688
22654
22659
22689
22655
22660
22690
22661
22691
22657
22662
22692
43109
22658
22663
22693
22659
22664
22694
22660
22665
22695
22661
22666
22696
22667
22697
22663
22668
22698
43115
22664
22669
22699
22665
22670
22700
22666
22671
22701
22667
22672
22702
22673
22703
22669
22674
22704
43121
22670
22675
22705
22671
22676
22706
22672
22677
22707
22673
22678
22708
22679
22709
22675
22710
32873
43127
22676
22711
32879
22677
22712
32885
22678
22713
32891
22679
22714
32897
22715
32903
22681
22686
22716
43133
22682
22687
22717
22683
22688
22718
22684
22689
22719
22685
22690
22720
22691
22721
22687
22692
22722
43139
22688
22693
22723
22689
22694
22724
22690
22695
22725
22691
22696
22726
22697
22727
22693
22698
22728
43145
22694
22699
22729
22695
22700
22730
22696
22701
22731
22697
22702
22732
22703
22733
22699
22704
22734
43151
22700
22705
22735
22701
22706
22736
22702
22707
22737
22703
22708
22738
22709
22739
22705
22710
22740
43157
22706
22711
22741
22707
22712
22742
22708
22713
22743
22709
22714
22744
22715
22745
22711
22746
32909
43163
22712
22747
32915
22713
22748
32921
22714
22749
32927
22715
22750
32933
22751
32939
22717
22722
22752
43169
22718
22723
22753
22719
22724
22754
22720
22725
22755
22721
22726
22756
22727
22757
22723
22728
22758
43175
22724
22729
22759
22725
22730
22760
22726
22731
22761
22727
22732
22762
22733
22763
22729
22734
22764
43181
22730
22735
22765
22731
22736
22766
22732
22737
22767
22733
22738
22768
22739
22769
22735
22740
22770
43187
22736
22741
22771
22737
22742
22772
22738
22743
22773
22739
22744
22774
22745
22775
22741
22746
22776
43193
22742
22747
22777
22743
22748
22778
22744
22749
22779
22745
22750
22780
22751
22781
22747
22782
32945
43199
22748
22783
32951
22749
22784
32957
22750
22785
32963
22751
22786
32969
22787
32975
22753
22758
22788
43205
22754
22759
22789
22755
22760
22790
22756
22761
22791
22757
22762
22792
22763
22793
22759
22764
22794
43211
22760
22765
22795
22761
22766
22796
22762
22767
22797
22763
22768
22798
22769
22799
22765
22770
22800
43217
22766
22771
22801
22767
22772
22802
22768
22773
22803
22769
22774
22804
22775
22805
22771
22776
22806
43223
22772
22777
22807
22773
22778
22808
22774
22779
22809
22775
22780
22810
22781
22811
22777
22782
22812
43229
22778
22783
22813
22779
22784
22814
22780
22785
22815
22781
22786
22816
22787
22817
22783
22818
32981
43235
22784
22819
32987
22785
22820
32993
22786
22821
32999
22787
22822
33005
22823
33011
22789
22794
22824
43241
22790
22795
22825
22791
22796
22826
22792
22797
22827
22793
22798
22828
22799
22829
22795
22800
22830
43247
22796
22801
22831
22797
22802
22832
22798
22803
22833
22799
22804
22834
22805
22835
22801
22806
22836
43253
22802
22807
22837
22803
22808
22838
22804
22809
22839
22805
22810
22840
22811
22841
22807
22812
22842
43259
22808
22813
22843
22809
22814
22844
22810
22815
22845
22811
22816
22846
22817
22847
22813
22818
22848
43265
22814
22819
22849
22815
22820
22850
22816
22821
22851
22817
22822
22852
22823
22853
22819
22854
33017
43271
22820
22855
33023
22821
22856
33029
22822
22857
33035
22823
22858
33041
22859
33047
22825
22830
22860
43277
22826
22831
22861
22827
22832
22862
22828
22833
22863
22829
22834
22864
22835
22865
22831
22836
22866
43283
22832
22837
22867
22833
22838
22868
22834
22839
22869
22835
22840
22870
22841
22871
22837
22842
22872
43289
22838
22843
22873
22839
22844
22874
22840
22845
22875
22841
22846
22876
22847
22877
22843
22848
22878
43295
22844
22849
22879
22845
22850
22880
22846
22851
22881
22847
22852
22882
22853
22883
22849
22854
22884
43301
22850
22855
22885
22851
22856
22886
22852
22857
22887
22853
22858
22888
22859
22889
22855
22890
33053
43307
22856
22891
33059
22857
22892
33065
22858
22893
33071
22859
22894
33077
22895
33083
22861
22866
22896
43313
22862
22867
22897
22863
22868
22898
22864
22869
22899
22865
22870
22900
22871
22901
22867
22872
22902
43319
22868
22873
22903
22869
22874
22904
22870
22875
22905
22871
22876
22906
22877
22907
22873
22878
22908
43325
22874
22879
22909
22875
22880
22910
22876
22881
22911
22877
22882
22912
22883
22913
22879
22884
22914
43331
22880
22885
22915
22881
22886
22916
22882
22887
22917
22883
22888
22918
22889
22919
22885
22890
22920
43337
22886
22891
22921
22887
22892
22922
22888
22893
22923
22889
22894
22924
22895
22925
22891
22926
33089
43343
22892
22927
33095
22893
22928
33101
22894
22929
33107
22895
22930
33113
22931
33119
22897
22902
22932
43349
22898
22903
22933
22899
22904
22934
22900
22905
22935
22901
22906
22936
22907
22937
22903
22908
22938
43355
22904
22909
22939
22905
22910
22940
22906
22911
22941
22907
22912
22942
22913
22943
22909
22914
22944
43361
22910
22915
22945
22911
22916
22946
22912
22917
22947
22913
22918
22948
22919
22949
22915
22920
22950
43367
22916
22921
22951
22917
22922
22952
22918
22923
22953
22919
22924
22954
22925
22955
22921
22926
22956
43373
22922
22927
22957
22923
22928
22958
22924
22929
22959
22925
22930
22960
22931
22961
22927
22962
33125
43379
22928
22963
33131
22929
22964
33137
22930
22965
33143
22931
22966
33149
22967
33155
22933
22938
22968
43385
22934
22939
22969
22935
22940
22970
22936
22941
22971
22937
22942
22972
22943
22973
22939
22944
22974
43391
22940
22945
22975
22941
22946
22976
22942
22947
22977
22943
22948
22978
22949
22979
22945
22950
22980
43397
22946
22951
22981
22947
22952
22982
22948
22953
22983
22949
22954
22984
22955
22985
22951
22956
22986
43403
22952
22957
22987
22953
22958
22988
22954
22959
22989
22955
22960
22990
22961
22991
22957
22962
22992
43409
22958
22963
22993
22959
22964
22994
22960
22965
22995
22961
22966
22996
22967
22997
22963
22998
33161
43415
22964
22999
33167
22965
23000
33173
22966
23001
33179
22967
23002
33185
23003
33191
22969
22974
23004
43421
22970
22975
23005
22971
22976
23006
22972
22977
23007
22973
22978
23008
22979
23009
22975
22980
23010
43427
22976
22981
23011
22977
22982
23012
22978
22983
23013
22979
22984
23014
22985
23015
22981
22986
23016
43433
22982
22987
23017
22983
22988
23018
22984
22989
23019
22985
22990
23020
22991
23021
22987
22992
23022
43439
22988
22993
23023
22989
22994
23024
22990
22995
23025
22991
22996
23026
22997
23027
22993
22998
23028
43445
22994
22999
23029
22995
23000
23030
22996
23001
23031
22997
23002
23032
23003
23033
22999
23034
33197
43451
23000
23035
33203
23001
23036
33209
23002
23037
33215
23003
23038
33221
23039
33227
23005
23010
23040
43457
23006
23011
23041
23007
23012
23042
23008
23013
23043
23009
23014
23044
23015
23045
23011
23016
23046
43463
23012
23017
23047
23013
23018
23048
23014
23019
23049
23015
23020
23050
23021
23051
23017
23022
23052
43469
23018
23023
23053
23019
23024
23054
23020
23025
23055
23021
23026
23056
23027
23057
23023
23028
23058
43475
23024
23029
23059
23025
23030
23060
23026
23031
23061
23027
23032
23062
23033
23063
23029
23034
23064
43481
23030
23035
23065
23031
23036
23066
23032
23037
23067
23033
23038
23068
23039
23069
23035
23070
33233
43487
23036
23071
33239
23037
23072
33245
23038
23073
33251
23039
23074
33257
23075
33263
23041
23046
23076
43493
23042
23047
23077
23043
23048
23078
23044
23049
23079
23045
23050
23080
23051
23081
23047
23052
23082
43499
23048
23053
23083
23049
23054
23084
23050
23055
23085
23051
23056
23086
23057
23087
23053
23058
23088
43505
23054
23059
23089
23055
23060
23090
23056
23061
23091
23057
23062
23092
23063
23093
23059
23064
23094
43511
23060
23065
23095
23061
23066
23096
23062
23067
23097
23063
23068
23098
23069
23099
23065
23070
23100
43517
23066
23071
23101
23067
23072
23102
23068
23073
23103
23069
23074
23104
23075
23105
23071
23106
33269
43523
23072
23107
33275
23073
23108
33281
23074
23109
33287
23075
23110
33293
23111
33299
23077
23082
23112
43529
23078
23083
23113
23079
23084
23114
23080
23085
23115
23081
23086
23116
23087
23117
23083
23088
23118
43535
23084
23089
23119
23085
23090
23120
23086
23091
23121
23087
23092
23122
23093
23123
23089
23094
23124
43541
23090
23095
23125
23091
23096
23126
23092
23097
23127
23093
23098
23128
23099
23129
23095
23100
23130
43547
23096
23101
23131
23097
23102
23132
23098
23103
23133
23099
23104
23134
23105
23135
23101
23106
23136
43553
23102
23107
23137
23103
23108
23138
23104
23109
23139
23105
23110
23140
23111
23141
23107
23142
33305
43559
23108
23143
33311
23109
23144
33317
23110
23145
33323
23111
23146
33329
23147
33335
23113
23118
23148
43565
23114
23119
23149
23115
23120
23150
23116
23121
23151
23117
23122
23152
23123
23153
23119
23124
23154
43571
23120
23125
23155
23121
23126
23156
23122
23127
23157
23123
23128
23158
23129
23159
23125
23130
23160
43577
23126
23131
23161
23127
23132
23162
23128
23133
23163
23129
23134
23164
23135
23165
23131
23136
23166
43583
23132
23137
23167
23133
23138
23168
23134
23139
23169
23135
23140
23170
23141
23171
23137
23142
23172
43589
23138
23143
23173
23139
23144
23174
23140
23145
23175
23141
23146
23176
23147
23177
23143
23178
33341
43595
23144
23179
33347
23145
23180
33353
23146
23181
33359
23147
23182
33365
23183
33371
23149
23154
23184
43601
23150
23155
23185
23151
23156
23186
23152
23157
23187
23153
23158
23188
23159
23189
23155
23160
23190
43607
23156
23161
23191
23157
23162
23192
23158
23163
23193
23159
23164
23194
23165
23195
23161
23166
23196
43613
23162
23167
23197
23163
23168
23198
23164
23169
23199
23165
23170
23200
23171
23201
23167
23172
23202
43619
23168
23173
23203
23169
23174
23204
23170
23175
23205
23171
23176
23206
23177
23207
23173
23178
23208
43625
23174
23179
23209
23175
23180
23210
23176
23181
23211
23177
23182
23212
23183
23213
23179
23214
33377
43631
23180
23215
33383
23181
23216
33389
23182
23217
33395
23183
23218
33401
23219
33407
23185
23190
23220
43637
23186
23191
23221
23187
23192
23222
23188
23193
23223
23189
23194
23224
23195
23225
23191
23196
23226
43643
23192
23197
23227
23193
23198
23228
23194
23199
23229
23195
23200
23230
23201
23231
23197
23202
23232
43649
23198
23203
23233
23199
23204
23234
23200
23205
23235
23201
23206
23236
23207
23237
23203
23208
23238
43655
23204
23209
23239
23205
23210
23240
23206
23211
23241
23207
23212
23242
23213
23243
23209
23214
23244
43661
23210
23215
23245
23211
23216
23246
23212
23217
23247
23213
23218
23248
23219
23249
23215
23250
33413
43667
23216
23251
33419
23217
23252
33425
23218
23253
33431
23219
23254
33437
23255
33443
23221
23226
23256
43673
23222
23227
23257
23223
23228
23258
23224
23229
23259
23225
23230
23260
23231
23261
23227
23232
23262
43679
23228
23233
23263
23229
23234
23264
23230
23235
23265
23231
23236
23266
23237
23267
23233
23238
23268
43685
23234
23239
23269
23235
23240
23270
23236
23241
23271
23237
23242
23272
23243
23273
23239
23244
23274
43691
23240
23245
23275
23241
23246
23276
23242
23247
23277
23243
23248
23278
23249
23279
23245
23250
23280
43697
23246
23251
23281
23247
23252
23282
23248
23253
23283
23249
23254
23284
23255
23285
23251
23286
33449
43703
23252
23287
33455
23253
23288
33461
23254
23289
33467
23255
23290
33473
23291
33479
23257
23262
23292
43709
23258
23263
23293
23259
23264
23294
23260
23265
23295
23261
23266
23296
23267
23297
23263
23268
23298
43715
23264
23269
23299
23265
23270
23300
23266
23271
23301
23267
23272
23302
23273
23303
23269
23274
23304
43721
23270
23275
23305
23271
23276
23306
23272
23277
23307
23273
23278
23308
23279
23309
23275
23280
23310
43727
23276
23281
23311
23277
23282
23312
23278
23283
23313
23279
23284
23314
23285
23315
23281
23286
23316
43733
23282
23287
23317
23283
23288
23318
23284
23289
23319
23285
23290
23320
23291
23321
23287
23322
33485
43739
23288
23323
33491
23289
23324
33497
23290
23325
33503
23291
23326
33509
23327
33515
23293
23298
23328
43745
23294
23299
23329
23295
23300
23330
23296
23301
23331
23297
23302
23332
23303
23333
23299
23304
23334
43751
23300
23305
23335
23301
23306
23336
23302
23307
23337
23303
23308
23338
23309
23339
23305
23310
23340
43757
23306
23311
23341
23307
23312
23342
23308
23313
23343
23309
23314
23344
23315
23345
23311
23316
23346
43763
23312
23317
23347
23313
23318
23348
23314
23319
23349
23315
23320
23350
23321
23351
23317
23322
23352
43769
23318
23323
23353
23319
23324
23354
23320
23325
23355
23321
23326
23356
23327
23357
23323
23358
33521
43775
23324
23359
33527
23325
23360
33533
23326
23361
33539
23327
23362
33545
23363
33551
23329
23334
23364
43781
23330
23335
23365
23331
23336
23366
23332
23337
23367
23333
23338
23368
23339
23369
23335
23340
23370
43787
23336
23341
23371
23337
23342
23372
23338
23343
23373
23339
23344
23374
23345
23375
23341
23346
23376
43793
23342
23347
23377
23343
23348
23378
23344
23349
23379
23345
23350
23380
23351
23381
23347
23352
23382
43799
23348
23353
23383
23349
23354
23384
23350
23355
23385
23351
23356
23386
23357
23387
23353
23358
23388
43805
23354
23359
23389
23355
23360
23390
23356
23361
23391
23357
23362
23392
23363
23393
23359
23394
33557
43811
23360
23395
33563
23361
23396
33569
23362
23397
33575
23363
23398
33581
23399
33587
23365
23370
23400
43817
23366
23371
23401
23367
23372
23402
23368
23373
23403
23369
23374
23404
23375
23405
23371
23376
23406
43823
23372
23377
23407
23373
23378
23408
23374
23379
23409
23375
23380
23410
23381
23411
23377
23382
23412
43829
23378
23383
23413
23379
23384
23414
23380
23385
23415
23381
23386
23416
23387
23417
23383
23388
23418
43835
23384
23389
23419
23385
23390
23420
23386
23391
23421
23387
23392
23422
23393
23423
23389
23394
23424
43841
23390
23395
23425
23391
23396
23426
23392
23397
23427
23393
23398
23428
23399
23429
23395
23430
33593
43847
23396
23431
33599
23397
23432
33605
23398
23433
33611
23399
23434
33617
23435
33623
23401
23406
23436
43853
23402
23407
23437
23403
23408
23438
23404
23409
23439
23405
23410
23440
23411
23441
23407
23412
23442
43859
23408
23413
23443
23409
23414
23444
23410
23415
23445
23411
23416
23446
23417
23447
23413
23418
23448
43865
23414
23419
23449
23415
23420
23450
23416
23421
23451
23417
23422
23452
23423
23453
23419
23424
23454
43871
23420
23425
23455
23421
23426
23456
23422
23427
23457
23423
23428
23458
23429
23459
23425
23430
23460
43877
23426
23431
23461
23427
23432
23462
23428
23433
23463
23429
23434
23464
23435
23465
23431
23466
33629
43883
23432
23467
33635
23433
23468
33641
23434
23469
33647
23435
23470
33653
23471
33659
23437
23442
23472
43889
23438
23443
23473
23439
23444
23474
23440
23445
23475
23441
23446
23476
23447
23477
23443
23448
23478
43895
23444
23449
23479
23445
23450
23480
23446
23451
23481
23447
23452
23482
23453
23483
23449
23454
23484
43901
23450
23455
23485
23451
23456
23486
23452
23457
23487
23453
23458
23488
23459
23489
23455
23460
23490
43907
23456
23461
23491
23457
23462
23492
23458
23463
23493
23459
23464
23494
23465
23495
23461
23466
23496
43913
23462
23467
23497
23463
23468
23498
23464
23469
23499
23465
23470
23500
23471
23501
23467
23502
33665
43919
23468
23503
33671
23469
23504
33677
23470
23505
33683
23471
23506
33689
23507
33695
23473
23478
23508
43925
23474
23479
23509
23475
23480
23510
23476
23481
23511
23477
23482
23512
23483
23513
23479
23484
23514
43931
23480
23485
23515
23481
23486
23516
23482
23487
23517
23483
23488
23518
23489
23519
23485
23490
23520
43937
23486
23491
23521
23487
23492
23522
23488
23493
23523
23489
23494
23524
23495
23525
23491
23496
23526
43943
23492
23497
23527
23493
23498
23528
23494
23499
23529
23495
23500
23530
23501
23531
23497
23502
23532
43949
23498
23503
23533
23499
23504
23534
23500
23505
23535
23501
23506
23536
23507
23537
23503
23538
33701
43955
23504
23539
33707
23505
23540
33713
23506
23541
33719
23507
23542
33725
23543
33731
23509
23514
23544
43961
23510
23515
23545
23511
23516
23546
23512
23517
23547
23513
23518
23548
23519
23549
23515
23520
23550
43967
23516
23521
23551
23517
23522
23552
23518
23523
23553
23519
23524
23554
23525
23555
23521
23526
23556
43973
23522
23527
23557
23523
23528
23558
23524
23529
23559
23525
23530
23560
23531
23561
23527
23532
23562
43979
23528
23533
23563
23529
23534
23564
23530
23535
23565
23531
23536
23566
23537
23567
23533
23538
23568
43985
23534
23539
23569
23535
23540
23570
23536
23541
23571
23537
23542
23572
23543
23573
23539
23574
33737
43991
23540
23575
33743
23541
23576
33749
23542
23577
33755
23543
23578
33761
23579
33767
23545
23550
23580
43997
23546
23551
23581
23547
23552
23582
23548
23553
23583
23549
23554
23584
23555
23585
23551
23556
23586
44003
23552
23557
23587
23553
23558
23588
23554
23559
23589
23555
23560
23590
23561
23591
23557
23562
23592
44009
23558
23563
23593
23559
23564
23594
23560
23565
23595
23561
23566
23596
23567
23597
23563
23568
23598
44015
23564
23569
23599
23565
23570
23600
23566
23571
23601
23567
23572
23602
23573
23603
23569
23574
23604
44021
23570
23575
23605
23571
23576
23606
23572
23577
23607
23573
23578
23608
23579
23609
23575
23610
33773
44027
23576
23611
33779
23577
23612
33785
23578
23613
33791
23579
23614
33797
23615
33803
23581
23586
23616
44033
23582
23587
23617
23583
23588
23618
23584
23589
23619
23585
23590
23620
23591
23621
23587
23592
23622
44039
23588
23593
23623
23589
23594
23624
23590
23595
23625
23591
23596
23626
23597
23627
23593
23598
23628
44045
23594
23599
23629
23595
23600
23630
23596
23601
23631
23597
23602
23632
23603
23633
23599
23604
23634
44051
23600
23605
23635
23601
23606
23636
23602
23607
23637
23603
23608
23638
23609
23639
23605
23610
23640
44057
23606
23611
23641
23607
23612
23642
23608
23613
23643
23609
23614
23644
23615
23645
23611
23646
33809
44063
23612
23647
33815
23613
23648
33821
23614
23649
33827
23615
23650
33833
23651
33839
23617
23622
23652
44069
23618
23623
23653
23619
23624
23654
23620
23625
23655
23621
23626
23656
23627
23657
23623
23628
23658
44075
23624
23629
23659
23625
23630
23660
23626
23631
23661
23627
23632
23662
23633
23663
23629
23634
23664
44081
23630
23635
23665
23631
23636
23666
23632
23637
23667
23633
23638
23668
23639
23669
23635
23640
23670
44087
23636
23641
23671
23637
23642
23672
23638
23643
23673
23639
23644
23674
23645
23675
23641
23646
23676
44093
23642
23647
23677
23643
23648
23678
23644
23649
23679
23645
23650
23680
23651
23681
23647
23682
33845
44099
23648
23683
33851
23649
23684
33857
23650
23685
33863
23651
23686
33869
23687
33875
23653
23658
23688
44105
23654
23659
23689
23655
23660
23690
23656
23661
23691
23657
23662
23692
23663
23693
23659
23664
23694
44111
23660
23665
23695
23661
23666
23696
23662
23667
23697
23663
23668
23698
23669
23699
23665
23670
23700
44117
23666
23671
23701
23667
23672
23702
23668
23673
23703
23669
23674
23704
23675
23705
23671
23676
23706
44123
23672
23677
23707
23673
23678
23708
23674
23679
23709
23675
23680
23710
23681
23711
23677
23682
23712
44129
23678
23683
23713
23679
23684
23714
23680
23685
23715
23681
23686
23716
23687
23717
23683
23718
33881
44135
23684
23719
33887
23685
23720
33893
23686
23721
33899
23687
23722
33905
23723
33911
23689
23694
23724
44141
23690
23695
23725
23691
23696
23726
23692
23697
23727
23693
23698
23728
23699
23729
23695
23700
23730
44147
23696
23701
23731
23697
23702
23732
23698
23703
23733
23699
23704
23734
23705
23735
23701
23706
23736
44153
23702
23707
23737
23703
23708
23738
23704
23709
23739
23705
23710
23740
23711
23741
23707
23712
23742
44159
23708
23713
23743
23709
23714
23744
23710
23715
23745
23711
23716
23746
23717
23747
23713
23718
23748
44165
23714
23719
23749
23715
23720
23750
23716
23721
23751
23717
23722
23752
23723
23753
23719
23754
33917
44171
23720
23755
33923
23721
23756
33929
23722
23757
33935
23723
23758
33941
23759
33947
23725
23730
23760
44177
23726
23731
23761
23727
23732
23762
23728
23733
23763
23729
23734
23764
23735
23765
23731
23736
23766
44183
23732
23737
23767
23733
23738
23768
23734
23739
23769
23735
23740
23770
23741
23771
23737
23742
23772
44189
23738
23743
23773
23739
23744
23774
23740
23745
23775
23741
23746
23776
23747
23777
23743
23748
23778
44195
23744
23749
23779
23745
23750
23780
23746
23751
23781
23747
23752
23782
23753
23783
23749
23754
23784
44201
23750
23755
23785
23751
23756
23786
23752
23757
23787
23753
23758
23788
23759
23789
23755
23790
33953
44207
23756
23791
33959
23757
23792
33965
23758
23793
33971
23759
23794
33977
23795
33983
23761
23766
23796
44213
23762
23767
23797
23763
23768
23798
23764
23769
23799
23765
23770
23800
23771
23801
23767
23772
23802
44219
23768
23773
23803
23769
23774
23804
23770
23775
23805
23771
23776
23806
23777
23807
23773
23778
23808
44225
23774
23779
23809
23775
23780
23810
23776
23781
23811
23777
23782
23812
23783
23813
23779
23784
23814
44231
23780
23785
23815
23781
23786
23816
23782
23787
23817
23783
23788
23818
23789
23819
23785
23790
23820
44237
23786
23791
23821
23787
23792
23822
23788
23793
23823
23789
23794
23824
23795
23825
23791
23826
33989
44243
23792
23827
33995
23793
23828
34001
23794
23829
34007
23795
23830
34013
23831
34019
23797
23802
23832
44249
23798
23803
23833
23799
23804
23834
23800
23805
23835
23801
23806
23836
23807
23837
23803
23808
23838
44255
23804
23809
23839
23805
23810
23840
23806
23811
23841
23807
23812
23842
23813
23843
23809
23814
23844
44261
23810
23815
23845
23811
23816
23846
23812
23817
23847
23813
23818
23848
23819
23849
23815
23820
23850
44267
23816
23821
23851
23817
23822
23852
23818
23823
23853
23819
23824
23854
23825
23855
23821
23826
23856
44273
23822
23827
23857
23823
23828
23858
23824
23829
23859
23825
23830
23860
23831
23861
23827
23862
34025
44279
23828
23863
34031
23829
23864
34037
23830
23865
34043
23831
23866
34049
23867
34055
23833
23838
23868
44285
23834
23839
23869
23835
23840
23870
23836
23841
23871
23837
23842
23872
23843
23873
23839
23844
23874
44291
23840
23845
23875
23841
23846
23876
23842
23847
23877
23843
23848
23878
23849
23879
23845
23850
23880
44297
23846
23851
23881
23847
23852
23882
23848
23853
23883
23849
23854
23884
23855
23885
23851
23856
23886
44303
23852
23857
23887
23853
23858
23888
23854
23859
23889
23855
23860
23890
23861
23891
23857
23862
23892
44309
23858
23863
23893
23859
23864
23894
23860
23865
23895
23861
23866
23896
23867
23897
23863
23898
34061
44315
23864
23899
34067
23865
23900
34073
23866
23901
34079
23867
23902
34085
23903
34091
23869
23874
23904
44321
23870
23875
23905
23871
23876
23906
23872
23877
23907
23873
23878
23908
23879
23909
23875
23880
23910
44327
23876
23881
23911
23877
23882
23912
23878
23883
23913
23879
23884
23914
23885
23915
23881
23886
23916
44333
23882
23887
23917
23883
23888
23918
23884
23889
23919
23885
23890
23920
23891
23921
23887
23892
23922
44339
23888
23893
23923
23889
23894
23924
23890
23895
23925
23891
23896
23926
23897
23927
23893
23898
23928
44345
23894
23899
23929
23895
23900
23930
23896
23901
23931
23897
23902
23932
23903
23933
23899
23934
34097
44351
23900
23935
34103
23901
23936
34109
23902
23937
34115
23903
23938
34121
23939
34127
23905
23910
23940
44357
23906
23911
23941
23907
23912
23942
23908
23913
23943
23909
23914
23944
23915
23945
23911
23916
23946
44363
23912
23917
23947
23913
23918
23948
23914
23919
23949
23915
23920
23950
23921
23951
23917
23922
23952
44369
23918
23923
23953
23919
23924
23954
23920
23925
23955
23921
23926
23956
23927
23957
23923
23928
23958
44375
23924
23929
23959
23925
23930
23960
23926
23931
23961
23927
23932
23962
23933
23963
23929
23934
23964
44381
23930
23935
23965
23931
23936
23966
23932
23937
23967
23933
23938
23968
23939
23969
23935
23970
34133
44387
23936
23971
34139
23937
23972
34145
23938
23973
34151
23939
23974
34157
23975
34163
23941
23946
23976
44393
23942
23947
23977
23943
23948
23978
23944
23949
23979
23945
23950
23980
23951
23981
23947
23952
23982
44399
23948
23953
23983
23949
23954
23984
23950
23955
23985
23951
23956
23986
23957
23987
23953
23958
23988
44405
23954
23959
23989
23955
23960
23990
23956
23961
23991
23957
23962
23992
23963
23993
23959
23964
23994
44411
23960
23965
23995
23961
23966
23996
23962
23967
23997
23963
23968
23998
23969
23999
23965
23970
24000
44417
23966
23971
24001
23967
23972
24002
23968
23973
24003
23969
23974
24004
23975
24005
23971
24006
34169
44423
23972
24007
34175
23973
24008
34181
23974
24009
34187
23975
24010
34193
24011
34199
23977
23982
24012
44429
23978
23983
24013
23979
23984
24014
23980
23985
24015
23981
23986
24016
23987
24017
23983
23988
24018
44435
23984
23989
24019
23985
23990
24020
23986
23991
24021
23987
23992
24022
23993
24023
23989
23994
24024
44441
23990
23995
24025
23991
23996
24026
23992
23997
24027
23993
23998
24028
23999
24029
23995
24000
24030
44447
23996
24001
24031
23997
24002
24032
23998
24003
24033
23999
24004
24034
24005
24035
24001
24006
24036
44453
24002
24007
24037
24003
24008
24038
24004
24009
24039
24005
24010
24040
24011
24041
24007
24042
34205
44459
24008
24043
34211
24009
24044
34217
24010
24045
34223
24011
24046
34229
24047
34235
24013
24018
24048
44465
24014
24019
24049
24015
24020
24050
24016
24021
24051
24017
24022
24052
24023
24053
24019
24024
24054
44471
24020
24025
24055
24021
24026
24056
24022
24027
24057
24023
24028
24058
24029
24059
24025
24030
24060
44477
24026
24031
24061
24027
24032
24062
24028
24033
24063
24029
24034
24064
24035
24065
24031
24036
24066
44483
24032
24037
24067
24033
24038
24068
24034
24039
24069
24035
24040
24070
24041
24071
24037
24042
24072
44489
24038
24043
24073
24039
24044
24074
24040
24045
24075
24041
24046
24076
24047
24077
24043
24078
34241
44495
24044
24079
34247
24045
24080
34253
24046
24081
34259
24047
24082
34265
24083
34271
24049
24054
24084
44501
24050
24055
24085
24051
24056
24086
24052
24057
24087
24053
24058
24088
24059
24089
24055
24060
24090
44507
24056
24061
24091
24057
24062
24092
24058
24063
24093
24059
24064
24094
24065
24095
24061
24066
24096
44513
24062
24067
24097
24063
24068
24098
24064
24069
24099
24065
24070
24100
24071
24101
24067
24072
24102
44519
24068
24073
24103
24069
24074
24104
24070
24075
24105
24071
24076
24106
24077
24107
24073
24078
24108
44525
24074
24079
24109
24075
24080
24110
24076
24081
24111
24077
24082
24112
24083
24113
24079
24114
34277
44531
24080
24115
34283
24081
24116
34289
24082
24117
34295
24083
24118
34301
24119
34307
24085
24090
24120
44537
24086
24091
24121
24087
24092
24122
24088
24093
24123
24089
24094
24124
24095
24125
24091
24096
24126
44543
24092
24097
24127
24093
24098
24128
24094
24099
24129
24095
24100
24130
24101
24131
24097
24102
24132
44549
24098
24103
24133
24099
24104
24134
24100
24105
24135
24101
24106
24136
24107
24137
24103
24108
24138
44555
24104
24109
24139
24105
24110
24140
24106
24111
24141
24107
24112
24142
24113
24143
24109
24114
24144
44561
24110
24115
24145
24111
24116
24146
24112
24117
24147
24113
24118
24148
24119
24149
24115
24150
34313
44567
24116
24151
34319
24117
24152
34325
24118
24153
34331
24119
24154
34337
24155
34343
24121
24126
24156
44573
24122
24127
24157
24123
24128
24158
24124
24129
24159
24125
24130
24160
24131
24161
24127
24132
24162
44579
24128
24133
24163
24129
24134
24164
24130
24135
24165
24131
24136
24166
24137
24167
24133
24138
24168
44585
24134
24139
24169
24135
24140
24170
24136
24141
24171
24137
24142
24172
24143
24173
24139
24144
24174
44591
24140
24145
24175
24141
24146
24176
24142
24147
24177
24143
24148
24178
24149
24179
24145
24150
24180
44597
24146
24151
24181
24147
24152
24182
24148
24153
24183
24149
24154
24184
24155
24185
24151
24186
34349
44603
24152
24187
34355
24153
24188
34361
24154
24189
34367
24155
24190
34373
24191
34379
24157
24162
24192
44609
24158
24163
24193
24159
24164
24194
24160
24165
24195
24161
24166
24196
24167
24197
24163
24168
24198
44615
24164
24169
24199
24165
24170
24200
24166
24171
24201
24167
24172
24202
24173
24203
24169
24174
24204
44621
24170
24175
24205
24171
24176
24206
24172
24177
24207
24173
24178
24208
24179
24209
24175
24180
24210
44627
24176
24181
24211
24177
24182
24212
24178
24183
24213
24179
24184
24214
24185
24215
24181
24186
24216
44633
24182
24187
24217
24183
24188
24218
24184
24189
24219
24185
24190
24220
24191
24221
24187
24222
34385
44639
24188
24223
34391
24189
24224
34397
24190
24225
34403
24191
24226
34409
24227
34415
24193
24198
24228
44645
24194
24199
24229
24195
24200
24230
24196
24201
24231
24197
24202
24232
24203
24233
24199
24204
24234
44651
24200
24205
24235
24201
24206
24236
24202
24207
24237
24203
24208
24238
24209
24239
24205
24210
24240
44657
24206
24211
24241
24207
24212
24242
24208
24213
24243
24209
24214
24244
24215
24245
24211
24216
24246
44663
24212
24217
24247
24213
24218
24248
24214
24219
24249
24215
24220
24250
24221
24251
24217
24222
24252
44669
24218
24223
24253
24219
24224
24254
24220
24225
24255
24221
24226
24256
24227
24257
24223
24258
34421
44675
24224
24259
34427
24225
24260
34433
24226
24261
34439
24227
24262
34445
24263
34451
24229
24234
24264
44681
24230
24235
24265
24231
24236
24266
24232
24237
24267
24233
24238
24268
24239
24269
24235
24240
24270
44687
24236
24241
24271
24237
24242
24272
24238
24243
24273
24239
24244
24274
24245
24275
24241
24246
24276
44693
24242
24247
24277
24243
24248
24278
24244
24249
24279
24245
24250
24280
24251
24281
24247
24252
24282
44699
24248
24253
24283
24249
24254
24284
24250
24255
24285
24251
24256
24286
24257
24287
24253
24258
24288
44705
24254
24259
24289
24255
24260
24290
24256
24261
24291
24257
24262
24292
24263
24293
24259
24294
34457
44711
24260
24295
34463
24261
24296
34469
24262
24297
34475
24263
24298
34481
24299
34487
24265
24270
24300
44717
24266
24271
24301
24267
24272
24302
24268
24273
24303
24269
24274
24304
24275
24305
24271
24276
24306
44723
24272
24277
24307
24273
24278
24308
24274
24279
24309
24275
24280
24310
24281
24311
24277
24282
24312
44729
24278
24283
24313
24279
24284
24314
24280
24285
24315
24281
24286
24316
24287
24317
24283
24288
24318
44735
24284
24289
24319
24285
24290
24320
24286
24291
24321
24287
24292
24322
24293
24323
24289
24294
24324
44741
24290
24295
24325
24291
24296
24326
24292
24297
24327
24293
24298
24328
24299
24329
24295
24330
34493
44747
24296
24331
34499
24297
24332
34505
24298
24333
34511
24299
24334
34517
24335
34523
24301
24306
24336
44753
24302
24307
24337
24303
24308
24338
24304
24309
24339
24305
24310
24340
24311
24341
24307
24312
24342
44759
24308
24313
24343
24309
24314
24344
24310
24315
24345
24311
24316
24346
24317
24347
24313
24318
24348
44765
24314
24319
24349
24315
24320
24350
24316
24321
24351
24317
24322
24352
24323
24353
24319
24324
24354
44771
24320
24325
24355
24321
24326
24356
24322
24327
24357
24323
24328
24358
24329
24359
24325
24330
24360
44777
24326
24331
24361
24327
24332
24362
24328
24333
24363
24329
24334
24364
24335
24365
24331
24366
34529
44783
24332
24367
34535
24333
24368
34541
24334
24369
34547
24335
24370
34553
24371
34559
24337
24342
24372
44789
24338
24343
24373
24339
24344
24374
24340
24345
24375
24341
24346
24376
24347
24377
24343
24348
24378
44795
24344
24349
24379
24345
24350
24380
24346
24351
24381
24347
24352
24382
24353
24383
24349
24354
24384
44801
24350
24355
24385
24351
24356
24386
24352
24357
24387
24353
24358
24388
24359
24389
24355
24360
24390
44807
24356
24361
24391
24357
24362
24392
24358
24363
24393
24359
24364
24394
24365
24395
24361
24366
24396
44813
24362
24367
24397
24363
24368
24398
24364
24369
24399
24365
24370
24400
24371
24401
24367
24402
34565
44819
24368
24403
34571
24369
24404
34577
24370
24405
34583
24371
24406
34589
24407
34595
24373
24378
24408
44825
24374
24379
24409
24375
24380
24410
24376
24381
24411
24377
24382
24412
24383
24413
24379
24384
24414
44831
24380
24385
24415
24381
24386
24416
24382
24387
24417
24383
24388
24418
24389
24419
24385
24390
24420
44837
24386
24391
24421
24387
24392
24422
24388
24393
24423
24389
24394
24424
24395
24425
24391
24396
24426
44843
24392
24397
24427
24393
24398
24428
24394
24399
24429
24395
24400
24430
24401
24431
24397
24402
24432
44849
24398
24403
24433
24399
24404
24434
24400
24405
24435
24401
24406
24436
24407
24437
24403
24438
34601
44855
24404
24439
34607
24405
24440
34613
24406
24441
34619
24407
24442
34625
24443
34631
24409
24414
24444
44861
24410
24415
24445
24411
24416
24446
24412
24417
24447
24413
24418
24448
24419
24449
24415
24420
24450
44867
24416
24421
24451
24417
24422
24452
24418
24423
24453
24419
24424
24454
24425
24455
24421
24426
24456
44873
24422
24427
24457
24423
24428
24458
24424
24429
24459
24425
24430
24460
24431
24461
24427
24432
24462
44879
24428
24433
24463
24429
24434
24464
24430
24435
24465
24431
24436
24466
24437
24467
24433
24438
24468
44885
24434
24439
24469
24435
24440
24470
24436
24441
24471
24437
24442
24472
24443
24473
24439
24474
34637
44891
24440
24475
34643
24441
24476
34649
24442
24477
34655
24443
24478
34661
24479
34667
24445
24450
24480
44897
24446
24451
24481
24447
24452
24482
24448
24453
24483
24449
24454
24484
24455
24485
24451
24456
24486
44903
24452
24457
24487
24453
24458
24488
24454
24459
24489
24455
24460
24490
24461
24491
24457
24462
24492
44909
24458
24463
24493
24459
24464
24494
24460
24465
24495
24461
24466
24496
24467
24497
24463
24468
24498
44915
24464
24469
24499
24465
24470
24500
24466
24471
24501
24467
24472
24502
24473
24503
24469
24474
24504
44921
24470
24475
24505
24471
24476
24506
24472
24477
24507
24473
24478
24508
24479
24509
24475
24510
34673
44927
24476
24511
34679
24477
24512
34685
24478
24513
34691
24479
24514
34697
24515
34703
24481
24486
24516
44933
24482
24487
24517
24483
24488
24518
24484
24489
24519
24485
24490
24520
24491
24521
24487
24492
24522
44939
24488
24493
24523
24489
24494
24524
24490
24495
24525
24491
24496
24526
24497
24527
24493
24498
24528
44945
24494
24499
24529
24495
24500
24530
24496
24501
24531
24497
24502
24532
24503
24533
24499
24504
24534
44951
24500
24505
24535
24501
24506
24536
24502
24507
24537
24503
24508
24538
24509
24539
24505
24510
24540
44957
24506
24511
24541
24507
24512
24542
24508
24513
24543
24509
24514
24544
24515
24545
24511
24546
34709
44963
24512
24547
34715
24513
24548
34721
24514
24549
34727
24515
24550
34733
24551
34739
24517
24522
24552
44969
24518
24523
24553
24519
24524
24554
24520
24525
24555
24521
24526
24556
24527
24557
24523
24528
24558
44975
24524
24529
24559
24525
24530
24560
24526
24531
24561
24527
24532
24562
24533
24563
24529
24534
24564
44981
24530
24535
24565
24531
24536
24566
24532
24537
24567
24533
24538
24568
24539
24569
24535
24540
24570
44987
24536
24541
24571
24537
24542
24572
24538
24543
24573
24539
24544
24574
24545
24575
24541
24546
24576
44993
24542
24547
24577
24543
24548
24578
24544
24549
24579
24545
24550
24580
24551
24581
24547
24582
34745
44999
24548
24583
34751
24549
24584
34757
24550
24585
34763
24551
24586
34769
24587
34775
24553
24558
24588
45005
24554
24559
24589
24555
24560
24590
24556
24561
24591
24557
24562
24592
24563
24593
24559
24564
24594
45011
24560
24565
24595
24561
24566
24596
24562
24567
24597
24563
24568
24598
24569
24599
24565
24570
24600
45017
24566
24571
24601
24567
24572
24602
24568
24573
24603
24569
24574
24604
24575
24605
24571
24576
24606
45023
24572
24577
24607
24573
24578
24608
24574
24579
24609
24575
24580
24610
24581
24611
24577
24582
24612
45029
24578
24583
24613
24579
24584
24614
24580
24585
24615
24581
24586
24616
24587
24617
24583
24618
34781
45035
24584
24619
34787
24585
24620
34793
24586
24621
34799
24587
24622
34805
24623
34811
24589
24594
24624
45041
24590
24595
24625
24591
24596
24626
24592
24597
24627
24593
24598
24628
24599
24629
24595
24600
24630
45047
24596
24601
24631
24597
24602
24632
24598
24603
24633
24599
24604
24634
24605
24635
24601
24606
24636
45053
24602
24607
24637
24603
24608
24638
24604
24609
24639
24605
24610
24640
24611
24641
24607
24612
24642
45059
24608
24613
24643
24609
24614
24644
24610
24615
24645
24611
24616
24646
24617
24647
24613
24618
24648
45065
24614
24619
24649
24615
24620
24650
24616
24621
24651
24617
24622
24652
24623
24653
24619
24654
34817
45071
24620
24655
34823
24621
24656
34829
24622
24657
34835
24623
24658
34841
24659
34847
24625
24630
24660
45077
24626
24631
24661
24627
24632
24662
24628
24633
24663
24629
24634
24664
24635
24665
24631
24636
24666
45083
24632
24637
24667
24633
24638
24668
24634
24639
24669
24635
24640
24670
24641
24671
24637
24642
24672
45089
24638
24643
24673
24639
24644
24674
24640
24645
24675
24641
24646
24676
24647
24677
24643
24648
24678
45095
24644
24649
24679
24645
24650
24680
24646
24651
24681
24647
24652
24682
24653
24683
24649
24654
24684
45101
24650
24655
24685
24651
24656
24686
24652
24657
24687
24653
24658
24688
24659
24689
24655
24690
34853
45107
24656
24691
34859
24657
24692
34865
24658
24693
34871
24659
24694
34877
24695
34883
24661
24666
24696
45113
24662
24667
24697
24663
24668
24698
24664
24669
24699
24665
24670
24700
24671
24701
24667
24672
24702
45119
24668
24673
24703
24669
24674
24704
24670
24675
24705
24671
24676
24706
24677
24707
24673
24678
24708
45125
24674
24679
24709
24675
24680
24710
24676
24681
24711
24677
24682
24712
24683
24713
24679
24684
24714
45131
24680
24685
24715
24681
24686
24716
24682
24687
24717
24683
24688
24718
24689
24719
24685
24690
24720
45137
24686
24691
24721
24687
24692
24722
24688
24693
24723
24689
24694
24724
24695
24725
24691
24726
34889
45143
24692
24727
34895
24693
24728
34901
24694
24729
34907
24695
24730
34913
24731
34919
24697
24702
24732
45149
24698
24703
24733
24699
24704
24734
24700
24705
24735
24701
24706
24736
24707
24737
24703
24708
24738
45155
24704
24709
24739
24705
24710
24740
24706
24711
24741
24707
24712
24742
24713
24743
24709
24714
24744
45161
24710
24715
24745
24711
24716
24746
24712
24717
24747
24713
24718
24748
24719
24749
24715
24720
24750
45167
24716
24721
24751
24717
24722
24752
24718
24723
24753
24719
24724
24754
24725
24755
24721
24726
24756
45173
24722
24727
24757
24723
24728
24758
24724
24729
24759
24725
24730
24760
24731
24761
24727
24762
34925
45179
24728
24763
34931
24729
24764
34937
24730
24765
34943
24731
24766
34949
24767
34955
24733
24738
24768
45185
24734
24739
24769
24735
24740
24770
24736
24741
24771
24737
24742
24772
24743
24773
24739
24744
24774
45191
24740
24745
24775
24741
24746
24776
24742
24747
24777
24743
24748
24778
24749
24779
24745
24750
24780
45197
24746
24751
24781
24747
24752
24782
24748
24753
24783
24749
24754
24784
24755
24785
24751
24756
24786
45203
24752
24757
24787
24753
24758
24788
24754
24759
24789
24755
24760
24790
24761
24791
24757
24762
24792
45209
24758
24763
24793
24759
24764
24794
24760
24765
24795
24761
24766
24796
24767
24797
24763
24798
34961
45215
24764
24799
34967
24765
24800
34973
24766
24801
34979
24767
24802
34985
24803
34991
24769
24774
24804
45221
24770
24775
24805
24771
24776
24806
24772
24777
24807
24773
24778
24808
24779
24809
24775
24780
24810
45227
24776
24781
24811
24777
24782
24812
24778
24783
24813
24779
24784
24814
24785
24815
24781
24786
24816
45233
24782
24787
24817
24783
24788
24818
24784
24789
24819
24785
24790
24820
24791
24821
24787
24792
24822
45239
24788
24793
24823
24789
24794
24824
24790
24795
24825
24791
24796
24826
24797
24827
24793
24798
24828
45245
24794
24799
24829
24795
24800
24830
24796
24801
24831
24797
24802
24832
24803
24833
24799
24834
34997
45251
24800
24835
35003
24801
24836
35009
24802
24837
35015
24803
24838
35021
24839
35027
24805
24810
24840
45257
24806
24811
24841
24807
24812
24842
24808
24813
24843
24809
24814
24844
24815
24845
24811
24816
24846
45263
24812
24817
24847
24813
24818
24848
24814
24819
24849
24815
24820
24850
24821
24851
24817
24822
24852
45269
24818
24823
24853
24819
24824
24854
24820
24825
24855
24821
24826
24856
24827
24857
24823
24828
24858
45275
24824
24829
24859
24825
24830
24860
24826
24831
24861
24827
24832
24862
24833
24863
24829
24834
24864
45281
24830
24835
24865
24831
24836
24866
24832
24837
24867
24833
24838
24868
24839
24869
24835
24870
35033
45287
24836
24871
35039
24837
24872
35045
24838
24873
35051
24839
24874
35057
24875
35063
24841
24846
24876
45293
24842
24847
24877
24843
24848
24878
24844
24849
24879
24845
24850
24880
24851
24881
24847
24852
24882
45299
24848
24853
24883
24849
24854
24884
24850
24855
24885
24851
24856
24886
24857
24887
24853
24858
24888
45305
24854
24859
24889
24855
24860
24890
24856
24861
24891
24857
24862
24892
24863
24893
24859
24864
24894
45311
24860
24865
24895
24861
24866
24896
24862
24867
24897
24863
24868
24898
24869
24899
24865
24870
24900
45317
24866
24871
24901
24867
24872
24902
24868
24873
24903
24869
24874
24904
24875
24905
24871
24906
35069
45323
24872
24907
35075
24873
24908
35081
24874
24909
35087
24875
24910
35093
24911
35099
24877
24882
24912
45329
24878
24883
24913
24879
24884
24914
24880
24885
24915
24881
24886
24916
24887
24917
24883
24888
24918
45335
24884
24889
24919
24885
24890
24920
24886
24891
24921
24887
24892
24922
24893
24923
24889
24894
24924
45341
24890
24895
24925
24891
24896
24926
24892
24897
24927
24893
24898
24928
24899
24929
24895
24900
24930
45347
24896
24901
24931
24897
24902
24932
24898
24903
24933
24899
24904
24934
24905
24935
24901
24906
24936
45353
24902
24907
24937
24903
24908
24938
24904
24909
24939
24905
24910
24940
24911
24941
24907
24942
35105
45359
24908
24943
35111
24909
24944
35117
24910
24945
35123
24911
24946
35129
24947
35135
24913
24918
24948
45365
24914
24919
24949
24915
24920
24950
24916
24921
24951
24917
24922
24952
24923
24953
24919
24924
24954
45371
24920
24925
24955
24921
24926
24956
24922
24927
24957
24923
24928
24958
24929
24959
24925
24930
24960
45377
24926
24931
24961
24927
24932
24962
24928
24933
24963
24929
24934
24964
24935
24965
24931
24936
24966
45383
24932
24937
24967
24933
24938
24968
24934
24939
24969
24935
24940
24970
24941
24971
24937
24942
24972
45389
24938
24943
24973
24939
24944
24974
24940
24945
24975
24941
24946
24976
24947
24977
24943
24978
35141
45395
24944
24979
35147
24945
24980
35153
24946
24981
35159
24947
24982
35165
24983
35171
24949
24954
24984
45401
24950
24955
24985
24951
24956
24986
24952
24957
24987
24953
24958
24988
24959
24989
24955
24960
24990
45407
24956
24961
24991
24957
24962
24992
24958
24963
24993
24959
24964
24994
24965
24995
24961
24966
24996
45413
24962
24967
24997
24963
24968
24998
24964
24969
24999
24965
24970
25000
24971
25001
24967
24972
25002
45419
24968
24973
25003
24969
24974
25004
24970
24975
25005
24971
24976
25006
24977
25007
24973
24978
25008
45425
24974
24979
25009
24975
24980
25010
24976
24981
25011
24977
24982
25012
24983
25013
24979
25014
35177
45431
24980
25015
35183
24981
25016
35189
24982
25017
35195
24983
25018
35201
25019
35207
24985
24990
25020
45437
24986
24991
25021
24987
24992
25022
24988
24993
25023
24989
24994
25024
24995
25025
24991
24996
25026
45443
24992
24997
25027
24993
24998
25028
24994
24999
25029
24995
25000
25030
25001
25031
24997
25002
25032
45449
24998
25003
25033
24999
25004
25034
25000
25005
25035
25001
25006
25036
25007
25037
25003
25008
25038
45455
25004
25009
25039
25005
25010
25040
25006
25011
25041
25007
25012
25042
25013
25043
25009
25014
25044
45461
25010
25015
25045
25011
25016
25046
25012
25017
25047
25013
25018
25048
25019
25049
25015
25050
35213
45467
25016
25051
35219
25017
25052
35225
25018
25053
35231
25019
25054
35237
25055
35243
25021
25026
25056
45473
25022
25027
25057
25023
25028
25058
25024
25029
25059
25025
25030
25060
25031
25061
25027
25032
25062
45479
25028
25033
25063
25029
25034
25064
25030
25035
25065
25031
25036
25066
25037
25067
25033
25038
25068
45485
25034
25039
25069
25035
25040
25070
25036
25041
25071
25037
25042
25072
25043
25073
25039
25044
25074
45491
25040
25045
25075
25041
25046
25076
25042
25047
25077
25043
25048
25078
25049
25079
25045
25050
25080
45497
25046
25051
25081
25047
25052
25082
25048
25053
25083
25049
25054
25084
25055
25085
25051
25086
35249
45503
25052
25087
35255
25053
25088
35261
25054
25089
35267
25055
25090
35273
25091
35279
25057
25062
25092
45509
25058
25063
25093
25059
25064
25094
25060
25065
25095
25061
25066
25096
25067
25097
25063
25068
25098
45515
25064
25069
25099
25065
25070
25100
25066
25071
25101
25067
25072
25102
25073
25103
25069
25074
25104
45521
25070
25075
25105
25071
25076
25106
25072
25077
25107
25073
25078
25108
25079
25109
25075
25080
25110
45527
25076
25081
25111
25077
25082
25112
25078
25083
25113
25079
25084
25114
25085
25115
25081
25086
25116
45533
25082
25087
25117
25083
25088
25118
25084
25089
25119
25085
25090
25120
25091
25121
25087
25122
35285
45539
25088
25123
35291
25089
25124
35297
25090
25125
35303
25091
25126
35309
25127
35315
25093
25098
25128
45545
25094
25099
25129
25095
25100
25130
25096
25101
25131
25097
25102
25132
25103
25133
25099
25104
25134
45551
25100
25105
25135
25101
25106
25136
25102
25107
25137
25103
25108
25138
25109
25139
25105
25110
25140
45557
25106
25111
25141
25107
25112
25142
25108
25113
25143
25109
25114
25144
25115
25145
25111
25116
25146
45563
25112
25117
25147
25113
25118
25148
25114
25119
25149
25115
25120
25150
25121
25151
25117
25122
25152
45569
25118
25123
25153
25119
25124
25154
25120
25125
25155
25121
25126
25156
25127
25157
25123
25158
35321
45575
25124
25159
35327
25125
25160
35333
25126
25161
35339
25127
25162
35345
25163
35351
25129
25134
25164
45581
25130
25135
25165
25131
25136
25166
25132
25137
25167
25133
25138
25168
25139
25169
25135
25140
25170
45587
25136
25141
25171
25137
25142
25172
25138
25143
25173
25139
25144
25174
25145
25175
25141
25146
25176
45593
25142
25147
25177
25143
25148
25178
25144
25149
25179
25145
25150
25180
25151
25181
25147
25152
25182
45599
25148
25153
25183
25149
25154
25184
25150
25155
25185
25151
25156
25186
25157
25187
25153
25158
25188
45605
25154
25159
25189
25155
25160
25190
25156
25161
25191
25157
25162
25192
25163
25193
25159
25194
35357
45611
25160
25195
35363
25161
25196
35369
25162
25197
35375
25163
25198
35381
25199
35387
25165
25170
25200
45617
25166
25171
25201
25167
25172
25202
25168
25173
25203
25169
25174
25204
25175
25205
25171
25176
25206
45623
25172
25177
25207
25173
25178
25208
25174
25179
25209
25175
25180
25210
25181
25211
25177
25182
25212
45629
25178
25183
25213
25179
25184
25214
25180
25185
25215
25181
25186
25216
25187
25217
25183
25188
25218
45635
25184
25189
25219
25185
25190
25220
25186
25191
25221
25187
25192
25222
25193
25223
25189
25194
25224
45641
25190
25195
25225
25191
25196
25226
25192
25197
25227
25193
25198
25228
25199
25229
25195
25230
35393
45647
25196
25231
35399
25197
25232
35405
25198
25233
35411
25199
25234
35417
25235
35423
25201
25206
25236
45653
25202
25207
25237
25203
25208
25238
25204
25209
25239
25205
25210
25240
25211
25241
25207
25212
25242
45659
25208
25213
25243
25209
25214
25244
25210
25215
25245
25211
25216
25246
25217
25247
25213
25218
25248
45665
25214
25219
25249
25215
25220
25250
25216
25221
25251
25217
25222
25252
25223
25253
25219
25224
25254
45671
25220
25225
25255
25221
25226
25256
25222
25227
25257
25223
25228
25258
25229
25259
25225
25230
25260
45677
25226
25231
25261
25227
25232
25262
25228
25233
25263
25229
25234
25264
25235
25265
25231
25266
35429
45683
25232
25267
35435
25233
25268
35441
25234
25269
35447
25235
25270
35453
25271
35459
25237
25242
25272
45689
25238
25243
25273
25239
25244
25274
25240
25245
25275
25241
25246
25276
25247
25277
25243
25248
25278
45695
25244
25249
25279
25245
25250
25280
25246
25251
25281
25247
25252
25282
25253
25283
25249
25254
25284
45701
25250
25255
25285
25251
25256
25286
25252
25257
25287
25253
25258
25288
25259
25289
25255
25260
25290
45707
25256
25261
25291
25257
25262
25292
25258
25263
25293
25259
25264
25294
25265
25295
25261
25266
25296
45713
25262
25267
25297
25263
25268
25298
25264
25269
25299
25265
25270
25300
25271
25301
25267
25302
35465
45719
25268
25303
35471
25269
25304
35477
25270
25305
35483
25271
25306
35489
25307
35495
25273
25278
25308
45725
25274
25279
25309
25275
25280
25310
25276
25281
25311
25277
25282
25312
25283
25313
25279
25284
25314
45731
25280
25285
25315
25281
25286
25316
25282
25287
25317
25283
25288
25318
25289
25319
25285
25290
25320
45737
25286
25291
25321
25287
25292
25322
25288
25293
25323
25289
25294
25324
25295
25325
25291
25296
25326
45743
25292
25297
25327
25293
25298
25328
25294
25299
25329
25295
25300
25330
25301
25331
25297
25302
25332
45749
25298
25303
25333
25299
25304
25334
25300
25305
25335
25301
25306
25336
25307
25337
25303
25338
35501
45755
25304
25339
35507
25305
25340
35513
25306
25341
35519
25307
25342
35525
25343
35531
25309
25314
25344
45761
25310
25315
25345
25311
25316
25346
25312
25317
25347
25313
25318
25348
25319
25349
25315
25320
25350
45767
25316
25321
25351
25317
25322
25352
25318
25323
25353
25319
25324
25354
25325
25355
25321
25326
25356
45773
25322
25327
25357
25323
25328
25358
25324
25329
25359
25325
25330
25360
25331
25361
25327
25332
25362
45779
25328
25333
25363
25329
25334
25364
25330
25335
25365
25331
25336
25366
25337
25367
25333
25338
25368
45785
25334
25339
25369
25335
25340
25370
25336
25341
25371
25337
25342
25372
25343
25373
25339
25374
35537
45791
25340
25375
35543
25341
25376
35549
25342
25377
35555
25343
25378
35561
25379
35567
25345
25350
25380
45797
25346
25351
25381
25347
25352
25382
25348
25353
25383
25349
25354
25384
25355
25385
25351
25356
25386
45803
25352
25357
25387
25353
25358
25388
25354
25359
25389
25355
25360
25390
25361
25391
25357
25362
25392
45809
25358
25363
25393
25359
25364
25394
25360
25365
25395
25361
25366
25396
25367
25397
25363
25368
25398
45815
25364
25369
25399
25365
25370
25400
25366
25371
25401
25367
25372
25402
25373
25403
25369
25374
25404
45821
25370
25375
25405
25371
25376
25406
25372
25377
25407
25373
25378
25408
25379
25409
25375
25410
35573
45827
25376
25411
35579
25377
25412
35585
25378
25413
35591
25379
25414
35597
25415
35603
25381
25386
25416
45833
25382
25387
25417
25383
25388
25418
25384
25389
25419
25385
25390
25420
25391
25421
25387
25392
25422
45839
25388
25393
25423
25389
25394
25424
25390
25395
25425
25391
25396
25426
25397
25427
25393
25398
25428
45845
25394
25399
25429
25395
25400
25430
25396
25401
25431
25397
25402
25432
25403
25433
25399
25404
25434
45851
25400
25405
25435
25401
25406
25436
25402
25407
25437
25403
25408
25438
25409
25439
25405
25410
25440
45857
25406
25411
25441
25407
25412
25442
25408
25413
25443
25409
25414
25444
25415
25445
25411
25446
35609
45863
25412
25447
35615
25413
25448
35621
25414
25449
35627
25415
25450
35633
25451
35639
25417
25422
25452
45869
25418
25423
25453
25419
25424
25454
25420
25425
25455
25421
25426
25456
25427
25457
25423
25428
25458
45875
25424
25429
25459
25425
25430
25460
25426
25431
25461
25427
25432
25462
25433
25463
25429
25434
25464
45881
25430
25435
25465
25431
25436
25466
25432
25437
25467
25433
25438
25468
25439
25469
25435
25440
25470
45887
25436
25441
25471
25437
25442
25472
25438
25443
25473
25439
25444
25474
25445
25475
25441
25446
25476
45893
25442
25447
25477
25443
25448
25478
25444
25449
25479
25445
25450
25480
25451
25481
25447
25482
35645
45899
25448
25483
35651
25449
25484
35657
25450
25485
35663
25451
25486
35669
25487
35675
25453
25458
25488
45905
25454
25459
25489
25455
25460
25490
25456
25461
25491
25457
25462
25492
25463
25493
25459
25464
25494
45911
25460
25465
25495
25461
25466
25496
25462
25467
25497
25463
25468
25498
25469
25499
25465
25470
25500
45917
25466
25471
25501
25467
25472
25502
25468
25473
25503
25469
25474
25504
25475
25505
25471
25476
25506
45923
25472
25477
25507
25473
25478
25508
25474
25479
25509
25475
25480
25510
25481
25511
25477
25482
25512
45929
25478
25483
25513
25479
25484
25514
25480
25485
25515
25481
25486
25516
25487
25517
25483
25518
35681
45935
25484
25519
35687
25485
25520
35693
25486
25521
35699
25487
25522
35705
25523
35711
25489
25494
25524
45941
25490
25495
25525
25491
25496
25526
25492
25497
25527
25493
25498
25528
25499
25529
25495
25500
25530
45947
25496
25501
25531
25497
25502
25532
25498
25503
25533
25499
25504
25534
25505
25535
25501
25506
25536
45953
25502
25507
25537
25503
25508
25538
25504
25509
25539
25505
25510
25540
25511
25541
25507
25512
25542
45959
25508
25513
25543
25509
25514
25544
25510
25515
25545
25511
25516
25546
25517
25547
25513
25518
25548
45965
25514
25519
25549
25515
25520
25550
25516
25521
25551
25517
25522
25552
25523
25553
25519
25554
35717
45971
25520
25555
35723
25521
25556
35729
25522
25557
35735
25523
25558
35741
25559
35747
25525
25530
25560
45977
25526
25531
25561
25527
25532
25562
25528
25533
25563
25529
25534
25564
25535
25565
25531
25536
25566
45983
25532
25537
25567
25533
25538
25568
25534
25539
25569
25535
25540
25570
25541
25571
25537
25542
25572
45989
25538
25543
25573
25539
25544
25574
25540
25545
25575
25541
25546
25576
25547
25577
25543
25548
25578
45995
25544
25549
25579
25545
25550
25580
25546
25551
25581
25547
25552
25582
25553
25583
25549
25554
25584
46001
25550
25555
25585
25551
25556
25586
25552
25557
25587
25553
25558
25588
25559
25589
25555
25590
35753
46007
25556
25591
35759
25557
25592
35765
25558
25593
35771
25559
25594
35777
25595
35783
25561
25566
25596
46013
25562
25567
25597
25563
25568
25598
25564
25569
25599
25565
25570
25600
25571
25601
25567
25572
25602
46019
25568
25573
25603
25569
25574
25604
25570
25575
25605
25571
25576
25606
25577
25607
25573
25578
25608
46025
25574
25579
25609
25575
25580
25610
25576
25581
25611
25577
25582
25612
25583
25613
25579
25584
25614
46031
25580
25585
25615
25581
25586
25616
25582
25587
25617
25583
25588
25618
25589
25619
25585
25590
25620
46037
25586
25591
25621
25587
25592
25622
25588
25593
25623
25589
25594
25624
25595
25625
25591
25626
35789
46043
25592
25627
35795
25593
25628
35801
25594
25629
35807
25595
25630
35813
25631
35819
25597
25602
25632
46049
25598
25603
25633
25599
25604
25634
25600
25605
25635
25601
25606
25636
25607
25637
25603
25608
25638
46055
25604
25609
25639
25605
25610
25640
25606
25611
25641
25607
25612
25642
25613
25643
25609
25614
25644
46061
25610
25615
25645
25611
25616
25646
25612
25617
25647
25613
25618
25648
25619
25649
25615
25620
25650
46067
25616
25621
25651
25617
25622
25652
25618
25623
25653
25619
25624
25654
25625
25655
25621
25626
25656
46073
25622
25627
25657
25623
25628
25658
25624
25629
25659
25625
25630
25660
25631
25661
25627
25662
35825
46079
25628
25663
35831
25629
25664
35837
25630
25665
35843
25631
25666
35849
25667
35855
25633
25638
25668
46085
25634
25639
25669
25635
25640
25670
25636
25641
25671
25637
25642
25672
25643
25673
25639
25644
25674
46091
25640
25645
25675
25641
25646
25676
25642
25647
25677
25643
25648
25678
25649
25679
25645
25650
25680
46097
25646
25651
25681
25647
25652
25682
25648
25653
25683
25649
25654
25684
25655
25685
25651
25656
25686
46103
25652
25657
25687
25653
25658
25688
25654
25659
25689
25655
25660
25690
25661
25691
25657
25662
25692
46109
25658
25663
25693
25659
25664
25694
25660
25665
25695
25661
25666
25696
25667
25697
25663
25698
35861
46115
25664
25699
35867
25665
25700
35873
25666
25701
35879
25667
25702
35885
25703
35891
25669
25674
25704
46121
25670
25675
25705
25671
25676
25706
25672
25677
25707
25673
25678
25708
25679
25709
25675
25680
25710
46127
25676
25681
25711
25677
25682
25712
25678
25683
25713
25679
25684
25714
25685
25715
25681
25686
25716
46133
25682
25687
25717
25683
25688
25718
25684
25689
25719
25685
25690
25720
25691
25721
25687
25692
25722
46139
25688
25693
25723
25689
25694
25724
25690
25695
25725
25691
25696
25726
25697
25727
25693
25698
25728
46145
25694
25699
25729
25695
25700
25730
25696
25701
25731
25697
25702
25732
25703
25733
25699
25734
35897
46151
25700
25735
35903
25701
25736
35909
25702
25737
35915
25703
25738
35921
25739
35927
25705
25710
25740
46157
25706
25711
25741
25707
25712
25742
25708
25713
25743
25709
25714
25744
25715
25745
25711
25716
25746
46163
25712
25717
25747
25713
25718
25748
25714
25719
25749
25715
25720
25750
25721
25751
25717
25722
25752
46169
25718
25723
25753
25719
25724
25754
25720
25725
25755
25721
25726
25756
25727
25757
25723
25728
25758
46175
25724
25729
25759
25725
25730
25760
25726
25731
25761
25727
25732
25762
25733
25763
25729
25734
25764
46181
25730
25735
25765
25731
25736
25766
25732
25737
25767
25733
25738
25768
25739
25769
25735
25770
35933
46187
25736
25771
35939
25737
25772
35945
25738
25773
35951
25739
25774
35957
25775
35963
25741
25746
25776
46193
25742
25747
25777
25743
25748
25778
25744
25749
25779
25745
25750
25780
25751
25781
25747
25752
25782
46199
25748
25753
25783
25749
25754
25784
25750
25755
25785
25751
25756
25786
25757
25787
25753
25758
25788
46205
25754
25759
25789
25755
25760
25790
25756
25761
25791
25757
25762
25792
25763
25793
25759
25764
25794
46211
25760
25765
25795
25761
25766
25796
25762
25767
25797
25763
25768
25798
25769
25799
25765
25770
25800
46217
25766
25771
25801
25767
25772
25802
25768
25773
25803
25769
25774
25804
25775
25805
25771
25806
35969
46223
25772
25807
35975
25773
25808
35981
25774
25809
35987
25775
25810
35993
25811
35999
25777
25782
25812
46229
25778
25783
25813
25779
25784
25814
25780
25785
25815
25781
25786
25816
25787
25817
25783
25788
25818
46235
25784
25789
25819
25785
25790
25820
25786
25791
25821
25787
25792
25822
25793
25823
25789
25794
25824
46241
25790
25795
25825
25791
25796
25826
25792
25797
25827
25793
25798
25828
25799
25829
25795
25800
25830
46247
25796
25801
25831
25797
25802
25832
25798
25803
25833
25799
25804
25834
25805
25835
25801
25806
25836
46253
25802
25807
25837
25803
25808
25838
25804
25809
25839
25805
25810
25840
25811
25841
25807
25842
36005
46259
25808
25843
36011
25809
25844
36017
25810
25845
36023
25811
25846
36029
25847
36035
25813
25818
25848
46265
25814
25819
25849
25815
25820
25850
25816
25821
25851
25817
25822
25852
25823
25853
25819
25824
25854
46271
25820
25825
25855
25821
25826
25856
25822
25827
25857
25823
25828
25858
25829
25859
25825
25830
25860
46277
25826
25831
25861
25827
25832
25862
25828
25833
25863
25829
25834
25864
25835
25865
25831
25836
25866
46283
25832
25837
25867
25833
25838
25868
25834
25839
25869
25835
25840
25870
25841
25871
25837
25842
25872
46289
25838
25843
25873
25839
25844
25874
25840
25845
25875
25841
25846
25876
25847
25877
25843
25878
36041
46295
25844
25879
36047
25845
25880
36053
25846
25881
36059
25847
25882
36065
25883
36071
25849
25854
25884
46301
25850
25855
25885
25851
25856
25886
25852
25857
25887
25853
25858
25888
25859
25889
25855
25860
25890
46307
25856
25861
25891
25857
25862
25892
25858
25863
25893
25859
25864
25894
25865
25895
25861
25866
25896
46313
25862
25867
25897
25863
25868
25898
25864
25869
25899
25865
25870
25900
25871
25901
25867
25872
25902
46319
25868
25873
25903
25869
25874
25904
25870
25875
25905
25871
25876
25906
25877
25907
25873
25878
25908
46325
25874
25879
25909
25875
25880
25910
25876
25881
25911
25877
25882
25912
25883
25913
25879
25914
36077
46331
25880
25915
36083
25881
25916
36089
25882
25917
36095
25883
25918
36101
25919
36107
25885
25890
25920
46337
25886
25891
25921
25887
25892
25922
25888
25893
25923
25889
25894
25924
25895
25925
25891
25896
25926
46343
25892
25897
25927
25893
25898
25928
25894
25899
25929
25895
25900
25930
25901
25931
25897
25902
25932
46349
25898
25903
25933
25899
25904
25934
25900
25905
25935
25901
25906
25936
25907
25937
25903
25908
25938
46355
25904
25909
25939
25905
25910
25940
25906
25911
25941
25907
25912
25942
25913
25943
25909
25914
25944
46361
25910
25915
25945
25911
25916
25946
25912
25917
25947
25913
25918
25948
25919
25949
25915
25950
36113
46367
25916
25951
36119
25917
25952
36125
25918
25953
36131
25919
25954
36137
25955
36143
25921
25926
25956
46373
25922
25927
25957
25923
25928
25958
25924
25929
25959
25925
25930
25960
25931
25961
25927
25932
25962
46379
25928
25933
25963
25929
25934
25964
25930
25935
25965
25931
25936
25966
25937
25967
25933
25938
25968
46385
25934
25939
25969
25935
25940
25970
25936
25941
25971
25937
25942
25972
25943
25973
25939
25944
25974
46391
25940
25945
25975
25941
25946
25976
25942
25947
25977
25943
25948
25978
25949
25979
25945
25950
25980
46397
25946
25951
25981
25947
25952
25982
25948
25953
25983
25949
25954
25984
25955
25985
25951
25986
36149
46403
25952
25987
36155
25953
25988
36161
25954
25989
36167
25955
25990
36173
25991
36179
25957
25962
25992
46409
25958
25963
25993
25959
25964
25994
25960
25965
25995
25961
25966
25996
25967
25997
25963
25968
25998
46415
25964
25969
25999
25965
25970
26000
25966
25971
26001
25967
25972
26002
25973
26003
25969
25974
26004
46421
25970
25975
26005
25971
25976
26006
25972
25977
26007
25973
25978
26008
25979
26009
25975
25980
26010
46427
25976
25981
26011
25977
25982
26012
25978
25983
26013
25979
25984
26014
25985
26015
25981
25986
26016
46433
25982
25987
26017
25983
25988
26018
25984
25989
26019
25985
25990
26020
25991
26021
25987
26022
36185
46439
25988
26023
36191
25989
26024
36197
25990
26025
36203
25991
26026
36209
26027
36215
25993
25998
26028
46445
25994
25999
26029
25995
26000
26030
25996
26001
26031
25997
26002
26032
26003
26033
25999
26004
26034
46451
26000
26005
26035
26001
26006
26036
26002
26007
26037
26003
26008
26038
26009
26039
26005
26010
26040
46457
26006
26011
26041
26007
26012
26042
26008
26013
26043
26009
26014
26044
26015
26045
26011
26016
26046
46463
26012
26017
26047
26013
26018
26048
26014
26019
26049
26015
26020
26050
26021
26051
26017
26022
26052
46469
26018
26023
26053
26019
26024
26054
26020
26025
26055
26021
26026
26056
26027
26057
26023
26058
36221
46475
26024
26059
36227
26025
26060
36233
26026
26061
36239
26027
26062
36245
26063
36251
26029
26034
26064
46481
26030
26035
26065
26031
26036
26066
26032
26037
26067
26033
26038
26068
26039
26069
26035
26040
26070
46487
26036
26041
26071
26037
26042
26072
26038
26043
26073
26039
26044
26074
26045
26075
26041
26046
26076
46493
26042
26047
26077
26043
26048
26078
26044
26049
26079
26045
26050
26080
26051
26081
26047
26052
26082
46499
26048
26053
26083
26049
26054
26084
26050
26055
26085
26051
26056
26086
26057
26087
26053
26058
26088
46505
26054
26059
26089
26055
26060
26090
26056
26061
26091
26057
26062
26092
26063
26093
26059
26094
36257
46511
26060
26095
36263
26061
26096
36269
26062
26097
36275
26063
26098
36281
26099
36287
26065
26070
26100
46517
26066
26071
26101
26067
26072
26102
26068
26073
26103
26069
26074
26104
26075
26105
26071
26076
26106
46523
26072
26077
26107
26073
26078
26108
26074
26079
26109
26075
26080
26110
26081
26111
26077
26082
26112
46529
26078
26083
26113
26079
26084
26114
26080
26085
26115
26081
26086
26116
26087
26117
26083
26088
26118
46535
26084
26089
26119
26085
26090
26120
26086
26091
26121
26087
26092
26122
26093
26123
26089
26094
26124
46541
26090
26095
26125
26091
26096
26126
26092
26097
26127
26093
26098
26128
26099
26129
26095
26130
36293
46547
26096
26131
36299
26097
26132
36305
26098
26133
36311
26099
26134
36317
26135
36323
26101
26106
26136
46553
26102
26107
26137
26103
26108
26138
26104
26109
26139
26105
26110
26140
26111
26141
26107
26112
26142
46559
26108
26113
26143
26109
26114
26144
26110
26115
26145
26111
26116
26146
26117
26147
26113
26118
26148
46565
26114
26119
26149
26115
26120
26150
26116
26121
26151
26117
26122
26152
26123
26153
26119
26124
26154
46571
26120
26125
26155
26121
26126
26156
26122
26127
26157
26123
26128
26158
26129
26159
26125
26130
26160
46577
26126
26131
26161
26127
26132
26162
26128
26133
26163
26129
26134
26164
26135
26165
26131
26166
36329
46583
26132
26167
36335
26133
26168
36341
26134
26169
36347
26135
26170
36353
26171
36359
26137
26142
26172
46589
26138
26143
26173
26139
26144
26174
26140
26145
26175
26141
26146
26176
26147
26177
26143
26148
26178
46595
26144
26149
26179
26145
26150
26180
26146
26151
26181
26147
26152
26182
26153
26183
26149
26154
26184
46601
26150
26155
26185
26151
26156
26186
26152
26157
26187
26153
26158
26188
26159
26189
26155
26160
26190
46607
26156
26161
26191
26157
26162
26192
26158
26163
26193
26159
26164
26194
26165
26195
26161
26166
26196
46613
26162
26167
26197
26163
26168
26198
26164
26169
26199
26165
26170
26200
26171
26201
26167
26202
36365
46619
26168
26203
36371
26169
26204
36377
26170
26205
36383
26171
26206
36389
26207
36395
26173
26178
26208
46625
26174
26179
26209
26175
26180
26210
26176
26181
26211
26177
26182
26212
26183
26213
26179
26184
26214
46631
26180
26185
26215
26181
26186
26216
26182
26187
26217
26183
26188
26218
26189
26219
26185
26190
26220
46637
26186
26191
26221
26187
26192
26222
26188
26193
26223
26189
26194
26224
26195
26225
26191
26196
26226
46643
26192
26197
26227
26193
26198
26228
26194
26199
26229
26195
26200
26230
26201
26231
26197
26202
26232
46649
26198
26203
26233
26199
26204
26234
26200
26205
26235
26201
26206
26236
26207
26237
26203
26238
36401
46655
26204
26239
36407
26205
26240
36413
26206
26241
36419
26207
26242
36425
26243
36431
26209
26214
26244
46661
26210
26215
26245
26211
26216
26246
26212
26217
26247
26213
26218
26248
26219
26249
26215
26220
26250
46667
26216
26221
26251
26217
26222
26252
26218
26223
26253
26219
26224
26254
26225
26255
26221
26226
26256
46673
26222
26227
26257
26223
26228
26258
26224
26229
26259
26225
26230
26260
26231
26261
26227
26232
26262
46679
26228
26233
26263
26229
26234
26264
26230
26235
26265
26231
26236
26266
26237
26267
26233
26238
26268
46685
26234
26239
26269
26235
26240
26270
26236
26241
26271
26237
26242
26272
26243
26273
26239
26274
36437
46691
26240
26275
36443
26241
26276
36449
26242
26277
36455
26243
26278
36461
26279
36467
26245
26250
26280
46697
26246
26251
26281
26247
26252
26282
26248
26253
26283
26249
26254
26284
26255
26285
26251
26256
26286
46703
26252
26257
26287
26253
26258
26288
26254
26259
26289
26255
26260
26290
26261
26291
26257
26262
26292
46709
26258
26263
26293
26259
26264
26294
26260
26265
26295
26261
26266
26296
26267
26297
26263
26268
26298
46715
26264
26269
26299
26265
26270
26300
26266
26271
26301
26267
26272
26302
26273
26303
26269
26274
26304
46721
26270
26275
26305
26271
26276
26306
26272
26277
26307
26273
26278
26308
26279
26309
26275
26310
36473
46727
26276
26311
36479
26277
26312
36485
26278
26313
36491
26279
26314
36497
26315
36503
26281
26286
26316
46733
26282
26287
26317
26283
26288
26318
26284
26289
26319
26285
26290
26320
26291
26321
26287
26292
26322
46739
26288
26293
26323
26289
26294
26324
26290
26295
26325
26291
26296
26326
26297
26327
26293
26298
26328
46745
26294
26299
26329
26295
26300
26330
26296
26301
26331
26297
26302
26332
26303
26333
26299
26304
26334
46751
26300
26305
26335
26301
26306
26336
26302
26307
26337
26303
26308
26338
26309
26339
26305
26310
26340
46757
26306
26311
26341
26307
26312
26342
26308
26313
26343
26309
26314
26344
26315
26345
26311
26346
36509
46763
26312
26347
36515
26313
26348
36521
26314
26349
36527
26315
26350
36533
26351
36539
26317
26322
26352
46769
26318
26323
26353
26319
26324
26354
26320
26325
26355
26321
26326
26356
26327
26357
26323
26328
26358
46775
26324
26329
26359
26325
26330
26360
26326
26331
26361
26327
26332
26362
26333
26363
26329
26334
26364
46781
26330
26335
26365
26331
26336
26366
26332
26337
26367
26333
26338
26368
26339
26369
26335
26340
26370
46787
26336
26341
26371
26337
26342
26372
26338
26343
26373
26339
26344
26374
26345
26375
26341
26346
26376
46793
26342
26347
26377
26343
26348
26378
26344
26349
26379
26345
26350
26380
26351
26381
26347
26382
36545
46799
26348
26383
36551
26349
26384
36557
26350
26385
36563
26351
26386
36569
26387
36575
26353
26358
26388
46805
26354
26359
26389
26355
26360
26390
26356
26361
26391
26357
26362
26392
26363
26393
26359
26364
26394
46811
26360
26365
26395
26361
26366
26396
26362
26367
26397
26363
26368
26398
26369
26399
26365
26370
26400
46817
26366
26371
26401
26367
26372
26402
26368
26373
26403
26369
26374
26404
26375
26405
26371
26376
26406
46823
26372
26377
26407
26373
26378
26408
26374
26379
26409
26375
26380
26410
26381
26411
26377
26382
26412
46829
26378
26383
26413
26379
26384
26414
26380
26385
26415
26381
26386
26416
26387
26417
26383
26418
36581
46835
26384
26419
36587
26385
26420
36593
26386
26421
36599
26387
26422
36605
26423
36611
26389
26394
26424
46841
26390
26395
26425
26391
26396
26426
26392
26397
26427
26393
26398
26428
26399
26429
26395
26400
26430
46847
26396
26401
26431
26397
26402
26432
26398
26403
26433
26399
26404
26434
26405
26435
26401
26406
26436
46853
26402
26407
26437
26403
26408
26438
26404
26409
26439
26405
26410
26440
26411
26441
26407
26412
26442
46859
26408
26413
26443
26409
26414
26444
26410
26415
26445
26411
26416
26446
26417
26447
26413
26418
26448
46865
26414
26419
26449
26415
26420
26450
26416
26421
26451
26417
26422
26452
26423
26453
26419
26454
36617
46871
26420
26455
36623
26421
26456
36629
26422
26457
36635
26423
26458
36641
26459
36647
26425
26430
26460
46877
26426
26431
26461
26427
26432
26462
26428
26433
26463
26429
26434
26464
26435
26465
26431
26436
26466
46883
26432
26437
26467
26433
26438
26468
26434
26439
26469
26435
26440
26470
26441
26471
26437
26442
26472
46889
26438
26443
26473
26439
26444
26474
26440
26445
26475
26441
26446
26476
26447
26477
26443
26448
26478
46895
26444
26449
26479
26445
26450
26480
26446
26451
26481
26447
26452
26482
26453
26483
26449
26454
26484
46901
26450
26455
26485
26451
26456
26486
26452
26457
26487
26453
26458
26488
26459
26489
26455
26490
36653
46907
26456
26491
36659
26457
26492
36665
26458
26493
36671
26459
26494
36677
26495
36683
26461
26466
26496
46913
26462
26467
26497
26463
26468
26498
26464
26469
26499
26465
26470
26500
26471
26501
26467
26472
26502
46919
26468
26473
26503
26469
26474
26504
26470
26475
26505
26471
26476
26506
26477
26507
26473
26478
26508
46925
26474
26479
26509
26475
26480
26510
26476
26481
26511
26477
26482
26512
26483
26513
26479
26484
26514
46931
26480
26485
26515
26481
26486
26516
26482
26487
26517
26483
26488
26518
26489
26519
26485
26490
26520
46937
26486
26491
26521
26487
26492
26522
26488
26493
26523
26489
26494
26524
26495
26525
26491
26526
36689
46943
26492
26527
36695
26493
26528
36701
26494
26529
36707
26495
26530
36713
26531
36719
26497
26502
26532
46949
26498
26503
26533
26499
26504
26534
26500
26505
26535
26501
26506
26536
26507
26537
26503
26508
26538
46955
26504
26509
26539
26505
26510
26540
26506
26511
26541
26507
26512
26542
26513
26543
26509
26514
26544
46961
26510
26515
26545
26511
26516
26546
26512
26517
26547
26513
26518
26548
26519
26549
26515
26520
26550
46967
26516
26521
26551
26517
26522
26552
26518
26523
26553
26519
26524
26554
26525
26555
26521
26526
26556
46973
26522
26527
26557
26523
26528
26558
26524
26529
26559
26525
26530
26560
26531
26561
26527
26562
36725
46979
26528
26563
36731
26529
26564
36737
26530
26565
36743
26531
26566
36749
26567
36755
26533
26538
26568
46985
26534
26539
26569
26535
26540
26570
26536
26541
26571
26537
26542
26572
26543
26573
26539
26544
26574
46991
26540
26545
26575
26541
26546
26576
26542
26547
26577
26543
26548
26578
26549
26579
26545
26550
26580
46997
26546
26551
26581
26547
26552
26582
26548
26553
26583
26549
26554
26584
26555
26585
26551
26556
26586
47003
26552
26557
26587
26553
26558
26588
26554
26559
26589
26555
26560
26590
26561
26591
26557
26562
26592
47009
26558
26563
26593
26559
26564
26594
26560
26565
26595
26561
26566
26596
26567
26597
26563
26598
36761
47015
26564
26599
36767
26565
26600
36773
26566
26601
36779
26567
26602
36785
26603
36791
26569
26574
26604
47021
26570
26575
26605
26571
26576
26606
26572
26577
26607
26573
26578
26608
26579
26609
26575
26580
26610
47027
26576
26581
26611
26577
26582
26612
26578
26583
26613
26579
26584
26614
26585
26615
26581
26586
26616
47033
26582
26587
26617
26583
26588
26618
26584
26589
26619
26585
26590
26620
26591
26621
26587
26592
26622
47039
26588
26593
26623
26589
26594
26624
26590
26595
26625
26591
26596
26626
26597
26627
26593
26598
26628
47045
26594
26599
26629
26595
26600
26630
26596
26601
26631
26597
26602
26632
26603
26633
26599
26634
36797
47051
26600
26635
36803
26601
26636
36809
26602
26637
36815
26603
26638
36821
26639
36827
26605
26610
26640
47057
26606
26611
26641
26607
26612
26642
26608
26613
26643
26609
26614
26644
26615
26645
26611
26616
26646
47063
26612
26617
26647
26613
26618
26648
26614
26619
26649
26615
26620
26650
26621
26651
26617
26622
26652
47069
26618
26623
26653
26619
26624
26654
26620
26625
26655
26621
26626
26656
26627
26657
26623
26628
26658
47075
26624
26629
26659
26625
26630
26660
26626
26631
26661
26627
26632
26662
26633
26663
26629
26634
26664
47081
26630
26635
26665
26631
26636
26666
26632
26637
26667
26633
26638
26668
26639
26669
26635
26670
36833
47087
26636
26671
36839
26637
26672
36845
26638
26673
36851
26639
26674
36857
26675
36863
26641
26646
26676
47093
26642
26647
26677
26643
26648
26678
26644
26649
26679
26645
26650
26680
26651
26681
26647
26652
26682
47099
26648
26653
26683
26649
26654
26684
26650
26655
26685
26651
26656
26686
26657
26687
26653
26658
26688
47105
26654
26659
26689
26655
26660
26690
26656
26661
26691
26657
26662
26692
26663
26693
26659
26664
26694
47111
26660
26665
26695
26661
26666
26696
26662
26667
26697
26663
26668
26698
26669
26699
26665
26670
26700
47117
26666
26671
26701
26667
26672
26702
26668
26673
26703
26669
26674
26704
26675
26705
26671
26706
36869
47123
26672
26707
36875
26673
26708
36881
26674
26709
36887
26675
26710
36893
26711
36899
26677
26682
26712
47129
26678
26683
26713
26679
26684
26714
26680
26685
26715
26681
26686
26716
26687
26717
26683
26688
26718
47135
26684
26689
26719
26685
26690
26720
26686
26691
26721
26687
26692
26722
26693
26723
26689
26694
26724
47141
26690
26695
26725
26691
26696
26726
26692
26697
26727
26693
26698
26728
26699
26729
26695
26700
26730
47147
26696
26701
26731
26697
26702
26732
26698
26703
26733
26699
26704
26734
26705
26735
26701
26706
26736
47153
26702
26707
26737
26703
26708
26738
26704
26709
26739
26705
26710
26740
26711
26741
26707
26742
36905
47159
26708
26743
36911
26709
26744
36917
26710
26745
36923
26711
26746
36929
26747
36935
26713
26718
26748
47165
26714
26719
26749
26715
26720
26750
26716
26721
26751
26717
26722
26752
26723
26753
26719
26724
26754
47171
26720
26725
26755
26721
26726
26756
26722
26727
26757
26723
26728
26758
26729
26759
26725
26730
26760
47177
26726
26731
26761
26727
26732
26762
26728
26733
26763
26729
26734
26764
26735
26765
26731
26736
26766
47183
26732
26737
26767
26733
26738
26768
26734
26739
26769
26735
26740
26770
26741
26771
26737
26742
26772
47189
26738
26743
26773
26739
26744
26774
26740
26745
26775
26741
26746
26776
26747
26777
26743
26778
36941
47195
26744
26779
36947
26745
26780
36953
26746
26781
36959
26747
26782
36965
26783
36971
26749
26754
26784
47201
26750
26755
26785
26751
26756
26786
26752
26757
26787
26753
26758
26788
26759
26789
26755
26760
26790
47207
26756
26761
26791
26757
26762
26792
26758
26763
26793
26759
26764
26794
26765
26795
26761
26766
26796
47213
26762
26767
26797
26763
26768
26798
26764
26769
26799
26765
26770
26800
26771
26801
26767
26772
26802
47219
26768
26773
26803
26769
26774
26804
26770
26775
26805
26771
26776
26806
26777
26807
26773
26778
26808
47225
26774
26779
26809
26775
26780
26810
26776
26781
26811
26777
26782
26812
26783
26813
26779
26814
36977
47231
26780
26815
36983
26781
26816
36989
26782
26817
36995
26783
26818
37001
26819
37007
26785
26790
26820
47237
26786
26791
26821
26787
26792
26822
26788
26793
26823
26789
26794
26824
26795
26825
26791
26796
26826
47243
26792
26797
26827
26793
26798
26828
26794
26799
26829
26795
26800
26830
26801
26831
26797
26802
26832
47249
26798
26803
26833
26799
26804
26834
26800
26805
26835
26801
26806
26836
26807
26837
26803
26808
26838
47255
26804
26809
26839
26805
26810
26840
26806
26811
26841
26807
26812
26842
26813
26843
26809
26814
26844
47261
26810
26815
26845
26811
26816
26846
26812
26817
26847
26813
26818
26848
26819
26849
26815
26850
37013
47267
26816
26851
37019
26817
26852
37025
26818
26853
37031
26819
26854
37037
26855
37043
26821
26826
26856
47273
26822
26827
26857
26823
26828
26858
26824
26829
26859
26825
26830
26860
26831
26861
26827
26832
26862
47279
26828
26833
26863
26829
26834
26864
26830
26835
26865
26831
26836
26866
26837
26867
26833
26838
26868
47285
26834
26839
26869
26835
26840
26870
26836
26841
26871
26837
26842
26872
26843
26873
26839
26844
26874
47291
26840
26845
26875
26841
26846
26876
26842
26847
26877
26843
26848
26878
26849
26879
26845
26850
26880
47297
26846
26851
26881
26847
26852
26882
26848
26853
26883
26849
26854
26884
26855
26885
26851
26886
37049
47303
26852
26887
37055
26853
26888
37061
26854
26889
37067
26855
26890
37073
26891
37079
26857
26862
26892
47309
26858
26863
26893
26859
26864
26894
26860
26865
26895
26861
26866
26896
26867
26897
26863
26868
26898
47315
26864
26869
26899
26865
26870
26900
26866
26871
26901
26867
26872
26902
26873
26903
26869
26874
26904
47321
26870
26875
26905
26871
26876
26906
26872
26877
26907
26873
26878
26908
26879
26909
26875
26880
26910
47327
26876
26881
26911
26877
26882
26912
26878
26883
26913
26879
26884
26914
26885
26915
26881
26886
26916
47333
26882
26887
26917
26883
26888
26918
26884
26889
26919
26885
26890
26920
26891
26921
26887
26922
37085
47339
26888
26923
37091
26889
26924
37097
26890
26925
37103
26891
26926
37109
26927
37115
26893
26898
26928
47345
26894
26899
26929
26895
26900
26930
26896
26901
26931
26897
26902
26932
26903
26933
26899
26904
26934
47351
26900
26905
26935
26901
26906
26936
26902
26907
26937
26903
26908
26938
26909
26939
26905
26910
26940
47357
26906
26911
26941
26907
26912
26942
26908
26913
26943
26909
26914
26944
26915
26945
26911
26916
26946
47363
26912
26917
26947
26913
26918
26948
26914
26919
26949
26915
26920
26950
26921
26951
26917
26922
26952
47369
26918
26923
26953
26919
26924
26954
26920
26925
26955
26921
26926
26956
26927
26957
26923
26958
37121
47375
26924
26959
37127
26925
26960
37133
26926
26961
37139
26927
26962
37145
26963
37151
26929
26934
26964
47381
26930
26935
26965
26931
26936
26966
26932
26937
26967
26933
26938
26968
26939
26969
26935
26940
26970
47387
26936
26941
26971
26937
26942
26972
26938
26943
26973
26939
26944
26974
26945
26975
26941
26946
26976
47393
26942
26947
26977
26943
26948
26978
26944
26949
26979
26945
26950
26980
26951
26981
26947
26952
26982
47399
26948
26953
26983
26949
26954
26984
26950
26955
26985
26951
26956
26986
26957
26987
26953
26958
26988
47405
26954
26959
26989
26955
26960
26990
26956
26961
26991
26957
26962
26992
26963
26993
26959
26994
37157
47411
26960
26995
37163
26961
26996
37169
26962
26997
37175
26963
26998
37181
26999
37187
26965
26970
27000
47417
26966
26971
27001
26967
26972
27002
26968
26973
27003
26969
26974
27004
26975
27005
26971
26976
27006
47423
26972
26977
27007
26973
26978
27008
26974
26979
27009
26975
26980
27010
26981
27011
26977
26982
27012
47429
26978
26983
27013
26979
26984
27014
26980
26985
27015
26981
26986
27016
26987
27017
26983
26988
27018
47435
26984
26989
27019
26985
26990
27020
26986
26991
27021
26987
26992
27022
26993
27023
26989
26994
27024
47441
26990
26995
27025
26991
26996
27026
26992
26997
27027
26993
26998
27028
26999
27029
26995
27030
37193
47447
26996
27031
37199
26997
27032
37205
26998
27033
37211
26999
27034
37217
27035
37223
27001
27006
27036
47453
27002
27007
27037
27003
27008
27038
27004
27009
27039
27005
27010
27040
27011
27041
27007
27012
27042
47459
27008
27013
27043
27009
27014
27044
27010
27015
27045
27011
27016
27046
27017
27047
27013
27018
27048
47465
27014
27019
27049
27015
27020
27050
27016
27021
27051
27017
27022
27052
27023
27053
27019
27024
27054
47471
27020
27025
27055
27021
27026
27056
27022
27027
27057
27023
27028
27058
27029
27059
27025
27030
27060
47477
27026
27031
27061
27027
27032
27062
27028
27033
27063
27029
27034
27064
27035
27065
27031
27066
37229
47483
27032
27067
37235
27033
27068
37241
27034
27069
37247
27035
27070
37253
27071
37259
27037
27042
27072
47489
27038
27043
27073
27039
27044
27074
27040
27045
27075
27041
27046
27076
27047
27077
27043
27048
27078
47495
27044
27049
27079
27045
27050
27080
27046
27051
27081
27047
27052
27082
27053
27083
27049
27054
27084
47501
27050
27055
27085
27051
27056
27086
27052
27057
27087
27053
27058
27088
27059
27089
27055
27060
27090
47507
27056
27061
27091
27057
27062
27092
27058
27063
27093
27059
27064
27094
27065
27095
27061
27066
27096
47513
27062
27067
27097
27063
27068
27098
27064
27069
27099
27065
27070
27100
27071
27101
27067
27102
37265
47519
27068
27103
37271
27069
27104
37277
27070
27105
37283
27071
27106
37289
27107
37295
27073
27078
27108
47525
27074
27079
27109
27075
27080
27110
27076
27081
27111
27077
27082
27112
27083
27113
27079
27084
27114
47531
27080
27085
27115
27081
27086
27116
27082
27087
27117
27083
27088
27118
27089
27119
27085
27090
27120
47537
27086
27091
27121
27087
27092
27122
27088
27093
27123
27089
27094
27124
27095
27125
27091
27096
27126
47543
27092
27097
27127
27093
27098
27128
27094
27099
27129
27095
27100
27130
27101
27131
27097
27102
27132
47549
27098
27103
27133
27099
27104
27134
27100
27105
27135
27101
27106
27136
27107
27137
27103
27138
37301
47555
27104
27139
37307
27105
27140
37313
27106
27141
37319
27107
27142
37325
27143
37331
27109
27114
27144
47561
27110
27115
27145
27111
27116
27146
27112
27117
27147
27113
27118
27148
27119
27149
27115
27120
27150
47567
27116
27121
27151
27117
27122
27152
27118
27123
27153
27119
27124
27154
27125
27155
27121
27126
27156
47573
27122
27127
27157
27123
27128
27158
27124
27129
27159
27125
27130
27160
27131
27161
27127
27132
27162
47579
27128
27133
27163
27129
27134
27164
27130
27135
27165
27131
27136
27166
27137
27167
27133
27138
27168
47585
27134
27139
27169
27135
27140
27170
27136
27141
27171
27137
27142
27172
27143
27173
27139
27174
37337
47591
27140
27175
37343
27141
27176
37349
27142
27177
37355
27143
27178
37361
27179
37367
27145
27150
27180
47597
27146
27151
27181
27147
27152
27182
27148
27153
27183
27149
27154
27184
27155
27185
27151
27156
27186
47603
27152
27157
27187
27153
27158
27188
27154
27159
27189
27155
27160
27190
27161
27191
27157
27162
27192
47609
27158
27163
27193
27159
27164
27194
27160
27165
27195
27161
27166
27196
27167
27197
27163
27168
27198
47615
27164
27169
27199
27165
27170
27200
27166
27171
27201
27167
27172
27202
27173
27203
27169
27174
27204
47621
27170
27175
27205
27171
27176
27206
27172
27177
27207
27173
27178
27208
27179
27209
27175
27210
37373
47627
27176
27211
37379
27177
27212
37385
27178
27213
37391
27179
27214
37397
27215
37403
27181
27186
27216
47633
27182
27187
27217
27183
27188
27218
27184
27189
27219
27185
27190
27220
27191
27221
27187
27192
27222
47639
27188
27193
27223
27189
27194
27224
27190
27195
27225
27191
27196
27226
27197
27227
27193
27198
27228
47645
27194
27199
27229
27195
27200
27230
27196
27201
27231
27197
27202
27232
27203
27233
27199
27204
27234
47651
27200
27205
27235
27201
27206
27236
27202
27207
27237
27203
27208
27238
27209
27239
27205
27210
27240
47657
27206
27211
27241
27207
27212
27242
27208
27213
27243
27209
27214
27244
27215
27245
27211
27246
37409
47663
27212
27247
37415
27213
27248
37421
27214
27249
37427
27215
27250
37433
27251
37439
27217
27222
27252
47669
27218
27223
27253
27219
27224
27254
27220
27225
27255
27221
27226
27256
27227
27257
27223
27228
27258
47675
27224
27229
27259
27225
27230
27260
27226
27231
27261
27227
27232
27262
27233
27263
27229
27234
27264
47681
27230
27235
27265
27231
27236
27266
27232
27237
27267
27233
27238
27268
27239
27269
27235
27240
27270
47687
27236
27241
27271
27237
27242
27272
27238
27243
27273
27239
27244
27274
27245
27275
27241
27246
27276
47693
27242
27247
27277
27243
27248
27278
27244
27249
27279
27245
27250
27280
27251
27281
27247
27282
37445
47699
27248
27283
37451
27249
27284
37457
27250
27285
37463
27251
27286
37469
27287
37475
27253
27258
27288
47705
27254
27259
27289
27255
27260
27290
27256
27261
27291
27257
27262
27292
27263
27293
27259
27264
27294
47711
27260
27265
27295
27261
27266
27296
27262
27267
27297
27263
27268
27298
27269
27299
27265
27270
27300
47717
27266
27271
27301
27267
27272
27302
27268
27273
27303
27269
27274
27304
27275
27305
27271
27276
27306
47723
27272
27277
27307
27273
27278
27308
27274
27279
27309
27275
27280
27310
27281
27311
27277
27282
27312
47729
27278
27283
27313
27279
27284
27314
27280
27285
27315
27281
27286
27316
27287
27317
27283
27318
37481
47735
27284
27319
37487
27285
27320
37493
27286
27321
37499
27287
27322
37505
27323
37511
27289
27294
27324
47741
27290
27295
27325
27291
27296
27326
27292
27297
27327
27293
27298
27328
27299
27329
27295
27300
27330
47747
27296
27301
27331
27297
27302
27332
27298
27303
27333
27299
27304
27334
27305
27335
27301
27306
27336
47753
27302
27307
27337
27303
27308
27338
27304
27309
27339
27305
27310
27340
27311
27341
27307
27312
27342
47759
27308
27313
27343
27309
27314
27344
27310
27315
27345
27311
27316
27346
27317
27347
27313
27318
27348
47765
27314
27319
27349
27315
27320
27350
27316
27321
27351
27317
27322
27352
27323
27353
27319
27354
37517
47771
27320
27355
37523
27321
27356
37529
27322
27357
37535
27323
27358
37541
27359
37547
27325
27330
27360
47777
27326
27331
27361
27327
27332
27362
27328
27333
27363
27329
27334
27364
27335
27365
27331
27336
27366
47783
27332
27337
27367
27333
27338
27368
27334
27339
27369
27335
27340
27370
27341
27371
27337
27342
27372
47789
27338
27343
27373
27339
27344
27374
27340
27345
27375
27341
27346
27376
27347
27377
27343
27348
27378
47795
27344
27349
27379
27345
27350
27380
27346
27351
27381
27347
27352
27382
27353
27383
27349
27354
27384
47801
27350
27355
27385
27351
27356
27386
27352
27357
27387
27353
27358
27388
27359
27389
27355
27390
37553
47807
27356
27391
37559
27357
27392
37565
27358
27393
37571
27359
27394
37577
27395
37583
27361
27366
27396
47813
27362
27367
27397
27363
27368
27398
27364
27369
27399
27365
27370
27400
27371
27401
27367
27372
27402
47819
27368
27373
27403
27369
27374
27404
27370
27375
27405
27371
27376
27406
27377
27407
27373
27378
27408
47825
27374
27379
27409
27375
27380
27410
27376
27381
27411
27377
27382
27412
27383
27413
27379
27384
27414
47831
27380
27385
27415
27381
27386
27416
27382
27387
27417
27383
27388
27418
27389
27419
27385
27390
27420
47837
27386
27391
27421
27387
27392
27422
27388
27393
27423
27389
27394
27424
27395
27425
27391
27426
37589
47843
27392
27427
37595
27393
27428
37601
27394
27429
37607
27395
27430
37613
27431
37619
27397
27402
27432
47849
27398
27403
27433
27399
27404
27434
27400
27405
27435
27401
27406
27436
27407
27437
27403
27408
27438
47855
27404
27409
27439
27405
27410
27440
27406
27411
27441
27407
27412
27442
27413
27443
27409
27414
27444
47861
27410
27415
27445
27411
27416
27446
27412
27417
27447
27413
27418
27448
27419
27449
27415
27420
27450
47867
27416
27421
27451
27417
27422
27452
27418
27423
27453
27419
27424
27454
27425
27455
27421
27426
27456
47873
27422
27427
27457
27423
27428
27458
27424
27429
27459
27425
27430
27460
27431
27461
27427
27462
37625
47879
27428
27463
37631
27429
27464
37637
27430
27465
37643
27431
27466
37649
27467
37655
27433
27438
27468
47885
27434
27439
27469
27435
27440
27470
27436
27441
27471
27437
27442
27472
27443
27473
27439
27444
27474
47891
27440
27445
27475
27441
27446
27476
27442
27447
27477
27443
27448
27478
27449
27479
27445
27450
27480
47897
27446
27451
27481
27447
27452
27482
27448
27453
27483
27449
27454
27484
27455
27485
27451
27456
27486
47903
27452
27457
27487
27453
27458
27488
27454
27459
27489
27455
27460
27490
27461
27491
27457
27462
27492
47909
27458
27463
27493
27459
27464
27494
27460
27465
27495
27461
27466
27496
27467
27497
27463
27498
37661
47915
27464
27499
37667
27465
27500
37673
27466
27501
37679
27467
27502
37685
27503
37691
27469
27474
27504
47921
27470
27475
27505
27471
27476
27506
27472
27477
27507
27473
27478
27508
27479
27509
27475
27480
27510
47927
27476
27481
27511
27477
27482
27512
27478
27483
27513
27479
27484
27514
27485
27515
27481
27486
27516
47933
27482
27487
27517
27483
27488
27518
27484
27489
27519
27485
27490
27520
27491
27521
27487
27492
27522
47939
27488
27493
27523
27489
27494
27524
27490
27495
27525
27491
27496
27526
27497
27527
27493
27498
27528
47945
27494
27499
27529
27495
27500
27530
27496
27501
27531
27497
27502
27532
27503
27533
27499
27534
37697
47951
27500
27535
37703
27501
27536
37709
27502
27537
37715
27503
27538
37721
27539
37727
27505
27510
27540
47957
27506
27511
27541
27507
27512
27542
27508
27513
27543
27509
27514
27544
27515
27545
27511
27516
27546
47963
27512
27517
27547
27513
27518
27548
27514
27519
27549
27515
27520
27550
27521
27551
27517
27522
27552
47969
27518
27523
27553
27519
27524
27554
27520
27525
27555
27521
27526
27556
27527
27557
27523
27528
27558
47975
27524
27529
27559
27525
27530
27560
27526
27531
27561
27527
27532
27562
27533
27563
27529
27534
27564
47981
27530
27535
27565
27531
27536
27566
27532
27537
27567
27533
27538
27568
27539
27569
27535
27570
37733
47987
27536
27571
37739
27537
27572
37745
27538
27573
37751
27539
27574
37757
27575
37763
27541
27546
27576
47993
27542
27547
27577
27543
27548
27578
27544
27549
27579
27545
27550
27580
27551
27581
27547
27552
27582
47999
27548
27553
27583
27549
27554
27584
27550
27555
27585
27551
27556
27586
27557
27587
27553
27558
27588
48005
27554
27559
27589
27555
27560
27590
27556
27561
27591
27557
27562
27592
27563
27593
27559
27564
27594
48011
27560
27565
27595
27561
27566
27596
27562
27567
27597
27563
27568
27598
27569
27599
27565
27570
27600
48017
27566
27571
27601
27567
27572
27602
27568
27573
27603
27569
27574
27604
27575
27605
27571
27606
37769
48023
27572
27607
37775
27573
27608
37781
27574
27609
37787
27575
27610
37793
27611
37799
27577
27582
27612
48029
27578
27583
27613
27579
27584
27614
27580
27585
27615
27581
27586
27616
27587
27617
27583
27588
27618
48035
27584
27589
27619
27585
27590
27620
27586
27591
27621
27587
27592
27622
27593
27623
27589
27594
27624
48041
27590
27595
27625
27591
27596
27626
27592
27597
27627
27593
27598
27628
27599
27629
27595
27600
27630
48047
27596
27601
27631
27597
27602
27632
27598
27603
27633
27599
27604
27634
27605
27635
27601
27606
27636
48053
27602
27607
27637
27603
27608
27638
27604
27609
27639
27605
27610
27640
27611
27641
27607
27642
37805
48059
27608
27643
37811
27609
27644
37817
27610
27645
37823
27611
27646
37829
27647
37835
27613
27618
27648
48065
27614
27619
27649
27615
27620
27650
27616
27621
27651
27617
27622
27652
27623
27653
27619
27624
27654
48071
27620
27625
27655
27621
27626
27656
27622
27627
27657
27623
27628
27658
27629
27659
27625
27630
27660
48077
27626
27631
27661
27627
27632
27662
27628
27633
27663
27629
27634
27664
27635
27665
27631
27636
27666
48083
27632
27637
27667
27633
27638
27668
27634
27639
27669
27635
27640
27670
27641
27671
27637
27642
27672
48089
27638
27643
27673
27639
27644
27674
27640
27645
27675
27641
27646
27676
27647
27677
27643
27678
37841
48095
27644
27679
37847
27645
27680
37853
27646
27681
37859
27647
27682
37865
27683
37871
27649
27654
27684
48101
27650
27655
27685
27651
27656
27686
27652
27657
27687
27653
27658
27688
27659
27689
27655
27660
27690
48107
27656
27661
27691
27657
27662
27692
27658
27663
27693
27659
27664
27694
27665
27695
27661
27666
27696
48113
27662
27667
27697
27663
27668
27698
27664
27669
27699
27665
27670
27700
27671
27701
27667
27672
27702
48119
27668
27673
27703
27669
27674
27704
27670
27675
27705
27671
27676
27706
27677
27707
27673
27678
27708
48125
27674
27679
27709
27675
27680
27710
27676
27681
27711
27677
27682
27712
27683
27713
27679
27714
37877
48131
27680
27715
37883
27681
27716
37889
27682
27717
37895
27683
27718
37901
27719
37907
27685
27690
27720
48137
27686
27691
27721
27687
27692
27722
27688
27693
27723
27689
27694
27724
27695
27725
27691
27696
27726
48143
27692
27697
27727
27693
27698
27728
27694
27699
27729
27695
27700
27730
27701
27731
27697
27702
27732
48149
27698
27703
27733
27699
27704
27734
27700
27705
27735
27701
27706
27736
27707
27737
27703
27708
27738
48155
27704
27709
27739
27705
27710
27740
27706
27711
27741
27707
27712
27742
27713
27743
27709
27714
27744
48161
27710
27715
27745
27711
27716
27746
27712
27717
27747
27713
27718
27748
27719
27749
27715
27750
37913
48167
27716
27751
37919
27717
27752
37925
27718
27753
37931
27719
27754
37937
27755
37943
27721
27726
27756
48173
27722
27727
27757
27723
27728
27758
27724
27729
27759
27725
27730
27760
27731
27761
27727
27732
27762
48179
27728
27733
27763
27729
27734
27764
27730
27735
27765
27731
27736
27766
27737
27767
27733
27738
27768
48185
27734
27739
27769
27735
27740
27770
27736
27741
27771
27737
27742
27772
27743
27773
27739
27744
27774
48191
27740
27745
27775
27741
27746
27776
27742
27747
27777
27743
27748
27778
27749
27779
27745
27750
27780
48197
27746
27751
27781
27747
27752
27782
27748
27753
27783
27749
27754
27784
27755
27785
27751
27786
37949
48203
27752
27787
37955
27753
27788
37961
27754
27789
37967
27755
27790
37973
27791
37979
27757
27762
27792
48209
27758
27763
27793
27759
27764
27794
27760
27765
27795
27761
27766
27796
27767
27797
27763
27768
27798
48215
27764
27769
27799
27765
27770
27800
27766
27771
27801
27767
27772
27802
27773
27803
27769
27774
27804
48221
27770
27775
27805
27771
27776
27806
27772
27777
27807
27773
27778
27808
27779
27809
27775
27780
27810
48227
27776
27781
27811
27777
27782
27812
27778
27783
27813
27779
27784
27814
27785
27815
27781
27786
27816
48233
27782
27787
27817
27783
27788
27818
27784
27789
27819
27785
27790
27820
27791
27821
27787
27822
37985
48239
27788
27823
37991
27789
27824
37997
27790
27825
38003
27791
27826
38009
27827
38015
27793
27798
27828
48245
27794
27799
27829
27795
27800
27830
27796
27801
27831
27797
27802
27832
27803
27833
27799
27804
27834
48251
27800
27805
27835
27801
27806
27836
27802
27807
27837
27803
27808
27838
27809
27839
27805
27810
27840
48257
27806
27811
27841
27807
27812
27842
27808
27813
27843
27809
27814
27844
27815
27845
27811
27816
27846
48263
27812
27817
27847
27813
27818
27848
27814
27819
27849
27815
27820
27850
27821
27851
27817
27822
27852
48269
27818
27823
27853
27819
27824
27854
27820
27825
27855
27821
27826
27856
27827
27857
27823
27858
38021
48275
27824
27859
38027
27825
27860
38033
27826
27861
38039
27827
27862
38045
27863
38051
27829
27834
27864
48281
27830
27835
27865
27831
27836
27866
27832
27837
27867
27833
27838
27868
27839
27869
27835
27840
27870
48287
27836
27841
27871
27837
27842
27872
27838
27843
27873
27839
27844
27874
27845
27875
27841
27846
27876
48293
27842
27847
27877
27843
27848
27878
27844
27849
27879
27845
27850
27880
27851
27881
27847
27852
27882
48299
27848
27853
27883
27849
27854
27884
27850
27855
27885
27851
27856
27886
27857
27887
27853
27858
27888
48305
27854
27859
27889
27855
27860
27890
27856
27861
27891
27857
27862
27892
27863
27893
27859
27894
38057
48311
27860
27895
38063
27861
27896
38069
27862
27897
38075
27863
27898
38081
27899
38087
27865
27870
27900
48317
27866
27871
27901
27867
27872
27902
27868
27873
27903
27869
27874
27904
27875
27905
27871
27876
27906
48323
27872
27877
27907
27873
27878
27908
27874
27879
27909
27875
27880
27910
27881
27911
27877
27882
27912
48329
27878
27883
27913
27879
27884
27914
27880
27885
27915
27881
27886
27916
27887
27917
27883
27888
27918
48335
27884
27889
27919
27885
27890
27920
27886
27891
27921
27887
27892
27922
27893
27923
27889
27894
27924
48341
27890
27895
27925
27891
27896
27926
27892
27897
27927
27893
27898
27928
27899
27929
27895
27930
38093
48347
27896
27931
38099
27897
27932
38105
27898
27933
38111
27899
27934
38117
27935
38123
27901
27906
27936
48353
27902
27907
27937
27903
27908
27938
27904
27909
27939
27905
27910
27940
27911
27941
27907
27912
27942
48359
27908
27913
27943
27909
27914
27944
27910
27915
27945
27911
27916
27946
27917
27947
27913
27918
27948
48365
27914
27919
27949
27915
27920
27950
27916
27921
27951
27917
27922
27952
27923
27953
27919
27924
27954
48371
27920
27925
27955
27921
27926
27956
27922
27927
27957
27923
27928
27958
27929
27959
27925
27930
27960
48377
27926
27931
27961
27927
27932
27962
27928
27933
27963
27929
27934
27964
27935
27965
27931
27966
38129
48383
27932
27967
38135
27933
27968
38141
27934
27969
38147
27935
27970
38153
27971
38159
27937
27942
27972
48389
27938
27943
27973
27939
27944
27974
27940
27945
27975
27941
27946
27976
27947
27977
27943
27948
27978
48395
27944
27949
27979
27945
27950
27980
27946
27951
27981
27947
27952
27982
27953
27983
27949
27954
27984
48401
27950
27955
27985
27951
27956
27986
27952
27957
27987
27953
27958
27988
27959
27989
27955
27960
27990
48407
27956
27961
27991
27957
27962
27992
27958
27963
27993
27959
27964
27994
27965
27995
27961
27966
27996
48413
27962
27967
27997
27963
27968
27998
27964
27969
27999
27965
27970
28000
27971
28001
27967
28002
38165
48419
27968
28003
38171
27969
28004
38177
27970
28005
38183
27971
28006
38189
28007
38195
27973
27978
28008
48425
27974
27979
28009
27975
27980
28010
27976
27981
28011
27977
27982
28012
27983
28013
27979
27984
28014
48431
27980
27985
28015
27981
27986
28016
27982
27987
28017
27983
27988
28018
27989
28019
27985
27990
28020
48437
27986
27991
28021
27987
27992
28022
27988
27993
28023
27989
27994
28024
27995
28025
27991
27996
28026
48443
27992
27997
28027
27993
27998
28028
27994
27999
28029
27995
28000
28030
28001
28031
27997
28002
28032
48449
27998
28003
28033
27999
28004
28034
28000
28005
28035
28001
28006
28036
28007
28037
28003
28038
38201
48455
28004
28039
38207
28005
28040
38213
28006
28041
38219
28007
28042
38225
28043
38231
28009
28014
28044
48461
28010
28015
28045
28011
28016
28046
28012
28017
28047
28013
28018
28048
28019
28049
28015
28020
28050
48467
28016
28021
28051
28017
28022
28052
28018
28023
28053
28019
28024
28054
28025
28055
28021
28026
28056
48473
28022
28027
28057
28023
28028
28058
28024
28029
28059
28025
28030
28060
28031
28061
28027
28032
28062
48479
28028
28033
28063
28029
28034
28064
28030
28035
28065
28031
28036
28066
28037
28067
28033
28038
28068
48485
28034
28039
28069
28035
28040
28070
28036
28041
28071
28037
28042
28072
28043
28073
28039
28074
38237
48491
28040
28075
38243
28041
28076
38249
28042
28077
38255
28043
28078
38261
28079
38267
28045
28050
28080
48497
28046
28051
28081
28047
28052
28082
28048
28053
28083
28049
28054
28084
28055
28085
28051
28056
28086
48503
28052
28057
28087
28053
28058
28088
28054
28059
28089
28055
28060
28090
28061
28091
28057
28062
28092
48509
28058
28063
28093
28059
28064
28094
28060
28065
28095
28061
28066
28096
28067
28097
28063
28068
28098
48515
28064
28069
28099
28065
28070
28100
28066
28071
28101
28067
28072
28102
28073
28103
28069
28074
28104
48521
28070
28075
28105
28071
28076
28106
28072
28077
28107
28073
28078
28108
28079
28109
28075
28110
38273
48527
28076
28111
38279
28077
28112
38285
28078
28113
38291
28079
28114
38297
28115
38303
28081
28086
28116
48533
28082
28087
28117
28083
28088
28118
28084
28089
28119
28085
28090
28120
28091
28121
28087
28092
28122
48539
28088
28093
28123
28089
28094
28124
28090
28095
28125
28091
28096
28126
28097
28127
28093
28098
28128
48545
28094
28099
28129
28095
28100
28130
28096
28101
28131
28097
28102
28132
28103
28133
28099
28104
28134
48551
28100
28105
28135
28101
28106
28136
28102
28107
28137
28103
28108
28138
28109
28139
28105
28110
28140
48557
28106
28111
28141
28107
28112
28142
28108
28113
28143
28109
28114
28144
28115
28145
28111
28146
38309
48563
28112
28147
38315
28113
28148
38321
28114
28149
38327
28115
28150
38333
28151
38339
28117
28122
28152
48569
28118
28123
28153
28119
28124
28154
28120
28125
28155
28121
28126
28156
28127
28157
28123
28128
28158
48575
28124
28129
28159
28125
28130
28160
28126
28131
28161
28127
28132
28162
28133
28163
28129
28134
28164
48581
28130
28135
28165
28131
28136
28166
28132
28137
28167
28133
28138
28168
28139
28169
28135
28140
28170
48587
28136
28141
28171
28137
28142
28172
28138
28143
28173
28139
28144
28174
28145
28175
28141
28146
28176
48593
28142
28147
28177
28143
28148
28178
28144
28149
28179
28145
28150
28180
28151
28181
28147
28182
38345
48599
28148
28183
38351
28149
28184
38357
28150
28185
38363
28151
28186
38369
28187
38375
28153
28158
28188
48605
28154
28159
28189
28155
28160
28190
28156
28161
28191
28157
28162
28192
28163
28193
28159
28164
28194
48611
28160
28165
28195
28161
28166
28196
28162
28167
28197
28163
28168
28198
28169
28199
28165
28170
28200
48617
28166
28171
28201
28167
28172
28202
28168
28173
28203
28169
28174
28204
28175
28205
28171
28176
28206
48623
28172
28177
28207
28173
28178
28208
28174
28179
28209
28175
28180
28210
28181
28211
28177
28182
28212
48629
28178
28183
28213
28179
28184
28214
28180
28185
28215
28181
28186
28216
28187
28217
28183
28218
38381
48635
28184
28219
38387
28185
28220
38393
28186
28221
38399
28187
28222
38405
28223
38411
28189
28194
28224
48641
28190
28195
28225
28191
28196
28226
28192
28197
28227
28193
28198
28228
28199
28229
28195
28200
28230
48647
28196
28201
28231
28197
28202
28232
28198
28203
28233
28199
28204
28234
28205
28235
28201
28206
28236
48653
28202
28207
28237
28203
28208
28238
28204
28209
28239
28205
28210
28240
28211
28241
28207
28212
28242
48659
28208
28213
28243
28209
28214
28244
28210
28215
28245
28211
28216
28246
28217
28247
28213
28218
28248
48665
28214
28219
28249
28215
28220
28250
28216
28221
28251
28217
28222
28252
28223
28253
28219
28254
38417
48671
28220
28255
38423
28221
28256
38429
28222
28257
38435
28223
28258
38441
28259
38447
28225
28230
28260
48677
28226
28231
28261
28227
28232
28262
28228
28233
28263
28229
28234
28264
28235
28265
28231
28236
28266
48683
28232
28237
28267
28233
28238
28268
28234
28239
28269
28235
28240
28270
28241
28271
28237
28242
28272
48689
28238
28243
28273
28239
28244
28274
28240
28245
28275
28241
28246
28276
28247
28277
28243
28248
28278
48695
28244
28249
28279
28245
28250
28280
28246
28251
28281
28247
28252
28282
28253
28283
28249
28254
28284
48701
28250
28255
28285
28251
28256
28286
28252
28257
28287
28253
28258
28288
28259
28289
28255
28290
38453
48707
28256
28291
38459
28257
28292
38465
28258
28293
38471
28259
28294
38477
28295
38483
28261
28266
28296
48713
28262
28267
28297
28263
28268
28298
28264
28269
28299
28265
28270
28300
28271
28301
28267
28272
28302
48719
28268
28273
28303
28269
28274
28304
28270
28275
28305
28271
28276
28306
28277
28307
28273
28278
28308
48725
28274
28279
28309
28275
28280
28310
28276
28281
28311
28277
28282
28312
28283
28313
28279
28284
28314
48731
28280
28285
28315
28281
28286
28316
28282
28287
28317
28283
28288
28318
28289
28319
28285
28290
28320
48737
28286
28291
28321
28287
28292
28322
28288
28293
28323
28289
28294
28324
28295
28325
28291
28326
38489
48743
28292
28327
38495
28293
28328
38501
28294
28329
38507
28295
28330
38513
28331
38519
28297
28302
28332
48749
28298
28303
28333
28299
28304
28334
28300
28305
28335
28301
28306
28336
28307
28337
28303
28308
28338
48755
28304
28309
28339
28305
28310
28340
28306
28311
28341
28307
28312
28342
28313
28343
28309
28314
28344
48761
28310
28315
28345
28311
28316
28346
28312
28317
28347
28313
28318
28348
28319
28349
28315
28320
28350
48767
28316
28321
28351
28317
28322
28352
28318
28323
28353
28319
28324
28354
28325
28355
28321
28326
28356
48773
28322
28327
28357
28323
28328
28358
28324
28329
28359
28325
28330
28360
28331
28361
28327
28362
38525
48779
28328
28363
38531
28329
28364
38537
28330
28365
38543
28331
28366
38549
28367
38555
28333
28338
28368
48785
28334
28339
28369
28335
28340
28370
28336
28341
28371
28337
28342
28372
28343
28373
28339
28344
28374
48791
28340
28345
28375
28341
28346
28376
28342
28347
28377
28343
28348
28378
28349
28379
28345
28350
28380
48797
28346
28351
28381
28347
28352
28382
28348
28353
28383
28349
28354
28384
28355
28385
28351
28356
28386
48803
28352
28357
28387
28353
28358
28388
28354
28359
28389
28355
28360
28390
28361
28391
28357
28362
28392
48809
28358
28363
28393
28359
28364
28394
28360
28365
28395
28361
28366
28396
28367
28397
28363
28398
38561
48815
28364
28399
38567
28365
28400
38573
28366
28401
38579
28367
28402
38585
28403
38591
28369
28374
28404
48821
28370
28375
28405
28371
28376
28406
28372
28377
28407
28373
28378
28408
28379
28409
28375
28380
28410
48827
28376
28381
28411
28377
28382
28412
28378
28383
28413
28379
28384
28414
28385
28415
28381
28386
28416
48833
28382
28387
28417
28383
28388
28418
28384
28389
28419
28385
28390
28420
28391
28421
28387
28392
28422
48839
28388
28393
28423
28389
28394
28424
28390
28395
28425
28391
28396
28426
28397
28427
28393
28398
28428
48845
28394
28399
28429
28395
28400
28430
28396
28401
28431
28397
28402
28432
28403
28433
28399
28434
38597
48851
28400
28435
38603
28401
28436
38609
28402
28437
38615
28403
28438
38621
28439
38627
28405
28410
28440
48857
28406
28411
28441
28407
28412
28442
28408
28413
28443
28409
28414
28444
28415
28445
28411
28416
28446
48863
28412
28417
28447
28413
28418
28448
28414
28419
28449
28415
28420
28450
28421
28451
28417
28422
28452
48869
28418
28423
28453
28419
28424
28454
28420
28425
28455
28421
28426
28456
28427
28457
28423
28428
28458
48875
28424
28429
28459
28425
28430
28460
28426
28431
28461
28427
28432
28462
28433
28463
28429
28434
28464
48881
28430
28435
28465
28431
28436
28466
28432
28437
28467
28433
28438
28468
28439
28469
28435
28470
38633
48887
28436
28471
38639
28437
28472
38645
28438
28473
38651
28439
28474
38657
28475
38663
28441
28446
28476
48893
28442
28447
28477
28443
28448
28478
28444
28449
28479
28445
28450
28480
28451
28481
28447
28452
28482
48899
28448
28453
28483
28449
28454
28484
28450
28455
28485
28451
28456
28486
28457
28487
28453
28458
28488
48905
28454
28459
28489
28455
28460
28490
28456
28461
28491
28457
28462
28492
28463
28493
28459
28464
28494
48911
28460
28465
28495
28461
28466
28496
28462
28467
28497
28463
28468
28498
28469
28499
28465
28470
28500
48917
28466
28471
28501
28467
28472
28502
28468
28473
28503
28469
28474
28504
28475
28505
28471
28506
38669
48923
28472
28507
38675
28473
28508
38681
28474
28509
38687
28475
28510
38693
28511
38699
28477
28482
28512
48929
28478
28483
28513
28479
28484
28514
28480
28485
28515
28481
28486
28516
28487
28517
28483
28488
28518
48935
28484
28489
28519
28485
28490
28520
28486
28491
28521
28487
28492
28522
28493
28523
28489
28494
28524
48941
28490
28495
28525
28491
28496
28526
28492
28497
28527
28493
28498
28528
28499
28529
28495
28500
28530
48947
28496
28501
28531
28497
28502
28532
28498
28503
28533
28499
28504
28534
28505
28535
28501
28506
28536
48953
28502
28507
28537
28503
28508
28538
28504
28509
28539
28505
28510
28540
28511
28541
28507
28542
38705
48959
28508
28543
38711
28509
28544
38717
28510
28545
38723
28511
28546
38729
28547
38735
28513
28518
28548
48965
28514
28519
28549
28515
28520
28550
28516
28521
28551
28517
28522
28552
28523
28553
28519
28524
28554
48971
28520
28525
28555
28521
28526
28556
28522
28527
28557
28523
28528
28558
28529
28559
28525
28530
28560
48977
28526
28531
28561
28527
28532
28562
28528
28533
28563
28529
28534
28564
28535
28565
28531
28536
28566
48983
28532
28537
28567
28533
28538
28568
28534
28539
28569
28535
28540
28570
28541
28571
28537
28542
28572
48989
28538
28543
28573
28539
28544
28574
28540
28545
28575
28541
28546
28576
28547
28577
28543
28578
38741
48995
28544
28579
38747
28545
28580
38753
28546
28581
38759
28547
28582
38765
28583
38771
28549
28554
28584
49001
28550
28555
28585
28551
28556
28586
28552
28557
28587
28553
28558
28588
28559
28589
28555
28560
28590
49007
28556
28561
28591
28557
28562
28592
28558
28563
28593
28559
28564
28594
28565
28595
28561
28566
28596
49013
28562
28567
28597
28563
28568
28598
28564
28569
28599
28565
28570
28600
28571
28601
28567
28572
28602
49019
28568
28573
28603
28569
28574
28604
28570
28575
28605
28571
28576
28606
28577
28607
28573
28578
28608
49025
28574
28579
28609
28575
28580
28610
28576
28581
28611
28577
28582
28612
28583
28613
28579
28614
38777
49031
28580
28615
38783
28581
28616
38789
28582
28617
38795
28583
28618
38801
28619
38807
28585
28590
28620
49037
28586
28591
28621
28587
28592
28622
28588
28593
28623
28589
28594
28624
28595
28625
28591
28596
28626
49043
28592
28597
28627
28593
28598
28628
28594
28599
28629
28595
28600
28630
28601
28631
28597
28602
28632
49049
28598
28603
28633
28599
28604
28634
28600
28605
28635
28601
28606
28636
28607
28637
28603
28608
28638
49055
28604
28609
28639
28605
28610
28640
28606
28611
28641
28607
28612
28642
28613
28643
28609
28614
28644
49061
28610
28615
28645
28611
28616
28646
28612
28617
28647
28613
28618
28648
28619
28649
28615
28650
38813
49067
28616
28651
38819
28617
28652
38825
28618
28653
38831
28619
28654
38837
28655
38843
28621
28626
28656
49073
28622
28627
28657
28623
28628
28658
28624
28629
28659
28625
28630
28660
28631
28661
28627
28632
28662
49079
28628
28633
28663
28629
28634
28664
28630
28635
28665
28631
28636
28666
28637
28667
28633
28638
28668
49085
28634
28639
28669
28635
28640
28670
28636
28641
28671
28637
28642
28672
28643
28673
28639
28644
28674
49091
28640
28645
28675
28641
28646
28676
28642
28647
28677
28643
28648
28678
28649
28679
28645
28650
28680
49097
28646
28651
28681
28647
28652
28682
28648
28653
28683
28649
28654
28684
28655
28685
28651
28686
38849
49103
28652
28687
38855
28653
28688
38861
28654
28689
38867
28655
28690
38873
28691
38879
28657
28662
28692
49109
28658
28663
28693
28659
28664
28694
28660
28665
28695
28661
28666
28696
28667
28697
28663
28668
28698
49115
28664
28669
28699
28665
28670
28700
28666
28671
28701
28667
28672
28702
28673
28703
28669
28674
28704
49121
28670
28675
28705
28671
28676
28706
28672
28677
28707
28673
28678
28708
28679
28709
28675
28680
28710
49127
28676
28681
28711
28677
28682
28712
28678
28683
28713
28679
28684
28714
28685
28715
28681
28686
28716
49133
28682
28687
28717
28683
28688
28718
28684
28689
28719
28685
28690
28720
28691
28721
28687
28722
38885
49139
28688
28723
38891
28689
28724
38897
28690
28725
38903
28691
28726
38909
28727
38915
28693
28698
28728
49145
28694
28699
28729
28695
28700
28730
28696
28701
28731
28697
28702
28732
28703
28733
28699
28704
28734
49151
28700
28705
28735
28701
28706
28736
28702
28707
28737
28703
28708
28738
28709
28739
28705
28710
28740
49157
28706
28711
28741
28707
28712
28742
28708
28713
28743
28709
28714
28744
28715
28745
28711
28716
28746
49163
28712
28717
28747
28713
28718
28748
28714
28719
28749
28715
28720
28750
28721
28751
28717
28722
28752
49169
28718
28723
28753
28719
28724
28754
28720
28725
28755
28721
28726
28756
28727
28757
28723
28758
38921
49175
28724
28759
38927
28725
28760
38933
28726
28761
38939
28727
28762
38945
28763
38951
28729
28734
28764
49181
28730
28735
28765
28731
28736
28766
28732
28737
28767
28733
28738
28768
28739
28769
28735
28740
28770
49187
28736
28741
28771
28737
28742
28772
28738
28743
28773
28739
28744
28774
28745
28775
28741
28746
28776
49193
28742
28747
28777
28743
28748
28778
28744
28749
28779
28745
28750
28780
28751
28781
28747
28752
28782
49199
28748
28753
28783
28749
28754
28784
28750
28755
28785
28751
28756
28786
28757
28787
28753
28758
28788
49205
28754
28759
28789
28755
28760
28790
28756
28761
28791
28757
28762
28792
28763
28793
28759
28794
38957
49211
28760
28795
38963
28761
28796
38969
28762
28797
38975
28763
28798
38981
28799
38987
28765
28770
28800
49217
28766
28771
28801
28767
28772
28802
28768
28773
28803
28769
28774
28804
28775
28805
28771
28776
28806
49223
28772
28777
28807
28773
28778
28808
28774
28779
28809
28775
28780
28810
28781
28811
28777
28782
28812
49229
28778
28783
28813
28779
28784
28814
28780
28785
28815
28781
28786
28816
28787
28817
28783
28788
28818
49235
28784
28789
28819
28785
28790
28820
28786
28791
28821
28787
28792
28822
28793
28823
28789
28794
28824
49241
28790
28795
28825
28791
28796
28826
28792
28797
28827
28793
28798
28828
28799
28829
28795
28830
38993
49247
28796
28831
38999
28797
28832
39005
28798
28833
39011
28799
28834
39017
28835
39023
28801
28806
28836
49253
28802
28807
28837
28803
28808
28838
28804
28809
28839
28805
28810
28840
28811
28841
28807
28812
28842
49259
28808
28813
28843
28809
28814
28844
28810
28815
28845
28811
28816
28846
28817
28847
28813
28818
28848
49265
28814
28819
28849
28815
28820
28850
28816
28821
28851
28817
28822
28852
28823
28853
28819
28824
28854
49271
28820
28825
28855
28821
28826
28856
28822
28827
28857
28823
28828
28858
28829
28859
28825
28830
28860
49277
28826
28831
28861
28827
28832
28862
28828
28833
28863
28829
28834
28864
28835
28865
28831
28866
39029
49283
28832
28867
39035
28833
28868
39041
28834
28869
39047
28835
28870
39053
28871
39059
28837
28842
28872
49289
28838
28843
28873
28839
28844
28874
28840
28845
28875
28841
28846
28876
28847
28877
28843
28848
28878
49295
28844
28849
28879
28845
28850
28880
28846
28851
28881
28847
28852
28882
28853
28883
28849
28854
28884
49301
28850
28855
28885
28851
28856
28886
28852
28857
28887
28853
28858
28888
28859
28889
28855
28860
28890
49307
28856
28861
28891
28857
28862
28892
28858
28863
28893
28859
28864
28894
28865
28895
28861
28866
28896
49313
28862
28867
28897
28863
28868
28898
28864
28869
28899
28865
28870
28900
28871
28901
28867
28902
39065
49319
28868
28903
39071
28869
28904
39077
28870
28905
39083
28871
28906
39089
28907
39095
28873
28878
28908
49325
28874
28879
28909
28875
28880
28910
28876
28881
28911
28877
28882
28912
28883
28913
28879
28884
28914
49331
28880
28885
28915
28881
28886
28916
28882
28887
28917
28883
28888
28918
28889
28919
28885
28890
28920
49337
28886
28891
28921
28887
28892
28922
28888
28893
28923
28889
28894
28924
28895
28925
28891
28896
28926
49343
28892
28897
28927
28893
28898
28928
28894
28899
28929
28895
28900
28930
28901
28931
28897
28902
28932
49349
28898
28903
28933
28899
28904
28934
28900
28905
28935
28901
28906
28936
28907
28937
28903
28938
39101
49355
28904
28939
39107
28905
28940
39113
28906
28941
39119
28907
28942
39125
28943
39131
28909
28914
28944
49361
28910
28915
28945
28911
28916
28946
28912
28917
28947
28913
28918
28948
28919
28949
28915
28920
28950
49367
28916
28921
28951
28917
28922
28952
28918
28923
28953
28919
28924
28954
28925
28955
28921
28926
28956
49373
28922
28927
28957
28923
28928
28958
28924
28929
28959
28925
28930
28960
28931
28961
28927
28932
28962
49379
28928
28933
28963
28929
28934
28964
28930
28935
28965
28931
28936
28966
28937
28967
28933
28938
28968
49385
28934
28939
28969
28935
28940
28970
28936
28941
28971
28937
28942
28972
28943
28973
28939
28974
39137
49391
28940
28975
39143
28941
28976
39149
28942
28977
39155
28943
28978
39161
28979
39167
28945
28950
28980
49397
28946
28951
28981
28947
28952
28982
28948
28953
28983
28949
28954
28984
28955
28985
28951
28956
28986
49403
28952
28957
28987
28953
28958
28988
28954
28959
28989
28955
28960
28990
28961
28991
28957
28962
28992
49409
28958
28963
28993
28959
28964
28994
28960
28965
28995
28961
28966
28996
28967
28997
28963
28968
28998
49415
28964
28969
28999
28965
28970
29000
28966
28971
29001
28967
28972
29002
28973
29003
28969
28974
29004
49421
28970
28975
29005
28971
28976
29006
28972
28977
29007
28973
28978
29008
28979
29009
28975
29010
39173
49427
28976
29011
39179
28977
29012
39185
28978
29013
39191
28979
29014
39197
29015
39203
28981
28986
29016
49433
28982
28987
29017
28983
28988
29018
28984
28989
29019
28985
28990
29020
28991
29021
28987
28992
29022
49439
28988
28993
29023
28989
28994
29024
28990
28995
29025
28991
28996
29026
28997
29027
28993
28998
29028
49445
28994
28999
29029
28995
29000
29030
28996
29001
29031
28997
29002
29032
29003
29033
28999
29004
29034
49451
29000
29005
29035
29001
29006
29036
29002
29007
29037
29003
29008
29038
29009
29039
29005
29010
29040
49457
29006
29011
29041
29007
29012
29042
29008
29013
29043
29009
29014
29044
29015
29045
29011
29046
39209
49463
29012
29047
39215
29013
29048
39221
29014
29049
39227
29015
29050
39233
29051
39239
29017
29022
29052
49469
29018
29023
29053
29019
29024
29054
29020
29025
29055
29021
29026
29056
29027
29057
29023
29028
29058
49475
29024
29029
29059
29025
29030
29060
29026
29031
29061
29027
29032
29062
29033
29063
29029
29034
29064
49481
29030
29035
29065
29031
29036
29066
29032
29037
29067
29033
29038
29068
29039
29069
29035
29040
29070
49487
29036
29041
29071
29037
29042
29072
29038
29043
29073
29039
29044
29074
29045
29075
29041
29046
29076
49493
29042
29047
29077
29043
29048
29078
29044
29049
29079
29045
29050
29080
29051
29081
29047
29082
39245
49499
29048
29083
39251
29049
29084
39257
29050
29085
39263
29051
29086
39269
29087
39275
29053
29058
29088
49505
29054
29059
29089
29055
29060
29090
29056
29061
29091
29057
29062
29092
29063
29093
29059
29064
29094
49511
29060
29065
29095
29061
29066
29096
29062
29067
29097
29063
29068
29098
29069
29099
29065
29070
29100
49517
29066
29071
29101
29067
29072
29102
29068
29073
29103
29069
29074
29104
29075
29105
29071
29076
29106
49523
29072
29077
29107
29073
29078
29108
29074
29079
29109
29075
29080
29110
29081
29111
29077
29082
29112
49529
29078
29083
29113
29079
29084
29114
29080
29085
29115
29081
29086
29116
29087
29117
29083
29118
39281
49535
29084
29119
39287
29085
29120
39293
29086
29121
39299
29087
29122
39305
29123
39311
29089
29094
29124
49541
29090
29095
29125
29091
29096
29126
29092
29097
29127
29093
29098
29128
29099
29129
29095
29100
29130
49547
29096
29101
29131
29097
29102
29132
29098
29103
29133
29099
29104
29134
29105
29135
29101
29106
29136
49553
29102
29107
29137
29103
29108
29138
29104
29109
29139
29105
29110
29140
29111
29141
29107
29112
29142
49559
29108
29113
29143
29109
29114
29144
29110
29115
29145
29111
29116
29146
29117
29147
29113
29118
29148
49565
29114
29119
29149
29115
29120
29150
29116
29121
29151
29117
29122
29152
29123
29153
29119
29154
39317
49571
29120
29155
39323
29121
29156
39329
29122
29157
39335
29123
29158
39341
29159
39347
29125
29130
29160
49577
29126
29131
29161
29127
29132
29162
29128
29133
29163
29129
29134
29164
29135
29165
29131
29136
29166
49583
29132
29137
29167
29133
29138
29168
29134
29139
29169
29135
29140
29170
29141
29171
29137
29142
29172
49589
29138
29143
29173
29139
29144
29174
29140
29145
29175
29141
29146
29176
29147
29177
29143
29148
29178
49595
29144
29149
29179
29145
29150
29180
29146
29151
29181
29147
29152
29182
29153
29183
29149
29154
29184
49601
29150
29155
29185
29151
29156
29186
29152
29157
29187
29153
29158
29188
29159
29189
29155
29190
39353
49607
29156
29191
39359
29157
29192
39365
29158
29193
39371
29159
29194
39377
29195
39383
29161
29166
29196
49613
29162
29167
29197
29163
29168
29198
29164
29169
29199
29165
29170
29200
29171
29201
29167
29172
29202
49619
29168
29173
29203
29169
29174
29204
29170
29175
29205
29171
29176
29206
29177
29207
29173
29178
29208
49625
29174
29179
29209
29175
29180
29210
29176
29181
29211
29177
29182
29212
29183
29213
29179
29184
29214
49631
29180
29185
29215
29181
29186
29216
29182
29187
29217
29183
29188
29218
29189
29219
29185
29190
29220
49637
29186
29191
29221
29187
29192
29222
29188
29193
29223
29189
29194
29224
29195
29225
29191
29226
39389
49643
29192
29227
39395
29193
29228
39401
29194
29229
39407
29195
29230
39413
29231
39419
29197
29202
29232
49649
29198
29203
29233
29199
29204
29234
29200
29205
29235
29201
29206
29236
29207
29237
29203
29208
29238
49655
29204
29209
29239
29205
29210
29240
29206
29211
29241
29207
29212
29242
29213
29243
29209
29214
29244
49661
29210
29215
29245
29211
29216
29246
29212
29217
29247
29213
29218
29248
29219
29249
29215
29220
29250
49667
29216
29221
29251
29217
29222
29252
29218
29223
29253
29219
29224
29254
29225
29255
29221
29226
29256
49673
29222
29227
29257
29223
29228
29258
29224
29229
29259
29225
29230
29260
29231
29261
29227
29262
39425
49679
29228
29263
39431
29229
29264
39437
29230
29265
39443
29231
29266
39449
29267
39455
29233
29238
29268
49685
29234
29239
29269
29235
29240
29270
29236
29241
29271
29237
29242
29272
29243
29273
29239
29244
29274
49691
29240
29245
29275
29241
29246
29276
29242
29247
29277
29243
29248
29278
29249
29279
29245
29250
29280
49697
29246
29251
29281
29247
29252
29282
29248
29253
29283
29249
29254
29284
29255
29285
29251
29256
29286
49703
29252
29257
29287
29253
29258
29288
29254
29259
29289
29255
29260
29290
29261
29291
29257
29262
29292
49709
29258
29263
29293
29259
29264
29294
29260
29265
29295
29261
29266
29296
29267
29297
29263
29298
39461
49715
29264
29299
39467
29265
29300
39473
29266
29301
39479
29267
29302
39485
29303
39491
29269
29274
29304
49721
29270
29275
29305
29271
29276
29306
29272
29277
29307
29273
29278
29308
29279
29309
29275
29280
29310
49727
29276
29281
29311
29277
29282
29312
29278
29283
29313
29279
29284
29314
29285
29315
29281
29286
29316
49733
29282
29287
29317
29283
29288
29318
29284
29289
29319
29285
29290
29320
29291
29321
29287
29292
29322
49739
29288
29293
29323
29289
29294
29324
29290
29295
29325
29291
29296
29326
29297
29327
29293
29298
29328
49745
29294
29299
29329
29295
29300
29330
29296
29301
29331
29297
29302
29332
29303
29333
29299
29334
39497
49751
29300
29335
39503
29301
29336
39509
29302
29337
39515
29303
29338
39521
29339
39527
29305
29310
29340
49757
29306
29311
29341
29307
29312
29342
29308
29313
29343
29309
29314
29344
29315
29345
29311
29316
29346
49763
29312
29317
29347
29313
29318
29348
29314
29319
29349
29315
29320
29350
29321
29351
29317
29322
29352
49769
29318
29323
29353
29319
29324
29354
29320
29325
29355
29321
29326
29356
29327
29357
29323
29328
29358
49775
29324
29329
29359
29325
29330
29360
29326
29331
29361
29327
29332
29362
29333
29363
29329
29334
29364
49781
29330
29335
29365
29331
29336
29366
29332
29337
29367
29333
29338
29368
29339
29369
29335
29370
39533
49787
29336
29371
39539
29337
29372
39545
29338
29373
39551
29339
29374
39557
29375
39563
29341
29346
29376
49793
29342
29347
29377
29343
29348
29378
29344
29349
29379
29345
29350
29380
29351
29381
29347
29352
29382
49799
29348
29353
29383
29349
29354
29384
29350
29355
29385
29351
29356
29386
29357
29387
29353
29358
29388
49805
29354
29359
29389
29355
29360
29390
29356
29361
29391
29357
29362
29392
29363
29393
29359
29364
29394
49811
29360
29365
29395
29361
29366
29396
29362
29367
29397
29363
29368
29398
29369
29399
29365
29370
29400
49817
29366
29371
29401
29367
29372
29402
29368
29373
29403
29369
29374
29404
29375
29405
29371
29406
39569
49823
29372
29407
39575
29373
29408
39581
29374
29409
39587
29375
29410
39593
29411
39599
29377
29382
29412
49829
29378
29383
29413
29379
29384
29414
29380
29385
29415
29381
29386
29416
29387
29417
29383
29388
29418
49835
29384
29389
29419
29385
29390
29420
29386
29391
29421
29387
29392
29422
29393
29423
29389
29394
29424
49841
29390
29395
29425
29391
29396
29426
29392
29397
29427
29393
29398
29428
29399
29429
29395
29400
29430
49847
29396
29401
29431
29397
29402
29432
29398
29403
29433
29399
29404
29434
29405
29435
29401
29406
29436
49853
29402
29407
29437
29403
29408
29438
29404
29409
29439
29405
29410
29440
29411
29441
29407
29442
39605
49859
29408
29443
39611
29409
29444
39617
29410
29445
39623
29411
29446
39629
29447
39635
29413
29418
29448
49865
29414
29419
29449
29415
29420
29450
29416
29421
29451
29417
29422
29452
29423
29453
29419
29424
29454
49871
29420
29425
29455
29421
29426
29456
29422
29427
29457
29423
29428
29458
29429
29459
29425
29430
29460
49877
29426
29431
29461
29427
29432
29462
29428
29433
29463
29429
29434
29464
29435
29465
29431
29436
29466
49883
29432
29437
29467
29433
29438
29468
29434
29439
29469
29435
29440
29470
29441
29471
29437
29442
29472
49889
29438
29443
29473
29439
29444
29474
29440
29445
29475
29441
29446
29476
29447
29477
29443
29478
39641
49895
29444
29479
39647
29445
29480
39653
29446
29481
39659
29447
29482
39665
29483
39671
29449
29454
29484
49901
29450
29455
29485
29451
29456
29486
29452
29457
29487
29453
29458
29488
29459
29489
29455
29460
29490
49907
29456
29461
29491
29457
29462
29492
29458
29463
29493
29459
29464
29494
29465
29495
29461
29466
29496
49913
29462
29467
29497
29463
29468
29498
29464
29469
29499
29465
29470
29500
29471
29501
29467
29472
29502
49919
29468
29473
29503
29469
29474
29504
29470
29475
29505
29471
29476
29506
29477
29507
29473
29478
29508
49925
29474
29479
29509
29475
29480
29510
29476
29481
29511
29477
29482
29512
29483
29513
29479
29514
39677
49931
29480
29515
39683
29481
29516
39689
29482
29517
39695
29483
29518
39701
29519
39707
29485
29490
29520
49937
29486
29491
29521
29487
29492
29522
29488
29493
29523
29489
29494
29524
29495
29525
29491
29496
29526
49943
29492
29497
29527
29493
29498
29528
29494
29499
29529
29495
29500
29530
29501
29531
29497
29502
29532
49949
29498
29503
29533
29499
29504
29534
29500
29505
29535
29501
29506
29536
29507
29537
29503
29508
29538
49955
29504
29509
29539
29505
29510
29540
29506
29511
29541
29507
29512
29542
29513
29543
29509
29514
29544
49961
29510
29515
29545
29511
29516
29546
29512
29517
29547
29513
29518
29548
29519
29549
29515
29550
39713
49967
29516
29551
39719
29517
29552
39725
29518
29553
39731
29519
29554
39737
29555
39743
29521
29526
29556
49973
29522
29527
29557
29523
29528
29558
29524
29529
29559
29525
29530
29560
29531
29561
29527
29532
29562
49979
29528
29533
29563
29529
29534
29564
29530
29535
29565
29531
29536
29566
29537
29567
29533
29538
29568
49985
29534
29539
29569
29535
29540
29570
29536
29541
29571
29537
29542
29572
29543
29573
29539
29544
29574
49991
29540
29545
29575
29541
29546
29576
29542
29547
29577
29543
29548
29578
29549
29579
29545
29550
29580
49997
29546
29551
29581
29547
29552
29582
29548
29553
29583
29549
29554
29584
29555
29585
29551
29586
39749
50003
29552
29587
39755
29553
29588
39761
29554
29589
39767
29555
29590
39773
29591
39779
29557
29562
29592
50009
29558
29563
29593
29559
29564
29594
29560
29565
29595
29561
29566
29596
29567
29597
29563
29568
29598
50015
29564
29569
29599
29565
29570
29600
29566
29571
29601
29567
29572
29602
29573
29603
29569
29574
29604
50021
29570
29575
29605
29571
29576
29606
29572
29577
29607
29573
29578
29608
29579
29609
29575
29580
29610
50027
29576
29581
29611
29577
29582
29612
29578
29583
29613
29579
29584
29614
29585
29615
29581
29586
29616
50033
29582
29587
29617
29583
29588
29618
29584
29589
29619
29585
29590
29620
29591
29621
29587
29622
39785
50039
29588
29623
39791
29589
29624
39797
29590
29625
39803
29591
29626
39809
29627
39815
29593
29598
29628
50045
29594
29599
29629
29595
29600
29630
29596
29601
29631
29597
29602
29632
29603
29633
29599
29604
29634
50051
29600
29605
29635
29601
29606
29636
29602
29607
29637
29603
29608
29638
29609
29639
29605
29610
29640
50057
29606
29611
29641
29607
29612
29642
29608
29613
29643
29609
29614
29644
29615
29645
29611
29616
29646
50063
29612
29617
29647
29613
29618
29648
29614
29619
29649
29615
29620
29650
29621
29651
29617
29622
29652
50069
29618
29623
29653
29619
29624
29654
29620
29625
29655
29621
29626
29656
29627
29657
29623
29658
39821
50075
29624
29659
39827
29625
29660
39833
29626
29661
39839
29627
29662
39845
29663
39851
29629
29634
29664
50081
29630
29635
29665
29631
29636
29666
29632
29637
29667
29633
29638
29668
29639
29669
29635
29640
29670
50087
29636
29641
29671
29637
29642
29672
29638
29643
29673
29639
29644
29674
29645
29675
29641
29646
29676
50093
29642
29647
29677
29643
29648
29678
29644
29649
29679
29645
29650
29680
29651
29681
29647
29652
29682
50099
29648
29653
29683
29649
29654
29684
29650
29655
29685
29651
29656
29686
29657
29687
29653
29658
29688
50105
29654
29659
29689
29655
29660
29690
29656
29661
29691
29657
29662
29692
29663
29693
29659
29694
39857
50111
29660
29695
39863
29661
29696
39869
29662
29697
39875
29663
29698
39881
29699
39887
29665
29670
29700
50117
29666
29671
29701
29667
29672
29702
29668
29673
29703
29669
29674
29704
29675
29705
29671
29676
29706
50123
29672
29677
29707
29673
29678
29708
29674
29679
29709
29675
29680
29710
29681
29711
29677
29682
29712
50129
29678
29683
29713
29679
29684
29714
29680
29685
29715
29681
29686
29716
29687
29717
29683
29688
29718
50135
29684
29689
29719
29685
29690
29720
29686
29691
29721
29687
29692
29722
29693
29723
29689
29694
29724
50141
29690
29695
29725
29691
29696
29726
29692
29697
29727
29693
29698
29728
29699
29729
29695
29730
39893
50147
29696
29731
39899
29697
29732
39905
29698
29733
39911
29699
29734
39917
29735
39923
29701
29706
29736
50153
29702
29707
29737
29703
29708
29738
29704
29709
29739
29705
29710
29740
29711
29741
29707
29712
29742
50159
29708
29713
29743
29709
29714
29744
29710
29715
29745
29711
29716
29746
29717
29747
29713
29718
29748
50165
29714
29719
29749
29715
29720
29750
29716
29721
29751
29717
29722
29752
29723
29753
29719
29724
29754
50171
29720
29725
29755
29721
29726
29756
29722
29727
29757
29723
29728
29758
29729
29759
29725
29730
29760
50177
29726
29731
29761
29727
29732
29762
29728
29733
29763
29729
29734
29764
29735
29765
29731
29766
39929
50183
29732
29767
39935
29733
29768
39941
29734
29769
39947
29735
29770
39953
29771
39959
29737
29742
29772
50189
29738
29743
29773
29739
29744
29774
29740
29745
29775
29741
29746
29776
29747
29777
29743
29748
29778
50195
29744
29749
29779
29745
29750
29780
29746
29751
29781
29747
29752
29782
29753
29783
29749
29754
29784
50201
29750
29755
29785
29751
29756
29786
29752
29757
29787
29753
29758
29788
29759
29789
29755
29760
29790
50207
29756
29761
29791
29757
29762
29792
29758
29763
29793
29759
29764
29794
29765
29795
29761
29766
29796
50213
29762
29767
29797
29763
29768
29798
29764
29769
29799
29765
29770
29800
29771
29801
29767
29802
39965
50219
29768
29803
39971
29769
29804
39977
29770
29805
39983
29771
29806
39989
29807
39995
29773
29778
29808
50225
29774
29779
29809
29775
29780
29810
29776
29781
29811
29777
29782
29812
29783
29813
29779
29784
29814
50231
29780
29785
29815
29781
29786
29816
29782
29787
29817
29783
29788
29818
29789
29819
29785
29790
29820
50237
29786
29791
29821
29787
29792
29822
29788
29793
29823
29789
29794
29824
29795
29825
29791
29796
29826
50243
29792
29797
29827
29793
29798
29828
29794
29799
29829
29795
29800
29830
29801
29831
29797
29802
29832
50249
29798
29803
29833
29799
29804
29834
29800
29805
29835
29801
29806
29836
29807
29837
29803
29838
40001
50255
29804
29839
40007
29805
29840
40013
29806
29841
40019
29807
29842
40025
29843
40031
29809
29814
29844
50261
29810
29815
29845
29811
29816
29846
29812
29817
29847
29813
29818
29848
29819
29849
29815
29820
29850
50267
29816
29821
29851
29817
29822
29852
29818
29823
29853
29819
29824
29854
29825
29855
29821
29826
29856
50273
29822
29827
29857
29823
29828
29858
29824
29829
29859
29825
29830
29860
29831
29861
29827
29832
29862
50279
29828
29833
29863
29829
29834
29864
29830
29835
29865
29831
29836
29866
29837
29867
29833
29838
29868
50285
29834
29839
29869
29835
29840
29870
29836
29841
29871
29837
29842
29872
29843
29873
29839
29874
40037
50291
29840
29875
40043
29841
29876
40049
29842
29877
40055
29843
29878
40061
29879
40067
29845
29850
29880
50297
29846
29851
29881
29847
29852
29882
29848
29853
29883
29849
29854
29884
29855
29885
29851
29856
29886
50303
29852
29857
29887
29853
29858
29888
29854
29859
29889
29855
29860
29890
29861
29891
29857
29862
29892
50309
29858
29863
29893
29859
29864
29894
29860
29865
29895
29861
29866
29896
29867
29897
29863
29868
29898
50315
29864
29869
29899
29865
29870
29900
29866
29871
29901
29867
29872
29902
29873
29903
29869
29874
29904
50321
29870
29875
29905
29871
29876
29906
29872
29877
29907
29873
29878
29908
29879
29909
29875
29910
40073
50327
29876
29911
40079
29877
29912
40085
29878
29913
40091
29879
29914
40097
29915
40103
29881
29886
29916
50333
29882
29887
29917
29883
29888
29918
29884
29889
29919
29885
29890
29920
29891
29921
29887
29892
29922
50339
29888
29893
29923
29889
29894
29924
29890
29895
29925
29891
29896
29926
29897
29927
29893
29898
29928
50345
29894
29899
29929
29895
29900
29930
29896
29901
29931
29897
29902
29932
29903
29933
29899
29904
29934
50351
29900
29905
29935
29901
29906
29936
29902
29907
29937
29903
29908
29938
29909
29939
29905
29910
29940
50357
29906
29911
29941
29907
29912
29942
29908
29913
29943
29909
29914
29944
29915
29945
29911
29946
40109
50363
29912
29947
40115
29913
29948
40121
29914
29949
40127
29915
29950
40133
29951
40139
29917
29922
29952
50369
29918
29923
29953
29919
29924
29954
29920
29925
29955
29921
29926
29956
29927
29957
29923
29928
29958
50375
29924
29929
29959
29925
29930
29960
29926
29931
29961
29927
29932
29962
29933
29963
29929
29934
29964
50381
29930
29935
29965
29931
29936
29966
29932
29937
29967
29933
29938
29968
29939
29969
29935
29940
29970
50387
29936
29941
29971
29937
29942
29972
29938
29943
29973
29939
29944
29974
29945
29975
29941
29946
29976
50393
29942
29947
29977
29943
29948
29978
29944
29949
29979
29945
29950
29980
29951
29981
29947
29982
40145
50399
29948
29983
40151
29949
29984
40157
29950
29985
40163
29951
29986
40169
29987
40175
29953
29958
29988
50405
29954
29959
29989
29955
29960
29990
29956
29961
29991
29957
29962
29992
29963
29993
29959
29964
29994
50411
29960
29965
29995
29961
29966
29996
29962
29967
29997
29963
29968
29998
29969
29999
29965
29970
30000
50417
29966
29971
30001
29967
29972
30002
29968
29973
30003
29969
29974
30004
29975
30005
29971
29976
30006
50423
29972
29977
30007
29973
29978
30008
29974
29979
30009
29975
29980
30010
29981
30011
29977
29982
30012
50429
29978
29983
30013
29979
29984
30014
29980
29985
30015
29981
29986
30016
29987
30017
29983
30018
40181
50435
29984
30019
40187
29985
30020
40193
29986
30021
40199
29987
30022
40205
30023
40211
29989
29994
30024
50441
29990
29995
30025
29991
29996
30026
29992
29997
30027
29993
29998
30028
29999
30029
29995
30000
30030
50447
29996
30001
30031
29997
30002
30032
29998
30003
30033
29999
30004
30034
30005
30035
30001
30006
30036
50453
30002
30007
30037
30003
30008
30038
30004
30009
30039
30005
30010
30040
30011
30041
30007
30012
30042
50459
30008
30013
30043
30009
30014
30044
30010
30015
30045
30011
30016
30046
30017
30047
30013
30018
30048
50465
30014
30019
30049
30015
30020
30050
30016
30021
30051
30017
30022
30052
30023
30053
30019
30054
40217
50471
30020
30055
40223
30021
30056
40229
30022
30057
40235
30023
30058
40241
30059
40247
30025
30030
30060
50477
30026
30031
30061
30027
30032
30062
30028
30033
30063
30029
30034
30064
30035
30065
30031
30036
30066
50483
30032
30037
30067
30033
30038
30068
30034
30039
30069
30035
30040
30070
30041
30071
30037
30042
30072
50489
30038
30043
30073
30039
30044
30074
30040
30045
30075
30041
30046
30076
30047
30077
30043
30048
30078
50495
30044
30049
30079
30045
30050
30080
30046
30051
30081
30047
30052
30082
30053
30083
30049
30054
30084
50501
30050
30055
30085
30051
30056
30086
30052
30057
30087
30053
30058
30088
30059
30089
30055
30090
40253
50507
30056
30091
40259
30057
30092
40265
30058
30093
40271
30059
30094
40277
30095
40283
30061
30066
30096
50513
30062
30067
30097
30063
30068
30098
30064
30069
30099
30065
30070
30100
30071
30101
30067
30072
30102
50519
30068
30073
30103
30069
30074
30104
30070
30075
30105
30071
30076
30106
30077
30107
30073
30078
30108
50525
30074
30079
30109
30075
30080
30110
30076
30081
30111
30077
30082
30112
30083
30113
30079
30084
30114
50531
30080
30085
30115
30081
30086
30116
30082
30087
30117
30083
30088
30118
30089
30119
30085
30090
30120
50537
30086
30091
30121
30087
30092
30122
30088
30093
30123
30089
30094
30124
30095
30125
30091
30126
40289
50543
30092
30127
40295
30093
30128
40301
30094
30129
40307
30095
30130
40313
30131
40319
30097
30102
30132
50549
30098
30103
30133
30099
30104
30134
30100
30105
30135
30101
30106
30136
30107
30137
30103
30108
30138
50555
30104
30109
30139
30105
30110
30140
30106
30111
30141
30107
30112
30142
30113
30143
30109
30114
30144
50561
30110
30115
30145
30111
30116
30146
30112
30117
30147
30113
30118
30148
30119
30149
30115
30120
30150
50567
30116
30121
30151
30117
30122
30152
30118
30123
30153
30119
30124
30154
30125
30155
30121
30126
30156
50573
30122
30127
30157
30123
30128
30158
30124
30129
30159
30125
30130
30160
30131
30161
30127
30162
40325
50579
30128
30163
40331
30129
30164
40337
30130
30165
40343
30131
30166
40349
30167
40355
30133
30138
30168
50585
30134
30139
30169
30135
30140
30170
30136
30141
30171
30137
30142
30172
30143
30173
30139
30144
30174
50591
30140
30145
30175
30141
30146
30176
30142
30147
30177
30143
30148
30178
30149
30179
30145
30150
30180
50597
30146
30151
30181
30147
30152
30182
30148
30153
30183
30149
30154
30184
30155
30185
30151
30156
30186
50603
30152
30157
30187
30153
30158
30188
30154
30159
30189
30155
30160
30190
30161
30191
30157
30162
30192
50609
30158
30163
30193
30159
30164
30194
30160
30165
30195
30161
30166
30196
30167
30197
30163
30198
40361
50615
30164
30199
40367
30165
30200
40373
30166
30201
40379
30167
30202
40385
30203
40391
30169
30174
30204
50621
30170
30175
30205
30171
30176
30206
30172
30177
30207
30173
30178
30208
30179
30209
30175
30180
30210
50627
30176
30181
30211
30177
30182
30212
30178
30183
30213
30179
30184
30214
30185
30215
30181
30186
30216
50633
30182
30187
30217
30183
30188
30218
30184
30189
30219
30185
30190
30220
30191
30221
30187
30192
30222
50639
30188
30193
30223
30189
30194
30224
30190
30195
30225
30191
30196
30226
30197
30227
30193
30198
30228
50645
30194
30199
30229
30195
30200
30230
30196
30201
30231
30197
30202
30232
30203
30233
30199
30234
40397
50651
30200
30235
40403
30201
30236
40409
30202
30237
40415
30203
30238
40421
30239
40427
30205
30210
30240
50657
30206
30211
30241
30207
30212
30242
30208
30213
30243
30209
30214
30244
30215
30245
30211
30216
30246
50663
30212
30217
30247
30213
30218
30248
30214
30219
30249
30215
30220
30250
30221
30251
30217
30222
30252
50669
30218
30223
30253
30219
30224
30254
30220
30225
30255
30221
30226
30256
30227
30257
30223
30228
30258
50675
30224
30229
30259
30225
30230
30260
30226
30231
30261
30227
30232
30262
30233
30263
30229
30234
30264
50681
30230
30235
30265
30231
30236
30266
30232
30237
30267
30233
30238
30268
30239
30269
30235
30270
40433
50687
30236
30271
40439
30237
30272
40445
30238
30273
40451
30239
30274
40457
30275
40463
30241
30246
30276
50693
30242
30247
30277
30243
30248
30278
30244
30249
30279
30245
30250
30280
30251
30281
30247
30252
30282
50699
30248
30253
30283
30249
30254
30284
30250
30255
30285
30251
30256
30286
30257
30287
30253
30258
30288
50705
30254
30259
30289
30255
30260
30290
30256
30261
30291
30257
30262
30292
30263
30293
30259
30264
30294
50711
30260
30265
30295
30261
30266
30296
30262
30267
30297
30263
30268
30298
30269
30299
30265
30270
30300
50717
30266
30271
30301
30267
30272
30302
30268
30273
30303
30269
30274
30304
30275
30305
30271
30306
40469
50723
30272
30307
40475
30273
30308
40481
30274
30309
40487
30275
30310
40493
30311
40499
30277
30282
30312
50729
30278
30283
30313
30279
30284
30314
30280
30285
30315
30281
30286
30316
30287
30317
30283
30288
30318
50735
30284
30289
30319
30285
30290
30320
30286
30291
30321
30287
30292
30322
30293
30323
30289
30294
30324
50741
30290
30295
30325
30291
30296
30326
30292
30297
30327
30293
30298
30328
30299
30329
30295
30300
30330
50747
30296
30301
30331
30297
30302
30332
30298
30303
30333
30299
30304
30334
30305
30335
30301
30306
30336
50753
30302
30307
30337
30303
30308
30338
30304
30309
30339
30305
30310
30340
30311
30341
30307
30342
40505
50759
30308
30343
40511
30309
30344
40517
30310
30345
40523
30311
30346
40529
30347
40535
30313
30318
30348
50765
30314
30319
30349
30315
30320
30350
30316
30321
30351
30317
30322
30352
30323
30353
30319
30324
30354
50771
30320
30325
30355
30321
30326
30356
30322
30327
30357
30323
30328
30358
30329
30359
30325
30330
30360
50777
30326
30331
30361
30327
30332
30362
30328
30333
30363
30329
30334
30364
30335
30365
30331
30336
30366
50783
30332
30337
30367
30333
30338
30368
30334
30339
30369
30335
30340
30370
30341
30371
30337
30342
30372
50789
30338
30343
30373
30339
30344
30374
30340
30345
30375
30341
30346
30376
30347
30377
30343
30378
40541
50795
30344
30379
40547
30345
30380
40553
30346
30381
40559
30347
30382
40565
30383
40571
30349
30354
30384
50801
30350
30355
30385
30351
30356
30386
30352
30357
30387
30353
30358
30388
30359
30389
30355
30360
30390
50807
30356
30361
30391
30357
30362
30392
30358
30363
30393
30359
30364
30394
30365
30395
30361
30366
30396
50813
30362
30367
30397
30363
30368
30398
30364
30369
30399
30365
30370
30400
30371
30401
30367
30372
30402
50819
30368
30373
30403
30369
30374
30404
30370
30375
30405
30371
30376
30406
30377
30407
30373
30378
30408
50825
30374
30379
30409
30375
30380
30410
30376
30381
30411
30377
30382
30412
30383
30413
30379
30414
40577
50831
30380
30415
40583
30381
30416
40589
30382
30417
40595
30383
30418
40601
30419
40607
30385
30390
30420
50837
30386
30391
30421
30387
30392
30422
30388
30393
30423
30389
30394
30424
30395
30425
30391
30396
30426
50843
30392
30397
30427
30393
30398
30428
30394
30399
30429
30395
30400
30430
30401
30431
30397
30402
30432
50849
30398
30403
30433
30399
30404
30434
30400
30405
30435
30401
30406
30436
30407
30437
30403
30408
30438
50855
30404
30409
30439
30405
30410
30440
30406
30411
30441
30407
30412
30442
30413
30443
30409
30414
30444
50861
30410
30415
30445
30411
30416
30446
30412
30417
30447
30413
30418
30448
30419
30449
30415
30450
40613
50867
30416
30451
40619
30417
30452
40625
30418
30453
40631
30419
30454
40637
30455
40643
30421
30426
30456
50873
30422
30427
30457
30423
30428
30458
30424
30429
30459
30425
30430
30460
30431
30461
30427
30432
30462
50879
30428
30433
30463
30429
30434
30464
30430
30435
30465
30431
30436
30466
30437
30467
30433
30438
30468
50885
30434
30439
30469
30435
30440
30470
30436
30441
30471
30437
30442
30472
30443
30473
30439
30444
30474
50891
30440
30445
30475
30441
30446
30476
30442
30447
30477
30443
30448
30478
30449
30479
30445
30450
30480
50897
30446
30451
30481
30447
30452
30482
30448
30453
30483
30449
30454
30484
30455
30485
30451
30486
40649
50903
30452
30487
40655
30453
30488
40661
30454
30489
40667
30455
30490
40673
30491
40679
30457
30462
30492
50909
30458
30463
30493
30459
30464
30494
30460
30465
30495
30461
30466
30496
30467
30497
30463
30468
30498
50915
30464
30469
30499
30465
30470
30500
30466
30471
30501
30467
30472
30502
30473
30503
30469
30474
30504
50921
30470
30475
30505
30471
30476
30506
30472
30477
30507
30473
30478
30508
30479
30509
30475
30480
30510
50927
30476
30481
30511
30477
30482
30512
30478
30483
30513
30479
30484
30514
30485
30515
30481
30486
30516
50933
30482
30487
30517
30483
30488
30518
30484
30489
30519
30485
30490
30520
30491
30521
30487
30522
40685
50939
30488
30523
40691
30489
30524
40697
30490
30525
40703
30491
30526
40709
30527
40715
30493
30498
30528
50945
30494
30499
30529
30495
30500
30530
30496
30501
30531
30497
30502
30532
30503
30533
30499
30504
30534
50951
30500
30505
30535
30501
30506
30536
30502
30507
30537
30503
30508
30538
30509
30539
30505
30510
30540
50957
30506
30511
30541
30507
30512
30542
30508
30513
30543
30509
30514
30544
30515
30545
30511
30516
30546
50963
30512
30517
30547
30513
30518
30548
30514
30519
30549
30515
30520
30550
30521
30551
30517
30522
30552
50969
30518
30523
30553
30519
30524
30554
30520
30525
30555
30521
30526
30556
30527
30557
30523
30558
40721
50975
30524
30559
40727
30525
30560
40733
30526
30561
40739
30527
30562
40745
30563
40751
30529
30534
30564
50981
30530
30535
30565
30531
30536
30566
30532
30537
30567
30533
30538
30568
30539
30569
30535
30540
30570
50987
30536
30541
30571
30537
30542
30572
30538
30543
30573
30539
30544
30574
30545
30575
30541
30546
30576
50993
30542
30547
30577
30543
30548
30578
30544
30549
30579
30545
30550
30580
30551
30581
30547
30552
30582
50999
30548
30553
30583
30549
30554
30584
30550
30555
30585
30551
30556
30586
30557
30587
30553
30558
30588
51005
30554
30559
30589
30555
30560
30590
30556
30561
30591
30557
30562
30592
30563
30593
30559
30594
40757
51011
30560
30595
40763
30561
30596
40769
30562
30597
40775
30563
30598
40781
30599
40787
30565
30570
30600
51017
30566
30571
30601
30567
30572
30602
30568
30573
30603
30569
30574
30604
30575
30605
30571
30576
30606
51023
30572
30577
30607
30573
30578
30608
30574
30579
30609
30575
30580
30610
30581
30611
30577
30582
30612
51029
30578
30583
30613
30579
30584
30614
30580
30585
30615
30581
30586
30616
30587
30617
30583
30588
30618
51035
30584
30589
30619
30585
30590
30620
30586
30591
30621
30587
30592
30622
30593
30623
30589
30594
30624
51041
30590
30595
30625
30591
30596
30626
30592
30597
30627
30593
30598
30628
30599
30629
30595
30630
40793
51047
30596
30631
40799
30597
30632
40805
30598
30633
40811
30599
30634
40817
30635
40823
30601
30606
30636
51053
30602
30607
30637
30603
30608
30638
30604
30609
30639
30605
30610
30640
30611
30641
30607
30612
30642
51059
30608
30613
30643
30609
30614
30644
30610
30615
30645
30611
30616
30646
30617
30647
30613
30618
30648
51065
30614
30619
30649
30615
30620
30650
30616
30621
30651
30617
30622
30652
30623
30653
30619
30624
30654
51071
30620
30625
30655
30621
30626
30656
30622
30627
30657
30623
30628
30658
30629
30659
30625
30630
30660
51077
30626
30631
30661
30627
30632
30662
30628
30633
30663
30629
30634
30664
30635
30665
30631
30666
40829
51083
30632
30667
40835
30633
30668
40841
30634
30669
40847
30635
30670
40853
30671
40859
30637
30642
51089
30638
30643
30639
30644
30640
30645
30641
30646
30647
30643
30648
51095
30644
30649
30645
30650
30646
30651
30647
30652
30653
30649
30654
51101
30650
30655
30651
30656
30652
30657
30653
30658
30659
30655
30660
51107
30656
30661
30657
30662
30658
30663
30659
30664
30665
30661
30666
51113
30662
30667
30663
30668
30664
30669
30665
30670
30671
30667
40865
51119
30668
40871
30669
40877
30670
40883
30671
40889
40895
30673
30678
30708
40926
30674
30679
30709
40927
30675
30680
30710
40928
30676
30681
30711
40929
30677
30682
30712
40930
30683
30713
40931
30679
30684
30714
30680
30685
30715
30681
30686
30716
30682
30687
30717
30683
30688
30718
30689
30719
30685
30690
30720
30686
30691
30721
30687
30692
30722
30688
30693
30723
30689
30694
30724
30695
30725
30691
30696
30726
30692
30697
30727
30693
30698
30728
30694
30699
30729
30695
30700
30730
30701
30731
30697
30702
30732
30698
30703
30733
30699
30704
30734
30700
30705
30735
30701
30706
30736
30707
30737
30703
30738
30704
30739
30705
30740
30706
30741
30707
30742
30743
30709
30714
30744
40962
30710
30715
30745
40963
30711
30716
30746
40964
30712
30717
30747
40965
30713
30718
30748
40966
30719
30749
40967
30715
30720
30750
30716
30721
30751
30717
30722
30752
30718
30723
30753
30719
30724
30754
30725
30755
30721
30726
30756
30722
30727
30757
30723
30728
30758
30724
30729
30759
30725
30730
30760
30731
30761
30727
30732
30762
30728
30733
30763
30729
30734
30764
30730
30735
30765
30731
30736
30766
30737
30767
30733
30738
30768
30734
30739
30769
30735
30740
30770
30736
30741
30771
30737
30742
30772
30743
30773
30739
30774
30740
30775
30741
30776
30742
30777
30743
30778
30779
30745
30750
30780
40998
30746
30751
30781
40999
30747
30752
30782
41000
30748
30753
30783
41001
30749
30754
30784
41002
30755
30785
41003
30751
30756
30786
30752
30757
30787
30753
30758
30788
30754
30759
30789
30755
30760
30790
30761
30791
30757
30762
30792
30758
30763
30793
30759
30764
30794
30760
30765
30795
30761
30766
30796
30767
30797
30763
30768
30798
30764
30769
30799
30765
30770
30800
30766
30771
30801
30767
30772
30802
30773
30803
30769
30774
30804
30770
30775
30805
30771
30776
30806
30772
30777
30807
30773
30778
30808
30779
30809
30775
30810
30776
30811
30777
30812
30778
30813
30779
30814
30815
30781
30786
30816
41034
30782
30787
30817
41035
30783
30788
30818
41036
30784
30789
30819
41037
30785
30790
30820
41038
30791
30821
41039
30787
30792
30822
30788
30793
30823
30789
30794
30824
30790
30795
30825
30791
30796
30826
30797
30827
30793
30798
30828
30794
30799
30829
30795
30800
30830
30796
30801
30831
30797
30802
30832
30803
30833
30799
30804
30834
30800
30805
30835
30801
30806
30836
30802
30807
30837
30803
30808
30838
30809
30839
30805
30810
30840
30806
30811
30841
30807
30812
30842
30808
30813
30843
30809
30814
30844
30815
30845
30811
30846
30812
30847
30813
30848
30814
30849
30815
30850
30851
30817
30822
30852
41070
30818
30823
30853
41071
30819
30824
30854
41072
30820
30825
30855
41073
30821
30826
30856
41074
30827
30857
41075
30823
30828
30858
30824
30829
30859
30825
30830
30860
30826
30831
30861
30827
30832
30862
30833
30863
30829
30834
30864
30830
30835
30865
30831
30836
30866
30832
30837
30867
30833
30838
30868
30839
30869
30835
30840
30870
30836
30841
30871
30837
30842
30872
30838
30843
30873
30839
30844
30874
30845
30875
30841
30846
30876
30842
30847
30877
30843
30848
30878
30844
30849
30879
30845
30850
30880
30851
30881
30847
30882
30848
30883
30849
30884
30850
30885
30851
30886
30887
30853
30858
30888
41106
30854
30859
30889
41107
30855
30860
30890
41108
30856
30861
30891
41109
30857
30862
30892
41110
30863
30893
41111
30859
30864
30894
30860
30865
30895
30861
30866
30896
30862
30867
30897
30863
30868
30898
30869
30899
30865
30870
30900
30866
30871
30901
30867
30872
30902
30868
30873
30903
30869
30874
30904
30875
30905
30871
30876
30906
30872
30877
30907
30873
30878
30908
30874
30879
30909
30875
30880
30910
30881
30911
30877
30882
30912
30878
30883
30913
30879
30884
30914
30880
30885
30915
30881
30886
30916
30887
30917
30883
30918
30884
30919
30885
30920
30886
30921
30887
30922
30923
30889
30894
30924
41142
30890
30895
30925
41143
30891
30896
30926
41144
30892
30897
30927
41145
30893
30898
30928
41146
30899
30929
41147
30895
30900
30930
30896
30901
30931
30897
30902
30932
30898
30903
30933
30899
30904
30934
30905
30935
30901
30906
30936
30902
30907
30937
30903
30908
30938
30904
30909
30939
30905
30910
30940
30911
30941
30907
30912
30942
30908
30913
30943
30909
30914
30944
30910
30915
30945
30911
30916
30946
30917
30947
30913
30918
30948
30914
30919
30949
30915
30920
30950
30916
30921
30951
30917
30922
30952
30923
30953
30919
30954
30920
30955
30921
30956
30922
30957
30923
30958
30959
30925
30930
30960
41178
30926
30931
30961
41179
30927
30932
30962
41180
30928
30933
30963
41181
30929
30934
30964
41182
30935
30965
41183
30931
30936
30966
30932
30937
30967
30933
30938
30968
30934
30939
30969
30935
30940
30970
30941
30971
30937
30942
30972
30938
30943
30973
30939
30944
30974
30940
30945
30975
30941
30946
30976
30947
30977
30943
30948
30978
30944
30949
30979
30945
30950
30980
30946
30951
30981
30947
30952
30982
30953
30983
30949
30954
30984
30950
30955
30985
30951
30956
30986
30952
30957
30987
30953
30958
30988
30959
30989
30955
30990
30956
30991
30957
30992
30958
30993
30959
30994
30995
30961
30966
30996
41214
30962
30967
30997
41215
30963
30968
30998
41216
30964
30969
30999
41217
30965
30970
31000
41218
30971
31001
41219
30967
30972
31002
30968
30973
31003
30969
30974
31004
30970
30975
31005
30971
30976
31006
30977
31007
30973
30978
31008
30974
30979
31009
30975
30980
31010
30976
30981
31011
30977
30982
31012
30983
31013
30979
30984
31014
30980
30985
31015
30981
30986
31016
30982
30987
31017
30983
30988
31018
30989
31019
30985
30990
31020
30986
30991
31021
30987
30992
31022
30988
30993
31023
30989
30994
31024
30995
31025
30991
31026
30992
31027
30993
31028
30994
31029
30995
31030
31031
30997
31002
31032
41250
30998
31003
31033
41251
30999
31004
31034
41252
31000
31005
31035
41253
31001
31006
31036
41254
31007
31037
41255
31003
31008
31038
31004
31009
31039
31005
31010
31040
31006
31011
31041
31007
31012
31042
31013
31043
31009
31014
31044
31010
31015
31045
31011
31016
31046
31012
31017
31047
31013
31018
31048
31019
31049
31015
31020
31050
31016
31021
31051
31017
31022
31052
31018
31023
31053
31019
31024
31054
31025
31055
31021
31026
31056
31022
31027
31057
31023
31028
31058
31024
31029
31059
31025
31030
31060
31031
31061
31027
31062
31028
31063
31029
31064
31030
31065
31031
31066
31067
31033
31038
31068
41286
31034
31039
31069
41287
31035
31040
31070
41288
31036
31041
31071
41289
31037
31042
31072
41290
31043
31073
41291
31039
31044
31074
31040
31045
31075
31041
31046
31076
31042
31047
31077
31043
31048
31078
31049
31079
31045
31050
31080
31046
31051
31081
31047
31052
31082
31048
31053
31083
31049
31054
31084
31055
31085
31051
31056
31086
31052
31057
31087
31053
31058
31088
31054
31059
31089
31055
31060
31090
31061
31091
31057
31062
31092
31058
31063
31093
31059
31064
31094
31060
31065
31095
31061
31066
31096
31067
31097
31063
31098
31064
31099
31065
31100
31066
31101
31067
31102
31103
31069
31074
31104
41322
31070
31075
31105
41323
31071
31076
31106
41324
31072
31077
31107
41325
31073
31078
31108
41326
31079
31109
41327
31075
31080
31110
31076
31081
31111
31077
31082
31112
31078
31083
31113
31079
31084
31114
31085
31115
31081
31086
31116
31082
31087
31117
31083
31088
31118
31084
31089
31119
31085
31090
31120
31091
31121
31087
31092
31122
31088
31093
31123
31089
31094
31124
31090
31095
31125
31091
31096
31126
31097
31127
31093
31098
31128
31094
31099
31129
31095
31100
31130
31096
31101
31131
31097
31102
31132
31103
31133
31099
31134
31100
31135
31101
31136
31102
31137
31103
31138
31139
31105
31110
31140
41358
31106
31111
31141
41359
31107
31112
31142
41360
31108
31113
31143
41361
31109
31114
31144
41362
31115
31145
41363
31111
31116
31146
31112
31117
31147
31113
31118
31148
31114
31119
31149
31115
31120
31150
31121
31151
31117
31122
31152
31118
31123
31153
31119
31124
31154
31120
31125
31155
31121
31126
31156
31127
31157
31123
31128
31158
31124
31129
31159
31125
31130
31160
31126
31131
31161
31127
31132
31162
31133
31163
31129
31134
31164
31130
31135
31165
31131
31136
31166
31132
31137
31167
31133
31138
31168
31139
31169
31135
31170
31136
31171
31137
31172
31138
31173
31139
31174
31175
31141
31146
31176
41394
31142
31147
31177
41395
31143
31148
31178
41396
31144
31149
31179
41397
31145
31150
31180
41398
31151
31181
41399
31147
31152
31182
31148
31153
31183
31149
31154
31184
31150
31155
31185
31151
31156
31186
31157
31187
31153
31158
31188
31154
31159
31189
31155
31160
31190
31156
31161
31191
31157
31162
31192
31163
31193
31159
31164
31194
31160
31165
31195
31161
31166
31196
31162
31167
31197
31163
31168
31198
31169
31199
31165
31170
31200
31166
31171
31201
31167
31172
31202
31168
31173
31203
31169
31174
31204
31175
31205
31171
31206
31172
31207
31173
31208
31174
31209
31175
31210
31211
31177
31182
31212
41430
31178
31183
31213
41431
31179
31184
31214
41432
31180
31185
31215
41433
31181
31186
31216
41434
31187
31217
41435
31183
31188
31218
31184
31189
31219
31185
31190
31220
31186
31191
31221
31187
31192
31222
31193
31223
31189
31194
31224
31190
31195
31225
31191
31196
31226
31192
31197
31227
31193
31198
31228
31199
31229
31195
31200
31230
31196
31201
31231
31197
31202
31232
31198
31203
31233
31199
31204
31234
31205
31235
31201
31206
31236
31202
31207
31237
31203
31208
31238
31204
31209
31239
31205
31210
31240
31211
31241
31207
31242
31208
31243
31209
31244
31210
31245
31211
31246
31247
31213
31218
31248
41466
31214
31219
31249
41467
31215
31220
31250
41468
31216
31221
31251
41469
31217
31222
31252
41470
31223
31253
41471
31219
31224
31254
31220
31225
31255
31221
31226
31256
31222
31227
31257
31223
31228
31258
31229
31259
31225
31230
31260
31226
31231
31261
31227
31232
31262
31228
31233
31263
31229
31234
31264
31235
31265
31231
31236
31266
31232
31237
31267
31233
31238
31268
31234
31239
31269
31235
31240
31270
31241
31271
31237
31242
31272
31238
31243
31273
31239
31244
31274
31240
31245
31275
31241
31246
31276
31247
31277
31243
31278
31244
31279
31245
31280
31246
31281
31247
31282
31283
31249
31254
31284
41502
31250
31255
31285
41503
31251
31256
31286
41504
31252
31257
31287
41505
31253
31258
31288
41506
31259
31289
41507
31255
31260
31290
31256
31261
31291
31257
31262
31292
31258
31263
31293
31259
31264
31294
31265
31295
31261
31266
31296
31262
31267
31297
31263
31268
31298
31264
31269
31299
31265
31270
31300
31271
31301
31267
31272
31302
31268
31273
31303
31269
31274
31304
31270
31275
31305
31271
31276
31306
31277
31307
31273
31278
31308
31274
31279
31309
31275
31280
31310
31276
31281
31311
31277
31282
31312
31283
31313
31279
31314
31280
31315
31281
31316
31282
31317
31283
31318
31319
31285
31290
31320
41538
31286
31291
31321
41539
31287
31292
31322
41540
31288
31293
31323
41541
31289
31294
31324
41542
31295
31325
41543
31291
31296
31326
31292
31297
31327
31293
31298
31328
31294
31299
31329
31295
31300
31330
31301
31331
31297
31302
31332
31298
31303
31333
31299
31304
31334
31300
31305
31335
31301
31306
31336
31307
31337
31303
31308
31338
31304
31309
31339
31305
31310
31340
31306
31311
31341
31307
31312
31342
31313
31343
31309
31314
31344
31310
31315
31345
31311
31316
31346
31312
31317
31347
31313
31318
31348
31319
31349
31315
31350
31316
31351
31317
31352
31318
31353
31319
31354
31355
31321
31326
31356
41574
31322
31327
31357
41575
31323
31328
31358
41576
31324
31329
31359
41577
31325
31330
31360
41578
31331
31361
41579
31327
31332
31362
31328
31333
31363
31329
31334
31364
31330
31335
31365
31331
31336
31366
31337
31367
31333
31338
31368
31334
31339
31369
31335
31340
31370
31336
31341
31371
31337
31342
31372
31343
31373
31339
31344
31374
31340
31345
31375
31341
31346
31376
31342
31347
31377
31343
31348
31378
31349
31379
31345
31350
31380
31346
31351
31381
31347
31352
31382
31348
31353
31383
31349
31354
31384
31355
31385
31351
31386
31352
31387
31353
31388
31354
31389
31355
31390
31391
31357
31362
31392
41610
31358
31363
31393
41611
31359
31364
31394
41612
31360
31365
31395
41613
31361
31366
31396
41614
31367
31397
41615
31363
31368
31398
31364
31369
31399
31365
31370
31400
31366
31371
31401
31367
31372
31402
31373
31403
31369
31374
31404
31370
31375
31405
31371
31376
31406
31372
31377
31407
31373
31378
31408
31379
31409
31375
31380
31410
31376
31381
31411
31377
31382
31412
31378
31383
31413
31379
31384
31414
31385
31415
31381
31386
31416
31382
31387
31417
31383
31388
31418
31384
31389
31419
31385
31390
31420
31391
31421
31387
31422
31388
31423
31389
31424
31390
31425
31391
31426
31427
31393
31398
31428
41646
31394
31399
31429
41647
31395
31400
31430
41648
31396
31401
31431
41649
31397
31402
31432
41650
31403
31433
41651
31399
31404
31434
31400
31405
31435
31401
31406
31436
31402
31407
31437
31403
31408
31438
31409
31439
31405
31410
31440
31406
31411
31441
31407
31412
31442
31408
31413
31443
31409
31414
31444
31415
31445
31411
31416
31446
31412
31417
31447
31413
31418
31448
31414
31419
31449
31415
31420
31450
31421
31451
31417
31422
31452
31418
31423
31453
31419
31424
31454
31420
31425
31455
31421
31426
31456
31427
31457
31423
31458
31424
31459
31425
31460
31426
31461
31427
31462
31463
31429
31434
31464
41682
31430
31435
31465
41683
31431
31436
31466
41684
31432
31437
31467
41685
31433
31438
31468
41686
31439
31469
41687
31435
31440
31470
31436
31441
31471
31437
31442
31472
31438
31443
31473
31439
31444
31474
31445
31475
31441
31446
31476
31442
31447
31477
31443
31448
31478
31444
31449
31479
31445
31450
31480
31451
31481
31447
31452
31482
31448
31453
31483
31449
31454
31484
31450
31455
31485
31451
31456
31486
31457
31487
31453
31458
31488
31454
31459
31489
31455
31460
31490
31456
31461
31491
31457
31462
31492
31463
31493
31459
31494
31460
31495
31461
31496
31462
31497
31463
31498
31499
31465
31470
31500
41718
31466
31471
31501
41719
31467
31472
31502
41720
31468
31473
31503
41721
31469
31474
31504
41722
31475
31505
41723
31471
31476
31506
31472
31477
31507
31473
31478
31508
31474
31479
31509
31475
31480
31510
31481
31511
31477
31482
31512
31478
31483
31513
31479
31484
31514
31480
31485
31515
31481
31486
31516
31487
31517
31483
31488
31518
31484
31489
31519
31485
31490
31520
31486
31491
31521
31487
31492
31522
31493
31523
31489
31494
31524
31490
31495
31525
31491
31496
31526
31492
31497
31527
31493
31498
31528
31499
31529
31495
31530
31496
31531
31497
31532
31498
31533
31499
31534
31535
31501
31506
31536
41754
31502
31507
31537
41755
31503
31508
31538
41756
31504
31509
31539
41757
31505
31510
31540
41758
31511
31541
41759
31507
31512
31542
31508
31513
31543
31509
31514
31544
31510
31515
31545
31511
31516
31546
31517
31547
31513
31518
31548
31514
31519
31549
31515
31520
31550
31516
31521
31551
31517
31522
31552
31523
31553
31519
31524
31554
31520
31525
31555
31521
31526
31556
31522
31527
31557
31523
31528
31558
31529
31559
31525
31530
31560
31526
31531
31561
31527
31532
31562
31528
31533
31563
31529
31534
31564
31535
31565
31531
31566
31532
31567
31533
31568
31534
31569
31535
31570
31571
31537
31542
31572
41790
31538
31543
31573
41791
31539
31544
31574
41792
31540
31545
31575
41793
31541
31546
31576
41794
31547
31577
41795
31543
31548
31578
31544
31549
31579
31545
31550
31580
31546
31551
31581
31547
31552
31582
31553
31583
31549
31554
31584
31550
31555
31585
31551
31556
31586
31552
31557
31587
31553
31558
31588
31559
31589
31555
31560
31590
31556
31561
31591
31557
31562
31592
31558
31563
31593
31559
31564
31594
31565
31595
31561
31566
31596
31562
31567
31597
31563
31568
31598
31564
31569
31599
31565
31570
31600
31571
31601
31567
31602
31568
31603
31569
31604
31570
31605
31571
31606
31607
31573
31578
31608
41826
31574
31579
31609
41827
31575
31580
31610
41828
31576
31581
31611
41829
31577
31582
31612
41830
31583
31613
41831
31579
31584
31614
31580
31585
31615
31581
31586
31616
31582
31587
31617
31583
31588
31618
31589
31619
31585
31590
31620
31586
31591
31621
31587
31592
31622
31588
31593
31623
31589
31594
31624
31595
31625
31591
31596
31626
31592
31597
31627
31593
31598
31628
31594
31599
31629
31595
31600
31630
31601
31631
31597
31602
31632
31598
31603
31633
31599
31604
31634
31600
31605
31635
31601
31606
31636
31607
31637
31603
31638
31604
31639
31605
31640
31606
31641
31607
31642
31643
31609
31614
31644
41862
31610
31615
31645
41863
31611
31616
31646
41864
31612
31617
31647
41865
31613
31618
31648
41866
31619
31649
41867
31615
31620
31650
31616
31621
31651
31617
31622
31652
31618
31623
31653
31619
31624
31654
31625
31655
31621
31626
31656
31622
31627
31657
31623
31628
31658
31624
31629
31659
31625
31630
31660
31631
31661
31627
31632
31662
31628
31633
31663
31629
31634
31664
31630
31635
31665
31631
31636
31666
31637
31667
31633
31638
31668
31634
31639
31669
31635
31640
31670
31636
31641
31671
31637
31642
31672
31643
31673
31639
31674
31640
31675
31641
31676
31642
31677
31643
31678
31679
31645
31650
31680
41898
31646
31651
31681
41899
31647
31652
31682
41900
31648
31653
31683
41901
31649
31654
31684
41902
31655
31685
41903
31651
31656
31686
31652
31657
31687
31653
31658
31688
31654
31659
31689
31655
31660
31690
31661
31691
31657
31662
31692
31658
31663
31693
31659
31664
31694
31660
31665
31695
31661
31666
31696
31667
31697
31663
31668
31698
31664
31669
31699
31665
31670
31700
31666
31671
31701
31667
31672
31702
31673
31703
31669
31674
31704
31670
31675
31705
31671
31676
31706
31672
31677
31707
31673
31678
31708
31679
31709
31675
31710
31676
31711
31677
31712
31678
31713
31679
31714
31715
31681
31686
31716
41934
31682
31687
31717
41935
31683
31688
31718
41936
31684
31689
31719
41937
31685
31690
31720
41938
31691
31721
41939
31687
31692
31722
31688
31693
31723
31689
31694
31724
31690
31695
31725
31691
31696
31726
31697
31727
31693
31698
31728
31694
31699
31729
31695
31700
31730
31696
31701
31731
31697
31702
31732
31703
31733
31699
31704
31734
31700
31705
31735
31701
31706
31736
31702
31707
31737
31703
31708
31738
31709
31739
31705
31710
31740
31706
31711
31741
31707
31712
31742
31708
31713
31743
31709
31714
31744
31715
31745
31711
31746
31712
31747
31713
31748
31714
31749
31715
31750
31751
31717
31722
31752
41970
31718
31723
31753
41971
31719
31724
31754
41972
31720
31725
31755
41973
31721
31726
31756
41974
31727
31757
41975
31723
31728
31758
31724
31729
31759
31725
31730
31760
31726
31731
31761
31727
31732
31762
31733
31763
31729
31734
31764
31730
31735
31765
31731
31736
31766
31732
31737
31767
31733
31738
31768
31739
31769
31735
31740
31770
31736
31741
31771
31737
31742
31772
31738
31743
31773
31739
31744
31774
31745
31775
31741
31746
31776
31742
31747
31777
31743
31748
31778
31744
31749
31779
31745
31750
31780
31751
31781
31747
31782
31748
31783
31749
31784
31750
31785
31751
31786
31787
31753
31758
31788
42006
31754
31759
31789
42007
31755
31760
31790
42008
31756
31761
31791
42009
31757
31762
31792
42010
31763
31793
42011
31759
31764
31794
31760
31765
31795
31761
31766
31796
31762
31767
31797
31763
31768
31798
31769
31799
31765
31770
31800
31766
31771
31801
31767
31772
31802
31768
31773
31803
31769
31774
31804
31775
31805
31771
31776
31806
31772
31777
31807
31773
31778
31808
31774
31779
31809
31775
31780
31810
31781
31811
31777
31782
31812
31778
31783
31813
31779
31784
31814
31780
31785
31815
31781
31786
31816
31787
31817
31783
31818
31784
31819
31785
31820
31786
31821
31787
31822
31823
31789
31794
31824
42042
31790
31795
31825
42043
31791
31796
31826
42044
31792
31797
31827
42045
31793
31798
31828
42046
31799
31829
42047
31795
31800
31830
31796
31801
31831
31797
31802
31832
31798
31803
31833
31799
31804
31834
31805
31835
31801
31806
31836
31802
31807
31837
31803
31808
31838
31804
31809
31839
31805
31810
31840
31811
31841
31807
31812
31842
31808
31813
31843
31809
31814
31844
31810
31815
31845
31811
31816
31846
31817
31847
31813
31818
31848
31814
31819
31849
31815
31820
31850
31816
31821
31851
31817
31822
31852
31823
31853
31819
31854
31820
31855
31821
31856
31822
31857
31823
31858
31859
31825
31830
31860
42078
31826
31831
31861
42079
31827
31832
31862
42080
31828
31833
31863
42081
31829
31834
31864
42082
31835
31865
42083
31831
31836
31866
31832
31837
31867
31833
31838
31868
31834
31839
31869
31835
31840
31870
31841
31871
31837
31842
31872
31838
31843
31873
31839
31844
31874
31840
31845
31875
31841
31846
31876
31847
31877
31843
31848
31878
31844
31849
31879
31845
31850
31880
31846
31851
31881
31847
31852
31882
31853
31883
31849
31854
31884
31850
31855
31885
31851
31856
31886
31852
31857
31887
31853
31858
31888
31859
31889
31855
31890
31856
31891
31857
31892
31858
31893
31859
31894
31895
31861
31866
31896
42114
31862
31867
31897
42115
31863
31868
31898
42116
31864
31869
31899
42117
31865
31870
31900
42118
31871
31901
42119
31867
31872
31902
31868
31873
31903
31869
31874
31904
31870
31875
31905
31871
31876
31906
31877
31907
31873
31878
31908
31874
31879
31909
31875
31880
31910
31876
31881
31911
31877
31882
31912
31883
31913
31879
31884
31914
31880
31885
31915
31881
31886
31916
31882
31887
31917
31883
31888
31918
31889
31919
31885
31890
31920
31886
31891
31921
31887
31892
31922
31888
31893
31923
31889
31894
31924
31895
31925
31891
31926
31892
31927
31893
31928
31894
31929
31895
31930
31931
31897
31902
31932
42150
31898
31903
31933
42151
31899
31904
31934
42152
31900
31905
31935
42153
31901
31906
31936
42154
31907
31937
42155
31903
31908
31938
31904
31909
31939
31905
31910
31940
31906
31911
31941
31907
31912
31942
31913
31943
31909
31914
31944
31910
31915
31945
31911
31916
31946
31912
31917
31947
31913
31918
31948
31919
31949
31915
31920
31950
31916
31921
31951
31917
31922
31952
31918
31923
31953
31919
31924
31954
31925
31955
31921
31926
31956
31922
31927
31957
31923
31928
31958
31924
31929
31959
31925
31930
31960
31931
31961
31927
31962
31928
31963
31929
31964
31930
31965
31931
31966
31967
31933
31938
31968
42186
31934
31939
31969
42187
31935
31940
31970
42188
31936
31941
31971
42189
31937
31942
31972
42190
31943
31973
42191
31939
31944
31974
31940
31945
31975
31941
31946
31976
31942
31947
31977
31943
31948
31978
31949
31979
31945
31950
31980
31946
31951
31981
31947
31952
31982
31948
31953
31983
31949
31954
31984
31955
31985
31951
31956
31986
31952
31957
31987
31953
31958
31988
31954
31959
31989
31955
31960
31990
31961
31991
31957
31962
31992
31958
31963
31993
31959
31964
31994
31960
31965
31995
31961
31966
31996
31967
31997
31963
31998
31964
31999
31965
32000
31966
32001
31967
32002
32003
31969
31974
32004
42222
31970
31975
32005
42223
31971
31976
32006
42224
31972
31977
32007
42225
31973
31978
32008
42226
31979
32009
42227
31975
31980
32010
31976
31981
32011
31977
31982
32012
31978
31983
32013
31979
31984
32014
31985
32015
31981
31986
32016
31982
31987
32017
31983
31988
32018
31984
31989
32019
31985
31990
32020
31991
32021
31987
31992
32022
31988
31993
32023
31989
31994
32024
31990
31995
32025
31991
31996
32026
31997
32027
31993
31998
32028
31994
31999
32029
31995
32000
32030
31996
32001
32031
31997
32002
32032
32003
32033
31999
32034
32000
32035
32001
32036
32002
32037
32003
32038
32039
32005
32010
32040
42258
32006
32011
32041
42259
32007
32012
32042
42260
32008
32013
32043
42261
32009
32014
32044
42262
32015
32045
42263
32011
32016
32046
32012
32017
32047
32013
32018
32048
32014
32019
32049
32015
32020
32050
32021
32051
32017
32022
32052
32018
32023
32053
32019
32024
32054
32020
32025
32055
32021
32026
32056
32027
32057
32023
32028
32058
32024
32029
32059
32025
32030
32060
32026
32031
32061
32027
32032
32062
32033
32063
32029
32034
32064
32030
32035
32065
32031
32036
32066
32032
32037
32067
32033
32038
32068
32039
32069
32035
32070
32036
32071
32037
32072
32038
32073
32039
32074
32075
32041
32046
32076
42294
32042
32047
32077
42295
32043
32048
32078
42296
32044
32049
32079
42297
32045
32050
32080
42298
32051
32081
42299
32047
32052
32082
32048
32053
32083
32049
32054
32084
32050
32055
32085
32051
32056
32086
32057
32087
32053
32058
32088
32054
32059
32089
32055
32060
32090
32056
32061
32091
32057
32062
32092
32063
32093
32059
32064
32094
32060
32065
32095
32061
32066
32096
32062
32067
32097
32063
32068
32098
32069
32099
32065
32070
32100
32066
32071
32101
32067
32072
32102
32068
32073
32103
32069
32074
32104
32075
32105
32071
32106
32072
32107
32073
32108
32074
32109
32075
32110
32111
32077
32082
32112
42330
32078
32083
32113
42331
32079
32084
32114
42332
32080
32085
32115
42333
32081
32086
32116
42334
32087
32117
42335
32083
32088
32118
32084
32089
32119
32085
32090
32120
32086
32091
32121
32087
32092
32122
32093
32123
32089
32094
32124
32090
32095
32125
32091
32096
32126
32092
32097
32127
32093
32098
32128
32099
32129
32095
32100
32130
32096
32101
32131
32097
32102
32132
32098
32103
32133
32099
32104
32134
32105
32135
32101
32106
32136
32102
32107
32137
32103
32108
32138
32104
32109
32139
32105
32110
32140
32111
32141
32107
32142
32108
32143
32109
32144
32110
32145
32111
32146
32147
32113
32118
32148
42366
32114
32119
32149
42367
32115
32120
32150
42368
32116
32121
32151
42369
32117
32122
32152
42370
32123
32153
42371
32119
32124
32154
32120
32125
32155
32121
32126
32156
32122
32127
32157
32123
32128
32158
32129
32159
32125
32130
32160
32126
32131
32161
32127
32132
32162
32128
32133
32163
32129
32134
32164
32135
32165
32131
32136
32166
32132
32137
32167
32133
32138
32168
32134
32139
32169
32135
32140
32170
32141
32171
32137
32142
32172
32138
32143
32173
32139
32144
32174
32140
32145
32175
32141
32146
32176
32147
32177
32143
32178
32144
32179
32145
32180
32146
32181
32147
32182
32183
32149
32154
32184
42402
32150
32155
32185
42403
32151
32156
32186
42404
32152
32157
32187
42405
32153
32158
32188
42406
32159
32189
42407
32155
32160
32190
32156
32161
32191
32157
32162
32192
32158
32163
32193
32159
32164
32194
32165
32195
32161
32166
32196
32162
32167
32197
32163
32168
32198
32164
32169
32199
32165
32170
32200
32171
32201
32167
32172
32202
32168
32173
32203
32169
32174
32204
32170
32175
32205
32171
32176
32206
32177
32207
32173
32178
32208
32174
32179
32209
32175
32180
32210
32176
32181
32211
32177
32182
32212
32183
32213
32179
32214
32180
32215
32181
32216
32182
32217
32183
32218
32219
32185
32190
32220
42438
32186
32191
32221
42439
32187
32192
32222
42440
32188
32193
32223
42441
32189
32194
32224
42442
32195
32225
42443
32191
32196
32226
32192
32197
32227
32193
32198
32228
32194
32199
32229
32195
32200
32230
32201
32231
32197
32202
32232
32198
32203
32233
32199
32204
32234
32200
32205
32235
32201
32206
32236
32207
32237
32203
32208
32238
32204
32209
32239
32205
32210
32240
32206
32211
32241
32207
32212
32242
32213
32243
32209
32214
32244
32210
32215
32245
32211
32216
32246
32212
32217
32247
32213
32218
32248
32219
32249
32215
32250
32216
32251
32217
32252
32218
32253
32219
32254
32255
32221
32226
32256
42474
32222
32227
32257
42475
32223
32228
32258
42476
32224
32229
32259
42477
32225
32230
32260
42478
32231
32261
42479
32227
32232
32262
32228
32233
32263
32229
32234
32264
32230
32235
32265
32231
32236
32266
32237
32267
32233
32238
32268
32234
32239
32269
32235
32240
32270
32236
32241
32271
32237
32242
32272
32243
32273
32239
32244
32274
32240
32245
32275
32241
32246
32276
32242
32247
32277
32243
32248
32278
32249
32279
32245
32250
32280
32246
32251
32281
32247
32252
32282
32248
32253
32283
32249
32254
32284
32255
32285
32251
32286
32252
32287
32253
32288
32254
32289
32255
32290
32291
32257
32262
32292
42510
32258
32263
32293
42511
32259
32264
32294
42512
32260
32265
32295
42513
32261
32266
32296
42514
32267
32297
42515
32263
32268
32298
32264
32269
32299
32265
32270
32300
32266
32271
32301
32267
32272
32302
32273
32303
32269
32274
32304
32270
32275
32305
32271
32276
32306
32272
32277
32307
32273
32278
32308
32279
32309
32275
32280
32310
32276
32281
32311
32277
32282
32312
32278
32283
32313
32279
32284
32314
32285
32315
32281
32286
32316
32282
32287
32317
32283
32288
32318
32284
32289
32319
32285
32290
32320
32291
32321
32287
32322
32288
32323
32289
32324
32290
32325
32291
32326
32327
32293
32298
32328
42546
32294
32299
32329
42547
32295
32300
32330
42548
32296
32301
32331
42549
32297
32302
32332
42550
32303
32333
42551
32299
32304
32334
32300
32305
32335
32301
32306
32336
32302
32307
32337
32303
32308
32338
32309
32339
32305
32310
32340
32306
32311
32341
32307
32312
32342
32308
32313
32343
32309
32314
32344
32315
32345
32311
32316
32346
32312
32317
32347
32313
32318
32348
32314
32319
32349
32315
32320
32350
32321
32351
32317
32322
32352
32318
32323
32353
32319
32324
32354
32320
32325
32355
32321
32326
32356
32327
32357
32323
32358
32324
32359
32325
32360
32326
32361
32327
32362
32363
32329
32334
32364
42582
32330
32335
32365
42583
32331
32336
32366
42584
32332
32337
32367
42585
32333
32338
32368
42586
32339
32369
42587
32335
32340
32370
32336
32341
32371
32337
32342
32372
32338
32343
32373
32339
32344
32374
32345
32375
32341
32346
32376
32342
32347
32377
32343
32348
32378
32344
32349
32379
32345
32350
32380
32351
32381
32347
32352
32382
32348
32353
32383
32349
32354
32384
32350
32355
32385
32351
32356
32386
32357
32387
32353
32358
32388
32354
32359
32389
32355
32360
32390
32356
32361
32391
32357
32362
32392
32363
32393
32359
32394
32360
32395
32361
32396
32362
32397
32363
32398
32399
32365
32370
32400
42618
32366
32371
32401
42619
32367
32372
32402
42620
32368
32373
32403
42621
32369
32374
32404
42622
32375
32405
42623
32371
32376
32406
32372
32377
32407
32373
32378
32408
32374
32379
32409
32375
32380
32410
32381
32411
32377
32382
32412
32378
32383
32413
32379
32384
32414
32380
32385
32415
32381
32386
32416
32387
32417
32383
32388
32418
32384
32389
32419
32385
32390
32420
32386
32391
32421
32387
32392
32422
32393
32423
32389
32394
32424
32390
32395
32425
32391
32396
32426
32392
32397
32427
32393
32398
32428
32399
32429
32395
32430
32396
32431
32397
32432
32398
32433
32399
32434
32435
32401
32406
32436
42654
32402
32407
32437
42655
32403
32408
32438
42656
32404
32409
32439
42657
32405
32410
32440
42658
32411
32441
42659
32407
32412
32442
32408
32413
32443
32409
32414
32444
32410
32415
32445
32411
32416
32446
32417
32447
32413
32418
32448
32414
32419
32449
32415
32420
32450
32416
32421
32451
32417
32422
32452
32423
32453
32419
32424
32454
32420
32425
32455
32421
32426
32456
32422
32427
32457
32423
32428
32458
32429
32459
32425
32430
32460
32426
32431
32461
32427
32432
32462
32428
32433
32463
32429
32434
32464
32435
32465
32431
32466
32432
32467
32433
32468
32434
32469
32435
32470
32471
32437
32442
32472
42690
32438
32443
32473
42691
32439
32444
32474
42692
32440
32445
32475
42693
32441
32446
32476
42694
32447
32477
42695
32443
32448
32478
32444
32449
32479
32445
32450
32480
32446
32451
32481
32447
32452
32482
32453
32483
32449
32454
32484
32450
32455
32485
32451
32456
32486
32452
32457
32487
32453
32458
32488
32459
32489
32455
32460
32490
32456
32461
32491
32457
32462
32492
32458
32463
32493
32459
32464
32494
32465
32495
32461
32466
32496
32462
32467
32497
32463
32468
32498
32464
32469
32499
32465
32470
32500
32471
32501
32467
32502
32468
32503
32469
32504
32470
32505
32471
32506
32507
32473
32478
32508
42726
32474
32479
32509
42727
32475
32480
32510
42728
32476
32481
32511
42729
32477
32482
32512
42730
32483
32513
42731
32479
32484
32514
32480
32485
32515
32481
32486
32516
32482
32487
32517
32483
32488
32518
32489
32519
32485
32490
32520
32486
32491
32521
32487
32492
32522
32488
32493
32523
32489
32494
32524
32495
32525
32491
32496
32526
32492
32497
32527
32493
32498
32528
32494
32499
32529
32495
32500
32530
32501
32531
32497
32502
32532
32498
32503
32533
32499
32504
32534
32500
32505
32535
32501
32506
32536
32507
32537
32503
32538
32504
32539
32505
32540
32506
32541
32507
32542
32543
32509
32514
32544
42762
32510
32515
32545
42763
32511
32516
32546
42764
32512
32517
32547
42765
32513
32518
32548
42766
32519
32549
42767
32515
32520
32550
32516
32521
32551
32517
32522
32552
32518
32523
32553
32519
32524
32554
32525
32555
32521
32526
32556
32522
32527
32557
32523
32528
32558
32524
32529
32559
32525
32530
32560
32531
32561
32527
32532
32562
32528
32533
32563
32529
32534
32564
32530
32535
32565
32531
32536
32566
32537
32567
32533
32538
32568
32534
32539
32569
32535
32540
32570
32536
32541
32571
32537
32542
32572
32543
32573
32539
32574
32540
32575
32541
32576
32542
32577
32543
32578
32579
32545
32550
32580
42798
32546
32551
32581
42799
32547
32552
32582
42800
32548
32553
32583
42801
32549
32554
32584
42802
32555
32585
42803
32551
32556
32586
32552
32557
32587
32553
32558
32588
32554
32559
32589
32555
32560
32590
32561
32591
32557
32562
32592
32558
32563
32593
32559
32564
32594
32560
32565
32595
32561
32566
32596
32567
32597
32563
32568
32598
32564
32569
32599
32565
32570
32600
32566
32571
32601
32567
32572
32602
32573
32603
32569
32574
32604
32570
32575
32605
32571
32576
32606
32572
32577
32607
32573
32578
32608
32579
32609
32575
32610
32576
32611
32577
32612
32578
32613
32579
32614
32615
32581
32586
32616
42834
32582
32587
32617
42835
32583
32588
32618
42836
32584
32589
32619
42837
32585
32590
32620
42838
32591
32621
42839
32587
32592
32622
32588
32593
32623
32589
32594
32624
32590
32595
32625
32591
32596
32626
32597
32627
32593
32598
32628
32594
32599
32629
32595
32600
32630
32596
32601
32631
32597
32602
32632
32603
32633
32599
32604
32634
32600
32605
32635
32601
32606
32636
32602
32607
32637
32603
32608
32638
32609
32639
32605
32610
32640
32606
32611
32641
32607
32612
32642
32608
32613
32643
32609
32614
32644
32615
32645
32611
32646
32612
32647
32613
32648
32614
32649
32615
32650
32651
32617
32622
32652
42870
32618
32623
32653
42871
32619
32624
32654
42872
32620
32625
32655
42873
32621
32626
32656
42874
32627
32657
42875
32623
32628
32658
32624
32629
32659
32625
32630
32660
32626
32631
32661
32627
32632
32662
32633
32663
32629
32634
32664
32630
32635
32665
32631
32636
32666
32632
32637
32667
32633
32638
32668
32639
32669
32635
32640
32670
32636
32641
32671
32637
32642
32672
32638
32643
32673
32639
32644
32674
32645
32675
32641
32646
32676
32642
32647
32677
32643
32648
32678
32644
32649
32679
32645
32650
32680
32651
32681
32647
32682
32648
32683
32649
32684
32650
32685
32651
32686
32687
32653
32658
32688
42906
32654
32659
32689
42907
32655
32660
32690
42908
32656
32661
32691
42909
32657
32662
32692
42910
32663
32693
42911
32659
32664
32694
32660
32665
32695
32661
32666
32696
32662
32667
32697
32663
32668
32698
32669
32699
32665
32670
32700
32666
32671
32701
32667
32672
32702
32668
32673
32703
32669
32674
32704
32675
32705
32671
32676
32706
32672
32677
32707
32673
32678
32708
32674
32679
32709
32675
32680
32710
32681
32711
32677
32682
32712
32678
32683
32713
32679
32684
32714
32680
32685
32715
32681
32686
32716
32687
32717
32683
32718
32684
32719
32685
32720
32686
32721
32687
32722
32723
32689
32694
32724
42942
32690
32695
32725
42943
32691
32696
32726
42944
32692
32697
32727
42945
32693
32698
32728
42946
32699
32729
42947
32695
32700
32730
32696
32701
32731
32697
32702
32732
32698
32703
32733
32699
32704
32734
32705
32735
32701
32706
32736
32702
32707
32737
32703
32708
32738
32704
32709
32739
32705
32710
32740
32711
32741
32707
32712
32742
32708
32713
32743
32709
32714
32744
32710
32715
32745
32711
32716
32746
32717
32747
32713
32718
32748
32714
32719
32749
32715
32720
32750
32716
32721
32751
32717
32722
32752
32723
32753
32719
32754
32720
32755
32721
32756
32722
32757
32723
32758
32759
32725
32730
32760
42978
32726
32731
32761
42979
32727
32732
32762
42980
32728
32733
32763
42981
32729
32734
32764
42982
32735
32765
42983
32731
32736
32766
32732
32737
32767
32733
32738
32768
32734
32739
32769
32735
32740
32770
32741
32771
32737
32742
32772
32738
32743
32773
32739
32744
32774
32740
32745
32775
32741
32746
32776
32747
32777
32743
32748
32778
32744
32749
32779
32745
32750
32780
32746
32751
32781
32747
32752
32782
32753
32783
32749
32754
32784
32750
32755
32785
32751
32756
32786
32752
32757
32787
32753
32758
32788
32759
32789
32755
32790
32756
32791
32757
32792
32758
32793
32759
32794
32795
32761
32766
32796
43014
32762
32767
32797
43015
32763
32768
32798
43016
32764
32769
32799
43017
32765
32770
32800
43018
32771
32801
43019
32767
32772
32802
32768
32773
32803
32769
32774
32804
32770
32775
32805
32771
32776
32806
32777
32807
32773
32778
32808
32774
32779
32809
32775
32780
32810
32776
32781
32811
32777
32782
32812
32783
32813
32779
32784
32814
32780
32785
32815
32781
32786
32816
32782
32787
32817
32783
32788
32818
32789
32819
32785
32790
32820
32786
32791
32821
32787
32792
32822
32788
32793
32823
32789
32794
32824
32795
32825
32791
32826
32792
32827
32793
32828
32794
32829
32795
32830
32831
32797
32802
32832
43050
32798
32803
32833
43051
32799
32804
32834
43052
32800
32805
32835
43053
32801
32806
32836
43054
32807
32837
43055
32803
32808
32838
32804
32809
32839
32805
32810
32840
32806
32811
32841
32807
32812
32842
32813
32843
32809
32814
32844
32810
32815
32845
32811
32816
32846
32812
32817
32847
32813
32818
32848
32819
32849
32815
32820
32850
32816
32821
32851
32817
32822
32852
32818
32823
32853
32819
32824
32854
32825
32855
32821
32826
32856
32822
32827
32857
32823
32828
32858
32824
32829
32859
32825
32830
32860
32831
32861
32827
32862
32828
32863
32829
32864
32830
32865
32831
32866
32867
32833
32838
32868
43086
32834
32839
32869
43087
32835
32840
32870
43088
32836
32841
32871
43089
32837
32842
32872
43090
32843
32873
43091
32839
32844
32874
32840
32845
32875
32841
32846
32876
32842
32847
32877
32843
32848
32878
32849
32879
32845
32850
32880
32846
32851
32881
32847
32852
32882
32848
32853
32883
32849
32854
32884
32855
32885
32851
32856
32886
32852
32857
32887
32853
32858
32888
32854
32859
32889
32855
32860
32890
32861
32891
32857
32862
32892
32858
32863
32893
32859
32864
32894
32860
32865
32895
32861
32866
32896
32867
32897
32863
32898
32864
32899
32865
32900
32866
32901
32867
32902
32903
32869
32874
32904
43122
32870
32875
32905
43123
32871
32876
32906
43124
32872
32877
32907
43125
32873
32878
32908
43126
32879
32909
43127
32875
32880
32910
32876
32881
32911
32877
32882
32912
32878
32883
32913
32879
32884
32914
32885
32915
32881
32886
32916
32882
32887
32917
32883
32888
32918
32884
32889
32919
32885
32890
32920
32891
32921
32887
32892
32922
32888
32893
32923
32889
32894
32924
32890
32895
32925
32891
32896
32926
32897
32927
32893
32898
32928
32894
32899
32929
32895
32900
32930
32896
32901
32931
32897
32902
32932
32903
32933
32899
32934
32900
32935
32901
32936
32902
32937
32903
32938
32939
32905
32910
32940
43158
32906
32911
32941
43159
32907
32912
32942
43160
32908
32913
32943
43161
32909
32914
32944
43162
32915
32945
43163
32911
32916
32946
32912
32917
32947
32913
32918
32948
32914
32919
32949
32915
32920
32950
32921
32951
32917
32922
32952
32918
32923
32953
32919
32924
32954
32920
32925
32955
32921
32926
32956
32927
32957
32923
32928
32958
32924
32929
32959
32925
32930
32960
32926
32931
32961
32927
32932
32962
32933
32963
32929
32934
32964
32930
32935
32965
32931
32936
32966
32932
32937
32967
32933
32938
32968
32939
32969
32935
32970
32936
32971
32937
32972
32938
32973
32939
32974
32975
32941
32946
32976
43194
32942
32947
32977
43195
32943
32948
32978
43196
32944
32949
32979
43197
32945
32950
32980
43198
32951
32981
43199
32947
32952
32982
32948
32953
32983
32949
32954
32984
32950
32955
32985
32951
32956
32986
32957
32987
32953
32958
32988
32954
32959
32989
32955
32960
32990
32956
32961
32991
32957
32962
32992
32963
32993
32959
32964
32994
32960
32965
32995
32961
32966
32996
32962
32967
32997
32963
32968
32998
32969
32999
32965
32970
33000
32966
32971
33001
32967
32972
33002
32968
32973
33003
32969
32974
33004
32975
33005
32971
33006
32972
33007
32973
33008
32974
33009
32975
33010
33011
32977
32982
33012
43230
32978
32983
33013
43231
32979
32984
33014
43232
32980
32985
33015
43233
32981
32986
33016
43234
32987
33017
43235
32983
32988
33018
32984
32989
33019
32985
32990
33020
32986
32991
33021
32987
32992
33022
32993
33023
32989
32994
33024
32990
32995
33025
32991
32996
33026
32992
32997
33027
32993
32998
33028
32999
33029
32995
33000
33030
32996
33001
33031
32997
33002
33032
32998
33003
33033
32999
33004
33034
33005
33035
33001
33006
33036
33002
33007
33037
33003
33008
33038
33004
33009
33039
33005
33010
33040
33011
33041
33007
33042
33008
33043
33009
33044
33010
33045
33011
33046
33047
33013
33018
33048
43266
33014
33019
33049
43267
33015
33020
33050
43268
33016
33021
33051
43269
33017
33022
33052
43270
33023
33053
43271
33019
33024
33054
33020
33025
33055
33021
33026
33056
33022
33027
33057
33023
33028
33058
33029
33059
33025
33030
33060
33026
33031
33061
33027
33032
33062
33028
33033
33063
33029
33034
33064
33035
33065
33031
33036
33066
33032
33037
33067
33033
33038
33068
33034
33039
33069
33035
33040
33070
33041
33071
33037
33042
33072
33038
33043
33073
33039
33044
33074
33040
33045
33075
33041
33046
33076
33047
33077
33043
33078
33044
33079
33045
33080
33046
33081
33047
33082
33083
33049
33054
33084
43302
33050
33055
33085
43303
33051
33056
33086
43304
33052
33057
33087
43305
33053
33058
33088
43306
33059
33089
43307
33055
33060
33090
33056
33061
33091
33057
33062
33092
33058
33063
33093
33059
33064
33094
33065
33095
33061
33066
33096
33062
33067
33097
33063
33068
33098
33064
33069
33099
33065
33070
33100
33071
33101
33067
33072
33102
33068
33073
33103
33069
33074
33104
33070
33075
33105
33071
33076
33106
33077
33107
33073
33078
33108
33074
33079
33109
33075
33080
33110
33076
33081
33111
33077
33082
33112
33083
33113
33079
33114
33080
33115
33081
33116
33082
33117
33083
33118
33119
33085
33090
33120
43338
33086
33091
33121
43339
33087
33092
33122
43340
33088
33093
33123
43341
33089
33094
33124
43342
33095
33125
43343
33091
33096
33126
33092
33097
33127
33093
33098
33128
33094
33099
33129
33095
33100
33130
33101
33131
33097
33102
33132
33098
33103
33133
33099
33104
33134
33100
33105
33135
33101
33106
33136
33107
33137
33103
33108
33138
33104
33109
33139
33105
33110
33140
33106
33111
33141
33107
33112
33142
33113
33143
33109
33114
33144
33110
33115
33145
33111
33116
33146
33112
33117
33147
33113
33118
33148
33119
33149
33115
33150
33116
33151
33117
33152
33118
33153
33119
33154
33155
33121
33126
33156
43374
33122
33127
33157
43375
33123
33128
33158
43376
33124
33129
33159
43377
33125
33130
33160
43378
33131
33161
43379
33127
33132
33162
33128
33133
33163
33129
33134
33164
33130
33135
33165
33131
33136
33166
33137
33167
33133
33138
33168
33134
33139
33169
33135
33140
33170
33136
33141
33171
33137
33142
33172
33143
33173
33139
33144
33174
33140
33145
33175
33141
33146
33176
33142
33147
33177
33143
33148
33178
33149
33179
33145
33150
33180
33146
33151
33181
33147
33152
33182
33148
33153
33183
33149
33154
33184
33155
33185
33151
33186
33152
33187
33153
33188
33154
33189
33155
33190
33191
33157
33162
33192
43410
33158
33163
33193
43411
33159
33164
33194
43412
33160
33165
33195
43413
33161
33166
33196
43414
33167
33197
43415
33163
33168
33198
33164
33169
33199
33165
33170
33200
33166
33171
33201
33167
33172
33202
33173
33203
33169
33174
33204
33170
33175
33205
33171
33176
33206
33172
33177
33207
33173
33178
33208
33179
33209
33175
33180
33210
33176
33181
33211
33177
33182
33212
33178
33183
33213
33179
33184
33214
33185
33215
33181
33186
33216
33182
33187
33217
33183
33188
33218
33184
33189
33219
33185
33190
33220
33191
33221
33187
33222
33188
33223
33189
33224
33190
33225
33191
33226
33227
33193
33198
33228
43446
33194
33199
33229
43447
33195
33200
33230
43448
33196
33201
33231
43449
33197
33202
33232
43450
33203
33233
43451
33199
33204
33234
33200
33205
33235
33201
33206
33236
33202
33207
33237
33203
33208
33238
33209
33239
33205
33210
33240
33206
33211
33241
33207
33212
33242
33208
33213
33243
33209
33214
33244
33215
33245
33211
33216
33246
33212
33217
33247
33213
33218
33248
33214
33219
33249
33215
33220
33250
33221
33251
33217
33222
33252
33218
33223
33253
33219
33224
33254
33220
33225
33255
33221
33226
33256
33227
33257
33223
33258
33224
33259
33225
33260
33226
33261
33227
33262
33263
33229
33234
33264
43482
33230
33235
33265
43483
33231
33236
33266
43484
33232
33237
33267
43485
33233
33238
33268
43486
33239
33269
43487
33235
33240
33270
33236
33241
33271
33237
33242
33272
33238
33243
33273
33239
33244
33274
33245
33275
33241
33246
33276
33242
33247
33277
33243
33248
33278
33244
33249
33279
33245
33250
33280
33251
33281
33247
33252
33282
33248
33253
33283
33249
33254
33284
33250
33255
33285
33251
33256
33286
33257
33287
33253
33258
33288
33254
33259
33289
33255
33260
33290
33256
33261
33291
33257
33262
33292
33263
33293
33259
33294
33260
33295
33261
33296
33262
33297
33263
33298
33299
33265
33270
33300
43518
33266
33271
33301
43519
33267
33272
33302
43520
33268
33273
33303
43521
33269
33274
33304
43522
33275
33305
43523
33271
33276
33306
33272
33277
33307
33273
33278
33308
33274
33279
33309
33275
33280
33310
33281
33311
33277
33282
33312
33278
33283
33313
33279
33284
33314
33280
33285
33315
33281
33286
33316
33287
33317
33283
33288
33318
33284
33289
33319
33285
33290
33320
33286
33291
33321
33287
33292
33322
33293
33323
33289
33294
33324
33290
33295
33325
33291
33296
33326
33292
33297
33327
33293
33298
33328
33299
33329
33295
33330
33296
33331
33297
33332
33298
33333
33299
33334
33335
33301
33306
33336
43554
33302
33307
33337
43555
33303
33308
33338
43556
33304
33309
33339
43557
33305
33310
33340
43558
33311
33341
43559
33307
33312
33342
33308
33313
33343
33309
33314
33344
33310
33315
33345
33311
33316
33346
33317
33347
33313
33318
33348
33314
33319
33349
33315
33320
33350
33316
33321
33351
33317
33322
33352
33323
33353
33319
33324
33354
33320
33325
33355
33321
33326
33356
33322
33327
33357
33323
33328
33358
33329
33359
33325
33330
33360
33326
33331
33361
33327
33332
33362
33328
33333
33363
33329
33334
33364
33335
33365
33331
33366
33332
33367
33333
33368
33334
33369
33335
33370
33371
33337
33342
33372
43590
33338
33343
33373
43591
33339
33344
33374
43592
33340
33345
33375
43593
33341
33346
33376
43594
33347
33377
43595
33343
33348
33378
33344
33349
33379
33345
33350
33380
33346
33351
33381
33347
33352
33382
33353
33383
33349
33354
33384
33350
33355
33385
33351
33356
33386
33352
33357
33387
33353
33358
33388
33359
33389
33355
33360
33390
33356
33361
33391
33357
33362
33392
33358
33363
33393
33359
33364
33394
33365
33395
33361
33366
33396
33362
33367
33397
33363
33368
33398
33364
33369
33399
33365
33370
33400
33371
33401
33367
33402
33368
33403
33369
33404
33370
33405
33371
33406
33407
33373
33378
33408
43626
33374
33379
33409
43627
33375
33380
33410
43628
33376
33381
33411
43629
33377
33382
33412
43630
33383
33413
43631
33379
33384
33414
33380
33385
33415
33381
33386
33416
33382
33387
33417
33383
33388
33418
33389
33419
33385
33390
33420
33386
33391
33421
33387
33392
33422
33388
33393
33423
33389
33394
33424
33395
33425
33391
33396
33426
33392
33397
33427
33393
33398
33428
33394
33399
33429
33395
33400
33430
33401
33431
33397
33402
33432
33398
33403
33433
33399
33404
33434
33400
33405
33435
33401
33406
33436
33407
33437
33403
33438
33404
33439
33405
33440
33406
33441
33407
33442
33443
33409
33414
33444
43662
33410
33415
33445
43663
33411
33416
33446
43664
33412
33417
33447
43665
33413
33418
33448
43666
33419
33449
43667
33415
33420
33450
33416
33421
33451
33417
33422
33452
33418
33423
33453
33419
33424
33454
33425
33455
33421
33426
33456
33422
33427
33457
33423
33428
33458
33424
33429
33459
33425
33430
33460
33431
33461
33427
33432
33462
33428
33433
33463
33429
33434
33464
33430
33435
33465
33431
33436
33466
33437
33467
33433
33438
33468
33434
33439
33469
33435
33440
33470
33436
33441
33471
33437
33442
33472
33443
33473
33439
33474
33440
33475
33441
33476
33442
33477
33443
33478
33479
33445
33450
33480
43698
33446
33451
33481
43699
33447
33452
33482
43700
33448
33453
33483
43701
33449
33454
33484
43702
33455
33485
43703
33451
33456
33486
33452
33457
33487
33453
33458
33488
33454
33459
33489
33455
33460
33490
33461
33491
33457
33462
33492
33458
33463
33493
33459
33464
33494
33460
33465
33495
33461
33466
33496
33467
33497
33463
33468
33498
33464
33469
33499
33465
33470
33500
33466
33471
33501
33467
33472
33502
33473
33503
33469
33474
33504
33470
33475
33505
33471
33476
33506
33472
33477
33507
33473
33478
33508
33479
33509
33475
33510
33476
33511
33477
33512
33478
33513
33479
33514
33515
33481
33486
33516
43734
33482
33487
33517
43735
33483
33488
33518
43736
33484
33489
33519
43737
33485
33490
33520
43738
33491
33521
43739
33487
33492
33522
33488
33493
33523
33489
33494
33524
33490
33495
33525
33491
33496
33526
33497
33527
33493
33498
33528
33494
33499
33529
33495
33500
33530
33496
33501
33531
33497
33502
33532
33503
33533
33499
33504
33534
33500
33505
33535
33501
33506
33536
33502
33507
33537
33503
33508
33538
33509
33539
33505
33510
33540
33506
33511
33541
33507
33512
33542
33508
33513
33543
33509
33514
33544
33515
33545
33511
33546
33512
33547
33513
33548
33514
33549
33515
33550
33551
33517
33522
33552
43770
33518
33523
33553
43771
33519
33524
33554
43772
33520
33525
33555
43773
33521
33526
33556
43774
33527
33557
43775
33523
33528
33558
33524
33529
33559
33525
33530
33560
33526
33531
33561
33527
33532
33562
33533
33563
33529
33534
33564
33530
33535
33565
33531
33536
33566
33532
33537
33567
33533
33538
33568
33539
33569
33535
33540
33570
33536
33541
33571
33537
33542
33572
33538
33543
33573
33539
33544
33574
33545
33575
33541
33546
33576
33542
33547
33577
33543
33548
33578
33544
33549
33579
33545
33550
33580
33551
33581
33547
33582
33548
33583
33549
33584
33550
33585
33551
33586
33587
33553
33558
33588
43806
33554
33559
33589
43807
33555
33560
33590
43808
33556
33561
33591
43809
33557
33562
33592
43810
33563
33593
43811
33559
33564
33594
33560
33565
33595
33561
33566
33596
33562
33567
33597
33563
33568
33598
33569
33599
33565
33570
33600
33566
33571
33601
33567
33572
33602
33568
33573
33603
33569
33574
33604
33575
33605
33571
33576
33606
33572
33577
33607
33573
33578
33608
33574
33579
33609
33575
33580
33610
33581
33611
33577
33582
33612
33578
33583
33613
33579
33584
33614
33580
33585
33615
33581
33586
33616
33587
33617
33583
33618
33584
33619
33585
33620
33586
33621
33587
33622
33623
33589
33594
33624
43842
33590
33595
33625
43843
33591
33596
33626
43844
33592
33597
33627
43845
33593
33598
33628
43846
33599
33629
43847
33595
33600
33630
33596
33601
33631
33597
33602
33632
33598
33603
33633
33599
33604
33634
33605
33635
33601
33606
33636
33602
33607
33637
33603
33608
33638
33604
33609
33639
33605
33610
33640
33611
33641
33607
33612
33642
33608
33613
33643
33609
33614
33644
33610
33615
33645
33611
33616
33646
33617
33647
33613
33618
33648
33614
33619
33649
33615
33620
33650
33616
33621
33651
33617
33622
33652
33623
33653
33619
33654
33620
33655
33621
33656
33622
33657
33623
33658
33659
33625
33630
33660
43878
33626
33631
33661
43879
33627
33632
33662
43880
33628
33633
33663
43881
33629
33634
33664
43882
33635
33665
43883
33631
33636
33666
33632
33637
33667
33633
33638
33668
33634
33639
33669
33635
33640
33670
33641
33671
33637
33642
33672
33638
33643
33673
33639
33644
33674
33640
33645
33675
33641
33646
33676
33647
33677
33643
33648
33678
33644
33649
33679
33645
33650
33680
33646
33651
33681
33647
33652
33682
33653
33683
33649
33654
33684
33650
33655
33685
33651
33656
33686
33652
33657
33687
33653
33658
33688
33659
33689
33655
33690
33656
33691
33657
33692
33658
33693
33659
33694
33695
33661
33666
33696
43914
33662
33667
33697
43915
33663
33668
33698
43916
33664
33669
33699
43917
33665
33670
33700
43918
33671
33701
43919
33667
33672
33702
33668
33673
33703
33669
33674
33704
33670
33675
33705
33671
33676
33706
33677
33707
33673
33678
33708
33674
33679
33709
33675
33680
33710
33676
33681
33711
33677
33682
33712
33683
33713
33679
33684
33714
33680
33685
33715
33681
33686
33716
33682
33687
33717
33683
33688
33718
33689
33719
33685
33690
33720
33686
33691
33721
33687
33692
33722
33688
33693
33723
33689
33694
33724
33695
33725
33691
33726
33692
33727
33693
33728
33694
33729
33695
33730
33731
33697
33702
33732
43950
33698
33703
33733
43951
33699
33704
33734
43952
33700
33705
33735
43953
33701
33706
33736
43954
33707
33737
43955
33703
33708
33738
33704
33709
33739
33705
33710
33740
33706
33711
33741
33707
33712
33742
33713
33743
33709
33714
33744
33710
33715
33745
33711
33716
33746
33712
33717
33747
33713
33718
33748
33719
33749
33715
33720
33750
33716
33721
33751
33717
33722
33752
33718
33723
33753
33719
33724
33754
33725
33755
33721
33726
33756
33722
33727
33757
33723
33728
33758
33724
33729
33759
33725
33730
33760
33731
33761
33727
33762
33728
33763
33729
33764
33730
33765
33731
33766
33767
33733
33738
33768
43986
33734
33739
33769
43987
33735
33740
33770
43988
33736
33741
33771
43989
33737
33742
33772
43990
33743
33773
43991
33739
33744
33774
33740
33745
33775
33741
33746
33776
33742
33747
33777
33743
33748
33778
33749
33779
33745
33750
33780
33746
33751
33781
33747
33752
33782
33748
33753
33783
33749
33754
33784
33755
33785
33751
33756
33786
33752
33757
33787
33753
33758
33788
33754
33759
33789
33755
33760
33790
33761
33791
33757
33762
33792
33758
33763
33793
33759
33764
33794
33760
33765
33795
33761
33766
33796
33767
33797
33763
33798
33764
33799
33765
33800
33766
33801
33767
33802
33803
33769
33774
33804
44022
33770
33775
33805
44023
33771
33776
33806
44024
33772
33777
33807
44025
33773
33778
33808
44026
33779
33809
44027
33775
33780
33810
33776
33781
33811
33777
33782
33812
33778
33783
33813
33779
33784
33814
33785
33815
33781
33786
33816
33782
33787
33817
33783
33788
33818
33784
33789
33819
33785
33790
33820
33791
33821
33787
33792
33822
33788
33793
33823
33789
33794
33824
33790
33795
33825
33791
33796
33826
33797
33827
33793
33798
33828
33794
33799
33829
33795
33800
33830
33796
33801
33831
33797
33802
33832
33803
33833
33799
33834
33800
33835
33801
33836
33802
33837
33803
33838
33839
33805
33810
33840
44058
33806
33811
33841
44059
33807
33812
33842
44060
33808
33813
33843
44061
33809
33814
33844
44062
33815
33845
44063
33811
33816
33846
33812
33817
33847
33813
33818
33848
33814
33819
33849
33815
33820
33850
33821
33851
33817
33822
33852
33818
33823
33853
33819
33824
33854
33820
33825
33855
33821
33826
33856
33827
33857
33823
33828
33858
33824
33829
33859
33825
33830
33860
33826
33831
33861
33827
33832
33862
33833
33863
33829
33834
33864
33830
33835
33865
33831
33836
33866
33832
33837
33867
33833
33838
33868
33839
33869
33835
33870
33836
33871
33837
33872
33838
33873
33839
33874
33875
33841
33846
33876
44094
33842
33847
33877
44095
33843
33848
33878
44096
33844
33849
33879
44097
33845
33850
33880
44098
33851
33881
44099
33847
33852
33882
33848
33853
33883
33849
33854
33884
33850
33855
33885
33851
33856
33886
33857
33887
33853
33858
33888
33854
33859
33889
33855
33860
33890
33856
33861
33891
33857
33862
33892
33863
33893
33859
33864
33894
33860
33865
33895
33861
33866
33896
33862
33867
33897
33863
33868
33898
33869
33899
33865
33870
33900
33866
33871
33901
33867
33872
33902
33868
33873
33903
33869
33874
33904
33875
33905
33871
33906
33872
33907
33873
33908
33874
33909
33875
33910
33911
33877
33882
33912
44130
33878
33883
33913
44131
33879
33884
33914
44132
33880
33885
33915
44133
33881
33886
33916
44134
33887
33917
44135
33883
33888
33918
33884
33889
33919
33885
33890
33920
33886
33891
33921
33887
33892
33922
33893
33923
33889
33894
33924
33890
33895
33925
33891
33896
33926
33892
33897
33927
33893
33898
33928
33899
33929
33895
33900
33930
33896
33901
33931
33897
33902
33932
33898
33903
33933
33899
33904
33934
33905
33935
33901
33906
33936
33902
33907
33937
33903
33908
33938
33904
33909
33939
33905
33910
33940
33911
33941
33907
33942
33908
33943
33909
33944
33910
33945
33911
33946
33947
33913
33918
33948
44166
33914
33919
33949
44167
33915
33920
33950
44168
33916
33921
33951
44169
33917
33922
33952
44170
33923
33953
44171
33919
33924
33954
33920
33925
33955
33921
33926
33956
33922
33927
33957
33923
33928
33958
33929
33959
33925
33930
33960
33926
33931
33961
33927
33932
33962
33928
33933
33963
33929
33934
33964
33935
33965
33931
33936
33966
33932
33937
33967
33933
33938
33968
33934
33939
33969
33935
33940
33970
33941
33971
33937
33942
33972
33938
33943
33973
33939
33944
33974
33940
33945
33975
33941
33946
33976
33947
33977
33943
33978
33944
33979
33945
33980
33946
33981
33947
33982
33983
33949
33954
33984
44202
33950
33955
33985
44203
33951
33956
33986
44204
33952
33957
33987
44205
33953
33958
33988
44206
33959
33989
44207
33955
33960
33990
33956
33961
33991
33957
33962
33992
33958
33963
33993
33959
33964
33994
33965
33995
33961
33966
33996
33962
33967
33997
33963
33968
33998
33964
33969
33999
33965
33970
34000
33971
34001
33967
33972
34002
33968
33973
34003
33969
33974
34004
33970
33975
34005
33971
33976
34006
33977
34007
33973
33978
34008
33974
33979
34009
33975
33980
34010
33976
33981
34011
33977
33982
34012
33983
34013
33979
34014
33980
34015
33981
34016
33982
34017
33983
34018
34019
33985
33990
34020
44238
33986
33991
34021
44239
33987
33992
34022
44240
33988
33993
34023
44241
33989
33994
34024
44242
33995
34025
44243
33991
33996
34026
33992
33997
34027
33993
33998
34028
33994
33999
34029
33995
34000
34030
34001
34031
33997
34002
34032
33998
34003
34033
33999
34004
34034
34000
34005
34035
34001
34006
34036
34007
34037
34003
34008
34038
34004
34009
34039
34005
34010
34040
34006
34011
34041
34007
34012
34042
34013
34043
34009
34014
34044
34010
34015
34045
34011
34016
34046
34012
34017
34047
34013
34018
34048
34019
34049
34015
34050
34016
34051
34017
34052
34018
34053
34019
34054
34055
34021
34026
34056
44274
34022
34027
34057
44275
34023
34028
34058
44276
34024
34029
34059
44277
34025
34030
34060
44278
34031
34061
44279
34027
34032
34062
34028
34033
34063
34029
34034
34064
34030
34035
34065
34031
34036
34066
34037
34067
34033
34038
34068
34034
34039
34069
34035
34040
34070
34036
34041
34071
34037
34042
34072
34043
34073
34039
34044
34074
34040
34045
34075
34041
34046
34076
34042
34047
34077
34043
34048
34078
34049
34079
34045
34050
34080
34046
34051
34081
34047
34052
34082
34048
34053
34083
34049
34054
34084
34055
34085
34051
34086
34052
34087
34053
34088
34054
34089
34055
34090
34091
34057
34062
34092
44310
34058
34063
34093
44311
34059
34064
34094
44312
34060
34065
34095
44313
34061
34066
34096
44314
34067
34097
44315
34063
34068
34098
34064
34069
34099
34065
34070
34100
34066
34071
34101
34067
34072
34102
34073
34103
34069
34074
34104
34070
34075
34105
34071
34076
34106
34072
34077
34107
34073
34078
34108
34079
34109
34075
34080
34110
34076
34081
34111
34077
34082
34112
34078
34083
34113
34079
34084
34114
34085
34115
34081
34086
34116
34082
34087
34117
34083
34088
34118
34084
34089
34119
34085
34090
34120
34091
34121
34087
34122
34088
34123
34089
34124
34090
34125
34091
34126
34127
34093
34098
34128
44346
34094
34099
34129
44347
34095
34100
34130
44348
34096
34101
34131
44349
34097
34102
34132
44350
34103
34133
44351
34099
34104
34134
34100
34105
34135
34101
34106
34136
34102
34107
34137
34103
34108
34138
34109
34139
34105
34110
34140
34106
34111
34141
34107
34112
34142
34108
34113
34143
34109
34114
34144
34115
34145
34111
34116
34146
34112
34117
34147
34113
34118
34148
34114
34119
34149
34115
34120
34150
34121
34151
34117
34122
34152
34118
34123
34153
34119
34124
34154
34120
34125
34155
34121
34126
34156
34127
34157
34123
34158
34124
34159
34125
34160
34126
34161
34127
34162
34163
34129
34134
34164
44382
34130
34135
34165
44383
34131
34136
34166
44384
34132
34137
34167
44385
34133
34138
34168
44386
34139
34169
44387
34135
34140
34170
34136
34141
34171
34137
34142
34172
34138
34143
34173
34139
34144
34174
34145
34175
34141
34146
34176
34142
34147
34177
34143
34148
34178
34144
34149
34179
34145
34150
34180
34151
34181
34147
34152
34182
34148
34153
34183
34149
34154
34184
34150
34155
34185
34151
34156
34186
34157
34187
34153
34158
34188
34154
34159
34189
34155
34160
34190
34156
34161
34191
34157
34162
34192
34163
34193
34159
34194
34160
34195
34161
34196
34162
34197
34163
34198
34199
34165
34170
34200
44418
34166
34171
34201
44419
34167
34172
34202
44420
34168
34173
34203
44421
34169
34174
34204
44422
34175
34205
44423
34171
34176
34206
34172
34177
34207
34173
34178
34208
34174
34179
34209
34175
34180
34210
34181
34211
34177
34182
34212
34178
34183
34213
34179
34184
34214
34180
34185
34215
34181
34186
34216
34187
34217
34183
34188
34218
34184
34189
34219
34185
34190
34220
34186
34191
34221
34187
34192
34222
34193
34223
34189
34194
34224
34190
34195
34225
34191
34196
34226
34192
34197
34227
34193
34198
34228
34199
34229
34195
34230
34196
34231
34197
34232
34198
34233
34199
34234
34235
34201
34206
34236
44454
34202
34207
34237
44455
34203
34208
34238
44456
34204
34209
34239
44457
34205
34210
34240
44458
34211
34241
44459
34207
34212
34242
34208
34213
34243
34209
34214
34244
34210
34215
34245
34211
34216
34246
34217
34247
34213
34218
34248
34214
34219
34249
34215
34220
34250
34216
34221
34251
34217
34222
34252
34223
34253
34219
34224
34254
34220
34225
34255
34221
34226
34256
34222
34227
34257
34223
34228
34258
34229
34259
34225
34230
34260
34226
34231
34261
34227
34232
34262
34228
34233
34263
34229
34234
34264
34235
34265
34231
34266
34232
34267
34233
34268
34234
34269
34235
34270
34271
34237
34242
34272
44490
34238
34243
34273
44491
34239
34244
34274
44492
34240
34245
34275
44493
34241
34246
34276
44494
34247
34277
44495
34243
34248
34278
34244
34249
34279
34245
34250
34280
34246
34251
34281
34247
34252
34282
34253
34283
34249
34254
34284
34250
34255
34285
34251
34256
34286
34252
34257
34287
34253
34258
34288
34259
34289
34255
34260
34290
34256
34261
34291
34257
34262
34292
34258
34263
34293
34259
34264
34294
34265
34295
34261
34266
34296
34262
34267
34297
34263
34268
34298
34264
34269
34299
34265
34270
34300
34271
34301
34267
34302
34268
34303
34269
34304
34270
34305
34271
34306
34307
34273
34278
34308
44526
34274
34279
34309
44527
34275
34280
34310
44528
34276
34281
34311
44529
34277
34282
34312
44530
34283
34313
44531
34279
34284
34314
34280
34285
34315
34281
34286
34316
34282
34287
34317
34283
34288
34318
34289
34319
34285
34290
34320
34286
34291
34321
34287
34292
34322
34288
34293
34323
34289
34294
34324
34295
34325
34291
34296
34326
34292
34297
34327
34293
34298
34328
34294
34299
34329
34295
34300
34330
34301
34331
34297
34302
34332
34298
34303
34333
34299
34304
34334
34300
34305
34335
34301
34306
34336
34307
34337
34303
34338
34304
34339
34305
34340
34306
34341
34307
34342
34343
34309
34314
34344
44562
34310
34315
34345
44563
34311
34316
34346
44564
34312
34317
34347
44565
34313
34318
34348
44566
34319
34349
44567
34315
34320
34350
34316
34321
34351
34317
34322
34352
34318
34323
34353
34319
34324
34354
34325
34355
34321
34326
34356
34322
34327
34357
34323
34328
34358
34324
34329
34359
34325
34330
34360
34331
34361
34327
34332
34362
34328
34333
34363
34329
34334
34364
34330
34335
34365
34331
34336
34366
34337
34367
34333
34338
34368
34334
34339
34369
34335
34340
34370
34336
34341
34371
34337
34342
34372
34343
34373
34339
34374
34340
34375
34341
34376
34342
34377
34343
34378
34379
34345
34350
34380
44598
34346
34351
34381
44599
34347
34352
34382
44600
34348
34353
34383
44601
34349
34354
34384
44602
34355
34385
44603
34351
34356
34386
34352
34357
34387
34353
34358
34388
34354
34359
34389
34355
34360
34390
34361
34391
34357
34362
34392
34358
34363
34393
34359
34364
34394
34360
34365
34395
34361
34366
34396
34367
34397
34363
34368
34398
34364
34369
34399
34365
34370
34400
34366
34371
34401
34367
34372
34402
34373
34403
34369
34374
34404
34370
34375
34405
34371
34376
34406
34372
34377
34407
34373
34378
34408
34379
34409
34375
34410
34376
34411
34377
34412
34378
34413
34379
34414
34415
34381
34386
34416
44634
34382
34387
34417
44635
34383
34388
34418
44636
34384
34389
34419
44637
34385
34390
34420
44638
34391
34421
44639
34387
34392
34422
34388
34393
34423
34389
34394
34424
34390
34395
34425
34391
34396
34426
34397
34427
34393
34398
34428
34394
34399
34429
34395
34400
34430
34396
34401
34431
34397
34402
34432
34403
34433
34399
34404
34434
34400
34405
34435
34401
34406
34436
34402
34407
34437
34403
34408
34438
34409
34439
34405
34410
34440
34406
34411
34441
34407
34412
34442
34408
34413
34443
34409
34414
34444
34415
34445
34411
34446
34412
34447
34413
34448
34414
34449
34415
34450
34451
34417
34422
34452
44670
34418
34423
34453
44671
34419
34424
34454
44672
34420
34425
34455
44673
34421
34426
34456
44674
34427
34457
44675
34423
34428
34458
34424
34429
34459
34425
34430
34460
34426
34431
34461
34427
34432
34462
34433
34463
34429
34434
34464
34430
34435
34465
34431
34436
34466
34432
34437
34467
34433
34438
34468
34439
34469
34435
34440
34470
34436
34441
34471
34437
34442
34472
34438
34443
34473
34439
34444
34474
34445
34475
34441
34446
34476
34442
34447
34477
34443
34448
34478
34444
34449
34479
34445
34450
34480
34451
34481
34447
34482
34448
34483
34449
34484
34450
34485
34451
34486
34487
34453
34458
34488
44706
34454
34459
34489
44707
34455
34460
34490
44708
34456
34461
34491
44709
34457
34462
34492
44710
34463
34493
44711
34459
34464
34494
34460
34465
34495
34461
34466
34496
34462
34467
34497
34463
34468
34498
34469
34499
34465
34470
34500
34466
34471
34501
34467
34472
34502
34468
34473
34503
34469
34474
34504
34475
34505
34471
34476
34506
34472
34477
34507
34473
34478
34508
34474
34479
34509
34475
34480
34510
34481
34511
34477
34482
34512
34478
34483
34513
34479
34484
34514
34480
34485
34515
34481
34486
34516
34487
34517
34483
34518
34484
34519
34485
34520
34486
34521
34487
34522
34523
34489
34494
34524
44742
34490
34495
34525
44743
34491
34496
34526
44744
34492
34497
34527
44745
34493
34498
34528
44746
34499
34529
44747
34495
34500
34530
34496
34501
34531
34497
34502
34532
34498
34503
34533
34499
34504
34534
34505
34535
34501
34506
34536
34502
34507
34537
34503
34508
34538
34504
34509
34539
34505
34510
34540
34511
34541
34507
34512
34542
34508
34513
34543
34509
34514
34544
34510
34515
34545
34511
34516
34546
34517
34547
34513
34518
34548
34514
34519
34549
34515
34520
34550
34516
34521
34551
34517
34522
34552
34523
34553
34519
34554
34520
34555
34521
34556
34522
34557
34523
34558
34559
34525
34530
34560
44778
34526
34531
34561
44779
34527
34532
34562
44780
34528
34533
34563
44781
34529
34534
34564
44782
34535
34565
44783
34531
34536
34566
34532
34537
34567
34533
34538
34568
34534
34539
34569
34535
34540
34570
34541
34571
34537
34542
34572
34538
34543
34573
34539
34544
34574
34540
34545
34575
34541
34546
34576
34547
34577
34543
34548
34578
34544
34549
34579
34545
34550
34580
34546
34551
34581
34547
34552
34582
34553
34583
34549
34554
34584
34550
34555
34585
34551
34556
34586
34552
34557
34587
34553
34558
34588
34559
34589
34555
34590
34556
34591
34557
34592
34558
34593
34559
34594
34595
34561
34566
34596
44814
34562
34567
34597
44815
34563
34568
34598
44816
34564
34569
34599
44817
34565
34570
34600
44818
34571
34601
44819
34567
34572
34602
34568
34573
34603
34569
34574
34604
34570
34575
34605
34571
34576
34606
34577
34607
34573
34578
34608
34574
34579
34609
34575
34580
34610
34576
34581
34611
34577
34582
34612
34583
34613
34579
34584
34614
34580
34585
34615
34581
34586
34616
34582
34587
34617
34583
34588
34618
34589
34619
34585
34590
34620
34586
34591
34621
34587
34592
34622
34588
34593
34623
34589
34594
34624
34595
34625
34591
34626
34592
34627
34593
34628
34594
34629
34595
34630
34631
34597
34602
34632
44850
34598
34603
34633
44851
34599
34604
34634
44852
34600
34605
34635
44853
34601
34606
34636
44854
34607
34637
44855
34603
34608
34638
34604
34609
34639
34605
34610
34640
34606
34611
34641
34607
34612
34642
34613
34643
34609
34614
34644
34610
34615
34645
34611
34616
34646
34612
34617
34647
34613
34618
34648
34619
34649
34615
34620
34650
34616
34621
34651
34617
34622
34652
34618
34623
34653
34619
34624
34654
34625
34655
34621
34626
34656
34622
34627
34657
34623
34628
34658
34624
34629
34659
34625
34630
34660
34631
34661
34627
34662
34628
34663
34629
34664
34630
34665
34631
34666
34667
34633
34638
34668
44886
34634
34639
34669
44887
34635
34640
34670
44888
34636
34641
34671
44889
34637
34642
34672
44890
34643
34673
44891
34639
34644
34674
34640
34645
34675
34641
34646
34676
34642
34647
34677
34643
34648
34678
34649
34679
34645
34650
34680
34646
34651
34681
34647
34652
34682
34648
34653
34683
34649
34654
34684
34655
34685
34651
34656
34686
34652
34657
34687
34653
34658
34688
34654
34659
34689
34655
34660
34690
34661
34691
34657
34662
34692
34658
34663
34693
34659
34664
34694
34660
34665
34695
34661
34666
34696
34667
34697
34663
34698
34664
34699
34665
34700
34666
34701
34667
34702
34703
34669
34674
34704
44922
34670
34675
34705
44923
34671
34676
34706
44924
34672
34677
34707
44925
34673
34678
34708
44926
34679
34709
44927
34675
34680
34710
34676
34681
34711
34677
34682
34712
34678
34683
34713
34679
34684
34714
34685
34715
34681
34686
34716
34682
34687
34717
34683
34688
34718
34684
34689
34719
34685
34690
34720
34691
34721
34687
34692
34722
34688
34693
34723
34689
34694
34724
34690
34695
34725
34691
34696
34726
34697
34727
34693
34698
34728
34694
34699
34729
34695
34700
34730
34696
34701
34731
34697
34702
34732
34703
34733
34699
34734
34700
34735
34701
34736
34702
34737
34703
34738
34739
34705
34710
34740
44958
34706
34711
34741
44959
34707
34712
34742
44960
34708
34713
34743
44961
34709
34714
34744
44962
34715
34745
44963
34711
34716
34746
34712
34717
34747
34713
34718
34748
34714
34719
34749
34715
34720
34750
34721
34751
34717
34722
34752
34718
34723
34753
34719
34724
34754
34720
34725
34755
34721
34726
34756
34727
34757
34723
34728
34758
34724
34729
34759
34725
34730
34760
34726
34731
34761
34727
34732
34762
34733
34763
34729
34734
34764
34730
34735
34765
34731
34736
34766
34732
34737
34767
34733
34738
34768
34739
34769
34735
34770
34736
34771
34737
34772
34738
34773
34739
34774
34775
34741
34746
34776
44994
34742
34747
34777
44995
34743
34748
34778
44996
34744
34749
34779
44997
34745
34750
34780
44998
34751
34781
44999
34747
34752
34782
34748
34753
34783
34749
34754
34784
34750
34755
34785
34751
34756
34786
34757
34787
34753
34758
34788
34754
34759
34789
34755
34760
34790
34756
34761
34791
34757
34762
34792
34763
34793
34759
34764
34794
34760
34765
34795
34761
34766
34796
34762
34767
34797
34763
34768
34798
34769
34799
34765
34770
34800
34766
34771
34801
34767
34772
34802
34768
34773
34803
34769
34774
34804
34775
34805
34771
34806
34772
34807
34773
34808
34774
34809
34775
34810
34811
34777
34782
34812
45030
34778
34783
34813
45031
34779
34784
34814
45032
34780
34785
34815
45033
34781
34786
34816
45034
34787
34817
45035
34783
34788
34818
34784
34789
34819
34785
34790
34820
34786
34791
34821
34787
34792
34822
34793
34823
34789
34794
34824
34790
34795
34825
34791
34796
34826
34792
34797
34827
34793
34798
34828
34799
34829
34795
34800
34830
34796
34801
34831
34797
34802
34832
34798
34803
34833
34799
34804
34834
34805
34835
34801
34806
34836
34802
34807
34837
34803
34808
34838
34804
34809
34839
34805
34810
34840
34811
34841
34807
34842
34808
34843
34809
34844
34810
34845
34811
34846
34847
34813
34818
34848
45066
34814
34819
34849
45067
34815
34820
34850
45068
34816
34821
34851
45069
34817
34822
34852
45070
34823
34853
45071
34819
34824
34854
34820
34825
34855
34821
34826
34856
34822
34827
34857
34823
34828
34858
34829
34859
34825
34830
34860
34826
34831
34861
34827
34832
34862
34828
34833
34863
34829
34834
34864
34835
34865
34831
34836
34866
34832
34837
34867
34833
34838
34868
34834
34839
34869
34835
34840
34870
34841
34871
34837
34842
34872
34838
34843
34873
34839
34844
34874
34840
34845
34875
34841
34846
34876
34847
34877
34843
34878
34844
34879
34845
34880
34846
34881
34847
34882
34883
34849
34854
34884
45102
34850
34855
34885
45103
34851
34856
34886
45104
34852
34857
34887
45105
34853
34858
34888
45106
34859
34889
45107
34855
34860
34890
34856
34861
34891
34857
34862
34892
34858
34863
34893
34859
34864
34894
34865
34895
34861
34866
34896
34862
34867
34897
34863
34868
34898
34864
34869
34899
34865
34870
34900
34871
34901
34867
34872
34902
34868
34873
34903
34869
34874
34904
34870
34875
34905
34871
34876
34906
34877
34907
34873
34878
34908
34874
34879
34909
34875
34880
34910
34876
34881
34911
34877
34882
34912
34883
34913
34879
34914
34880
34915
34881
34916
34882
34917
34883
34918
34919
34885
34890
34920
45138
34886
34891
34921
45139
34887
34892
34922
45140
34888
34893
34923
45141
34889
34894
34924
45142
34895
34925
45143
34891
34896
34926
34892
34897
34927
34893
34898
34928
34894
34899
34929
34895
34900
34930
34901
34931
34897
34902
34932
34898
34903
34933
34899
34904
34934
34900
34905
34935
34901
34906
34936
34907
34937
34903
34908
34938
34904
34909
34939
34905
34910
34940
34906
34911
34941
34907
34912
34942
34913
34943
34909
34914
34944
34910
34915
34945
34911
34916
34946
34912
34917
34947
34913
34918
34948
34919
34949
34915
34950
34916
34951
34917
34952
34918
34953
34919
34954
34955
34921
34926
34956
45174
34922
34927
34957
45175
34923
34928
34958
45176
34924
34929
34959
45177
34925
34930
34960
45178
34931
34961
45179
34927
34932
34962
34928
34933
34963
34929
34934
34964
34930
34935
34965
34931
34936
34966
34937
34967
34933
34938
34968
34934
34939
34969
34935
34940
34970
34936
34941
34971
34937
34942
34972
34943
34973
34939
34944
34974
34940
34945
34975
34941
34946
34976
34942
34947
34977
34943
34948
34978
34949
34979
34945
34950
34980
34946
34951
34981
34947
34952
34982
34948
34953
34983
34949
34954
34984
34955
34985
34951
34986
34952
34987
34953
34988
34954
34989
34955
34990
34991
34957
34962
34992
45210
34958
34963
34993
45211
34959
34964
34994
45212
34960
34965
34995
45213
34961
34966
34996
45214
34967
34997
45215
34963
34968
34998
34964
34969
34999
34965
34970
35000
34966
34971
35001
34967
34972
35002
34973
35003
34969
34974
35004
34970
34975
35005
34971
34976
35006
34972
34977
35007
34973
34978
35008
34979
35009
34975
34980
35010
34976
34981
35011
34977
34982
35012
34978
34983
35013
34979
34984
35014
34985
35015
34981
34986
35016
34982
34987
35017
34983
34988
35018
34984
34989
35019
34985
34990
35020
34991
35021
34987
35022
34988
35023
34989
35024
34990
35025
34991
35026
35027
34993
34998
35028
45246
34994
34999
35029
45247
34995
35000
35030
45248
34996
35001
35031
45249
34997
35002
35032
45250
35003
35033
45251
34999
35004
35034
35000
35005
35035
35001
35006
35036
35002
35007
35037
35003
35008
35038
35009
35039
35005
35010
35040
35006
35011
35041
35007
35012
35042
35008
35013
35043
35009
35014
35044
35015
35045
35011
35016
35046
35012
35017
35047
35013
35018
35048
35014
35019
35049
35015
35020
35050
35021
35051
35017
35022
35052
35018
35023
35053
35019
35024
35054
35020
35025
35055
35021
35026
35056
35027
35057
35023
35058
35024
35059
35025
35060
35026
35061
35027
35062
35063
35029
35034
35064
45282
35030
35035
35065
45283
35031
35036
35066
45284
35032
35037
35067
45285
35033
35038
35068
45286
35039
35069
45287
35035
35040
35070
35036
35041
35071
35037
35042
35072
35038
35043
35073
35039
35044
35074
35045
35075
35041
35046
35076
35042
35047
35077
35043
35048
35078
35044
35049
35079
35045
35050
35080
35051
35081
35047
35052
35082
35048
35053
35083
35049
35054
35084
35050
35055
35085
35051
35056
35086
35057
35087
35053
35058
35088
35054
35059
35089
35055
35060
35090
35056
35061
35091
35057
35062
35092
35063
35093
35059
35094
35060
35095
35061
35096
35062
35097
35063
35098
35099
35065
35070
35100
45318
35066
35071
35101
45319
35067
35072
35102
45320
35068
35073
35103
45321
35069
35074
35104
45322
35075
35105
45323
35071
35076
35106
35072
35077
35107
35073
35078
35108
35074
35079
35109
35075
35080
35110
35081
35111
35077
35082
35112
35078
35083
35113
35079
35084
35114
35080
35085
35115
35081
35086
35116
35087
35117
35083
35088
35118
35084
35089
35119
35085
35090
35120
35086
35091
35121
35087
35092
35122
35093
35123
35089
35094
35124
35090
35095
35125
35091
35096
35126
35092
35097
35127
35093
35098
35128
35099
35129
35095
35130
35096
35131
35097
35132
35098
35133
35099
35134
35135
35101
35106
35136
45354
35102
35107
35137
45355
35103
35108
35138
45356
35104
35109
35139
45357
35105
35110
35140
45358
35111
35141
45359
35107
35112
35142
35108
35113
35143
35109
35114
35144
35110
35115
35145
35111
35116
35146
35117
35147
35113
35118
35148
35114
35119
35149
35115
35120
35150
35116
35121
35151
35117
35122
35152
35123
35153
35119
35124
35154
35120
35125
35155
35121
35126
35156
35122
35127
35157
35123
35128
35158
35129
35159
35125
35130
35160
35126
35131
35161
35127
35132
35162
35128
35133
35163
35129
35134
35164
35135
35165
35131
35166
35132
35167
35133
35168
35134
35169
35135
35170
35171
35137
35142
35172
45390
35138
35143
35173
45391
35139
35144
35174
45392
35140
35145
35175
45393
35141
35146
35176
45394
35147
35177
45395
35143
35148
35178
35144
35149
35179
35145
35150
35180
35146
35151
35181
35147
35152
35182
35153
35183
35149
35154
35184
35150
35155
35185
35151
35156
35186
35152
35157
35187
35153
35158
35188
35159
35189
35155
35160
35190
35156
35161
35191
35157
35162
35192
35158
35163
35193
35159
35164
35194
35165
35195
35161
35166
35196
35162
35167
35197
35163
35168
35198
35164
35169
35199
35165
35170
35200
35171
35201
35167
35202
35168
35203
35169
35204
35170
35205
35171
35206
35207
35173
35178
35208
45426
35174
35179
35209
45427
35175
35180
35210
45428
35176
35181
35211
45429
35177
35182
35212
45430
35183
35213
45431
35179
35184
35214
35180
35185
35215
35181
35186
35216
35182
35187
35217
35183
35188
35218
35189
35219
35185
35190
35220
35186
35191
35221
35187
35192
35222
35188
35193
35223
35189
35194
35224
35195
35225
35191
35196
35226
35192
35197
35227
35193
35198
35228
35194
35199
35229
35195
35200
35230
35201
35231
35197
35202
35232
35198
35203
35233
35199
35204
35234
35200
35205
35235
35201
35206
35236
35207
35237
35203
35238
35204
35239
35205
35240
35206
35241
35207
35242
35243
35209
35214
35244
45462
35210
35215
35245
45463
35211
35216
35246
45464
35212
35217
35247
45465
35213
35218
35248
45466
35219
35249
45467
35215
35220
35250
35216
35221
35251
35217
35222
35252
35218
35223
35253
35219
35224
35254
35225
35255
35221
35226
35256
35222
35227
35257
35223
35228
35258
35224
35229
35259
35225
35230
35260
35231
35261
35227
35232
35262
35228
35233
35263
35229
35234
35264
35230
35235
35265
35231
35236
35266
35237
35267
35233
35238
35268
35234
35239
35269
35235
35240
35270
35236
35241
35271
35237
35242
35272
35243
35273
35239
35274
35240
35275
35241
35276
35242
35277
35243
35278
35279
35245
35250
35280
45498
35246
35251
35281
45499
35247
35252
35282
45500
35248
35253
35283
45501
35249
35254
35284
45502
35255
35285
45503
35251
35256
35286
35252
35257
35287
35253
35258
35288
35254
35259
35289
35255
35260
35290
35261
35291
35257
35262
35292
35258
35263
35293
35259
35264
35294
35260
35265
35295
35261
35266
35296
35267
35297
35263
35268
35298
35264
35269
35299
35265
35270
35300
35266
35271
35301
35267
35272
35302
35273
35303
35269
35274
35304
35270
35275
35305
35271
35276
35306
35272
35277
35307
35273
35278
35308
35279
35309
35275
35310
35276
35311
35277
35312
35278
35313
35279
35314
35315
35281
35286
35316
45534
35282
35287
35317
45535
35283
35288
35318
45536
35284
35289
35319
45537
35285
35290
35320
45538
35291
35321
45539
35287
35292
35322
35288
35293
35323
35289
35294
35324
35290
35295
35325
35291
35296
35326
35297
35327
35293
35298
35328
35294
35299
35329
35295
35300
35330
35296
35301
35331
35297
35302
35332
35303
35333
35299
35304
35334
35300
35305
35335
35301
35306
35336
35302
35307
35337
35303
35308
35338
35309
35339
35305
35310
35340
35306
35311
35341
35307
35312
35342
35308
35313
35343
35309
35314
35344
35315
35345
35311
35346
35312
35347
35313
35348
35314
35349
35315
35350
35351
35317
35322
35352
45570
35318
35323
35353
45571
35319
35324
35354
45572
35320
35325
35355
45573
35321
35326
35356
45574
35327
35357
45575
35323
35328
35358
35324
35329
35359
35325
35330
35360
35326
35331
35361
35327
35332
35362
35333
35363
35329
35334
35364
35330
35335
35365
35331
35336
35366
35332
35337
35367
35333
35338
35368
35339
35369
35335
35340
35370
35336
35341
35371
35337
35342
35372
35338
35343
35373
35339
35344
35374
35345
35375
35341
35346
35376
35342
35347
35377
35343
35348
35378
35344
35349
35379
35345
35350
35380
35351
35381
35347
35382
35348
35383
35349
35384
35350
35385
35351
35386
35387
35353
35358
35388
45606
35354
35359
35389
45607
35355
35360
35390
45608
35356
35361
35391
45609
35357
35362
35392
45610
35363
35393
45611
35359
35364
35394
35360
35365
35395
35361
35366
35396
35362
35367
35397
35363
35368
35398
35369
35399
35365
35370
35400
35366
35371
35401
35367
35372
35402
35368
35373
35403
35369
35374
35404
35375
35405
35371
35376
35406
35372
35377
35407
35373
35378
35408
35374
35379
35409
35375
35380
35410
35381
35411
35377
35382
35412
35378
35383
35413
35379
35384
35414
35380
35385
35415
35381
35386
35416
35387
35417
35383
35418
35384
35419
35385
35420
35386
35421
35387
35422
35423
35389
35394
35424
45642
35390
35395
35425
45643
35391
35396
35426
45644
35392
35397
35427
45645
35393
35398
35428
45646
35399
35429
45647
35395
35400
35430
35396
35401
35431
35397
35402
35432
35398
35403
35433
35399
35404
35434
35405
35435
35401
35406
35436
35402
35407
35437
35403
35408
35438
35404
35409
35439
35405
35410
35440
35411
35441
35407
35412
35442
35408
35413
35443
35409
35414
35444
35410
35415
35445
35411
35416
35446
35417
35447
35413
35418
35448
35414
35419
35449
35415
35420
35450
35416
35421
35451
35417
35422
35452
35423
35453
35419
35454
35420
35455
35421
35456
35422
35457
35423
35458
35459
35425
35430
35460
45678
35426
35431
35461
45679
35427
35432
35462
45680
35428
35433
35463
45681
35429
35434
35464
45682
35435
35465
45683
35431
35436
35466
35432
35437
35467
35433
35438
35468
35434
35439
35469
35435
35440
35470
35441
35471
35437
35442
35472
35438
35443
35473
35439
35444
35474
35440
35445
35475
35441
35446
35476
35447
35477
35443
35448
35478
35444
35449
35479
35445
35450
35480
35446
35451
35481
35447
35452
35482
35453
35483
35449
35454
35484
35450
35455
35485
35451
35456
35486
35452
35457
35487
35453
35458
35488
35459
35489
35455
35490
35456
35491
35457
35492
35458
35493
35459
35494
35495
35461
35466
35496
45714
35462
35467
35497
45715
35463
35468
35498
45716
35464
35469
35499
45717
35465
35470
35500
45718
35471
35501
45719
35467
35472
35502
35468
35473
35503
35469
35474
35504
35470
35475
35505
35471
35476
35506
35477
35507
35473
35478
35508
35474
35479
35509
35475
35480
35510
35476
35481
35511
35477
35482
35512
35483
35513
35479
35484
35514
35480
35485
35515
35481
35486
35516
35482
35487
35517
35483
35488
35518
35489
35519
35485
35490
35520
35486
35491
35521
35487
35492
35522
35488
35493
35523
35489
35494
35524
35495
35525
35491
35526
35492
35527
35493
35528
35494
35529
35495
35530
35531
35497
35502
35532
45750
35498
35503
35533
45751
35499
35504
35534
45752
35500
35505
35535
45753
35501
35506
35536
45754
35507
35537
45755
35503
35508
35538
35504
35509
35539
35505
35510
35540
35506
35511
35541
35507
35512
35542
35513
35543
35509
35514
35544
35510
35515
35545
35511
35516
35546
35512
35517
35547
35513
35518
35548
35519
35549
35515
35520
35550
35516
35521
35551
35517
35522
35552
35518
35523
35553
35519
35524
35554
35525
35555
35521
35526
35556
35522
35527
35557
35523
35528
35558
35524
35529
35559
35525
35530
35560
35531
35561
35527
35562
35528
35563
35529
35564
35530
35565
35531
35566
35567
35533
35538
35568
45786
35534
35539
35569
45787
35535
35540
35570
45788
35536
35541
35571
45789
35537
35542
35572
45790
35543
35573
45791
35539
35544
35574
35540
35545
35575
35541
35546
35576
35542
35547
35577
35543
35548
35578
35549
35579
35545
35550
35580
35546
35551
35581
35547
35552
35582
35548
35553
35583
35549
35554
35584
35555
35585
35551
35556
35586
35552
35557
35587
35553
35558
35588
35554
35559
35589
35555
35560
35590
35561
35591
35557
35562
35592
35558
35563
35593
35559
35564
35594
35560
35565
35595
35561
35566
35596
35567
35597
35563
35598
35564
35599
35565
35600
35566
35601
35567
35602
35603
35569
35574
35604
45822
35570
35575
35605
45823
35571
35576
35606
45824
35572
35577
35607
45825
35573
35578
35608
45826
35579
35609
45827
35575
35580
35610
35576
35581
35611
35577
35582
35612
35578
35583
35613
35579
35584
35614
35585
35615
35581
35586
35616
35582
35587
35617
35583
35588
35618
35584
35589
35619
35585
35590
35620
35591
35621
35587
35592
35622
35588
35593
35623
35589
35594
35624
35590
35595
35625
35591
35596
35626
35597
35627
35593
35598
35628
35594
35599
35629
35595
35600
35630
35596
35601
35631
35597
35602
35632
35603
35633
35599
35634
35600
35635
35601
35636
35602
35637
35603
35638
35639
35605
35610
35640
45858
35606
35611
35641
45859
35607
35612
35642
45860
35608
35613
35643
45861
35609
35614
35644
45862
35615
35645
45863
35611
35616
35646
35612
35617
35647
35613
35618
35648
35614
35619
35649
35615
35620
35650
35621
35651
35617
35622
35652
35618
35623
35653
35619
35624
35654
35620
35625
35655
35621
35626
35656
35627
35657
35623
35628
35658
35624
35629
35659
35625
35630
35660
35626
35631
35661
35627
35632
35662
35633
35663
35629
35634
35664
35630
35635
35665
35631
35636
35666
35632
35637
35667
35633
35638
35668
35639
35669
35635
35670
35636
35671
35637
35672
35638
35673
35639
35674
35675
35641
35646
35676
45894
35642
35647
35677
45895
35643
35648
35678
45896
35644
35649
35679
45897
35645
35650
35680
45898
35651
35681
45899
35647
35652
35682
35648
35653
35683
35649
35654
35684
35650
35655
35685
35651
35656
35686
35657
35687
35653
35658
35688
35654
35659
35689
35655
35660
35690
35656
35661
35691
35657
35662
35692
35663
35693
35659
35664
35694
35660
35665
35695
35661
35666
35696
35662
35667
35697
35663
35668
35698
35669
35699
35665
35670
35700
35666
35671
35701
35667
35672
35702
35668
35673
35703
35669
35674
35704
35675
35705
35671
35706
35672
35707
35673
35708
35674
35709
35675
35710
35711
35677
35682
35712
45930
35678
35683
35713
45931
35679
35684
35714
45932
35680
35685
35715
45933
35681
35686
35716
45934
35687
35717
45935
35683
35688
35718
35684
35689
35719
35685
35690
35720
35686
35691
35721
35687
35692
35722
35693
35723
35689
35694
35724
35690
35695
35725
35691
35696
35726
35692
35697
35727
35693
35698
35728
35699
35729
35695
35700
35730
35696
35701
35731
35697
35702
35732
35698
35703
35733
35699
35704
35734
35705
35735
35701
35706
35736
35702
35707
35737
35703
35708
35738
35704
35709
35739
35705
35710
35740
35711
35741
35707
35742
35708
35743
35709
35744
35710
35745
35711
35746
35747
35713
35718
35748
45966
35714
35719
35749
45967
35715
35720
35750
45968
35716
35721
35751
45969
35717
35722
35752
45970
35723
35753
45971
35719
35724
35754
35720
35725
35755
35721
35726
35756
35722
35727
35757
35723
35728
35758
35729
35759
35725
35730
35760
35726
35731
35761
35727
35732
35762
35728
35733
35763
35729
35734
35764
35735
35765
35731
35736
35766
35732
35737
35767
35733
35738
35768
35734
35739
35769
35735
35740
35770
35741
35771
35737
35742
35772
35738
35743
35773
35739
35744
35774
35740
35745
35775
35741
35746
35776
35747
35777
35743
35778
35744
35779
35745
35780
35746
35781
35747
35782
35783
35749
35754
35784
46002
35750
35755
35785
46003
35751
35756
35786
46004
35752
35757
35787
46005
35753
35758
35788
46006
35759
35789
46007
35755
35760
35790
35756
35761
35791
35757
35762
35792
35758
35763
35793
35759
35764
35794
35765
35795
35761
35766
35796
35762
35767
35797
35763
35768
35798
35764
35769
35799
35765
35770
35800
35771
35801
35767
35772
35802
35768
35773
35803
35769
35774
35804
35770
35775
35805
35771
35776
35806
35777
35807
35773
35778
35808
35774
35779
35809
35775
35780
35810
35776
35781
35811
35777
35782
35812
35783
35813
35779
35814
35780
35815
35781
35816
35782
35817
35783
35818
35819
35785
35790
35820
46038
35786
35791
35821
46039
35787
35792
35822
46040
35788
35793
35823
46041
35789
35794
35824
46042
35795
35825
46043
35791
35796
35826
35792
35797
35827
35793
35798
35828
35794
35799
35829
35795
35800
35830
35801
35831
35797
35802
35832
35798
35803
35833
35799
35804
35834
35800
35805
35835
35801
35806
35836
35807
35837
35803
35808
35838
35804
35809
35839
35805
35810
35840
35806
35811
35841
35807
35812
35842
35813
35843
35809
35814
35844
35810
35815
35845
35811
35816
35846
35812
35817
35847
35813
35818
35848
35819
35849
35815
35850
35816
35851
35817
35852
35818
35853
35819
35854
35855
35821
35826
35856
46074
35822
35827
35857
46075
35823
35828
35858
46076
35824
35829
35859
46077
35825
35830
35860
46078
35831
35861
46079
35827
35832
35862
35828
35833
35863
35829
35834
35864
35830
35835
35865
35831
35836
35866
35837
35867
35833
35838
35868
35834
35839
35869
35835
35840
35870
35836
35841
35871
35837
35842
35872
35843
35873
35839
35844
35874
35840
35845
35875
35841
35846
35876
35842
35847
35877
35843
35848
35878
35849
35879
35845
35850
35880
35846
35851
35881
35847
35852
35882
35848
35853
35883
35849
35854
35884
35855
35885
35851
35886
35852
35887
35853
35888
35854
35889
35855
35890
35891
35857
35862
35892
46110
35858
35863
35893
46111
35859
35864
35894
46112
35860
35865
35895
46113
35861
35866
35896
46114
35867
35897
46115
35863
35868
35898
35864
35869
35899
35865
35870
35900
35866
35871
35901
35867
35872
35902
35873
35903
35869
35874
35904
35870
35875
35905
35871
35876
35906
35872
35877
35907
35873
35878
35908
35879
35909
35875
35880
35910
35876
35881
35911
35877
35882
35912
35878
35883
35913
35879
35884
35914
35885
35915
35881
35886
35916
35882
35887
35917
35883
35888
35918
35884
35889
35919
35885
35890
35920
35891
35921
35887
35922
35888
35923
35889
35924
35890
35925
35891
35926
35927
35893
35898
35928
46146
35894
35899
35929
46147
35895
35900
35930
46148
35896
35901
35931
46149
35897
35902
35932
46150
35903
35933
46151
35899
35904
35934
35900
35905
35935
35901
35906
35936
35902
35907
35937
35903
35908
35938
35909
35939
35905
35910
35940
35906
35911
35941
35907
35912
35942
35908
35913
35943
35909
35914
35944
35915
35945
35911
35916
35946
35912
35917
35947
35913
35918
35948
35914
35919
35949
35915
35920
35950
35921
35951
35917
35922
35952
35918
35923
35953
35919
35924
35954
35920
35925
35955
35921
35926
35956
35927
35957
35923
35958
35924
35959
35925
35960
35926
35961
35927
35962
35963
35929
35934
35964
46182
35930
35935
35965
46183
35931
35936
35966
46184
35932
35937
35967
46185
35933
35938
35968
46186
35939
35969
46187
35935
35940
35970
35936
35941
35971
35937
35942
35972
35938
35943
35973
35939
35944
35974
35945
35975
35941
35946
35976
35942
35947
35977
35943
35948
35978
35944
35949
35979
35945
35950
35980
35951
35981
35947
35952
35982
35948
35953
35983
35949
35954
35984
35950
35955
35985
35951
35956
35986
35957
35987
35953
35958
35988
35954
35959
35989
35955
35960
35990
35956
35961
35991
35957
35962
35992
35963
35993
35959
35994
35960
35995
35961
35996
35962
35997
35963
35998
35999
35965
35970
36000
46218
35966
35971
36001
46219
35967
35972
36002
46220
35968
35973
36003
46221
35969
35974
36004
46222
35975
36005
46223
35971
35976
36006
35972
35977
36007
35973
35978
36008
35974
35979
36009
35975
35980
36010
35981
36011
35977
35982
36012
35978
35983
36013
35979
35984
36014
35980
35985
36015
35981
35986
36016
35987
36017
35983
35988
36018
35984
35989
36019
35985
35990
36020
35986
35991
36021
35987
35992
36022
35993
36023
35989
35994
36024
35990
35995
36025
35991
35996
36026
35992
35997
36027
35993
35998
36028
35999
36029
35995
36030
35996
36031
35997
36032
35998
36033
35999
36034
36035
36001
36006
36036
46254
36002
36007
36037
46255
36003
36008
36038
46256
36004
36009
36039
46257
36005
36010
36040
46258
36011
36041
46259
36007
36012
36042
36008
36013
36043
36009
36014
36044
36010
36015
36045
36011
36016
36046
36017
36047
36013
36018
36048
36014
36019
36049
36015
36020
36050
36016
36021
36051
36017
36022
36052
36023
36053
36019
36024
36054
36020
36025
36055
36021
36026
36056
36022
36027
36057
36023
36028
36058
36029
36059
36025
36030
36060
36026
36031
36061
36027
36032
36062
36028
36033
36063
36029
36034
36064
36035
36065
36031
36066
36032
36067
36033
36068
36034
36069
36035
36070
36071
36037
36042
36072
46290
36038
36043
36073
46291
36039
36044
36074
46292
36040
36045
36075
46293
36041
36046
36076
46294
36047
36077
46295
36043
36048
36078
36044
36049
36079
36045
36050
36080
36046
36051
36081
36047
36052
36082
36053
36083
36049
36054
36084
36050
36055
36085
36051
36056
36086
36052
36057
36087
36053
36058
36088
36059
36089
36055
36060
36090
36056
36061
36091
36057
36062
36092
36058
36063
36093
36059
36064
36094
36065
36095
36061
36066
36096
36062
36067
36097
36063
36068
36098
36064
36069
36099
36065
36070
36100
36071
36101
36067
36102
36068
36103
36069
36104
36070
36105
36071
36106
36107
36073
36078
36108
46326
36074
36079
36109
46327
36075
36080
36110
46328
36076
36081
36111
46329
36077
36082
36112
46330
36083
36113
46331
36079
36084
36114
36080
36085
36115
36081
36086
36116
36082
36087
36117
36083
36088
36118
36089
36119
36085
36090
36120
36086
36091
36121
36087
36092
36122
36088
36093
36123
36089
36094
36124
36095
36125
36091
36096
36126
36092
36097
36127
36093
36098
36128
36094
36099
36129
36095
36100
36130
36101
36131
36097
36102
36132
36098
36103
36133
36099
36104
36134
36100
36105
36135
36101
36106
36136
36107
36137
36103
36138
36104
36139
36105
36140
36106
36141
36107
36142
36143
36109
36114
36144
46362
36110
36115
36145
46363
36111
36116
36146
46364
36112
36117
36147
46365
36113
36118
36148
46366
36119
36149
46367
36115
36120
36150
36116
36121
36151
36117
36122
36152
36118
36123
36153
36119
36124
36154
36125
36155
36121
36126
36156
36122
36127
36157
36123
36128
36158
36124
36129
36159
36125
36130
36160
36131
36161
36127
36132
36162
36128
36133
36163
36129
36134
36164
36130
36135
36165
36131
36136
36166
36137
36167
36133
36138
36168
36134
36139
36169
36135
36140
36170
36136
36141
36171
36137
36142
36172
36143
36173
36139
36174
36140
36175
36141
36176
36142
36177
36143
36178
36179
36145
36150
36180
46398
36146
36151
36181
46399
36147
36152
36182
46400
36148
36153
36183
46401
36149
36154
36184
46402
36155
36185
46403
36151
36156
36186
36152
36157
36187
36153
36158
36188
36154
36159
36189
36155
36160
36190
36161
36191
36157
36162
36192
36158
36163
36193
36159
36164
36194
36160
36165
36195
36161
36166
36196
36167
36197
36163
36168
36198
36164
36169
36199
36165
36170
36200
36166
36171
36201
36167
36172
36202
36173
36203
36169
36174
36204
36170
36175
36205
36171
36176
36206
36172
36177
36207
36173
36178
36208
36179
36209
36175
36210
36176
36211
36177
36212
36178
36213
36179
36214
36215
36181
36186
36216
46434
36182
36187
36217
46435
36183
36188
36218
46436
36184
36189
36219
46437
36185
36190
36220
46438
36191
36221
46439
36187
36192
36222
36188
36193
36223
36189
36194
36224
36190
36195
36225
36191
36196
36226
36197
36227
36193
36198
36228
36194
36199
36229
36195
36200
36230
36196
36201
36231
36197
36202
36232
36203
36233
36199
36204
36234
36200
36205
36235
36201
36206
36236
36202
36207
36237
36203
36208
36238
36209
36239
36205
36210
36240
36206
36211
36241
36207
36212
36242
36208
36213
36243
36209
36214
36244
36215
36245
36211
36246
36212
36247
36213
36248
36214
36249
36215
36250
36251
36217
36222
36252
46470
36218
36223
36253
46471
36219
36224
36254
46472
36220
36225
36255
46473
36221
36226
36256
46474
36227
36257
46475
36223
36228
36258
36224
36229
36259
36225
36230
36260
36226
36231
36261
36227
36232
36262
36233
36263
36229
36234
36264
36230
36235
36265
36231
36236
36266
36232
36237
36267
36233
36238
36268
36239
36269
36235
36240
36270
36236
36241
36271
36237
36242
36272
36238
36243
36273
36239
36244
36274
36245
36275
36241
36246
36276
36242
36247
36277
36243
36248
36278
36244
36249
36279
36245
36250
36280
36251
36281
36247
36282
36248
36283
36249
36284
36250
36285
36251
36286
36287
36253
36258
36288
46506
36254
36259
36289
46507
36255
36260
36290
46508
36256
36261
36291
46509
36257
36262
36292
46510
36263
36293
46511
36259
36264
36294
36260
36265
36295
36261
36266
36296
36262
36267
36297
36263
36268
36298
36269
36299
36265
36270
36300
36266
36271
36301
36267
36272
36302
36268
36273
36303
36269
36274
36304
36275
36305
36271
36276
36306
36272
36277
36307
36273
36278
36308
36274
36279
36309
36275
36280
36310
36281
36311
36277
36282
36312
36278
36283
36313
36279
36284
36314
36280
36285
36315
36281
36286
36316
36287
36317
36283
36318
36284
36319
36285
36320
36286
36321
36287
36322
36323
36289
36294
36324
46542
36290
36295
36325
46543
36291
36296
36326
46544
36292
36297
36327
46545
36293
36298
36328
46546
36299
36329
46547
36295
36300
36330
36296
36301
36331
36297
36302
36332
36298
36303
36333
36299
36304
36334
36305
36335
36301
36306
36336
36302
36307
36337
36303
36308
36338
36304
36309
36339
36305
36310
36340
36311
36341
36307
36312
36342
36308
36313
36343
36309
36314
36344
36310
36315
36345
36311
36316
36346
36317
36347
36313
36318
36348
36314
36319
36349
36315
36320
36350
36316
36321
36351
36317
36322
36352
36323
36353
36319
36354
36320
36355
36321
36356
36322
36357
36323
36358
36359
36325
36330
36360
46578
36326
36331
36361
46579
36327
36332
36362
46580
36328
36333
36363
46581
36329
36334
36364
46582
36335
36365
46583
36331
36336
36366
36332
36337
36367
36333
36338
36368
36334
36339
36369
36335
36340
36370
36341
36371
36337
36342
36372
36338
36343
36373
36339
36344
36374
36340
36345
36375
36341
36346
36376
36347
36377
36343
36348
36378
36344
36349
36379
36345
36350
36380
36346
36351
36381
36347
36352
36382
36353
36383
36349
36354
36384
36350
36355
36385
36351
36356
36386
36352
36357
36387
36353
36358
36388
36359
36389
36355
36390
36356
36391
36357
36392
36358
36393
36359
36394
36395
36361
36366
36396
46614
36362
36367
36397
46615
36363
36368
36398
46616
36364
36369
36399
46617
36365
36370
36400
46618
36371
36401
46619
36367
36372
36402
36368
36373
36403
36369
36374
36404
36370
36375
36405
36371
36376
36406
36377
36407
36373
36378
36408
36374
36379
36409
36375
36380
36410
36376
36381
36411
36377
36382
36412
36383
36413
36379
36384
36414
36380
36385
36415
36381
36386
36416
36382
36387
36417
36383
36388
36418
36389
36419
36385
36390
36420
36386
36391
36421
36387
36392
36422
36388
36393
36423
36389
36394
36424
36395
36425
36391
36426
36392
36427
36393
36428
36394
36429
36395
36430
36431
36397
36402
36432
46650
36398
36403
36433
46651
36399
36404
36434
46652
36400
36405
36435
46653
36401
36406
36436
46654
36407
36437
46655
36403
36408
36438
36404
36409
36439
36405
36410
36440
36406
36411
36441
36407
36412
36442
36413
36443
36409
36414
36444
36410
36415
36445
36411
36416
36446
36412
36417
36447
36413
36418
36448
36419
36449
36415
36420
36450
36416
36421
36451
36417
36422
36452
36418
36423
36453
36419
36424
36454
36425
36455
36421
36426
36456
36422
36427
36457
36423
36428
36458
36424
36429
36459
36425
36430
36460
36431
36461
36427
36462
36428
36463
36429
36464
36430
36465
36431
36466
36467
36433
36438
36468
46686
36434
36439
36469
46687
36435
36440
36470
46688
36436
36441
36471
46689
36437
36442
36472
46690
36443
36473
46691
36439
36444
36474
36440
36445
36475
36441
36446
36476
36442
36447
36477
36443
36448
36478
36449
36479
36445
36450
36480
36446
36451
36481
36447
36452
36482
36448
36453
36483
36449
36454
36484
36455
36485
36451
36456
36486
36452
36457
36487
36453
36458
36488
36454
36459
36489
36455
36460
36490
36461
36491
36457
36462
36492
36458
36463
36493
36459
36464
36494
36460
36465
36495
36461
36466
36496
36467
36497
36463
36498
36464
36499
36465
36500
36466
36501
36467
36502
36503
36469
36474
36504
46722
36470
36475
36505
46723
36471
36476
36506
46724
36472
36477
36507
46725
36473
36478
36508
46726
36479
36509
46727
36475
36480
36510
36476
36481
36511
36477
36482
36512
36478
36483
36513
36479
36484
36514
36485
36515
36481
36486
36516
36482
36487
36517
36483
36488
36518
36484
36489
36519
36485
36490
36520
36491
36521
36487
36492
36522
36488
36493
36523
36489
36494
36524
36490
36495
36525
36491
36496
36526
36497
36527
36493
36498
36528
36494
36499
36529
36495
36500
36530
36496
36501
36531
36497
36502
36532
36503
36533
36499
36534
36500
36535
36501
36536
36502
36537
36503
36538
36539
36505
36510
36540
46758
36506
36511
36541
46759
36507
36512
36542
46760
36508
36513
36543
46761
36509
36514
36544
46762
36515
36545
46763
36511
36516
36546
36512
36517
36547
36513
36518
36548
36514
36519
36549
36515
36520
36550
36521
36551
36517
36522
36552
36518
36523
36553
36519
36524
36554
36520
36525
36555
36521
36526
36556
36527
36557
36523
36528
36558
36524
36529
36559
36525
36530
36560
36526
36531
36561
36527
36532
36562
36533
36563
36529
36534
36564
36530
36535
36565
36531
36536
36566
36532
36537
36567
36533
36538
36568
36539
36569
36535
36570
36536
36571
36537
36572
36538
36573
36539
36574
36575
36541
36546
36576
46794
36542
36547
36577
46795
36543
36548
36578
46796
36544
36549
36579
46797
36545
36550
36580
46798
36551
36581
46799
36547
36552
36582
36548
36553
36583
36549
36554
36584
36550
36555
36585
36551
36556
36586
36557
36587
36553
36558
36588
36554
36559
36589
36555
36560
36590
36556
36561
36591
36557
36562
36592
36563
36593
36559
36564
36594
36560
36565
36595
36561
36566
36596
36562
36567
36597
36563
36568
36598
36569
36599
36565
36570
36600
36566
36571
36601
36567
36572
36602
36568
36573
36603
36569
36574
36604
36575
36605
36571
36606
36572
36607
36573
36608
36574
36609
36575
36610
36611
36577
36582
36612
46830
36578
36583
36613
46831
36579
36584
36614
46832
36580
36585
36615
46833
36581
36586
36616
46834
36587
36617
46835
36583
36588
36618
36584
36589
36619
36585
36590
36620
36586
36591
36621
36587
36592
36622
36593
36623
36589
36594
36624
36590
36595
36625
36591
36596
36626
36592
36597
36627
36593
36598
36628
36599
36629
36595
36600
36630
36596
36601
36631
36597
36602
36632
36598
36603
36633
36599
36604
36634
36605
36635
36601
36606
36636
36602
36607
36637
36603
36608
36638
36604
36609
36639
36605
36610
36640
36611
36641
36607
36642
36608
36643
36609
36644
36610
36645
36611
36646
36647
36613
36618
36648
46866
36614
36619
36649
46867
36615
36620
36650
46868
36616
36621
36651
46869
36617
36622
36652
46870
36623
36653
46871
36619
36624
36654
36620
36625
36655
36621
36626
36656
36622
36627
36657
36623
36628
36658
36629
36659
36625
36630
36660
36626
36631
36661
36627
36632
36662
36628
36633
36663
36629
36634
36664
36635
36665
36631
36636
36666
36632
36637
36667
36633
36638
36668
36634
36639
36669
36635
36640
36670
36641
36671
36637
36642
36672
36638
36643
36673
36639
36644
36674
36640
36645
36675
36641
36646
36676
36647
36677
36643
36678
36644
36679
36645
36680
36646
36681
36647
36682
36683
36649
36654
36684
46902
36650
36655
36685
46903
36651
36656
36686
46904
36652
36657
36687
46905
36653
36658
36688
46906
36659
36689
46907
36655
36660
36690
36656
36661
36691
36657
36662
36692
36658
36663
36693
36659
36664
36694
36665
36695
36661
36666
36696
36662
36667
36697
36663
36668
36698
36664
36669
36699
36665
36670
36700
36671
36701
36667
36672
36702
36668
36673
36703
36669
36674
36704
36670
36675
36705
36671
36676
36706
36677
36707
36673
36678
36708
36674
36679
36709
36675
36680
36710
36676
36681
36711
36677
36682
36712
36683
36713
36679
36714
36680
36715
36681
36716
36682
36717
36683
36718
36719
36685
36690
36720
46938
36686
36691
36721
46939
36687
36692
36722
46940
36688
36693
36723
46941
36689
36694
36724
46942
36695
36725
46943
36691
36696
36726
36692
36697
36727
36693
36698
36728
36694
36699
36729
36695
36700
36730
36701
36731
36697
36702
36732
36698
36703
36733
36699
36704
36734
36700
36705
36735
36701
36706
36736
36707
36737
36703
36708
36738
36704
36709
36739
36705
36710
36740
36706
36711
36741
36707
36712
36742
36713
36743
36709
36714
36744
36710
36715
36745
36711
36716
36746
36712
36717
36747
36713
36718
36748
36719
36749
36715
36750
36716
36751
36717
36752
36718
36753
36719
36754
36755
36721
36726
36756
46974
36722
36727
36757
46975
36723
36728
36758
46976
36724
36729
36759
46977
36725
36730
36760
46978
36731
36761
46979
36727
36732
36762
36728
36733
36763
36729
36734
36764
36730
36735
36765
36731
36736
36766
36737
36767
36733
36738
36768
36734
36739
36769
36735
36740
36770
36736
36741
36771
36737
36742
36772
36743
36773
36739
36744
36774
36740
36745
36775
36741
36746
36776
36742
36747
36777
36743
36748
36778
36749
36779
36745
36750
36780
36746
36751
36781
36747
36752
36782
36748
36753
36783
36749
36754
36784
36755
36785
36751
36786
36752
36787
36753
36788
36754
36789
36755
36790
36791
36757
36762
36792
47010
36758
36763
36793
47011
36759
36764
36794
47012
36760
36765
36795
47013
36761
36766
36796
47014
36767
36797
47015
36763
36768
36798
36764
36769
36799
36765
36770
36800
36766
36771
36801
36767
36772
36802
36773
36803
36769
36774
36804
36770
36775
36805
36771
36776
36806
36772
36777
36807
36773
36778
36808
36779
36809
36775
36780
36810
36776
36781
36811
36777
36782
36812
36778
36783
36813
36779
36784
36814
36785
36815
36781
36786
36816
36782
36787
36817
36783
36788
36818
36784
36789
36819
36785
36790
36820
36791
36821
36787
36822
36788
36823
36789
36824
36790
36825
36791
36826
36827
36793
36798
36828
47046
36794
36799
36829
47047
36795
36800
36830
47048
36796
36801
36831
47049
36797
36802
36832
47050
36803
36833
47051
36799
36804
36834
36800
36805
36835
36801
36806
36836
36802
36807
36837
36803
36808
36838
36809
36839
36805
36810
36840
36806
36811
36841
36807
36812
36842
36808
36813
36843
36809
36814
36844
36815
36845
36811
36816
36846
36812
36817
36847
36813
36818
36848
36814
36819
36849
36815
36820
36850
36821
36851
36817
36822
36852
36818
36823
36853
36819
36824
36854
36820
36825
36855
36821
36826
36856
36827
36857
36823
36858
36824
36859
36825
36860
36826
36861
36827
36862
36863
36829
36834
36864
47082
36830
36835
36865
47083
36831
36836
36866
47084
36832
36837
36867
47085
36833
36838
36868
47086
36839
36869
47087
36835
36840
36870
36836
36841
36871
36837
36842
36872
36838
36843
36873
36839
36844
36874
36845
36875
36841
36846
36876
36842
36847
36877
36843
36848
36878
36844
36849
36879
36845
36850
36880
36851
36881
36847
36852
36882
36848
36853
36883
36849
36854
36884
36850
36855
36885
36851
36856
36886
36857
36887
36853
36858
36888
36854
36859
36889
36855
36860
36890
36856
36861
36891
36857
36862
36892
36863
36893
36859
36894
36860
36895
36861
36896
36862
36897
36863
36898
36899
36865
36870
36900
47118
36866
36871
36901
47119
36867
36872
36902
47120
36868
36873
36903
47121
36869
36874
36904
47122
36875
36905
47123
36871
36876
36906
36872
36877
36907
36873
36878
36908
36874
36879
36909
36875
36880
36910
36881
36911
36877
36882
36912
36878
36883
36913
36879
36884
36914
36880
36885
36915
36881
36886
36916
36887
36917
36883
36888
36918
36884
36889
36919
36885
36890
36920
36886
36891
36921
36887
36892
36922
36893
36923
36889
36894
36924
36890
36895
36925
36891
36896
36926
36892
36897
36927
36893
36898
36928
36899
36929
36895
36930
36896
36931
36897
36932
36898
36933
36899
36934
36935
36901
36906
36936
47154
36902
36907
36937
47155
36903
36908
36938
47156
36904
36909
36939
47157
36905
36910
36940
47158
36911
36941
47159
36907
36912
36942
36908
36913
36943
36909
36914
36944
36910
36915
36945
36911
36916
36946
36917
36947
36913
36918
36948
36914
36919
36949
36915
36920
36950
36916
36921
36951
36917
36922
36952
36923
36953
36919
36924
36954
36920
36925
36955
36921
36926
36956
36922
36927
36957
36923
36928
36958
36929
36959
36925
36930
36960
36926
36931
36961
36927
36932
36962
36928
36933
36963
36929
36934
36964
36935
36965
36931
36966
36932
36967
36933
36968
36934
36969
36935
36970
36971
36937
36942
36972
47190
36938
36943
36973
47191
36939
36944
36974
47192
36940
36945
36975
47193
36941
36946
36976
47194
36947
36977
47195
36943
36948
36978
36944
36949
36979
36945
36950
36980
36946
36951
36981
36947
36952
36982
36953
36983
36949
36954
36984
36950
36955
36985
36951
36956
36986
36952
36957
36987
36953
36958
36988
36959
36989
36955
36960
36990
36956
36961
36991
36957
36962
36992
36958
36963
36993
36959
36964
36994
36965
36995
36961
36966
36996
36962
36967
36997
36963
36968
36998
36964
36969
36999
36965
36970
37000
36971
37001
36967
37002
36968
37003
36969
37004
36970
37005
36971
37006
37007
36973
36978
37008
47226
36974
36979
37009
47227
36975
36980
37010
47228
36976
36981
37011
47229
36977
36982
37012
47230
36983
37013
47231
36979
36984
37014
36980
36985
37015
36981
36986
37016
36982
36987
37017
36983
36988
37018
36989
37019
36985
36990
37020
36986
36991
37021
36987
36992
37022
36988
36993
37023
36989
36994
37024
36995
37025
36991
36996
37026
36992
36997
37027
36993
36998
37028
36994
36999
37029
36995
37000
37030
37001
37031
36997
37002
37032
36998
37003
37033
36999
37004
37034
37000
37005
37035
37001
37006
37036
37007
37037
37003
37038
37004
37039
37005
37040
37006
37041
37007
37042
37043
37009
37014
37044
47262
37010
37015
37045
47263
37011
37016
37046
47264
37012
37017
37047
47265
37013
37018
37048
47266
37019
37049
47267
37015
37020
37050
37016
37021
37051
37017
37022
37052
37018
37023
37053
37019
37024
37054
37025
37055
37021
37026
37056
37022
37027
37057
37023
37028
37058
37024
37029
37059
37025
37030
37060
37031
37061
37027
37032
37062
37028
37033
37063
37029
37034
37064
37030
37035
37065
37031
37036
37066
37037
37067
37033
37038
37068
37034
37039
37069
37035
37040
37070
37036
37041
37071
37037
37042
37072
37043
37073
37039
37074
37040
37075
37041
37076
37042
37077
37043
37078
37079
37045
37050
37080
47298
37046
37051
37081
47299
37047
37052
37082
47300
37048
37053
37083
47301
37049
37054
37084
47302
37055
37085
47303
37051
37056
37086
37052
37057
37087
37053
37058
37088
37054
37059
37089
37055
37060
37090
37061
37091
37057
37062
37092
37058
37063
37093
37059
37064
37094
37060
37065
37095
37061
37066
37096
37067
37097
37063
37068
37098
37064
37069
37099
37065
37070
37100
37066
37071
37101
37067
37072
37102
37073
37103
37069
37074
37104
37070
37075
37105
37071
37076
37106
37072
37077
37107
37073
37078
37108
37079
37109
37075
37110
37076
37111
37077
37112
37078
37113
37079
37114
37115
37081
37086
37116
47334
37082
37087
37117
47335
37083
37088
37118
47336
37084
37089
37119
47337
37085
37090
37120
47338
37091
37121
47339
37087
37092
37122
37088
37093
37123
37089
37094
37124
37090
37095
37125
37091
37096
37126
37097
37127
37093
37098
37128
37094
37099
37129
37095
37100
37130
37096
37101
37131
37097
37102
37132
37103
37133
37099
37104
37134
37100
37105
37135
37101
37106
37136
37102
37107
37137
37103
37108
37138
37109
37139
37105
37110
37140
37106
37111
37141
37107
37112
37142
37108
37113
37143
37109
37114
37144
37115
37145
37111
37146
37112
37147
37113
37148
37114
37149
37115
37150
37151
37117
37122
37152
47370
37118
37123
37153
47371
37119
37124
37154
47372
37120
37125
37155
47373
37121
37126
37156
47374
37127
37157
47375
37123
37128
37158
37124
37129
37159
37125
37130
37160
37126
37131
37161
37127
37132
37162
37133
37163
37129
37134
37164
37130
37135
37165
37131
37136
37166
37132
37137
37167
37133
37138
37168
37139
37169
37135
37140
37170
37136
37141
37171
37137
37142
37172
37138
37143
37173
37139
37144
37174
37145
37175
37141
37146
37176
37142
37147
37177
37143
37148
37178
37144
37149
37179
37145
37150
37180
37151
37181
37147
37182
37148
37183
37149
37184
37150
37185
37151
37186
37187
37153
37158
37188
47406
37154
37159
37189
47407
37155
37160
37190
47408
37156
37161
37191
47409
37157
37162
37192
47410
37163
37193
47411
37159
37164
37194
37160
37165
37195
37161
37166
37196
37162
37167
37197
37163
37168
37198
37169
37199
37165
37170
37200
37166
37171
37201
37167
37172
37202
37168
37173
37203
37169
37174
37204
37175
37205
37171
37176
37206
37172
37177
37207
37173
37178
37208
37174
37179
37209
37175
37180
37210
37181
37211
37177
37182
37212
37178
37183
37213
37179
37184
37214
37180
37185
37215
37181
37186
37216
37187
37217
37183
37218
37184
37219
37185
37220
37186
37221
37187
37222
37223
37189
37194
37224
47442
37190
37195
37225
47443
37191
37196
37226
47444
37192
37197
37227
47445
37193
37198
37228
47446
37199
37229
47447
37195
37200
37230
37196
37201
37231
37197
37202
37232
37198
37203
37233
37199
37204
37234
37205
37235
37201
37206
37236
37202
37207
37237
37203
37208
37238
37204
37209
37239
37205
37210
37240
37211
37241
37207
37212
37242
37208
37213
37243
37209
37214
37244
37210
37215
37245
37211
37216
37246
37217
37247
37213
37218
37248
37214
37219
37249
37215
37220
37250
37216
37221
37251
37217
37222
37252
37223
37253
37219
37254
37220
37255
37221
37256
37222
37257
37223
37258
37259
37225
37230
37260
47478
37226
37231
37261
47479
37227
37232
37262
47480
37228
37233
37263
47481
37229
37234
37264
47482
37235
37265
47483
37231
37236
37266
37232
37237
37267
37233
37238
37268
37234
37239
37269
37235
37240
37270
37241
37271
37237
37242
37272
37238
37243
37273
37239
37244
37274
37240
37245
37275
37241
37246
37276
37247
37277
37243
37248
37278
37244
37249
37279
37245
37250
37280
37246
37251
37281
37247
37252
37282
37253
37283
37249
37254
37284
37250
37255
37285
37251
37256
37286
37252
37257
37287
37253
37258
37288
37259
37289
37255
37290
37256
37291
37257
37292
37258
37293
37259
37294
37295
37261
37266
37296
47514
37262
37267
37297
47515
37263
37268
37298
47516
37264
37269
37299
47517
37265
37270
37300
47518
37271
37301
47519
37267
37272
37302
37268
37273
37303
37269
37274
37304
37270
37275
37305
37271
37276
37306
37277
37307
37273
37278
37308
37274
37279
37309
37275
37280
37310
37276
37281
37311
37277
37282
37312
37283
37313
37279
37284
37314
37280
37285
37315
37281
37286
37316
37282
37287
37317
37283
37288
37318
37289
37319
37285
37290
37320
37286
37291
37321
37287
37292
37322
37288
37293
37323
37289
37294
37324
37295
37325
37291
37326
37292
37327
37293
37328
37294
37329
37295
37330
37331
37297
37302
37332
47550
37298
37303
37333
47551
37299
37304
37334
47552
37300
37305
37335
47553
37301
37306
37336
47554
37307
37337
47555
37303
37308
37338
37304
37309
37339
37305
37310
37340
37306
37311
37341
37307
37312
37342
37313
37343
37309
37314
37344
37310
37315
37345
37311
37316
37346
37312
37317
37347
37313
37318
37348
37319
37349
37315
37320
37350
37316
37321
37351
37317
37322
37352
37318
37323
37353
37319
37324
37354
37325
37355
37321
37326
37356
37322
37327
37357
37323
37328
37358
37324
37329
37359
37325
37330
37360
37331
37361
37327
37362
37328
37363
37329
37364
37330
37365
37331
37366
37367
37333
37338
37368
47586
37334
37339
37369
47587
37335
37340
37370
47588
37336
37341
37371
47589
37337
37342
37372
47590
37343
37373
47591
37339
37344
37374
37340
37345
37375
37341
37346
37376
37342
37347
37377
37343
37348
37378
37349
37379
37345
37350
37380
37346
37351
37381
37347
37352
37382
37348
37353
37383
37349
37354
37384
37355
37385
37351
37356
37386
37352
37357
37387
37353
37358
37388
37354
37359
37389
37355
37360
37390
37361
37391
37357
37362
37392
37358
37363
37393
37359
37364
37394
37360
37365
37395
37361
37366
37396
37367
37397
37363
37398
37364
37399
37365
37400
37366
37401
37367
37402
37403
37369
37374
37404
47622
37370
37375
37405
47623
37371
37376
37406
47624
37372
37377
37407
47625
37373
37378
37408
47626
37379
37409
47627
37375
37380
37410
37376
37381
37411
37377
37382
37412
37378
37383
37413
37379
37384
37414
37385
37415
37381
37386
37416
37382
37387
37417
37383
37388
37418
37384
37389
37419
37385
37390
37420
37391
37421
37387
37392
37422
37388
37393
37423
37389
37394
37424
37390
37395
37425
37391
37396
37426
37397
37427
37393
37398
37428
37394
37399
37429
37395
37400
37430
37396
37401
37431
37397
37402
37432
37403
37433
37399
37434
37400
37435
37401
37436
37402
37437
37403
37438
37439
37405
37410
37440
47658
37406
37411
37441
47659
37407
37412
37442
47660
37408
37413
37443
47661
37409
37414
37444
47662
37415
37445
47663
37411
37416
37446
37412
37417
37447
37413
37418
37448
37414
37419
37449
37415
37420
37450
37421
37451
37417
37422
37452
37418
37423
37453
37419
37424
37454
37420
37425
37455
37421
37426
37456
37427
37457
37423
37428
37458
37424
37429
37459
37425
37430
37460
37426
37431
37461
37427
37432
37462
37433
37463
37429
37434
37464
37430
37435
37465
37431
37436
37466
37432
37437
37467
37433
37438
37468
37439
37469
37435
37470
37436
37471
37437
37472
37438
37473
37439
37474
37475
37441
37446
37476
47694
37442
37447
37477
47695
37443
37448
37478
47696
37444
37449
37479
47697
37445
37450
37480
47698
37451
37481
47699
37447
37452
37482
37448
37453
37483
37449
37454
37484
37450
37455
37485
37451
37456
37486
37457
37487
37453
37458
37488
37454
37459
37489
37455
37460
37490
37456
37461
37491
37457
37462
37492
37463
37493
37459
37464
37494
37460
37465
37495
37461
37466
37496
37462
37467
37497
37463
37468
37498
37469
37499
37465
37470
37500
37466
37471
37501
37467
37472
37502
37468
37473
37503
37469
37474
37504
37475
37505
37471
37506
37472
37507
37473
37508
37474
37509
37475
37510
37511
37477
37482
37512
47730
37478
37483
37513
47731
37479
37484
37514
47732
37480
37485
37515
47733
37481
37486
37516
47734
37487
37517
47735
37483
37488
37518
37484
37489
37519
37485
37490
37520
37486
37491
37521
37487
37492
37522
37493
37523
37489
37494
37524
37490
37495
37525
37491
37496
37526
37492
37497
37527
37493
37498
37528
37499
37529
37495
37500
37530
37496
37501
37531
37497
37502
37532
37498
37503
37533
37499
37504
37534
37505
37535
37501
37506
37536
37502
37507
37537
37503
37508
37538
37504
37509
37539
37505
37510
37540
37511
37541
37507
37542
37508
37543
37509
37544
37510
37545
37511
37546
37547
37513
37518
37548
47766
37514
37519
37549
47767
37515
37520
37550
47768
37516
37521
37551
47769
37517
37522
37552
47770
37523
37553
47771
37519
37524
37554
37520
37525
37555
37521
37526
37556
37522
37527
37557
37523
37528
37558
37529
37559
37525
37530
37560
37526
37531
37561
37527
37532
37562
37528
37533
37563
37529
37534
37564
37535
37565
37531
37536
37566
37532
37537
37567
37533
37538
37568
37534
37539
37569
37535
37540
37570
37541
37571
37537
37542
37572
37538
37543
37573
37539
37544
37574
37540
37545
37575
37541
37546
37576
37547
37577
37543
37578
37544
37579
37545
37580
37546
37581
37547
37582
37583
37549
37554
37584
47802
37550
37555
37585
47803
37551
37556
37586
47804
37552
37557
37587
47805
37553
37558
37588
47806
37559
37589
47807
37555
37560
37590
37556
37561
37591
37557
37562
37592
37558
37563
37593
37559
37564
37594
37565
37595
37561
37566
37596
37562
37567
37597
37563
37568
37598
37564
37569
37599
37565
37570
37600
37571
37601
37567
37572
37602
37568
37573
37603
37569
37574
37604
37570
37575
37605
37571
37576
37606
37577
37607
37573
37578
37608
37574
37579
37609
37575
37580
37610
37576
37581
37611
37577
37582
37612
37583
37613
37579
37614
37580
37615
37581
37616
37582
37617
37583
37618
37619
37585
37590
37620
47838
37586
37591
37621
47839
37587
37592
37622
47840
37588
37593
37623
47841
37589
37594
37624
47842
37595
37625
47843
37591
37596
37626
37592
37597
37627
37593
37598
37628
37594
37599
37629
37595
37600
37630
37601
37631
37597
37602
37632
37598
37603
37633
37599
37604
37634
37600
37605
37635
37601
37606
37636
37607
37637
37603
37608
37638
37604
37609
37639
37605
37610
37640
37606
37611
37641
37607
37612
37642
37613
37643
37609
37614
37644
37610
37615
37645
37611
37616
37646
37612
37617
37647
37613
37618
37648
37619
37649
37615
37650
37616
37651
37617
37652
37618
37653
37619
37654
37655
37621
37626
37656
47874
37622
37627
37657
47875
37623
37628
37658
47876
37624
37629
37659
47877
37625
37630
37660
47878
37631
37661
47879
37627
37632
37662
37628
37633
37663
37629
37634
37664
37630
37635
37665
37631
37636
37666
37637
37667
37633
37638
37668
37634
37639
37669
37635
37640
37670
37636
37641
37671
37637
37642
37672
37643
37673
37639
37644
37674
37640
37645
37675
37641
37646
37676
37642
37647
37677
37643
37648
37678
37649
37679
37645
37650
37680
37646
37651
37681
37647
37652
37682
37648
37653
37683
37649
37654
37684
37655
37685
37651
37686
37652
37687
37653
37688
37654
37689
37655
37690
37691
37657
37662
37692
47910
37658
37663
37693
47911
37659
37664
37694
47912
37660
37665
37695
47913
37661
37666
37696
47914
37667
37697
47915
37663
37668
37698
37664
37669
37699
37665
37670
37700
37666
37671
37701
37667
37672
37702
37673
37703
37669
37674
37704
37670
37675
37705
37671
37676
37706
37672
37677
37707
37673
37678
37708
37679
37709
37675
37680
37710
37676
37681
37711
37677
37682
37712
37678
37683
37713
37679
37684
37714
37685
37715
37681
37686
37716
37682
37687
37717
37683
37688
37718
37684
37689
37719
37685
37690
37720
37691
37721
37687
37722
37688
37723
37689
37724
37690
37725
37691
37726
37727
37693
37698
37728
47946
37694
37699
37729
47947
37695
37700
37730
47948
37696
37701
37731
47949
37697
37702
37732
47950
37703
37733
47951
37699
37704
37734
37700
37705
37735
37701
37706
37736
37702
37707
37737
37703
37708
37738
37709
37739
37705
37710
37740
37706
37711
37741
37707
37712
37742
37708
37713
37743
37709
37714
37744
37715
37745
37711
37716
37746
37712
37717
37747
37713
37718
37748
37714
37719
37749
37715
37720
37750
37721
37751
37717
37722
37752
37718
37723
37753
37719
37724
37754
37720
37725
37755
37721
37726
37756
37727
37757
37723
37758
37724
37759
37725
37760
37726
37761
37727
37762
37763
37729
37734
37764
47982
37730
37735
37765
47983
37731
37736
37766
47984
37732
37737
37767
47985
37733
37738
37768
47986
37739
37769
47987
37735
37740
37770
37736
37741
37771
37737
37742
37772
37738
37743
37773
37739
37744
37774
37745
37775
37741
37746
37776
37742
37747
37777
37743
37748
37778
37744
37749
37779
37745
37750
37780
37751
37781
37747
37752
37782
37748
37753
37783
37749
37754
37784
37750
37755
37785
37751
37756
37786
37757
37787
37753
37758
37788
37754
37759
37789
37755
37760
37790
37756
37761
37791
37757
37762
37792
37763
37793
37759
37794
37760
37795
37761
37796
37762
37797
37763
37798
37799
37765
37770
37800
48018
37766
37771
37801
48019
37767
37772
37802
48020
37768
37773
37803
48021
37769
37774
37804
48022
37775
37805
48023
37771
37776
37806
37772
37777
37807
37773
37778
37808
37774
37779
37809
37775
37780
37810
37781
37811
37777
37782
37812
37778
37783
37813
37779
37784
37814
37780
37785
37815
37781
37786
37816
37787
37817
37783
37788
37818
37784
37789
37819
37785
37790
37820
37786
37791
37821
37787
37792
37822
37793
37823
37789
37794
37824
37790
37795
37825
37791
37796
37826
37792
37797
37827
37793
37798
37828
37799
37829
37795
37830
37796
37831
37797
37832
37798
37833
37799
37834
37835
37801
37806
37836
48054
37802
37807
37837
48055
37803
37808
37838
48056
37804
37809
37839
48057
37805
37810
37840
48058
37811
37841
48059
37807
37812
37842
37808
37813
37843
37809
37814
37844
37810
37815
37845
37811
37816
37846
37817
37847
37813
37818
37848
37814
37819
37849
37815
37820
37850
37816
37821
37851
37817
37822
37852
37823
37853
37819
37824
37854
37820
37825
37855
37821
37826
37856
37822
37827
37857
37823
37828
37858
37829
37859
37825
37830
37860
37826
37831
37861
37827
37832
37862
37828
37833
37863
37829
37834
37864
37835
37865
37831
37866
37832
37867
37833
37868
37834
37869
37835
37870
37871
37837
37842
37872
48090
37838
37843
37873
48091
37839
37844
37874
48092
37840
37845
37875
48093
37841
37846
37876
48094
37847
37877
48095
37843
37848
37878
37844
37849
37879
37845
37850
37880
37846
37851
37881
37847
37852
37882
37853
37883
37849
37854
37884
37850
37855
37885
37851
37856
37886
37852
37857
37887
37853
37858
37888
37859
37889
37855
37860
37890
37856
37861
37891
37857
37862
37892
37858
37863
37893
37859
37864
37894
37865
37895
37861
37866
37896
37862
37867
37897
37863
37868
37898
37864
37869
37899
37865
37870
37900
37871
37901
37867
37902
37868
37903
37869
37904
37870
37905
37871
37906
37907
37873
37878
37908
48126
37874
37879
37909
48127
37875
37880
37910
48128
37876
37881
37911
48129
37877
37882
37912
48130
37883
37913
48131
37879
37884
37914
37880
37885
37915
37881
37886
37916
37882
37887
37917
37883
37888
37918
37889
37919
37885
37890
37920
37886
37891
37921
37887
37892
37922
37888
37893
37923
37889
37894
37924
37895
37925
37891
37896
37926
37892
37897
37927
37893
37898
37928
37894
37899
37929
37895
37900
37930
37901
37931
37897
37902
37932
37898
37903
37933
37899
37904
37934
37900
37905
37935
37901
37906
37936
37907
37937
37903
37938
37904
37939
37905
37940
37906
37941
37907
37942
37943
37909
37914
37944
48162
37910
37915
37945
48163
37911
37916
37946
48164
37912
37917
37947
48165
37913
37918
37948
48166
37919
37949
48167
37915
37920
37950
37916
37921
37951
37917
37922
37952
37918
37923
37953
37919
37924
37954
37925
37955
37921
37926
37956
37922
37927
37957
37923
37928
37958
37924
37929
37959
37925
37930
37960
37931
37961
37927
37932
37962
37928
37933
37963
37929
37934
37964
37930
37935
37965
37931
37936
37966
37937
37967
37933
37938
37968
37934
37939
37969
37935
37940
37970
37936
37941
37971
37937
37942
37972
37943
37973
37939
37974
37940
37975
37941
37976
37942
37977
37943
37978
37979
37945
37950
37980
48198
37946
37951
37981
48199
37947
37952
37982
48200
37948
37953
37983
48201
37949
37954
37984
48202
37955
37985
48203
37951
37956
37986
37952
37957
37987
37953
37958
37988
37954
37959
37989
37955
37960
37990
37961
37991
37957
37962
37992
37958
37963
37993
37959
37964
37994
37960
37965
37995
37961
37966
37996
37967
37997
37963
37968
37998
37964
37969
37999
37965
37970
38000
37966
37971
38001
37967
37972
38002
37973
38003
37969
37974
38004
37970
37975
38005
37971
37976
38006
37972
37977
38007
37973
37978
38008
37979
38009
37975
38010
37976
38011
37977
38012
37978
38013
37979
38014
38015
37981
37986
38016
48234
37982
37987
38017
48235
37983
37988
38018
48236
37984
37989
38019
48237
37985
37990
38020
48238
37991
38021
48239
37987
37992
38022
37988
37993
38023
37989
37994
38024
37990
37995
38025
37991
37996
38026
37997
38027
37993
37998
38028
37994
37999
38029
37995
38000
38030
37996
38001
38031
37997
38002
38032
38003
38033
37999
38004
38034
38000
38005
38035
38001
38006
38036
38002
38007
38037
38003
38008
38038
38009
38039
38005
38010
38040
38006
38011
38041
38007
38012
38042
38008
38013
38043
38009
38014
38044
38015
38045
38011
38046
38012
38047
38013
38048
38014
38049
38015
38050
38051
38017
38022
38052
48270
38018
38023
38053
48271
38019
38024
38054
48272
38020
38025
38055
48273
38021
38026
38056
48274
38027
38057
48275
38023
38028
38058
38024
38029
38059
38025
38030
38060
38026
38031
38061
38027
38032
38062
38033
38063
38029
38034
38064
38030
38035
38065
38031
38036
38066
38032
38037
38067
38033
38038
38068
38039
38069
38035
38040
38070
38036
38041
38071
38037
38042
38072
38038
38043
38073
38039
38044
38074
38045
38075
38041
38046
38076
38042
38047
38077
38043
38048
38078
38044
38049
38079
38045
38050
38080
38051
38081
38047
38082
38048
38083
38049
38084
38050
38085
38051
38086
38087
38053
38058
38088
48306
38054
38059
38089
48307
38055
38060
38090
48308
38056
38061
38091
48309
38057
38062
38092
48310
38063
38093
48311
38059
38064
38094
38060
38065
38095
38061
38066
38096
38062
38067
38097
38063
38068
38098
38069
38099
38065
38070
38100
38066
38071
38101
38067
38072
38102
38068
38073
38103
38069
38074
38104
38075
38105
38071
38076
38106
38072
38077
38107
38073
38078
38108
38074
38079
38109
38075
38080
38110
38081
38111
38077
38082
38112
38078
38083
38113
38079
38084
38114
38080
38085
38115
38081
38086
38116
38087
38117
38083
38118
38084
38119
38085
38120
38086
38121
38087
38122
38123
38089
38094
38124
48342
38090
38095
38125
48343
38091
38096
38126
48344
38092
38097
38127
48345
38093
38098
38128
48346
38099
38129
48347
38095
38100
38130
38096
38101
38131
38097
38102
38132
38098
38103
38133
38099
38104
38134
38105
38135
38101
38106
38136
38102
38107
38137
38103
38108
38138
38104
38109
38139
38105
38110
38140
38111
38141
38107
38112
38142
38108
38113
38143
38109
38114
38144
38110
38115
38145
38111
38116
38146
38117
38147
38113
38118
38148
38114
38119
38149
38115
38120
38150
38116
38121
38151
38117
38122
38152
38123
38153
38119
38154
38120
38155
38121
38156
38122
38157
38123
38158
38159
38125
38130
38160
48378
38126
38131
38161
48379
38127
38132
38162
48380
38128
38133
38163
48381
38129
38134
38164
48382
38135
38165
48383
38131
38136
38166
38132
38137
38167
38133
38138
38168
38134
38139
38169
38135
38140
38170
38141
38171
38137
38142
38172
38138
38143
38173
38139
38144
38174
38140
38145
38175
38141
38146
38176
38147
38177
38143
38148
38178
38144
38149
38179
38145
38150
38180
38146
38151
38181
38147
38152
38182
38153
38183
38149
38154
38184
38150
38155
38185
38151
38156
38186
38152
38157
38187
38153
38158
38188
38159
38189
38155
38190
38156
38191
38157
38192
38158
38193
38159
38194
38195
38161
38166
38196
48414
38162
38167
38197
48415
38163
38168
38198
48416
38164
38169
38199
48417
38165
38170
38200
48418
38171
38201
48419
38167
38172
38202
38168
38173
38203
38169
38174
38204
38170
38175
38205
38171
38176
38206
38177
38207
38173
38178
38208
38174
38179
38209
38175
38180
38210
38176
38181
38211
38177
38182
38212
38183
38213
38179
38184
38214
38180
38185
38215
38181
38186
38216
38182
38187
38217
38183
38188
38218
38189
38219
38185
38190
38220
38186
38191
38221
38187
38192
38222
38188
38193
38223
38189
38194
38224
38195
38225
38191
38226
38192
38227
38193
38228
38194
38229
38195
38230
38231
38197
38202
38232
48450
38198
38203
38233
48451
38199
38204
38234
48452
38200
38205
38235
48453
38201
38206
38236
48454
38207
38237
48455
38203
38208
38238
38204
38209
38239
38205
38210
38240
38206
38211
38241
38207
38212
38242
38213
38243
38209
38214
38244
38210
38215
38245
38211
38216
38246
38212
38217
38247
38213
38218
38248
38219
38249
38215
38220
38250
38216
38221
38251
38217
38222
38252
38218
38223
38253
38219
38224
38254
38225
38255
38221
38226
38256
38222
38227
38257
38223
38228
38258
38224
38229
38259
38225
38230
38260
38231
38261
38227
38262
38228
38263
38229
38264
38230
38265
38231
38266
38267
38233
38238
38268
48486
38234
38239
38269
48487
38235
38240
38270
48488
38236
38241
38271
48489
38237
38242
38272
48490
38243
38273
48491
38239
38244
38274
38240
38245
38275
38241
38246
38276
38242
38247
38277
38243
38248
38278
38249
38279
38245
38250
38280
38246
38251
38281
38247
38252
38282
38248
38253
38283
38249
38254
38284
38255
38285
38251
38256
38286
38252
38257
38287
38253
38258
38288
38254
38259
38289
38255
38260
38290
38261
38291
38257
38262
38292
38258
38263
38293
38259
38264
38294
38260
38265
38295
38261
38266
38296
38267
38297
38263
38298
38264
38299
38265
38300
38266
38301
38267
38302
38303
38269
38274
38304
48522
38270
38275
38305
48523
38271
38276
38306
48524
38272
38277
38307
48525
38273
38278
38308
48526
38279
38309
48527
38275
38280
38310
38276
38281
38311
38277
38282
38312
38278
38283
38313
38279
38284
38314
38285
38315
38281
38286
38316
38282
38287
38317
38283
38288
38318
38284
38289
38319
38285
38290
38320
38291
38321
38287
38292
38322
38288
38293
38323
38289
38294
38324
38290
38295
38325
38291
38296
38326
38297
38327
38293
38298
38328
38294
38299
38329
38295
38300
38330
38296
38301
38331
38297
38302
38332
38303
38333
38299
38334
38300
38335
38301
38336
38302
38337
38303
38338
38339
38305
38310
38340
48558
38306
38311
38341
48559
38307
38312
38342
48560
38308
38313
38343
48561
38309
38314
38344
48562
38315
38345
48563
38311
38316
38346
38312
38317
38347
38313
38318
38348
38314
38319
38349
38315
38320
38350
38321
38351
38317
38322
38352
38318
38323
38353
38319
38324
38354
38320
38325
38355
38321
38326
38356
38327
38357
38323
38328
38358
38324
38329
38359
38325
38330
38360
38326
38331
38361
38327
38332
38362
38333
38363
38329
38334
38364
38330
38335
38365
38331
38336
38366
38332
38337
38367
38333
38338
38368
38339
38369
38335
38370
38336
38371
38337
38372
38338
38373
38339
38374
38375
38341
38346
38376
48594
38342
38347
38377
48595
38343
38348
38378
48596
38344
38349
38379
48597
38345
38350
38380
48598
38351
38381
48599
38347
38352
38382
38348
38353
38383
38349
38354
38384
38350
38355
38385
38351
38356
38386
38357
38387
38353
38358
38388
38354
38359
38389
38355
38360
38390
38356
38361
38391
38357
38362
38392
38363
38393
38359
38364
38394
38360
38365
38395
38361
38366
38396
38362
38367
38397
38363
38368
38398
38369
38399
38365
38370
38400
38366
38371
38401
38367
38372
38402
38368
38373
38403
38369
38374
38404
38375
38405
38371
38406
38372
38407
38373
38408
38374
38409
38375
38410
38411
38377
38382
38412
48630
38378
38383
38413
48631
38379
38384
38414
48632
38380
38385
38415
48633
38381
38386
38416
48634
38387
38417
48635
38383
38388
38418
38384
38389
38419
38385
38390
38420
38386
38391
38421
38387
38392
38422
38393
38423
38389
38394
38424
38390
38395
38425
38391
38396
38426
38392
38397
38427
38393
38398
38428
38399
38429
38395
38400
38430
38396
38401
38431
38397
38402
38432
38398
38403
38433
38399
38404
38434
38405
38435
38401
38406
38436
38402
38407
38437
38403
38408
38438
38404
38409
38439
38405
38410
38440
38411
38441
38407
38442
38408
38443
38409
38444
38410
38445
38411
38446
38447
38413
38418
38448
48666
38414
38419
38449
48667
38415
38420
38450
48668
38416
38421
38451
48669
38417
38422
38452
48670
38423
38453
48671
38419
38424
38454
38420
38425
38455
38421
38426
38456
38422
38427
38457
38423
38428
38458
38429
38459
38425
38430
38460
38426
38431
38461
38427
38432
38462
38428
38433
38463
38429
38434
38464
38435
38465
38431
38436
38466
38432
38437
38467
38433
38438
38468
38434
38439
38469
38435
38440
38470
38441
38471
38437
38442
38472
38438
38443
38473
38439
38444
38474
38440
38445
38475
38441
38446
38476
38447
38477
38443
38478
38444
38479
38445
38480
38446
38481
38447
38482
38483
38449
38454
38484
48702
38450
38455
38485
48703
38451
38456
38486
48704
38452
38457
38487
48705
38453
38458
38488
48706
38459
38489
48707
38455
38460
38490
38456
38461
38491
38457
38462
38492
38458
38463
38493
38459
38464
38494
38465
38495
38461
38466
38496
38462
38467
38497
38463
38468
38498
38464
38469
38499
38465
38470
38500
38471
38501
38467
38472
38502
38468
38473
38503
38469
38474
38504
38470
38475
38505
38471
38476
38506
38477
38507
38473
38478
38508
38474
38479
38509
38475
38480
38510
38476
38481
38511
38477
38482
38512
38483
38513
38479
38514
38480
38515
38481
38516
38482
38517
38483
38518
38519
38485
38490
38520
48738
38486
38491
38521
48739
38487
38492
38522
48740
38488
38493
38523
48741
38489
38494
38524
48742
38495
38525
48743
38491
38496
38526
38492
38497
38527
38493
38498
38528
38494
38499
38529
38495
38500
38530
38501
38531
38497
38502
38532
38498
38503
38533
38499
38504
38534
38500
38505
38535
38501
38506
38536
38507
38537
38503
38508
38538
38504
38509
38539
38505
38510
38540
38506
38511
38541
38507
38512
38542
38513
38543
38509
38514
38544
38510
38515
38545
38511
38516
38546
38512
38517
38547
38513
38518
38548
38519
38549
38515
38550
38516
38551
38517
38552
38518
38553
38519
38554
38555
38521
38526
38556
48774
38522
38527
38557
48775
38523
38528
38558
48776
38524
38529
38559
48777
38525
38530
38560
48778
38531
38561
48779
38527
38532
38562
38528
38533
38563
38529
38534
38564
38530
38535
38565
38531
38536
38566
38537
38567
38533
38538
38568
38534
38539
38569
38535
38540
38570
38536
38541
38571
38537
38542
38572
38543
38573
38539
38544
38574
38540
38545
38575
38541
38546
38576
38542
38547
38577
38543
38548
38578
38549
38579
38545
38550
38580
38546
38551
38581
38547
38552
38582
38548
38553
38583
38549
38554
38584
38555
38585
38551
38586
38552
38587
38553
38588
38554
38589
38555
38590
38591
38557
38562
38592
48810
38558
38563
38593
48811
38559
38564
38594
48812
38560
38565
38595
48813
38561
38566
38596
48814
38567
38597
48815
38563
38568
38598
38564
38569
38599
38565
38570
38600
38566
38571
38601
38567
38572
38602
38573
38603
38569
38574
38604
38570
38575
38605
38571
38576
38606
38572
38577
38607
38573
38578
38608
38579
38609
38575
38580
38610
38576
38581
38611
38577
38582
38612
38578
38583
38613
38579
38584
38614
38585
38615
38581
38586
38616
38582
38587
38617
38583
38588
38618
38584
38589
38619
38585
38590
38620
38591
38621
38587
38622
38588
38623
38589
38624
38590
38625
38591
38626
38627
38593
38598
38628
48846
38594
38599
38629
48847
38595
38600
38630
48848
38596
38601
38631
48849
38597
38602
38632
48850
38603
38633
48851
38599
38604
38634
38600
38605
38635
38601
38606
38636
38602
38607
38637
38603
38608
38638
38609
38639
38605
38610
38640
38606
38611
38641
38607
38612
38642
38608
38613
38643
38609
38614
38644
38615
38645
38611
38616
38646
38612
38617
38647
38613
38618
38648
38614
38619
38649
38615
38620
38650
38621
38651
38617
38622
38652
38618
38623
38653
38619
38624
38654
38620
38625
38655
38621
38626
38656
38627
38657
38623
38658
38624
38659
38625
38660
38626
38661
38627
38662
38663
38629
38634
38664
48882
38630
38635
38665
48883
38631
38636
38666
48884
38632
38637
38667
48885
38633
38638
38668
48886
38639
38669
48887
38635
38640
38670
38636
38641
38671
38637
38642
38672
38638
38643
38673
38639
38644
38674
38645
38675
38641
38646
38676
38642
38647
38677
38643
38648
38678
38644
38649
38679
38645
38650
38680
38651
38681
38647
38652
38682
38648
38653
38683
38649
38654
38684
38650
38655
38685
38651
38656
38686
38657
38687
38653
38658
38688
38654
38659
38689
38655
38660
38690
38656
38661
38691
38657
38662
38692
38663
38693
38659
38694
38660
38695
38661
38696
38662
38697
38663
38698
38699
38665
38670
38700
48918
38666
38671
38701
48919
38667
38672
38702
48920
38668
38673
38703
48921
38669
38674
38704
48922
38675
38705
48923
38671
38676
38706
38672
38677
38707
38673
38678
38708
38674
38679
38709
38675
38680
38710
38681
38711
38677
38682
38712
38678
38683
38713
38679
38684
38714
38680
38685
38715
38681
38686
38716
38687
38717
38683
38688
38718
38684
38689
38719
38685
38690
38720
38686
38691
38721
38687
38692
38722
38693
38723
38689
38694
38724
38690
38695
38725
38691
38696
38726
38692
38697
38727
38693
38698
38728
38699
38729
38695
38730
38696
38731
38697
38732
38698
38733
38699
38734
38735
38701
38706
38736
48954
38702
38707
38737
48955
38703
38708
38738
48956
38704
38709
38739
48957
38705
38710
38740
48958
38711
38741
48959
38707
38712
38742
38708
38713
38743
38709
38714
38744
38710
38715
38745
38711
38716
38746
38717
38747
38713
38718
38748
38714
38719
38749
38715
38720
38750
38716
38721
38751
38717
38722
38752
38723
38753
38719
38724
38754
38720
38725
38755
38721
38726
38756
38722
38727
38757
38723
38728
38758
38729
38759
38725
38730
38760
38726
38731
38761
38727
38732
38762
38728
38733
38763
38729
38734
38764
38735
38765
38731
38766
38732
38767
38733
38768
38734
38769
38735
38770
38771
38737
38742
38772
48990
38738
38743
38773
48991
38739
38744
38774
48992
38740
38745
38775
48993
38741
38746
38776
48994
38747
38777
48995
38743
38748
38778
38744
38749
38779
38745
38750
38780
38746
38751
38781
38747
38752
38782
38753
38783
38749
38754
38784
38750
38755
38785
38751
38756
38786
38752
38757
38787
38753
38758
38788
38759
38789
38755
38760
38790
38756
38761
38791
38757
38762
38792
38758
38763
38793
38759
38764
38794
38765
38795
38761
38766
38796
38762
38767
38797
38763
38768
38798
38764
38769
38799
38765
38770
38800
38771
38801
38767
38802
38768
38803
38769
38804
38770
38805
38771
38806
38807
38773
38778
38808
49026
38774
38779
38809
49027
38775
38780
38810
49028
38776
38781
38811
49029
38777
38782
38812
49030
38783
38813
49031
38779
38784
38814
38780
38785
38815
38781
38786
38816
38782
38787
38817
38783
38788
38818
38789
38819
38785
38790
38820
38786
38791
38821
38787
38792
38822
38788
38793
38823
38789
38794
38824
38795
38825
38791
38796
38826
38792
38797
38827
38793
38798
38828
38794
38799
38829
38795
38800
38830
38801
38831
38797
38802
38832
38798
38803
38833
38799
38804
38834
38800
38805
38835
38801
38806
38836
38807
38837
38803
38838
38804
38839
38805
38840
38806
38841
38807
38842
38843
38809
38814
38844
49062
38810
38815
38845
49063
38811
38816
38846
49064
38812
38817
38847
49065
38813
38818
38848
49066
38819
38849
49067
38815
38820
38850
38816
38821
38851
38817
38822
38852
38818
38823
38853
38819
38824
38854
38825
38855
38821
38826
38856
38822
38827
38857
38823
38828
38858
38824
38829
38859
38825
38830
38860
38831
38861
38827
38832
38862
38828
38833
38863
38829
38834
38864
38830
38835
38865
38831
38836
38866
38837
38867
38833
38838
38868
38834
38839
38869
38835
38840
38870
38836
38841
38871
38837
38842
38872
38843
38873
38839
38874
38840
38875
38841
38876
38842
38877
38843
38878
38879
38845
38850
38880
49098
38846
38851
38881
49099
38847
38852
38882
49100
38848
38853
38883
49101
38849
38854
38884
49102
38855
38885
49103
38851
38856
38886
38852
38857
38887
38853
38858
38888
38854
38859
38889
38855
38860
38890
38861
38891
38857
38862
38892
38858
38863
38893
38859
38864
38894
38860
38865
38895
38861
38866
38896
38867
38897
38863
38868
38898
38864
38869
38899
38865
38870
38900
38866
38871
38901
38867
38872
38902
38873
38903
38869
38874
38904
38870
38875
38905
38871
38876
38906
38872
38877
38907
38873
38878
38908
38879
38909
38875
38910
38876
38911
38877
38912
38878
38913
38879
38914
38915
38881
38886
38916
49134
38882
38887
38917
49135
38883
38888
38918
49136
38884
38889
38919
49137
38885
38890
38920
49138
38891
38921
49139
38887
38892
38922
38888
38893
38923
38889
38894
38924
38890
38895
38925
38891
38896
38926
38897
38927
38893
38898
38928
38894
38899
38929
38895
38900
38930
38896
38901
38931
38897
38902
38932
38903
38933
38899
38904
38934
38900
38905
38935
38901
38906
38936
38902
38907
38937
38903
38908
38938
38909
38939
38905
38910
38940
38906
38911
38941
38907
38912
38942
38908
38913
38943
38909
38914
38944
38915
38945
38911
38946
38912
38947
38913
38948
38914
38949
38915
38950
38951
38917
38922
38952
49170
38918
38923
38953
49171
38919
38924
38954
49172
38920
38925
38955
49173
38921
38926
38956
49174
38927
38957
49175
38923
38928
38958
38924
38929
38959
38925
38930
38960
38926
38931
38961
38927
38932
38962
38933
38963
38929
38934
38964
38930
38935
38965
38931
38936
38966
38932
38937
38967
38933
38938
38968
38939
38969
38935
38940
38970
38936
38941
38971
38937
38942
38972
38938
38943
38973
38939
38944
38974
38945
38975
38941
38946
38976
38942
38947
38977
38943
38948
38978
38944
38949
38979
38945
38950
38980
38951
38981
38947
38982
38948
38983
38949
38984
38950
38985
38951
38986
38987
38953
38958
38988
49206
38954
38959
38989
49207
38955
38960
38990
49208
38956
38961
38991
49209
38957
38962
38992
49210
38963
38993
49211
38959
38964
38994
38960
38965
38995
38961
38966
38996
38962
38967
38997
38963
38968
38998
38969
38999
38965
38970
39000
38966
38971
39001
38967
38972
39002
38968
38973
39003
38969
38974
39004
38975
39005
38971
38976
39006
38972
38977
39007
38973
38978
39008
38974
38979
39009
38975
38980
39010
38981
39011
38977
38982
39012
38978
38983
39013
38979
38984
39014
38980
38985
39015
38981
38986
39016
38987
39017
38983
39018
38984
39019
38985
39020
38986
39021
38987
39022
39023
38989
38994
39024
49242
38990
38995
39025
49243
38991
38996
39026
49244
38992
38997
39027
49245
38993
38998
39028
49246
38999
39029
49247
38995
39000
39030
38996
39001
39031
38997
39002
39032
38998
39003
39033
38999
39004
39034
39005
39035
39001
39006
39036
39002
39007
39037
39003
39008
39038
39004
39009
39039
39005
39010
39040
39011
39041
39007
39012
39042
39008
39013
39043
39009
39014
39044
39010
39015
39045
39011
39016
39046
39017
39047
39013
39018
39048
39014
39019
39049
39015
39020
39050
39016
39021
39051
39017
39022
39052
39023
39053
39019
39054
39020
39055
39021
39056
39022
39057
39023
39058
39059
39025
39030
39060
49278
39026
39031
39061
49279
39027
39032
39062
49280
39028
39033
39063
49281
39029
39034
39064
49282
39035
39065
49283
39031
39036
39066
39032
39037
39067
39033
39038
39068
39034
39039
39069
39035
39040
39070
39041
39071
39037
39042
39072
39038
39043
39073
39039
39044
39074
39040
39045
39075
39041
39046
39076
39047
39077
39043
39048
39078
39044
39049
39079
39045
39050
39080
39046
39051
39081
39047
39052
39082
39053
39083
39049
39054
39084
39050
39055
39085
39051
39056
39086
39052
39057
39087
39053
39058
39088
39059
39089
39055
39090
39056
39091
39057
39092
39058
39093
39059
39094
39095
39061
39066
39096
49314
39062
39067
39097
49315
39063
39068
39098
49316
39064
39069
39099
49317
39065
39070
39100
49318
39071
39101
49319
39067
39072
39102
39068
39073
39103
39069
39074
39104
39070
39075
39105
39071
39076
39106
39077
39107
39073
39078
39108
39074
39079
39109
39075
39080
39110
39076
39081
39111
39077
39082
39112
39083
39113
39079
39084
39114
39080
39085
39115
39081
39086
39116
39082
39087
39117
39083
39088
39118
39089
39119
39085
39090
39120
39086
39091
39121
39087
39092
39122
39088
39093
39123
39089
39094
39124
39095
39125
39091
39126
39092
39127
39093
39128
39094
39129
39095
39130
39131
39097
39102
39132
49350
39098
39103
39133
49351
39099
39104
39134
49352
39100
39105
39135
49353
39101
39106
39136
49354
39107
39137
49355
39103
39108
39138
39104
39109
39139
39105
39110
39140
39106
39111
39141
39107
39112
39142
39113
39143
39109
39114
39144
39110
39115
39145
39111
39116
39146
39112
39117
39147
39113
39118
39148
39119
39149
39115
39120
39150
39116
39121
39151
39117
39122
39152
39118
39123
39153
39119
39124
39154
39125
39155
39121
39126
39156
39122
39127
39157
39123
39128
39158
39124
39129
39159
39125
39130
39160
39131
39161
39127
39162
39128
39163
39129
39164
39130
39165
39131
39166
39167
39133
39138
39168
49386
39134
39139
39169
49387
39135
39140
39170
49388
39136
39141
39171
49389
39137
39142
39172
49390
39143
39173
49391
39139
39144
39174
39140
39145
39175
39141
39146
39176
39142
39147
39177
39143
39148
39178
39149
39179
39145
39150
39180
39146
39151
39181
39147
39152
39182
39148
39153
39183
39149
39154
39184
39155
39185
39151
39156
39186
39152
39157
39187
39153
39158
39188
39154
39159
39189
39155
39160
39190
39161
39191
39157
39162
39192
39158
39163
39193
39159
39164
39194
39160
39165
39195
39161
39166
39196
39167
39197
39163
39198
39164
39199
39165
39200
39166
39201
39167
39202
39203
39169
39174
39204
49422
39170
39175
39205
49423
39171
39176
39206
49424
39172
39177
39207
49425
39173
39178
39208
49426
39179
39209
49427
39175
39180
39210
39176
39181
39211
39177
39182
39212
39178
39183
39213
39179
39184
39214
39185
39215
39181
39186
39216
39182
39187
39217
39183
39188
39218
39184
39189
39219
39185
39190
39220
39191
39221
39187
39192
39222
39188
39193
39223
39189
39194
39224
39190
39195
39225
39191
39196
39226
39197
39227
39193
39198
39228
39194
39199
39229
39195
39200
39230
39196
39201
39231
39197
39202
39232
39203
39233
39199
39234
39200
39235
39201
39236
39202
39237
39203
39238
39239
39205
39210
39240
49458
39206
39211
39241
49459
39207
39212
39242
49460
39208
39213
39243
49461
39209
39214
39244
49462
39215
39245
49463
39211
39216
39246
39212
39217
39247
39213
39218
39248
39214
39219
39249
39215
39220
39250
39221
39251
39217
39222
39252
39218
39223
39253
39219
39224
39254
39220
39225
39255
39221
39226
39256
39227
39257
39223
39228
39258
39224
39229
39259
39225
39230
39260
39226
39231
39261
39227
39232
39262
39233
39263
39229
39234
39264
39230
39235
39265
39231
39236
39266
39232
39237
39267
39233
39238
39268
39239
39269
39235
39270
39236
39271
39237
39272
39238
39273
39239
39274
39275
39241
39246
39276
49494
39242
39247
39277
49495
39243
39248
39278
49496
39244
39249
39279
49497
39245
39250
39280
49498
39251
39281
49499
39247
39252
39282
39248
39253
39283
39249
39254
39284
39250
39255
39285
39251
39256
39286
39257
39287
39253
39258
39288
39254
39259
39289
39255
39260
39290
39256
39261
39291
39257
39262
39292
39263
39293
39259
39264
39294
39260
39265
39295
39261
39266
39296
39262
39267
39297
39263
39268
39298
39269
39299
39265
39270
39300
39266
39271
39301
39267
39272
39302
39268
39273
39303
39269
39274
39304
39275
39305
39271
39306
39272
39307
39273
39308
39274
39309
39275
39310
39311
39277
39282
39312
49530
39278
39283
39313
49531
39279
39284
39314
49532
39280
39285
39315
49533
39281
39286
39316
49534
39287
39317
49535
39283
39288
39318
39284
39289
39319
39285
39290
39320
39286
39291
39321
39287
39292
39322
39293
39323
39289
39294
39324
39290
39295
39325
39291
39296
39326
39292
39297
39327
39293
39298
39328
39299
39329
39295
39300
39330
39296
39301
39331
39297
39302
39332
39298
39303
39333
39299
39304
39334
39305
39335
39301
39306
39336
39302
39307
39337
39303
39308
39338
39304
39309
39339
39305
39310
39340
39311
39341
39307
39342
39308
39343
39309
39344
39310
39345
39311
39346
39347
39313
39318
39348
49566
39314
39319
39349
49567
39315
39320
39350
49568
39316
39321
39351
49569
39317
39322
39352
49570
39323
39353
49571
39319
39324
39354
39320
39325
39355
39321
39326
39356
39322
39327
39357
39323
39328
39358
39329
39359
39325
39330
39360
39326
39331
39361
39327
39332
39362
39328
39333
39363
39329
39334
39364
39335
39365
39331
39336
39366
39332
39337
39367
39333
39338
39368
39334
39339
39369
39335
39340
39370
39341
39371
39337
39342
39372
39338
39343
39373
39339
39344
39374
39340
39345
39375
39341
39346
39376
39347
39377
39343
39378
39344
39379
39345
39380
39346
39381
39347
39382
39383
39349
39354
39384
49602
39350
39355
39385
49603
39351
39356
39386
49604
39352
39357
39387
49605
39353
39358
39388
49606
39359
39389
49607
39355
39360
39390
39356
39361
39391
39357
39362
39392
39358
39363
39393
39359
39364
39394
39365
39395
39361
39366
39396
39362
39367
39397
39363
39368
39398
39364
39369
39399
39365
39370
39400
39371
39401
39367
39372
39402
39368
39373
39403
39369
39374
39404
39370
39375
39405
39371
39376
39406
39377
39407
39373
39378
39408
39374
39379
39409
39375
39380
39410
39376
39381
39411
39377
39382
39412
39383
39413
39379
39414
39380
39415
39381
39416
39382
39417
39383
39418
39419
39385
39390
39420
49638
39386
39391
39421
49639
39387
39392
39422
49640
39388
39393
39423
49641
39389
39394
39424
49642
39395
39425
49643
39391
39396
39426
39392
39397
39427
39393
39398
39428
39394
39399
39429
39395
39400
39430
39401
39431
39397
39402
39432
39398
39403
39433
39399
39404
39434
39400
39405
39435
39401
39406
39436
39407
39437
39403
39408
39438
39404
39409
39439
39405
39410
39440
39406
39411
39441
39407
39412
39442
39413
39443
39409
39414
39444
39410
39415
39445
39411
39416
39446
39412
39417
39447
39413
39418
39448
39419
39449
39415
39450
39416
39451
39417
39452
39418
39453
39419
39454
39455
39421
39426
39456
49674
39422
39427
39457
49675
39423
39428
39458
49676
39424
39429
39459
49677
39425
39430
39460
49678
39431
39461
49679
39427
39432
39462
39428
39433
39463
39429
39434
39464
39430
39435
39465
39431
39436
39466
39437
39467
39433
39438
39468
39434
39439
39469
39435
39440
39470
39436
39441
39471
39437
39442
39472
39443
39473
39439
39444
39474
39440
39445
39475
39441
39446
39476
39442
39447
39477
39443
39448
39478
39449
39479
39445
39450
39480
39446
39451
39481
39447
39452
39482
39448
39453
39483
39449
39454
39484
39455
39485
39451
39486
39452
39487
39453
39488
39454
39489
39455
39490
39491
39457
39462
39492
49710
39458
39463
39493
49711
39459
39464
39494
49712
39460
39465
39495
49713
39461
39466
39496
49714
39467
39497
49715
39463
39468
39498
39464
39469
39499
39465
39470
39500
39466
39471
39501
39467
39472
39502
39473
39503
39469
39474
39504
39470
39475
39505
39471
39476
39506
39472
39477
39507
39473
39478
39508
39479
39509
39475
39480
39510
39476
39481
39511
39477
39482
39512
39478
39483
39513
39479
39484
39514
39485
39515
39481
39486
39516
39482
39487
39517
39483
39488
39518
39484
39489
39519
39485
39490
39520
39491
39521
39487
39522
39488
39523
39489
39524
39490
39525
39491
39526
39527
39493
39498
39528
49746
39494
39499
39529
49747
39495
39500
39530
49748
39496
39501
39531
49749
39497
39502
39532
49750
39503
39533
49751
39499
39504
39534
39500
39505
39535
39501
39506
39536
39502
39507
39537
39503
39508
39538
39509
39539
39505
39510
39540
39506
39511
39541
39507
39512
39542
39508
39513
39543
39509
39514
39544
39515
39545
39511
39516
39546
39512
39517
39547
39513
39518
39548
39514
39519
39549
39515
39520
39550
39521
39551
39517
39522
39552
39518
39523
39553
39519
39524
39554
39520
39525
39555
39521
39526
39556
39527
39557
39523
39558
39524
39559
39525
39560
39526
39561
39527
39562
39563
39529
39534
39564
49782
39530
39535
39565
49783
39531
39536
39566
49784
39532
39537
39567
49785
39533
39538
39568
49786
39539
39569
49787
39535
39540
39570
39536
39541
39571
39537
39542
39572
39538
39543
39573
39539
39544
39574
39545
39575
39541
39546
39576
39542
39547
39577
39543
39548
39578
39544
39549
39579
39545
39550
39580
39551
39581
39547
39552
39582
39548
39553
39583
39549
39554
39584
39550
39555
39585
39551
39556
39586
39557
39587
39553
39558
39588
39554
39559
39589
39555
39560
39590
39556
39561
39591
39557
39562
39592
39563
39593
39559
39594
39560
39595
39561
39596
39562
39597
39563
39598
39599
39565
39570
39600
49818
39566
39571
39601
49819
39567
39572
39602
49820
39568
39573
39603
49821
39569
39574
39604
49822
39575
39605
49823
39571
39576
39606
39572
39577
39607
39573
39578
39608
39574
39579
39609
39575
39580
39610
39581
39611
39577
39582
39612
39578
39583
39613
39579
39584
39614
39580
39585
39615
39581
39586
39616
39587
39617
39583
39588
39618
39584
39589
39619
39585
39590
39620
39586
39591
39621
39587
39592
39622
39593
39623
39589
39594
39624
39590
39595
39625
39591
39596
39626
39592
39597
39627
39593
39598
39628
39599
39629
39595
39630
39596
39631
39597
39632
39598
39633
39599
39634
39635
39601
39606
39636
49854
39602
39607
39637
49855
39603
39608
39638
49856
39604
39609
39639
49857
39605
39610
39640
49858
39611
39641
49859
39607
39612
39642
39608
39613
39643
39609
39614
39644
39610
39615
39645
39611
39616
39646
39617
39647
39613
39618
39648
39614
39619
39649
39615
39620
39650
39616
39621
39651
39617
39622
39652
39623
39653
39619
39624
39654
39620
39625
39655
39621
39626
39656
39622
39627
39657
39623
39628
39658
39629
39659
39625
39630
39660
39626
39631
39661
39627
39632
39662
39628
39633
39663
39629
39634
39664
39635
39665
39631
39666
39632
39667
39633
39668
39634
39669
39635
39670
39671
39637
39642
39672
49890
39638
39643
39673
49891
39639
39644
39674
49892
39640
39645
39675
49893
39641
39646
39676
49894
39647
39677
49895
39643
39648
39678
39644
39649
39679
39645
39650
39680
39646
39651
39681
39647
39652
39682
39653
39683
39649
39654
39684
39650
39655
39685
39651
39656
39686
39652
39657
39687
39653
39658
39688
39659
39689
39655
39660
39690
39656
39661
39691
39657
39662
39692
39658
39663
39693
39659
39664
39694
39665
39695
39661
39666
39696
39662
39667
39697
39663
39668
39698
39664
39669
39699
39665
39670
39700
39671
39701
39667
39702
39668
39703
39669
39704
39670
39705
39671
39706
39707
39673
39678
39708
49926
39674
39679
39709
49927
39675
39680
39710
49928
39676
39681
39711
49929
39677
39682
39712
49930
39683
39713
49931
39679
39684
39714
39680
39685
39715
39681
39686
39716
39682
39687
39717
39683
39688
39718
39689
39719
39685
39690
39720
39686
39691
39721
39687
39692
39722
39688
39693
39723
39689
39694
39724
39695
39725
39691
39696
39726
39692
39697
39727
39693
39698
39728
39694
39699
39729
39695
39700
39730
39701
39731
39697
39702
39732
39698
39703
39733
39699
39704
39734
39700
39705
39735
39701
39706
39736
39707
39737
39703
39738
39704
39739
39705
39740
39706
39741
39707
39742
39743
39709
39714
39744
49962
39710
39715
39745
49963
39711
39716
39746
49964
39712
39717
39747
49965
39713
39718
39748
49966
39719
39749
49967
39715
39720
39750
39716
39721
39751
39717
39722
39752
39718
39723
39753
39719
39724
39754
39725
39755
39721
39726
39756
39722
39727
39757
39723
39728
39758
39724
39729
39759
39725
39730
39760
39731
39761
39727
39732
39762
39728
39733
39763
39729
39734
39764
39730
39735
39765
39731
39736
39766
39737
39767
39733
39738
39768
39734
39739
39769
39735
39740
39770
39736
39741
39771
39737
39742
39772
39743
39773
39739
39774
39740
39775
39741
39776
39742
39777
39743
39778
39779
39745
39750
39780
49998
39746
39751
39781
49999
39747
39752
39782
50000
39748
39753
39783
50001
39749
39754
39784
50002
39755
39785
50003
39751
39756
39786
39752
39757
39787
39753
39758
39788
39754
39759
39789
39755
39760
39790
39761
39791
39757
39762
39792
39758
39763
39793
39759
39764
39794
39760
39765
39795
39761
39766
39796
39767
39797
39763
39768
39798
39764
39769
39799
39765
39770
39800
39766
39771
39801
39767
39772
39802
39773
39803
39769
39774
39804
39770
39775
39805
39771
39776
39806
39772
39777
39807
39773
39778
39808
39779
39809
39775
39810
39776
39811
39777
39812
39778
39813
39779
39814
39815
39781
39786
39816
50034
39782
39787
39817
50035
39783
39788
39818
50036
39784
39789
39819
50037
39785
39790
39820
50038
39791
39821
50039
39787
39792
39822
39788
39793
39823
39789
39794
39824
39790
39795
39825
39791
39796
39826
39797
39827
39793
39798
39828
39794
39799
39829
39795
39800
39830
39796
39801
39831
39797
39802
39832
39803
39833
39799
39804
39834
39800
39805
39835
39801
39806
39836
39802
39807
39837
39803
39808
39838
39809
39839
39805
39810
39840
39806
39811
39841
39807
39812
39842
39808
39813
39843
39809
39814
39844
39815
39845
39811
39846
39812
39847
39813
39848
39814
39849
39815
39850
39851
39817
39822
39852
50070
39818
39823
39853
50071
39819
39824
39854
50072
39820
39825
39855
50073
39821
39826
39856
50074
39827
39857
50075
39823
39828
39858
39824
39829
39859
39825
39830
39860
39826
39831
39861
39827
39832
39862
39833
39863
39829
39834
39864
39830
39835
39865
39831
39836
39866
39832
39837
39867
39833
39838
39868
39839
39869
39835
39840
39870
39836
39841
39871
39837
39842
39872
39838
39843
39873
39839
39844
39874
39845
39875
39841
39846
39876
39842
39847
39877
39843
39848
39878
39844
39849
39879
39845
39850
39880
39851
39881
39847
39882
39848
39883
39849
39884
39850
39885
39851
39886
39887
39853
39858
39888
50106
39854
39859
39889
50107
39855
39860
39890
50108
39856
39861
39891
50109
39857
39862
39892
50110
39863
39893
50111
39859
39864
39894
39860
39865
39895
39861
39866
39896
39862
39867
39897
39863
39868
39898
39869
39899
39865
39870
39900
39866
39871
39901
39867
39872
39902
39868
39873
39903
39869
39874
39904
39875
39905
39871
39876
39906
39872
39877
39907
39873
39878
39908
39874
39879
39909
39875
39880
39910
39881
39911
39877
39882
39912
39878
39883
39913
39879
39884
39914
39880
39885
39915
39881
39886
39916
39887
39917
39883
39918
39884
39919
39885
39920
39886
39921
39887
39922
39923
39889
39894
39924
50142
39890
39895
39925
50143
39891
39896
39926
50144
39892
39897
39927
50145
39893
39898
39928
50146
39899
39929
50147
39895
39900
39930
39896
39901
39931
39897
39902
39932
39898
39903
39933
39899
39904
39934
39905
39935
39901
39906
39936
39902
39907
39937
39903
39908
39938
39904
39909
39939
39905
39910
39940
39911
39941
39907
39912
39942
39908
39913
39943
39909
39914
39944
39910
39915
39945
39911
39916
39946
39917
39947
39913
39918
39948
39914
39919
39949
39915
39920
39950
39916
39921
39951
39917
39922
39952
39923
39953
39919
39954
39920
39955
39921
39956
39922
39957
39923
39958
39959
39925
39930
39960
50178
39926
39931
39961
50179
39927
39932
39962
50180
39928
39933
39963
50181
39929
39934
39964
50182
39935
39965
50183
39931
39936
39966
39932
39937
39967
39933
39938
39968
39934
39939
39969
39935
39940
39970
39941
39971
39937
39942
39972
39938
39943
39973
39939
39944
39974
39940
39945
39975
39941
39946
39976
39947
39977
39943
39948
39978
39944
39949
39979
39945
39950
39980
39946
39951
39981
39947
39952
39982
39953
39983
39949
39954
39984
39950
39955
39985
39951
39956
39986
39952
39957
39987
39953
39958
39988
39959
39989
39955
39990
39956
39991
39957
39992
39958
39993
39959
39994
39995
39961
39966
39996
50214
39962
39967
39997
50215
39963
39968
39998
50216
39964
39969
39999
50217
39965
39970
40000
50218
39971
40001
50219
39967
39972
40002
39968
39973
40003
39969
39974
40004
39970
39975
40005
39971
39976
40006
39977
40007
39973
39978
40008
39974
39979
40009
39975
39980
40010
39976
39981
40011
39977
39982
40012
39983
40013
39979
39984
40014
39980
39985
40015
39981
39986
40016
39982
39987
40017
39983
39988
40018
39989
40019
39985
39990
40020
39986
39991
40021
39987
39992
40022
39988
39993
40023
39989
39994
40024
39995
40025
39991
40026
39992
40027
39993
40028
39994
40029
39995
40030
40031
39997
40002
40032
50250
39998
40003
40033
50251
39999
40004
40034
50252
40000
40005
40035
50253
40001
40006
40036
50254
40007
40037
50255
40003
40008
40038
40004
40009
40039
40005
40010
40040
40006
40011
40041
40007
40012
40042
40013
40043
40009
40014
40044
40010
40015
40045
40011
40016
40046
40012
40017
40047
40013
40018
40048
40019
40049
40015
40020
40050
40016
40021
40051
40017
40022
40052
40018
40023
40053
40019
40024
40054
40025
40055
40021
40026
40056
40022
40027
40057
40023
40028
40058
40024
40029
40059
40025
40030
40060
40031
40061
40027
40062
40028
40063
40029
40064
40030
40065
40031
40066
40067
40033
40038
40068
50286
40034
40039
40069
50287
40035
40040
40070
50288
40036
40041
40071
50289
40037
40042
40072
50290
40043
40073
50291
40039
40044
40074
40040
40045
40075
40041
40046
40076
40042
40047
40077
40043
40048
40078
40049
40079
40045
40050
40080
40046
40051
40081
40047
40052
40082
40048
40053
40083
40049
40054
40084
40055
40085
40051
40056
40086
40052
40057
40087
40053
40058
40088
40054
40059
40089
40055
40060
40090
40061
40091
40057
40062
40092
40058
40063
40093
40059
40064
40094
40060
40065
40095
40061
40066
40096
40067
40097
40063
40098
40064
40099
40065
40100
40066
40101
40067
40102
40103
40069
40074
40104
50322
40070
40075
40105
50323
40071
40076
40106
50324
40072
40077
40107
50325
40073
40078
40108
50326
40079
40109
50327
40075
40080
40110
40076
40081
40111
40077
40082
40112
40078
40083
40113
40079
40084
40114
40085
40115
40081
40086
40116
40082
40087
40117
40083
40088
40118
40084
40089
40119
40085
40090
40120
40091
40121
40087
40092
40122
40088
40093
40123
40089
40094
40124
40090
40095
40125
40091
40096
40126
40097
40127
40093
40098
40128
40094
40099
40129
40095
40100
40130
40096
40101
40131
40097
40102
40132
40103
40133
40099
40134
40100
40135
40101
40136
40102
40137
40103
40138
40139
40105
40110
40140
50358
40106
40111
40141
50359
40107
40112
40142
50360
40108
40113
40143
50361
40109
40114
40144
50362
40115
40145
50363
40111
40116
40146
40112
40117
40147
40113
40118
40148
40114
40119
40149
40115
40120
40150
40121
40151
40117
40122
40152
40118
40123
40153
40119
40124
40154
40120
40125
40155
40121
40126
40156
40127
40157
40123
40128
40158
40124
40129
40159
40125
40130
40160
40126
40131
40161
40127
40132
40162
40133
40163
40129
40134
40164
40130
40135
40165
40131
40136
40166
40132
40137
40167
40133
40138
40168
40139
40169
40135
40170
40136
40171
40137
40172
40138
40173
40139
40174
40175
40141
40146
40176
50394
40142
40147
40177
50395
40143
40148
40178
50396
40144
40149
40179
50397
40145
40150
40180
50398
40151
40181
50399
40147
40152
40182
40148
40153
40183
40149
40154
40184
40150
40155
40185
40151
40156
40186
40157
40187
40153
40158
40188
40154
40159
40189
40155
40160
40190
40156
40161
40191
40157
40162
40192
40163
40193
40159
40164
40194
40160
40165
40195
40161
40166
40196
40162
40167
40197
40163
40168
40198
40169
40199
40165
40170
40200
40166
40171
40201
40167
40172
40202
40168
40173
40203
40169
40174
40204
40175
40205
40171
40206
40172
40207
40173
40208
40174
40209
40175
40210
40211
40177
40182
40212
50430
40178
40183
40213
50431
40179
40184
40214
50432
40180
40185
40215
50433
40181
40186
40216
50434
40187
40217
50435
40183
40188
40218
40184
40189
40219
40185
40190
40220
40186
40191
40221
40187
40192
40222
40193
40223
40189
40194
40224
40190
40195
40225
40191
40196
40226
40192
40197
40227
40193
40198
40228
40199
40229
40195
40200
40230
40196
40201
40231
40197
40202
40232
40198
40203
40233
40199
40204
40234
40205
40235
40201
40206
40236
40202
40207
40237
40203
40208
40238
40204
40209
40239
40205
40210
40240
40211
40241
40207
40242
40208
40243
40209
40244
40210
40245
40211
40246
40247
40213
40218
40248
50466
40214
40219
40249
50467
40215
40220
40250
50468
40216
40221
40251
50469
40217
40222
40252
50470
40223
40253
50471
40219
40224
40254
40220
40225
40255
40221
40226
40256
40222
40227
40257
40223
40228
40258
40229
40259
40225
40230
40260
40226
40231
40261
40227
40232
40262
40228
40233
40263
40229
40234
40264
40235
40265
40231
40236
40266
40232
40237
40267
40233
40238
40268
40234
40239
40269
40235
40240
40270
40241
40271
40237
40242
40272
40238
40243
40273
40239
40244
40274
40240
40245
40275
40241
40246
40276
40247
40277
40243
40278
40244
40279
40245
40280
40246
40281
40247
40282
40283
40249
40254
40284
50502
40250
40255
40285
50503
40251
40256
40286
50504
40252
40257
40287
50505
40253
40258
40288
50506
40259
40289
50507
40255
40260
40290
40256
40261
40291
40257
40262
40292
40258
40263
40293
40259
40264
40294
40265
40295
40261
40266
40296
40262
40267
40297
40263
40268
40298
40264
40269
40299
40265
40270
40300
40271
40301
40267
40272
40302
40268
40273
40303
40269
40274
40304
40270
40275
40305
40271
40276
40306
40277
40307
40273
40278
40308
40274
40279
40309
40275
40280
40310
40276
40281
40311
40277
40282
40312
40283
40313
40279
40314
40280
40315
40281
40316
40282
40317
40283
40318
40319
40285
40290
40320
50538
40286
40291
40321
50539
40287
40292
40322
50540
40288
40293
40323
50541
40289
40294
40324
50542
40295
40325
50543
40291
40296
40326
40292
40297
40327
40293
40298
40328
40294
40299
40329
40295
40300
40330
40301
40331
40297
40302
40332
40298
40303
40333
40299
40304
40334
40300
40305
40335
40301
40306
40336
40307
40337
40303
40308
40338
40304
40309
40339
40305
40310
40340
40306
40311
40341
40307
40312
40342
40313
40343
40309
40314
40344
40310
40315
40345
40311
40316
40346
40312
40317
40347
40313
40318
40348
40319
40349
40315
40350
40316
40351
40317
40352
40318
40353
40319
40354
40355
40321
40326
40356
50574
40322
40327
40357
50575
40323
40328
40358
50576
40324
40329
40359
50577
40325
40330
40360
50578
40331
40361
50579
40327
40332
40362
40328
40333
40363
40329
40334
40364
40330
40335
40365
40331
40336
40366
40337
40367
40333
40338
40368
40334
40339
40369
40335
40340
40370
40336
40341
40371
40337
40342
40372
40343
40373
40339
40344
40374
40340
40345
40375
40341
40346
40376
40342
40347
40377
40343
40348
40378
40349
40379
40345
40350
40380
40346
40351
40381
40347
40352
40382
40348
40353
40383
40349
40354
40384
40355
40385
40351
40386
40352
40387
40353
40388
40354
40389
40355
40390
40391
40357
40362
40392
50610
40358
40363
40393
50611
40359
40364
40394
50612
40360
40365
40395
50613
40361
40366
40396
50614
40367
40397
50615
40363
40368
40398
40364
40369
40399
40365
40370
40400
40366
40371
40401
40367
40372
40402
40373
40403
40369
40374
40404
40370
40375
40405
40371
40376
40406
40372
40377
40407
40373
40378
40408
40379
40409
40375
40380
40410
40376
40381
40411
40377
40382
40412
40378
40383
40413
40379
40384
40414
40385
40415
40381
40386
40416
40382
40387
40417
40383
40388
40418
40384
40389
40419
40385
40390
40420
40391
40421
40387
40422
40388
40423
40389
40424
40390
40425
40391
40426
40427
40393
40398
40428
50646
40394
40399
40429
50647
40395
40400
40430
50648
40396
40401
40431
50649
40397
40402
40432
50650
40403
40433
50651
40399
40404
40434
40400
40405
40435
40401
40406
40436
40402
40407
40437
40403
40408
40438
40409
40439
40405
40410
40440
40406
40411
40441
40407
40412
40442
40408
40413
40443
40409
40414
40444
40415
40445
40411
40416
40446
40412
40417
40447
40413
40418
40448
40414
40419
40449
40415
40420
40450
40421
40451
40417
40422
40452
40418
40423
40453
40419
40424
40454
40420
40425
40455
40421
40426
40456
40427
40457
40423
40458
40424
40459
40425
40460
40426
40461
40427
40462
40463
40429
40434
40464
50682
40430
40435
40465
50683
40431
40436
40466
50684
40432
40437
40467
50685
40433
40438
40468
50686
40439
40469
50687
40435
40440
40470
40436
40441
40471
40437
40442
40472
40438
40443
40473
40439
40444
40474
40445
40475
40441
40446
40476
40442
40447
40477
40443
40448
40478
40444
40449
40479
40445
40450
40480
40451
40481
40447
40452
40482
40448
40453
40483
40449
40454
40484
40450
40455
40485
40451
40456
40486
40457
40487
40453
40458
40488
40454
40459
40489
40455
40460
40490
40456
40461
40491
40457
40462
40492
40463
40493
40459
40494
40460
40495
40461
40496
40462
40497
40463
40498
40499
40465
40470
40500
50718
40466
40471
40501
50719
40467
40472
40502
50720
40468
40473
40503
50721
40469
40474
40504
50722
40475
40505
50723
40471
40476
40506
40472
40477
40507
40473
40478
40508
40474
40479
40509
40475
40480
40510
40481
40511
40477
40482
40512
40478
40483
40513
40479
40484
40514
40480
40485
40515
40481
40486
40516
40487
40517
40483
40488
40518
40484
40489
40519
40485
40490
40520
40486
40491
40521
40487
40492
40522
40493
40523
40489
40494
40524
40490
40495
40525
40491
40496
40526
40492
40497
40527
40493
40498
40528
40499
40529
40495
40530
40496
40531
40497
40532
40498
40533
40499
40534
40535
40501
40506
40536
50754
40502
40507
40537
50755
40503
40508
40538
50756
40504
40509
40539
50757
40505
40510
40540
50758
40511
40541
50759
40507
40512
40542
40508
40513
40543
40509
40514
40544
40510
40515
40545
40511
40516
40546
40517
40547
40513
40518
40548
40514
40519
40549
40515
40520
40550
40516
40521
40551
40517
40522
40552
40523
40553
40519
40524
40554
40520
40525
40555
40521
40526
40556
40522
40527
40557
40523
40528
40558
40529
40559
40525
40530
40560
40526
40531
40561
40527
40532
40562
40528
40533
40563
40529
40534
40564
40535
40565
40531
40566
40532
40567
40533
40568
40534
40569
40535
40570
40571
40537
40542
40572
50790
40538
40543
40573
50791
40539
40544
40574
50792
40540
40545
40575
50793
40541
40546
40576
50794
40547
40577
50795
40543
40548
40578
40544
40549
40579
40545
40550
40580
40546
40551
40581
40547
40552
40582
40553
40583
40549
40554
40584
40550
40555
40585
40551
40556
40586
40552
40557
40587
40553
40558
40588
40559
40589
40555
40560
40590
40556
40561
40591
40557
40562
40592
40558
40563
40593
40559
40564
40594
40565
40595
40561
40566
40596
40562
40567
40597
40563
40568
40598
40564
40569
40599
40565
40570
40600
40571
40601
40567
40602
40568
40603
40569
40604
40570
40605
40571
40606
40607
40573
40578
40608
50826
40574
40579
40609
50827
40575
40580
40610
50828
40576
40581
40611
50829
40577
40582
40612
50830
40583
40613
50831
40579
40584
40614
40580
40585
40615
40581
40586
40616
40582
40587
40617
40583
40588
40618
40589
40619
40585
40590
40620
40586
40591
40621
40587
40592
40622
40588
40593
40623
40589
40594
40624
40595
40625
40591
40596
40626
40592
40597
40627
40593
40598
40628
40594
40599
40629
40595
40600
40630
40601
40631
40597
40602
40632
40598
40603
40633
40599
40604
40634
40600
40605
40635
40601
40606
40636
40607
40637
40603
40638
40604
40639
40605
40640
40606
40641
40607
40642
40643
40609
40614
40644
50862
40610
40615
40645
50863
40611
40616
40646
50864
40612
40617
40647
50865
40613
40618
40648
50866
40619
40649
50867
40615
40620
40650
40616
40621
40651
40617
40622
40652
40618
40623
40653
40619
40624
40654
40625
40655
40621
40626
40656
40622
40627
40657
40623
40628
40658
40624
40629
40659
40625
40630
40660
40631
40661
40627
40632
40662
40628
40633
40663
40629
40634
40664
40630
40635
40665
40631
40636
40666
40637
40667
40633
40638
40668
40634
40639
40669
40635
40640
40670
40636
40641
40671
40637
40642
40672
40643
40673
40639
40674
40640
40675
40641
40676
40642
40677
40643
40678
40679
40645
40650
40680
50898
40646
40651
40681
50899
40647
40652
40682
50900
40648
40653
40683
50901
40649
40654
40684
50902
40655
40685
50903
40651
40656
40686
40652
40657
40687
40653
40658
40688
40654
40659
40689
40655
40660
40690
40661
40691
40657
40662
40692
40658
40663
40693
40659
40664
40694
40660
40665
40695
40661
40666
40696
40667
40697
40663
40668
40698
40664
40669
40699
40665
40670
40700
40666
40671
40701
40667
40672
40702
40673
40703
40669
40674
40704
40670
40675
40705
40671
40676
40706
40672
40677
40707
40673
40678
40708
40679
40709
40675
40710
40676
40711
40677
40712
40678
40713
40679
40714
40715
40681
40686
40716
50934
40682
40687
40717
50935
40683
40688
40718
50936
40684
40689
40719
50937
40685
40690
40720
50938
40691
40721
50939
40687
40692
40722
40688
40693
40723
40689
40694
40724
40690
40695
40725
40691
40696
40726
40697
40727
40693
40698
40728
40694
40699
40729
40695
40700
40730
40696
40701
40731
40697
40702
40732
40703
40733
40699
40704
40734
40700
40705
40735
40701
40706
40736
40702
40707
40737
40703
40708
40738
40709
40739
40705
40710
40740
40706
40711
40741
40707
40712
40742
40708
40713
40743
40709
40714
40744
40715
40745
40711
40746
40712
40747
40713
40748
40714
40749
40715
40750
40751
40717
40722
40752
50970
40718
40723
40753
50971
40719
40724
40754
50972
40720
40725
40755
50973
40721
40726
40756
50974
40727
40757
50975
40723
40728
40758
40724
40729
40759
40725
40730
40760
40726
40731
40761
40727
40732
40762
40733
40763
40729
40734
40764
40730
40735
40765
40731
40736
40766
40732
40737
40767
40733
40738
40768
40739
40769
40735
40740
40770
40736
40741
40771
40737
40742
40772
40738
40743
40773
40739
40744
40774
40745
40775
40741
40746
40776
40742
40747
40777
40743
40748
40778
40744
40749
40779
40745
40750
40780
40751
40781
40747
40782
40748
40783
40749
40784
40750
40785
40751
40786
40787
40753
40758
40788
51006
40754
40759
40789
51007
40755
40760
40790
51008
40756
40761
40791
51009
40757
40762
40792
51010
40763
40793
51011
40759
40764
40794
40760
40765
40795
40761
40766
40796
40762
40767
40797
40763
40768
40798
40769
40799
40765
40770
40800
40766
40771
40801
40767
40772
40802
40768
40773
40803
40769
40774
40804
40775
40805
40771
40776
40806
40772
40777
40807
40773
40778
40808
40774
40779
40809
40775
40780
40810
40781
40811
40777
40782
40812
40778
40783
40813
40779
40784
40814
40780
40785
40815
40781
40786
40816
40787
40817
40783
40818
40784
40819
40785
40820
40786
40821
40787
40822
40823
40789
40794
40824
51042
40790
40795
40825
51043
40791
40796
40826
51044
40792
40797
40827
51045
40793
40798
40828
51046
40799
40829
51047
40795
40800
40830
40796
40801
40831
40797
40802
40832
40798
40803
40833
40799
40804
40834
40805
40835
40801
40806
40836
40802
40807
40837
40803
40808
40838
40804
40809
40839
40805
40810
40840
40811
40841
40807
40812
40842
40808
40813
40843
40809
40814
40844
40810
40815
40845
40811
40816
40846
40817
40847
40813
40818
40848
40814
40819
40849
40815
40820
40850
40816
40821
40851
40817
40822
40852
40823
40853
40819
40854
40820
40855
40821
40856
40822
40857
40823
40858
40859
40825
40830
40860
51078
40826
40831
40861
51079
40827
40832
40862
51080
40828
40833
40863
51081
40829
40834
40864
51082
40835
40865
51083
40831
40836
40866
40832
40837
40867
40833
40838
40868
40834
40839
40869
40835
40840
40870
40841
40871
40837
40842
40872
40838
40843
40873
40839
40844
40874
40840
40845
40875
40841
40846
40876
40847
40877
40843
40848
40878
40844
40849
40879
40845
40850
40880
40846
40851
40881
40847
40852
40882
40853
40883
40849
40854
40884
40850
40855
40885
40851
40856
40886
40852
40857
40887
40853
40858
40888
40859
40889
40855
40890
40856
40891
40857
40892
40858
40893
40859
40894
40895
40861
40866
51114
40862
40867
51115
40863
40868
51116
40864
40869
51117
40865
40870
51118
40871
51119
40867
40872
40868
40873
40869
40874
40870
40875
40871
40876
40877
40873
40878
40874
40879
40875
40880
40876
40881
40877
40882
40883
40879
40884
40880
40885
40881
40886
40882
40887
40883
40888
40889
40885
40890
40886
40891
40887
40892
40888
40893
40889
40894
40895
40891
40892
40893
40894
40895
40897
40902
40932
40898
40903
40933
40899
40904
40934
40900
40905
40935
40901
40906
40936
40907
40937
40903
40908
40938
40904
40909
40939
40905
40910
40940
40906
40911
40941
40907
40912
40942
40913
40943
40909
40914
40944
40910
40915
40945
40911
40916
40946
40912
40917
40947
40913
40918
40948
40919
40949
40915
40920
40950
40916
40921
40951
40917
40922
40952
40918
40923
40953
40919
40924
40954
40925
40955
40921
40926
40956
40922
40927
40957
40923
40928
40958
40924
40929
40959
40925
40930
40960
40931
40961
40927
40962
40928
40963
40929
40964
40930
40965
40931
40966
40967
40933
40938
40968
40934
40939
40969
40935
40940
40970
40936
40941
40971
40937
40942
40972
40943
40973
40939
40944
40974
40940
40945
40975
40941
40946
40976
40942
40947
40977
40943
40948
40978
40949
40979
40945
40950
40980
40946
40951
40981
40947
40952
40982
40948
40953
40983
40949
40954
40984
40955
40985
40951
40956
40986
40952
40957
40987
40953
40958
40988
40954
40959
40989
40955
40960
40990
40961
40991
40957
40962
40992
40958
40963
40993
40959
40964
40994
40960
40965
40995
40961
40966
40996
40967
40997
40963
40998
40964
40999
40965
41000
40966
41001
40967
41002
41003
40969
40974
41004
40970
40975
41005
40971
40976
41006
40972
40977
41007
40973
40978
41008
40979
41009
40975
40980
41010
40976
40981
41011
40977
40982
41012
40978
40983
41013
40979
40984
41014
40985
41015
40981
40986
41016
40982
40987
41017
40983
40988
41018
40984
40989
41019
40985
40990
41020
40991
41021
40987
40992
41022
40988
40993
41023
40989
40994
41024
40990
40995
41025
40991
40996
41026
40997
41027
40993
40998
41028
40994
40999
41029
40995
41000
41030
40996
41001
41031
40997
41002
41032
41003
41033
40999
41034
41000
41035
41001
41036
41002
41037
41003
41038
41039
41005
41010
41040
41006
41011
41041
41007
41012
41042
41008
41013
41043
41009
41014
41044
41015
41045
41011
41016
41046
41012
41017
41047
41013
41018
41048
41014
41019
41049
41015
41020
41050
41021
41051
41017
41022
41052
41018
41023
41053
41019
41024
41054
41020
41025
41055
41021
41026
41056
41027
41057
41023
41028
41058
41024
41029
41059
41025
41030
41060
41026
41031
41061
41027
41032
41062
41033
41063
41029
41034
41064
41030
41035
41065
41031
41036
41066
41032
41037
41067
41033
41038
41068
41039
41069
41035
41070
41036
41071
41037
41072
41038
41073
41039
41074
41075
41041
41046
41076
41042
41047
41077
41043
41048
41078
41044
41049
41079
41045
41050
41080
41051
41081
41047
41052
41082
41048
41053
41083
41049
41054
41084
41050
41055
41085
41051
41056
41086
41057
41087
41053
41058
41088
41054
41059
41089
41055
41060
41090
41056
41061
41091
41057
41062
41092
41063
41093
41059
41064
41094
41060
41065
41095
41061
41066
41096
41062
41067
41097
41063
41068
41098
41069
41099
41065
41070
41100
41066
41071
41101
41067
41072
41102
41068
41073
41103
41069
41074
41104
41075
41105
41071
41106
41072
41107
41073
41108
41074
41109
41075
41110
41111
41077
41082
41112
41078
41083
41113
41079
41084
41114
41080
41085
41115
41081
41086
41116
41087
41117
41083
41088
41118
41084
41089
41119
41085
41090
41120
41086
41091
41121
41087
41092
41122
41093
41123
41089
41094
41124
41090
41095
41125
41091
41096
41126
41092
41097
41127
41093
41098
41128
41099
41129
41095
41100
41130
41096
41101
41131
41097
41102
41132
41098
41103
41133
41099
41104
41134
41105
41135
41101
41106
41136
41102
41107
41137
41103
41108
41138
41104
41109
41139
41105
41110
41140
41111
41141
41107
41142
41108
41143
41109
41144
41110
41145
41111
41146
41147
41113
41118
41148
41114
41119
41149
41115
41120
41150
41116
41121
41151
41117
41122
41152
41123
41153
41119
41124
41154
41120
41125
41155
41121
41126
41156
41122
41127
41157
41123
41128
41158
41129
41159
41125
41130
41160
41126
41131
41161
41127
41132
41162
41128
41133
41163
41129
41134
41164
41135
41165
41131
41136
41166
41132
41137
41167
41133
41138
41168
41134
41139
41169
41135
41140
41170
41141
41171
41137
41142
41172
41138
41143
41173
41139
41144
41174
41140
41145
41175
41141
41146
41176
41147
41177
41143
41178
41144
41179
41145
41180
41146
41181
41147
41182
41183
41149
41154
41184
41150
41155
41185
41151
41156
41186
41152
41157
41187
41153
41158
41188
41159
41189
41155
41160
41190
41156
41161
41191
41157
41162
41192
41158
41163
41193
41159
41164
41194
41165
41195
41161
41166
41196
41162
41167
41197
41163
41168
41198
41164
41169
41199
41165
41170
41200
41171
41201
41167
41172
41202
41168
41173
41203
41169
41174
41204
41170
41175
41205
41171
41176
41206
41177
41207
41173
41178
41208
41174
41179
41209
41175
41180
41210
41176
41181
41211
41177
41182
41212
41183
41213
41179
41214
41180
41215
41181
41216
41182
41217
41183
41218
41219
41185
41190
41220
41186
41191
41221
41187
41192
41222
41188
41193
41223
41189
41194
41224
41195
41225
41191
41196
41226
41192
41197
41227
41193
41198
41228
41194
41199
41229
41195
41200
41230
41201
41231
41197
41202
41232
41198
41203
41233
41199
41204
41234
41200
41205
41235
41201
41206
41236
41207
41237
41203
41208
41238
41204
41209
41239
41205
41210
41240
41206
41211
41241
41207
41212
41242
41213
41243
41209
41214
41244
41210
41215
41245
41211
41216
41246
41212
41217
41247
41213
41218
41248
41219
41249
41215
41250
41216
41251
41217
41252
41218
41253
41219
41254
41255
41221
41226
41256
41222
41227
41257
41223
41228
41258
41224
41229
41259
41225
41230
41260
41231
41261
41227
41232
41262
41228
41233
41263
41229
41234
41264
41230
41235
41265
41231
41236
41266
41237
41267
41233
41238
41268
41234
41239
41269
41235
41240
41270
41236
41241
41271
41237
41242
41272
41243
41273
41239
41244
41274
41240
41245
41275
41241
41246
41276
41242
41247
41277
41243
41248
41278
41249
41279
41245
41250
41280
41246
41251
41281
41247
41252
41282
41248
41253
41283
41249
41254
41284
41255
41285
41251
41286
41252
41287
41253
41288
41254
41289
41255
41290
41291
41257
41262
41292
41258
41263
41293
41259
41264
41294
41260
41265
41295
41261
41266
41296
41267
41297
41263
41268
41298
41264
41269
41299
41265
41270
41300
41266
41271
41301
41267
41272
41302
41273
41303
41269
41274
41304
41270
41275
41305
41271
41276
41306
41272
41277
41307
41273
41278
41308
41279
41309
41275
41280
41310
41276
41281
41311
41277
41282
41312
41278
41283
41313
41279
41284
41314
41285
41315
41281
41286
41316
41282
41287
41317
41283
41288
41318
41284
41289
41319
41285
41290
41320
41291
41321
41287
41322
41288
41323
41289
41324
41290
41325
41291
41326
41327
41293
41298
41328
41294
41299
41329
41295
41300
41330
41296
41301
41331
41297
41302
41332
41303
41333
41299
41304
41334
41300
41305
41335
41301
41306
41336
41302
41307
41337
41303
41308
41338
41309
41339
41305
41310
41340
41306
41311
41341
41307
41312
41342
41308
41313
41343
41309
41314
41344
41315
41345
41311
41316
41346
41312
41317
41347
41313
41318
41348
41314
41319
41349
41315
41320
41350
41321
41351
41317
41322
41352
41318
41323
41353
41319
41324
41354
41320
41325
41355
41321
41326
41356
41327
41357
41323
41358
41324
41359
41325
41360
41326
41361
41327
41362
41363
41329
41334
41364
41330
41335
41365
41331
41336
41366
41332
41337
41367
41333
41338
41368
41339
41369
41335
41340
41370
41336
41341
41371
41337
41342
41372
41338
41343
41373
41339
41344
41374
41345
41375
41341
41346
41376
41342
41347
41377
41343
41348
41378
41344
41349
41379
41345
41350
41380
41351
41381
41347
41352
41382
41348
41353
41383
41349
41354
41384
41350
41355
41385
41351
41356
41386
41357
41387
41353
41358
41388
41354
41359
41389
41355
41360
41390
41356
41361
41391
41357
41362
41392
41363
41393
41359
41394
41360
41395
41361
41396
41362
41397
41363
41398
41399
41365
41370
41400
41366
41371
41401
41367
41372
41402
41368
41373
41403
41369
41374
41404
41375
41405
41371
41376
41406
41372
41377
41407
41373
41378
41408
41374
41379
41409
41375
41380
41410
41381
41411
41377
41382
41412
41378
41383
41413
41379
41384
41414
41380
41385
41415
41381
41386
41416
41387
41417
41383
41388
41418
41384
41389
41419
41385
41390
41420
41386
41391
41421
41387
41392
41422
41393
41423
41389
41394
41424
41390
41395
41425
41391
41396
41426
41392
41397
41427
41393
41398
41428
41399
41429
41395
41430
41396
41431
41397
41432
41398
41433
41399
41434
41435
41401
41406
41436
41402
41407
41437
41403
41408
41438
41404
41409
41439
41405
41410
41440
41411
41441
41407
41412
41442
41408
41413
41443
41409
41414
41444
41410
41415
41445
41411
41416
41446
41417
41447
41413
41418
41448
41414
41419
41449
41415
41420
41450
41416
41421
41451
41417
41422
41452
41423
41453
41419
41424
41454
41420
41425
41455
41421
41426
41456
41422
41427
41457
41423
41428
41458
41429
41459
41425
41430
41460
41426
41431
41461
41427
41432
41462
41428
41433
41463
41429
41434
41464
41435
41465
41431
41466
41432
41467
41433
41468
41434
41469
41435
41470
41471
41437
41442
41472
41438
41443
41473
41439
41444
41474
41440
41445
41475
41441
41446
41476
41447
41477
41443
41448
41478
41444
41449
41479
41445
41450
41480
41446
41451
41481
41447
41452
41482
41453
41483
41449
41454
41484
41450
41455
41485
41451
41456
41486
41452
41457
41487
41453
41458
41488
41459
41489
41455
41460
41490
41456
41461
41491
41457
41462
41492
41458
41463
41493
41459
41464
41494
41465
41495
41461
41466
41496
41462
41467
41497
41463
41468
41498
41464
41469
41499
41465
41470
41500
41471
41501
41467
41502
41468
41503
41469
41504
41470
41505
41471
41506
41507
41473
41478
41508
41474
41479
41509
41475
41480
41510
41476
41481
41511
41477
41482
41512
41483
41513
41479
41484
41514
41480
41485
41515
41481
41486
41516
41482
41487
41517
41483
41488
41518
41489
41519
41485
41490
41520
41486
41491
41521
41487
41492
41522
41488
41493
41523
41489
41494
41524
41495
41525
41491
41496
41526
41492
41497
41527
41493
41498
41528
41494
41499
41529
41495
41500
41530
41501
41531
41497
41502
41532
41498
41503
41533
41499
41504
41534
41500
41505
41535
41501
41506
41536
41507
41537
41503
41538
41504
41539
41505
41540
41506
41541
41507
41542
41543
41509
41514
41544
41510
41515
41545
41511
41516
41546
41512
41517
41547
41513
41518
41548
41519
41549
41515
41520
41550
41516
41521
41551
41517
41522
41552
41518
41523
41553
41519
41524
41554
41525
41555
41521
41526
41556
41522
41527
41557
41523
41528
41558
41524
41529
41559
41525
41530
41560
41531
41561
41527
41532
41562
41528
41533
41563
41529
41534
41564
41530
41535
41565
41531
41536
41566
41537
41567
41533
41538
41568
41534
41539
41569
41535
41540
41570
41536
41541
41571
41537
41542
41572
41543
41573
41539
41574
41540
41575
41541
41576
41542
41577
41543
41578
41579
41545
41550
41580
41546
41551
41581
41547
41552
41582
41548
41553
41583
41549
41554
41584
41555
41585
41551
41556
41586
41552
41557
41587
41553
41558
41588
41554
41559
41589
41555
41560
41590
41561
41591
41557
41562
41592
41558
41563
41593
41559
41564
41594
41560
41565
41595
41561
41566
41596
41567
41597
41563
41568
41598
41564
41569
41599
41565
41570
41600
41566
41571
41601
41567
41572
41602
41573
41603
41569
41574
41604
41570
41575
41605
41571
41576
41606
41572
41577
41607
41573
41578
41608
41579
41609
41575
41610
41576
41611
41577
41612
41578
41613
41579
41614
41615
41581
41586
41616
41582
41587
41617
41583
41588
41618
41584
41589
41619
41585
41590
41620
41591
41621
41587
41592
41622
41588
41593
41623
41589
41594
41624
41590
41595
41625
41591
41596
41626
41597
41627
41593
41598
41628
41594
41599
41629
41595
41600
41630
41596
41601
41631
41597
41602
41632
41603
41633
41599
41604
41634
41600
41605
41635
41601
41606
41636
41602
41607
41637
41603
41608
41638
41609
41639
41605
41610
41640
41606
41611
41641
41607
41612
41642
41608
41613
41643
41609
41614
41644
41615
41645
41611
41646
41612
41647
41613
41648
41614
41649
41615
41650
41651
41617
41622
41652
41618
41623
41653
41619
41624
41654
41620
41625
41655
41621
41626
41656
41627
41657
41623
41628
41658
41624
41629
41659
41625
41630
41660
41626
41631
41661
41627
41632
41662
41633
41663
41629
41634
41664
41630
41635
41665
41631
41636
41666
41632
41637
41667
41633
41638
41668
41639
41669
41635
41640
41670
41636
41641
41671
41637
41642
41672
41638
41643
41673
41639
41644
41674
41645
41675
41641
41646
41676
41642
41647
41677
41643
41648
41678
41644
41649
41679
41645
41650
41680
41651
41681
41647
41682
41648
41683
41649
41684
41650
41685
41651
41686
41687
41653
41658
41688
41654
41659
41689
41655
41660
41690
41656
41661
41691
41657
41662
41692
41663
41693
41659
41664
41694
41660
41665
41695
41661
41666
41696
41662
41667
41697
41663
41668
41698
41669
41699
41665
41670
41700
41666
41671
41701
41667
41672
41702
41668
41673
41703
41669
41674
41704
41675
41705
41671
41676
41706
41672
41677
41707
41673
41678
41708
41674
41679
41709
41675
41680
41710
41681
41711
41677
41682
41712
41678
41683
41713
41679
41684
41714
41680
41685
41715
41681
41686
41716
41687
41717
41683
41718
41684
41719
41685
41720
41686
41721
41687
41722
41723
41689
41694
41724
41690
41695
41725
41691
41696
41726
41692
41697
41727
41693
41698
41728
41699
41729
41695
41700
41730
41696
41701
41731
41697
41702
41732
41698
41703
41733
41699
41704
41734
41705
41735
41701
41706
41736
41702
41707
41737
41703
41708
41738
41704
41709
41739
41705
41710
41740
41711
41741
41707
41712
41742
41708
41713
41743
41709
41714
41744
41710
41715
41745
41711
41716
41746
41717
41747
41713
41718
41748
41714
41719
41749
41715
41720
41750
41716
41721
41751
41717
41722
41752
41723
41753
41719
41754
41720
41755
41721
41756
41722
41757
41723
41758
41759
41725
41730
41760
41726
41731
41761
41727
41732
41762
41728
41733
41763
41729
41734
41764
41735
41765
41731
41736
41766
41732
41737
41767
41733
41738
41768
41734
41739
41769
41735
41740
41770
41741
41771
41737
41742
41772
41738
41743
41773
41739
41744
41774
41740
41745
41775
41741
41746
41776
41747
41777
41743
41748
41778
41744
41749
41779
41745
41750
41780
41746
41751
41781
41747
41752
41782
41753
41783
41749
41754
41784
41750
41755
41785
41751
41756
41786
41752
41757
41787
41753
41758
41788
41759
41789
41755
41790
41756
41791
41757
41792
41758
41793
41759
41794
41795
41761
41766
41796
41762
41767
41797
41763
41768
41798
41764
41769
41799
41765
41770
41800
41771
41801
41767
41772
41802
41768
41773
41803
41769
41774
41804
41770
41775
41805
41771
41776
41806
41777
41807
41773
41778
41808
41774
41779
41809
41775
41780
41810
41776
41781
41811
41777
41782
41812
41783
41813
41779
41784
41814
41780
41785
41815
41781
41786
41816
41782
41787
41817
41783
41788
41818
41789
41819
41785
41790
41820
41786
41791
41821
41787
41792
41822
41788
41793
41823
41789
41794
41824
41795
41825
41791
41826
41792
41827
41793
41828
41794
41829
41795
41830
41831
41797
41802
41832
41798
41803
41833
41799
41804
41834
41800
41805
41835
41801
41806
41836
41807
41837
41803
41808
41838
41804
41809
41839
41805
41810
41840
41806
41811
41841
41807
41812
41842
41813
41843
41809
41814
41844
41810
41815
41845
41811
41816
41846
41812
41817
41847
41813
41818
41848
41819
41849
41815
41820
41850
41816
41821
41851
41817
41822
41852
41818
41823
41853
41819
41824
41854
41825
41855
41821
41826
41856
41822
41827
41857
41823
41828
41858
41824
41829
41859
41825
41830
41860
41831
41861
41827
41862
41828
41863
41829
41864
41830
41865
41831
41866
41867
41833
41838
41868
41834
41839
41869
41835
41840
41870
41836
41841
41871
41837
41842
41872
41843
41873
41839
41844
41874
41840
41845
41875
41841
41846
41876
41842
41847
41877
41843
41848
41878
41849
41879
41845
41850
41880
41846
41851
41881
41847
41852
41882
41848
41853
41883
41849
41854
41884
41855
41885
41851
41856
41886
41852
41857
41887
41853
41858
41888
41854
41859
41889
41855
41860
41890
41861
41891
41857
41862
41892
41858
41863
41893
41859
41864
41894
41860
41865
41895
41861
41866
41896
41867
41897
41863
41898
41864
41899
41865
41900
41866
41901
41867
41902
41903
41869
41874
41904
41870
41875
41905
41871
41876
41906
41872
41877
41907
41873
41878
41908
41879
41909
41875
41880
41910
41876
41881
41911
41877
41882
41912
41878
41883
41913
41879
41884
41914
41885
41915
41881
41886
41916
41882
41887
41917
41883
41888
41918
41884
41889
41919
41885
41890
41920
41891
41921
41887
41892
41922
41888
41893
41923
41889
41894
41924
41890
41895
41925
41891
41896
41926
41897
41927
41893
41898
41928
41894
41899
41929
41895
41900
41930
41896
41901
41931
41897
41902
41932
41903
41933
41899
41934
41900
41935
41901
41936
41902
41937
41903
41938
41939
41905
41910
41940
41906
41911
41941
41907
41912
41942
41908
41913
41943
41909
41914
41944
41915
41945
41911
41916
41946
41912
41917
41947
41913
41918
41948
41914
41919
41949
41915
41920
41950
41921
41951
41917
41922
41952
41918
41923
41953
41919
41924
41954
41920
41925
41955
41921
41926
41956
41927
41957
41923
41928
41958
41924
41929
41959
41925
41930
41960
41926
41931
41961
41927
41932
41962
41933
41963
41929
41934
41964
41930
41935
41965
41931
41936
41966
41932
41937
41967
41933
41938
41968
41939
41969
41935
41970
41936
41971
41937
41972
41938
41973
41939
41974
41975
41941
41946
41976
41942
41947
41977
41943
41948
41978
41944
41949
41979
41945
41950
41980
41951
41981
41947
41952
41982
41948
41953
41983
41949
41954
41984
41950
41955
41985
41951
41956
41986
41957
41987
41953
41958
41988
41954
41959
41989
41955
41960
41990
41956
41961
41991
41957
41962
41992
41963
41993
41959
41964
41994
41960
41965
41995
41961
41966
41996
41962
41967
41997
41963
41968
41998
41969
41999
41965
41970
42000
41966
41971
42001
41967
41972
42002
41968
41973
42003
41969
41974
42004
41975
42005
41971
42006
41972
42007
41973
42008
41974
42009
41975
42010
42011
41977
41982
42012
41978
41983
42013
41979
41984
42014
41980
41985
42015
41981
41986
42016
41987
42017
41983
41988
42018
41984
41989
42019
41985
41990
42020
41986
41991
42021
41987
41992
42022
41993
42023
41989
41994
42024
41990
41995
42025
41991
41996
42026
41992
41997
42027
41993
41998
42028
41999
42029
41995
42000
42030
41996
42001
42031
41997
42002
42032
41998
42003
42033
41999
42004
42034
42005
42035
42001
42006
42036
42002
42007
42037
42003
42008
42038
42004
42009
42039
42005
42010
42040
42011
42041
42007
42042
42008
42043
42009
42044
42010
42045
42011
42046
42047
42013
42018
42048
42014
42019
42049
42015
42020
42050
42016
42021
42051
42017
42022
42052
42023
42053
42019
42024
42054
42020
42025
42055
42021
42026
42056
42022
42027
42057
42023
42028
42058
42029
42059
42025
42030
42060
42026
42031
42061
42027
42032
42062
42028
42033
42063
42029
42034
42064
42035
42065
42031
42036
42066
42032
42037
42067
42033
42038
42068
42034
42039
42069
42035
42040
42070
42041
42071
42037
42042
42072
42038
42043
42073
42039
42044
42074
42040
42045
42075
42041
42046
42076
42047
42077
42043
42078
42044
42079
42045
42080
42046
42081
42047
42082
42083
42049
42054
42084
42050
42055
42085
42051
42056
42086
42052
42057
42087
42053
42058
42088
42059
42089
42055
42060
42090
42056
42061
42091
42057
42062
42092
42058
42063
42093
42059
42064
42094
42065
42095
42061
42066
42096
42062
42067
42097
42063
42068
42098
42064
42069
42099
42065
42070
42100
42071
42101
42067
42072
42102
42068
42073
42103
42069
42074
42104
42070
42075
42105
42071
42076
42106
42077
42107
42073
42078
42108
42074
42079
42109
42075
42080
42110
42076
42081
42111
42077
42082
42112
42083
42113
42079
42114
42080
42115
42081
42116
42082
42117
42083
42118
42119
42085
42090
42120
42086
42091
42121
42087
42092
42122
42088
42093
42123
42089
42094
42124
42095
42125
42091
42096
42126
42092
42097
42127
42093
42098
42128
42094
42099
42129
42095
42100
42130
42101
42131
42097
42102
42132
42098
42103
42133
42099
42104
42134
42100
42105
42135
42101
42106
42136
42107
42137
42103
42108
42138
42104
42109
42139
42105
42110
42140
42106
42111
42141
42107
42112
42142
42113
42143
42109
42114
42144
42110
42115
42145
42111
42116
42146
42112
42117
42147
42113
42118
42148
42119
42149
42115
42150
42116
42151
42117
42152
42118
42153
42119
42154
42155
42121
42126
42156
42122
42127
42157
42123
42128
42158
42124
42129
42159
42125
42130
42160
42131
42161
42127
42132
42162
42128
42133
42163
42129
42134
42164
42130
42135
42165
42131
42136
42166
42137
42167
42133
42138
42168
42134
42139
42169
42135
42140
42170
42136
42141
42171
42137
42142
42172
42143
42173
42139
42144
42174
42140
42145
42175
42141
42146
42176
42142
42147
42177
42143
42148
42178
42149
42179
42145
42150
42180
42146
42151
42181
42147
42152
42182
42148
42153
42183
42149
42154
42184
42155
42185
42151
42186
42152
42187
42153
42188
42154
42189
42155
42190
42191
42157
42162
42192
42158
42163
42193
42159
42164
42194
42160
42165
42195
42161
42166
42196
42167
42197
42163
42168
42198
42164
42169
42199
42165
42170
42200
42166
42171
42201
42167
42172
42202
42173
42203
42169
42174
42204
42170
42175
42205
42171
42176
42206
42172
42177
42207
42173
42178
42208
42179
42209
42175
42180
42210
42176
42181
42211
42177
42182
42212
42178
42183
42213
42179
42184
42214
42185
42215
42181
42186
42216
42182
42187
42217
42183
42188
42218
42184
42189
42219
42185
42190
42220
42191
42221
42187
42222
42188
42223
42189
42224
42190
42225
42191
42226
42227
42193
42198
42228
42194
42199
42229
42195
42200
42230
42196
42201
42231
42197
42202
42232
42203
42233
42199
42204
42234
42200
42205
42235
42201
42206
42236
42202
42207
42237
42203
42208
42238
42209
42239
42205
42210
42240
42206
42211
42241
42207
42212
42242
42208
42213
42243
42209
42214
42244
42215
42245
42211
42216
42246
42212
42217
42247
42213
42218
42248
42214
42219
42249
42215
42220
42250
42221
42251
42217
42222
42252
42218
42223
42253
42219
42224
42254
42220
42225
42255
42221
42226
42256
42227
42257
42223
42258
42224
42259
42225
42260
42226
42261
42227
42262
42263
42229
42234
42264
42230
42235
42265
42231
42236
42266
42232
42237
42267
42233
42238
42268
42239
42269
42235
42240
42270
42236
42241
42271
42237
42242
42272
42238
42243
42273
42239
42244
42274
42245
42275
42241
42246
42276
42242
42247
42277
42243
42248
42278
42244
42249
42279
42245
42250
42280
42251
42281
42247
42252
42282
42248
42253
42283
42249
42254
42284
42250
42255
42285
42251
42256
42286
42257
42287
42253
42258
42288
42254
42259
42289
42255
42260
42290
42256
42261
42291
42257
42262
42292
42263
42293
42259
42294
42260
42295
42261
42296
42262
42297
42263
42298
42299
42265
42270
42300
42266
42271
42301
42267
42272
42302
42268
42273
42303
42269
42274
42304
42275
42305
42271
42276
42306
42272
42277
42307
42273
42278
42308
42274
42279
42309
42275
42280
42310
42281
42311
42277
42282
42312
42278
42283
42313
42279
42284
42314
42280
42285
42315
42281
42286
42316
42287
42317
42283
42288
42318
42284
42289
42319
42285
42290
42320
42286
42291
42321
42287
42292
42322
42293
42323
42289
42294
42324
42290
42295
42325
42291
42296
42326
42292
42297
42327
42293
42298
42328
42299
42329
42295
42330
42296
42331
42297
42332
42298
42333
42299
42334
42335
42301
42306
42336
42302
42307
42337
42303
42308
42338
42304
42309
42339
42305
42310
42340
42311
42341
42307
42312
42342
42308
42313
42343
42309
42314
42344
42310
42315
42345
42311
42316
42346
42317
42347
42313
42318
42348
42314
42319
42349
42315
42320
42350
42316
42321
42351
42317
42322
42352
42323
42353
42319
42324
42354
42320
42325
42355
42321
42326
42356
42322
42327
42357
42323
42328
42358
42329
42359
42325
42330
42360
42326
42331
42361
42327
42332
42362
42328
42333
42363
42329
42334
42364
42335
42365
42331
42366
42332
42367
42333
42368
42334
42369
42335
42370
42371
42337
42342
42372
42338
42343
42373
42339
42344
42374
42340
42345
42375
42341
42346
42376
42347
42377
42343
42348
42378
42344
42349
42379
42345
42350
42380
42346
42351
42381
42347
42352
42382
42353
42383
42349
42354
42384
42350
42355
42385
42351
42356
42386
42352
42357
42387
42353
42358
42388
42359
42389
42355
42360
42390
42356
42361
42391
42357
42362
42392
42358
42363
42393
42359
42364
42394
42365
42395
42361
42366
42396
42362
42367
42397
42363
42368
42398
42364
42369
42399
42365
42370
42400
42371
42401
42367
42402
42368
42403
42369
42404
42370
42405
42371
42406
42407
42373
42378
42408
42374
42379
42409
42375
42380
42410
42376
42381
42411
42377
42382
42412
42383
42413
42379
42384
42414
42380
42385
42415
42381
42386
42416
42382
42387
42417
42383
42388
42418
42389
42419
42385
42390
42420
42386
42391
42421
42387
42392
42422
42388
42393
42423
42389
42394
42424
42395
42425
42391
42396
42426
42392
42397
42427
42393
42398
42428
42394
42399
42429
42395
42400
42430
42401
42431
42397
42402
42432
42398
42403
42433
42399
42404
42434
42400
42405
42435
42401
42406
42436
42407
42437
42403
42438
42404
42439
42405
42440
42406
42441
42407
42442
42443
42409
42414
42444
42410
42415
42445
42411
42416
42446
42412
42417
42447
42413
42418
42448
42419
42449
42415
42420
42450
42416
42421
42451
42417
42422
42452
42418
42423
42453
42419
42424
42454
42425
42455
42421
42426
42456
42422
42427
42457
42423
42428
42458
42424
42429
42459
42425
42430
42460
42431
42461
42427
42432
42462
42428
42433
42463
42429
42434
42464
42430
42435
42465
42431
42436
42466
42437
42467
42433
42438
42468
42434
42439
42469
42435
42440
42470
42436
42441
42471
42437
42442
42472
42443
42473
42439
42474
42440
42475
42441
42476
42442
42477
42443
42478
42479
42445
42450
42480
42446
42451
42481
42447
42452
42482
42448
42453
42483
42449
42454
42484
42455
42485
42451
42456
42486
42452
42457
42487
42453
42458
42488
42454
42459
42489
42455
42460
42490
42461
42491
42457
42462
42492
42458
42463
42493
42459
42464
42494
42460
42465
42495
42461
42466
42496
42467
42497
42463
42468
42498
42464
42469
42499
42465
42470
42500
42466
42471
42501
42467
42472
42502
42473
42503
42469
42474
42504
42470
42475
42505
42471
42476
42506
42472
42477
42507
42473
42478
42508
42479
42509
42475
42510
42476
42511
42477
42512
42478
42513
42479
42514
42515
42481
42486
42516
42482
42487
42517
42483
42488
42518
42484
42489
42519
42485
42490
42520
42491
42521
42487
42492
42522
42488
42493
42523
42489
42494
42524
42490
42495
42525
42491
42496
42526
42497
42527
42493
42498
42528
42494
42499
42529
42495
42500
42530
42496
42501
42531
42497
42502
42532
42503
42533
42499
42504
42534
42500
42505
42535
42501
42506
42536
42502
42507
42537
42503
42508
42538
42509
42539
42505
42510
42540
42506
42511
42541
42507
42512
42542
42508
42513
42543
42509
42514
42544
42515
42545
42511
42546
42512
42547
42513
42548
42514
42549
42515
42550
42551
42517
42522
42552
42518
42523
42553
42519
42524
42554
42520
42525
42555
42521
42526
42556
42527
42557
42523
42528
42558
42524
42529
42559
42525
42530
42560
42526
42531
42561
42527
42532
42562
42533
42563
42529
42534
42564
42530
42535
42565
42531
42536
42566
42532
42537
42567
42533
42538
42568
42539
42569
42535
42540
42570
42536
42541
42571
42537
42542
42572
42538
42543
42573
42539
42544
42574
42545
42575
42541
42546
42576
42542
42547
42577
42543
42548
42578
42544
42549
42579
42545
42550
42580
42551
42581
42547
42582
42548
42583
42549
42584
42550
42585
42551
42586
42587
42553
42558
42588
42554
42559
42589
42555
42560
42590
42556
42561
42591
42557
42562
42592
42563
42593
42559
42564
42594
42560
42565
42595
42561
42566
42596
42562
42567
42597
42563
42568
42598
42569
42599
42565
42570
42600
42566
42571
42601
42567
42572
42602
42568
42573
42603
42569
42574
42604
42575
42605
42571
42576
42606
42572
42577
42607
42573
42578
42608
42574
42579
42609
42575
42580
42610
42581
42611
42577
42582
42612
42578
42583
42613
42579
42584
42614
42580
42585
42615
42581
42586
42616
42587
42617
42583
42618
42584
42619
42585
42620
42586
42621
42587
42622
42623
42589
42594
42624
42590
42595
42625
42591
42596
42626
42592
42597
42627
42593
42598
42628
42599
42629
42595
42600
42630
42596
42601
42631
42597
42602
42632
42598
42603
42633
42599
42604
42634
42605
42635
42601
42606
42636
42602
42607
42637
42603
42608
42638
42604
42609
42639
42605
42610
42640
42611
42641
42607
42612
42642
42608
42613
42643
42609
42614
42644
42610
42615
42645
42611
42616
42646
42617
42647
42613
42618
42648
42614
42619
42649
42615
42620
42650
42616
42621
42651
42617
42622
42652
42623
42653
42619
42654
42620
42655
42621
42656
42622
42657
42623
42658
42659
42625
42630
42660
42626
42631
42661
42627
42632
42662
42628
42633
42663
42629
42634
42664
42635
42665
42631
42636
42666
42632
42637
42667
42633
42638
42668
42634
42639
42669
42635
42640
42670
42641
42671
42637
42642
42672
42638
42643
42673
42639
42644
42674
42640
42645
42675
42641
42646
42676
42647
42677
42643
42648
42678
42644
42649
42679
42645
42650
42680
42646
42651
42681
42647
42652
42682
42653
42683
42649
42654
42684
42650
42655
42685
42651
42656
42686
42652
42657
42687
42653
42658
42688
42659
42689
42655
42690
42656
42691
42657
42692
42658
42693
42659
42694
42695
42661
42666
42696
42662
42667
42697
42663
42668
42698
42664
42669
42699
42665
42670
42700
42671
42701
42667
42672
42702
42668
42673
42703
42669
42674
42704
42670
42675
42705
42671
42676
42706
42677
42707
42673
42678
42708
42674
42679
42709
42675
42680
42710
42676
42681
42711
42677
42682
42712
42683
42713
42679
42684
42714
42680
42685
42715
42681
42686
42716
42682
42687
42717
42683
42688
42718
42689
42719
42685
42690
42720
42686
42691
42721
42687
42692
42722
42688
42693
42723
42689
42694
42724
42695
42725
42691
42726
42692
42727
42693
42728
42694
42729
42695
42730
42731
42697
42702
42732
42698
42703
42733
42699
42704
42734
42700
42705
42735
42701
42706
42736
42707
42737
42703
42708
42738
42704
42709
42739
42705
42710
42740
42706
42711
42741
42707
42712
42742
42713
42743
42709
42714
42744
42710
42715
42745
42711
42716
42746
42712
42717
42747
42713
42718
42748
42719
42749
42715
42720
42750
42716
42721
42751
42717
42722
42752
42718
42723
42753
42719
42724
42754
42725
42755
42721
42726
42756
42722
42727
42757
42723
42728
42758
42724
42729
42759
42725
42730
42760
42731
42761
42727
42762
42728
42763
42729
42764
42730
42765
42731
42766
42767
42733
42738
42768
42734
42739
42769
42735
42740
42770
42736
42741
42771
42737
42742
42772
42743
42773
42739
42744
42774
42740
42745
42775
42741
42746
42776
42742
42747
42777
42743
42748
42778
42749
42779
42745
42750
42780
42746
42751
42781
42747
42752
42782
42748
42753
42783
42749
42754
42784
42755
42785
42751
42756
42786
42752
42757
42787
42753
42758
42788
42754
42759
42789
42755
42760
42790
42761
42791
42757
42762
42792
42758
42763
42793
42759
42764
42794
42760
42765
42795
42761
42766
42796
42767
42797
42763
42798
42764
42799
42765
42800
42766
42801
42767
42802
42803
42769
42774
42804
42770
42775
42805
42771
42776
42806
42772
42777
42807
42773
42778
42808
42779
42809
42775
42780
42810
42776
42781
42811
42777
42782
42812
42778
42783
42813
42779
42784
42814
42785
42815
42781
42786
42816
42782
42787
42817
42783
42788
42818
42784
42789
42819
42785
42790
42820
42791
42821
42787
42792
42822
42788
42793
42823
42789
42794
42824
42790
42795
42825
42791
42796
42826
42797
42827
42793
42798
42828
42794
42799
42829
42795
42800
42830
42796
42801
42831
42797
42802
42832
42803
42833
42799
42834
42800
42835
42801
42836
42802
42837
42803
42838
42839
42805
42810
42840
42806
42811
42841
42807
42812
42842
42808
42813
42843
42809
42814
42844
42815
42845
42811
42816
42846
42812
42817
42847
42813
42818
42848
42814
42819
42849
42815
42820
42850
42821
42851
42817
42822
42852
42818
42823
42853
42819
42824
42854
42820
42825
42855
42821
42826
42856
42827
42857
42823
42828
42858
42824
42829
42859
42825
42830
42860
42826
42831
42861
42827
42832
42862
42833
42863
42829
42834
42864
42830
42835
42865
42831
42836
42866
42832
42837
42867
42833
42838
42868
42839
42869
42835
42870
42836
42871
42837
42872
42838
42873
42839
42874
42875
42841
42846
42876
42842
42847
42877
42843
42848
42878
42844
42849
42879
42845
42850
42880
42851
42881
42847
42852
42882
42848
42853
42883
42849
42854
42884
42850
42855
42885
42851
42856
42886
42857
42887
42853
42858
42888
42854
42859
42889
42855
42860
42890
42856
42861
42891
42857
42862
42892
42863
42893
42859
42864
42894
42860
42865
42895
42861
42866
42896
42862
42867
42897
42863
42868
42898
42869
42899
42865
42870
42900
42866
42871
42901
42867
42872
42902
42868
42873
42903
42869
42874
42904
42875
42905
42871
42906
42872
42907
42873
42908
42874
42909
42875
42910
42911
42877
42882
42912
42878
42883
42913
42879
42884
42914
42880
42885
42915
42881
42886
42916
42887
42917
42883
42888
42918
42884
42889
42919
42885
42890
42920
42886
42891
42921
42887
42892
42922
42893
42923
42889
42894
42924
42890
42895
42925
42891
42896
42926
42892
42897
42927
42893
42898
42928
42899
42929
42895
42900
42930
42896
42901
42931
42897
42902
42932
42898
42903
42933
42899
42904
42934
42905
42935
42901
42906
42936
42902
42907
42937
42903
42908
42938
42904
42909
42939
42905
42910
42940
42911
42941
42907
42942
42908
42943
42909
42944
42910
42945
42911
42946
42947
42913
42918
42948
42914
42919
42949
42915
42920
42950
42916
42921
42951
42917
42922
42952
42923
42953
42919
42924
42954
42920
42925
42955
42921
42926
42956
42922
42927
42957
42923
42928
42958
42929
42959
42925
42930
42960
42926
42931
42961
42927
42932
42962
42928
42933
42963
42929
42934
42964
42935
42965
42931
42936
42966
42932
42937
42967
42933
42938
42968
42934
42939
42969
42935
42940
42970
42941
42971
42937
42942
42972
42938
42943
42973
42939
42944
42974
42940
42945
42975
42941
42946
42976
42947
42977
42943
42978
42944
42979
42945
42980
42946
42981
42947
42982
42983
42949
42954
42984
42950
42955
42985
42951
42956
42986
42952
42957
42987
42953
42958
42988
42959
42989
42955
42960
42990
42956
42961
42991
42957
42962
42992
42958
42963
42993
42959
42964
42994
42965
42995
42961
42966
42996
42962
42967
42997
42963
42968
42998
42964
42969
42999
42965
42970
43000
42971
43001
42967
42972
43002
42968
42973
43003
42969
42974
43004
42970
42975
43005
42971
42976
43006
42977
43007
42973
42978
43008
42974
42979
43009
42975
42980
43010
42976
42981
43011
42977
42982
43012
42983
43013
42979
43014
42980
43015
42981
43016
42982
43017
42983
43018
43019
42985
42990
43020
42986
42991
43021
42987
42992
43022
42988
42993
43023
42989
42994
43024
42995
43025
42991
42996
43026
42992
42997
43027
42993
42998
43028
42994
42999
43029
42995
43000
43030
43001
43031
42997
43002
43032
42998
43003
43033
42999
43004
43034
43000
43005
43035
43001
43006
43036
43007
43037
43003
43008
43038
43004
43009
43039
43005
43010
43040
43006
43011
43041
43007
43012
43042
43013
43043
43009
43014
43044
43010
43015
43045
43011
43016
43046
43012
43017
43047
43013
43018
43048
43019
43049
43015
43050
43016
43051
43017
43052
43018
43053
43019
43054
43055
43021
43026
43056
43022
43027
43057
43023
43028
43058
43024
43029
43059
43025
43030
43060
43031
43061
43027
43032
43062
43028
43033
43063
43029
43034
43064
43030
43035
43065
43031
43036
43066
43037
43067
43033
43038
43068
43034
43039
43069
43035
43040
43070
43036
43041
43071
43037
43042
43072
43043
43073
43039
43044
43074
43040
43045
43075
43041
43046
43076
43042
43047
43077
43043
43048
43078
43049
43079
43045
43050
43080
43046
43051
43081
43047
43052
43082
43048
43053
43083
43049
43054
43084
43055
43085
43051
43086
43052
43087
43053
43088
43054
43089
43055
43090
43091
43057
43062
43092
43058
43063
43093
43059
43064
43094
43060
43065
43095
43061
43066
43096
43067
43097
43063
43068
43098
43064
43069
43099
43065
43070
43100
43066
43071
43101
43067
43072
43102
43073
43103
43069
43074
43104
43070
43075
43105
43071
43076
43106
43072
43077
43107
43073
43078
43108
43079
43109
43075
43080
43110
43076
43081
43111
43077
43082
43112
43078
43083
43113
43079
43084
43114
43085
43115
43081
43086
43116
43082
43087
43117
43083
43088
43118
43084
43089
43119
43085
43090
43120
43091
43121
43087
43122
43088
43123
43089
43124
43090
43125
43091
43126
43127
43093
43098
43128
43094
43099
43129
43095
43100
43130
43096
43101
43131
43097
43102
43132
43103
43133
43099
43104
43134
43100
43105
43135
43101
43106
43136
43102
43107
43137
43103
43108
43138
43109
43139
43105
43110
43140
43106
43111
43141
43107
43112
43142
43108
43113
43143
43109
43114
43144
43115
43145
43111
43116
43146
43112
43117
43147
43113
43118
43148
43114
43119
43149
43115
43120
43150
43121
43151
43117
43122
43152
43118
43123
43153
43119
43124
43154
43120
43125
43155
43121
43126
43156
43127
43157
43123
43158
43124
43159
43125
43160
43126
43161
43127
43162
43163
43129
43134
43164
43130
43135
43165
43131
43136
43166
43132
43137
43167
43133
43138
43168
43139
43169
43135
43140
43170
43136
43141
43171
43137
43142
43172
43138
43143
43173
43139
43144
43174
43145
43175
43141
43146
43176
43142
43147
43177
43143
43148
43178
43144
43149
43179
43145
43150
43180
43151
43181
43147
43152
43182
43148
43153
43183
43149
43154
43184
43150
43155
43185
43151
43156
43186
43157
43187
43153
43158
43188
43154
43159
43189
43155
43160
43190
43156
43161
43191
43157
43162
43192
43163
43193
43159
43194
43160
43195
43161
43196
43162
43197
43163
43198
43199
43165
43170
43200
43166
43171
43201
43167
43172
43202
43168
43173
43203
43169
43174
43204
43175
43205
43171
43176
43206
43172
43177
43207
43173
43178
43208
43174
43179
43209
43175
43180
43210
43181
43211
43177
43182
43212
43178
43183
43213
43179
43184
43214
43180
43185
43215
43181
43186
43216
43187
43217
43183
43188
43218
43184
43189
43219
43185
43190
43220
43186
43191
43221
43187
43192
43222
43193
43223
43189
43194
43224
43190
43195
43225
43191
43196
43226
43192
43197
43227
43193
43198
43228
43199
43229
43195
43230
43196
43231
43197
43232
43198
43233
43199
43234
43235
43201
43206
43236
43202
43207
43237
43203
43208
43238
43204
43209
43239
43205
43210
43240
43211
43241
43207
43212
43242
43208
43213
43243
43209
43214
43244
43210
43215
43245
43211
43216
43246
43217
43247
43213
43218
43248
43214
43219
43249
43215
43220
43250
43216
43221
43251
43217
43222
43252
43223
43253
43219
43224
43254
43220
43225
43255
43221
43226
43256
43222
43227
43257
43223
43228
43258
43229
43259
43225
43230
43260
43226
43231
43261
43227
43232
43262
43228
43233
43263
43229
43234
43264
43235
43265
43231
43266
43232
43267
43233
43268
43234
43269
43235
43270
43271
43237
43242
43272
43238
43243
43273
43239
43244
43274
43240
43245
43275
43241
43246
43276
43247
43277
43243
43248
43278
43244
43249
43279
43245
43250
43280
43246
43251
43281
43247
43252
43282
43253
43283
43249
43254
43284
43250
43255
43285
43251
43256
43286
43252
43257
43287
43253
43258
43288
43259
43289
43255
43260
43290
43256
43261
43291
43257
43262
43292
43258
43263
43293
43259
43264
43294
43265
43295
43261
43266
43296
43262
43267
43297
43263
43268
43298
43264
43269
43299
43265
43270
43300
43271
43301
43267
43302
43268
43303
43269
43304
43270
43305
43271
43306
43307
43273
43278
43308
43274
43279
43309
43275
43280
43310
43276
43281
43311
43277
43282
43312
43283
43313
43279
43284
43314
43280
43285
43315
43281
43286
43316
43282
43287
43317
43283
43288
43318
43289
43319
43285
43290
43320
43286
43291
43321
43287
43292
43322
43288
43293
43323
43289
43294
43324
43295
43325
43291
43296
43326
43292
43297
43327
43293
43298
43328
43294
43299
43329
43295
43300
43330
43301
43331
43297
43302
43332
43298
43303
43333
43299
43304
43334
43300
43305
43335
43301
43306
43336
43307
43337
43303
43338
43304
43339
43305
43340
43306
43341
43307
43342
43343
43309
43314
43344
43310
43315
43345
43311
43316
43346
43312
43317
43347
43313
43318
43348
43319
43349
43315
43320
43350
43316
43321
43351
43317
43322
43352
43318
43323
43353
43319
43324
43354
43325
43355
43321
43326
43356
43322
43327
43357
43323
43328
43358
43324
43329
43359
43325
43330
43360
43331
43361
43327
43332
43362
43328
43333
43363
43329
43334
43364
43330
43335
43365
43331
43336
43366
43337
43367
43333
43338
43368
43334
43339
43369
43335
43340
43370
43336
43341
43371
43337
43342
43372
43343
43373
43339
43374
43340
43375
43341
43376
43342
43377
43343
43378
43379
43345
43350
43380
43346
43351
43381
43347
43352
43382
43348
43353
43383
43349
43354
43384
43355
43385
43351
43356
43386
43352
43357
43387
43353
43358
43388
43354
43359
43389
43355
43360
43390
43361
43391
43357
43362
43392
43358
43363
43393
43359
43364
43394
43360
43365
43395
43361
43366
43396
43367
43397
43363
43368
43398
43364
43369
43399
43365
43370
43400
43366
43371
43401
43367
43372
43402
43373
43403
43369
43374
43404
43370
43375
43405
43371
43376
43406
43372
43377
43407
43373
43378
43408
43379
43409
43375
43410
43376
43411
43377
43412
43378
43413
43379
43414
43415
43381
43386
43416
43382
43387
43417
43383
43388
43418
43384
43389
43419
43385
43390
43420
43391
43421
43387
43392
43422
43388
43393
43423
43389
43394
43424
43390
43395
43425
43391
43396
43426
43397
43427
43393
43398
43428
43394
43399
43429
43395
43400
43430
43396
43401
43431
43397
43402
43432
43403
43433
43399
43404
43434
43400
43405
43435
43401
43406
43436
43402
43407
43437
43403
43408
43438
43409
43439
43405
43410
43440
43406
43411
43441
43407
43412
43442
43408
43413
43443
43409
43414
43444
43415
43445
43411
43446
43412
43447
43413
43448
43414
43449
43415
43450
43451
43417
43422
43452
43418
43423
43453
43419
43424
43454
43420
43425
43455
43421
43426
43456
43427
43457
43423
43428
43458
43424
43429
43459
43425
43430
43460
43426
43431
43461
43427
43432
43462
43433
43463
43429
43434
43464
43430
43435
43465
43431
43436
43466
43432
43437
43467
43433
43438
43468
43439
43469
43435
43440
43470
43436
43441
43471
43437
43442
43472
43438
43443
43473
43439
43444
43474
43445
43475
43441
43446
43476
43442
43447
43477
43443
43448
43478
43444
43449
43479
43445
43450
43480
43451
43481
43447
43482
43448
43483
43449
43484
43450
43485
43451
43486
43487
43453
43458
43488
43454
43459
43489
43455
43460
43490
43456
43461
43491
43457
43462
43492
43463
43493
43459
43464
43494
43460
43465
43495
43461
43466
43496
43462
43467
43497
43463
43468
43498
43469
43499
43465
43470
43500
43466
43471
43501
43467
43472
43502
43468
43473
43503
43469
43474
43504
43475
43505
43471
43476
43506
43472
43477
43507
43473
43478
43508
43474
43479
43509
43475
43480
43510
43481
43511
43477
43482
43512
43478
43483
43513
43479
43484
43514
43480
43485
43515
43481
43486
43516
43487
43517
43483
43518
43484
43519
43485
43520
43486
43521
43487
43522
43523
43489
43494
43524
43490
43495
43525
43491
43496
43526
43492
43497
43527
43493
43498
43528
43499
43529
43495
43500
43530
43496
43501
43531
43497
43502
43532
43498
43503
43533
43499
43504
43534
43505
43535
43501
43506
43536
43502
43507
43537
43503
43508
43538
43504
43509
43539
43505
43510
43540
43511
43541
43507
43512
43542
43508
43513
43543
43509
43514
43544
43510
43515
43545
43511
43516
43546
43517
43547
43513
43518
43548
43514
43519
43549
43515
43520
43550
43516
43521
43551
43517
43522
43552
43523
43553
43519
43554
43520
43555
43521
43556
43522
43557
43523
43558
43559
43525
43530
43560
43526
43531
43561
43527
43532
43562
43528
43533
43563
43529
43534
43564
43535
43565
43531
43536
43566
43532
43537
43567
43533
43538
43568
43534
43539
43569
43535
43540
43570
43541
43571
43537
43542
43572
43538
43543
43573
43539
43544
43574
43540
43545
43575
43541
43546
43576
43547
43577
43543
43548
43578
43544
43549
43579
43545
43550
43580
43546
43551
43581
43547
43552
43582
43553
43583
43549
43554
43584
43550
43555
43585
43551
43556
43586
43552
43557
43587
43553
43558
43588
43559
43589
43555
43590
43556
43591
43557
43592
43558
43593
43559
43594
43595
43561
43566
43596
43562
43567
43597
43563
43568
43598
43564
43569
43599
43565
43570
43600
43571
43601
43567
43572
43602
43568
43573
43603
43569
43574
43604
43570
43575
43605
43571
43576
43606
43577
43607
43573
43578
43608
43574
43579
43609
43575
43580
43610
43576
43581
43611
43577
43582
43612
43583
43613
43579
43584
43614
43580
43585
43615
43581
43586
43616
43582
43587
43617
43583
43588
43618
43589
43619
43585
43590
43620
43586
43591
43621
43587
43592
43622
43588
43593
43623
43589
43594
43624
43595
43625
43591
43626
43592
43627
43593
43628
43594
43629
43595
43630
43631
43597
43602
43632
43598
43603
43633
43599
43604
43634
43600
43605
43635
43601
43606
43636
43607
43637
43603
43608
43638
43604
43609
43639
43605
43610
43640
43606
43611
43641
43607
43612
43642
43613
43643
43609
43614
43644
43610
43615
43645
43611
43616
43646
43612
43617
43647
43613
43618
43648
43619
43649
43615
43620
43650
43616
43621
43651
43617
43622
43652
43618
43623
43653
43619
43624
43654
43625
43655
43621
43626
43656
43622
43627
43657
43623
43628
43658
43624
43629
43659
43625
43630
43660
43631
43661
43627
43662
43628
43663
43629
43664
43630
43665
43631
43666
43667
43633
43638
43668
43634
43639
43669
43635
43640
43670
43636
43641
43671
43637
43642
43672
43643
43673
43639
43644
43674
43640
43645
43675
43641
43646
43676
43642
43647
43677
43643
43648
43678
43649
43679
43645
43650
43680
43646
43651
43681
43647
43652
43682
43648
43653
43683
43649
43654
43684
43655
43685
43651
43656
43686
43652
43657
43687
43653
43658
43688
43654
43659
43689
43655
43660
43690
43661
43691
43657
43662
43692
43658
43663
43693
43659
43664
43694
43660
43665
43695
43661
43666
43696
43667
43697
43663
43698
43664
43699
43665
43700
43666
43701
43667
43702
43703
43669
43674
43704
43670
43675
43705
43671
43676
43706
43672
43677
43707
43673
43678
43708
43679
43709
43675
43680
43710
43676
43681
43711
43677
43682
43712
43678
43683
43713
43679
43684
43714
43685
43715
43681
43686
43716
43682
43687
43717
43683
43688
43718
43684
43689
43719
43685
43690
43720
43691
43721
43687
43692
43722
43688
43693
43723
43689
43694
43724
43690
43695
43725
43691
43696
43726
43697
43727
43693
43698
43728
43694
43699
43729
43695
43700
43730
43696
43701
43731
43697
43702
43732
43703
43733
43699
43734
43700
43735
43701
43736
43702
43737
43703
43738
43739
43705
43710
43740
43706
43711
43741
43707
43712
43742
43708
43713
43743
43709
43714
43744
43715
43745
43711
43716
43746
43712
43717
43747
43713
43718
43748
43714
43719
43749
43715
43720
43750
43721
43751
43717
43722
43752
43718
43723
43753
43719
43724
43754
43720
43725
43755
43721
43726
43756
43727
43757
43723
43728
43758
43724
43729
43759
43725
43730
43760
43726
43731
43761
43727
43732
43762
43733
43763
43729
43734
43764
43730
43735
43765
43731
43736
43766
43732
43737
43767
43733
43738
43768
43739
43769
43735
43770
43736
43771
43737
43772
43738
43773
43739
43774
43775
43741
43746
43776
43742
43747
43777
43743
43748
43778
43744
43749
43779
43745
43750
43780
43751
43781
43747
43752
43782
43748
43753
43783
43749
43754
43784
43750
43755
43785
43751
43756
43786
43757
43787
43753
43758
43788
43754
43759
43789
43755
43760
43790
43756
43761
43791
43757
43762
43792
43763
43793
43759
43764
43794
43760
43765
43795
43761
43766
43796
43762
43767
43797
43763
43768
43798
43769
43799
43765
43770
43800
43766
43771
43801
43767
43772
43802
43768
43773
43803
43769
43774
43804
43775
43805
43771
43806
43772
43807
43773
43808
43774
43809
43775
43810
43811
43777
43782
43812
43778
43783
43813
43779
43784
43814
43780
43785
43815
43781
43786
43816
43787
43817
43783
43788
43818
43784
43789
43819
43785
43790
43820
43786
43791
43821
43787
43792
43822
43793
43823
43789
43794
43824
43790
43795
43825
43791
43796
43826
43792
43797
43827
43793
43798
43828
43799
43829
43795
43800
43830
43796
43801
43831
43797
43802
43832
43798
43803
43833
43799
43804
43834
43805
43835
43801
43806
43836
43802
43807
43837
43803
43808
43838
43804
43809
43839
43805
43810
43840
43811
43841
43807
43842
43808
43843
43809
43844
43810
43845
43811
43846
43847
43813
43818
43848
43814
43819
43849
43815
43820
43850
43816
43821
43851
43817
43822
43852
43823
43853
43819
43824
43854
43820
43825
43855
43821
43826
43856
43822
43827
43857
43823
43828
43858
43829
43859
43825
43830
43860
43826
43831
43861
43827
43832
43862
43828
43833
43863
43829
43834
43864
43835
43865
43831
43836
43866
43832
43837
43867
43833
43838
43868
43834
43839
43869
43835
43840
43870
43841
43871
43837
43842
43872
43838
43843
43873
43839
43844
43874
43840
43845
43875
43841
43846
43876
43847
43877
43843
43878
43844
43879
43845
43880
43846
43881
43847
43882
43883
43849
43854
43884
43850
43855
43885
43851
43856
43886
43852
43857
43887
43853
43858
43888
43859
43889
43855
43860
43890
43856
43861
43891
43857
43862
43892
43858
43863
43893
43859
43864
43894
43865
43895
43861
43866
43896
43862
43867
43897
43863
43868
43898
43864
43869
43899
43865
43870
43900
43871
43901
43867
43872
43902
43868
43873
43903
43869
43874
43904
43870
43875
43905
43871
43876
43906
43877
43907
43873
43878
43908
43874
43879
43909
43875
43880
43910
43876
43881
43911
43877
43882
43912
43883
43913
43879
43914
43880
43915
43881
43916
43882
43917
43883
43918
43919
43885
43890
43920
43886
43891
43921
43887
43892
43922
43888
43893
43923
43889
43894
43924
43895
43925
43891
43896
43926
43892
43897
43927
43893
43898
43928
43894
43899
43929
43895
43900
43930
43901
43931
43897
43902
43932
43898
43903
43933
43899
43904
43934
43900
43905
43935
43901
43906
43936
43907
43937
43903
43908
43938
43904
43909
43939
43905
43910
43940
43906
43911
43941
43907
43912
43942
43913
43943
43909
43914
43944
43910
43915
43945
43911
43916
43946
43912
43917
43947
43913
43918
43948
43919
43949
43915
43950
43916
43951
43917
43952
43918
43953
43919
43954
43955
43921
43926
43956
43922
43927
43957
43923
43928
43958
43924
43929
43959
43925
43930
43960
43931
43961
43927
43932
43962
43928
43933
43963
43929
43934
43964
43930
43935
43965
43931
43936
43966
43937
43967
43933
43938
43968
43934
43939
43969
43935
43940
43970
43936
43941
43971
43937
43942
43972
43943
43973
43939
43944
43974
43940
43945
43975
43941
43946
43976
43942
43947
43977
43943
43948
43978
43949
43979
43945
43950
43980
43946
43951
43981
43947
43952
43982
43948
43953
43983
43949
43954
43984
43955
43985
43951
43986
43952
43987
43953
43988
43954
43989
43955
43990
43991
43957
43962
43992
43958
43963
43993
43959
43964
43994
43960
43965
43995
43961
43966
43996
43967
43997
43963
43968
43998
43964
43969
43999
43965
43970
44000
43966
43971
44001
43967
43972
44002
43973
44003
43969
43974
44004
43970
43975
44005
43971
43976
44006
43972
43977
44007
43973
43978
44008
43979
44009
43975
43980
44010
43976
43981
44011
43977
43982
44012
43978
43983
44013
43979
43984
44014
43985
44015
43981
43986
44016
43982
43987
44017
43983
43988
44018
43984
43989
44019
43985
43990
44020
43991
44021
43987
44022
43988
44023
43989
44024
43990
44025
43991
44026
44027
43993
43998
44028
43994
43999
44029
43995
44000
44030
43996
44001
44031
43997
44002
44032
44003
44033
43999
44004
44034
44000
44005
44035
44001
44006
44036
44002
44007
44037
44003
44008
44038
44009
44039
44005
44010
44040
44006
44011
44041
44007
44012
44042
44008
44013
44043
44009
44014
44044
44015
44045
44011
44016
44046
44012
44017
44047
44013
44018
44048
44014
44019
44049
44015
44020
44050
44021
44051
44017
44022
44052
44018
44023
44053
44019
44024
44054
44020
44025
44055
44021
44026
44056
44027
44057
44023
44058
44024
44059
44025
44060
44026
44061
44027
44062
44063
44029
44034
44064
44030
44035
44065
44031
44036
44066
44032
44037
44067
44033
44038
44068
44039
44069
44035
44040
44070
44036
44041
44071
44037
44042
44072
44038
44043
44073
44039
44044
44074
44045
44075
44041
44046
44076
44042
44047
44077
44043
44048
44078
44044
44049
44079
44045
44050
44080
44051
44081
44047
44052
44082
44048
44053
44083
44049
44054
44084
44050
44055
44085
44051
44056
44086
44057
44087
44053
44058
44088
44054
44059
44089
44055
44060
44090
44056
44061
44091
44057
44062
44092
44063
44093
44059
44094
44060
44095
44061
44096
44062
44097
44063
44098
44099
44065
44070
44100
44066
44071
44101
44067
44072
44102
44068
44073
44103
44069
44074
44104
44075
44105
44071
44076
44106
44072
44077
44107
44073
44078
44108
44074
44079
44109
44075
44080
44110
44081
44111
44077
44082
44112
44078
44083
44113
44079
44084
44114
44080
44085
44115
44081
44086
44116
44087
44117
44083
44088
44118
44084
44089
44119
44085
44090
44120
44086
44091
44121
44087
44092
44122
44093
44123
44089
44094
44124
44090
44095
44125
44091
44096
44126
44092
44097
44127
44093
44098
44128
44099
44129
44095
44130
44096
44131
44097
44132
44098
44133
44099
44134
44135
44101
44106
44136
44102
44107
44137
44103
44108
44138
44104
44109
44139
44105
44110
44140
44111
44141
44107
44112
44142
44108
44113
44143
44109
44114
44144
44110
44115
44145
44111
44116
44146
44117
44147
44113
44118
44148
44114
44119
44149
44115
44120
44150
44116
44121
44151
44117
44122
44152
44123
44153
44119
44124
44154
44120
44125
44155
44121
44126
44156
44122
44127
44157
44123
44128
44158
44129
44159
44125
44130
44160
44126
44131
44161
44127
44132
44162
44128
44133
44163
44129
44134
44164
44135
44165
44131
44166
44132
44167
44133
44168
44134
44169
44135
44170
44171
44137
44142
44172
44138
44143
44173
44139
44144
44174
44140
44145
44175
44141
44146
44176
44147
44177
44143
44148
44178
44144
44149
44179
44145
44150
44180
44146
44151
44181
44147
44152
44182
44153
44183
44149
44154
44184
44150
44155
44185
44151
44156
44186
44152
44157
44187
44153
44158
44188
44159
44189
44155
44160
44190
44156
44161
44191
44157
44162
44192
44158
44163
44193
44159
44164
44194
44165
44195
44161
44166
44196
44162
44167
44197
44163
44168
44198
44164
44169
44199
44165
44170
44200
44171
44201
44167
44202
44168
44203
44169
44204
44170
44205
44171
44206
44207
44173
44178
44208
44174
44179
44209
44175
44180
44210
44176
44181
44211
44177
44182
44212
44183
44213
44179
44184
44214
44180
44185
44215
44181
44186
44216
44182
44187
44217
44183
44188
44218
44189
44219
44185
44190
44220
44186
44191
44221
44187
44192
44222
44188
44193
44223
44189
44194
44224
44195
44225
44191
44196
44226
44192
44197
44227
44193
44198
44228
44194
44199
44229
44195
44200
44230
44201
44231
44197
44202
44232
44198
44203
44233
44199
44204
44234
44200
44205
44235
44201
44206
44236
44207
44237
44203
44238
44204
44239
44205
44240
44206
44241
44207
44242
44243
44209
44214
44244
44210
44215
44245
44211
44216
44246
44212
44217
44247
44213
44218
44248
44219
44249
44215
44220
44250
44216
44221
44251
44217
44222
44252
44218
44223
44253
44219
44224
44254
44225
44255
44221
44226
44256
44222
44227
44257
44223
44228
44258
44224
44229
44259
44225
44230
44260
44231
44261
44227
44232
44262
44228
44233
44263
44229
44234
44264
44230
44235
44265
44231
44236
44266
44237
44267
44233
44238
44268
44234
44239
44269
44235
44240
44270
44236
44241
44271
44237
44242
44272
44243
44273
44239
44274
44240
44275
44241
44276
44242
44277
44243
44278
44279
44245
44250
44280
44246
44251
44281
44247
44252
44282
44248
44253
44283
44249
44254
44284
44255
44285
44251
44256
44286
44252
44257
44287
44253
44258
44288
44254
44259
44289
44255
44260
44290
44261
44291
44257
44262
44292
44258
44263
44293
44259
44264
44294
44260
44265
44295
44261
44266
44296
44267
44297
44263
44268
44298
44264
44269
44299
44265
44270
44300
44266
44271
44301
44267
44272
44302
44273
44303
44269
44274
44304
44270
44275
44305
44271
44276
44306
44272
44277
44307
44273
44278
44308
44279
44309
44275
44310
44276
44311
44277
44312
44278
44313
44279
44314
44315
44281
44286
44316
44282
44287
44317
44283
44288
44318
44284
44289
44319
44285
44290
44320
44291
44321
44287
44292
44322
44288
44293
44323
44289
44294
44324
44290
44295
44325
44291
44296
44326
44297
44327
44293
44298
44328
44294
44299
44329
44295
44300
44330
44296
44301
44331
44297
44302
44332
44303
44333
44299
44304
44334
44300
44305
44335
44301
44306
44336
44302
44307
44337
44303
44308
44338
44309
44339
44305
44310
44340
44306
44311
44341
44307
44312
44342
44308
44313
44343
44309
44314
44344
44315
44345
44311
44346
44312
44347
44313
44348
44314
44349
44315
44350
44351
44317
44322
44352
44318
44323
44353
44319
44324
44354
44320
44325
44355
44321
44326
44356
44327
44357
44323
44328
44358
44324
44329
44359
44325
44330
44360
44326
44331
44361
44327
44332
44362
44333
44363
44329
44334
44364
44330
44335
44365
44331
44336
44366
44332
44337
44367
44333
44338
44368
44339
44369
44335
44340
44370
44336
44341
44371
44337
44342
44372
44338
44343
44373
44339
44344
44374
44345
44375
44341
44346
44376
44342
44347
44377
44343
44348
44378
44344
44349
44379
44345
44350
44380
44351
44381
44347
44382
44348
44383
44349
44384
44350
44385
44351
44386
44387
44353
44358
44388
44354
44359
44389
44355
44360
44390
44356
44361
44391
44357
44362
44392
44363
44393
44359
44364
44394
44360
44365
44395
44361
44366
44396
44362
44367
44397
44363
44368
44398
44369
44399
44365
44370
44400
44366
44371
44401
44367
44372
44402
44368
44373
44403
44369
44374
44404
44375
44405
44371
44376
44406
44372
44377
44407
44373
44378
44408
44374
44379
44409
44375
44380
44410
44381
44411
44377
44382
44412
44378
44383
44413
44379
44384
44414
44380
44385
44415
44381
44386
44416
44387
44417
44383
44418
44384
44419
44385
44420
44386
44421
44387
44422
44423
44389
44394
44424
44390
44395
44425
44391
44396
44426
44392
44397
44427
44393
44398
44428
44399
44429
44395
44400
44430
44396
44401
44431
44397
44402
44432
44398
44403
44433
44399
44404
44434
44405
44435
44401
44406
44436
44402
44407
44437
44403
44408
44438
44404
44409
44439
44405
44410
44440
44411
44441
44407
44412
44442
44408
44413
44443
44409
44414
44444
44410
44415
44445
44411
44416
44446
44417
44447
44413
44418
44448
44414
44419
44449
44415
44420
44450
44416
44421
44451
44417
44422
44452
44423
44453
44419
44454
44420
44455
44421
44456
44422
44457
44423
44458
44459
44425
44430
44460
44426
44431
44461
44427
44432
44462
44428
44433
44463
44429
44434
44464
44435
44465
44431
44436
44466
44432
44437
44467
44433
44438
44468
44434
44439
44469
44435
44440
44470
44441
44471
44437
44442
44472
44438
44443
44473
44439
44444
44474
44440
44445
44475
44441
44446
44476
44447
44477
44443
44448
44478
44444
44449
44479
44445
44450
44480
44446
44451
44481
44447
44452
44482
44453
44483
44449
44454
44484
44450
44455
44485
44451
44456
44486
44452
44457
44487
44453
44458
44488
44459
44489
44455
44490
44456
44491
44457
44492
44458
44493
44459
44494
44495
44461
44466
44496
44462
44467
44497
44463
44468
44498
44464
44469
44499
44465
44470
44500
44471
44501
44467
44472
44502
44468
44473
44503
44469
44474
44504
44470
44475
44505
44471
44476
44506
44477
44507
44473
44478
44508
44474
44479
44509
44475
44480
44510
44476
44481
44511
44477
44482
44512
44483
44513
44479
44484
44514
44480
44485
44515
44481
44486
44516
44482
44487
44517
44483
44488
44518
44489
44519
44485
44490
44520
44486
44491
44521
44487
44492
44522
44488
44493
44523
44489
44494
44524
44495
44525
44491
44526
44492
44527
44493
44528
44494
44529
44495
44530
44531
44497
44502
44532
44498
44503
44533
44499
44504
44534
44500
44505
44535
44501
44506
44536
44507
44537
44503
44508
44538
44504
44509
44539
44505
44510
44540
44506
44511
44541
44507
44512
44542
44513
44543
44509
44514
44544
44510
44515
44545
44511
44516
44546
44512
44517
44547
44513
44518
44548
44519
44549
44515
44520
44550
44516
44521
44551
44517
44522
44552
44518
44523
44553
44519
44524
44554
44525
44555
44521
44526
44556
44522
44527
44557
44523
44528
44558
44524
44529
44559
44525
44530
44560
44531
44561
44527
44562
44528
44563
44529
44564
44530
44565
44531
44566
44567
44533
44538
44568
44534
44539
44569
44535
44540
44570
44536
44541
44571
44537
44542
44572
44543
44573
44539
44544
44574
44540
44545
44575
44541
44546
44576
44542
44547
44577
44543
44548
44578
44549
44579
44545
44550
44580
44546
44551
44581
44547
44552
44582
44548
44553
44583
44549
44554
44584
44555
44585
44551
44556
44586
44552
44557
44587
44553
44558
44588
44554
44559
44589
44555
44560
44590
44561
44591
44557
44562
44592
44558
44563
44593
44559
44564
44594
44560
44565
44595
44561
44566
44596
44567
44597
44563
44598
44564
44599
44565
44600
44566
44601
44567
44602
44603
44569
44574
44604
44570
44575
44605
44571
44576
44606
44572
44577
44607
44573
44578
44608
44579
44609
44575
44580
44610
44576
44581
44611
44577
44582
44612
44578
44583
44613
44579
44584
44614
44585
44615
44581
44586
44616
44582
44587
44617
44583
44588
44618
44584
44589
44619
44585
44590
44620
44591
44621
44587
44592
44622
44588
44593
44623
44589
44594
44624
44590
44595
44625
44591
44596
44626
44597
44627
44593
44598
44628
44594
44599
44629
44595
44600
44630
44596
44601
44631
44597
44602
44632
44603
44633
44599
44634
44600
44635
44601
44636
44602
44637
44603
44638
44639
44605
44610
44640
44606
44611
44641
44607
44612
44642
44608
44613
44643
44609
44614
44644
44615
44645
44611
44616
44646
44612
44617
44647
44613
44618
44648
44614
44619
44649
44615
44620
44650
44621
44651
44617
44622
44652
44618
44623
44653
44619
44624
44654
44620
44625
44655
44621
44626
44656
44627
44657
44623
44628
44658
44624
44629
44659
44625
44630
44660
44626
44631
44661
44627
44632
44662
44633
44663
44629
44634
44664
44630
44635
44665
44631
44636
44666
44632
44637
44667
44633
44638
44668
44639
44669
44635
44670
44636
44671
44637
44672
44638
44673
44639
44674
44675
44641
44646
44676
44642
44647
44677
44643
44648
44678
44644
44649
44679
44645
44650
44680
44651
44681
44647
44652
44682
44648
44653
44683
44649
44654
44684
44650
44655
44685
44651
44656
44686
44657
44687
44653
44658
44688
44654
44659
44689
44655
44660
44690
44656
44661
44691
44657
44662
44692
44663
44693
44659
44664
44694
44660
44665
44695
44661
44666
44696
44662
44667
44697
44663
44668
44698
44669
44699
44665
44670
44700
44666
44671
44701
44667
44672
44702
44668
44673
44703
44669
44674
44704
44675
44705
44671
44706
44672
44707
44673
44708
44674
44709
44675
44710
44711
44677
44682
44712
44678
44683
44713
44679
44684
44714
44680
44685
44715
44681
44686
44716
44687
44717
44683
44688
44718
44684
44689
44719
44685
44690
44720
44686
44691
44721
44687
44692
44722
44693
44723
44689
44694
44724
44690
44695
44725
44691
44696
44726
44692
44697
44727
44693
44698
44728
44699
44729
44695
44700
44730
44696
44701
44731
44697
44702
44732
44698
44703
44733
44699
44704
44734
44705
44735
44701
44706
44736
44702
44707
44737
44703
44708
44738
44704
44709
44739
44705
44710
44740
44711
44741
44707
44742
44708
44743
44709
44744
44710
44745
44711
44746
44747
44713
44718
44748
44714
44719
44749
44715
44720
44750
44716
44721
44751
44717
44722
44752
44723
44753
44719
44724
44754
44720
44725
44755
44721
44726
44756
44722
44727
44757
44723
44728
44758
44729
44759
44725
44730
44760
44726
44731
44761
44727
44732
44762
44728
44733
44763
44729
44734
44764
44735
44765
44731
44736
44766
44732
44737
44767
44733
44738
44768
44734
44739
44769
44735
44740
44770
44741
44771
44737
44742
44772
44738
44743
44773
44739
44744
44774
44740
44745
44775
44741
44746
44776
44747
44777
44743
44778
44744
44779
44745
44780
44746
44781
44747
44782
44783
44749
44754
44784
44750
44755
44785
44751
44756
44786
44752
44757
44787
44753
44758
44788
44759
44789
44755
44760
44790
44756
44761
44791
44757
44762
44792
44758
44763
44793
44759
44764
44794
44765
44795
44761
44766
44796
44762
44767
44797
44763
44768
44798
44764
44769
44799
44765
44770
44800
44771
44801
44767
44772
44802
44768
44773
44803
44769
44774
44804
44770
44775
44805
44771
44776
44806
44777
44807
44773
44778
44808
44774
44779
44809
44775
44780
44810
44776
44781
44811
44777
44782
44812
44783
44813
44779
44814
44780
44815
44781
44816
44782
44817
44783
44818
44819
44785
44790
44820
44786
44791
44821
44787
44792
44822
44788
44793
44823
44789
44794
44824
44795
44825
44791
44796
44826
44792
44797
44827
44793
44798
44828
44794
44799
44829
44795
44800
44830
44801
44831
44797
44802
44832
44798
44803
44833
44799
44804
44834
44800
44805
44835
44801
44806
44836
44807
44837
44803
44808
44838
44804
44809
44839
44805
44810
44840
44806
44811
44841
44807
44812
44842
44813
44843
44809
44814
44844
44810
44815
44845
44811
44816
44846
44812
44817
44847
44813
44818
44848
44819
44849
44815
44850
44816
44851
44817
44852
44818
44853
44819
44854
44855
44821
44826
44856
44822
44827
44857
44823
44828
44858
44824
44829
44859
44825
44830
44860
44831
44861
44827
44832
44862
44828
44833
44863
44829
44834
44864
44830
44835
44865
44831
44836
44866
44837
44867
44833
44838
44868
44834
44839
44869
44835
44840
44870
44836
44841
44871
44837
44842
44872
44843
44873
44839
44844
44874
44840
44845
44875
44841
44846
44876
44842
44847
44877
44843
44848
44878
44849
44879
44845
44850
44880
44846
44851
44881
44847
44852
44882
44848
44853
44883
44849
44854
44884
44855
44885
44851
44886
44852
44887
44853
44888
44854
44889
44855
44890
44891
44857
44862
44892
44858
44863
44893
44859
44864
44894
44860
44865
44895
44861
44866
44896
44867
44897
44863
44868
44898
44864
44869
44899
44865
44870
44900
44866
44871
44901
44867
44872
44902
44873
44903
44869
44874
44904
44870
44875
44905
44871
44876
44906
44872
44877
44907
44873
44878
44908
44879
44909
44875
44880
44910
44876
44881
44911
44877
44882
44912
44878
44883
44913
44879
44884
44914
44885
44915
44881
44886
44916
44882
44887
44917
44883
44888
44918
44884
44889
44919
44885
44890
44920
44891
44921
44887
44922
44888
44923
44889
44924
44890
44925
44891
44926
44927
44893
44898
44928
44894
44899
44929
44895
44900
44930
44896
44901
44931
44897
44902
44932
44903
44933
44899
44904
44934
44900
44905
44935
44901
44906
44936
44902
44907
44937
44903
44908
44938
44909
44939
44905
44910
44940
44906
44911
44941
44907
44912
44942
44908
44913
44943
44909
44914
44944
44915
44945
44911
44916
44946
44912
44917
44947
44913
44918
44948
44914
44919
44949
44915
44920
44950
44921
44951
44917
44922
44952
44918
44923
44953
44919
44924
44954
44920
44925
44955
44921
44926
44956
44927
44957
44923
44958
44924
44959
44925
44960
44926
44961
44927
44962
44963
44929
44934
44964
44930
44935
44965
44931
44936
44966
44932
44937
44967
44933
44938
44968
44939
44969
44935
44940
44970
44936
44941
44971
44937
44942
44972
44938
44943
44973
44939
44944
44974
44945
44975
44941
44946
44976
44942
44947
44977
44943
44948
44978
44944
44949
44979
44945
44950
44980
44951
44981
44947
44952
44982
44948
44953
44983
44949
44954
44984
44950
44955
44985
44951
44956
44986
44957
44987
44953
44958
44988
44954
44959
44989
44955
44960
44990
44956
44961
44991
44957
44962
44992
44963
44993
44959
44994
44960
44995
44961
44996
44962
44997
44963
44998
44999
44965
44970
45000
44966
44971
45001
44967
44972
45002
44968
44973
45003
44969
44974
45004
44975
45005
44971
44976
45006
44972
44977
45007
44973
44978
45008
44974
44979
45009
44975
44980
45010
44981
45011
44977
44982
45012
44978
44983
45013
44979
44984
45014
44980
44985
45015
44981
44986
45016
44987
45017
44983
44988
45018
44984
44989
45019
44985
44990
45020
44986
44991
45021
44987
44992
45022
44993
45023
44989
44994
45024
44990
44995
45025
44991
44996
45026
44992
44997
45027
44993
44998
45028
44999
45029
44995
45030
44996
45031
44997
45032
44998
45033
44999
45034
45035
45001
45006
45036
45002
45007
45037
45003
45008
45038
45004
45009
45039
45005
45010
45040
45011
45041
45007
45012
45042
45008
45013
45043
45009
45014
45044
45010
45015
45045
45011
45016
45046
45017
45047
45013
45018
45048
45014
45019
45049
45015
45020
45050
45016
45021
45051
45017
45022
45052
45023
45053
45019
45024
45054
45020
45025
45055
45021
45026
45056
45022
45027
45057
45023
45028
45058
45029
45059
45025
45030
45060
45026
45031
45061
45027
45032
45062
45028
45033
45063
45029
45034
45064
45035
45065
45031
45066
45032
45067
45033
45068
45034
45069
45035
45070
45071
45037
45042
45072
45038
45043
45073
45039
45044
45074
45040
45045
45075
45041
45046
45076
45047
45077
45043
45048
45078
45044
45049
45079
45045
45050
45080
45046
45051
45081
45047
45052
45082
45053
45083
45049
45054
45084
45050
45055
45085
45051
45056
45086
45052
45057
45087
45053
45058
45088
45059
45089
45055
45060
45090
45056
45061
45091
45057
45062
45092
45058
45063
45093
45059
45064
45094
45065
45095
45061
45066
45096
45062
45067
45097
45063
45068
45098
45064
45069
45099
45065
45070
45100
45071
45101
45067
45102
45068
45103
45069
45104
45070
45105
45071
45106
45107
45073
45078
45108
45074
45079
45109
45075
45080
45110
45076
45081
45111
45077
45082
45112
45083
45113
45079
45084
45114
45080
45085
45115
45081
45086
45116
45082
45087
45117
45083
45088
45118
45089
45119
45085
45090
45120
45086
45091
45121
45087
45092
45122
45088
45093
45123
45089
45094
45124
45095
45125
45091
45096
45126
45092
45097
45127
45093
45098
45128
45094
45099
45129
45095
45100
45130
45101
45131
45097
45102
45132
45098
45103
45133
45099
45104
45134
45100
45105
45135
45101
45106
45136
45107
45137
45103
45138
45104
45139
45105
45140
45106
45141
45107
45142
45143
45109
45114
45144
45110
45115
45145
45111
45116
45146
45112
45117
45147
45113
45118
45148
45119
45149
45115
45120
45150
45116
45121
45151
45117
45122
45152
45118
45123
45153
45119
45124
45154
45125
45155
45121
45126
45156
45122
45127
45157
45123
45128
45158
45124
45129
45159
45125
45130
45160
45131
45161
45127
45132
45162
45128
45133
45163
45129
45134
45164
45130
45135
45165
45131
45136
45166
45137
45167
45133
45138
45168
45134
45139
45169
45135
45140
45170
45136
45141
45171
45137
45142
45172
45143
45173
45139
45174
45140
45175
45141
45176
45142
45177
45143
45178
45179
45145
45150
45180
45146
45151
45181
45147
45152
45182
45148
45153
45183
45149
45154
45184
45155
45185
45151
45156
45186
45152
45157
45187
45153
45158
45188
45154
45159
45189
45155
45160
45190
45161
45191
45157
45162
45192
45158
45163
45193
45159
45164
45194
45160
45165
45195
45161
45166
45196
45167
45197
45163
45168
45198
45164
45169
45199
45165
45170
45200
45166
45171
45201
45167
45172
45202
45173
45203
45169
45174
45204
45170
45175
45205
45171
45176
45206
45172
45177
45207
45173
45178
45208
45179
45209
45175
45210
45176
45211
45177
45212
45178
45213
45179
45214
45215
45181
45186
45216
45182
45187
45217
45183
45188
45218
45184
45189
45219
45185
45190
45220
45191
45221
45187
45192
45222
45188
45193
45223
45189
45194
45224
45190
45195
45225
45191
45196
45226
45197
45227
45193
45198
45228
45194
45199
45229
45195
45200
45230
45196
45201
45231
45197
45202
45232
45203
45233
45199
45204
45234
45200
45205
45235
45201
45206
45236
45202
45207
45237
45203
45208
45238
45209
45239
45205
45210
45240
45206
45211
45241
45207
45212
45242
45208
45213
45243
45209
45214
45244
45215
45245
45211
45246
45212
45247
45213
45248
45214
45249
45215
45250
45251
45217
45222
45252
45218
45223
45253
45219
45224
45254
45220
45225
45255
45221
45226
45256
45227
45257
45223
45228
45258
45224
45229
45259
45225
45230
45260
45226
45231
45261
45227
45232
45262
45233
45263
45229
45234
45264
45230
45235
45265
45231
45236
45266
45232
45237
45267
45233
45238
45268
45239
45269
45235
45240
45270
45236
45241
45271
45237
45242
45272
45238
45243
45273
45239
45244
45274
45245
45275
45241
45246
45276
45242
45247
45277
45243
45248
45278
45244
45249
45279
45245
45250
45280
45251
45281
45247
45282
45248
45283
45249
45284
45250
45285
45251
45286
45287
45253
45258
45288
45254
45259
45289
45255
45260
45290
45256
45261
45291
45257
45262
45292
45263
45293
45259
45264
45294
45260
45265
45295
45261
45266
45296
45262
45267
45297
45263
45268
45298
45269
45299
45265
45270
45300
45266
45271
45301
45267
45272
45302
45268
45273
45303
45269
45274
45304
45275
45305
45271
45276
45306
45272
45277
45307
45273
45278
45308
45274
45279
45309
45275
45280
45310
45281
45311
45277
45282
45312
45278
45283
45313
45279
45284
45314
45280
45285
45315
45281
45286
45316
45287
45317
45283
45318
45284
45319
45285
45320
45286
45321
45287
45322
45323
45289
45294
45324
45290
45295
45325
45291
45296
45326
45292
45297
45327
45293
45298
45328
45299
45329
45295
45300
45330
45296
45301
45331
45297
45302
45332
45298
45303
45333
45299
45304
45334
45305
45335
45301
45306
45336
45302
45307
45337
45303
45308
45338
45304
45309
45339
45305
45310
45340
45311
45341
45307
45312
45342
45308
45313
45343
45309
45314
45344
45310
45315
45345
45311
45316
45346
45317
45347
45313
45318
45348
45314
45319
45349
45315
45320
45350
45316
45321
45351
45317
45322
45352
45323
45353
45319
45354
45320
45355
45321
45356
45322
45357
45323
45358
45359
45325
45330
45360
45326
45331
45361
45327
45332
45362
45328
45333
45363
45329
45334
45364
45335
45365
45331
45336
45366
45332
45337
45367
45333
45338
45368
45334
45339
45369
45335
45340
45370
45341
45371
45337
45342
45372
45338
45343
45373
45339
45344
45374
45340
45345
45375
45341
45346
45376
45347
45377
45343
45348
45378
45344
45349
45379
45345
45350
45380
45346
45351
45381
45347
45352
45382
45353
45383
45349
45354
45384
45350
45355
45385
45351
45356
45386
45352
45357
45387
45353
45358
45388
45359
45389
45355
45390
45356
45391
45357
45392
45358
45393
45359
45394
45395
45361
45366
45396
45362
45367
45397
45363
45368
45398
45364
45369
45399
45365
45370
45400
45371
45401
45367
45372
45402
45368
45373
45403
45369
45374
45404
45370
45375
45405
45371
45376
45406
45377
45407
45373
45378
45408
45374
45379
45409
45375
45380
45410
45376
45381
45411
45377
45382
45412
45383
45413
45379
45384
45414
45380
45385
45415
45381
45386
45416
45382
45387
45417
45383
45388
45418
45389
45419
45385
45390
45420
45386
45391
45421
45387
45392
45422
45388
45393
45423
45389
45394
45424
45395
45425
45391
45426
45392
45427
45393
45428
45394
45429
45395
45430
45431
45397
45402
45432
45398
45403
45433
45399
45404
45434
45400
45405
45435
45401
45406
45436
45407
45437
45403
45408
45438
45404
45409
45439
45405
45410
45440
45406
45411
45441
45407
45412
45442
45413
45443
45409
45414
45444
45410
45415
45445
45411
45416
45446
45412
45417
45447
45413
45418
45448
45419
45449
45415
45420
45450
45416
45421
45451
45417
45422
45452
45418
45423
45453
45419
45424
45454
45425
45455
45421
45426
45456
45422
45427
45457
45423
45428
45458
45424
45429
45459
45425
45430
45460
45431
45461
45427
45462
45428
45463
45429
45464
45430
45465
45431
45466
45467
45433
45438
45468
45434
45439
45469
45435
45440
45470
45436
45441
45471
45437
45442
45472
45443
45473
45439
45444
45474
45440
45445
45475
45441
45446
45476
45442
45447
45477
45443
45448
45478
45449
45479
45445
45450
45480
45446
45451
45481
45447
45452
45482
45448
45453
45483
45449
45454
45484
45455
45485
45451
45456
45486
45452
45457
45487
45453
45458
45488
45454
45459
45489
45455
45460
45490
45461
45491
45457
45462
45492
45458
45463
45493
45459
45464
45494
45460
45465
45495
45461
45466
45496
45467
45497
45463
45498
45464
45499
45465
45500
45466
45501
45467
45502
45503
45469
45474
45504
45470
45475
45505
45471
45476
45506
45472
45477
45507
45473
45478
45508
45479
45509
45475
45480
45510
45476
45481
45511
45477
45482
45512
45478
45483
45513
45479
45484
45514
45485
45515
45481
45486
45516
45482
45487
45517
45483
45488
45518
45484
45489
45519
45485
45490
45520
45491
45521
45487
45492
45522
45488
45493
45523
45489
45494
45524
45490
45495
45525
45491
45496
45526
45497
45527
45493
45498
45528
45494
45499
45529
45495
45500
45530
45496
45501
45531
45497
45502
45532
45503
45533
45499
45534
45500
45535
45501
45536
45502
45537
45503
45538
45539
45505
45510
45540
45506
45511
45541
45507
45512
45542
45508
45513
45543
45509
45514
45544
45515
45545
45511
45516
45546
45512
45517
45547
45513
45518
45548
45514
45519
45549
45515
45520
45550
45521
45551
45517
45522
45552
45518
45523
45553
45519
45524
45554
45520
45525
45555
45521
45526
45556
45527
45557
45523
45528
45558
45524
45529
45559
45525
45530
45560
45526
45531
45561
45527
45532
45562
45533
45563
45529
45534
45564
45530
45535
45565
45531
45536
45566
45532
45537
45567
45533
45538
45568
45539
45569
45535
45570
45536
45571
45537
45572
45538
45573
45539
45574
45575
45541
45546
45576
45542
45547
45577
45543
45548
45578
45544
45549
45579
45545
45550
45580
45551
45581
45547
45552
45582
45548
45553
45583
45549
45554
45584
45550
45555
45585
45551
45556
45586
45557
45587
45553
45558
45588
45554
45559
45589
45555
45560
45590
45556
45561
45591
45557
45562
45592
45563
45593
45559
45564
45594
45560
45565
45595
45561
45566
45596
45562
45567
45597
45563
45568
45598
45569
45599
45565
45570
45600
45566
45571
45601
45567
45572
45602
45568
45573
45603
45569
45574
45604
45575
45605
45571
45606
45572
45607
45573
45608
45574
45609
45575
45610
45611
45577
45582
45612
45578
45583
45613
45579
45584
45614
45580
45585
45615
45581
45586
45616
45587
45617
45583
45588
45618
45584
45589
45619
45585
45590
45620
45586
45591
45621
45587
45592
45622
45593
45623
45589
45594
45624
45590
45595
45625
45591
45596
45626
45592
45597
45627
45593
45598
45628
45599
45629
45595
45600
45630
45596
45601
45631
45597
45602
45632
45598
45603
45633
45599
45604
45634
45605
45635
45601
45606
45636
45602
45607
45637
45603
45608
45638
45604
45609
45639
45605
45610
45640
45611
45641
45607
45642
45608
45643
45609
45644
45610
45645
45611
45646
45647
45613
45618
45648
45614
45619
45649
45615
45620
45650
45616
45621
45651
45617
45622
45652
45623
45653
45619
45624
45654
45620
45625
45655
45621
45626
45656
45622
45627
45657
45623
45628
45658
45629
45659
45625
45630
45660
45626
45631
45661
45627
45632
45662
45628
45633
45663
45629
45634
45664
45635
45665
45631
45636
45666
45632
45637
45667
45633
45638
45668
45634
45639
45669
45635
45640
45670
45641
45671
45637
45642
45672
45638
45643
45673
45639
45644
45674
45640
45645
45675
45641
45646
45676
45647
45677
45643
45678
45644
45679
45645
45680
45646
45681
45647
45682
45683
45649
45654
45684
45650
45655
45685
45651
45656
45686
45652
45657
45687
45653
45658
45688
45659
45689
45655
45660
45690
45656
45661
45691
45657
45662
45692
45658
45663
45693
45659
45664
45694
45665
45695
45661
45666
45696
45662
45667
45697
45663
45668
45698
45664
45669
45699
45665
45670
45700
45671
45701
45667
45672
45702
45668
45673
45703
45669
45674
45704
45670
45675
45705
45671
45676
45706
45677
45707
45673
45678
45708
45674
45679
45709
45675
45680
45710
45676
45681
45711
45677
45682
45712
45683
45713
45679
45714
45680
45715
45681
45716
45682
45717
45683
45718
45719
45685
45690
45720
45686
45691
45721
45687
45692
45722
45688
45693
45723
45689
45694
45724
45695
45725
45691
45696
45726
45692
45697
45727
45693
45698
45728
45694
45699
45729
45695
45700
45730
45701
45731
45697
45702
45732
45698
45703
45733
45699
45704
45734
45700
45705
45735
45701
45706
45736
45707
45737
45703
45708
45738
45704
45709
45739
45705
45710
45740
45706
45711
45741
45707
45712
45742
45713
45743
45709
45714
45744
45710
45715
45745
45711
45716
45746
45712
45717
45747
45713
45718
45748
45719
45749
45715
45750
45716
45751
45717
45752
45718
45753
45719
45754
45755
45721
45726
45756
45722
45727
45757
45723
45728
45758
45724
45729
45759
45725
45730
45760
45731
45761
45727
45732
45762
45728
45733
45763
45729
45734
45764
45730
45735
45765
45731
45736
45766
45737
45767
45733
45738
45768
45734
45739
45769
45735
45740
45770
45736
45741
45771
45737
45742
45772
45743
45773
45739
45744
45774
45740
45745
45775
45741
45746
45776
45742
45747
45777
45743
45748
45778
45749
45779
45745
45750
45780
45746
45751
45781
45747
45752
45782
45748
45753
45783
45749
45754
45784
45755
45785
45751
45786
45752
45787
45753
45788
45754
45789
45755
45790
45791
45757
45762
45792
45758
45763
45793
45759
45764
45794
45760
45765
45795
45761
45766
45796
45767
45797
45763
45768
45798
45764
45769
45799
45765
45770
45800
45766
45771
45801
45767
45772
45802
45773
45803
45769
45774
45804
45770
45775
45805
45771
45776
45806
45772
45777
45807
45773
45778
45808
45779
45809
45775
45780
45810
45776
45781
45811
45777
45782
45812
45778
45783
45813
45779
45784
45814
45785
45815
45781
45786
45816
45782
45787
45817
45783
45788
45818
45784
45789
45819
45785
45790
45820
45791
45821
45787
45822
45788
45823
45789
45824
45790
45825
45791
45826
45827
45793
45798
45828
45794
45799
45829
45795
45800
45830
45796
45801
45831
45797
45802
45832
45803
45833
45799
45804
45834
45800
45805
45835
45801
45806
45836
45802
45807
45837
45803
45808
45838
45809
45839
45805
45810
45840
45806
45811
45841
45807
45812
45842
45808
45813
45843
45809
45814
45844
45815
45845
45811
45816
45846
45812
45817
45847
45813
45818
45848
45814
45819
45849
45815
45820
45850
45821
45851
45817
45822
45852
45818
45823
45853
45819
45824
45854
45820
45825
45855
45821
45826
45856
45827
45857
45823
45858
45824
45859
45825
45860
45826
45861
45827
45862
45863
45829
45834
45864
45830
45835
45865
45831
45836
45866
45832
45837
45867
45833
45838
45868
45839
45869
45835
45840
45870
45836
45841
45871
45837
45842
45872
45838
45843
45873
45839
45844
45874
45845
45875
45841
45846
45876
45842
45847
45877
45843
45848
45878
45844
45849
45879
45845
45850
45880
45851
45881
45847
45852
45882
45848
45853
45883
45849
45854
45884
45850
45855
45885
45851
45856
45886
45857
45887
45853
45858
45888
45854
45859
45889
45855
45860
45890
45856
45861
45891
45857
45862
45892
45863
45893
45859
45894
45860
45895
45861
45896
45862
45897
45863
45898
45899
45865
45870
45900
45866
45871
45901
45867
45872
45902
45868
45873
45903
45869
45874
45904
45875
45905
45871
45876
45906
45872
45877
45907
45873
45878
45908
45874
45879
45909
45875
45880
45910
45881
45911
45877
45882
45912
45878
45883
45913
45879
45884
45914
45880
45885
45915
45881
45886
45916
45887
45917
45883
45888
45918
45884
45889
45919
45885
45890
45920
45886
45891
45921
45887
45892
45922
45893
45923
45889
45894
45924
45890
45895
45925
45891
45896
45926
45892
45897
45927
45893
45898
45928
45899
45929
45895
45930
45896
45931
45897
45932
45898
45933
45899
45934
45935
45901
45906
45936
45902
45907
45937
45903
45908
45938
45904
45909
45939
45905
45910
45940
45911
45941
45907
45912
45942
45908
45913
45943
45909
45914
45944
45910
45915
45945
45911
45916
45946
45917
45947
45913
45918
45948
45914
45919
45949
45915
45920
45950
45916
45921
45951
45917
45922
45952
45923
45953
45919
45924
45954
45920
45925
45955
45921
45926
45956
45922
45927
45957
45923
45928
45958
45929
45959
45925
45930
45960
45926
45931
45961
45927
45932
45962
45928
45933
45963
45929
45934
45964
45935
45965
45931
45966
45932
45967
45933
45968
45934
45969
45935
45970
45971
45937
45942
45972
45938
45943
45973
45939
45944
45974
45940
45945
45975
45941
45946
45976
45947
45977
45943
45948
45978
45944
45949
45979
45945
45950
45980
45946
45951
45981
45947
45952
45982
45953
45983
45949
45954
45984
45950
45955
45985
45951
45956
45986
45952
45957
45987
45953
45958
45988
45959
45989
45955
45960
45990
45956
45961
45991
45957
45962
45992
45958
45963
45993
45959
45964
45994
45965
45995
45961
45966
45996
45962
45967
45997
45963
45968
45998
45964
45969
45999
45965
45970
46000
45971
46001
45967
46002
45968
46003
45969
46004
45970
46005
45971
46006
46007
45973
45978
46008
45974
45979
46009
45975
45980
46010
45976
45981
46011
45977
45982
46012
45983
46013
45979
45984
46014
45980
45985
46015
45981
45986
46016
45982
45987
46017
45983
45988
46018
45989
46019
45985
45990
46020
45986
45991
46021
45987
45992
46022
45988
45993
46023
45989
45994
46024
45995
46025
45991
45996
46026
45992
45997
46027
45993
45998
46028
45994
45999
46029
45995
46000
46030
46001
46031
45997
46002
46032
45998
46003
46033
45999
46004
46034
46000
46005
46035
46001
46006
46036
46007
46037
46003
46038
46004
46039
46005
46040
46006
46041
46007
46042
46043
46009
46014
46044
46010
46015
46045
46011
46016
46046
46012
46017
46047
46013
46018
46048
46019
46049
46015
46020
46050
46016
46021
46051
46017
46022
46052
46018
46023
46053
46019
46024
46054
46025
46055
46021
46026
46056
46022
46027
46057
46023
46028
46058
46024
46029
46059
46025
46030
46060
46031
46061
46027
46032
46062
46028
46033
46063
46029
46034
46064
46030
46035
46065
46031
46036
46066
46037
46067
46033
46038
46068
46034
46039
46069
46035
46040
46070
46036
46041
46071
46037
46042
46072
46043
46073
46039
46074
46040
46075
46041
46076
46042
46077
46043
46078
46079
46045
46050
46080
46046
46051
46081
46047
46052
46082
46048
46053
46083
46049
46054
46084
46055
46085
46051
46056
46086
46052
46057
46087
46053
46058
46088
46054
46059
46089
46055
46060
46090
46061
46091
46057
46062
46092
46058
46063
46093
46059
46064
46094
46060
46065
46095
46061
46066
46096
46067
46097
46063
46068
46098
46064
46069
46099
46065
46070
46100
46066
46071
46101
46067
46072
46102
46073
46103
46069
46074
46104
46070
46075
46105
46071
46076
46106
46072
46077
46107
46073
46078
46108
46079
46109
46075
46110
46076
46111
46077
46112
46078
46113
46079
46114
46115
46081
46086
46116
46082
46087
46117
46083
46088
46118
46084
46089
46119
46085
46090
46120
46091
46121
46087
46092
46122
46088
46093
46123
46089
46094
46124
46090
46095
46125
46091
46096
46126
46097
46127
46093
46098
46128
46094
46099
46129
46095
46100
46130
46096
46101
46131
46097
46102
46132
46103
46133
46099
46104
46134
46100
46105
46135
46101
46106
46136
46102
46107
46137
46103
46108
46138
46109
46139
46105
46110
46140
46106
46111
46141
46107
46112
46142
46108
46113
46143
46109
46114
46144
46115
46145
46111
46146
46112
46147
46113
46148
46114
46149
46115
46150
46151
46117
46122
46152
46118
46123
46153
46119
46124
46154
46120
46125
46155
46121
46126
46156
46127
46157
46123
46128
46158
46124
46129
46159
46125
46130
46160
46126
46131
46161
46127
46132
46162
46133
46163
46129
46134
46164
46130
46135
46165
46131
46136
46166
46132
46137
46167
46133
46138
46168
46139
46169
46135
46140
46170
46136
46141
46171
46137
46142
46172
46138
46143
46173
46139
46144
46174
46145
46175
46141
46146
46176
46142
46147
46177
46143
46148
46178
46144
46149
46179
46145
46150
46180
46151
46181
46147
46182
46148
46183
46149
46184
46150
46185
46151
46186
46187
46153
46158
46188
46154
46159
46189
46155
46160
46190
46156
46161
46191
46157
46162
46192
46163
46193
46159
46164
46194
46160
46165
46195
46161
46166
46196
46162
46167
46197
46163
46168
46198
46169
46199
46165
46170
46200
46166
46171
46201
46167
46172
46202
46168
46173
46203
46169
46174
46204
46175
46205
46171
46176
46206
46172
46177
46207
46173
46178
46208
46174
46179
46209
46175
46180
46210
46181
46211
46177
46182
46212
46178
46183
46213
46179
46184
46214
46180
46185
46215
46181
46186
46216
46187
46217
46183
46218
46184
46219
46185
46220
46186
46221
46187
46222
46223
46189
46194
46224
46190
46195
46225
46191
46196
46226
46192
46197
46227
46193
46198
46228
46199
46229
46195
46200
46230
46196
46201
46231
46197
46202
46232
46198
46203
46233
46199
46204
46234
46205
46235
46201
46206
46236
46202
46207
46237
46203
46208
46238
46204
46209
46239
46205
46210
46240
46211
46241
46207
46212
46242
46208
46213
46243
46209
46214
46244
46210
46215
46245
46211
46216
46246
46217
46247
46213
46218
46248
46214
46219
46249
46215
46220
46250
46216
46221
46251
46217
46222
46252
46223
46253
46219
46254
46220
46255
46221
46256
46222
46257
46223
46258
46259
46225
46230
46260
46226
46231
46261
46227
46232
46262
46228
46233
46263
46229
46234
46264
46235
46265
46231
46236
46266
46232
46237
46267
46233
46238
46268
46234
46239
46269
46235
46240
46270
46241
46271
46237
46242
46272
46238
46243
46273
46239
46244
46274
46240
46245
46275
46241
46246
46276
46247
46277
46243
46248
46278
46244
46249
46279
46245
46250
46280
46246
46251
46281
46247
46252
46282
46253
46283
46249
46254
46284
46250
46255
46285
46251
46256
46286
46252
46257
46287
46253
46258
46288
46259
46289
46255
46290
46256
46291
46257
46292
46258
46293
46259
46294
46295
46261
46266
46296
46262
46267
46297
46263
46268
46298
46264
46269
46299
46265
46270
46300
46271
46301
46267
46272
46302
46268
46273
46303
46269
46274
46304
46270
46275
46305
46271
46276
46306
46277
46307
46273
46278
46308
46274
46279
46309
46275
46280
46310
46276
46281
46311
46277
46282
46312
46283
46313
46279
46284
46314
46280
46285
46315
46281
46286
46316
46282
46287
46317
46283
46288
46318
46289
46319
46285
46290
46320
46286
46291
46321
46287
46292
46322
46288
46293
46323
46289
46294
46324
46295
46325
46291
46326
46292
46327
46293
46328
46294
46329
46295
46330
46331
46297
46302
46332
46298
46303
46333
46299
46304
46334
46300
46305
46335
46301
46306
46336
46307
46337
46303
46308
46338
46304
46309
46339
46305
46310
46340
46306
46311
46341
46307
46312
46342
46313
46343
46309
46314
46344
46310
46315
46345
46311
46316
46346
46312
46317
46347
46313
46318
46348
46319
46349
46315
46320
46350
46316
46321
46351
46317
46322
46352
46318
46323
46353
46319
46324
46354
46325
46355
46321
46326
46356
46322
46327
46357
46323
46328
46358
46324
46329
46359
46325
46330
46360
46331
46361
46327
46362
46328
46363
46329
46364
46330
46365
46331
46366
46367
46333
46338
46368
46334
46339
46369
46335
46340
46370
46336
46341
46371
46337
46342
46372
46343
46373
46339
46344
46374
46340
46345
46375
46341
46346
46376
46342
46347
46377
46343
46348
46378
46349
46379
46345
46350
46380
46346
46351
46381
46347
46352
46382
46348
46353
46383
46349
46354
46384
46355
46385
46351
46356
46386
46352
46357
46387
46353
46358
46388
46354
46359
46389
46355
46360
46390
46361
46391
46357
46362
46392
46358
46363
46393
46359
46364
46394
46360
46365
46395
46361
46366
46396
46367
46397
46363
46398
46364
46399
46365
46400
46366
46401
46367
46402
46403
46369
46374
46404
46370
46375
46405
46371
46376
46406
46372
46377
46407
46373
46378
46408
46379
46409
46375
46380
46410
46376
46381
46411
46377
46382
46412
46378
46383
46413
46379
46384
46414
46385
46415
46381
46386
46416
46382
46387
46417
46383
46388
46418
46384
46389
46419
46385
46390
46420
46391
46421
46387
46392
46422
46388
46393
46423
46389
46394
46424
46390
46395
46425
46391
46396
46426
46397
46427
46393
46398
46428
46394
46399
46429
46395
46400
46430
46396
46401
46431
46397
46402
46432
46403
46433
46399
46434
46400
46435
46401
46436
46402
46437
46403
46438
46439
46405
46410
46440
46406
46411
46441
46407
46412
46442
46408
46413
46443
46409
46414
46444
46415
46445
46411
46416
46446
46412
46417
46447
46413
46418
46448
46414
46419
46449
46415
46420
46450
46421
46451
46417
46422
46452
46418
46423
46453
46419
46424
46454
46420
46425
46455
46421
46426
46456
46427
46457
46423
46428
46458
46424
46429
46459
46425
46430
46460
46426
46431
46461
46427
46432
46462
46433
46463
46429
46434
46464
46430
46435
46465
46431
46436
46466
46432
46437
46467
46433
46438
46468
46439
46469
46435
46470
46436
46471
46437
46472
46438
46473
46439
46474
46475
46441
46446
46476
46442
46447
46477
46443
46448
46478
46444
46449
46479
46445
46450
46480
46451
46481
46447
46452
46482
46448
46453
46483
46449
46454
46484
46450
46455
46485
46451
46456
46486
46457
46487
46453
46458
46488
46454
46459
46489
46455
46460
46490
46456
46461
46491
46457
46462
46492
46463
46493
46459
46464
46494
46460
46465
46495
46461
46466
46496
46462
46467
46497
46463
46468
46498
46469
46499
46465
46470
46500
46466
46471
46501
46467
46472
46502
46468
46473
46503
46469
46474
46504
46475
46505
46471
46506
46472
46507
46473
46508
46474
46509
46475
46510
46511
46477
46482
46512
46478
46483
46513
46479
46484
46514
46480
46485
46515
46481
46486
46516
46487
46517
46483
46488
46518
46484
46489
46519
46485
46490
46520
46486
46491
46521
46487
46492
46522
46493
46523
46489
46494
46524
46490
46495
46525
46491
46496
46526
46492
46497
46527
46493
46498
46528
46499
46529
46495
46500
46530
46496
46501
46531
46497
46502
46532
46498
46503
46533
46499
46504
46534
46505
46535
46501
46506
46536
46502
46507
46537
46503
46508
46538
46504
46509
46539
46505
46510
46540
46511
46541
46507
46542
46508
46543
46509
46544
46510
46545
46511
46546
46547
46513
46518
46548
46514
46519
46549
46515
46520
46550
46516
46521
46551
46517
46522
46552
46523
46553
46519
46524
46554
46520
46525
46555
46521
46526
46556
46522
46527
46557
46523
46528
46558
46529
46559
46525
46530
46560
46526
46531
46561
46527
46532
46562
46528
46533
46563
46529
46534
46564
46535
46565
46531
46536
46566
46532
46537
46567
46533
46538
46568
46534
46539
46569
46535
46540
46570
46541
46571
46537
46542
46572
46538
46543
46573
46539
46544
46574
46540
46545
46575
46541
46546
46576
46547
46577
46543
46578
46544
46579
46545
46580
46546
46581
46547
46582
46583
46549
46554
46584
46550
46555
46585
46551
46556
46586
46552
46557
46587
46553
46558
46588
46559
46589
46555
46560
46590
46556
46561
46591
46557
46562
46592
46558
46563
46593
46559
46564
46594
46565
46595
46561
46566
46596
46562
46567
46597
46563
46568
46598
46564
46569
46599
46565
46570
46600
46571
46601
46567
46572
46602
46568
46573
46603
46569
46574
46604
46570
46575
46605
46571
46576
46606
46577
46607
46573
46578
46608
46574
46579
46609
46575
46580
46610
46576
46581
46611
46577
46582
46612
46583
46613
46579
46614
46580
46615
46581
46616
46582
46617
46583
46618
46619
46585
46590
46620
46586
46591
46621
46587
46592
46622
46588
46593
46623
46589
46594
46624
46595
46625
46591
46596
46626
46592
46597
46627
46593
46598
46628
46594
46599
46629
46595
46600
46630
46601
46631
46597
46602
46632
46598
46603
46633
46599
46604
46634
46600
46605
46635
46601
46606
46636
46607
46637
46603
46608
46638
46604
46609
46639
46605
46610
46640
46606
46611
46641
46607
46612
46642
46613
46643
46609
46614
46644
46610
46615
46645
46611
46616
46646
46612
46617
46647
46613
46618
46648
46619
46649
46615
46650
46616
46651
46617
46652
46618
46653
46619
46654
46655
46621
46626
46656
46622
46627
46657
46623
46628
46658
46624
46629
46659
46625
46630
46660
46631
46661
46627
46632
46662
46628
46633
46663
46629
46634
46664
46630
46635
46665
46631
46636
46666
46637
46667
46633
46638
46668
46634
46639
46669
46635
46640
46670
46636
46641
46671
46637
46642
46672
46643
46673
46639
46644
46674
46640
46645
46675
46641
46646
46676
46642
46647
46677
46643
46648
46678
46649
46679
46645
46650
46680
46646
46651
46681
46647
46652
46682
46648
46653
46683
46649
46654
46684
46655
46685
46651
46686
46652
46687
46653
46688
46654
46689
46655
46690
46691
46657
46662
46692
46658
46663
46693
46659
46664
46694
46660
46665
46695
46661
46666
46696
46667
46697
46663
46668
46698
46664
46669
46699
46665
46670
46700
46666
46671
46701
46667
46672
46702
46673
46703
46669
46674
46704
46670
46675
46705
46671
46676
46706
46672
46677
46707
46673
46678
46708
46679
46709
46675
46680
46710
46676
46681
46711
46677
46682
46712
46678
46683
46713
46679
46684
46714
46685
46715
46681
46686
46716
46682
46687
46717
46683
46688
46718
46684
46689
46719
46685
46690
46720
46691
46721
46687
46722
46688
46723
46689
46724
46690
46725
46691
46726
46727
46693
46698
46728
46694
46699
46729
46695
46700
46730
46696
46701
46731
46697
46702
46732
46703
46733
46699
46704
46734
46700
46705
46735
46701
46706
46736
46702
46707
46737
46703
46708
46738
46709
46739
46705
46710
46740
46706
46711
46741
46707
46712
46742
46708
46713
46743
46709
46714
46744
46715
46745
46711
46716
46746
46712
46717
46747
46713
46718
46748
46714
46719
46749
46715
46720
46750
46721
46751
46717
46722
46752
46718
46723
46753
46719
46724
46754
46720
46725
46755
46721
46726
46756
46727
46757
46723
46758
46724
46759
46725
46760
46726
46761
46727
46762
46763
46729
46734
46764
46730
46735
46765
46731
46736
46766
46732
46737
46767
46733
46738
46768
46739
46769
46735
46740
46770
46736
46741
46771
46737
46742
46772
46738
46743
46773
46739
46744
46774
46745
46775
46741
46746
46776
46742
46747
46777
46743
46748
46778
46744
46749
46779
46745
46750
46780
46751
46781
46747
46752
46782
46748
46753
46783
46749
46754
46784
46750
46755
46785
46751
46756
46786
46757
46787
46753
46758
46788
46754
46759
46789
46755
46760
46790
46756
46761
46791
46757
46762
46792
46763
46793
46759
46794
46760
46795
46761
46796
46762
46797
46763
46798
46799
46765
46770
46800
46766
46771
46801
46767
46772
46802
46768
46773
46803
46769
46774
46804
46775
46805
46771
46776
46806
46772
46777
46807
46773
46778
46808
46774
46779
46809
46775
46780
46810
46781
46811
46777
46782
46812
46778
46783
46813
46779
46784
46814
46780
46785
46815
46781
46786
46816
46787
46817
46783
46788
46818
46784
46789
46819
46785
46790
46820
46786
46791
46821
46787
46792
46822
46793
46823
46789
46794
46824
46790
46795
46825
46791
46796
46826
46792
46797
46827
46793
46798
46828
46799
46829
46795
46830
46796
46831
46797
46832
46798
46833
46799
46834
46835
46801
46806
46836
46802
46807
46837
46803
46808
46838
46804
46809
46839
46805
46810
46840
46811
46841
46807
46812
46842
46808
46813
46843
46809
46814
46844
46810
46815
46845
46811
46816
46846
46817
46847
46813
46818
46848
46814
46819
46849
46815
46820
46850
46816
46821
46851
46817
46822
46852
46823
46853
46819
46824
46854
46820
46825
46855
46821
46826
46856
46822
46827
46857
46823
46828
46858
46829
46859
46825
46830
46860
46826
46831
46861
46827
46832
46862
46828
46833
46863
46829
46834
46864
46835
46865
46831
46866
46832
46867
46833
46868
46834
46869
46835
46870
46871
46837
46842
46872
46838
46843
46873
46839
46844
46874
46840
46845
46875
46841
46846
46876
46847
46877
46843
46848
46878
46844
46849
46879
46845
46850
46880
46846
46851
46881
46847
46852
46882
46853
46883
46849
46854
46884
46850
46855
46885
46851
46856
46886
46852
46857
46887
46853
46858
46888
46859
46889
46855
46860
46890
46856
46861
46891
46857
46862
46892
46858
46863
46893
46859
46864
46894
46865
46895
46861
46866
46896
46862
46867
46897
46863
46868
46898
46864
46869
46899
46865
46870
46900
46871
46901
46867
46902
46868
46903
46869
46904
46870
46905
46871
46906
46907
46873
46878
46908
46874
46879
46909
46875
46880
46910
46876
46881
46911
46877
46882
46912
46883
46913
46879
46884
46914
46880
46885
46915
46881
46886
46916
46882
46887
46917
46883
46888
46918
46889
46919
46885
46890
46920
46886
46891
46921
46887
46892
46922
46888
46893
46923
46889
46894
46924
46895
46925
46891
46896
46926
46892
46897
46927
46893
46898
46928
46894
46899
46929
46895
46900
46930
46901
46931
46897
46902
46932
46898
46903
46933
46899
46904
46934
46900
46905
46935
46901
46906
46936
46907
46937
46903
46938
46904
46939
46905
46940
46906
46941
46907
46942
46943
46909
46914
46944
46910
46915
46945
46911
46916
46946
46912
46917
46947
46913
46918
46948
46919
46949
46915
46920
46950
46916
46921
46951
46917
46922
46952
46918
46923
46953
46919
46924
46954
46925
46955
46921
46926
46956
46922
46927
46957
46923
46928
46958
46924
46929
46959
46925
46930
46960
46931
46961
46927
46932
46962
46928
46933
46963
46929
46934
46964
46930
46935
46965
46931
46936
46966
46937
46967
46933
46938
46968
46934
46939
46969
46935
46940
46970
46936
46941
46971
46937
46942
46972
46943
46973
46939
46974
46940
46975
46941
46976
46942
46977
46943
46978
46979
46945
46950
46980
46946
46951
46981
46947
46952
46982
46948
46953
46983
46949
46954
46984
46955
46985
46951
46956
46986
46952
46957
46987
46953
46958
46988
46954
46959
46989
46955
46960
46990
46961
46991
46957
46962
46992
46958
46963
46993
46959
46964
46994
46960
46965
46995
46961
46966
46996
46967
46997
46963
46968
46998
46964
46969
46999
46965
46970
47000
46966
46971
47001
46967
46972
47002
46973
47003
46969
46974
47004
46970
46975
47005
46971
46976
47006
46972
46977
47007
46973
46978
47008
46979
47009
46975
47010
46976
47011
46977
47012
46978
47013
46979
47014
47015
46981
46986
47016
46982
46987
47017
46983
46988
47018
46984
46989
47019
46985
46990
47020
46991
47021
46987
46992
47022
46988
46993
47023
46989
46994
47024
46990
46995
47025
46991
46996
47026
46997
47027
46993
46998
47028
46994
46999
47029
46995
47000
47030
46996
47001
47031
46997
47002
47032
47003
47033
46999
47004
47034
47000
47005
47035
47001
47006
47036
47002
47007
47037
47003
47008
47038
47009
47039
47005
47010
47040
47006
47011
47041
47007
47012
47042
47008
47013
47043
47009
47014
47044
47015
47045
47011
47046
47012
47047
47013
47048
47014
47049
47015
47050
47051
47017
47022
47052
47018
47023
47053
47019
47024
47054
47020
47025
47055
47021
47026
47056
47027
47057
47023
47028
47058
47024
47029
47059
47025
47030
47060
47026
47031
47061
47027
47032
47062
47033
47063
47029
47034
47064
47030
47035
47065
47031
47036
47066
47032
47037
47067
47033
47038
47068
47039
47069
47035
47040
47070
47036
47041
47071
47037
47042
47072
47038
47043
47073
47039
47044
47074
47045
47075
47041
47046
47076
47042
47047
47077
47043
47048
47078
47044
47049
47079
47045
47050
47080
47051
47081
47047
47082
47048
47083
47049
47084
47050
47085
47051
47086
47087
47053
47058
47088
47054
47059
47089
47055
47060
47090
47056
47061
47091
47057
47062
47092
47063
47093
47059
47064
47094
47060
47065
47095
47061
47066
47096
47062
47067
47097
47063
47068
47098
47069
47099
47065
47070
47100
47066
47071
47101
47067
47072
47102
47068
47073
47103
47069
47074
47104
47075
47105
47071
47076
47106
47072
47077
47107
47073
47078
47108
47074
47079
47109
47075
47080
47110
47081
47111
47077
47082
47112
47078
47083
47113
47079
47084
47114
47080
47085
47115
47081
47086
47116
47087
47117
47083
47118
47084
47119
47085
47120
47086
47121
47087
47122
47123
47089
47094
47124
47090
47095
47125
47091
47096
47126
47092
47097
47127
47093
47098
47128
47099
47129
47095
47100
47130
47096
47101
47131
47097
47102
47132
47098
47103
47133
47099
47104
47134
47105
47135
47101
47106
47136
47102
47107
47137
47103
47108
47138
47104
47109
47139
47105
47110
47140
47111
47141
47107
47112
47142
47108
47113
47143
47109
47114
47144
47110
47115
47145
47111
47116
47146
47117
47147
47113
47118
47148
47114
47119
47149
47115
47120
47150
47116
47121
47151
47117
47122
47152
47123
47153
47119
47154
47120
47155
47121
47156
47122
47157
47123
47158
47159
47125
47130
47160
47126
47131
47161
47127
47132
47162
47128
47133
47163
47129
47134
47164
47135
47165
47131
47136
47166
47132
47137
47167
47133
47138
47168
47134
47139
47169
47135
47140
47170
47141
47171
47137
47142
47172
47138
47143
47173
47139
47144
47174
47140
47145
47175
47141
47146
47176
47147
47177
47143
47148
47178
47144
47149
47179
47145
47150
47180
47146
47151
47181
47147
47152
47182
47153
47183
47149
47154
47184
47150
47155
47185
47151
47156
47186
47152
47157
47187
47153
47158
47188
47159
47189
47155
47190
47156
47191
47157
47192
47158
47193
47159
47194
47195
47161
47166
47196
47162
47167
47197
47163
47168
47198
47164
47169
47199
47165
47170
47200
47171
47201
47167
47172
47202
47168
47173
47203
47169
47174
47204
47170
47175
47205
47171
47176
47206
47177
47207
47173
47178
47208
47174
47179
47209
47175
47180
47210
47176
47181
47211
47177
47182
47212
47183
47213
47179
47184
47214
47180
47185
47215
47181
47186
47216
47182
47187
47217
47183
47188
47218
47189
47219
47185
47190
47220
47186
47191
47221
47187
47192
47222
47188
47193
47223
47189
47194
47224
47195
47225
47191
47226
47192
47227
47193
47228
47194
47229
47195
47230
47231
47197
47202
47232
47198
47203
47233
47199
47204
47234
47200
47205
47235
47201
47206
47236
47207
47237
47203
47208
47238
47204
47209
47239
47205
47210
47240
47206
47211
47241
47207
47212
47242
47213
47243
47209
47214
47244
47210
47215
47245
47211
47216
47246
47212
47217
47247
47213
47218
47248
47219
47249
47215
47220
47250
47216
47221
47251
47217
47222
47252
47218
47223
47253
47219
47224
47254
47225
47255
47221
47226
47256
47222
47227
47257
47223
47228
47258
47224
47229
47259
47225
47230
47260
47231
47261
47227
47262
47228
47263
47229
47264
47230
47265
47231
47266
47267
47233
47238
47268
47234
47239
47269
47235
47240
47270
47236
47241
47271
47237
47242
47272
47243
47273
47239
47244
47274
47240
47245
47275
47241
47246
47276
47242
47247
47277
47243
47248
47278
47249
47279
47245
47250
47280
47246
47251
47281
47247
47252
47282
47248
47253
47283
47249
47254
47284
47255
47285
47251
47256
47286
47252
47257
47287
47253
47258
47288
47254
47259
47289
47255
47260
47290
47261
47291
47257
47262
47292
47258
47263
47293
47259
47264
47294
47260
47265
47295
47261
47266
47296
47267
47297
47263
47298
47264
47299
47265
47300
47266
47301
47267
47302
47303
47269
47274
47304
47270
47275
47305
47271
47276
47306
47272
47277
47307
47273
47278
47308
47279
47309
47275
47280
47310
47276
47281
47311
47277
47282
47312
47278
47283
47313
47279
47284
47314
47285
47315
47281
47286
47316
47282
47287
47317
47283
47288
47318
47284
47289
47319
47285
47290
47320
47291
47321
47287
47292
47322
47288
47293
47323
47289
47294
47324
47290
47295
47325
47291
47296
47326
47297
47327
47293
47298
47328
47294
47299
47329
47295
47300
47330
47296
47301
47331
47297
47302
47332
47303
47333
47299
47334
47300
47335
47301
47336
47302
47337
47303
47338
47339
47305
47310
47340
47306
47311
47341
47307
47312
47342
47308
47313
47343
47309
47314
47344
47315
47345
47311
47316
47346
47312
47317
47347
47313
47318
47348
47314
47319
47349
47315
47320
47350
47321
47351
47317
47322
47352
47318
47323
47353
47319
47324
47354
47320
47325
47355
47321
47326
47356
47327
47357
47323
47328
47358
47324
47329
47359
47325
47330
47360
47326
47331
47361
47327
47332
47362
47333
47363
47329
47334
47364
47330
47335
47365
47331
47336
47366
47332
47337
47367
47333
47338
47368
47339
47369
47335
47370
47336
47371
47337
47372
47338
47373
47339
47374
47375
47341
47346
47376
47342
47347
47377
47343
47348
47378
47344
47349
47379
47345
47350
47380
47351
47381
47347
47352
47382
47348
47353
47383
47349
47354
47384
47350
47355
47385
47351
47356
47386
47357
47387
47353
47358
47388
47354
47359
47389
47355
47360
47390
47356
47361
47391
47357
47362
47392
47363
47393
47359
47364
47394
47360
47365
47395
47361
47366
47396
47362
47367
47397
47363
47368
47398
47369
47399
47365
47370
47400
47366
47371
47401
47367
47372
47402
47368
47373
47403
47369
47374
47404
47375
47405
47371
47406
47372
47407
47373
47408
47374
47409
47375
47410
47411
47377
47382
47412
47378
47383
47413
47379
47384
47414
47380
47385
47415
47381
47386
47416
47387
47417
47383
47388
47418
47384
47389
47419
47385
47390
47420
47386
47391
47421
47387
47392
47422
47393
47423
47389
47394
47424
47390
47395
47425
47391
47396
47426
47392
47397
47427
47393
47398
47428
47399
47429
47395
47400
47430
47396
47401
47431
47397
47402
47432
47398
47403
47433
47399
47404
47434
47405
47435
47401
47406
47436
47402
47407
47437
47403
47408
47438
47404
47409
47439
47405
47410
47440
47411
47441
47407
47442
47408
47443
47409
47444
47410
47445
47411
47446
47447
47413
47418
47448
47414
47419
47449
47415
47420
47450
47416
47421
47451
47417
47422
47452
47423
47453
47419
47424
47454
47420
47425
47455
47421
47426
47456
47422
47427
47457
47423
47428
47458
47429
47459
47425
47430
47460
47426
47431
47461
47427
47432
47462
47428
47433
47463
47429
47434
47464
47435
47465
47431
47436
47466
47432
47437
47467
47433
47438
47468
47434
47439
47469
47435
47440
47470
47441
47471
47437
47442
47472
47438
47443
47473
47439
47444
47474
47440
47445
47475
47441
47446
47476
47447
47477
47443
47478
47444
47479
47445
47480
47446
47481
47447
47482
47483
47449
47454
47484
47450
47455
47485
47451
47456
47486
47452
47457
47487
47453
47458
47488
47459
47489
47455
47460
47490
47456
47461
47491
47457
47462
47492
47458
47463
47493
47459
47464
47494
47465
47495
47461
47466
47496
47462
47467
47497
47463
47468
47498
47464
47469
47499
47465
47470
47500
47471
47501
47467
47472
47502
47468
47473
47503
47469
47474
47504
47470
47475
47505
47471
47476
47506
47477
47507
47473
47478
47508
47474
47479
47509
47475
47480
47510
47476
47481
47511
47477
47482
47512
47483
47513
47479
47514
47480
47515
47481
47516
47482
47517
47483
47518
47519
47485
47490
47520
47486
47491
47521
47487
47492
47522
47488
47493
47523
47489
47494
47524
47495
47525
47491
47496
47526
47492
47497
47527
47493
47498
47528
47494
47499
47529
47495
47500
47530
47501
47531
47497
47502
47532
47498
47503
47533
47499
47504
47534
47500
47505
47535
47501
47506
47536
47507
47537
47503
47508
47538
47504
47509
47539
47505
47510
47540
47506
47511
47541
47507
47512
47542
47513
47543
47509
47514
47544
47510
47515
47545
47511
47516
47546
47512
47517
47547
47513
47518
47548
47519
47549
47515
47550
47516
47551
47517
47552
47518
47553
47519
47554
47555
47521
47526
47556
47522
47527
47557
47523
47528
47558
47524
47529
47559
47525
47530
47560
47531
47561
47527
47532
47562
47528
47533
47563
47529
47534
47564
47530
47535
47565
47531
47536
47566
47537
47567
47533
47538
47568
47534
47539
47569
47535
47540
47570
47536
47541
47571
47537
47542
47572
47543
47573
47539
47544
47574
47540
47545
47575
47541
47546
47576
47542
47547
47577
47543
47548
47578
47549
47579
47545
47550
47580
47546
47551
47581
47547
47552
47582
47548
47553
47583
47549
47554
47584
47555
47585
47551
47586
47552
47587
47553
47588
47554
47589
47555
47590
47591
47557
47562
47592
47558
47563
47593
47559
47564
47594
47560
47565
47595
47561
47566
47596
47567
47597
47563
47568
47598
47564
47569
47599
47565
47570
47600
47566
47571
47601
47567
47572
47602
47573
47603
47569
47574
47604
47570
47575
47605
47571
47576
47606
47572
47577
47607
47573
47578
47608
47579
47609
47575
47580
47610
47576
47581
47611
47577
47582
47612
47578
47583
47613
47579
47584
47614
47585
47615
47581
47586
47616
47582
47587
47617
47583
47588
47618
47584
47589
47619
47585
47590
47620
47591
47621
47587
47622
47588
47623
47589
47624
47590
47625
47591
47626
47627
47593
47598
47628
47594
47599
47629
47595
47600
47630
47596
47601
47631
47597
47602
47632
47603
47633
47599
47604
47634
47600
47605
47635
47601
47606
47636
47602
47607
47637
47603
47608
47638
47609
47639
47605
47610
47640
47606
47611
47641
47607
47612
47642
47608
47613
47643
47609
47614
47644
47615
47645
47611
47616
47646
47612
47617
47647
47613
47618
47648
47614
47619
47649
47615
47620
47650
47621
47651
47617
47622
47652
47618
47623
47653
47619
47624
47654
47620
47625
47655
47621
47626
47656
47627
47657
47623
47658
47624
47659
47625
47660
47626
47661
47627
47662
47663
47629
47634
47664
47630
47635
47665
47631
47636
47666
47632
47637
47667
47633
47638
47668
47639
47669
47635
47640
47670
47636
47641
47671
47637
47642
47672
47638
47643
47673
47639
47644
47674
47645
47675
47641
47646
47676
47642
47647
47677
47643
47648
47678
47644
47649
47679
47645
47650
47680
47651
47681
47647
47652
47682
47648
47653
47683
47649
47654
47684
47650
47655
47685
47651
47656
47686
47657
47687
47653
47658
47688
47654
47659
47689
47655
47660
47690
47656
47661
47691
47657
47662
47692
47663
47693
47659
47694
47660
47695
47661
47696
47662
47697
47663
47698
47699
47665
47670
47700
47666
47671
47701
47667
47672
47702
47668
47673
47703
47669
47674
47704
47675
47705
47671
47676
47706
47672
47677
47707
47673
47678
47708
47674
47679
47709
47675
47680
47710
47681
47711
47677
47682
47712
47678
47683
47713
47679
47684
47714
47680
47685
47715
47681
47686
47716
47687
47717
47683
47688
47718
47684
47689
47719
47685
47690
47720
47686
47691
47721
47687
47692
47722
47693
47723
47689
47694
47724
47690
47695
47725
47691
47696
47726
47692
47697
47727
47693
47698
47728
47699
47729
47695
47730
47696
47731
47697
47732
47698
47733
47699
47734
47735
47701
47706
47736
47702
47707
47737
47703
47708
47738
47704
47709
47739
47705
47710
47740
47711
47741
47707
47712
47742
47708
47713
47743
47709
47714
47744
47710
47715
47745
47711
47716
47746
47717
47747
47713
47718
47748
47714
47719
47749
47715
47720
47750
47716
47721
47751
47717
47722
47752
47723
47753
47719
47724
47754
47720
47725
47755
47721
47726
47756
47722
47727
47757
47723
47728
47758
47729
47759
47725
47730
47760
47726
47731
47761
47727
47732
47762
47728
47733
47763
47729
47734
47764
47735
47765
47731
47766
47732
47767
47733
47768
47734
47769
47735
47770
47771
47737
47742
47772
47738
47743
47773
47739
47744
47774
47740
47745
47775
47741
47746
47776
47747
47777
47743
47748
47778
47744
47749
47779
47745
47750
47780
47746
47751
47781
47747
47752
47782
47753
47783
47749
47754
47784
47750
47755
47785
47751
47756
47786
47752
47757
47787
47753
47758
47788
47759
47789
47755
47760
47790
47756
47761
47791
47757
47762
47792
47758
47763
47793
47759
47764
47794
47765
47795
47761
47766
47796
47762
47767
47797
47763
47768
47798
47764
47769
47799
47765
47770
47800
47771
47801
47767
47802
47768
47803
47769
47804
47770
47805
47771
47806
47807
47773
47778
47808
47774
47779
47809
47775
47780
47810
47776
47781
47811
47777
47782
47812
47783
47813
47779
47784
47814
47780
47785
47815
47781
47786
47816
47782
47787
47817
47783
47788
47818
47789
47819
47785
47790
47820
47786
47791
47821
47787
47792
47822
47788
47793
47823
47789
47794
47824
47795
47825
47791
47796
47826
47792
47797
47827
47793
47798
47828
47794
47799
47829
47795
47800
47830
47801
47831
47797
47802
47832
47798
47803
47833
47799
47804
47834
47800
47805
47835
47801
47806
47836
47807
47837
47803
47838
47804
47839
47805
47840
47806
47841
47807
47842
47843
47809
47814
47844
47810
47815
47845
47811
47816
47846
47812
47817
47847
47813
47818
47848
47819
47849
47815
47820
47850
47816
47821
47851
47817
47822
47852
47818
47823
47853
47819
47824
47854
47825
47855
47821
47826
47856
47822
47827
47857
47823
47828
47858
47824
47829
47859
47825
47830
47860
47831
47861
47827
47832
47862
47828
47833
47863
47829
47834
47864
47830
47835
47865
47831
47836
47866
47837
47867
47833
47838
47868
47834
47839
47869
47835
47840
47870
47836
47841
47871
47837
47842
47872
47843
47873
47839
47874
47840
47875
47841
47876
47842
47877
47843
47878
47879
47845
47850
47880
47846
47851
47881
47847
47852
47882
47848
47853
47883
47849
47854
47884
47855
47885
47851
47856
47886
47852
47857
47887
47853
47858
47888
47854
47859
47889
47855
47860
47890
47861
47891
47857
47862
47892
47858
47863
47893
47859
47864
47894
47860
47865
47895
47861
47866
47896
47867
47897
47863
47868
47898
47864
47869
47899
47865
47870
47900
47866
47871
47901
47867
47872
47902
47873
47903
47869
47874
47904
47870
47875
47905
47871
47876
47906
47872
47877
47907
47873
47878
47908
47879
47909
47875
47910
47876
47911
47877
47912
47878
47913
47879
47914
47915
47881
47886
47916
47882
47887
47917
47883
47888
47918
47884
47889
47919
47885
47890
47920
47891
47921
47887
47892
47922
47888
47893
47923
47889
47894
47924
47890
47895
47925
47891
47896
47926
47897
47927
47893
47898
47928
47894
47899
47929
47895
47900
47930
47896
47901
47931
47897
47902
47932
47903
47933
47899
47904
47934
47900
47905
47935
47901
47906
47936
47902
47907
47937
47903
47908
47938
47909
47939
47905
47910
47940
47906
47911
47941
47907
47912
47942
47908
47913
47943
47909
47914
47944
47915
47945
47911
47946
47912
47947
47913
47948
47914
47949
47915
47950
47951
47917
47922
47952
47918
47923
47953
47919
47924
47954
47920
47925
47955
47921
47926
47956
47927
47957
47923
47928
47958
47924
47929
47959
47925
47930
47960
47926
47931
47961
47927
47932
47962
47933
47963
47929
47934
47964
47930
47935
47965
47931
47936
47966
47932
47937
47967
47933
47938
47968
47939
47969
47935
47940
47970
47936
47941
47971
47937
47942
47972
47938
47943
47973
47939
47944
47974
47945
47975
47941
47946
47976
47942
47947
47977
47943
47948
47978
47944
47949
47979
47945
47950
47980
47951
47981
47947
47982
47948
47983
47949
47984
47950
47985
47951
47986
47987
47953
47958
47988
47954
47959
47989
47955
47960
47990
47956
47961
47991
47957
47962
47992
47963
47993
47959
47964
47994
47960
47965
47995
47961
47966
47996
47962
47967
47997
47963
47968
47998
47969
47999
47965
47970
48000
47966
47971
48001
47967
47972
48002
47968
47973
48003
47969
47974
48004
47975
48005
47971
47976
48006
47972
47977
48007
47973
47978
48008
47974
47979
48009
47975
47980
48010
47981
48011
47977
47982
48012
47978
47983
48013
47979
47984
48014
47980
47985
48015
47981
47986
48016
47987
48017
47983
48018
47984
48019
47985
48020
47986
48021
47987
48022
48023
47989
47994
48024
47990
47995
48025
47991
47996
48026
47992
47997
48027
47993
47998
48028
47999
48029
47995
48000
48030
47996
48001
48031
47997
48002
48032
47998
48003
48033
47999
48004
48034
48005
48035
48001
48006
48036
48002
48007
48037
48003
48008
48038
48004
48009
48039
48005
48010
48040
48011
48041
48007
48012
48042
48008
48013
48043
48009
48014
48044
48010
48015
48045
48011
48016
48046
48017
48047
48013
48018
48048
48014
48019
48049
48015
48020
48050
48016
48021
48051
48017
48022
48052
48023
48053
48019
48054
48020
48055
48021
48056
48022
48057
48023
48058
48059
48025
48030
48060
48026
48031
48061
48027
48032
48062
48028
48033
48063
48029
48034
48064
48035
48065
48031
48036
48066
48032
48037
48067
48033
48038
48068
48034
48039
48069
48035
48040
48070
48041
48071
48037
48042
48072
48038
48043
48073
48039
48044
48074
48040
48045
48075
48041
48046
48076
48047
48077
48043
48048
48078
48044
48049
48079
48045
48050
48080
48046
48051
48081
48047
48052
48082
48053
48083
48049
48054
48084
48050
48055
48085
48051
48056
48086
48052
48057
48087
48053
48058
48088
48059
48089
48055
48090
48056
48091
48057
48092
48058
48093
48059
48094
48095
48061
48066
48096
48062
48067
48097
48063
48068
48098
48064
48069
48099
48065
48070
48100
48071
48101
48067
48072
48102
48068
48073
48103
48069
48074
48104
48070
48075
48105
48071
48076
48106
48077
48107
48073
48078
48108
48074
48079
48109
48075
48080
48110
48076
48081
48111
48077
48082
48112
48083
48113
48079
48084
48114
48080
48085
48115
48081
48086
48116
48082
48087
48117
48083
48088
48118
48089
48119
48085
48090
48120
48086
48091
48121
48087
48092
48122
48088
48093
48123
48089
48094
48124
48095
48125
48091
48126
48092
48127
48093
48128
48094
48129
48095
48130
48131
48097
48102
48132
48098
48103
48133
48099
48104
48134
48100
48105
48135
48101
48106
48136
48107
48137
48103
48108
48138
48104
48109
48139
48105
48110
48140
48106
48111
48141
48107
48112
48142
48113
48143
48109
48114
48144
48110
48115
48145
48111
48116
48146
48112
48117
48147
48113
48118
48148
48119
48149
48115
48120
48150
48116
48121
48151
48117
48122
48152
48118
48123
48153
48119
48124
48154
48125
48155
48121
48126
48156
48122
48127
48157
48123
48128
48158
48124
48129
48159
48125
48130
48160
48131
48161
48127
48162
48128
48163
48129
48164
48130
48165
48131
48166
48167
48133
48138
48168
48134
48139
48169
48135
48140
48170
48136
48141
48171
48137
48142
48172
48143
48173
48139
48144
48174
48140
48145
48175
48141
48146
48176
48142
48147
48177
48143
48148
48178
48149
48179
48145
48150
48180
48146
48151
48181
48147
48152
48182
48148
48153
48183
48149
48154
48184
48155
48185
48151
48156
48186
48152
48157
48187
48153
48158
48188
48154
48159
48189
48155
48160
48190
48161
48191
48157
48162
48192
48158
48163
48193
48159
48164
48194
48160
48165
48195
48161
48166
48196
48167
48197
48163
48198
48164
48199
48165
48200
48166
48201
48167
48202
48203
48169
48174
48204
48170
48175
48205
48171
48176
48206
48172
48177
48207
48173
48178
48208
48179
48209
48175
48180
48210
48176
48181
48211
48177
48182
48212
48178
48183
48213
48179
48184
48214
48185
48215
48181
48186
48216
48182
48187
48217
48183
48188
48218
48184
48189
48219
48185
48190
48220
48191
48221
48187
48192
48222
48188
48193
48223
48189
48194
48224
48190
48195
48225
48191
48196
48226
48197
48227
48193
48198
48228
48194
48199
48229
48195
48200
48230
48196
48201
48231
48197
48202
48232
48203
48233
48199
48234
48200
48235
48201
48236
48202
48237
48203
48238
48239
48205
48210
48240
48206
48211
48241
48207
48212
48242
48208
48213
48243
48209
48214
48244
48215
48245
48211
48216
48246
48212
48217
48247
48213
48218
48248
48214
48219
48249
48215
48220
48250
48221
48251
48217
48222
48252
48218
48223
48253
48219
48224
48254
48220
48225
48255
48221
48226
48256
48227
48257
48223
48228
48258
48224
48229
48259
48225
48230
48260
48226
48231
48261
48227
48232
48262
48233
48263
48229
48234
48264
48230
48235
48265
48231
48236
48266
48232
48237
48267
48233
48238
48268
48239
48269
48235
48270
48236
48271
48237
48272
48238
48273
48239
48274
48275
48241
48246
48276
48242
48247
48277
48243
48248
48278
48244
48249
48279
48245
48250
48280
48251
48281
48247
48252
48282
48248
48253
48283
48249
48254
48284
48250
48255
48285
48251
48256
48286
48257
48287
48253
48258
48288
48254
48259
48289
48255
48260
48290
48256
48261
48291
48257
48262
48292
48263
48293
48259
48264
48294
48260
48265
48295
48261
48266
48296
48262
48267
48297
48263
48268
48298
48269
48299
48265
48270
48300
48266
48271
48301
48267
48272
48302
48268
48273
48303
48269
48274
48304
48275
48305
48271
48306
48272
48307
48273
48308
48274
48309
48275
48310
48311
48277
48282
48312
48278
48283
48313
48279
48284
48314
48280
48285
48315
48281
48286
48316
48287
48317
48283
48288
48318
48284
48289
48319
48285
48290
48320
48286
48291
48321
48287
48292
48322
48293
48323
48289
48294
48324
48290
48295
48325
48291
48296
48326
48292
48297
48327
48293
48298
48328
48299
48329
48295
48300
48330
48296
48301
48331
48297
48302
48332
48298
48303
48333
48299
48304
48334
48305
48335
48301
48306
48336
48302
48307
48337
48303
48308
48338
48304
48309
48339
48305
48310
48340
48311
48341
48307
48342
48308
48343
48309
48344
48310
48345
48311
48346
48347
48313
48318
48348
48314
48319
48349
48315
48320
48350
48316
48321
48351
48317
48322
48352
48323
48353
48319
48324
48354
48320
48325
48355
48321
48326
48356
48322
48327
48357
48323
48328
48358
48329
48359
48325
48330
48360
48326
48331
48361
48327
48332
48362
48328
48333
48363
48329
48334
48364
48335
48365
48331
48336
48366
48332
48337
48367
48333
48338
48368
48334
48339
48369
48335
48340
48370
48341
48371
48337
48342
48372
48338
48343
48373
48339
48344
48374
48340
48345
48375
48341
48346
48376
48347
48377
48343
48378
48344
48379
48345
48380
48346
48381
48347
48382
48383
48349
48354
48384
48350
48355
48385
48351
48356
48386
48352
48357
48387
48353
48358
48388
48359
48389
48355
48360
48390
48356
48361
48391
48357
48362
48392
48358
48363
48393
48359
48364
48394
48365
48395
48361
48366
48396
48362
48367
48397
48363
48368
48398
48364
48369
48399
48365
48370
48400
48371
48401
48367
48372
48402
48368
48373
48403
48369
48374
48404
48370
48375
48405
48371
48376
48406
48377
48407
48373
48378
48408
48374
48379
48409
48375
48380
48410
48376
48381
48411
48377
48382
48412
48383
48413
48379
48414
48380
48415
48381
48416
48382
48417
48383
48418
48419
48385
48390
48420
48386
48391
48421
48387
48392
48422
48388
48393
48423
48389
48394
48424
48395
48425
48391
48396
48426
48392
48397
48427
48393
48398
48428
48394
48399
48429
48395
48400
48430
48401
48431
48397
48402
48432
48398
48403
48433
48399
48404
48434
48400
48405
48435
48401
48406
48436
48407
48437
48403
48408
48438
48404
48409
48439
48405
48410
48440
48406
48411
48441
48407
48412
48442
48413
48443
48409
48414
48444
48410
48415
48445
48411
48416
48446
48412
48417
48447
48413
48418
48448
48419
48449
48415
48450
48416
48451
48417
48452
48418
48453
48419
48454
48455
48421
48426
48456
48422
48427
48457
48423
48428
48458
48424
48429
48459
48425
48430
48460
48431
48461
48427
48432
48462
48428
48433
48463
48429
48434
48464
48430
48435
48465
48431
48436
48466
48437
48467
48433
48438
48468
48434
48439
48469
48435
48440
48470
48436
48441
48471
48437
48442
48472
48443
48473
48439
48444
48474
48440
48445
48475
48441
48446
48476
48442
48447
48477
48443
48448
48478
48449
48479
48445
48450
48480
48446
48451
48481
48447
48452
48482
48448
48453
48483
48449
48454
48484
48455
48485
48451
48486
48452
48487
48453
48488
48454
48489
48455
48490
48491
48457
48462
48492
48458
48463
48493
48459
48464
48494
48460
48465
48495
48461
48466
48496
48467
48497
48463
48468
48498
48464
48469
48499
48465
48470
48500
48466
48471
48501
48467
48472
48502
48473
48503
48469
48474
48504
48470
48475
48505
48471
48476
48506
48472
48477
48507
48473
48478
48508
48479
48509
48475
48480
48510
48476
48481
48511
48477
48482
48512
48478
48483
48513
48479
48484
48514
48485
48515
48481
48486
48516
48482
48487
48517
48483
48488
48518
48484
48489
48519
48485
48490
48520
48491
48521
48487
48522
48488
48523
48489
48524
48490
48525
48491
48526
48527
48493
48498
48528
48494
48499
48529
48495
48500
48530
48496
48501
48531
48497
48502
48532
48503
48533
48499
48504
48534
48500
48505
48535
48501
48506
48536
48502
48507
48537
48503
48508
48538
48509
48539
48505
48510
48540
48506
48511
48541
48507
48512
48542
48508
48513
48543
48509
48514
48544
48515
48545
48511
48516
48546
48512
48517
48547
48513
48518
48548
48514
48519
48549
48515
48520
48550
48521
48551
48517
48522
48552
48518
48523
48553
48519
48524
48554
48520
48525
48555
48521
48526
48556
48527
48557
48523
48558
48524
48559
48525
48560
48526
48561
48527
48562
48563
48529
48534
48564
48530
48535
48565
48531
48536
48566
48532
48537
48567
48533
48538
48568
48539
48569
48535
48540
48570
48536
48541
48571
48537
48542
48572
48538
48543
48573
48539
48544
48574
48545
48575
48541
48546
48576
48542
48547
48577
48543
48548
48578
48544
48549
48579
48545
48550
48580
48551
48581
48547
48552
48582
48548
48553
48583
48549
48554
48584
48550
48555
48585
48551
48556
48586
48557
48587
48553
48558
48588
48554
48559
48589
48555
48560
48590
48556
48561
48591
48557
48562
48592
48563
48593
48559
48594
48560
48595
48561
48596
48562
48597
48563
48598
48599
48565
48570
48600
48566
48571
48601
48567
48572
48602
48568
48573
48603
48569
48574
48604
48575
48605
48571
48576
48606
48572
48577
48607
48573
48578
48608
48574
48579
48609
48575
48580
48610
48581
48611
48577
48582
48612
48578
48583
48613
48579
48584
48614
48580
48585
48615
48581
48586
48616
48587
48617
48583
48588
48618
48584
48589
48619
48585
48590
48620
48586
48591
48621
48587
48592
48622
48593
48623
48589
48594
48624
48590
48595
48625
48591
48596
48626
48592
48597
48627
48593
48598
48628
48599
48629
48595
48630
48596
48631
48597
48632
48598
48633
48599
48634
48635
48601
48606
48636
48602
48607
48637
48603
48608
48638
48604
48609
48639
48605
48610
48640
48611
48641
48607
48612
48642
48608
48613
48643
48609
48614
48644
48610
48615
48645
48611
48616
48646
48617
48647
48613
48618
48648
48614
48619
48649
48615
48620
48650
48616
48621
48651
48617
48622
48652
48623
48653
48619
48624
48654
48620
48625
48655
48621
48626
48656
48622
48627
48657
48623
48628
48658
48629
48659
48625
48630
48660
48626
48631
48661
48627
48632
48662
48628
48633
48663
48629
48634
48664
48635
48665
48631
48666
48632
48667
48633
48668
48634
48669
48635
48670
48671
48637
48642
48672
48638
48643
48673
48639
48644
48674
48640
48645
48675
48641
48646
48676
48647
48677
48643
48648
48678
48644
48649
48679
48645
48650
48680
48646
48651
48681
48647
48652
48682
48653
48683
48649
48654
48684
48650
48655
48685
48651
48656
48686
48652
48657
48687
48653
48658
48688
48659
48689
48655
48660
48690
48656
48661
48691
48657
48662
48692
48658
48663
48693
48659
48664
48694
48665
48695
48661
48666
48696
48662
48667
48697
48663
48668
48698
48664
48669
48699
48665
48670
48700
48671
48701
48667
48702
48668
48703
48669
48704
48670
48705
48671
48706
48707
48673
48678
48708
48674
48679
48709
48675
48680
48710
48676
48681
48711
48677
48682
48712
48683
48713
48679
48684
48714
48680
48685
48715
48681
48686
48716
48682
48687
48717
48683
48688
48718
48689
48719
48685
48690
48720
48686
48691
48721
48687
48692
48722
48688
48693
48723
48689
48694
48724
48695
48725
48691
48696
48726
48692
48697
48727
48693
48698
48728
48694
48699
48729
48695
48700
48730
48701
48731
48697
48702
48732
48698
48703
48733
48699
48704
48734
48700
48705
48735
48701
48706
48736
48707
48737
48703
48738
48704
48739
48705
48740
48706
48741
48707
48742
48743
48709
48714
48744
48710
48715
48745
48711
48716
48746
48712
48717
48747
48713
48718
48748
48719
48749
48715
48720
48750
48716
48721
48751
48717
48722
48752
48718
48723
48753
48719
48724
48754
48725
48755
48721
48726
48756
48722
48727
48757
48723
48728
48758
48724
48729
48759
48725
48730
48760
48731
48761
48727
48732
48762
48728
48733
48763
48729
48734
48764
48730
48735
48765
48731
48736
48766
48737
48767
48733
48738
48768
48734
48739
48769
48735
48740
48770
48736
48741
48771
48737
48742
48772
48743
48773
48739
48774
48740
48775
48741
48776
48742
48777
48743
48778
48779
48745
48750
48780
48746
48751
48781
48747
48752
48782
48748
48753
48783
48749
48754
48784
48755
48785
48751
48756
48786
48752
48757
48787
48753
48758
48788
48754
48759
48789
48755
48760
48790
48761
48791
48757
48762
48792
48758
48763
48793
48759
48764
48794
48760
48765
48795
48761
48766
48796
48767
48797
48763
48768
48798
48764
48769
48799
48765
48770
48800
48766
48771
48801
48767
48772
48802
48773
48803
48769
48774
48804
48770
48775
48805
48771
48776
48806
48772
48777
48807
48773
48778
48808
48779
48809
48775
48810
48776
48811
48777
48812
48778
48813
48779
48814
48815
48781
48786
48816
48782
48787
48817
48783
48788
48818
48784
48789
48819
48785
48790
48820
48791
48821
48787
48792
48822
48788
48793
48823
48789
48794
48824
48790
48795
48825
48791
48796
48826
48797
48827
48793
48798
48828
48794
48799
48829
48795
48800
48830
48796
48801
48831
48797
48802
48832
48803
48833
48799
48804
48834
48800
48805
48835
48801
48806
48836
48802
48807
48837
48803
48808
48838
48809
48839
48805
48810
48840
48806
48811
48841
48807
48812
48842
48808
48813
48843
48809
48814
48844
48815
48845
48811
48846
48812
48847
48813
48848
48814
48849
48815
48850
48851
48817
48822
48852
48818
48823
48853
48819
48824
48854
48820
48825
48855
48821
48826
48856
48827
48857
48823
48828
48858
48824
48829
48859
48825
48830
48860
48826
48831
48861
48827
48832
48862
48833
48863
48829
48834
48864
48830
48835
48865
48831
48836
48866
48832
48837
48867
48833
48838
48868
48839
48869
48835
48840
48870
48836
48841
48871
48837
48842
48872
48838
48843
48873
48839
48844
48874
48845
48875
48841
48846
48876
48842
48847
48877
48843
48848
48878
48844
48849
48879
48845
48850
48880
48851
48881
48847
48882
48848
48883
48849
48884
48850
48885
48851
48886
48887
48853
48858
48888
48854
48859
48889
48855
48860
48890
48856
48861
48891
48857
48862
48892
48863
48893
48859
48864
48894
48860
48865
48895
48861
48866
48896
48862
48867
48897
48863
48868
48898
48869
48899
48865
48870
48900
48866
48871
48901
48867
48872
48902
48868
48873
48903
48869
48874
48904
48875
48905
48871
48876
48906
48872
48877
48907
48873
48878
48908
48874
48879
48909
48875
48880
48910
48881
48911
48877
48882
48912
48878
48883
48913
48879
48884
48914
48880
48885
48915
48881
48886
48916
48887
48917
48883
48918
48884
48919
48885
48920
48886
48921
48887
48922
48923
48889
48894
48924
48890
48895
48925
48891
48896
48926
48892
48897
48927
48893
48898
48928
48899
48929
48895
48900
48930
48896
48901
48931
48897
48902
48932
48898
48903
48933
48899
48904
48934
48905
48935
48901
48906
48936
48902
48907
48937
48903
48908
48938
48904
48909
48939
48905
48910
48940
48911
48941
48907
48912
48942
48908
48913
48943
48909
48914
48944
48910
48915
48945
48911
48916
48946
48917
48947
48913
48918
48948
48914
48919
48949
48915
48920
48950
48916
48921
48951
48917
48922
48952
48923
48953
48919
48954
48920
48955
48921
48956
48922
48957
48923
48958
48959
48925
48930
48960
48926
48931
48961
48927
48932
48962
48928
48933
48963
48929
48934
48964
48935
48965
48931
48936
48966
48932
48937
48967
48933
48938
48968
48934
48939
48969
48935
48940
48970
48941
48971
48937
48942
48972
48938
48943
48973
48939
48944
48974
48940
48945
48975
48941
48946
48976
48947
48977
48943
48948
48978
48944
48949
48979
48945
48950
48980
48946
48951
48981
48947
48952
48982
48953
48983
48949
48954
48984
48950
48955
48985
48951
48956
48986
48952
48957
48987
48953
48958
48988
48959
48989
48955
48990
48956
48991
48957
48992
48958
48993
48959
48994
48995
48961
48966
48996
48962
48967
48997
48963
48968
48998
48964
48969
48999
48965
48970
49000
48971
49001
48967
48972
49002
48968
48973
49003
48969
48974
49004
48970
48975
49005
48971
48976
49006
48977
49007
48973
48978
49008
48974
48979
49009
48975
48980
49010
48976
48981
49011
48977
48982
49012
48983
49013
48979
48984
49014
48980
48985
49015
48981
48986
49016
48982
48987
49017
48983
48988
49018
48989
49019
48985
48990
49020
48986
48991
49021
48987
48992
49022
48988
48993
49023
48989
48994
49024
48995
49025
48991
49026
48992
49027
48993
49028
48994
49029
48995
49030
49031
48997
49002
49032
48998
49003
49033
48999
49004
49034
49000
49005
49035
49001
49006
49036
49007
49037
49003
49008
49038
49004
49009
49039
49005
49010
49040
49006
49011
49041
49007
49012
49042
49013
49043
49009
49014
49044
49010
49015
49045
49011
49016
49046
49012
49017
49047
49013
49018
49048
49019
49049
49015
49020
49050
49016
49021
49051
49017
49022
49052
49018
49023
49053
49019
49024
49054
49025
49055
49021
49026
49056
49022
49027
49057
49023
49028
49058
49024
49029
49059
49025
49030
49060
49031
49061
49027
49062
49028
49063
49029
49064
49030
49065
49031
49066
49067
49033
49038
49068
49034
49039
49069
49035
49040
49070
49036
49041
49071
49037
49042
49072
49043
49073
49039
49044
49074
49040
49045
49075
49041
49046
49076
49042
49047
49077
49043
49048
49078
49049
49079
49045
49050
49080
49046
49051
49081
49047
49052
49082
49048
49053
49083
49049
49054
49084
49055
49085
49051
49056
49086
49052
49057
49087
49053
49058
49088
49054
49059
49089
49055
49060
49090
49061
49091
49057
49062
49092
49058
49063
49093
49059
49064
49094
49060
49065
49095
49061
49066
49096
49067
49097
49063
49098
49064
49099
49065
49100
49066
49101
49067
49102
49103
49069
49074
49104
49070
49075
49105
49071
49076
49106
49072
49077
49107
49073
49078
49108
49079
49109
49075
49080
49110
49076
49081
49111
49077
49082
49112
49078
49083
49113
49079
49084
49114
49085
49115
49081
49086
49116
49082
49087
49117
49083
49088
49118
49084
49089
49119
49085
49090
49120
49091
49121
49087
49092
49122
49088
49093
49123
49089
49094
49124
49090
49095
49125
49091
49096
49126
49097
49127
49093
49098
49128
49094
49099
49129
49095
49100
49130
49096
49101
49131
49097
49102
49132
49103
49133
49099
49134
49100
49135
49101
49136
49102
49137
49103
49138
49139
49105
49110
49140
49106
49111
49141
49107
49112
49142
49108
49113
49143
49109
49114
49144
49115
49145
49111
49116
49146
49112
49117
49147
49113
49118
49148
49114
49119
49149
49115
49120
49150
49121
49151
49117
49122
49152
49118
49123
49153
49119
49124
49154
49120
49125
49155
49121
49126
49156
49127
49157
49123
49128
49158
49124
49129
49159
49125
49130
49160
49126
49131
49161
49127
49132
49162
49133
49163
49129
49134
49164
49130
49135
49165
49131
49136
49166
49132
49137
49167
49133
49138
49168
49139
49169
49135
49170
49136
49171
49137
49172
49138
49173
49139
49174
49175
49141
49146
49176
49142
49147
49177
49143
49148
49178
49144
49149
49179
49145
49150
49180
49151
49181
49147
49152
49182
49148
49153
49183
49149
49154
49184
49150
49155
49185
49151
49156
49186
49157
49187
49153
49158
49188
49154
49159
49189
49155
49160
49190
49156
49161
49191
49157
49162
49192
49163
49193
49159
49164
49194
49160
49165
49195
49161
49166
49196
49162
49167
49197
49163
49168
49198
49169
49199
49165
49170
49200
49166
49171
49201
49167
49172
49202
49168
49173
49203
49169
49174
49204
49175
49205
49171
49206
49172
49207
49173
49208
49174
49209
49175
49210
49211
49177
49182
49212
49178
49183
49213
49179
49184
49214
49180
49185
49215
49181
49186
49216
49187
49217
49183
49188
49218
49184
49189
49219
49185
49190
49220
49186
49191
49221
49187
49192
49222
49193
49223
49189
49194
49224
49190
49195
49225
49191
49196
49226
49192
49197
49227
49193
49198
49228
49199
49229
49195
49200
49230
49196
49201
49231
49197
49202
49232
49198
49203
49233
49199
49204
49234
49205
49235
49201
49206
49236
49202
49207
49237
49203
49208
49238
49204
49209
49239
49205
49210
49240
49211
49241
49207
49242
49208
49243
49209
49244
49210
49245
49211
49246
49247
49213
49218
49248
49214
49219
49249
49215
49220
49250
49216
49221
49251
49217
49222
49252
49223
49253
49219
49224
49254
49220
49225
49255
49221
49226
49256
49222
49227
49257
49223
49228
49258
49229
49259
49225
49230
49260
49226
49231
49261
49227
49232
49262
49228
49233
49263
49229
49234
49264
49235
49265
49231
49236
49266
49232
49237
49267
49233
49238
49268
49234
49239
49269
49235
49240
49270
49241
49271
49237
49242
49272
49238
49243
49273
49239
49244
49274
49240
49245
49275
49241
49246
49276
49247
49277
49243
49278
49244
49279
49245
49280
49246
49281
49247
49282
49283
49249
49254
49284
49250
49255
49285
49251
49256
49286
49252
49257
49287
49253
49258
49288
49259
49289
49255
49260
49290
49256
49261
49291
49257
49262
49292
49258
49263
49293
49259
49264
49294
49265
49295
49261
49266
49296
49262
49267
49297
49263
49268
49298
49264
49269
49299
49265
49270
49300
49271
49301
49267
49272
49302
49268
49273
49303
49269
49274
49304
49270
49275
49305
49271
49276
49306
49277
49307
49273
49278
49308
49274
49279
49309
49275
49280
49310
49276
49281
49311
49277
49282
49312
49283
49313
49279
49314
49280
49315
49281
49316
49282
49317
49283
49318
49319
49285
49290
49320
49286
49291
49321
49287
49292
49322
49288
49293
49323
49289
49294
49324
49295
49325
49291
49296
49326
49292
49297
49327
49293
49298
49328
49294
49299
49329
49295
49300
49330
49301
49331
49297
49302
49332
49298
49303
49333
49299
49304
49334
49300
49305
49335
49301
49306
49336
49307
49337
49303
49308
49338
49304
49309
49339
49305
49310
49340
49306
49311
49341
49307
49312
49342
49313
49343
49309
49314
49344
49310
49315
49345
49311
49316
49346
49312
49317
49347
49313
49318
49348
49319
49349
49315
49350
49316
49351
49317
49352
49318
49353
49319
49354
49355
49321
49326
49356
49322
49327
49357
49323
49328
49358
49324
49329
49359
49325
49330
49360
49331
49361
49327
49332
49362
49328
49333
49363
49329
49334
49364
49330
49335
49365
49331
49336
49366
49337
49367
49333
49338
49368
49334
49339
49369
49335
49340
49370
49336
49341
49371
49337
49342
49372
49343
49373
49339
49344
49374
49340
49345
49375
49341
49346
49376
49342
49347
49377
49343
49348
49378
49349
49379
49345
49350
49380
49346
49351
49381
49347
49352
49382
49348
49353
49383
49349
49354
49384
49355
49385
49351
49386
49352
49387
49353
49388
49354
49389
49355
49390
49391
49357
49362
49392
49358
49363
49393
49359
49364
49394
49360
49365
49395
49361
49366
49396
49367
49397
49363
49368
49398
49364
49369
49399
49365
49370
49400
49366
49371
49401
49367
49372
49402
49373
49403
49369
49374
49404
49370
49375
49405
49371
49376
49406
49372
49377
49407
49373
49378
49408
49379
49409
49375
49380
49410
49376
49381
49411
49377
49382
49412
49378
49383
49413
49379
49384
49414
49385
49415
49381
49386
49416
49382
49387
49417
49383
49388
49418
49384
49389
49419
49385
49390
49420
49391
49421
49387
49422
49388
49423
49389
49424
49390
49425
49391
49426
49427
49393
49398
49428
49394
49399
49429
49395
49400
49430
49396
49401
49431
49397
49402
49432
49403
49433
49399
49404
49434
49400
49405
49435
49401
49406
49436
49402
49407
49437
49403
49408
49438
49409
49439
49405
49410
49440
49406
49411
49441
49407
49412
49442
49408
49413
49443
49409
49414
49444
49415
49445
49411
49416
49446
49412
49417
49447
49413
49418
49448
49414
49419
49449
49415
49420
49450
49421
49451
49417
49422
49452
49418
49423
49453
49419
49424
49454
49420
49425
49455
49421
49426
49456
49427
49457
49423
49458
49424
49459
49425
49460
49426
49461
49427
49462
49463
49429
49434
49464
49430
49435
49465
49431
49436
49466
49432
49437
49467
49433
49438
49468
49439
49469
49435
49440
49470
49436
49441
49471
49437
49442
49472
49438
49443
49473
49439
49444
49474
49445
49475
49441
49446
49476
49442
49447
49477
49443
49448
49478
49444
49449
49479
49445
49450
49480
49451
49481
49447
49452
49482
49448
49453
49483
49449
49454
49484
49450
49455
49485
49451
49456
49486
49457
49487
49453
49458
49488
49454
49459
49489
49455
49460
49490
49456
49461
49491
49457
49462
49492
49463
49493
49459
49494
49460
49495
49461
49496
49462
49497
49463
49498
49499
49465
49470
49500
49466
49471
49501
49467
49472
49502
49468
49473
49503
49469
49474
49504
49475
49505
49471
49476
49506
49472
49477
49507
49473
49478
49508
49474
49479
49509
49475
49480
49510
49481
49511
49477
49482
49512
49478
49483
49513
49479
49484
49514
49480
49485
49515
49481
49486
49516
49487
49517
49483
49488
49518
49484
49489
49519
49485
49490
49520
49486
49491
49521
49487
49492
49522
49493
49523
49489
49494
49524
49490
49495
49525
49491
49496
49526
49492
49497
49527
49493
49498
49528
49499
49529
49495
49530
49496
49531
49497
49532
49498
49533
49499
49534
49535
49501
49506
49536
49502
49507
49537
49503
49508
49538
49504
49509
49539
49505
49510
49540
49511
49541
49507
49512
49542
49508
49513
49543
49509
49514
49544
49510
49515
49545
49511
49516
49546
49517
49547
49513
49518
49548
49514
49519
49549
49515
49520
49550
49516
49521
49551
49517
49522
49552
49523
49553
49519
49524
49554
49520
49525
49555
49521
49526
49556
49522
49527
49557
49523
49528
49558
49529
49559
49525
49530
49560
49526
49531
49561
49527
49532
49562
49528
49533
49563
49529
49534
49564
49535
49565
49531
49566
49532
49567
49533
49568
49534
49569
49535
49570
49571
49537
49542
49572
49538
49543
49573
49539
49544
49574
49540
49545
49575
49541
49546
49576
49547
49577
49543
49548
49578
49544
49549
49579
49545
49550
49580
49546
49551
49581
49547
49552
49582
49553
49583
49549
49554
49584
49550
49555
49585
49551
49556
49586
49552
49557
49587
49553
49558
49588
49559
49589
49555
49560
49590
49556
49561
49591
49557
49562
49592
49558
49563
49593
49559
49564
49594
49565
49595
49561
49566
49596
49562
49567
49597
49563
49568
49598
49564
49569
49599
49565
49570
49600
49571
49601
49567
49602
49568
49603
49569
49604
49570
49605
49571
49606
49607
49573
49578
49608
49574
49579
49609
49575
49580
49610
49576
49581
49611
49577
49582
49612
49583
49613
49579
49584
49614
49580
49585
49615
49581
49586
49616
49582
49587
49617
49583
49588
49618
49589
49619
49585
49590
49620
49586
49591
49621
49587
49592
49622
49588
49593
49623
49589
49594
49624
49595
49625
49591
49596
49626
49592
49597
49627
49593
49598
49628
49594
49599
49629
49595
49600
49630
49601
49631
49597
49602
49632
49598
49603
49633
49599
49604
49634
49600
49605
49635
49601
49606
49636
49607
49637
49603
49638
49604
49639
49605
49640
49606
49641
49607
49642
49643
49609
49614
49644
49610
49615
49645
49611
49616
49646
49612
49617
49647
49613
49618
49648
49619
49649
49615
49620
49650
49616
49621
49651
49617
49622
49652
49618
49623
49653
49619
49624
49654
49625
49655
49621
49626
49656
49622
49627
49657
49623
49628
49658
49624
49629
49659
49625
49630
49660
49631
49661
49627
49632
49662
49628
49633
49663
49629
49634
49664
49630
49635
49665
49631
49636
49666
49637
49667
49633
49638
49668
49634
49639
49669
49635
49640
49670
49636
49641
49671
49637
49642
49672
49643
49673
49639
49674
49640
49675
49641
49676
49642
49677
49643
49678
49679
49645
49650
49680
49646
49651
49681
49647
49652
49682
49648
49653
49683
49649
49654
49684
49655
49685
49651
49656
49686
49652
49657
49687
49653
49658
49688
49654
49659
49689
49655
49660
49690
49661
49691
49657
49662
49692
49658
49663
49693
49659
49664
49694
49660
49665
49695
49661
49666
49696
49667
49697
49663
49668
49698
49664
49669
49699
49665
49670
49700
49666
49671
49701
49667
49672
49702
49673
49703
49669
49674
49704
49670
49675
49705
49671
49676
49706
49672
49677
49707
49673
49678
49708
49679
49709
49675
49710
49676
49711
49677
49712
49678
49713
49679
49714
49715
49681
49686
49716
49682
49687
49717
49683
49688
49718
49684
49689
49719
49685
49690
49720
49691
49721
49687
49692
49722
49688
49693
49723
49689
49694
49724
49690
49695
49725
49691
49696
49726
49697
49727
49693
49698
49728
49694
49699
49729
49695
49700
49730
49696
49701
49731
49697
49702
49732
49703
49733
49699
49704
49734
49700
49705
49735
49701
49706
49736
49702
49707
49737
49703
49708
49738
49709
49739
49705
49710
49740
49706
49711
49741
49707
49712
49742
49708
49713
49743
49709
49714
49744
49715
49745
49711
49746
49712
49747
49713
49748
49714
49749
49715
49750
49751
49717
49722
49752
49718
49723
49753
49719
49724
49754
49720
49725
49755
49721
49726
49756
49727
49757
49723
49728
49758
49724
49729
49759
49725
49730
49760
49726
49731
49761
49727
49732
49762
49733
49763
49729
49734
49764
49730
49735
49765
49731
49736
49766
49732
49737
49767
49733
49738
49768
49739
49769
49735
49740
49770
49736
49741
49771
49737
49742
49772
49738
49743
49773
49739
49744
49774
49745
49775
49741
49746
49776
49742
49747
49777
49743
49748
49778
49744
49749
49779
49745
49750
49780
49751
49781
49747
49782
49748
49783
49749
49784
49750
49785
49751
49786
49787
49753
49758
49788
49754
49759
49789
49755
49760
49790
49756
49761
49791
49757
49762
49792
49763
49793
49759
49764
49794
49760
49765
49795
49761
49766
49796
49762
49767
49797
49763
49768
49798
49769
49799
49765
49770
49800
49766
49771
49801
49767
49772
49802
49768
49773
49803
49769
49774
49804
49775
49805
49771
49776
49806
49772
49777
49807
49773
49778
49808
49774
49779
49809
49775
49780
49810
49781
49811
49777
49782
49812
49778
49783
49813
49779
49784
49814
49780
49785
49815
49781
49786
49816
49787
49817
49783
49818
49784
49819
49785
49820
49786
49821
49787
49822
49823
49789
49794
49824
49790
49795
49825
49791
49796
49826
49792
49797
49827
49793
49798
49828
49799
49829
49795
49800
49830
49796
49801
49831
49797
49802
49832
49798
49803
49833
49799
49804
49834
49805
49835
49801
49806
49836
49802
49807
49837
49803
49808
49838
49804
49809
49839
49805
49810
49840
49811
49841
49807
49812
49842
49808
49813
49843
49809
49814
49844
49810
49815
49845
49811
49816
49846
49817
49847
49813
49818
49848
49814
49819
49849
49815
49820
49850
49816
49821
49851
49817
49822
49852
49823
49853
49819
49854
49820
49855
49821
49856
49822
49857
49823
49858
49859
49825
49830
49860
49826
49831
49861
49827
49832
49862
49828
49833
49863
49829
49834
49864
49835
49865
49831
49836
49866
49832
49837
49867
49833
49838
49868
49834
49839
49869
49835
49840
49870
49841
49871
49837
49842
49872
49838
49843
49873
49839
49844
49874
49840
49845
49875
49841
49846
49876
49847
49877
49843
49848
49878
49844
49849
49879
49845
49850
49880
49846
49851
49881
49847
49852
49882
49853
49883
49849
49854
49884
49850
49855
49885
49851
49856
49886
49852
49857
49887
49853
49858
49888
49859
49889
49855
49890
49856
49891
49857
49892
49858
49893
49859
49894
49895
49861
49866
49896
49862
49867
49897
49863
49868
49898
49864
49869
49899
49865
49870
49900
49871
49901
49867
49872
49902
49868
49873
49903
49869
49874
49904
49870
49875
49905
49871
49876
49906
49877
49907
49873
49878
49908
49874
49879
49909
49875
49880
49910
49876
49881
49911
49877
49882
49912
49883
49913
49879
49884
49914
49880
49885
49915
49881
49886
49916
49882
49887
49917
49883
49888
49918
49889
49919
49885
49890
49920
49886
49891
49921
49887
49892
49922
49888
49893
49923
49889
49894
49924
49895
49925
49891
49926
49892
49927
49893
49928
49894
49929
49895
49930
49931
49897
49902
49932
49898
49903
49933
49899
49904
49934
49900
49905
49935
49901
49906
49936
49907
49937
49903
49908
49938
49904
49909
49939
49905
49910
49940
49906
49911
49941
49907
49912
49942
49913
49943
49909
49914
49944
49910
49915
49945
49911
49916
49946
49912
49917
49947
49913
49918
49948
49919
49949
49915
49920
49950
49916
49921
49951
49917
49922
49952
49918
49923
49953
49919
49924
49954
49925
49955
49921
49926
49956
49922
49927
49957
49923
49928
49958
49924
49929
49959
49925
49930
49960
49931
49961
49927
49962
49928
49963
49929
49964
49930
49965
49931
49966
49967
49933
49938
49968
49934
49939
49969
49935
49940
49970
49936
49941
49971
49937
49942
49972
49943
49973
49939
49944
49974
49940
49945
49975
49941
49946
49976
49942
49947
49977
49943
49948
49978
49949
49979
49945
49950
49980
49946
49951
49981
49947
49952
49982
49948
49953
49983
49949
49954
49984
49955
49985
49951
49956
49986
49952
49957
49987
49953
49958
49988
49954
49959
49989
49955
49960
49990
49961
49991
49957
49962
49992
49958
49963
49993
49959
49964
49994
49960
49965
49995
49961
49966
49996
49967
49997
49963
49998
49964
49999
49965
50000
49966
50001
49967
50002
50003
49969
49974
50004
49970
49975
50005
49971
49976
50006
49972
49977
50007
49973
49978
50008
49979
50009
49975
49980
50010
49976
49981
50011
49977
49982
50012
49978
49983
50013
49979
49984
50014
49985
50015
49981
49986
50016
49982
49987
50017
49983
49988
50018
49984
49989
50019
49985
49990
50020
49991
50021
49987
49992
50022
49988
49993
50023
49989
49994
50024
49990
49995
50025
49991
49996
50026
49997
50027
49993
49998
50028
49994
49999
50029
49995
50000
50030
49996
50001
50031
49997
50002
50032
50003
50033
49999
50034
50000
50035
50001
50036
50002
50037
50003
50038
50039
50005
50010
50040
50006
50011
50041
50007
50012
50042
50008
50013
50043
50009
50014
50044
50015
50045
50011
50016
50046
50012
50017
50047
50013
50018
50048
50014
50019
50049
50015
50020
50050
50021
50051
50017
50022
50052
50018
50023
50053
50019
50024
50054
50020
50025
50055
50021
50026
50056
50027
50057
50023
50028
50058
50024
50029
50059
50025
50030
50060
50026
50031
50061
50027
50032
50062
50033
50063
50029
50034
50064
50030
50035
50065
50031
50036
50066
50032
50037
50067
50033
50038
50068
50039
50069
50035
50070
50036
50071
50037
50072
50038
50073
50039
50074
50075
50041
50046
50076
50042
50047
50077
50043
50048
50078
50044
50049
50079
50045
50050
50080
50051
50081
50047
50052
50082
50048
50053
50083
50049
50054
50084
50050
50055
50085
50051
50056
50086
50057
50087
50053
50058
50088
50054
50059
50089
50055
50060
50090
50056
50061
50091
50057
50062
50092
50063
50093
50059
50064
50094
50060
50065
50095
50061
50066
50096
50062
50067
50097
50063
50068
50098
50069
50099
50065
50070
50100
50066
50071
50101
50067
50072
50102
50068
50073
50103
50069
50074
50104
50075
50105
50071
50106
50072
50107
50073
50108
50074
50109
50075
50110
50111
50077
50082
50112
50078
50083
50113
50079
50084
50114
50080
50085
50115
50081
50086
50116
50087
50117
50083
50088
50118
50084
50089
50119
50085
50090
50120
50086
50091
50121
50087
50092
50122
50093
50123
50089
50094
50124
50090
50095
50125
50091
50096
50126
50092
50097
50127
50093
50098
50128
50099
50129
50095
50100
50130
50096
50101
50131
50097
50102
50132
50098
50103
50133
50099
50104
50134
50105
50135
50101
50106
50136
50102
50107
50137
50103
50108
50138
50104
50109
50139
50105
50110
50140
50111
50141
50107
50142
50108
50143
50109
50144
50110
50145
50111
50146
50147
50113
50118
50148
50114
50119
50149
50115
50120
50150
50116
50121
50151
50117
50122
50152
50123
50153
50119
50124
50154
50120
50125
50155
50121
50126
50156
50122
50127
50157
50123
50128
50158
50129
50159
50125
50130
50160
50126
50131
50161
50127
50132
50162
50128
50133
50163
50129
50134
50164
50135
50165
50131
50136
50166
50132
50137
50167
50133
50138
50168
50134
50139
50169
50135
50140
50170
50141
50171
50137
50142
50172
50138
50143
50173
50139
50144
50174
50140
50145
50175
50141
50146
50176
50147
50177
50143
50178
50144
50179
50145
50180
50146
50181
50147
50182
50183
50149
50154
50184
50150
50155
50185
50151
50156
50186
50152
50157
50187
50153
50158
50188
50159
50189
50155
50160
50190
50156
50161
50191
50157
50162
50192
50158
50163
50193
50159
50164
50194
50165
50195
50161
50166
50196
50162
50167
50197
50163
50168
50198
50164
50169
50199
50165
50170
50200
50171
50201
50167
50172
50202
50168
50173
50203
50169
50174
50204
50170
50175
50205
50171
50176
50206
50177
50207
50173
50178
50208
50174
50179
50209
50175
50180
50210
50176
50181
50211
50177
50182
50212
50183
50213
50179
50214
50180
50215
50181
50216
50182
50217
50183
50218
50219
50185
50190
50220
50186
50191
50221
50187
50192
50222
50188
50193
50223
50189
50194
50224
50195
50225
50191
50196
50226
50192
50197
50227
50193
50198
50228
50194
50199
50229
50195
50200
50230
50201
50231
50197
50202
50232
50198
50203
50233
50199
50204
50234
50200
50205
50235
50201
50206
50236
50207
50237
50203
50208
50238
50204
50209
50239
50205
50210
50240
50206
50211
50241
50207
50212
50242
50213
50243
50209
50214
50244
50210
50215
50245
50211
50216
50246
50212
50217
50247
50213
50218
50248
50219
50249
50215
50250
50216
50251
50217
50252
50218
50253
50219
50254
50255
50221
50226
50256
50222
50227
50257
50223
50228
50258
50224
50229
50259
50225
50230
50260
50231
50261
50227
50232
50262
50228
50233
50263
50229
50234
50264
50230
50235
50265
50231
50236
50266
50237
50267
50233
50238
50268
50234
50239
50269
50235
50240
50270
50236
50241
50271
50237
50242
50272
50243
50273
50239
50244
50274
50240
50245
50275
50241
50246
50276
50242
50247
50277
50243
50248
50278
50249
50279
50245
50250
50280
50246
50251
50281
50247
50252
50282
50248
50253
50283
50249
50254
50284
50255
50285
50251
50286
50252
50287
50253
50288
50254
50289
50255
50290
50291
50257
50262
50292
50258
50263
50293
50259
50264
50294
50260
50265
50295
50261
50266
50296
50267
50297
50263
50268
50298
50264
50269
50299
50265
50270
50300
50266
50271
50301
50267
50272
50302
50273
50303
50269
50274
50304
50270
50275
50305
50271
50276
50306
50272
50277
50307
50273
50278
50308
50279
50309
50275
50280
50310
50276
50281
50311
50277
50282
50312
50278
50283
50313
50279
50284
50314
50285
50315
50281
50286
50316
50282
50287
50317
50283
50288
50318
50284
50289
50319
50285
50290
50320
50291
50321
50287
50322
50288
50323
50289
50324
50290
50325
50291
50326
50327
50293
50298
50328
50294
50299
50329
50295
50300
50330
50296
50301
50331
50297
50302
50332
50303
50333
50299
50304
50334
50300
50305
50335
50301
50306
50336
50302
50307
50337
50303
50308
50338
50309
50339
50305
50310
50340
50306
50311
50341
50307
50312
50342
50308
50313
50343
50309
50314
50344
50315
50345
50311
50316
50346
50312
50317
50347
50313
50318
50348
50314
50319
50349
50315
50320
50350
50321
50351
50317
50322
50352
50318
50323
50353
50319
50324
50354
50320
50325
50355
50321
50326
50356
50327
50357
50323
50358
50324
50359
50325
50360
50326
50361
50327
50362
50363
50329
50334
50364
50330
50335
50365
50331
50336
50366
50332
50337
50367
50333
50338
50368
50339
50369
50335
50340
50370
50336
50341
50371
50337
50342
50372
50338
50343
50373
50339
50344
50374
50345
50375
50341
50346
50376
50342
50347
50377
50343
50348
50378
50344
50349
50379
50345
50350
50380
50351
50381
50347
50352
50382
50348
50353
50383
50349
50354
50384
50350
50355
50385
50351
50356
50386
50357
50387
50353
50358
50388
50354
50359
50389
50355
50360
50390
50356
50361
50391
50357
50362
50392
50363
50393
50359
50394
50360
50395
50361
50396
50362
50397
50363
50398
50399
50365
50370
50400
50366
50371
50401
50367
50372
50402
50368
50373
50403
50369
50374
50404
50375
50405
50371
50376
50406
50372
50377
50407
50373
50378
50408
50374
50379
50409
50375
50380
50410
50381
50411
50377
50382
50412
50378
50383
50413
50379
50384
50414
50380
50385
50415
50381
50386
50416
50387
50417
50383
50388
50418
50384
50389
50419
50385
50390
50420
50386
50391
50421
50387
50392
50422
50393
50423
50389
50394
50424
50390
50395
50425
50391
50396
50426
50392
50397
50427
50393
50398
50428
50399
50429
50395
50430
50396
50431
50397
50432
50398
50433
50399
50434
50435
50401
50406
50436
50402
50407
50437
50403
50408
50438
50404
50409
50439
50405
50410
50440
50411
50441
50407
50412
50442
50408
50413
50443
50409
50414
50444
50410
50415
50445
50411
50416
50446
50417
50447
50413
50418
50448
50414
50419
50449
50415
50420
50450
50416
50421
50451
50417
50422
50452
50423
50453
50419
50424
50454
50420
50425
50455
50421
50426
50456
50422
50427
50457
50423
50428
50458
50429
50459
50425
50430
50460
50426
50431
50461
50427
50432
50462
50428
50433
50463
50429
50434
50464
50435
50465
50431
50466
50432
50467
50433
50468
50434
50469
50435
50470
50471
50437
50442
50472
50438
50443
50473
50439
50444
50474
50440
50445
50475
50441
50446
50476
50447
50477
50443
50448
50478
50444
50449
50479
50445
50450
50480
50446
50451
50481
50447
50452
50482
50453
50483
50449
50454
50484
50450
50455
50485
50451
50456
50486
50452
50457
50487
50453
50458
50488
50459
50489
50455
50460
50490
50456
50461
50491
50457
50462
50492
50458
50463
50493
50459
50464
50494
50465
50495
50461
50466
50496
50462
50467
50497
50463
50468
50498
50464
50469
50499
50465
50470
50500
50471
50501
50467
50502
50468
50503
50469
50504
50470
50505
50471
50506
50507
50473
50478
50508
50474
50479
50509
50475
50480
50510
50476
50481
50511
50477
50482
50512
50483
50513
50479
50484
50514
50480
50485
50515
50481
50486
50516
50482
50487
50517
50483
50488
50518
50489
50519
50485
50490
50520
50486
50491
50521
50487
50492
50522
50488
50493
50523
50489
50494
50524
50495
50525
50491
50496
50526
50492
50497
50527
50493
50498
50528
50494
50499
50529
50495
50500
50530
50501
50531
50497
50502
50532
50498
50503
50533
50499
50504
50534
50500
50505
50535
50501
50506
50536
50507
50537
50503
50538
50504
50539
50505
50540
50506
50541
50507
50542
50543
50509
50514
50544
50510
50515
50545
50511
50516
50546
50512
50517
50547
50513
50518
50548
50519
50549
50515
50520
50550
50516
50521
50551
50517
50522
50552
50518
50523
50553
50519
50524
50554
50525
50555
50521
50526
50556
50522
50527
50557
50523
50528
50558
50524
50529
50559
50525
50530
50560
50531
50561
50527
50532
50562
50528
50533
50563
50529
50534
50564
50530
50535
50565
50531
50536
50566
50537
50567
50533
50538
50568
50534
50539
50569
50535
50540
50570
50536
50541
50571
50537
50542
50572
50543
50573
50539
50574
50540
50575
50541
50576
50542
50577
50543
50578
50579
50545
50550
50580
50546
50551
50581
50547
50552
50582
50548
50553
50583
50549
50554
50584
50555
50585
50551
50556
50586
50552
50557
50587
50553
50558
50588
50554
50559
50589
50555
50560
50590
50561
50591
50557
50562
50592
50558
50563
50593
50559
50564
50594
50560
50565
50595
50561
50566
50596
50567
50597
50563
50568
50598
50564
50569
50599
50565
50570
50600
50566
50571
50601
50567
50572
50602
50573
50603
50569
50574
50604
50570
50575
50605
50571
50576
50606
50572
50577
50607
50573
50578
50608
50579
50609
50575
50610
50576
50611
50577
50612
50578
50613
50579
50614
50615
50581
50586
50616
50582
50587
50617
50583
50588
50618
50584
50589
50619
50585
50590
50620
50591
50621
50587
50592
50622
50588
50593
50623
50589
50594
50624
50590
50595
50625
50591
50596
50626
50597
50627
50593
50598
50628
50594
50599
50629
50595
50600
50630
50596
50601
50631
50597
50602
50632
50603
50633
50599
50604
50634
50600
50605
50635
50601
50606
50636
50602
50607
50637
50603
50608
50638
50609
50639
50605
50610
50640
50606
50611
50641
50607
50612
50642
50608
50613
50643
50609
50614
50644
50615
50645
50611
50646
50612
50647
50613
50648
50614
50649
50615
50650
50651
50617
50622
50652
50618
50623
50653
50619
50624
50654
50620
50625
50655
50621
50626
50656
50627
50657
50623
50628
50658
50624
50629
50659
50625
50630
50660
50626
50631
50661
50627
50632
50662
50633
50663
50629
50634
50664
50630
50635
50665
50631
50636
50666
50632
50637
50667
50633
50638
50668
50639
50669
50635
50640
50670
50636
50641
50671
50637
50642
50672
50638
50643
50673
50639
50644
50674
50645
50675
50641
50646
50676
50642
50647
50677
50643
50648
50678
50644
50649
50679
50645
50650
50680
50651
50681
50647
50682
50648
50683
50649
50684
50650
50685
50651
50686
50687
50653
50658
50688
50654
50659
50689
50655
50660
50690
50656
50661
50691
50657
50662
50692
50663
50693
50659
50664
50694
50660
50665
50695
50661
50666
50696
50662
50667
50697
50663
50668
50698
50669
50699
50665
50670
50700
50666
50671
50701
50667
50672
50702
50668
50673
50703
50669
50674
50704
50675
50705
50671
50676
50706
50672
50677
50707
50673
50678
50708
50674
50679
50709
50675
50680
50710
50681
50711
50677
50682
50712
50678
50683
50713
50679
50684
50714
50680
50685
50715
50681
50686
50716
50687
50717
50683
50718
50684
50719
50685
50720
50686
50721
50687
50722
50723
50689
50694
50724
50690
50695
50725
50691
50696
50726
50692
50697
50727
50693
50698
50728
50699
50729
50695
50700
50730
50696
50701
50731
50697
50702
50732
50698
50703
50733
50699
50704
50734
50705
50735
50701
50706
50736
50702
50707
50737
50703
50708
50738
50704
50709
50739
50705
50710
50740
50711
50741
50707
50712
50742
50708
50713
50743
50709
50714
50744
50710
50715
50745
50711
50716
50746
50717
50747
50713
50718
50748
50714
50719
50749
50715
50720
50750
50716
50721
50751
50717
50722
50752
50723
50753
50719
50754
50720
50755
50721
50756
50722
50757
50723
50758
50759
50725
50730
50760
50726
50731
50761
50727
50732
50762
50728
50733
50763
50729
50734
50764
50735
50765
50731
50736
50766
50732
50737
50767
50733
50738
50768
50734
50739
50769
50735
50740
50770
50741
50771
50737
50742
50772
50738
50743
50773
50739
50744
50774
50740
50745
50775
50741
50746
50776
50747
50777
50743
50748
50778
50744
50749
50779
50745
50750
50780
50746
50751
50781
50747
50752
50782
50753
50783
50749
50754
50784
50750
50755
50785
50751
50756
50786
50752
50757
50787
50753
50758
50788
50759
50789
50755
50790
50756
50791
50757
50792
50758
50793
50759
50794
50795
50761
50766
50796
50762
50767
50797
50763
50768
50798
50764
50769
50799
50765
50770
50800
50771
50801
50767
50772
50802
50768
50773
50803
50769
50774
50804
50770
50775
50805
50771
50776
50806
50777
50807
50773
50778
50808
50774
50779
50809
50775
50780
50810
50776
50781
50811
50777
50782
50812
50783
50813
50779
50784
50814
50780
50785
50815
50781
50786
50816
50782
50787
50817
50783
50788
50818
50789
50819
50785
50790
50820
50786
50791
50821
50787
50792
50822
50788
50793
50823
50789
50794
50824
50795
50825
50791
50826
50792
50827
50793
50828
50794
50829
50795
50830
50831
50797
50802
50832
50798
50803
50833
50799
50804
50834
50800
50805
50835
50801
50806
50836
50807
50837
50803
50808
50838
50804
50809
50839
50805
50810
50840
50806
50811
50841
50807
50812
50842
50813
50843
50809
50814
50844
50810
50815
50845
50811
50816
50846
50812
50817
50847
50813
50818
50848
50819
50849
50815
50820
50850
50816
50821
50851
50817
50822
50852
50818
50823
50853
50819
50824
50854
50825
50855
50821
50826
50856
50822
50827
50857
50823
50828
50858
50824
50829
50859
50825
50830
50860
50831
50861
50827
50862
50828
50863
50829
50864
50830
50865
50831
50866
50867
50833
50838
50868
50834
50839
50869
50835
50840
50870
50836
50841
50871
50837
50842
50872
50843
50873
50839
50844
50874
50840
50845
50875
50841
50846
50876
50842
50847
50877
50843
50848
50878
50849
50879
50845
50850
50880
50846
50851
50881
50847
50852
50882
50848
50853
50883
50849
50854
50884
50855
50885
50851
50856
50886
50852
50857
50887
50853
50858
50888
50854
50859
50889
50855
50860
50890
50861
50891
50857
50862
50892
50858
50863
50893
50859
50864
50894
50860
50865
50895
50861
50866
50896
50867
50897
50863
50898
50864
50899
50865
50900
50866
50901
50867
50902
50903
50869
50874
50904
50870
50875
50905
50871
50876
50906
50872
50877
50907
50873
50878
50908
50879
50909
50875
50880
50910
50876
50881
50911
50877
50882
50912
50878
50883
50913
50879
50884
50914
50885
50915
50881
50886
50916
50882
50887
50917
50883
50888
50918
50884
50889
50919
50885
50890
50920
50891
50921
50887
50892
50922
50888
50893
50923
50889
50894
50924
50890
50895
50925
50891
50896
50926
50897
50927
50893
50898
50928
50894
50899
50929
50895
50900
50930
50896
50901
50931
50897
50902
50932
50903
50933
50899
50934
50900
50935
50901
50936
50902
50937
50903
50938
50939
50905
50910
50940
50906
50911
50941
50907
50912
50942
50908
50913
50943
50909
50914
50944
50915
50945
50911
50916
50946
50912
50917
50947
50913
50918
50948
50914
50919
50949
50915
50920
50950
50921
50951
50917
50922
50952
50918
50923
50953
50919
50924
50954
50920
50925
50955
50921
50926
50956
50927
50957
50923
50928
50958
50924
50929
50959
50925
50930
50960
50926
50931
50961
50927
50932
50962
50933
50963
50929
50934
50964
50930
50935
50965
50931
50936
50966
50932
50937
50967
50933
50938
50968
50939
50969
50935
50970
50936
50971
50937
50972
50938
50973
50939
50974
50975
50941
50946
50976
50942
50947
50977
50943
50948
50978
50944
50949
50979
50945
50950
50980
50951
50981
50947
50952
50982
50948
50953
50983
50949
50954
50984
50950
50955
50985
50951
50956
50986
50957
50987
50953
50958
50988
50954
50959
50989
50955
50960
50990
50956
50961
50991
50957
50962
50992
50963
50993
50959
50964
50994
50960
50965
50995
50961
50966
50996
50962
50967
50997
50963
50968
50998
50969
50999
50965
50970
51000
50966
50971
51001
50967
50972
51002
50968
50973
51003
50969
50974
51004
50975
51005
50971
51006
50972
51007
50973
51008
50974
51009
50975
51010
51011
50977
50982
51012
50978
50983
51013
50979
50984
51014
50980
50985
51015
50981
50986
51016
50987
51017
50983
50988
51018
50984
50989
51019
50985
50990
51020
50986
50991
51021
50987
50992
51022
50993
51023
50989
50994
51024
50990
50995
51025
50991
50996
51026
50992
50997
51027
50993
50998
51028
50999
51029
50995
51000
51030
50996
51001
51031
50997
51002
51032
50998
51003
51033
50999
51004
51034
51005
51035
51001
51006
51036
51002
51007
51037
51003
51008
51038
51004
51009
51039
51005
51010
51040
51011
51041
51007
51042
51008
51043
51009
51044
51010
51045
51011
51046
51047
51013
51018
51048
51014
51019
51049
51015
51020
51050
51016
51021
51051
51017
51022
51052
51023
51053
51019
51024
51054
51020
51025
51055
51021
51026
51056
51022
51027
51057
51023
51028
51058
51029
51059
51025
51030
51060
51026
51031
51061
51027
51032
51062
51028
51033
51063
51029
51034
51064
51035
51065
51031
51036
51066
51032
51037
51067
51033
51038
51068
51034
51039
51069
51035
51040
51070
51041
51071
51037
51042
51072
51038
51043
51073
51039
51044
51074
51040
51045
51075
51041
51046
51076
51047
51077
51043
51078
51044
51079
51045
51080
51046
51081
51047
51082
51083
51049
51054
51084
51050
51055
51085
51051
51056
51086
51052
51057
51087
51053
51058
51088
51059
51089
51055
51060
51090
51056
51061
51091
51057
51062
51092
51058
51063
51093
51059
51064
51094
51065
51095
51061
51066
51096
51062
51067
51097
51063
51068
51098
51064
51069
51099
51065
51070
51100
51071
51101
51067
51072
51102
51068
51073
51103
51069
51074
51104
51070
51075
51105
51071
51076
51106
51077
51107
51073
51078
51108
51074
51079
51109
51075
51080
51110
51076
51081
51111
51077
51082
51112
51083
51113
51079
51114
51080
51115
51081
51116
51082
51117
51083
51118
51119
51085
51090
51086
51091
51087
51092
51088
51093
51089
51094
51095
51091
51096
51092
51097
51093
51098
51094
51099
51095
51100
51101
51097
51102
51098
51103
51099
51104
51100
51105
51101
51106
51107
51103
51108
51104
51109
51105
51110
51106
51111
51107
51112
51113
51109
51114
51110
51115
51111
51116
51112
51117
51113
51118
51119
51115
51116
51117
51118
51119
)


// ************************************************************************* //
